-1.000000000000000000e+00,-1.000000000000000000e+00,-1.000000000000000000e+00,-1.000000000000000000e+00,-1.000000000000000000e+00,-1.000000000000000000e+00,-1.000000000000000000e+00,-1.000000000000000000e+00,-1.000000000000000000e+00,-1.000000000000000000e+00,-1.000000000000000000e+00,-1.000000000000000000e+00,-1.000000000000000000e+00,-1.000000000000000000e+00,-1.000000000000000000e+00,-1.000000000000000000e+00,-1.000000000000000000e+00,-1.000000000000000000e+00,-1.000000000000000000e+00,-1.000000000000000000e+00,-1.000000000000000000e+00,-1.000000000000000000e+00,-1.000000000000000000e+00,-1.000000000000000000e+00,-1.000000000000000000e+00,-1.000000000000000000e+00,-1.000000000000000000e+00,-1.000000000000000000e+00,-1.000000000000000000e+00,-1.000000000000000000e+00,-1.000000000000000000e+00,-1.000000000000000000e+00,-1.000000000000000000e+00,-1.000000000000000000e+00,-1.000000000000000000e+00,-1.000000000000000000e+00,-1.000000000000000000e+00,-1.000000000000000000e+00,-1.000000000000000000e+00,-1.000000000000000000e+00,-1.000000000000000000e+00,-1.000000000000000000e+00,-1.000000000000000000e+00,-1.000000000000000000e+00,-1.000000000000000000e+00,-1.000000000000000000e+00,-1.204624307284112072e+00,-1.204652136359523285e+00,-1.204735455054999571e+00,-1.204873615869047399e+00,-1.205064962885951996e+00,-1.205305585382920652e+00,-1.205586574762461893e+00,-1.205888313280417012e+00,-1.206169057729211014e+00,-1.206343077863163193e+00,-1.206240648110942004e+00,-1.205538302040860099e+00,-1.203643558714552197e+00,-1.199515573864543105e+00,-1.191405540464377300e+00,-1.176514635335260905e+00,-1.150602754459318700e+00,-1.107650846164004443e+00,-1.039795053545033987e+00,-9.379130070511003670e-01,-7.934222735385411118e-01,-6.019581408608426498e-01,-3.694294322010019949e-01,-1.200406358846339838e-01,9.709946410171754749e-02,2.154938201314693380e-01,2.154938204055667494e-01,9.709946485919052073e-02,-1.200406348298785897e-01,-3.694294310681672799e-01,-6.019581398475402079e-01,-7.934222727959381327e-01,-9.379130066802304766e-01,-1.039795053504713351e+00,-1.107650846332170147e+00,-1.150602754753056178e+00,-1.176514635717605506e+00,-1.191405540908154981e+00,-1.199515574307343568e+00,-1.203643559015195041e+00,-1.205538302042129306e+00,-1.206240647580837599e+00,-1.206343076783799262e+00,-1.206169056259750461e+00,-1.205888311412304681e+00,-1.205586572317429050e+00,-1.205305582218962446e+00,-1.205064958475076331e+00,-1.204873610237173098e+00,-1.204735450108852080e+00,-1.204652131397987436e+00,-1.204624302086529486e+00,-1.000000000000000000e+00,-1.000000000000000000e+00,-1.000000000000000000e+00,-1.000000000000000000e+00,-1.000000000000000000e+00,-1.000000000000000000e+00,-1.000000000000000000e+00,-1.000000000000000000e+00,-1.000000000000000000e+00,-1.000000000000000000e+00,-1.000000000000000000e+00,-1.000000000000000000e+00,-1.000000000000000000e+00,-1.000000000000000000e+00,-1.000000000000000000e+00,-1.000000000000000000e+00,-1.000000000000000000e+00,-1.000000000000000000e+00,-1.000000000000000000e+00,-1.000000000000000000e+00,-1.000000000000000000e+00,-1.000000000000000000e+00,-1.000000000000000000e+00,-1.000000000000000000e+00,-1.000000000000000000e+00,-1.000000000000000000e+00,-1.000000000000000000e+00,-1.000000000000000000e+00,-1.000000000000000000e+00,-1.000000000000000000e+00,-1.000000000000000000e+00,-1.000000000000000000e+00,-1.000000000000000000e+00,-1.000000000000000000e+00,-1.000000000000000000e+00,-1.000000000000000000e+00,-1.000000000000000000e+00,-1.000000000000000000e+00,-1.000000000000000000e+00,-1.000000000000000000e+00,-1.000000000000000000e+00,-1.000000000000000000e+00,-1.000000000000000000e+00,-1.000000000000000000e+00,-1.000000000000000000e+00,-1.000000000000000000e+00
-1.000000000000000000e+00,-1.000000000000000000e+00,-1.000000000000000000e+00,-1.000000000000000000e+00,-1.000000000000000000e+00,-1.000000000000000000e+00,-1.000000000000000000e+00,-1.000000000000000000e+00,-1.000000000000000000e+00,-1.000000000000000000e+00,-1.000000000000000000e+00,-1.000000000000000000e+00,-1.000000000000000000e+00,-1.000000000000000000e+00,-1.000000000000000000e+00,-1.000000000000000000e+00,-1.000000000000000000e+00,-1.000000000000000000e+00,-1.000000000000000000e+00,-1.000000000000000000e+00,-1.000000000000000000e+00,-1.000000000000000000e+00,-1.000000000000000000e+00,-1.000000000000000000e+00,-1.000000000000000000e+00,-1.000000000000000000e+00,-1.000000000000000000e+00,-1.000000000000000000e+00,-1.000000000000000000e+00,-1.000000000000000000e+00,-1.000000000000000000e+00,-1.000000000000000000e+00,-1.000000000000000000e+00,-1.000000000000000000e+00,-1.000000000000000000e+00,-1.000000000000000000e+00,-1.000000000000000000e+00,-1.000000000000000000e+00,-1.000000000000000000e+00,-1.000000000000000000e+00,-1.000000000000000000e+00,-1.000000000000000000e+00,-1.000000000000000000e+00,-1.000000000000000000e+00,-1.000000000000000000e+00,-1.000000000000000000e+00,-1.204627924606697542e+00,-1.204655753724022560e+00,-1.204739072099027197e+00,-1.204877232776233598e+00,-1.205068579951119379e+00,-1.205309202699070603e+00,-1.205590192347171463e+00,-1.205891931221218183e+00,-1.206172676347462058e+00,-1.206346697986251604e+00,-1.206244271536714763e+00,-1.205541932306764652e+00,-1.203647202562718954e+00,-1.199519243700730042e+00,-1.191409258245005764e+00,-1.176518438231198616e+00,-1.150606702518618629e+00,-1.107655031469506834e+00,-1.039799609113997825e+00,-9.379181117470991591e-01,-7.934281463501741127e-01,-6.019650151823801032e-01,-3.694375001605080255e-01,-1.200499580173675085e-01,9.708906890812118995e-02,2.154828358664788723e-01,2.154828361740881437e-01,9.708906973936182183e-02,-1.200499568926489680e-01,-3.694374989648696594e-01,-6.019650140961837481e-01,-7.934281455146553474e-01,-9.379181112676150400e-01,-1.039799608949977694e+00,-1.107655031510246690e+00,-1.150606702683726779e+00,-1.176518438466751526e+00,-1.191409258532094562e+00,-1.199519243995199380e+00,-1.203647202742091693e+00,-1.205541932278485495e+00,-1.206244271081677422e+00,-1.206346696971176913e+00,-1.206172674820796376e+00,-1.205891929188425360e+00,-1.205590189743890983e+00,-1.205309199692681688e+00,-1.205068576193312202e+00,-1.204877227852109600e+00,-1.204739067332655011e+00,-1.204655748452013730e+00,-1.204627919108335110e+00,-1.000000000000000000e+00,-1.000000000000000000e+00,-1.000000000000000000e+00,-1.000000000000000000e+00,-1.000000000000000000e+00,-1.000000000000000000e+00,-1.000000000000000000e+00,-1.000000000000000000e+00,-1.000000000000000000e+00,-1.000000000000000000e+00,-1.000000000000000000e+00,-1.000000000000000000e+00,-1.000000000000000000e+00,-1.000000000000000000e+00,-1.000000000000000000e+00,-1.000000000000000000e+00,-1.000000000000000000e+00,-1.000000000000000000e+00,-1.000000000000000000e+00,-1.000000000000000000e+00,-1.000000000000000000e+00,-1.000000000000000000e+00,-1.000000000000000000e+00,-1.000000000000000000e+00,-1.000000000000000000e+00,-1.000000000000000000e+00,-1.000000000000000000e+00,-1.000000000000000000e+00,-1.000000000000000000e+00,-1.000000000000000000e+00,-1.000000000000000000e+00,-1.000000000000000000e+00,-1.000000000000000000e+00,-1.000000000000000000e+00,-1.000000000000000000e+00,-1.000000000000000000e+00,-1.000000000000000000e+00,-1.000000000000000000e+00,-1.000000000000000000e+00,-1.000000000000000000e+00,-1.000000000000000000e+00,-1.000000000000000000e+00,-1.000000000000000000e+00,-1.000000000000000000e+00,-1.000000000000000000e+00,-1.000000000000000000e+00
-1.000000000000000000e+00,-1.000000000000000000e+00,-1.000000000000000000e+00,-1.000000000000000000e+00,-1.000000000000000000e+00,-1.000000000000000000e+00,-1.000000000000000000e+00,-1.000000000000000000e+00,-1.000000000000000000e+00,-1.000000000000000000e+00,-1.000000000000000000e+00,-1.000000000000000000e+00,-1.000000000000000000e+00,-1.000000000000000000e+00,-1.000000000000000000e+00,-1.000000000000000000e+00,-1.000000000000000000e+00,-1.000000000000000000e+00,-1.000000000000000000e+00,-1.000000000000000000e+00,-1.000000000000000000e+00,-1.000000000000000000e+00,-1.000000000000000000e+00,-1.000000000000000000e+00,-1.000000000000000000e+00,-1.000000000000000000e+00,-1.000000000000000000e+00,-1.000000000000000000e+00,-1.000000000000000000e+00,-1.000000000000000000e+00,-1.000000000000000000e+00,-1.000000000000000000e+00,-1.000000000000000000e+00,-1.000000000000000000e+00,-1.000000000000000000e+00,-1.000000000000000000e+00,-1.000000000000000000e+00,-1.000000000000000000e+00,-1.000000000000000000e+00,-1.000000000000000000e+00,-1.000000000000000000e+00,-1.000000000000000000e+00,-1.000000000000000000e+00,-1.000000000000000000e+00,-1.000000000000000000e+00,-1.000000000000000000e+00,-1.204638774479708463e+00,-1.204666603954366089e+00,-1.204749922373121285e+00,-1.204888082911338643e+00,-1.205079430086540171e+00,-1.205320053060822350e+00,-1.205601043244958426e+00,-1.205902783225295760e+00,-1.206183530601319109e+00,-1.206357556958771671e+00,-1.206255140502481504e+00,-1.205552821817442277e+00,-1.203658132823472116e+00,-1.199530251928743407e+00,-1.191420410316739842e+00,-1.176529845685425624e+00,-1.150618545491806977e+00,-1.107667586177859986e+00,-1.039813274612499061e+00,-9.379334246260578878e-01,-7.934457635721533508e-01,-6.019856369675289365e-01,-3.694617029291780153e-01,-1.200779233631855680e-01,9.705788435490836363e-02,2.154498840282677019e-01,2.154498843083212378e-01,9.705788508008317272e-02,-1.200779224545033275e-01,-3.694617020296918630e-01,-6.019856361718168847e-01,-7.934457629326527872e-01,-9.379334242102046471e-01,-1.039813274390351650e+00,-1.107667586085199662e+00,-1.150618545458713005e+00,-1.176529845630672311e+00,-1.191420410244673267e+00,-1.199530251842578554e+00,-1.203658132632440481e+00,-1.205552821551355347e+00,-1.206255140078780652e+00,-1.206357556191130831e+00,-1.206183529407181432e+00,-1.205902781533970014e+00,-1.205601040767981136e+00,-1.205320049996663645e+00,-1.205079426555647926e+00,-1.204888078425247810e+00,-1.204749917726075648e+00,-1.204666598697164526e+00,-1.204638769371942475e+00,-1.000000000000000000e+00,-1.000000000000000000e+00,-1.000000000000000000e+00,-1.000000000000000000e+00,-1.000000000000000000e+00,-1.000000000000000000e+00,-1.000000000000000000e+00,-1.000000000000000000e+00,-1.000000000000000000e+00,-1.000000000000000000e+00,-1.000000000000000000e+00,-1.000000000000000000e+00,-1.000000000000000000e+00,-1.000000000000000000e+00,-1.000000000000000000e+00,-1.000000000000000000e+00,-1.000000000000000000e+00,-1.000000000000000000e+00,-1.000000000000000000e+00,-1.000000000000000000e+00,-1.000000000000000000e+00,-1.000000000000000000e+00,-1.000000000000000000e+00,-1.000000000000000000e+00,-1.000000000000000000e+00,-1.000000000000000000e+00,-1.000000000000000000e+00,-1.000000000000000000e+00,-1.000000000000000000e+00,-1.000000000000000000e+00,-1.000000000000000000e+00,-1.000000000000000000e+00,-1.000000000000000000e+00,-1.000000000000000000e+00,-1.000000000000000000e+00,-1.000000000000000000e+00,-1.000000000000000000e+00,-1.000000000000000000e+00,-1.000000000000000000e+00,-1.000000000000000000e+00,-1.000000000000000000e+00,-1.000000000000000000e+00,-1.000000000000000000e+00,-1.000000000000000000e+00,-1.000000000000000000e+00,-1.000000000000000000e+00
-1.000000000000000000e+00,-1.000000000000000000e+00,-1.000000000000000000e+00,-1.000000000000000000e+00,-1.000000000000000000e+00,-1.000000000000000000e+00,-1.000000000000000000e+00,-1.000000000000000000e+00,-1.000000000000000000e+00,-1.000000000000000000e+00,-1.000000000000000000e+00,-1.000000000000000000e+00,-1.000000000000000000e+00,-1.000000000000000000e+00,-1.000000000000000000e+00,-1.000000000000000000e+00,-1.000000000000000000e+00,-1.000000000000000000e+00,-1.000000000000000000e+00,-1.000000000000000000e+00,-1.000000000000000000e+00,-1.000000000000000000e+00,-1.000000000000000000e+00,-1.000000000000000000e+00,-1.000000000000000000e+00,-1.000000000000000000e+00,-1.000000000000000000e+00,-1.000000000000000000e+00,-1.000000000000000000e+00,-1.000000000000000000e+00,-1.000000000000000000e+00,-1.000000000000000000e+00,-1.000000000000000000e+00,-1.000000000000000000e+00,-1.000000000000000000e+00,-1.000000000000000000e+00,-1.000000000000000000e+00,-1.000000000000000000e+00,-1.000000000000000000e+00,-1.000000000000000000e+00,-1.000000000000000000e+00,-1.000000000000000000e+00,-1.000000000000000000e+00,-1.000000000000000000e+00,-1.000000000000000000e+00,-1.000000000000000000e+00,-1.204656851749295932e+00,-1.204684681437514060e+00,-1.204768000268879646e+00,-1.204906161080379956e+00,-1.205097508619326074e+00,-1.205338132147855346e+00,-1.205619123242016366e+00,-1.205920865016897991e+00,-1.206201616149451983e+00,-1.206375650444350578e+00,-1.206273250657401208e+00,-1.205570966180682380e+00,-1.203676345093781741e+00,-1.199548594232536347e+00,-1.191438992534020747e+00,-1.176548853778112580e+00,-1.150638279678651621e+00,-1.107688506754067159e+00,-1.039836046670586267e+00,-9.379589425360397303e-01,-7.934751222978347895e-01,-6.020200035120164550e-01,-3.695020378815838669e-01,-1.201245292386992070e-01,9.700591324210838806e-02,2.153949674353914379e-01,2.153949675882196324e-01,9.700591363666943856e-02,-1.201245287575936072e-01,-3.695020374146540387e-01,-6.020200030703317662e-01,-7.934751218769310332e-01,-9.379589421905819568e-01,-1.039836046409513326e+00,-1.107688506582922505e+00,-1.150638279571914557e+00,-1.176548853660975169e+00,-1.191438992410105646e+00,-1.199548594134771218e+00,-1.203676344929269337e+00,-1.205570965946411333e+00,-1.206273250336252545e+00,-1.206375649926480609e+00,-1.206201615424333573e+00,-1.205920864174844453e+00,-1.205619121832888441e+00,-1.205338129835444416e+00,-1.205097505513239797e+00,-1.204906157099272512e+00,-1.204767996289006771e+00,-1.204684677182442876e+00,-1.204656847928485597e+00,-1.000000000000000000e+00,-1.000000000000000000e+00,-1.000000000000000000e+00,-1.000000000000000000e+00,-1.000000000000000000e+00,-1.000000000000000000e+00,-1.000000000000000000e+00,-1.000000000000000000e+00,-1.000000000000000000e+00,-1.000000000000000000e+00,-1.000000000000000000e+00,-1.000000000000000000e+00,-1.000000000000000000e+00,-1.000000000000000000e+00,-1.000000000000000000e+00,-1.000000000000000000e+00,-1.000000000000000000e+00,-1.000000000000000000e+00,-1.000000000000000000e+00,-1.000000000000000000e+00,-1.000000000000000000e+00,-1.000000000000000000e+00,-1.000000000000000000e+00,-1.000000000000000000e+00,-1.000000000000000000e+00,-1.000000000000000000e+00,-1.000000000000000000e+00,-1.000000000000000000e+00,-1.000000000000000000e+00,-1.000000000000000000e+00,-1.000000000000000000e+00,-1.000000000000000000e+00,-1.000000000000000000e+00,-1.000000000000000000e+00,-1.000000000000000000e+00,-1.000000000000000000e+00,-1.000000000000000000e+00,-1.000000000000000000e+00,-1.000000000000000000e+00,-1.000000000000000000e+00,-1.000000000000000000e+00,-1.000000000000000000e+00,-1.000000000000000000e+00,-1.000000000000000000e+00,-1.000000000000000000e+00,-1.000000000000000000e+00
-1.000000000000000000e+00,-1.000000000000000000e+00,-1.000000000000000000e+00,-1.000000000000000000e+00,-1.000000000000000000e+00,-1.000000000000000000e+00,-1.000000000000000000e+00,-1.000000000000000000e+00,-1.000000000000000000e+00,-1.000000000000000000e+00,-1.000000000000000000e+00,-1.000000000000000000e+00,-1.000000000000000000e+00,-1.000000000000000000e+00,-1.000000000000000000e+00,-1.000000000000000000e+00,-1.000000000000000000e+00,-1.000000000000000000e+00,-1.000000000000000000e+00,-1.000000000000000000e+00,-1.000000000000000000e+00,-1.000000000000000000e+00,-1.000000000000000000e+00,-1.000000000000000000e+00,-1.000000000000000000e+00,-1.000000000000000000e+00,-1.000000000000000000e+00,-1.000000000000000000e+00,-1.000000000000000000e+00,-1.000000000000000000e+00,-1.000000000000000000e+00,-1.000000000000000000e+00,-1.000000000000000000e+00,-1.000000000000000000e+00,-1.000000000000000000e+00,-1.000000000000000000e+00,-1.000000000000000000e+00,-1.000000000000000000e+00,-1.000000000000000000e+00,-1.000000000000000000e+00,-1.000000000000000000e+00,-1.000000000000000000e+00,-1.000000000000000000e+00,-1.000000000000000000e+00,-1.000000000000000000e+00,-1.000000000000000000e+00,-1.204682150861576595e+00,-1.204709980630734201e+00,-1.204793299899804548e+00,-1.204931461033866613e+00,-1.205122809073346124e+00,-1.205363433426587028e+00,-1.205644425895184169e+00,-1.205946170246783966e+00,-1.206226926671587485e+00,-1.206400972162819274e+00,-1.206298595820082475e+00,-1.205596359333538370e+00,-1.203701833420829814e+00,-1.199574264773543231e+00,-1.191464999171564898e+00,-1.176575456886749693e+00,-1.150665899587323349e+00,-1.107717787869715531e+00,-1.039867920147860447e+00,-9.379946605786875224e-01,-7.935162179122763337e-01,-6.020681104455665178e-01,-3.695585007567017133e-01,-1.201897713364090681e-01,9.693316000292084844e-02,2.153180905906835196e-01,2.153180905607781082e-01,9.693315992741080578e-02,-1.201897714403200590e-01,-3.695585008596381504e-01,-6.020681104768486058e-01,-7.935162178284065337e-01,-9.379946604011362155e-01,-1.039867919890478110e+00,-1.107717787599933112e+00,-1.150665899393799929e+00,-1.176575456785740492e+00,-1.191464999137943570e+00,-1.199574264840167714e+00,-1.203701833561928947e+00,-1.205596359522234984e+00,-1.206298596014360847e+00,-1.206400972201771005e+00,-1.206226926348220374e+00,-1.205946169640504495e+00,-1.205644424929245506e+00,-1.205363431806220520e+00,-1.205122806583406314e+00,-1.204931457543253259e+00,-1.204793296385099799e+00,-1.204709977077397465e+00,-1.204682147738963760e+00,-1.000000000000000000e+00,-1.000000000000000000e+00,-1.000000000000000000e+00,-1.000000000000000000e+00,-1.000000000000000000e+00,-1.000000000000000000e+00,-1.000000000000000000e+00,-1.000000000000000000e+00,-1.000000000000000000e+00,-1.000000000000000000e+00,-1.000000000000000000e+00,-1.000000000000000000e+00,-1.000000000000000000e+00,-1.000000000000000000e+00,-1.000000000000000000e+00,-1.000000000000000000e+00,-1.000000000000000000e+00,-1.000000000000000000e+00,-1.000000000000000000e+00,-1.000000000000000000e+00,-1.000000000000000000e+00,-1.000000000000000000e+00,-1.000000000000000000e+00,-1.000000000000000000e+00,-1.000000000000000000e+00,-1.000000000000000000e+00,-1.000000000000000000e+00,-1.000000000000000000e+00,-1.000000000000000000e+00,-1.000000000000000000e+00,-1.000000000000000000e+00,-1.000000000000000000e+00,-1.000000000000000000e+00,-1.000000000000000000e+00,-1.000000000000000000e+00,-1.000000000000000000e+00,-1.000000000000000000e+00,-1.000000000000000000e+00,-1.000000000000000000e+00,-1.000000000000000000e+00,-1.000000000000000000e+00,-1.000000000000000000e+00,-1.000000000000000000e+00,-1.000000000000000000e+00,-1.000000000000000000e+00,-1.000000000000000000e+00
-1.000000000000000000e+00,-1.000000000000000000e+00,-1.000000000000000000e+00,-1.000000000000000000e+00,-1.000000000000000000e+00,-1.000000000000000000e+00,-1.000000000000000000e+00,-1.000000000000000000e+00,-1.000000000000000000e+00,-1.000000000000000000e+00,-1.000000000000000000e+00,-1.000000000000000000e+00,-1.000000000000000000e+00,-1.000000000000000000e+00,-1.000000000000000000e+00,-1.000000000000000000e+00,-1.000000000000000000e+00,-1.000000000000000000e+00,-1.000000000000000000e+00,-1.000000000000000000e+00,-1.000000000000000000e+00,-1.000000000000000000e+00,-1.000000000000000000e+00,-1.000000000000000000e+00,-1.000000000000000000e+00,-1.000000000000000000e+00,-1.000000000000000000e+00,-1.000000000000000000e+00,-1.000000000000000000e+00,-1.000000000000000000e+00,-1.000000000000000000e+00,-1.000000000000000000e+00,-1.000000000000000000e+00,-1.000000000000000000e+00,-1.000000000000000000e+00,-1.000000000000000000e+00,-1.000000000000000000e+00,-1.000000000000000000e+00,-1.000000000000000000e+00,-1.000000000000000000e+00,-1.000000000000000000e+00,-1.000000000000000000e+00,-1.000000000000000000e+00,-1.000000000000000000e+00,-1.000000000000000000e+00,-1.000000000000000000e+00,-1.204714661075186655e+00,-1.204742490943064848e+00,-1.204825810761446014e+00,-1.204963972419240470e+00,-1.205155321256384582e+00,-1.205395946791830264e+00,-1.205676941187367124e+00,-1.205978689056164566e+00,-1.206259452461637238e+00,-1.206433512497977922e+00,-1.206331166463270099e+00,-1.205628991889478252e+00,-1.203734588608445621e+00,-1.199607254572159887e+00,-1.191498421478847325e+00,-1.176609646476155735e+00,-1.150701396940491339e+00,-1.107755421639791571e+00,-1.039908887677220894e+00,-9.380405719411724075e-01,-7.935690440776523857e-01,-6.021299517505342980e-01,-3.696310856712723414e-01,-1.202736437112660317e-01,9.683963077184420953e-02,2.152192597754953862e-01,2.152192596378725842e-01,9.683963041756937784e-02,-1.202736441461016437e-01,-3.696310860587013192e-01,-6.021299519730385352e-01,-7.935690441017304586e-01,-9.380405717942447152e-01,-1.039908887378678370e+00,-1.107755421245662397e+00,-1.150701396574617563e+00,-1.176609646243603535e+00,-1.191498421349473036e+00,-1.199607254537304213e+00,-1.203734588663043725e+00,-1.205628992015636447e+00,-1.206331166680912004e+00,-1.206433512813665621e+00,-1.206259452635563445e+00,-1.205978688796590426e+00,-1.205676940374142081e+00,-1.205395945389150292e+00,-1.205155319088238475e+00,-1.204963969343729069e+00,-1.204825807741217281e+00,-1.204742488219253449e+00,-1.204714658657079163e+00,-1.000000000000000000e+00,-1.000000000000000000e+00,-1.000000000000000000e+00,-1.000000000000000000e+00,-1.000000000000000000e+00,-1.000000000000000000e+00,-1.000000000000000000e+00,-1.000000000000000000e+00,-1.000000000000000000e+00,-1.000000000000000000e+00,-1.000000000000000000e+00,-1.000000000000000000e+00,-1.000000000000000000e+00,-1.000000000000000000e+00,-1.000000000000000000e+00,-1.000000000000000000e+00,-1.000000000000000000e+00,-1.000000000000000000e+00,-1.000000000000000000e+00,-1.000000000000000000e+00,-1.000000000000000000e+00,-1.000000000000000000e+00,-1.000000000000000000e+00,-1.000000000000000000e+00,-1.000000000000000000e+00,-1.000000000000000000e+00,-1.000000000000000000e+00,-1.000000000000000000e+00,-1.000000000000000000e+00,-1.000000000000000000e+00,-1.000000000000000000e+00,-1.000000000000000000e+00,-1.000000000000000000e+00,-1.000000000000000000e+00,-1.000000000000000000e+00,-1.000000000000000000e+00,-1.000000000000000000e+00,-1.000000000000000000e+00,-1.000000000000000000e+00,-1.000000000000000000e+00,-1.000000000000000000e+00,-1.000000000000000000e+00,-1.000000000000000000e+00,-1.000000000000000000e+00,-1.000000000000000000e+00,-1.000000000000000000e+00
-1.000000000000000000e+00,-1.000000000000000000e+00,-1.000000000000000000e+00,-1.000000000000000000e+00,-1.000000000000000000e+00,-1.000000000000000000e+00,-1.000000000000000000e+00,-1.000000000000000000e+00,-1.000000000000000000e+00,-1.000000000000000000e+00,-1.000000000000000000e+00,-1.000000000000000000e+00,-1.000000000000000000e+00,-1.000000000000000000e+00,-1.000000000000000000e+00,-1.000000000000000000e+00,-1.000000000000000000e+00,-1.000000000000000000e+00,-1.000000000000000000e+00,-1.000000000000000000e+00,-1.000000000000000000e+00,-1.000000000000000000e+00,-1.000000000000000000e+00,-1.000000000000000000e+00,-1.000000000000000000e+00,-1.000000000000000000e+00,-1.000000000000000000e+00,-1.000000000000000000e+00,-1.000000000000000000e+00,-1.000000000000000000e+00,-1.000000000000000000e+00,-1.000000000000000000e+00,-1.000000000000000000e+00,-1.000000000000000000e+00,-1.000000000000000000e+00,-1.000000000000000000e+00,-1.000000000000000000e+00,-1.000000000000000000e+00,-1.000000000000000000e+00,-1.000000000000000000e+00,-1.000000000000000000e+00,-1.000000000000000000e+00,-1.000000000000000000e+00,-1.000000000000000000e+00,-1.000000000000000000e+00,-1.000000000000000000e+00,-1.204754369696815930e+00,-1.204782199683342769e+00,-1.204865520174236648e+00,-1.205003682587844072e+00,-1.205195032619847062e+00,-1.205435659819394711e+00,-1.205716656770334572e+00,-1.206018409176181860e+00,-1.206299181392640252e+00,-1.206473259487656824e+00,-1.206370950788310470e+00,-1.205668852216478903e+00,-1.203774599194771699e+00,-1.199647552316941201e+00,-1.191539248308472132e+00,-1.176651411601052022e+00,-1.150744761025266794e+00,-1.107801397636970053e+00,-1.039958939179396635e+00,-9.380966669239151345e-01,-7.936335914409027303e-01,-6.022055183098563580e-01,-3.697197835497636476e-01,-1.203761370558872335e-01,9.672533525218174333e-02,2.150984848676840144e-01,2.150984846532058015e-01,9.672533469182664767e-02,-1.203761377387347897e-01,-3.697197841421084874e-01,-6.022055186502448532e-01,-7.936335915075030112e-01,-9.380966667867605135e-01,-1.039958938908434050e+00,-1.107801397252834219e+00,-1.150744760591434268e+00,-1.176651411262571223e+00,-1.191539248118182348e+00,-1.199647552289297536e+00,-1.203774599297364523e+00,-1.205668852359090604e+00,-1.206370950841054501e+00,-1.206473259479218907e+00,-1.206299181417486377e+00,-1.206018409030120031e+00,-1.205716656119709906e+00,-1.205435658549126599e+00,-1.205195030598786410e+00,-1.205003679761739388e+00,-1.204865517429437372e+00,-1.204782197633684770e+00,-1.204754367783688274e+00,-1.000000000000000000e+00,-1.000000000000000000e+00,-1.000000000000000000e+00,-1.000000000000000000e+00,-1.000000000000000000e+00,-1.000000000000000000e+00,-1.000000000000000000e+00,-1.000000000000000000e+00,-1.000000000000000000e+00,-1.000000000000000000e+00,-1.000000000000000000e+00,-1.000000000000000000e+00,-1.000000000000000000e+00,-1.000000000000000000e+00,-1.000000000000000000e+00,-1.000000000000000000e+00,-1.000000000000000000e+00,-1.000000000000000000e+00,-1.000000000000000000e+00,-1.000000000000000000e+00,-1.000000000000000000e+00,-1.000000000000000000e+00,-1.000000000000000000e+00,-1.000000000000000000e+00,-1.000000000000000000e+00,-1.000000000000000000e+00,-1.000000000000000000e+00,-1.000000000000000000e+00,-1.000000000000000000e+00,-1.000000000000000000e+00,-1.000000000000000000e+00,-1.000000000000000000e+00,-1.000000000000000000e+00,-1.000000000000000000e+00,-1.000000000000000000e+00,-1.000000000000000000e+00,-1.000000000000000000e+00,-1.000000000000000000e+00,-1.000000000000000000e+00,-1.000000000000000000e+00,-1.000000000000000000e+00,-1.000000000000000000e+00,-1.000000000000000000e+00,-1.000000000000000000e+00,-1.000000000000000000e+00,-1.000000000000000000e+00
-1.000000000000000000e+00,-1.000000000000000000e+00,-1.000000000000000000e+00,-1.000000000000000000e+00,-1.000000000000000000e+00,-1.000000000000000000e+00,-1.000000000000000000e+00,-1.000000000000000000e+00,-1.000000000000000000e+00,-1.000000000000000000e+00,-1.000000000000000000e+00,-1.000000000000000000e+00,-1.000000000000000000e+00,-1.000000000000000000e+00,-1.000000000000000000e+00,-1.000000000000000000e+00,-1.000000000000000000e+00,-1.000000000000000000e+00,-1.000000000000000000e+00,-1.000000000000000000e+00,-1.000000000000000000e+00,-1.000000000000000000e+00,-1.000000000000000000e+00,-1.000000000000000000e+00,-1.000000000000000000e+00,-1.000000000000000000e+00,-1.000000000000000000e+00,-1.000000000000000000e+00,-1.000000000000000000e+00,-1.000000000000000000e+00,-1.000000000000000000e+00,-1.000000000000000000e+00,-1.000000000000000000e+00,-1.000000000000000000e+00,-1.000000000000000000e+00,-1.000000000000000000e+00,-1.000000000000000000e+00,-1.000000000000000000e+00,-1.000000000000000000e+00,-1.000000000000000000e+00,-1.000000000000000000e+00,-1.000000000000000000e+00,-1.000000000000000000e+00,-1.000000000000000000e+00,-1.000000000000000000e+00,-1.000000000000000000e+00,-1.204801260291203047e+00,-1.204829090423398252e+00,-1.204912411725373778e+00,-1.205050575147893710e+00,-1.205241926774740957e+00,-1.205482556217083445e+00,-1.205763556515022428e+00,-1.206065314633613328e+00,-1.206346097667278183e+00,-1.206520197555199347e+00,-1.206417933479819959e+00,-1.205715925280374190e+00,-1.203821850449206421e+00,-1.199695143575262080e+00,-1.191587465547631286e+00,-1.176700738589583128e+00,-1.150795978771172567e+00,-1.107855703509152745e+00,-1.040018063054138908e+00,-9.381629346627289312e-01,-7.937098498389383305e-01,-6.022948005341539623e-01,-3.698245850913547406e-01,-1.204972419523995253e-01,9.659028326039775791e-02,2.149557759391738099e-01,2.149557757507214450e-01,9.659028276011061287e-02,-1.204972425676161807e-01,-3.698245856296373812e-01,-6.022948008369106709e-01,-7.937098498627529475e-01,-9.381629344769806256e-01,-1.040018062777490426e+00,-1.107855703181247264e+00,-1.150795978407426645e+00,-1.176700738273801061e+00,-1.191587465328180606e+00,-1.199695143473812786e+00,-1.203821850464092513e+00,-1.205715925442067959e+00,-1.206417933634311268e+00,-1.206520197505370984e+00,-1.206346097519670924e+00,-1.206065314430329494e+00,-1.205763555993723646e+00,-1.205482555263781119e+00,-1.205241925241361312e+00,-1.205050572915441265e+00,-1.204912409450364263e+00,-1.204829089203391712e+00,-1.204801259160561022e+00,-1.000000000000000000e+00,-1.000000000000000000e+00,-1.000000000000000000e+00,-1.000000000000000000e+00,-1.000000000000000000e+00,-1.000000000000000000e+00,-1.000000000000000000e+00,-1.000000000000000000e+00,-1.000000000000000000e+00,-1.000000000000000000e+00,-1.000000000000000000e+00,-1.000000000000000000e+00,-1.000000000000000000e+00,-1.000000000000000000e+00,-1.000000000000000000e+00,-1.000000000000000000e+00,-1.000000000000000000e+00,-1.000000000000000000e+00,-1.000000000000000000e+00,-1.000000000000000000e+00,-1.000000000000000000e+00,-1.000000000000000000e+00,-1.000000000000000000e+00,-1.000000000000000000e+00,-1.000000000000000000e+00,-1.000000000000000000e+00,-1.000000000000000000e+00,-1.000000000000000000e+00,-1.000000000000000000e+00,-1.000000000000000000e+00,-1.000000000000000000e+00,-1.000000000000000000e+00,-1.000000000000000000e+00,-1.000000000000000000e+00,-1.000000000000000000e+00,-1.000000000000000000e+00,-1.000000000000000000e+00,-1.000000000000000000e+00,-1.000000000000000000e+00,-1.000000000000000000e+00,-1.000000000000000000e+00,-1.000000000000000000e+00,-1.000000000000000000e+00,-1.000000000000000000e+00,-1.000000000000000000e+00,-1.000000000000000000e+00
-1.000000000000000000e+00,-1.000000000000000000e+00,-1.000000000000000000e+00,-1.000000000000000000e+00,-1.000000000000000000e+00,-1.000000000000000000e+00,-1.000000000000000000e+00,-1.000000000000000000e+00,-1.000000000000000000e+00,-1.000000000000000000e+00,-1.000000000000000000e+00,-1.000000000000000000e+00,-1.000000000000000000e+00,-1.000000000000000000e+00,-1.000000000000000000e+00,-1.000000000000000000e+00,-1.000000000000000000e+00,-1.000000000000000000e+00,-1.000000000000000000e+00,-1.000000000000000000e+00,-1.000000000000000000e+00,-1.000000000000000000e+00,-1.000000000000000000e+00,-1.000000000000000000e+00,-1.000000000000000000e+00,-1.000000000000000000e+00,-1.000000000000000000e+00,-1.000000000000000000e+00,-1.000000000000000000e+00,-1.000000000000000000e+00,-1.000000000000000000e+00,-1.000000000000000000e+00,-1.000000000000000000e+00,-1.000000000000000000e+00,-1.000000000000000000e+00,-1.000000000000000000e+00,-1.000000000000000000e+00,-1.000000000000000000e+00,-1.000000000000000000e+00,-1.000000000000000000e+00,-1.000000000000000000e+00,-1.000000000000000000e+00,-1.000000000000000000e+00,-1.000000000000000000e+00,-1.000000000000000000e+00,-1.000000000000000000e+00,-1.204855313891781021e+00,-1.204883144257159033e+00,-1.204966466645805756e+00,-1.205104631536947357e+00,-1.205295985312297535e+00,-1.205536617718142578e+00,-1.205817622344597329e+00,-1.206119387562086587e+00,-1.206400183631070488e+00,-1.206574309268177547e+00,-1.206472097351728001e+00,-1.205770194142097518e+00,-1.203876325698855165e+00,-1.199750011988877985e+00,-1.191643057187317778e+00,-1.176757611817960569e+00,-1.150855034985662328e+00,-1.107918324553030187e+00,-1.040086245161183420e+00,-9.382393616490245503e-01,-7.937978064081286922e-01,-6.023977860514126981e-01,-3.699454780735617065e-01,-1.206369459350096207e-01,9.643448769428286660e-02,2.147911460297420305e-01,2.147911458947773244e-01,9.643448732315240690e-02,-1.206369464204929409e-01,-3.699454785492658493e-01,-6.023977863930007892e-01,-7.937978065518125348e-01,-9.382393616301818451e-01,-1.040086245083961192e+00,-1.107918324467974003e+00,-1.150855034896893780e+00,-1.176757611738358689e+00,-1.191643057119146309e+00,-1.199750011923148119e+00,-1.203876325572829531e+00,-1.205770194026872355e+00,-1.206472097270638866e+00,-1.206574309097069531e+00,-1.206400183380385904e+00,-1.206119387300690127e+00,-1.205817621816185570e+00,-1.205536616849655074e+00,-1.205295984052918934e+00,-1.205104629747218770e+00,-1.204966464680709892e+00,-1.204883143530823375e+00,-1.204855313312660492e+00,-1.000000000000000000e+00,-1.000000000000000000e+00,-1.000000000000000000e+00,-1.000000000000000000e+00,-1.000000000000000000e+00,-1.000000000000000000e+00,-1.000000000000000000e+00,-1.000000000000000000e+00,-1.000000000000000000e+00,-1.000000000000000000e+00,-1.000000000000000000e+00,-1.000000000000000000e+00,-1.000000000000000000e+00,-1.000000000000000000e+00,-1.000000000000000000e+00,-1.000000000000000000e+00,-1.000000000000000000e+00,-1.000000000000000000e+00,-1.000000000000000000e+00,-1.000000000000000000e+00,-1.000000000000000000e+00,-1.000000000000000000e+00,-1.000000000000000000e+00,-1.000000000000000000e+00,-1.000000000000000000e+00,-1.000000000000000000e+00,-1.000000000000000000e+00,-1.000000000000000000e+00,-1.000000000000000000e+00,-1.000000000000000000e+00,-1.000000000000000000e+00,-1.000000000000000000e+00,-1.000000000000000000e+00,-1.000000000000000000e+00,-1.000000000000000000e+00,-1.000000000000000000e+00,-1.000000000000000000e+00,-1.000000000000000000e+00,-1.000000000000000000e+00,-1.000000000000000000e+00,-1.000000000000000000e+00,-1.000000000000000000e+00,-1.000000000000000000e+00,-1.000000000000000000e+00,-1.000000000000000000e+00,-1.000000000000000000e+00
-1.000000000000000000e+00,-1.000000000000000000e+00,-1.000000000000000000e+00,-1.000000000000000000e+00,-1.000000000000000000e+00,-1.000000000000000000e+00,-1.000000000000000000e+00,-1.000000000000000000e+00,-1.000000000000000000e+00,-1.000000000000000000e+00,-1.000000000000000000e+00,-1.000000000000000000e+00,-1.000000000000000000e+00,-1.000000000000000000e+00,-1.000000000000000000e+00,-1.000000000000000000e+00,-1.000000000000000000e+00,-1.000000000000000000e+00,-1.000000000000000000e+00,-1.000000000000000000e+00,-1.000000000000000000e+00,-1.000000000000000000e+00,-1.000000000000000000e+00,-1.000000000000000000e+00,-1.000000000000000000e+00,-1.000000000000000000e+00,-1.000000000000000000e+00,-1.000000000000000000e+00,-1.000000000000000000e+00,-1.000000000000000000e+00,-1.000000000000000000e+00,-1.000000000000000000e+00,-1.000000000000000000e+00,-1.000000000000000000e+00,-1.000000000000000000e+00,-1.000000000000000000e+00,-1.000000000000000000e+00,-1.000000000000000000e+00,-1.000000000000000000e+00,-1.000000000000000000e+00,-1.000000000000000000e+00,-1.000000000000000000e+00,-1.000000000000000000e+00,-1.000000000000000000e+00,-1.000000000000000000e+00,-1.000000000000000000e+00,-1.204916508269877395e+00,-1.204944338929240910e+00,-1.205027662609560180e+00,-1.205165829452502724e+00,-1.205357186048805040e+00,-1.205597822304324218e+00,-1.205878832449155169e+00,-1.206180606400357291e+00,-1.206461417999264318e+00,-1.206635573640598036e+00,-1.206533421752594704e+00,-1.205831638496955627e+00,-1.203938004987963550e+00,-1.199812138026030928e+00,-1.191706004244221573e+00,-1.176822012959539254e+00,-1.150921912056955598e+00,-1.107989243923995781e+00,-1.040163469531179885e+00,-9.383259328908035712e-01,-7.938974471190830551e-01,-6.025144615685507077e-01,-3.700824494951121535e-01,-1.207952357886484807e-01,9.625796225229166225e-02,2.146046090493514136e-01,2.146046089866364692e-01,9.625796207134396099e-02,-1.207952360471464814e-01,-3.700824497782169153e-01,-6.025144617989016682e-01,-7.938974472348840905e-01,-9.383259329065014587e-01,-1.040163469520838824e+00,-1.107989243943493740e+00,-1.150921912125545177e+00,-1.176822013059266592e+00,-1.191706004334696756e+00,-1.199812138086391755e+00,-1.203938004925995564e+00,-1.205831638273653805e+00,-1.206533421387251614e+00,-1.206635573200178557e+00,-1.206461417572337380e+00,-1.206180606173947734e+00,-1.205878832180038662e+00,-1.205597821763119581e+00,-1.205357185202216019e+00,-1.205165828250176485e+00,-1.205027661211055978e+00,-1.204944338691157579e+00,-1.204916508207173109e+00,-1.000000000000000000e+00,-1.000000000000000000e+00,-1.000000000000000000e+00,-1.000000000000000000e+00,-1.000000000000000000e+00,-1.000000000000000000e+00,-1.000000000000000000e+00,-1.000000000000000000e+00,-1.000000000000000000e+00,-1.000000000000000000e+00,-1.000000000000000000e+00,-1.000000000000000000e+00,-1.000000000000000000e+00,-1.000000000000000000e+00,-1.000000000000000000e+00,-1.000000000000000000e+00,-1.000000000000000000e+00,-1.000000000000000000e+00,-1.000000000000000000e+00,-1.000000000000000000e+00,-1.000000000000000000e+00,-1.000000000000000000e+00,-1.000000000000000000e+00,-1.000000000000000000e+00,-1.000000000000000000e+00,-1.000000000000000000e+00,-1.000000000000000000e+00,-1.000000000000000000e+00,-1.000000000000000000e+00,-1.000000000000000000e+00,-1.000000000000000000e+00,-1.000000000000000000e+00,-1.000000000000000000e+00,-1.000000000000000000e+00,-1.000000000000000000e+00,-1.000000000000000000e+00,-1.000000000000000000e+00,-1.000000000000000000e+00,-1.000000000000000000e+00,-1.000000000000000000e+00,-1.000000000000000000e+00,-1.000000000000000000e+00,-1.000000000000000000e+00,-1.000000000000000000e+00,-1.000000000000000000e+00,-1.000000000000000000e+00
-1.000000000000000000e+00,-1.000000000000000000e+00,-1.000000000000000000e+00,-1.000000000000000000e+00,-1.000000000000000000e+00,-1.000000000000000000e+00,-1.000000000000000000e+00,-1.000000000000000000e+00,-1.000000000000000000e+00,-1.000000000000000000e+00,-1.000000000000000000e+00,-1.000000000000000000e+00,-1.000000000000000000e+00,-1.000000000000000000e+00,-1.000000000000000000e+00,-1.000000000000000000e+00,-1.000000000000000000e+00,-1.000000000000000000e+00,-1.000000000000000000e+00,-1.000000000000000000e+00,-1.000000000000000000e+00,-1.000000000000000000e+00,-1.000000000000000000e+00,-1.000000000000000000e+00,-1.000000000000000000e+00,-1.000000000000000000e+00,-1.000000000000000000e+00,-1.000000000000000000e+00,-1.000000000000000000e+00,-1.000000000000000000e+00,-1.000000000000000000e+00,-1.000000000000000000e+00,-1.000000000000000000e+00,-1.000000000000000000e+00,-1.000000000000000000e+00,-1.000000000000000000e+00,-1.000000000000000000e+00,-1.000000000000000000e+00,-1.000000000000000000e+00,-1.000000000000000000e+00,-1.000000000000000000e+00,-1.000000000000000000e+00,-1.000000000000000000e+00,-1.000000000000000000e+00,-1.000000000000000000e+00,-1.000000000000000000e+00,-1.204984818321469087e+00,-1.205012649428023996e+00,-1.205095974745411080e+00,-1.205234144171655419e+00,-1.205425504449025187e+00,-1.205666145655442500e+00,-1.205947162728351119e+00,-1.206248947285017747e+00,-1.206529777179605301e+00,-1.206703967376827613e+00,-1.206601883708649847e+00,-1.205900235749803873e+00,-1.204006866146141386e+00,-1.199881499973904697e+00,-1.191776285488053588e+00,-1.176893921306457091e+00,-1.150996589889219157e+00,-1.108068442279571020e+00,-1.040249717747723457e+00,-9.384226310099260671e-01,-7.940087555977118905e-01,-6.026448115099456437e-01,-3.702354841786628104e-01,-1.209720962247649023e-01,9.606072264833587226e-02,2.143961808722469886e-01,2.143961808732706142e-01,9.606072263763110186e-02,-1.209720962855674875e-01,-3.702354843124893158e-01,-6.026448116989346904e-01,-7.940087557832229415e-01,-9.384226311659301656e-01,-1.040249717891658099e+00,-1.108068442443751911e+00,-1.150996590096992511e+00,-1.176893921549672983e+00,-1.191776285673922242e+00,-1.199881500008433299e+00,-1.204006865992460540e+00,-1.205900235414970822e+00,-1.206601883149259979e+00,-1.206703966695336971e+00,-1.206529776450503633e+00,-1.206248946797482624e+00,-1.205947162448524290e+00,-1.205666145227467290e+00,-1.205425503707018953e+00,-1.205234143102146938e+00,-1.205095973583360403e+00,-1.205012649307285910e+00,-1.204984818462522034e+00,-1.000000000000000000e+00,-1.000000000000000000e+00,-1.000000000000000000e+00,-1.000000000000000000e+00,-1.000000000000000000e+00,-1.000000000000000000e+00,-1.000000000000000000e+00,-1.000000000000000000e+00,-1.000000000000000000e+00,-1.000000000000000000e+00,-1.000000000000000000e+00,-1.000000000000000000e+00,-1.000000000000000000e+00,-1.000000000000000000e+00,-1.000000000000000000e+00,-1.000000000000000000e+00,-1.000000000000000000e+00,-1.000000000000000000e+00,-1.000000000000000000e+00,-1.000000000000000000e+00,-1.000000000000000000e+00,-1.000000000000000000e+00,-1.000000000000000000e+00,-1.000000000000000000e+00,-1.000000000000000000e+00,-1.000000000000000000e+00,-1.000000000000000000e+00,-1.000000000000000000e+00,-1.000000000000000000e+00,-1.000000000000000000e+00,-1.000000000000000000e+00,-1.000000000000000000e+00,-1.000000000000000000e+00,-1.000000000000000000e+00,-1.000000000000000000e+00,-1.000000000000000000e+00,-1.000000000000000000e+00,-1.000000000000000000e+00,-1.000000000000000000e+00,-1.000000000000000000e+00,-1.000000000000000000e+00,-1.000000000000000000e+00,-1.000000000000000000e+00,-1.000000000000000000e+00,-1.000000000000000000e+00,-1.000000000000000000e+00
-1.000000000000000000e+00,-1.000000000000000000e+00,-1.000000000000000000e+00,-1.000000000000000000e+00,-1.000000000000000000e+00,-1.000000000000000000e+00,-1.000000000000000000e+00,-1.000000000000000000e+00,-1.000000000000000000e+00,-1.000000000000000000e+00,-1.000000000000000000e+00,-1.000000000000000000e+00,-1.000000000000000000e+00,-1.000000000000000000e+00,-1.000000000000000000e+00,-1.000000000000000000e+00,-1.000000000000000000e+00,-1.000000000000000000e+00,-1.000000000000000000e+00,-1.000000000000000000e+00,-1.000000000000000000e+00,-1.000000000000000000e+00,-1.000000000000000000e+00,-1.000000000000000000e+00,-1.000000000000000000e+00,-1.000000000000000000e+00,-1.000000000000000000e+00,-1.000000000000000000e+00,-1.000000000000000000e+00,-1.000000000000000000e+00,-1.000000000000000000e+00,-1.000000000000000000e+00,-1.000000000000000000e+00,-1.000000000000000000e+00,-1.000000000000000000e+00,-1.000000000000000000e+00,-1.000000000000000000e+00,-1.000000000000000000e+00,-1.000000000000000000e+00,-1.000000000000000000e+00,-1.000000000000000000e+00,-1.000000000000000000e+00,-1.000000000000000000e+00,-1.000000000000000000e+00,-1.000000000000000000e+00,-1.000000000000000000e+00,-1.205060215391703160e+00,-1.205088047101215976e+00,-1.205171374436471377e+00,-1.205309547194526987e+00,-1.205500912204279906e+00,-1.205741559716680733e+00,-1.206022585412089621e+00,-1.206324382770185277e+00,-1.206605234107086311e+00,-1.206779463843658862e+00,-1.206677457026074984e+00,-1.205975960184210383e+00,-1.204082884007622090e+00,-1.199958073283486470e+00,-1.191853877018950403e+00,-1.176973313645932384e+00,-1.151079046074821255e+00,-1.108155898193723177e+00,-1.040344969530028640e+00,-9.385294369579035845e-01,-7.941317139712724682e-01,-6.027888189402339503e-01,-3.704045656784091811e-01,-1.211675107195551160e-01,9.584278583693706111e-02,2.141658785966487066e-01,2.141658786019950966e-01,9.584278584376759724e-02,-1.211675107604189838e-01,-3.704045657984355033e-01,-6.027888191485066827e-01,-7.941317142243843330e-01,-9.385294372245375216e-01,-1.040344969806142439e+00,-1.108155898483506929e+00,-1.151079046368013614e+00,-1.176973313968578738e+00,-1.191853877312544885e+00,-1.199958073368569522e+00,-1.204082883786468550e+00,-1.205975959726073299e+00,-1.206677456308432594e+00,-1.206779463044772349e+00,-1.206605233328426285e+00,-1.206324382189431832e+00,-1.206022585160335003e+00,-1.205741559495656201e+00,-1.205500911745938986e+00,-1.205309546314708546e+00,-1.205171373524144052e+00,-1.205088047009581276e+00,-1.205060215628579456e+00,-1.000000000000000000e+00,-1.000000000000000000e+00,-1.000000000000000000e+00,-1.000000000000000000e+00,-1.000000000000000000e+00,-1.000000000000000000e+00,-1.000000000000000000e+00,-1.000000000000000000e+00,-1.000000000000000000e+00,-1.000000000000000000e+00,-1.000000000000000000e+00,-1.000000000000000000e+00,-1.000000000000000000e+00,-1.000000000000000000e+00,-1.000000000000000000e+00,-1.000000000000000000e+00,-1.000000000000000000e+00,-1.000000000000000000e+00,-1.000000000000000000e+00,-1.000000000000000000e+00,-1.000000000000000000e+00,-1.000000000000000000e+00,-1.000000000000000000e+00,-1.000000000000000000e+00,-1.000000000000000000e+00,-1.000000000000000000e+00,-1.000000000000000000e+00,-1.000000000000000000e+00,-1.000000000000000000e+00,-1.000000000000000000e+00,-1.000000000000000000e+00,-1.000000000000000000e+00,-1.000000000000000000e+00,-1.000000000000000000e+00,-1.000000000000000000e+00,-1.000000000000000000e+00,-1.000000000000000000e+00,-1.000000000000000000e+00,-1.000000000000000000e+00,-1.000000000000000000e+00,-1.000000000000000000e+00,-1.000000000000000000e+00,-1.000000000000000000e+00,-1.000000000000000000e+00,-1.000000000000000000e+00,-1.000000000000000000e+00
-1.000000000000000000e+00,-1.000000000000000000e+00,-1.000000000000000000e+00,-1.000000000000000000e+00,-1.000000000000000000e+00,-1.000000000000000000e+00,-1.000000000000000000e+00,-1.000000000000000000e+00,-1.000000000000000000e+00,-1.000000000000000000e+00,-1.000000000000000000e+00,-1.000000000000000000e+00,-1.000000000000000000e+00,-1.000000000000000000e+00,-1.000000000000000000e+00,-1.000000000000000000e+00,-1.000000000000000000e+00,-1.000000000000000000e+00,-1.000000000000000000e+00,-1.000000000000000000e+00,-1.000000000000000000e+00,-1.000000000000000000e+00,-1.000000000000000000e+00,-1.000000000000000000e+00,-1.000000000000000000e+00,-1.000000000000000000e+00,-1.000000000000000000e+00,-1.000000000000000000e+00,-1.000000000000000000e+00,-1.000000000000000000e+00,-1.000000000000000000e+00,-1.000000000000000000e+00,-1.000000000000000000e+00,-1.000000000000000000e+00,-1.000000000000000000e+00,-1.000000000000000000e+00,-1.000000000000000000e+00,-1.000000000000000000e+00,-1.000000000000000000e+00,-1.000000000000000000e+00,-1.000000000000000000e+00,-1.000000000000000000e+00,-1.000000000000000000e+00,-1.000000000000000000e+00,-1.000000000000000000e+00,-1.000000000000000000e+00,-1.205142667887490360e+00,-1.205170500419614488e+00,-1.205253830308684160e+00,-1.205392007332268367e+00,-1.205583378323043853e+00,-1.205824033730939160e+00,-1.206105070027939652e+00,-1.206406882730233665e+00,-1.206687759043551189e+00,-1.206862033755411456e+00,-1.206760112929367246e+00,-1.206058783571842152e+00,-1.204166030905433171e+00,-1.200041830866146686e+00,-1.191938752384273714e+00,-1.177060164270251175e+00,-1.151169255817324766e+00,-1.108251587969225183e+00,-1.040449202440279830e+00,-9.386463296767751929e-01,-7.942663025668862398e-01,-6.029464653516324324e-01,-3.705896761521653149e-01,-1.213814614315680274e-01,9.560417010971589136e-02,2.139137207172912003e-01,2.139137207057437706e-01,9.560417007427757241e-02,-1.213814615304781297e-01,-3.705896763289969753e-01,-6.029464656104566167e-01,-7.942663028662650948e-01,-9.386463299890931422e-01,-1.040449202765089343e+00,-1.108251588311196079e+00,-1.151169256122511531e+00,-1.177060164538886955e+00,-1.191938752637845766e+00,-1.200041830992175873e+00,-1.204166030734951542e+00,-1.206058783137949453e+00,-1.206760112171061383e+00,-1.206862032842427102e+00,-1.206687758243679687e+00,-1.206406882090402810e+00,-1.206105069651733919e+00,-1.205824033422344010e+00,-1.205583377901856323e+00,-1.205392006428321672e+00,-1.205253829460026571e+00,-1.205170500198117445e+00,-1.205142668102646475e+00,-1.000000000000000000e+00,-1.000000000000000000e+00,-1.000000000000000000e+00,-1.000000000000000000e+00,-1.000000000000000000e+00,-1.000000000000000000e+00,-1.000000000000000000e+00,-1.000000000000000000e+00,-1.000000000000000000e+00,-1.000000000000000000e+00,-1.000000000000000000e+00,-1.000000000000000000e+00,-1.000000000000000000e+00,-1.000000000000000000e+00,-1.000000000000000000e+00,-1.000000000000000000e+00,-1.000000000000000000e+00,-1.000000000000000000e+00,-1.000000000000000000e+00,-1.000000000000000000e+00,-1.000000000000000000e+00,-1.000000000000000000e+00,-1.000000000000000000e+00,-1.000000000000000000e+00,-1.000000000000000000e+00,-1.000000000000000000e+00,-1.000000000000000000e+00,-1.000000000000000000e+00,-1.000000000000000000e+00,-1.000000000000000000e+00,-1.000000000000000000e+00,-1.000000000000000000e+00,-1.000000000000000000e+00,-1.000000000000000000e+00,-1.000000000000000000e+00,-1.000000000000000000e+00,-1.000000000000000000e+00,-1.000000000000000000e+00,-1.000000000000000000e+00,-1.000000000000000000e+00,-1.000000000000000000e+00,-1.000000000000000000e+00,-1.000000000000000000e+00,-1.000000000000000000e+00,-1.000000000000000000e+00,-1.000000000000000000e+00
-1.000000000000000000e+00,-1.000000000000000000e+00,-1.000000000000000000e+00,-1.000000000000000000e+00,-1.000000000000000000e+00,-1.000000000000000000e+00,-1.000000000000000000e+00,-1.000000000000000000e+00,-1.000000000000000000e+00,-1.000000000000000000e+00,-1.000000000000000000e+00,-1.000000000000000000e+00,-1.000000000000000000e+00,-1.000000000000000000e+00,-1.000000000000000000e+00,-1.000000000000000000e+00,-1.000000000000000000e+00,-1.000000000000000000e+00,-1.000000000000000000e+00,-1.000000000000000000e+00,-1.000000000000000000e+00,-1.000000000000000000e+00,-1.000000000000000000e+00,-1.000000000000000000e+00,-1.000000000000000000e+00,-1.000000000000000000e+00,-1.000000000000000000e+00,-1.000000000000000000e+00,-1.000000000000000000e+00,-1.000000000000000000e+00,-1.000000000000000000e+00,-1.000000000000000000e+00,-1.000000000000000000e+00,-1.000000000000000000e+00,-1.000000000000000000e+00,-1.000000000000000000e+00,-1.000000000000000000e+00,-1.000000000000000000e+00,-1.000000000000000000e+00,-1.000000000000000000e+00,-1.000000000000000000e+00,-1.000000000000000000e+00,-1.000000000000000000e+00,-1.000000000000000000e+00,-1.000000000000000000e+00,-1.000000000000000000e+00,-1.205232140638802241e+00,-1.205259974246429389e+00,-1.205343307339593828e+00,-1.205481489745453105e+00,-1.205672868194673786e+00,-1.205913533372951374e+00,-1.206194582614427357e+00,-1.206496413666203749e+00,-1.206777318993818904e+00,-1.206951644650963384e+00,-1.206849819537704871e+00,-1.206148674657087083e+00,-1.204256276232388068e+00,-1.200132742785146700e+00,-1.192030882399761182e+00,-1.177154444889109586e+00,-1.151267191884460361e+00,-1.108355485611770330e+00,-1.040562391897627448e+00,-9.387732861439388454e-01,-7.944124999475732363e-01,-6.031177306738071398e-01,-3.707907963691575715e-01,-1.216139292619673462e-01,9.534489491834974295e-02,2.136397267936498423e-01,2.136397267317087234e-01,9.534489475364815725e-02,-1.216139295240007412e-01,-3.707907967066265131e-01,-6.031177310670357006e-01,-7.944125003495199344e-01,-9.387732865252348402e-01,-1.040562392247816437e+00,-1.108355485960538678e+00,-1.151267192209340262e+00,-1.177154445132655214e+00,-1.192030882550758841e+00,-1.200132742829142840e+00,-1.204256276026039352e+00,-1.206148674260685061e+00,-1.206849818923573237e+00,-1.206951643800970198e+00,-1.206777318266828436e+00,-1.206496413125303535e+00,-1.206194582267337889e+00,-1.205913532966177648e+00,-1.205672867660851466e+00,-1.205481488651134248e+00,-1.205343306390340485e+00,-1.205259973762453862e+00,-1.205232140732387602e+00,-1.000000000000000000e+00,-1.000000000000000000e+00,-1.000000000000000000e+00,-1.000000000000000000e+00,-1.000000000000000000e+00,-1.000000000000000000e+00,-1.000000000000000000e+00,-1.000000000000000000e+00,-1.000000000000000000e+00,-1.000000000000000000e+00,-1.000000000000000000e+00,-1.000000000000000000e+00,-1.000000000000000000e+00,-1.000000000000000000e+00,-1.000000000000000000e+00,-1.000000000000000000e+00,-1.000000000000000000e+00,-1.000000000000000000e+00,-1.000000000000000000e+00,-1.000000000000000000e+00,-1.000000000000000000e+00,-1.000000000000000000e+00,-1.000000000000000000e+00,-1.000000000000000000e+00,-1.000000000000000000e+00,-1.000000000000000000e+00,-1.000000000000000000e+00,-1.000000000000000000e+00,-1.000000000000000000e+00,-1.000000000000000000e+00,-1.000000000000000000e+00,-1.000000000000000000e+00,-1.000000000000000000e+00,-1.000000000000000000e+00,-1.000000000000000000e+00,-1.000000000000000000e+00,-1.000000000000000000e+00,-1.000000000000000000e+00,-1.000000000000000000e+00,-1.000000000000000000e+00,-1.000000000000000000e+00,-1.000000000000000000e+00,-1.000000000000000000e+00,-1.000000000000000000e+00,-1.000000000000000000e+00,-1.000000000000000000e+00
-1.000000000000000000e+00,-1.000000000000000000e+00,-1.000000000000000000e+00,-1.000000000000000000e+00,-1.000000000000000000e+00,-1.000000000000000000e+00,-1.000000000000000000e+00,-1.000000000000000000e+00,-1.000000000000000000e+00,-1.000000000000000000e+00,-1.000000000000000000e+00,-1.000000000000000000e+00,-1.000000000000000000e+00,-1.000000000000000000e+00,-1.000000000000000000e+00,-1.000000000000000000e+00,-1.000000000000000000e+00,-1.000000000000000000e+00,-1.000000000000000000e+00,-1.000000000000000000e+00,-1.000000000000000000e+00,-1.000000000000000000e+00,-1.000000000000000000e+00,-1.000000000000000000e+00,-1.000000000000000000e+00,-1.000000000000000000e+00,-1.000000000000000000e+00,-1.000000000000000000e+00,-1.000000000000000000e+00,-1.000000000000000000e+00,-1.000000000000000000e+00,-1.000000000000000000e+00,-1.000000000000000000e+00,-1.000000000000000000e+00,-1.000000000000000000e+00,-1.000000000000000000e+00,-1.000000000000000000e+00,-1.000000000000000000e+00,-1.000000000000000000e+00,-1.000000000000000000e+00,-1.000000000000000000e+00,-1.000000000000000000e+00,-1.000000000000000000e+00,-1.000000000000000000e+00,-1.000000000000000000e+00,-1.000000000000000000e+00,-1.205328595195035213e+00,-1.205356430171501625e+00,-1.205439767236709869e+00,-1.205577956308088616e+00,-1.205769343942208804e+00,-1.206010021111306285e+00,-1.206291086059224860e+00,-1.206592938964156536e+00,-1.206873877914917070e+00,-1.207048261105956088e+00,-1.206946542068500161e+00,-1.206245599323197970e+00,-1.204353586582940672e+00,-1.200230776412759326e+00,-1.192130235318556553e+00,-1.177256124772957158e+00,-1.151372824720256149e+00,-1.108467562942676787e+00,-1.040684511334043050e+00,-9.389102815903710431e-01,-7.945702831759200446e-01,-6.033025935481917124e-01,-3.710079059489406195e-01,-1.218648940005283565e-01,9.506498086997927643e-02,2.133439175925428977e-01,2.133439174682030259e-01,9.506498054476297810e-02,-1.218648944569666881e-01,-3.710079064650826375e-01,-6.033025940623029104e-01,-7.945702836343087050e-01,-9.389102819850684289e-01,-1.040684511646753574e+00,-1.108467563195237648e+00,-1.151372824965847030e+00,-1.177256124991993502e+00,-1.192130235444713859e+00,-1.200230776452894554e+00,-1.204353586386223363e+00,-1.206245598920285378e+00,-1.206946541587881505e+00,-1.207048260384978144e+00,-1.206873877238386683e+00,-1.206592938472137444e+00,-1.206291085751229231e+00,-1.206010020622485301e+00,-1.205769343227813373e+00,-1.205577954947867125e+00,-1.205439766103061139e+00,-1.205356429375916028e+00,-1.205328595114535162e+00,-1.000000000000000000e+00,-1.000000000000000000e+00,-1.000000000000000000e+00,-1.000000000000000000e+00,-1.000000000000000000e+00,-1.000000000000000000e+00,-1.000000000000000000e+00,-1.000000000000000000e+00,-1.000000000000000000e+00,-1.000000000000000000e+00,-1.000000000000000000e+00,-1.000000000000000000e+00,-1.000000000000000000e+00,-1.000000000000000000e+00,-1.000000000000000000e+00,-1.000000000000000000e+00,-1.000000000000000000e+00,-1.000000000000000000e+00,-1.000000000000000000e+00,-1.000000000000000000e+00,-1.000000000000000000e+00,-1.000000000000000000e+00,-1.000000000000000000e+00,-1.000000000000000000e+00,-1.000000000000000000e+00,-1.000000000000000000e+00,-1.000000000000000000e+00,-1.000000000000000000e+00,-1.000000000000000000e+00,-1.000000000000000000e+00,-1.000000000000000000e+00,-1.000000000000000000e+00,-1.000000000000000000e+00,-1.000000000000000000e+00,-1.000000000000000000e+00,-1.000000000000000000e+00,-1.000000000000000000e+00,-1.000000000000000000e+00,-1.000000000000000000e+00,-1.000000000000000000e+00,-1.000000000000000000e+00,-1.000000000000000000e+00,-1.000000000000000000e+00,-1.000000000000000000e+00,-1.000000000000000000e+00,-1.000000000000000000e+00
-1.000000000000000000e+00,-1.000000000000000000e+00,-1.000000000000000000e+00,-1.000000000000000000e+00,-1.000000000000000000e+00,-1.000000000000000000e+00,-1.000000000000000000e+00,-1.000000000000000000e+00,-1.000000000000000000e+00,-1.000000000000000000e+00,-1.000000000000000000e+00,-1.000000000000000000e+00,-1.000000000000000000e+00,-1.000000000000000000e+00,-1.000000000000000000e+00,-1.000000000000000000e+00,-1.000000000000000000e+00,-1.000000000000000000e+00,-1.000000000000000000e+00,-1.000000000000000000e+00,-1.000000000000000000e+00,-1.000000000000000000e+00,-1.000000000000000000e+00,-1.000000000000000000e+00,-1.000000000000000000e+00,-1.000000000000000000e+00,-1.000000000000000000e+00,-1.000000000000000000e+00,-1.000000000000000000e+00,-1.000000000000000000e+00,-1.000000000000000000e+00,-1.000000000000000000e+00,-1.000000000000000000e+00,-1.000000000000000000e+00,-1.000000000000000000e+00,-1.000000000000000000e+00,-1.000000000000000000e+00,-1.000000000000000000e+00,-1.000000000000000000e+00,-1.000000000000000000e+00,-1.000000000000000000e+00,-1.000000000000000000e+00,-1.000000000000000000e+00,-1.000000000000000000e+00,-1.000000000000000000e+00,-1.000000000000000000e+00,-1.205431989422692585e+00,-1.205459826106552779e+00,-1.205543168042173319e+00,-1.205681365253717052e+00,-1.205872764099900518e+00,-1.206113455911161036e+00,-1.206394539848160141e+00,-1.206696418674269244e+00,-1.206977396470527486e+00,-1.207151844451318068e+00,-1.207050242563506792e+00,-1.206349520355991523e+00,-1.204457925545818320e+00,-1.200335896229034915e+00,-1.192236776614965521e+00,-1.177365170521409876e+00,-1.151486122220920505e+00,-1.108587789386012545e+00,-1.040815531975614272e+00,-9.390572892743839217e-01,-7.947396276080591626e-01,-6.035010311951396478e-01,-3.712409833670395898e-01,-1.221343345206760134e-01,9.476444933417171868e-02,2.130263145631010602e-01,2.130263144159021405e-01,9.476444894327040736e-02,-1.221343350679724438e-01,-3.712409839911511300e-01,-6.035010317995470608e-01,-7.947396281044161181e-01,-9.390572896661300017e-01,-1.040815532266109678e+00,-1.108587789556861214e+00,-1.151486122324772543e+00,-1.177365170609878220e+00,-1.192236776639944429e+00,-1.200335896233979849e+00,-1.204457925425801434e+00,-1.206349520004669440e+00,-1.207050242197833079e+00,-1.207151843919926026e+00,-1.206977395912142148e+00,-1.206696418204158183e+00,-1.206394539473265137e+00,-1.206113455242600052e+00,-1.205872763076312859e+00,-1.205681363507854265e+00,-1.205543166612500272e+00,-1.205459824978470706e+00,-1.205431989179480246e+00,-1.000000000000000000e+00,-1.000000000000000000e+00,-1.000000000000000000e+00,-1.000000000000000000e+00,-1.000000000000000000e+00,-1.000000000000000000e+00,-1.000000000000000000e+00,-1.000000000000000000e+00,-1.000000000000000000e+00,-1.000000000000000000e+00,-1.000000000000000000e+00,-1.000000000000000000e+00,-1.000000000000000000e+00,-1.000000000000000000e+00,-1.000000000000000000e+00,-1.000000000000000000e+00,-1.000000000000000000e+00,-1.000000000000000000e+00,-1.000000000000000000e+00,-1.000000000000000000e+00,-1.000000000000000000e+00,-1.000000000000000000e+00,-1.000000000000000000e+00,-1.000000000000000000e+00,-1.000000000000000000e+00,-1.000000000000000000e+00,-1.000000000000000000e+00,-1.000000000000000000e+00,-1.000000000000000000e+00,-1.000000000000000000e+00,-1.000000000000000000e+00,-1.000000000000000000e+00,-1.000000000000000000e+00,-1.000000000000000000e+00,-1.000000000000000000e+00,-1.000000000000000000e+00,-1.000000000000000000e+00,-1.000000000000000000e+00,-1.000000000000000000e+00,-1.000000000000000000e+00,-1.000000000000000000e+00,-1.000000000000000000e+00,-1.000000000000000000e+00,-1.000000000000000000e+00,-1.000000000000000000e+00,-1.000000000000000000e+00
-1.000000000000000000e+00,-1.000000000000000000e+00,-1.000000000000000000e+00,-1.000000000000000000e+00,-1.000000000000000000e+00,-1.000000000000000000e+00,-1.000000000000000000e+00,-1.000000000000000000e+00,-1.000000000000000000e+00,-1.000000000000000000e+00,-1.000000000000000000e+00,-1.000000000000000000e+00,-1.000000000000000000e+00,-1.000000000000000000e+00,-1.000000000000000000e+00,-1.000000000000000000e+00,-1.000000000000000000e+00,-1.000000000000000000e+00,-1.000000000000000000e+00,-1.000000000000000000e+00,-1.000000000000000000e+00,-1.000000000000000000e+00,-1.000000000000000000e+00,-1.000000000000000000e+00,-1.000000000000000000e+00,-1.000000000000000000e+00,-1.000000000000000000e+00,-1.000000000000000000e+00,-1.000000000000000000e+00,-1.000000000000000000e+00,-1.000000000000000000e+00,-1.000000000000000000e+00,-1.000000000000000000e+00,-1.000000000000000000e+00,-1.000000000000000000e+00,-1.000000000000000000e+00,-1.000000000000000000e+00,-1.000000000000000000e+00,-1.000000000000000000e+00,-1.000000000000000000e+00,-1.000000000000000000e+00,-1.000000000000000000e+00,-1.000000000000000000e+00,-1.000000000000000000e+00,-1.000000000000000000e+00,-1.000000000000000000e+00,-1.205542277352767755e+00,-1.205570116113341195e+00,-1.205653463956031679e+00,-1.205791671033427104e+00,-1.205983083495375308e+00,-1.206223793069494565e+00,-1.206504899839990319e+00,-1.206806809280240866e+00,-1.207087831822399648e+00,-1.207262352585945830e+00,-1.207160879724563429e+00,-1.206460397317239197e+00,-1.204569253608569923e+00,-1.200448063729428805e+00,-1.192350468895390980e+00,-1.177481546003478208e+00,-1.151607049735782429e+00,-1.108716132046626113e+00,-1.040955422982918543e+00,-9.392142806521686094e-01,-7.949205070541311979e-01,-6.037130195174078562e-01,-3.714900059630877882e-01,-1.224222286843943408e-01,9.444332260014376423e-02,2.126869399628668056e-01,2.126869398015689416e-01,9.444332217051631950e-02,-1.224222292698045056e-01,-3.714900066204785967e-01,-6.037130201468088320e-01,-7.949205075363994233e-01,-9.392142809708163842e-01,-1.040955423193361762e+00,-1.108716132158920731e+00,-1.151607049770784208e+00,-1.177481546032658866e+00,-1.192350468880984504e+00,-1.200448063680627175e+00,-1.204569253538154028e+00,-1.206460397042971699e+00,-1.207160879420790645e+00,-1.207262352191541099e+00,-1.207087831403910849e+00,-1.206806808890008798e+00,-1.206504899429458266e+00,-1.206223792262960393e+00,-1.205983082182760624e+00,-1.205791668908990033e+00,-1.205653462183829516e+00,-1.205570114629662015e+00,-1.205542276918039946e+00,-1.000000000000000000e+00,-1.000000000000000000e+00,-1.000000000000000000e+00,-1.000000000000000000e+00,-1.000000000000000000e+00,-1.000000000000000000e+00,-1.000000000000000000e+00,-1.000000000000000000e+00,-1.000000000000000000e+00,-1.000000000000000000e+00,-1.000000000000000000e+00,-1.000000000000000000e+00,-1.000000000000000000e+00,-1.000000000000000000e+00,-1.000000000000000000e+00,-1.000000000000000000e+00,-1.000000000000000000e+00,-1.000000000000000000e+00,-1.000000000000000000e+00,-1.000000000000000000e+00,-1.000000000000000000e+00,-1.000000000000000000e+00,-1.000000000000000000e+00,-1.000000000000000000e+00,-1.000000000000000000e+00,-1.000000000000000000e+00,-1.000000000000000000e+00,-1.000000000000000000e+00,-1.000000000000000000e+00,-1.000000000000000000e+00,-1.000000000000000000e+00,-1.000000000000000000e+00,-1.000000000000000000e+00,-1.000000000000000000e+00,-1.000000000000000000e+00,-1.000000000000000000e+00,-1.000000000000000000e+00,-1.000000000000000000e+00,-1.000000000000000000e+00,-1.000000000000000000e+00,-1.000000000000000000e+00,-1.000000000000000000e+00,-1.000000000000000000e+00,-1.000000000000000000e+00,-1.000000000000000000e+00,-1.000000000000000000e+00
-1.000000000000000000e+00,-1.000000000000000000e+00,-1.000000000000000000e+00,-1.000000000000000000e+00,-1.000000000000000000e+00,-1.000000000000000000e+00,-1.000000000000000000e+00,-1.000000000000000000e+00,-1.000000000000000000e+00,-1.000000000000000000e+00,-1.000000000000000000e+00,-1.000000000000000000e+00,-1.000000000000000000e+00,-1.000000000000000000e+00,-1.000000000000000000e+00,-1.000000000000000000e+00,-1.000000000000000000e+00,-1.000000000000000000e+00,-1.000000000000000000e+00,-1.000000000000000000e+00,-1.000000000000000000e+00,-1.000000000000000000e+00,-1.000000000000000000e+00,-1.000000000000000000e+00,-1.000000000000000000e+00,-1.000000000000000000e+00,-1.000000000000000000e+00,-1.000000000000000000e+00,-1.000000000000000000e+00,-1.000000000000000000e+00,-1.000000000000000000e+00,-1.000000000000000000e+00,-1.000000000000000000e+00,-1.000000000000000000e+00,-1.000000000000000000e+00,-1.000000000000000000e+00,-1.000000000000000000e+00,-1.000000000000000000e+00,-1.000000000000000000e+00,-1.000000000000000000e+00,-1.000000000000000000e+00,-1.000000000000000000e+00,-1.000000000000000000e+00,-1.000000000000000000e+00,-1.000000000000000000e+00,-1.000000000000000000e+00,-1.205659408981745617e+00,-1.205687250222848395e+00,-1.205770605173476451e+00,-1.205908824151503911e+00,-1.206100253096577202e+00,-1.206340984083952739e+00,-1.206622118129154986e+00,-1.206924063552859527e+00,-1.207205137508247317e+00,-1.207379739888343906e+00,-1.207278408839346007e+00,-1.206578186471196856e+00,-1.204687528081574754e+00,-1.200567237349947414e+00,-1.192471271825993107e+00,-1.177605212271416235e+00,-1.151735569941356729e+00,-1.108852555535177364e+00,-1.041104151248011034e+00,-9.393812251973369110e-01,-7.951128936879493514e-01,-6.039385331619986363e-01,-3.717549501844049642e-01,-1.227285537406153093e-01,9.410162341652950069e-02,2.123258164614230115e-01,2.123258163176890978e-01,9.410162302819169433e-02,-1.227285542573796073e-01,-3.717549507487798444e-01,-6.039385337129392628e-01,-7.951128941209666401e-01,-9.393812254455049526e-01,-1.041104151357487906e+00,-1.108852555567596543e+00,-1.151735569914034807e+00,-1.177605212257729850e+00,-1.192471271838653646e+00,-1.200567237303685308e+00,-1.204687528042571953e+00,-1.206578186299999578e+00,-1.207278408607105558e+00,-1.207379739556159404e+00,-1.207205137105796355e+00,-1.206924063137056802e+00,-1.206622117616255929e+00,-1.206340983144707835e+00,-1.206100251580191074e+00,-1.205908821820359078e+00,-1.205770603201802738e+00,-1.205687248502254505e+00,-1.205659408416658085e+00,-1.000000000000000000e+00,-1.000000000000000000e+00,-1.000000000000000000e+00,-1.000000000000000000e+00,-1.000000000000000000e+00,-1.000000000000000000e+00,-1.000000000000000000e+00,-1.000000000000000000e+00,-1.000000000000000000e+00,-1.000000000000000000e+00,-1.000000000000000000e+00,-1.000000000000000000e+00,-1.000000000000000000e+00,-1.000000000000000000e+00,-1.000000000000000000e+00,-1.000000000000000000e+00,-1.000000000000000000e+00,-1.000000000000000000e+00,-1.000000000000000000e+00,-1.000000000000000000e+00,-1.000000000000000000e+00,-1.000000000000000000e+00,-1.000000000000000000e+00,-1.000000000000000000e+00,-1.000000000000000000e+00,-1.000000000000000000e+00,-1.000000000000000000e+00,-1.000000000000000000e+00,-1.000000000000000000e+00,-1.000000000000000000e+00,-1.000000000000000000e+00,-1.000000000000000000e+00,-1.000000000000000000e+00,-1.000000000000000000e+00,-1.000000000000000000e+00,-1.000000000000000000e+00,-1.000000000000000000e+00,-1.000000000000000000e+00,-1.000000000000000000e+00,-1.000000000000000000e+00,-1.000000000000000000e+00,-1.000000000000000000e+00,-1.000000000000000000e+00,-1.000000000000000000e+00,-1.000000000000000000e+00,-1.000000000000000000e+00
-1.000000000000000000e+00,-1.000000000000000000e+00,-1.000000000000000000e+00,-1.000000000000000000e+00,-1.000000000000000000e+00,-1.000000000000000000e+00,-1.000000000000000000e+00,-1.000000000000000000e+00,-1.000000000000000000e+00,-1.000000000000000000e+00,-1.000000000000000000e+00,-1.000000000000000000e+00,-1.000000000000000000e+00,-1.000000000000000000e+00,-1.000000000000000000e+00,-1.000000000000000000e+00,-1.000000000000000000e+00,-1.000000000000000000e+00,-1.000000000000000000e+00,-1.000000000000000000e+00,-1.000000000000000000e+00,-1.000000000000000000e+00,-1.000000000000000000e+00,-1.000000000000000000e+00,-1.000000000000000000e+00,-1.000000000000000000e+00,-1.000000000000000000e+00,-1.000000000000000000e+00,-1.000000000000000000e+00,-1.000000000000000000e+00,-1.000000000000000000e+00,-1.000000000000000000e+00,-1.000000000000000000e+00,-1.000000000000000000e+00,-1.000000000000000000e+00,-1.000000000000000000e+00,-1.000000000000000000e+00,-1.000000000000000000e+00,-1.000000000000000000e+00,-1.000000000000000000e+00,-1.000000000000000000e+00,-1.000000000000000000e+00,-1.000000000000000000e+00,-1.000000000000000000e+00,-1.000000000000000000e+00,-1.000000000000000000e+00,-1.205783329968598272e+00,-1.205811174165479560e+00,-1.205894537665163746e+00,-1.206032770925652864e+00,-1.206224219691482302e+00,-1.206464976295011704e+00,-1.206746142701429436e+00,-1.207048130230538696e+00,-1.207329263128034569e+00,-1.207503956894295793e+00,-1.207402781442052486e+00,-1.206702840418108602e+00,-1.204812702714483263e+00,-1.200693372094400635e+00,-1.192599141808476260e+00,-1.177736127320997639e+00,-1.151871642694474174e+00,-1.108997021897296431e+00,-1.041261681367843028e+00,-9.395580903784642723e-01,-7.953167579916852192e-01,-6.041775454166797843e-01,-3.720357914571464919e-01,-1.230532862342744727e-01,9.373937497497286664e-02,2.119429669899208779e-01,2.119429668922807597e-01,9.373937469581505866e-02,-1.230532866086064825e-01,-3.720357918425164501e-01,-6.041775457830396157e-01,-7.953167582890279252e-01,-9.395580905376226255e-01,-1.041261681389390681e+00,-1.108997021859695398e+00,-1.151871642629531900e+00,-1.177736127260547327e+00,-1.192599141843659893e+00,-1.200693372101912626e+00,-1.204812702712155126e+00,-1.206702840349407113e+00,-1.207402781325934926e+00,-1.207503956662782318e+00,-1.207329262724766483e+00,-1.207048129725812435e+00,-1.206746142019445855e+00,-1.206464975180097099e+00,-1.206224217990463643e+00,-1.206032768505567176e+00,-1.205894535622940023e+00,-1.205811172361387129e+00,-1.205783329390845982e+00,-1.000000000000000000e+00,-1.000000000000000000e+00,-1.000000000000000000e+00,-1.000000000000000000e+00,-1.000000000000000000e+00,-1.000000000000000000e+00,-1.000000000000000000e+00,-1.000000000000000000e+00,-1.000000000000000000e+00,-1.000000000000000000e+00,-1.000000000000000000e+00,-1.000000000000000000e+00,-1.000000000000000000e+00,-1.000000000000000000e+00,-1.000000000000000000e+00,-1.000000000000000000e+00,-1.000000000000000000e+00,-1.000000000000000000e+00,-1.000000000000000000e+00,-1.000000000000000000e+00,-1.000000000000000000e+00,-1.000000000000000000e+00,-1.000000000000000000e+00,-1.000000000000000000e+00,-1.000000000000000000e+00,-1.000000000000000000e+00,-1.000000000000000000e+00,-1.000000000000000000e+00,-1.000000000000000000e+00,-1.000000000000000000e+00,-1.000000000000000000e+00,-1.000000000000000000e+00,-1.000000000000000000e+00,-1.000000000000000000e+00,-1.000000000000000000e+00,-1.000000000000000000e+00,-1.000000000000000000e+00,-1.000000000000000000e+00,-1.000000000000000000e+00,-1.000000000000000000e+00,-1.000000000000000000e+00,-1.000000000000000000e+00,-1.000000000000000000e+00,-1.000000000000000000e+00,-1.000000000000000000e+00,-1.000000000000000000e+00
-1.000000000000000000e+00,-1.000000000000000000e+00,-1.000000000000000000e+00,-1.000000000000000000e+00,-1.000000000000000000e+00,-1.000000000000000000e+00,-1.000000000000000000e+00,-1.000000000000000000e+00,-1.000000000000000000e+00,-1.000000000000000000e+00,-1.000000000000000000e+00,-1.000000000000000000e+00,-1.000000000000000000e+00,-1.000000000000000000e+00,-1.000000000000000000e+00,-1.000000000000000000e+00,-1.000000000000000000e+00,-1.000000000000000000e+00,-1.000000000000000000e+00,-1.000000000000000000e+00,-1.000000000000000000e+00,-1.000000000000000000e+00,-1.000000000000000000e+00,-1.000000000000000000e+00,-1.000000000000000000e+00,-1.000000000000000000e+00,-1.000000000000000000e+00,-1.000000000000000000e+00,-1.000000000000000000e+00,-1.000000000000000000e+00,-1.000000000000000000e+00,-1.000000000000000000e+00,-1.000000000000000000e+00,-1.000000000000000000e+00,-1.000000000000000000e+00,-1.000000000000000000e+00,-1.000000000000000000e+00,-1.000000000000000000e+00,-1.000000000000000000e+00,-1.000000000000000000e+00,-1.000000000000000000e+00,-1.000000000000000000e+00,-1.000000000000000000e+00,-1.000000000000000000e+00,-1.000000000000000000e+00,-1.000000000000000000e+00,-1.205913981247247246e+00,-1.205941828962718843e+00,-1.206025202734693602e+00,-1.206163453037508271e+00,-1.206354925436498915e+00,-1.206595712449400892e+00,-1.206876917040510921e+00,-1.207178953663246679e+00,-1.207460154001084751e+00,-1.207634949972449023e+00,-1.207533945029257039e+00,-1.206834307863067446e+00,-1.204944727501679802e+00,-1.200826419339675599e+00,-1.192734031747001211e+00,-1.177874245796787900e+00,-1.152015224678874850e+00,-1.109149490235316726e+00,-1.041427975295153185e+00,-9.397448413978433113e-01,-7.955320686268749775e-01,-6.044300282229481125e-01,-3.723325043031198156e-01,-1.233964021568848546e-01,9.335660078963714525e-02,2.115384146647305563e-01,2.115384146169507762e-01,9.335660063602246872e-02,-1.233964023730251824e-01,-3.723325045021027568e-01,-6.044300283789716399e-01,-7.955320687251528078e-01,-9.397448414250495485e-01,-1.041427975242111170e+00,-1.109149490155026285e+00,-1.152015224632958024e+00,-1.177874245755821558e+00,-1.192734031810414930e+00,-1.200826419422615698e+00,-1.204944727534071003e+00,-1.206834307815452201e+00,-1.207533944923731228e+00,-1.207634949764819110e+00,-1.207460153579484885e+00,-1.207178953096414986e+00,-1.206876916270757327e+00,-1.206595711260707748e+00,-1.206354923660350353e+00,-1.206163450662000258e+00,-1.206025200748312987e+00,-1.205941827246005182e+00,-1.205913980796152973e+00,-1.000000000000000000e+00,-1.000000000000000000e+00,-1.000000000000000000e+00,-1.000000000000000000e+00,-1.000000000000000000e+00,-1.000000000000000000e+00,-1.000000000000000000e+00,-1.000000000000000000e+00,-1.000000000000000000e+00,-1.000000000000000000e+00,-1.000000000000000000e+00,-1.000000000000000000e+00,-1.000000000000000000e+00,-1.000000000000000000e+00,-1.000000000000000000e+00,-1.000000000000000000e+00,-1.000000000000000000e+00,-1.000000000000000000e+00,-1.000000000000000000e+00,-1.000000000000000000e+00,-1.000000000000000000e+00,-1.000000000000000000e+00,-1.000000000000000000e+00,-1.000000000000000000e+00,-1.000000000000000000e+00,-1.000000000000000000e+00,-1.000000000000000000e+00,-1.000000000000000000e+00,-1.000000000000000000e+00,-1.000000000000000000e+00,-1.000000000000000000e+00,-1.000000000000000000e+00,-1.000000000000000000e+00,-1.000000000000000000e+00,-1.000000000000000000e+00,-1.000000000000000000e+00,-1.000000000000000000e+00,-1.000000000000000000e+00,-1.000000000000000000e+00,-1.000000000000000000e+00,-1.000000000000000000e+00,-1.000000000000000000e+00,-1.000000000000000000e+00,-1.000000000000000000e+00,-1.000000000000000000e+00,-1.000000000000000000e+00
-1.000000000000000000e+00,-1.000000000000000000e+00,-1.000000000000000000e+00,-1.000000000000000000e+00,-1.000000000000000000e+00,-1.000000000000000000e+00,-1.000000000000000000e+00,-1.000000000000000000e+00,-1.000000000000000000e+00,-1.000000000000000000e+00,-1.000000000000000000e+00,-1.000000000000000000e+00,-1.000000000000000000e+00,-1.000000000000000000e+00,-1.000000000000000000e+00,-1.000000000000000000e+00,-1.000000000000000000e+00,-1.000000000000000000e+00,-1.000000000000000000e+00,-1.000000000000000000e+00,-1.000000000000000000e+00,-1.000000000000000000e+00,-1.000000000000000000e+00,-1.000000000000000000e+00,-1.000000000000000000e+00,-1.000000000000000000e+00,-1.000000000000000000e+00,-1.000000000000000000e+00,-1.000000000000000000e+00,-1.000000000000000000e+00,-1.000000000000000000e+00,-1.000000000000000000e+00,-1.000000000000000000e+00,-1.000000000000000000e+00,-1.000000000000000000e+00,-1.000000000000000000e+00,-1.000000000000000000e+00,-1.000000000000000000e+00,-1.000000000000000000e+00,-1.000000000000000000e+00,-1.000000000000000000e+00,-1.000000000000000000e+00,-1.000000000000000000e+00,-1.000000000000000000e+00,-1.000000000000000000e+00,-1.000000000000000000e+00,-1.206051298682450756e+00,-1.206079150567190394e+00,-1.206162536588984535e+00,-1.206300807061553515e+00,-1.206492307408345566e+00,-1.206733130288517808e+00,-1.207014379712909369e+00,-1.207316473350646291e+00,-1.207597750644398005e+00,-1.207772660747644444e+00,-1.207671842440995347e+00,-1.206972532975558954e+00,-1.205083548058669907e+00,-1.200966326277467244e+00,-1.192875890581272635e+00,-1.178019518615045502e+00,-1.152166269099021534e+00,-1.109309916447065225e+00,-1.041602992095209235e+00,-9.399414409462346631e-01,-7.957587921867149694e-01,-6.046959519556353024e-01,-3.726450621972874355e-01,-1.237578769235856413e-01,9.295332460955374465e-02,2.111121826630162346e-01,2.111121826680997238e-01,9.295332460719674117e-02,-1.237578769386359356e-01,-3.726450621974929378e-01,-6.046959519376541303e-01,-7.957587921101191286e-01,-9.399414408221510309e-01,-1.041602991956809054e+00,-1.109309916307430699e+00,-1.152166269043601421e+00,-1.178019518609378702e+00,-1.192875890675810568e+00,-1.200966326451718968e+00,-1.205083548190572618e+00,-1.206972532989044833e+00,-1.207671842314800736e+00,-1.207772660468614312e+00,-1.207597750128846847e+00,-1.207316472702086640e+00,-1.207014378924044617e+00,-1.206733129150050265e+00,-1.206492305697053347e+00,-1.206300804855425346e+00,-1.206162534748957516e+00,-1.206079149062021738e+00,-1.206051298450450560e+00,-1.000000000000000000e+00,-1.000000000000000000e+00,-1.000000000000000000e+00,-1.000000000000000000e+00,-1.000000000000000000e+00,-1.000000000000000000e+00,-1.000000000000000000e+00,-1.000000000000000000e+00,-1.000000000000000000e+00,-1.000000000000000000e+00,-1.000000000000000000e+00,-1.000000000000000000e+00,-1.000000000000000000e+00,-1.000000000000000000e+00,-1.000000000000000000e+00,-1.000000000000000000e+00,-1.000000000000000000e+00,-1.000000000000000000e+00,-1.000000000000000000e+00,-1.000000000000000000e+00,-1.000000000000000000e+00,-1.000000000000000000e+00,-1.000000000000000000e+00,-1.000000000000000000e+00,-1.000000000000000000e+00,-1.000000000000000000e+00,-1.000000000000000000e+00,-1.000000000000000000e+00,-1.000000000000000000e+00,-1.000000000000000000e+00,-1.000000000000000000e+00,-1.000000000000000000e+00,-1.000000000000000000e+00,-1.000000000000000000e+00,-1.000000000000000000e+00,-1.000000000000000000e+00,-1.000000000000000000e+00,-1.000000000000000000e+00,-1.000000000000000000e+00,-1.000000000000000000e+00,-1.000000000000000000e+00,-1.000000000000000000e+00,-1.000000000000000000e+00,-1.000000000000000000e+00,-1.000000000000000000e+00,-1.000000000000000000e+00
-1.000000000000000000e+00,-1.000000000000000000e+00,-1.000000000000000000e+00,-1.000000000000000000e+00,-1.000000000000000000e+00,-1.000000000000000000e+00,-1.000000000000000000e+00,-1.000000000000000000e+00,-1.000000000000000000e+00,-1.000000000000000000e+00,-1.000000000000000000e+00,-1.000000000000000000e+00,-1.000000000000000000e+00,-1.000000000000000000e+00,-1.000000000000000000e+00,-1.000000000000000000e+00,-1.000000000000000000e+00,-1.000000000000000000e+00,-1.000000000000000000e+00,-1.000000000000000000e+00,-1.000000000000000000e+00,-1.000000000000000000e+00,-1.000000000000000000e+00,-1.000000000000000000e+00,-1.000000000000000000e+00,-1.000000000000000000e+00,-1.000000000000000000e+00,-1.000000000000000000e+00,-1.000000000000000000e+00,-1.000000000000000000e+00,-1.000000000000000000e+00,-1.000000000000000000e+00,-1.000000000000000000e+00,-1.000000000000000000e+00,-1.000000000000000000e+00,-1.000000000000000000e+00,-1.000000000000000000e+00,-1.000000000000000000e+00,-1.000000000000000000e+00,-1.000000000000000000e+00,-1.000000000000000000e+00,-1.000000000000000000e+00,-1.000000000000000000e+00,-1.000000000000000000e+00,-1.000000000000000000e+00,-1.000000000000000000e+00,-1.206195212369265857e+00,-1.206223069142928317e+00,-1.206306469596684305e+00,-1.206444763733014902e+00,-1.206636296901375971e+00,-1.206877161850503866e+00,-1.207158463643170698e+00,-1.207460623212436301e+00,-1.207741988086921126e+00,-1.207917025482946105e+00,-1.207816411286791958e+00,-1.207117454813112278e+00,-1.205229105006169643e+00,-1.201113035237286075e+00,-1.193024662544894143e+00,-1.178171892179131319e+00,-1.152324724893040386e+00,-1.109478252485165850e+00,-1.041786687297767466e+00,-9.401478486763981124e-01,-7.959968927903007252e-01,-6.049752851089658101e-01,-3.729734373104803824e-01,-1.241376851601095899e-01,9.252957057115485107e-02,2.106642943056160622e-01,2.106642943411267677e-01,9.252957067635314559e-02,-1.241376849998162557e-01,-3.729734371154443950e-01,-6.049752849397953547e-01,-7.959968925920113403e-01,-9.401478484141854164e-01,-1.041786687055785254e+00,-1.109478252280050592e+00,-1.152324724803229339e+00,-1.178171892215867711e+00,-1.193024662692857341e+00,-1.201113035483702074e+00,-1.205229105215344099e+00,-1.207117454872504547e+00,-1.207816411124156941e+00,-1.207917025090449403e+00,-1.207741987444846954e+00,-1.207460622477315892e+00,-1.207158462885434380e+00,-1.206877160856275166e+00,-1.206636295370675960e+00,-1.206444761770282037e+00,-1.206306467898966339e+00,-1.206223067836608376e+00,-1.206195212317495491e+00,-1.000000000000000000e+00,-1.000000000000000000e+00,-1.000000000000000000e+00,-1.000000000000000000e+00,-1.000000000000000000e+00,-1.000000000000000000e+00,-1.000000000000000000e+00,-1.000000000000000000e+00,-1.000000000000000000e+00,-1.000000000000000000e+00,-1.000000000000000000e+00,-1.000000000000000000e+00,-1.000000000000000000e+00,-1.000000000000000000e+00,-1.000000000000000000e+00,-1.000000000000000000e+00,-1.000000000000000000e+00,-1.000000000000000000e+00,-1.000000000000000000e+00,-1.000000000000000000e+00,-1.000000000000000000e+00,-1.000000000000000000e+00,-1.000000000000000000e+00,-1.000000000000000000e+00,-1.000000000000000000e+00,-1.000000000000000000e+00,-1.000000000000000000e+00,-1.000000000000000000e+00,-1.000000000000000000e+00,-1.000000000000000000e+00,-1.000000000000000000e+00,-1.000000000000000000e+00,-1.000000000000000000e+00,-1.000000000000000000e+00,-1.000000000000000000e+00,-1.000000000000000000e+00,-1.000000000000000000e+00,-1.000000000000000000e+00,-1.000000000000000000e+00,-1.000000000000000000e+00,-1.000000000000000000e+00,-1.000000000000000000e+00,-1.000000000000000000e+00,-1.000000000000000000e+00,-1.000000000000000000e+00,-1.000000000000000000e+00
-1.000000000000000000e+00,-1.000000000000000000e+00,-1.000000000000000000e+00,-1.000000000000000000e+00,-1.000000000000000000e+00,-1.000000000000000000e+00,-1.000000000000000000e+00,-1.000000000000000000e+00,-1.000000000000000000e+00,-1.000000000000000000e+00,-1.000000000000000000e+00,-1.000000000000000000e+00,-1.000000000000000000e+00,-1.000000000000000000e+00,-1.000000000000000000e+00,-1.000000000000000000e+00,-1.000000000000000000e+00,-1.000000000000000000e+00,-1.000000000000000000e+00,-1.000000000000000000e+00,-1.000000000000000000e+00,-1.000000000000000000e+00,-1.000000000000000000e+00,-1.000000000000000000e+00,-1.000000000000000000e+00,-1.000000000000000000e+00,-1.000000000000000000e+00,-1.000000000000000000e+00,-1.000000000000000000e+00,-1.000000000000000000e+00,-1.000000000000000000e+00,-1.000000000000000000e+00,-1.000000000000000000e+00,-1.000000000000000000e+00,-1.000000000000000000e+00,-1.000000000000000000e+00,-1.000000000000000000e+00,-1.000000000000000000e+00,-1.000000000000000000e+00,-1.000000000000000000e+00,-1.000000000000000000e+00,-1.000000000000000000e+00,-1.000000000000000000e+00,-1.000000000000000000e+00,-1.000000000000000000e+00,-1.000000000000000000e+00,-1.206345645668202904e+00,-1.206373508101643122e+00,-1.206456925368726063e+00,-1.206595247076181820e+00,-1.206786818552862739e+00,-1.207027732532632402e+00,-1.207309095101463114e+00,-1.207611330521332293e+00,-1.207892794759187094e+00,-1.208067973928571126e+00,-1.207967582780276938e+00,-1.207269006185996751e+00,-1.205381332894401192e+00,-1.201266482677616043e+00,-1.193180286218136654e+00,-1.178331307486053525e+00,-1.152490535882722655e+00,-1.109654445535207090e+00,-1.041979012090600953e+00,-9.403640204182859286e-01,-7.962463313561599643e-01,-6.052679936809347572e-01,-3.733176000349736068e-01,-1.245358003502772259e-01,9.208536348403328908e-02,2.101947733447560029e-01,2.101947734011182511e-01,9.208536365795216838e-02,-1.245358000780530938e-01,-3.733175996881704650e-01,-6.052679933676821111e-01,-7.962463310830751873e-01,-9.403640200894628487e-01,-1.041979011765669094e+00,-1.109654445260296773e+00,-1.152490535724559173e+00,-1.178331307528278860e+00,-1.193180286422736547e+00,-1.201266482978393002e+00,-1.205381333120197906e+00,-1.207269006210311080e+00,-1.207967582539795970e+00,-1.208067973438168075e+00,-1.207892794051901530e+00,-1.207611329769800124e+00,-1.207309094445458086e+00,-1.207027731747529531e+00,-1.206786817276718660e+00,-1.206595245390088111e+00,-1.206456923755659494e+00,-1.206373506883919422e+00,-1.206345645645441556e+00,-1.000000000000000000e+00,-1.000000000000000000e+00,-1.000000000000000000e+00,-1.000000000000000000e+00,-1.000000000000000000e+00,-1.000000000000000000e+00,-1.000000000000000000e+00,-1.000000000000000000e+00,-1.000000000000000000e+00,-1.000000000000000000e+00,-1.000000000000000000e+00,-1.000000000000000000e+00,-1.000000000000000000e+00,-1.000000000000000000e+00,-1.000000000000000000e+00,-1.000000000000000000e+00,-1.000000000000000000e+00,-1.000000000000000000e+00,-1.000000000000000000e+00,-1.000000000000000000e+00,-1.000000000000000000e+00,-1.000000000000000000e+00,-1.000000000000000000e+00,-1.000000000000000000e+00,-1.000000000000000000e+00,-1.000000000000000000e+00,-1.000000000000000000e+00,-1.000000000000000000e+00,-1.000000000000000000e+00,-1.000000000000000000e+00,-1.000000000000000000e+00,-1.000000000000000000e+00,-1.000000000000000000e+00,-1.000000000000000000e+00,-1.000000000000000000e+00,-1.000000000000000000e+00,-1.000000000000000000e+00,-1.000000000000000000e+00,-1.000000000000000000e+00,-1.000000000000000000e+00,-1.000000000000000000e+00,-1.000000000000000000e+00,-1.000000000000000000e+00,-1.000000000000000000e+00,-1.000000000000000000e+00,-1.000000000000000000e+00
-1.000000000000000000e+00,-1.000000000000000000e+00,-1.000000000000000000e+00,-1.000000000000000000e+00,-1.000000000000000000e+00,-1.000000000000000000e+00,-1.000000000000000000e+00,-1.000000000000000000e+00,-1.000000000000000000e+00,-1.000000000000000000e+00,-1.000000000000000000e+00,-1.000000000000000000e+00,-1.000000000000000000e+00,-1.000000000000000000e+00,-1.000000000000000000e+00,-1.000000000000000000e+00,-1.000000000000000000e+00,-1.000000000000000000e+00,-1.000000000000000000e+00,-1.000000000000000000e+00,-1.000000000000000000e+00,-1.000000000000000000e+00,-1.000000000000000000e+00,-1.000000000000000000e+00,-1.000000000000000000e+00,-1.000000000000000000e+00,-1.000000000000000000e+00,-1.000000000000000000e+00,-1.000000000000000000e+00,-1.000000000000000000e+00,-1.000000000000000000e+00,-1.000000000000000000e+00,-1.000000000000000000e+00,-1.000000000000000000e+00,-1.000000000000000000e+00,-1.000000000000000000e+00,-1.000000000000000000e+00,-1.000000000000000000e+00,-1.000000000000000000e+00,-1.000000000000000000e+00,-1.000000000000000000e+00,-1.000000000000000000e+00,-1.000000000000000000e+00,-1.000000000000000000e+00,-1.000000000000000000e+00,-1.000000000000000000e+00,-1.206502513936401400e+00,-1.206530382867439188e+00,-1.206613819563007395e+00,-1.206752173192527033e+00,-1.206943789060272998e+00,-1.207184759754688974e+00,-1.207466192370881819e+00,-1.207768514598515086e+00,-1.208050091191385844e+00,-1.208225427978356858e+00,-1.208125280331997065e+00,-1.207427112183744988e+00,-1.205540158668433115e+00,-1.201426597607665014e+00,-1.193342692935789984e+00,-1.178497698556888906e+00,-1.152663639267233808e+00,-1.109838436608438839e+00,-1.042179912030089417e+00,-9.405899070010018681e-01,-7.965070645155059026e-01,-6.055740401688879393e-01,-3.736775180799509766e-01,-1.249521940574834789e-01,9.162072947205346374e-02,2.097036444891533513e-01,2.097036445663160720e-01,9.162072969238344022e-02,-1.249521937559676665e-01,-3.736775177059568076e-01,-6.055740397706232958e-01,-7.965070641657350237e-01,-9.405899066259607588e-01,-1.042179911642384660e+00,-1.109838436282104546e+00,-1.152663639055883982e+00,-1.178497698576834063e+00,-1.193342693166740798e+00,-1.201426597937106155e+00,-1.205540158886389213e+00,-1.207427112138884651e+00,-1.208125279990980960e+00,-1.208225427408918584e+00,-1.208050090469292126e+00,-1.207768513878530792e+00,-1.207466191842720082e+00,-1.207184759164846133e+00,-1.206943788016850760e+00,-1.206752171752714320e+00,-1.206613817980240366e+00,-1.206530381664179252e+00,-1.206502513836829715e+00,-1.000000000000000000e+00,-1.000000000000000000e+00,-1.000000000000000000e+00,-1.000000000000000000e+00,-1.000000000000000000e+00,-1.000000000000000000e+00,-1.000000000000000000e+00,-1.000000000000000000e+00,-1.000000000000000000e+00,-1.000000000000000000e+00,-1.000000000000000000e+00,-1.000000000000000000e+00,-1.000000000000000000e+00,-1.000000000000000000e+00,-1.000000000000000000e+00,-1.000000000000000000e+00,-1.000000000000000000e+00,-1.000000000000000000e+00,-1.000000000000000000e+00,-1.000000000000000000e+00,-1.000000000000000000e+00,-1.000000000000000000e+00,-1.000000000000000000e+00,-1.000000000000000000e+00,-1.000000000000000000e+00,-1.000000000000000000e+00,-1.000000000000000000e+00,-1.000000000000000000e+00,-1.000000000000000000e+00,-1.000000000000000000e+00,-1.000000000000000000e+00,-1.000000000000000000e+00,-1.000000000000000000e+00,-1.000000000000000000e+00,-1.000000000000000000e+00,-1.000000000000000000e+00,-1.000000000000000000e+00,-1.000000000000000000e+00,-1.000000000000000000e+00,-1.000000000000000000e+00,-1.000000000000000000e+00,-1.000000000000000000e+00,-1.000000000000000000e+00,-1.000000000000000000e+00,-1.000000000000000000e+00,-1.000000000000000000e+00
-1.000000000000000000e+00,-1.000000000000000000e+00,-1.000000000000000000e+00,-1.000000000000000000e+00,-1.000000000000000000e+00,-1.000000000000000000e+00,-1.000000000000000000e+00,-1.000000000000000000e+00,-1.000000000000000000e+00,-1.000000000000000000e+00,-1.000000000000000000e+00,-1.000000000000000000e+00,-1.000000000000000000e+00,-1.000000000000000000e+00,-1.000000000000000000e+00,-1.000000000000000000e+00,-1.000000000000000000e+00,-1.000000000000000000e+00,-1.000000000000000000e+00,-1.000000000000000000e+00,-1.000000000000000000e+00,-1.000000000000000000e+00,-1.000000000000000000e+00,-1.000000000000000000e+00,-1.000000000000000000e+00,-1.000000000000000000e+00,-1.000000000000000000e+00,-1.000000000000000000e+00,-1.000000000000000000e+00,-1.000000000000000000e+00,-1.000000000000000000e+00,-1.000000000000000000e+00,-1.000000000000000000e+00,-1.000000000000000000e+00,-1.000000000000000000e+00,-1.000000000000000000e+00,-1.000000000000000000e+00,-1.000000000000000000e+00,-1.000000000000000000e+00,-1.000000000000000000e+00,-1.000000000000000000e+00,-1.000000000000000000e+00,-1.000000000000000000e+00,-1.000000000000000000e+00,-1.000000000000000000e+00,-1.000000000000000000e+00,-1.206665722899460391e+00,-1.206693599253176874e+00,-1.206777058236285116e+00,-1.206915448522937861e+00,-1.207107115341448988e+00,-1.207348151049178808e+00,-1.207629663775945605e+00,-1.207932084760058089e+00,-1.208213787881933010e+00,-1.208389299489472268e+00,-1.208289417344474925e+00,-1.207591687958488702e+00,-1.205705499450310025e+00,-1.201593299384474900e+00,-1.193511804617461980e+00,-1.178670990306518451e+00,-1.152843963527757865e+00,-1.110030158484060614e+00,-1.042389325053185267e+00,-9.408254523910047906e-01,-7.967790429261107921e-01,-6.058933820708539697e-01,-3.740531551328106774e-01,-1.253868346949325030e-01,9.113569714466196459e-02,2.091909345458475844e-01,2.091909346216382914e-01,9.113569736778304176e-02,-1.253868344070036001e-01,-3.740531548210448420e-01,-6.058933816936915573e-01,-7.967790425355392170e-01,-9.408254519734249310e-01,-1.042389324616620261e+00,-1.110030158134761802e+00,-1.152843963310938857e+00,-1.178670990303584132e+00,-1.193511804809706867e+00,-1.201593299648060276e+00,-1.205705499603007436e+00,-1.207591687852681117e+00,-1.208289416956026985e+00,-1.208389298925326427e+00,-1.208213787235603132e+00,-1.207932084140540319e+00,-1.207629663394292452e+00,-1.207348150593826830e+00,-1.207107114419951888e+00,-1.206915447216245330e+00,-1.206777056626692657e+00,-1.206693598071647333e+00,-1.206665722746941505e+00,-1.000000000000000000e+00,-1.000000000000000000e+00,-1.000000000000000000e+00,-1.000000000000000000e+00,-1.000000000000000000e+00,-1.000000000000000000e+00,-1.000000000000000000e+00,-1.000000000000000000e+00,-1.000000000000000000e+00,-1.000000000000000000e+00,-1.000000000000000000e+00,-1.000000000000000000e+00,-1.000000000000000000e+00,-1.000000000000000000e+00,-1.000000000000000000e+00,-1.000000000000000000e+00,-1.000000000000000000e+00,-1.000000000000000000e+00,-1.000000000000000000e+00,-1.000000000000000000e+00,-1.000000000000000000e+00,-1.000000000000000000e+00,-1.000000000000000000e+00,-1.000000000000000000e+00,-1.000000000000000000e+00,-1.000000000000000000e+00,-1.000000000000000000e+00,-1.000000000000000000e+00,-1.000000000000000000e+00,-1.000000000000000000e+00,-1.000000000000000000e+00,-1.000000000000000000e+00,-1.000000000000000000e+00,-1.000000000000000000e+00,-1.000000000000000000e+00,-1.000000000000000000e+00,-1.000000000000000000e+00,-1.000000000000000000e+00,-1.000000000000000000e+00,-1.000000000000000000e+00,-1.000000000000000000e+00,-1.000000000000000000e+00,-1.000000000000000000e+00,-1.000000000000000000e+00,-1.000000000000000000e+00,-1.000000000000000000e+00
-1.000000000000000000e+00,-1.000000000000000000e+00,-1.000000000000000000e+00,-1.000000000000000000e+00,-1.000000000000000000e+00,-1.000000000000000000e+00,-1.000000000000000000e+00,-1.000000000000000000e+00,-1.000000000000000000e+00,-1.000000000000000000e+00,-1.000000000000000000e+00,-1.000000000000000000e+00,-1.000000000000000000e+00,-1.000000000000000000e+00,-1.000000000000000000e+00,-1.000000000000000000e+00,-1.000000000000000000e+00,-1.000000000000000000e+00,-1.000000000000000000e+00,-1.000000000000000000e+00,-1.000000000000000000e+00,-1.000000000000000000e+00,-1.000000000000000000e+00,-1.000000000000000000e+00,-1.000000000000000000e+00,-1.000000000000000000e+00,-1.000000000000000000e+00,-1.000000000000000000e+00,-1.000000000000000000e+00,-1.000000000000000000e+00,-1.000000000000000000e+00,-1.000000000000000000e+00,-1.000000000000000000e+00,-1.000000000000000000e+00,-1.000000000000000000e+00,-1.000000000000000000e+00,-1.000000000000000000e+00,-1.000000000000000000e+00,-1.000000000000000000e+00,-1.000000000000000000e+00,-1.000000000000000000e+00,-1.000000000000000000e+00,-1.000000000000000000e+00,-1.000000000000000000e+00,-1.000000000000000000e+00,-1.000000000000000000e+00,-1.206835166437475237e+00,-1.206863051206764847e+00,-1.206946535494010986e+00,-1.207084967401198750e+00,-1.207276692036775234e+00,-1.207517801516465150e+00,-1.207799405051979580e+00,-1.208101937553598626e+00,-1.208383782387779881e+00,-1.208559487242435893e+00,-1.208459894060467388e+00,-1.207762635482039881e+00,-1.205877259232491339e+00,-1.201766494375644978e+00,-1.193687530443369393e+00,-1.178851095280513128e+00,-1.153031425265233834e+00,-1.110229532665467644e+00,-1.042607178552415137e+00,-9.410705908879219983e-01,-7.970622086127112649e-01,-6.062259694166041157e-01,-3.744444686285787194e-01,-1.258396855401862080e-01,9.063029940524769401e-02,2.086566741776942902e-01,2.086566742098363569e-01,9.063029954325441118e-02,-1.258396852963427071e-01,-3.744444683628382897e-01,-6.062259691052872546e-01,-7.970622082609730708e-01,-9.410705904889106188e-01,-1.042607178114758559e+00,-1.110229532315331280e+00,-1.153031425061455506e+00,-1.178851095261098880e+00,-1.193687530574926381e+00,-1.201766494519115769e+00,-1.205877259266182833e+00,-1.207762635316187882e+00,-1.208459893680280839e+00,-1.208559486769182234e+00,-1.208383781901651854e+00,-1.208101937088821520e+00,-1.207799404807626598e+00,-1.207517801110045363e+00,-1.207276691095444443e+00,-1.207084966083992184e+00,-1.206946533799167609e+00,-1.206863050086689482e+00,-1.206835166322081765e+00,-1.000000000000000000e+00,-1.000000000000000000e+00,-1.000000000000000000e+00,-1.000000000000000000e+00,-1.000000000000000000e+00,-1.000000000000000000e+00,-1.000000000000000000e+00,-1.000000000000000000e+00,-1.000000000000000000e+00,-1.000000000000000000e+00,-1.000000000000000000e+00,-1.000000000000000000e+00,-1.000000000000000000e+00,-1.000000000000000000e+00,-1.000000000000000000e+00,-1.000000000000000000e+00,-1.000000000000000000e+00,-1.000000000000000000e+00,-1.000000000000000000e+00,-1.000000000000000000e+00,-1.000000000000000000e+00,-1.000000000000000000e+00,-1.000000000000000000e+00,-1.000000000000000000e+00,-1.000000000000000000e+00,-1.000000000000000000e+00,-1.000000000000000000e+00,-1.000000000000000000e+00,-1.000000000000000000e+00,-1.000000000000000000e+00,-1.000000000000000000e+00,-1.000000000000000000e+00,-1.000000000000000000e+00,-1.000000000000000000e+00,-1.000000000000000000e+00,-1.000000000000000000e+00,-1.000000000000000000e+00,-1.000000000000000000e+00,-1.000000000000000000e+00,-1.000000000000000000e+00,-1.000000000000000000e+00,-1.000000000000000000e+00,-1.000000000000000000e+00,-1.000000000000000000e+00,-1.000000000000000000e+00,-1.000000000000000000e+00
-1.000000000000000000e+00,-1.000000000000000000e+00,-1.000000000000000000e+00,-1.000000000000000000e+00,-1.000000000000000000e+00,-1.000000000000000000e+00,-1.000000000000000000e+00,-1.000000000000000000e+00,-1.000000000000000000e+00,-1.000000000000000000e+00,-1.000000000000000000e+00,-1.000000000000000000e+00,-1.000000000000000000e+00,-1.000000000000000000e+00,-1.000000000000000000e+00,-1.000000000000000000e+00,-1.000000000000000000e+00,-1.000000000000000000e+00,-1.000000000000000000e+00,-1.000000000000000000e+00,-1.000000000000000000e+00,-1.000000000000000000e+00,-1.000000000000000000e+00,-1.000000000000000000e+00,-1.000000000000000000e+00,-1.000000000000000000e+00,-1.000000000000000000e+00,-1.000000000000000000e+00,-1.000000000000000000e+00,-1.000000000000000000e+00,-1.000000000000000000e+00,-1.000000000000000000e+00,-1.000000000000000000e+00,-1.000000000000000000e+00,-1.000000000000000000e+00,-1.000000000000000000e+00,-1.000000000000000000e+00,-1.000000000000000000e+00,-1.000000000000000000e+00,-1.000000000000000000e+00,-1.000000000000000000e+00,-1.000000000000000000e+00,-1.000000000000000000e+00,-1.000000000000000000e+00,-1.000000000000000000e+00,-1.000000000000000000e+00,-1.207010723397663243e+00,-1.207038617575509010e+00,-1.207122130145052763e+00,-1.207260608609751706e+00,-1.207452397954044354e+00,-1.207693590103235959e+00,-1.207975295423026507e+00,-1.208277952636327868e+00,-1.208559955010817255e+00,-1.208735872449095305e+00,-1.208636592915080632e+00,-1.207939838780800468e+00,-1.206055324045674171e+00,-1.201946071099300850e+00,-1.193869761992311318e+00,-1.179037908819218661e+00,-1.153225924442764505e+00,-1.110436464774971377e+00,-1.042833384992343904e+00,-9.413252429997217563e-01,-7.973564910963750751e-01,-6.065717411255563407e-01,-3.748514063229989590e-01,-1.263107015241947684e-01,9.010457646720682057e-02,2.081009008135703553e-01,2.081009008003911198e-01,9.010457646649494556e-02,-1.263107014140238959e-01,-3.748514061312433476e-01,-6.065717408844182312e-01,-7.973564908143560004e-01,-9.413252426635493331e-01,-1.042833384609497482e+00,-1.110436464455607952e+00,-1.153225924243752143e+00,-1.179037908752600616e+00,-1.193869762045055571e+00,-1.201946071133911831e+00,-1.206055323979502436e+00,-1.207939838585114112e+00,-1.208636592584269920e+00,-1.208735872099726771e+00,-1.208559954699439665e+00,-1.208277952313218773e+00,-1.207975295259575033e+00,-1.207693589671974710e+00,-1.207452396907419345e+00,-1.207260607206436909e+00,-1.207122128349904955e+00,-1.207038616542327691e+00,-1.207010723380136596e+00,-1.000000000000000000e+00,-1.000000000000000000e+00,-1.000000000000000000e+00,-1.000000000000000000e+00,-1.000000000000000000e+00,-1.000000000000000000e+00,-1.000000000000000000e+00,-1.000000000000000000e+00,-1.000000000000000000e+00,-1.000000000000000000e+00,-1.000000000000000000e+00,-1.000000000000000000e+00,-1.000000000000000000e+00,-1.000000000000000000e+00,-1.000000000000000000e+00,-1.000000000000000000e+00,-1.000000000000000000e+00,-1.000000000000000000e+00,-1.000000000000000000e+00,-1.000000000000000000e+00,-1.000000000000000000e+00,-1.000000000000000000e+00,-1.000000000000000000e+00,-1.000000000000000000e+00,-1.000000000000000000e+00,-1.000000000000000000e+00,-1.000000000000000000e+00,-1.000000000000000000e+00,-1.000000000000000000e+00,-1.000000000000000000e+00,-1.000000000000000000e+00,-1.000000000000000000e+00,-1.000000000000000000e+00,-1.000000000000000000e+00,-1.000000000000000000e+00,-1.000000000000000000e+00,-1.000000000000000000e+00,-1.000000000000000000e+00,-1.000000000000000000e+00,-1.000000000000000000e+00,-1.000000000000000000e+00,-1.000000000000000000e+00,-1.000000000000000000e+00,-1.000000000000000000e+00,-1.000000000000000000e+00,-1.000000000000000000e+00
-1.000000000000000000e+00,-1.000000000000000000e+00,-1.000000000000000000e+00,-1.000000000000000000e+00,-1.000000000000000000e+00,-1.000000000000000000e+00,-1.000000000000000000e+00,-1.000000000000000000e+00,-1.000000000000000000e+00,-1.000000000000000000e+00,-1.000000000000000000e+00,-1.000000000000000000e+00,-1.000000000000000000e+00,-1.000000000000000000e+00,-1.000000000000000000e+00,-1.000000000000000000e+00,-1.000000000000000000e+00,-1.000000000000000000e+00,-1.000000000000000000e+00,-1.000000000000000000e+00,-1.000000000000000000e+00,-1.000000000000000000e+00,-1.000000000000000000e+00,-1.000000000000000000e+00,-1.000000000000000000e+00,-1.000000000000000000e+00,-1.000000000000000000e+00,-1.000000000000000000e+00,-1.000000000000000000e+00,-1.000000000000000000e+00,-1.000000000000000000e+00,-1.000000000000000000e+00,-1.000000000000000000e+00,-1.000000000000000000e+00,-1.000000000000000000e+00,-1.000000000000000000e+00,-1.000000000000000000e+00,-1.000000000000000000e+00,-1.000000000000000000e+00,-1.000000000000000000e+00,-1.000000000000000000e+00,-1.000000000000000000e+00,-1.000000000000000000e+00,-1.000000000000000000e+00,-1.000000000000000000e+00,-1.000000000000000000e+00,-1.207192253068830601e+00,-1.207220157548408279e+00,-1.207303701077006464e+00,-1.207442230631918800e+00,-1.207634091112030905e+00,-1.207875374355738218e+00,-1.208157192023671778e+00,-1.208459986869394376e+00,-1.208742162576484702e+00,-1.208918312232121206e+00,-1.208819371746050475e+00,-1.208123156921814045e+00,-1.206239554789709567e+00,-1.202131892984290129e+00,-1.194058366016172323e+00,-1.179231301915975250e+00,-1.153427337379144157e+00,-1.110650837726665507e+00,-1.043067835315071079e+00,-9.415893091545045612e-01,-7.976618014858051220e-01,-6.069306195035208962e-01,-3.752739011582671980e-01,-1.267998244067232161e-01,8.955858042121289664e-02,2.075236630218479927e-01,2.075236630266197313e-01,8.955858038263042609e-02,-1.267998244239842975e-01,-3.752739010861014801e-01,-6.069306193579950826e-01,-7.976618012916738554e-01,-9.415893089112185033e-01,-1.043067835034803048e+00,-1.110650837475130492e+00,-1.153427337187112656e+00,-1.179231301774459340e+00,-1.194058365963994950e+00,-1.202131892938673952e+00,-1.206239554693746108e+00,-1.208123156767411333e+00,-1.208819371510744478e+00,-1.208918312000467399e+00,-1.208742162391206243e+00,-1.208459986611652326e+00,-1.208157191839158484e+00,-1.207875373835314736e+00,-1.207634089935451405e+00,-1.207442229146300505e+00,-1.207303699213715831e+00,-1.207220156588996396e+00,-1.207192253131833093e+00,-1.000000000000000000e+00,-1.000000000000000000e+00,-1.000000000000000000e+00,-1.000000000000000000e+00,-1.000000000000000000e+00,-1.000000000000000000e+00,-1.000000000000000000e+00,-1.000000000000000000e+00,-1.000000000000000000e+00,-1.000000000000000000e+00,-1.000000000000000000e+00,-1.000000000000000000e+00,-1.000000000000000000e+00,-1.000000000000000000e+00,-1.000000000000000000e+00,-1.000000000000000000e+00,-1.000000000000000000e+00,-1.000000000000000000e+00,-1.000000000000000000e+00,-1.000000000000000000e+00,-1.000000000000000000e+00,-1.000000000000000000e+00,-1.000000000000000000e+00,-1.000000000000000000e+00,-1.000000000000000000e+00,-1.000000000000000000e+00,-1.000000000000000000e+00,-1.000000000000000000e+00,-1.000000000000000000e+00,-1.000000000000000000e+00,-1.000000000000000000e+00,-1.000000000000000000e+00,-1.000000000000000000e+00,-1.000000000000000000e+00,-1.000000000000000000e+00,-1.000000000000000000e+00,-1.000000000000000000e+00,-1.000000000000000000e+00,-1.000000000000000000e+00,-1.000000000000000000e+00,-1.000000000000000000e+00,-1.000000000000000000e+00,-1.000000000000000000e+00,-1.000000000000000000e+00,-1.000000000000000000e+00,-1.000000000000000000e+00
-1.000000000000000000e+00,-1.000000000000000000e+00,-1.000000000000000000e+00,-1.000000000000000000e+00,-1.000000000000000000e+00,-1.000000000000000000e+00,-1.000000000000000000e+00,-1.000000000000000000e+00,-1.000000000000000000e+00,-1.000000000000000000e+00,-1.000000000000000000e+00,-1.000000000000000000e+00,-1.000000000000000000e+00,-1.000000000000000000e+00,-1.000000000000000000e+00,-1.000000000000000000e+00,-1.000000000000000000e+00,-1.000000000000000000e+00,-1.000000000000000000e+00,-1.000000000000000000e+00,-1.000000000000000000e+00,-1.000000000000000000e+00,-1.000000000000000000e+00,-1.000000000000000000e+00,-1.000000000000000000e+00,-1.000000000000000000e+00,-1.000000000000000000e+00,-1.000000000000000000e+00,-1.000000000000000000e+00,-1.000000000000000000e+00,-1.000000000000000000e+00,-1.000000000000000000e+00,-1.000000000000000000e+00,-1.000000000000000000e+00,-1.000000000000000000e+00,-1.000000000000000000e+00,-1.000000000000000000e+00,-1.000000000000000000e+00,-1.000000000000000000e+00,-1.000000000000000000e+00,-1.000000000000000000e+00,-1.000000000000000000e+00,-1.000000000000000000e+00,-1.000000000000000000e+00,-1.000000000000000000e+00,-1.000000000000000000e+00,-1.207379588859771147e+00,-1.207407504296072798e+00,-1.207491080770212610e+00,-1.207629664903967726e+00,-1.207821601613258355e+00,-1.208062982843021382e+00,-1.208344921827744889e+00,-1.208647865733413429e+00,-1.208930229342054963e+00,-1.209106630063373267e+00,-1.209008053828607210e+00,-1.208312413717104850e+00,-1.206429776683887622e+00,-1.202323787657586962e+00,-1.194253173684129088e+00,-1.179431110560164475e+00,-1.153635506329646399e+00,-1.110872501652652389e+00,-1.043310389271020933e+00,-9.418626604664694923e-01,-7.979780237143068167e-01,-6.073025019846720607e-01,-3.757118634961077452e-01,-1.273069754166924472e-01,8.899238232733797105e-02,2.069250274326150940e-01,2.069250274447775872e-01,8.899238228015038388e-02,-1.273069755092051114e-01,-3.757118635339864454e-01,-6.073025019544637804e-01,-7.979780236411323502e-01,-9.418626603495573457e-01,-1.043310389102928060e+00,-1.110872501450945515e+00,-1.153635506135163968e+00,-1.179431110374476122e+00,-1.194253173576013793e+00,-1.202323787595924953e+00,-1.206429776623261452e+00,-1.208312413640229233e+00,-1.209008053687277595e+00,-1.209106629896077534e+00,-1.208930229202954676e+00,-1.208647865463285731e+00,-1.208344921544586947e+00,-1.208062982216481673e+00,-1.207821600343810697e+00,-1.207629663398827713e+00,-1.207491078899409764e+00,-1.207407503369766433e+00,-1.207379588934362813e+00,-1.000000000000000000e+00,-1.000000000000000000e+00,-1.000000000000000000e+00,-1.000000000000000000e+00,-1.000000000000000000e+00,-1.000000000000000000e+00,-1.000000000000000000e+00,-1.000000000000000000e+00,-1.000000000000000000e+00,-1.000000000000000000e+00,-1.000000000000000000e+00,-1.000000000000000000e+00,-1.000000000000000000e+00,-1.000000000000000000e+00,-1.000000000000000000e+00,-1.000000000000000000e+00,-1.000000000000000000e+00,-1.000000000000000000e+00,-1.000000000000000000e+00,-1.000000000000000000e+00,-1.000000000000000000e+00,-1.000000000000000000e+00,-1.000000000000000000e+00,-1.000000000000000000e+00,-1.000000000000000000e+00,-1.000000000000000000e+00,-1.000000000000000000e+00,-1.000000000000000000e+00,-1.000000000000000000e+00,-1.000000000000000000e+00,-1.000000000000000000e+00,-1.000000000000000000e+00,-1.000000000000000000e+00,-1.000000000000000000e+00,-1.000000000000000000e+00,-1.000000000000000000e+00,-1.000000000000000000e+00,-1.000000000000000000e+00,-1.000000000000000000e+00,-1.000000000000000000e+00,-1.000000000000000000e+00,-1.000000000000000000e+00,-1.000000000000000000e+00,-1.000000000000000000e+00,-1.000000000000000000e+00,-1.000000000000000000e+00
-1.000000000000000000e+00,-1.000000000000000000e+00,-1.000000000000000000e+00,-1.000000000000000000e+00,-1.000000000000000000e+00,-1.000000000000000000e+00,-1.000000000000000000e+00,-1.000000000000000000e+00,-1.000000000000000000e+00,-1.000000000000000000e+00,-1.000000000000000000e+00,-1.000000000000000000e+00,-1.000000000000000000e+00,-1.000000000000000000e+00,-1.000000000000000000e+00,-1.000000000000000000e+00,-1.000000000000000000e+00,-1.000000000000000000e+00,-1.000000000000000000e+00,-1.000000000000000000e+00,-1.000000000000000000e+00,-1.000000000000000000e+00,-1.000000000000000000e+00,-1.000000000000000000e+00,-1.000000000000000000e+00,-1.000000000000000000e+00,-1.000000000000000000e+00,-1.000000000000000000e+00,-1.000000000000000000e+00,-1.000000000000000000e+00,-1.000000000000000000e+00,-1.000000000000000000e+00,-1.000000000000000000e+00,-1.000000000000000000e+00,-1.000000000000000000e+00,-1.000000000000000000e+00,-1.000000000000000000e+00,-1.000000000000000000e+00,-1.000000000000000000e+00,-1.000000000000000000e+00,-1.000000000000000000e+00,-1.000000000000000000e+00,-1.000000000000000000e+00,-1.000000000000000000e+00,-1.000000000000000000e+00,-1.000000000000000000e+00,-1.207572529530077876e+00,-1.207600456124505506e+00,-1.207684066193826844e+00,-1.207822706261570289e+00,-1.208014721488094967e+00,-1.208256204305478310e+00,-1.208538270033338691e+00,-1.208841370904436330e+00,-1.209123933754360003e+00,-1.209300601739361269e+00,-1.209202413161539313e+00,-1.208507382460084711e+00,-1.206625763620158942e+00,-1.202521531087271889e+00,-1.194453964683373171e+00,-1.179637119958540259e+00,-1.153850223993666768e+00,-1.111101258872977615e+00,-1.043560861007045704e+00,-9.421451250312896653e-01,-7.983050015710266845e-01,-6.076872489163082092e-01,-3.761651696531561617e-01,-1.278320444642715437e-01,8.840608254132309440e-02,2.063050889733073490e-01,2.063050889362680884e-01,8.840608244622538692e-02,-1.278320445680103390e-01,-3.761651697253569626e-01,-6.076872489715408054e-01,-7.983050016290675899e-01,-9.421451250585967108e-01,-1.043560860946332269e+00,-1.111101258698982130e+00,-1.153850223790456209e+00,-1.179637119782873667e+00,-1.194453964610970420e+00,-1.202521531096425678e+00,-1.206625763647526162e+00,-1.208507382463881008e+00,-1.209202413082127947e+00,-1.209300601566573929e+00,-1.209123933572082032e+00,-1.208841370554884609e+00,-1.208538269613456562e+00,-1.208256203599254786e+00,-1.208014720195233815e+00,-1.207822704809660808e+00,-1.207684064358627962e+00,-1.207600455162236797e+00,-1.207572529519450821e+00,-1.000000000000000000e+00,-1.000000000000000000e+00,-1.000000000000000000e+00,-1.000000000000000000e+00,-1.000000000000000000e+00,-1.000000000000000000e+00,-1.000000000000000000e+00,-1.000000000000000000e+00,-1.000000000000000000e+00,-1.000000000000000000e+00,-1.000000000000000000e+00,-1.000000000000000000e+00,-1.000000000000000000e+00,-1.000000000000000000e+00,-1.000000000000000000e+00,-1.000000000000000000e+00,-1.000000000000000000e+00,-1.000000000000000000e+00,-1.000000000000000000e+00,-1.000000000000000000e+00,-1.000000000000000000e+00,-1.000000000000000000e+00,-1.000000000000000000e+00,-1.000000000000000000e+00,-1.000000000000000000e+00,-1.000000000000000000e+00,-1.000000000000000000e+00,-1.000000000000000000e+00,-1.000000000000000000e+00,-1.000000000000000000e+00,-1.000000000000000000e+00,-1.000000000000000000e+00,-1.000000000000000000e+00,-1.000000000000000000e+00,-1.000000000000000000e+00,-1.000000000000000000e+00,-1.000000000000000000e+00,-1.000000000000000000e+00,-1.000000000000000000e+00,-1.000000000000000000e+00,-1.000000000000000000e+00,-1.000000000000000000e+00,-1.000000000000000000e+00,-1.000000000000000000e+00,-1.000000000000000000e+00,-1.000000000000000000e+00
-1.000000000000000000e+00,-1.000000000000000000e+00,-1.000000000000000000e+00,-1.000000000000000000e+00,-1.000000000000000000e+00,-1.000000000000000000e+00,-1.000000000000000000e+00,-1.000000000000000000e+00,-1.000000000000000000e+00,-1.000000000000000000e+00,-1.000000000000000000e+00,-1.000000000000000000e+00,-1.000000000000000000e+00,-1.000000000000000000e+00,-1.000000000000000000e+00,-1.000000000000000000e+00,-1.000000000000000000e+00,-1.000000000000000000e+00,-1.000000000000000000e+00,-1.000000000000000000e+00,-1.000000000000000000e+00,-1.000000000000000000e+00,-1.000000000000000000e+00,-1.000000000000000000e+00,-1.000000000000000000e+00,-1.000000000000000000e+00,-1.000000000000000000e+00,-1.000000000000000000e+00,-1.000000000000000000e+00,-1.000000000000000000e+00,-1.000000000000000000e+00,-1.000000000000000000e+00,-1.000000000000000000e+00,-1.000000000000000000e+00,-1.000000000000000000e+00,-1.000000000000000000e+00,-1.000000000000000000e+00,-1.000000000000000000e+00,-1.000000000000000000e+00,-1.000000000000000000e+00,-1.000000000000000000e+00,-1.000000000000000000e+00,-1.000000000000000000e+00,-1.000000000000000000e+00,-1.000000000000000000e+00,-1.000000000000000000e+00,-1.207770826893820537e+00,-1.207798764029090366e+00,-1.207882405915541302e+00,-1.208021099349882554e+00,-1.208213190187641395e+00,-1.208454772060570503e+00,-1.208736963262557085e+00,-1.209040222188602520e+00,-1.209322989127176839e+00,-1.209499934861207660e+00,-1.209402152860936219e+00,-1.208707763405998836e+00,-1.206827214969625528e+00,-1.202724824010372284e+00,-1.194660443586641030e+00,-1.179849041144838129e+00,-1.154071210618967003e+00,-1.111336841706362266e+00,-1.043818997777011592e+00,-9.424364676857658329e-01,-7.986425195608822802e-01,-6.080846654805158735e-01,-3.766336448046121443e-01,-1.283748739480909951e-01,8.779982610529923903e-02,2.056639857751438871e-01,2.056639857112314562e-01,8.779982601279723298e-02,-1.283748740247446785e-01,-3.766336448970634132e-01,-6.080846656067995237e-01,-7.986425197195718972e-01,-9.424364678073667845e-01,-1.043818997785187941e+00,-1.111336841571978429e+00,-1.154071210447684015e+00,-1.179849041037449364e+00,-1.194660443619848689e+00,-1.202724824149352667e+00,-1.206827215104007367e+00,-1.208707763457975037e+00,-1.209402152785769680e+00,-1.209499934617803696e+00,-1.209322988834542256e+00,-1.209040221725309561e+00,-1.208736962706801421e+00,-1.208454771312092113e+00,-1.208213188915448821e+00,-1.208021097963148716e+00,-1.207882404093783224e+00,-1.207798762930590408e+00,-1.207770826688360888e+00,-1.000000000000000000e+00,-1.000000000000000000e+00,-1.000000000000000000e+00,-1.000000000000000000e+00,-1.000000000000000000e+00,-1.000000000000000000e+00,-1.000000000000000000e+00,-1.000000000000000000e+00,-1.000000000000000000e+00,-1.000000000000000000e+00,-1.000000000000000000e+00,-1.000000000000000000e+00,-1.000000000000000000e+00,-1.000000000000000000e+00,-1.000000000000000000e+00,-1.000000000000000000e+00,-1.000000000000000000e+00,-1.000000000000000000e+00,-1.000000000000000000e+00,-1.000000000000000000e+00,-1.000000000000000000e+00,-1.000000000000000000e+00,-1.000000000000000000e+00,-1.000000000000000000e+00,-1.000000000000000000e+00,-1.000000000000000000e+00,-1.000000000000000000e+00,-1.000000000000000000e+00,-1.000000000000000000e+00,-1.000000000000000000e+00,-1.000000000000000000e+00,-1.000000000000000000e+00,-1.000000000000000000e+00,-1.000000000000000000e+00,-1.000000000000000000e+00,-1.000000000000000000e+00,-1.000000000000000000e+00,-1.000000000000000000e+00,-1.000000000000000000e+00,-1.000000000000000000e+00,-1.000000000000000000e+00,-1.000000000000000000e+00,-1.000000000000000000e+00,-1.000000000000000000e+00,-1.000000000000000000e+00,-1.000000000000000000e+00
-1.000000000000000000e+00,-1.000000000000000000e+00,-1.000000000000000000e+00,-1.000000000000000000e+00,-1.000000000000000000e+00,-1.000000000000000000e+00,-1.000000000000000000e+00,-1.000000000000000000e+00,-1.000000000000000000e+00,-1.000000000000000000e+00,-1.000000000000000000e+00,-1.000000000000000000e+00,-1.000000000000000000e+00,-1.000000000000000000e+00,-1.000000000000000000e+00,-1.000000000000000000e+00,-1.000000000000000000e+00,-1.000000000000000000e+00,-1.000000000000000000e+00,-1.000000000000000000e+00,-1.000000000000000000e+00,-1.000000000000000000e+00,-1.000000000000000000e+00,-1.000000000000000000e+00,-1.000000000000000000e+00,-1.000000000000000000e+00,-1.000000000000000000e+00,-1.000000000000000000e+00,-1.000000000000000000e+00,-1.000000000000000000e+00,-1.000000000000000000e+00,-1.000000000000000000e+00,-1.000000000000000000e+00,-1.000000000000000000e+00,-1.000000000000000000e+00,-1.000000000000000000e+00,-1.000000000000000000e+00,-1.000000000000000000e+00,-1.000000000000000000e+00,-1.000000000000000000e+00,-1.000000000000000000e+00,-1.000000000000000000e+00,-1.000000000000000000e+00,-1.000000000000000000e+00,-1.000000000000000000e+00,-1.000000000000000000e+00,-1.207974168517940816e+00,-1.208002114159034468e+00,-1.208085781886872878e+00,-1.208224519346970283e+00,-1.208416673906306027e+00,-1.208658341630144628e+00,-1.208940645273604453e+00,-1.209244051196611602e+00,-1.209527015279979079e+00,-1.209704238562113510e+00,-1.209606873202934807e+00,-1.208913150437443074e+00,-1.207033721235827528e+00,-1.202933256984836330e+00,-1.194872204750598410e+00,-1.180066476197732195e+00,-1.154298079984526160e+00,-1.111578879574721901e+00,-1.044084448441736868e+00,-9.427363601300006168e-01,-7.989902747886209466e-01,-6.084944753241621207e-01,-3.771170381540744909e-01,-1.289352350960546456e-01,8.717382558492192679e-02,2.050019214237370768e-01,2.050019213889293646e-01,8.717382555206532047e-02,-1.289352351662803597e-01,-3.771170382846595892e-01,-6.084944754784261667e-01,-7.989902749662712855e-01,-9.427363602596731118e-01,-1.044084448468560078e+00,-1.111578879509715900e+00,-1.154298079922615017e+00,-1.180066476230139383e+00,-1.194872204931423765e+00,-1.202933257259898081e+00,-1.207033721448278252e+00,-1.208913150480171339e+00,-1.209606873065203425e+00,-1.209704238203961335e+00,-1.209527014859091976e+00,-1.209244050641599566e+00,-1.208940644622426674e+00,-1.208658340872291070e+00,-1.208416672644510026e+00,-1.208224517944984866e+00,-1.208085779979676033e+00,-1.208002112828012953e+00,-1.207974168045214514e+00,-1.000000000000000000e+00,-1.000000000000000000e+00,-1.000000000000000000e+00,-1.000000000000000000e+00,-1.000000000000000000e+00,-1.000000000000000000e+00,-1.000000000000000000e+00,-1.000000000000000000e+00,-1.000000000000000000e+00,-1.000000000000000000e+00,-1.000000000000000000e+00,-1.000000000000000000e+00,-1.000000000000000000e+00,-1.000000000000000000e+00,-1.000000000000000000e+00,-1.000000000000000000e+00,-1.000000000000000000e+00,-1.000000000000000000e+00,-1.000000000000000000e+00,-1.000000000000000000e+00,-1.000000000000000000e+00,-1.000000000000000000e+00,-1.000000000000000000e+00,-1.000000000000000000e+00,-1.000000000000000000e+00,-1.000000000000000000e+00,-1.000000000000000000e+00,-1.000000000000000000e+00,-1.000000000000000000e+00,-1.000000000000000000e+00,-1.000000000000000000e+00,-1.000000000000000000e+00,-1.000000000000000000e+00,-1.000000000000000000e+00,-1.000000000000000000e+00,-1.000000000000000000e+00,-1.000000000000000000e+00,-1.000000000000000000e+00,-1.000000000000000000e+00,-1.000000000000000000e+00,-1.000000000000000000e+00,-1.000000000000000000e+00,-1.000000000000000000e+00,-1.000000000000000000e+00,-1.000000000000000000e+00,-1.000000000000000000e+00
-1.000000000000000000e+00,-1.000000000000000000e+00,-1.000000000000000000e+00,-1.000000000000000000e+00,-1.000000000000000000e+00,-1.000000000000000000e+00,-1.000000000000000000e+00,-1.000000000000000000e+00,-1.000000000000000000e+00,-1.000000000000000000e+00,-1.000000000000000000e+00,-1.000000000000000000e+00,-1.000000000000000000e+00,-1.000000000000000000e+00,-1.000000000000000000e+00,-1.000000000000000000e+00,-1.000000000000000000e+00,-1.000000000000000000e+00,-1.000000000000000000e+00,-1.000000000000000000e+00,-1.000000000000000000e+00,-1.000000000000000000e+00,-1.000000000000000000e+00,-1.000000000000000000e+00,-1.000000000000000000e+00,-1.000000000000000000e+00,-1.000000000000000000e+00,-1.000000000000000000e+00,-1.000000000000000000e+00,-1.000000000000000000e+00,-1.000000000000000000e+00,-1.000000000000000000e+00,-1.000000000000000000e+00,-1.000000000000000000e+00,-1.000000000000000000e+00,-1.000000000000000000e+00,-1.000000000000000000e+00,-1.000000000000000000e+00,-1.000000000000000000e+00,-1.000000000000000000e+00,-1.000000000000000000e+00,-1.000000000000000000e+00,-1.000000000000000000e+00,-1.000000000000000000e+00,-1.000000000000000000e+00,-1.000000000000000000e+00,-1.208182153390020108e+00,-1.208210103130372248e+00,-1.208293783720381764e+00,-1.208432544588317725e+00,-1.208624736014295653e+00,-1.208866458538391475e+00,-1.209148841809645436e+00,-1.209452363060629532e+00,-1.209735497089134304e+00,-1.209912979029720725e+00,-1.209816024432931014e+00,-1.209122981650296857e+00,-1.207244713040634077e+00,-1.203146258475300989e+00,-1.195088680212666565e+00,-1.180288866648257162e+00,-1.154530288994235265e+00,-1.111826850368638375e+00,-1.044356717018720015e+00,-9.430443369070742321e-01,-7.993478355045959827e-01,-6.089162817015911777e-01,-3.776149865497917535e-01,-1.295127936390818579e-01,8.652839407508339242e-02,2.043191973813978102e-01,2.043191973850491117e-01,8.652839409174828411e-02,-1.295127937045515987e-01,-3.776149866722309234e-01,-6.089162818158746493e-01,-7.993478356463949996e-01,-9.430443370205320308e-01,-1.044356717059082396e+00,-1.111826850388732302e+00,-1.154530289081338923e+00,-1.180288866856727514e+00,-1.195088680537815140e+00,-1.203146258841767402e+00,-1.207244713281811155e+00,-1.209122981657968499e+00,-1.209816024213673957e+00,-1.209912978551858309e+00,-1.209735496548862255e+00,-1.209452362447637430e+00,-1.209148841100030847e+00,-1.208866457780696679e+00,-1.208624734722825611e+00,-1.208432543058222342e+00,-1.208293781621171403e+00,-1.208210101535639902e+00,-1.208182152676354315e+00,-1.000000000000000000e+00,-1.000000000000000000e+00,-1.000000000000000000e+00,-1.000000000000000000e+00,-1.000000000000000000e+00,-1.000000000000000000e+00,-1.000000000000000000e+00,-1.000000000000000000e+00,-1.000000000000000000e+00,-1.000000000000000000e+00,-1.000000000000000000e+00,-1.000000000000000000e+00,-1.000000000000000000e+00,-1.000000000000000000e+00,-1.000000000000000000e+00,-1.000000000000000000e+00,-1.000000000000000000e+00,-1.000000000000000000e+00,-1.000000000000000000e+00,-1.000000000000000000e+00,-1.000000000000000000e+00,-1.000000000000000000e+00,-1.000000000000000000e+00,-1.000000000000000000e+00,-1.000000000000000000e+00,-1.000000000000000000e+00,-1.000000000000000000e+00,-1.000000000000000000e+00,-1.000000000000000000e+00,-1.000000000000000000e+00,-1.000000000000000000e+00,-1.000000000000000000e+00,-1.000000000000000000e+00,-1.000000000000000000e+00,-1.000000000000000000e+00,-1.000000000000000000e+00,-1.000000000000000000e+00,-1.000000000000000000e+00,-1.000000000000000000e+00,-1.000000000000000000e+00,-1.000000000000000000e+00,-1.000000000000000000e+00,-1.000000000000000000e+00,-1.000000000000000000e+00,-1.000000000000000000e+00,-1.000000000000000000e+00
-1.000000000000000000e+00,-1.000000000000000000e+00,-1.000000000000000000e+00,-1.000000000000000000e+00,-1.000000000000000000e+00,-1.000000000000000000e+00,-1.000000000000000000e+00,-1.000000000000000000e+00,-1.000000000000000000e+00,-1.000000000000000000e+00,-1.000000000000000000e+00,-1.000000000000000000e+00,-1.000000000000000000e+00,-1.000000000000000000e+00,-1.000000000000000000e+00,-1.000000000000000000e+00,-1.000000000000000000e+00,-1.000000000000000000e+00,-1.000000000000000000e+00,-1.000000000000000000e+00,-1.000000000000000000e+00,-1.000000000000000000e+00,-1.000000000000000000e+00,-1.000000000000000000e+00,-1.000000000000000000e+00,-1.000000000000000000e+00,-1.000000000000000000e+00,-1.000000000000000000e+00,-1.000000000000000000e+00,-1.000000000000000000e+00,-1.000000000000000000e+00,-1.000000000000000000e+00,-1.000000000000000000e+00,-1.000000000000000000e+00,-1.000000000000000000e+00,-1.000000000000000000e+00,-1.000000000000000000e+00,-1.000000000000000000e+00,-1.000000000000000000e+00,-1.000000000000000000e+00,-1.000000000000000000e+00,-1.000000000000000000e+00,-1.000000000000000000e+00,-1.000000000000000000e+00,-1.000000000000000000e+00,-1.000000000000000000e+00,-1.208394257839092267e+00,-1.208422203421793517e+00,-1.208505872528935710e+00,-1.208644617864722326e+00,-1.208836794929078140e+00,-1.209078512024947205e+00,-1.209360909640658788e+00,-1.209664480541723375e+00,-1.209947723657023522e+00,-1.210125413989740828e+00,-1.210028837056054130e+00,-1.209336466169959934e+00,-1.207459385386522532e+00,-1.203363017646412736e+00,-1.195309062173530057e+00,-1.180515416775178350e+00,-1.154767062826896451e+00,-1.112080008389157104e+00,-1.044635094156531663e+00,-9.433597308428061101e-01,-7.997145806021001002e-01,-6.093495108265347682e-01,-3.781269613348512415e-01,-1.301070596966131809e-01,8.586399307178615992e-02,2.036162597874073832e-01,2.036162597964177312e-01,8.586399308576186939e-02,-1.301070597414187846e-01,-3.781269614081483876e-01,-6.093495108803674842e-01,-7.997145806812571145e-01,-9.433597309305467027e-01,-1.044635094222807314e+00,-1.112080008497325467e+00,-1.154767063058173671e+00,-1.180515417151985824e+00,-1.195309062624858365e+00,-1.203363018073736690e+00,-1.207459385629565229e+00,-1.209336466136170962e+00,-1.210028836751265491e+00,-1.210125413401927696e+00,-1.209947723017916754e+00,-1.209664479912459845e+00,-1.209360908897685549e+00,-1.209078511235823328e+00,-1.208836793535046139e+00,-1.208644616109779912e+00,-1.208505870200993870e+00,-1.208422201644102856e+00,-1.208394257030098062e+00,-1.000000000000000000e+00,-1.000000000000000000e+00,-1.000000000000000000e+00,-1.000000000000000000e+00,-1.000000000000000000e+00,-1.000000000000000000e+00,-1.000000000000000000e+00,-1.000000000000000000e+00,-1.000000000000000000e+00,-1.000000000000000000e+00,-1.000000000000000000e+00,-1.000000000000000000e+00,-1.000000000000000000e+00,-1.000000000000000000e+00,-1.000000000000000000e+00,-1.000000000000000000e+00,-1.000000000000000000e+00,-1.000000000000000000e+00,-1.000000000000000000e+00,-1.000000000000000000e+00,-1.000000000000000000e+00,-1.000000000000000000e+00,-1.000000000000000000e+00,-1.000000000000000000e+00,-1.000000000000000000e+00,-1.000000000000000000e+00,-1.000000000000000000e+00,-1.000000000000000000e+00,-1.000000000000000000e+00,-1.000000000000000000e+00,-1.000000000000000000e+00,-1.000000000000000000e+00,-1.000000000000000000e+00,-1.000000000000000000e+00,-1.000000000000000000e+00,-1.000000000000000000e+00,-1.000000000000000000e+00,-1.000000000000000000e+00,-1.000000000000000000e+00,-1.000000000000000000e+00,-1.000000000000000000e+00,-1.000000000000000000e+00,-1.000000000000000000e+00,-1.000000000000000000e+00,-1.000000000000000000e+00,-1.000000000000000000e+00
-1.000000000000000000e+00,-1.000000000000000000e+00,-1.000000000000000000e+00,-1.000000000000000000e+00,-1.000000000000000000e+00,-1.000000000000000000e+00,-1.000000000000000000e+00,-1.000000000000000000e+00,-1.000000000000000000e+00,-1.000000000000000000e+00,-1.000000000000000000e+00,-1.000000000000000000e+00,-1.000000000000000000e+00,-1.000000000000000000e+00,-1.000000000000000000e+00,-1.000000000000000000e+00,-1.000000000000000000e+00,-1.000000000000000000e+00,-1.000000000000000000e+00,-1.000000000000000000e+00,-1.000000000000000000e+00,-1.000000000000000000e+00,-1.000000000000000000e+00,-1.000000000000000000e+00,-1.000000000000000000e+00,-1.000000000000000000e+00,-1.000000000000000000e+00,-1.000000000000000000e+00,-1.000000000000000000e+00,-1.000000000000000000e+00,-1.000000000000000000e+00,-1.000000000000000000e+00,-1.000000000000000000e+00,-1.000000000000000000e+00,-1.000000000000000000e+00,-1.000000000000000000e+00,-1.000000000000000000e+00,-1.000000000000000000e+00,-1.000000000000000000e+00,-1.000000000000000000e+00,-1.000000000000000000e+00,-1.000000000000000000e+00,-1.000000000000000000e+00,-1.000000000000000000e+00,-1.000000000000000000e+00,-1.000000000000000000e+00,-1.208609787896392840e+00,-1.208637714908886052e+00,-1.208721330023290186e+00,-1.208859991577985848e+00,-1.209052063994879411e+00,-1.209293668534790811e+00,-1.209575962836265450e+00,-1.209879462609025680e+00,-1.210162699127670161e+00,-1.210340496131589116e+00,-1.210244218676777894e+00,-1.209552475585064846e+00,-1.207676585148814485e+00,-1.203582369589881962e+00,-1.195532187768476806e+00,-1.180744979718403087e+00,-1.155007284009355928e+00,-1.112337277739206431e+00,-1.044918555929006621e+00,-9.436815779861305042e-01,-8.000896110191033639e-01,-6.097933295122826003e-01,-3.786521914661088450e-01,-1.307173153401084420e-01,8.518130164407944349e-02,2.028937668894634783e-01,2.028937668773413971e-01,8.518130161759485119e-02,-1.307173153560148293e-01,-3.786521914763266716e-01,-6.097933295029743794e-01,-8.000896110223061353e-01,-9.436815780644288720e-01,-1.044918556071469551e+00,-1.112337277955993908e+00,-1.155007284341849738e+00,-1.180744980184482484e+00,-1.195532188293711551e+00,-1.203582370075106489e+00,-1.207676585410518921e+00,-1.209552475525915494e+00,-1.210244218302745978e+00,-1.210340495469405031e+00,-1.210162698421339167e+00,-1.209879461989254112e+00,-1.209575962053164755e+00,-1.209293667659560700e+00,-1.209052062444603948e+00,-1.208859989607196983e+00,-1.208721327595766226e+00,-1.208637713170525263e+00,-1.208609787251832435e+00,-1.000000000000000000e+00,-1.000000000000000000e+00,-1.000000000000000000e+00,-1.000000000000000000e+00,-1.000000000000000000e+00,-1.000000000000000000e+00,-1.000000000000000000e+00,-1.000000000000000000e+00,-1.000000000000000000e+00,-1.000000000000000000e+00,-1.000000000000000000e+00,-1.000000000000000000e+00,-1.000000000000000000e+00,-1.000000000000000000e+00,-1.000000000000000000e+00,-1.000000000000000000e+00,-1.000000000000000000e+00,-1.000000000000000000e+00,-1.000000000000000000e+00,-1.000000000000000000e+00,-1.000000000000000000e+00,-1.000000000000000000e+00,-1.000000000000000000e+00,-1.000000000000000000e+00,-1.000000000000000000e+00,-1.000000000000000000e+00,-1.000000000000000000e+00,-1.000000000000000000e+00,-1.000000000000000000e+00,-1.000000000000000000e+00,-1.000000000000000000e+00,-1.000000000000000000e+00,-1.000000000000000000e+00,-1.000000000000000000e+00,-1.000000000000000000e+00,-1.000000000000000000e+00,-1.000000000000000000e+00,-1.000000000000000000e+00,-1.000000000000000000e+00,-1.000000000000000000e+00,-1.000000000000000000e+00,-1.000000000000000000e+00,-1.000000000000000000e+00,-1.000000000000000000e+00,-1.000000000000000000e+00,-1.000000000000000000e+00
-1.000000000000000000e+00,-1.000000000000000000e+00,-1.000000000000000000e+00,-1.000000000000000000e+00,-1.000000000000000000e+00,-1.000000000000000000e+00,-1.000000000000000000e+00,-1.000000000000000000e+00,-1.000000000000000000e+00,-1.000000000000000000e+00,-1.000000000000000000e+00,-1.000000000000000000e+00,-1.000000000000000000e+00,-1.000000000000000000e+00,-1.000000000000000000e+00,-1.000000000000000000e+00,-1.000000000000000000e+00,-1.000000000000000000e+00,-1.000000000000000000e+00,-1.000000000000000000e+00,-1.000000000000000000e+00,-1.000000000000000000e+00,-1.000000000000000000e+00,-1.000000000000000000e+00,-1.000000000000000000e+00,-1.000000000000000000e+00,-1.000000000000000000e+00,-1.000000000000000000e+00,-1.000000000000000000e+00,-1.000000000000000000e+00,-1.000000000000000000e+00,-1.000000000000000000e+00,-1.000000000000000000e+00,-1.000000000000000000e+00,-1.000000000000000000e+00,-1.000000000000000000e+00,-1.000000000000000000e+00,-1.000000000000000000e+00,-1.000000000000000000e+00,-1.000000000000000000e+00,-1.000000000000000000e+00,-1.000000000000000000e+00,-1.000000000000000000e+00,-1.000000000000000000e+00,-1.000000000000000000e+00,-1.000000000000000000e+00,-1.208827813035337817e+00,-1.208855697347945624e+00,-1.208939187250092528e+00,-1.209077650366577439e+00,-1.209269465893834994e+00,-1.209510776187232572e+00,-1.209792766031692723e+00,-1.210095985783153694e+00,-1.210379011985702968e+00,-1.210556730882528020e+00,-1.210460601426110117e+00,-1.209769382838121743e+00,-1.207894643758635977e+00,-1.203802624467872784e+00,-1.195756367515161900e+00,-1.180975888090874726e+00,-1.155249327841977092e+00,-1.112597094754279370e+00,-1.045205614859600507e+00,-9.440084781681779003e-01,-8.004716201754663585e-01,-6.102465252516025007e-01,-3.791895522793740092e-01,-1.313425103651174597e-01,8.448131573562966956e-02,2.021526857497355500e-01,2.021526857274109634e-01,8.448131567975947220e-02,-1.313425103614780376e-01,-3.791895522440824617e-01,-6.102465252096024306e-01,-8.004716201577656287e-01,-9.440084782897536497e-01,-1.045205615093138807e+00,-1.112597095055480656e+00,-1.155249328219857707e+00,-1.180975888578176924e+00,-1.195756368084761379e+00,-1.203802625027253104e+00,-1.207894644067710521e+00,-1.209769382780335523e+00,-1.210460601016030369e+00,-1.210556730197966280e+00,-1.210379011238900127e+00,-1.210095985151864006e+00,-1.209792765160496275e+00,-1.209510775183658238e+00,-1.209269464213940770e+00,-1.209077648319424325e+00,-1.208939184971150382e+00,-1.208855695900007410e+00,-1.208827812801712476e+00,-1.000000000000000000e+00,-1.000000000000000000e+00,-1.000000000000000000e+00,-1.000000000000000000e+00,-1.000000000000000000e+00,-1.000000000000000000e+00,-1.000000000000000000e+00,-1.000000000000000000e+00,-1.000000000000000000e+00,-1.000000000000000000e+00,-1.000000000000000000e+00,-1.000000000000000000e+00,-1.000000000000000000e+00,-1.000000000000000000e+00,-1.000000000000000000e+00,-1.000000000000000000e+00,-1.000000000000000000e+00,-1.000000000000000000e+00,-1.000000000000000000e+00,-1.000000000000000000e+00,-1.000000000000000000e+00,-1.000000000000000000e+00,-1.000000000000000000e+00,-1.000000000000000000e+00,-1.000000000000000000e+00,-1.000000000000000000e+00,-1.000000000000000000e+00,-1.000000000000000000e+00,-1.000000000000000000e+00,-1.000000000000000000e+00,-1.000000000000000000e+00,-1.000000000000000000e+00,-1.000000000000000000e+00,-1.000000000000000000e+00,-1.000000000000000000e+00,-1.000000000000000000e+00,-1.000000000000000000e+00,-1.000000000000000000e+00,-1.000000000000000000e+00,-1.000000000000000000e+00,-1.000000000000000000e+00,-1.000000000000000000e+00,-1.000000000000000000e+00,-1.000000000000000000e+00,-1.000000000000000000e+00,-1.000000000000000000e+00
-1.000000000000000000e+00,-1.000000000000000000e+00,-1.000000000000000000e+00,-1.000000000000000000e+00,-1.000000000000000000e+00,-1.000000000000000000e+00,-1.000000000000000000e+00,-1.000000000000000000e+00,-1.000000000000000000e+00,-1.000000000000000000e+00,-1.000000000000000000e+00,-1.000000000000000000e+00,-1.000000000000000000e+00,-1.000000000000000000e+00,-1.000000000000000000e+00,-1.000000000000000000e+00,-1.000000000000000000e+00,-1.000000000000000000e+00,-1.000000000000000000e+00,-1.000000000000000000e+00,-1.000000000000000000e+00,-1.000000000000000000e+00,-1.000000000000000000e+00,-1.000000000000000000e+00,-1.000000000000000000e+00,-1.000000000000000000e+00,-1.000000000000000000e+00,-1.000000000000000000e+00,-1.000000000000000000e+00,-1.000000000000000000e+00,-1.000000000000000000e+00,-1.000000000000000000e+00,-1.000000000000000000e+00,-1.000000000000000000e+00,-1.000000000000000000e+00,-1.000000000000000000e+00,-1.000000000000000000e+00,-1.000000000000000000e+00,-1.000000000000000000e+00,-1.000000000000000000e+00,-1.000000000000000000e+00,-1.000000000000000000e+00,-1.000000000000000000e+00,-1.000000000000000000e+00,-1.000000000000000000e+00,-1.000000000000000000e+00,-1.209047074212369344e+00,-1.209074876472828519e+00,-1.209158124930839184e+00,-1.209296202085644811e+00,-1.209487511020249872e+00,-1.209728227813410051e+00,-1.210009580084634884e+00,-1.210312171222895250e+00,-1.210594643361513123e+00,-1.210771966754281115e+00,-1.210675716189952622e+00,-1.209984823131670773e+00,-1.208111128418780211e+00,-1.204021313259372228e+00,-1.195979130064710683e+00,-1.181205702157689386e+00,-1.155490818118295904e+00,-1.112857174771741953e+00,-1.045494100375357949e+00,-9.443383906782693016e-01,-8.008587052212310375e-01,-6.107073323784319996e-01,-3.797374050327733119e-01,-1.319811127399656003e-01,8.376549008796030371e-02,2.013944302279591092e-01,2.013944302270749276e-01,8.376549004307043411e-02,-1.319811127415313479e-01,-3.797374050100930098e-01,-6.107073323861748060e-01,-8.008587052863637146e-01,-9.443383908777273072e-01,-1.045494100637518020e+00,-1.112857175080733896e+00,-1.155490818507582729e+00,-1.181205702667506241e+00,-1.195979130693127113e+00,-1.204021313893876899e+00,-1.208111128775562149e+00,-1.209984823090415773e+00,-1.210675715765638261e+00,-1.210771966077303530e+00,-1.210594642580169245e+00,-1.210312170546698596e+00,-1.210009579077930608e+00,-1.209728226688926211e+00,-1.209487509336854449e+00,-1.209296200189349912e+00,-1.209158123071301993e+00,-1.209074875491933598e+00,-1.209047074509120634e+00,-1.000000000000000000e+00,-1.000000000000000000e+00,-1.000000000000000000e+00,-1.000000000000000000e+00,-1.000000000000000000e+00,-1.000000000000000000e+00,-1.000000000000000000e+00,-1.000000000000000000e+00,-1.000000000000000000e+00,-1.000000000000000000e+00,-1.000000000000000000e+00,-1.000000000000000000e+00,-1.000000000000000000e+00,-1.000000000000000000e+00,-1.000000000000000000e+00,-1.000000000000000000e+00,-1.000000000000000000e+00,-1.000000000000000000e+00,-1.000000000000000000e+00,-1.000000000000000000e+00,-1.000000000000000000e+00,-1.000000000000000000e+00,-1.000000000000000000e+00,-1.000000000000000000e+00,-1.000000000000000000e+00,-1.000000000000000000e+00,-1.000000000000000000e+00,-1.000000000000000000e+00,-1.000000000000000000e+00,-1.000000000000000000e+00,-1.000000000000000000e+00,-1.000000000000000000e+00,-1.000000000000000000e+00,-1.000000000000000000e+00,-1.000000000000000000e+00,-1.000000000000000000e+00,-1.000000000000000000e+00,-1.000000000000000000e+00,-1.000000000000000000e+00,-1.000000000000000000e+00,-1.000000000000000000e+00,-1.000000000000000000e+00,-1.000000000000000000e+00,-1.000000000000000000e+00,-1.000000000000000000e+00,-1.000000000000000000e+00
-1.000000000000000000e+00,-1.000000000000000000e+00,-1.000000000000000000e+00,-1.000000000000000000e+00,-1.000000000000000000e+00,-1.000000000000000000e+00,-1.000000000000000000e+00,-1.000000000000000000e+00,-1.000000000000000000e+00,-1.000000000000000000e+00,-1.000000000000000000e+00,-1.000000000000000000e+00,-1.000000000000000000e+00,-1.000000000000000000e+00,-1.000000000000000000e+00,-1.000000000000000000e+00,-1.000000000000000000e+00,-1.000000000000000000e+00,-1.000000000000000000e+00,-1.000000000000000000e+00,-1.000000000000000000e+00,-1.000000000000000000e+00,-1.000000000000000000e+00,-1.000000000000000000e+00,-1.000000000000000000e+00,-1.000000000000000000e+00,-1.000000000000000000e+00,-1.000000000000000000e+00,-1.000000000000000000e+00,-1.000000000000000000e+00,-1.000000000000000000e+00,-1.000000000000000000e+00,-1.000000000000000000e+00,-1.000000000000000000e+00,-1.000000000000000000e+00,-1.000000000000000000e+00,-1.000000000000000000e+00,-1.000000000000000000e+00,-1.000000000000000000e+00,-1.000000000000000000e+00,-1.000000000000000000e+00,-1.000000000000000000e+00,-1.000000000000000000e+00,-1.000000000000000000e+00,-1.000000000000000000e+00,-1.000000000000000000e+00,-1.209265857007631340e+00,-1.209293514154088589e+00,-1.209376334781925522e+00,-1.209513724750987951e+00,-1.209704125057666779e+00,-1.209943764952603473e+00,-1.210223939285845152e+00,-1.210525333196827757e+00,-1.210806686288273148e+00,-1.210983086549894061e+00,-1.210886258603644183e+00,-1.210195339086898914e+00,-1.208322472107315804e+00,-1.204234809256875760e+00,-1.196196842323066001e+00,-1.181430835614698971e+00,-1.155728264969387187e+00,-1.113114167397830423e+00,-1.045780835501639361e+00,-9.446683348430700011e-01,-8.012480921861562244e-01,-6.111731806622102692e-01,-3.802933662994771868e-01,-1.326308948704102431e-01,8.303594015020165919e-02,2.006210568277639883e-01,2.006210568457724719e-01,8.303594010979331586e-02,-1.326308949229836331e-01,-3.802933663523695440e-01,-6.111731807675668815e-01,-8.012480923641901454e-01,-9.446683351187872280e-01,-1.045780835771143558e+00,-1.113114167696761303e+00,-1.155728265370570496e+00,-1.181430836158044784e+00,-1.196196843002093058e+00,-1.204234809927506422e+00,-1.208322472483576604e+00,-1.210195339067265952e+00,-1.210886258185199127e+00,-1.210983085876091714e+00,-1.210806685447497921e+00,-1.210525332440965274e+00,-1.210223938145178035e+00,-1.209943763799776972e+00,-1.209704123578992707e+00,-1.209513723234689531e+00,-1.209376333526374969e+00,-1.209293513685227861e+00,-1.209265857792955368e+00,-1.000000000000000000e+00,-1.000000000000000000e+00,-1.000000000000000000e+00,-1.000000000000000000e+00,-1.000000000000000000e+00,-1.000000000000000000e+00,-1.000000000000000000e+00,-1.000000000000000000e+00,-1.000000000000000000e+00,-1.000000000000000000e+00,-1.000000000000000000e+00,-1.000000000000000000e+00,-1.000000000000000000e+00,-1.000000000000000000e+00,-1.000000000000000000e+00,-1.000000000000000000e+00,-1.000000000000000000e+00,-1.000000000000000000e+00,-1.000000000000000000e+00,-1.000000000000000000e+00,-1.000000000000000000e+00,-1.000000000000000000e+00,-1.000000000000000000e+00,-1.000000000000000000e+00,-1.000000000000000000e+00,-1.000000000000000000e+00,-1.000000000000000000e+00,-1.000000000000000000e+00,-1.000000000000000000e+00,-1.000000000000000000e+00,-1.000000000000000000e+00,-1.000000000000000000e+00,-1.000000000000000000e+00,-1.000000000000000000e+00,-1.000000000000000000e+00,-1.000000000000000000e+00,-1.000000000000000000e+00,-1.000000000000000000e+00,-1.000000000000000000e+00,-1.000000000000000000e+00,-1.000000000000000000e+00,-1.000000000000000000e+00,-1.000000000000000000e+00,-1.000000000000000000e+00,-1.000000000000000000e+00,-1.000000000000000000e+00
-1.000000000000000000e+00,-1.000000000000000000e+00,-1.000000000000000000e+00,-1.000000000000000000e+00,-1.000000000000000000e+00,-1.000000000000000000e+00,-1.000000000000000000e+00,-1.000000000000000000e+00,-1.000000000000000000e+00,-1.000000000000000000e+00,-1.000000000000000000e+00,-1.000000000000000000e+00,-1.000000000000000000e+00,-1.000000000000000000e+00,-1.000000000000000000e+00,-1.000000000000000000e+00,-1.000000000000000000e+00,-1.000000000000000000e+00,-1.000000000000000000e+00,-1.000000000000000000e+00,-1.000000000000000000e+00,-1.000000000000000000e+00,-1.000000000000000000e+00,-1.000000000000000000e+00,-1.000000000000000000e+00,-1.000000000000000000e+00,-1.000000000000000000e+00,-1.000000000000000000e+00,-1.000000000000000000e+00,-1.000000000000000000e+00,-1.000000000000000000e+00,-1.000000000000000000e+00,-1.000000000000000000e+00,-1.000000000000000000e+00,-1.000000000000000000e+00,-1.000000000000000000e+00,-1.000000000000000000e+00,-1.000000000000000000e+00,-1.000000000000000000e+00,-1.000000000000000000e+00,-1.000000000000000000e+00,-1.000000000000000000e+00,-1.000000000000000000e+00,-1.000000000000000000e+00,-1.000000000000000000e+00,-1.000000000000000000e+00,-1.209481817554264982e+00,-1.209509229813381381e+00,-1.209591327514720094e+00,-1.209727552642148707e+00,-1.209916405446975762e+00,-1.210154198081006882e+00,-1.210432330285289293e+00,-1.210731613579719923e+00,-1.211010934911584291e+00,-1.211185552947806832e+00,-1.211087395309619730e+00,-1.210395854473532484e+00,-1.208523423670793573e+00,-1.204437764917560827e+00,-1.196404144243645939e+00,-1.181645999443865058e+00,-1.155956527972852754e+00,-1.113363147341629222e+00,-1.046061161558696329e+00,-9.449939521489219008e-01,-8.016357364623346582e-01,-6.116403323971384420e-01,-3.808539774368583375e-01,-1.332886292401330719e-01,8.229572806158325093e-02,1.998355412620229643e-01,1.998355412690280275e-01,8.229572799188211718e-02,-1.332886293910579001e-01,-3.808539776405968080e-01,-6.116403326358816894e-01,-8.016357367211334184e-01,-9.449939524691032267e-01,-1.046061161859997535e+00,-1.113363147665908048e+00,-1.155956528405978068e+00,-1.181646000020927012e+00,-1.196404144945681702e+00,-1.204437765587266007e+00,-1.208523424034130489e+00,-1.210395854459512144e+00,-1.211087394897045089e+00,-1.211185552262620924e+00,-1.211010933983883930e+00,-1.210731612748236596e+00,-1.210432329108696248e+00,-1.210154197078642468e+00,-1.209916404390844136e+00,-1.209727551629046216e+00,-1.209591326867325067e+00,-1.209509229761135618e+00,-1.209481818670550490e+00,-1.000000000000000000e+00,-1.000000000000000000e+00,-1.000000000000000000e+00,-1.000000000000000000e+00,-1.000000000000000000e+00,-1.000000000000000000e+00,-1.000000000000000000e+00,-1.000000000000000000e+00,-1.000000000000000000e+00,-1.000000000000000000e+00,-1.000000000000000000e+00,-1.000000000000000000e+00,-1.000000000000000000e+00,-1.000000000000000000e+00,-1.000000000000000000e+00,-1.000000000000000000e+00,-1.000000000000000000e+00,-1.000000000000000000e+00,-1.000000000000000000e+00,-1.000000000000000000e+00,-1.000000000000000000e+00,-1.000000000000000000e+00,-1.000000000000000000e+00,-1.000000000000000000e+00,-1.000000000000000000e+00,-1.000000000000000000e+00,-1.000000000000000000e+00,-1.000000000000000000e+00,-1.000000000000000000e+00,-1.000000000000000000e+00,-1.000000000000000000e+00,-1.000000000000000000e+00,-1.000000000000000000e+00,-1.000000000000000000e+00,-1.000000000000000000e+00,-1.000000000000000000e+00,-1.000000000000000000e+00,-1.000000000000000000e+00,-1.000000000000000000e+00,-1.000000000000000000e+00,-1.000000000000000000e+00,-1.000000000000000000e+00,-1.000000000000000000e+00,-1.000000000000000000e+00,-1.000000000000000000e+00,-1.000000000000000000e+00
-1.000000000000000000e+00,-1.000000000000000000e+00,-1.000000000000000000e+00,-1.000000000000000000e+00,-1.000000000000000000e+00,-1.000000000000000000e+00,-1.000000000000000000e+00,-1.000000000000000000e+00,-1.000000000000000000e+00,-1.000000000000000000e+00,-1.000000000000000000e+00,-1.000000000000000000e+00,-1.000000000000000000e+00,-1.000000000000000000e+00,-1.000000000000000000e+00,-1.000000000000000000e+00,-1.000000000000000000e+00,-1.000000000000000000e+00,-1.000000000000000000e+00,-1.000000000000000000e+00,-1.000000000000000000e+00,-1.000000000000000000e+00,-1.000000000000000000e+00,-1.000000000000000000e+00,-1.000000000000000000e+00,-1.000000000000000000e+00,-1.000000000000000000e+00,-1.000000000000000000e+00,-1.000000000000000000e+00,-1.000000000000000000e+00,-1.000000000000000000e+00,-1.000000000000000000e+00,-1.000000000000000000e+00,-1.000000000000000000e+00,-1.000000000000000000e+00,-1.000000000000000000e+00,-1.000000000000000000e+00,-1.000000000000000000e+00,-1.000000000000000000e+00,-1.000000000000000000e+00,-1.000000000000000000e+00,-1.000000000000000000e+00,-1.000000000000000000e+00,-1.000000000000000000e+00,-1.000000000000000000e+00,-1.000000000000000000e+00,-1.209691745384100070e+00,-1.209718756416476193e+00,-1.209799668485248336e+00,-1.209933978730399540e+00,-1.210120278753734402e+00,-1.210355008664144361e+00,-1.210629730794692049e+00,-1.210925452080325648e+00,-1.211201284649251475e+00,-1.211372740949886895e+00,-1.211272035178676321e+00,-1.210578894677209805e+00,-1.208706231438672285e+00,-1.204622274971653528e+00,-1.196593108992975329e+00,-1.181843376547920155e+00,-1.156168021177037764e+00,-1.113596863117061408e+00,-1.046328240215268268e+00,-9.453088670739644428e-01,-8.020157435254704481e-01,-6.121033600221092996e-01,-3.814142323809724955e-01,-1.339496566188341786e-01,8.154926606115453502e-02,1.990421672114612850e-01,1.990421671901103640e-01,8.154926596208200706e-02,-1.339496568528218967e-01,-3.814142327562489720e-01,-6.121033604328942612e-01,-8.020157438737497424e-01,-9.453088674402940761e-01,-1.046328240585616465e+00,-1.113596863502649414e+00,-1.156168021653374511e+00,-1.181843377129186967e+00,-1.196593109659491061e+00,-1.204622275607754700e+00,-1.208706231786063512e+00,-1.210578894650888859e+00,-1.211272034759095728e+00,-1.211372740242761425e+00,-1.211201283656143435e+00,-1.210925451258220376e+00,-1.210629729769442164e+00,-1.210355008002561128e+00,-1.210120278256599402e+00,-1.209933978216843231e+00,-1.209799668308072729e+00,-1.209718756626225966e+00,-1.209691746641876398e+00,-1.000000000000000000e+00,-1.000000000000000000e+00,-1.000000000000000000e+00,-1.000000000000000000e+00,-1.000000000000000000e+00,-1.000000000000000000e+00,-1.000000000000000000e+00,-1.000000000000000000e+00,-1.000000000000000000e+00,-1.000000000000000000e+00,-1.000000000000000000e+00,-1.000000000000000000e+00,-1.000000000000000000e+00,-1.000000000000000000e+00,-1.000000000000000000e+00,-1.000000000000000000e+00,-1.000000000000000000e+00,-1.000000000000000000e+00,-1.000000000000000000e+00,-1.000000000000000000e+00,-1.000000000000000000e+00,-1.000000000000000000e+00,-1.000000000000000000e+00,-1.000000000000000000e+00,-1.000000000000000000e+00,-1.000000000000000000e+00,-1.000000000000000000e+00,-1.000000000000000000e+00,-1.000000000000000000e+00,-1.000000000000000000e+00,-1.000000000000000000e+00,-1.000000000000000000e+00,-1.000000000000000000e+00,-1.000000000000000000e+00,-1.000000000000000000e+00,-1.000000000000000000e+00,-1.000000000000000000e+00,-1.000000000000000000e+00,-1.000000000000000000e+00,-1.000000000000000000e+00,-1.000000000000000000e+00,-1.000000000000000000e+00,-1.000000000000000000e+00,-1.000000000000000000e+00,-1.000000000000000000e+00,-1.000000000000000000e+00
-1.000000000000000000e+00,-1.000000000000000000e+00,-1.000000000000000000e+00,-1.000000000000000000e+00,-1.000000000000000000e+00,-1.000000000000000000e+00,-1.000000000000000000e+00,-1.000000000000000000e+00,-1.000000000000000000e+00,-1.000000000000000000e+00,-1.000000000000000000e+00,-1.000000000000000000e+00,-1.000000000000000000e+00,-1.000000000000000000e+00,-1.000000000000000000e+00,-1.000000000000000000e+00,-1.000000000000000000e+00,-1.000000000000000000e+00,-1.000000000000000000e+00,-1.000000000000000000e+00,-1.000000000000000000e+00,-1.000000000000000000e+00,-1.000000000000000000e+00,-1.000000000000000000e+00,-1.000000000000000000e+00,-1.000000000000000000e+00,-1.000000000000000000e+00,-1.000000000000000000e+00,-1.000000000000000000e+00,-1.000000000000000000e+00,-1.000000000000000000e+00,-1.000000000000000000e+00,-1.000000000000000000e+00,-1.000000000000000000e+00,-1.000000000000000000e+00,-1.000000000000000000e+00,-1.000000000000000000e+00,-1.000000000000000000e+00,-1.000000000000000000e+00,-1.000000000000000000e+00,-1.000000000000000000e+00,-1.000000000000000000e+00,-1.000000000000000000e+00,-1.000000000000000000e+00,-1.000000000000000000e+00,-1.000000000000000000e+00,-1.209891243261061566e+00,-1.209917610038241609e+00,-1.209996616679646975e+00,-1.210127843533564063e+00,-1.210310021274316972e+00,-1.210539785669185520e+00,-1.210808949397834011e+00,-1.211098821047105645e+00,-1.211368859051935143e+00,-1.211534960023131324e+00,-1.211429756470061347e+00,-1.210733434916979157e+00,-1.208859434020133072e+00,-1.204776635322462264e+00,-1.196751997511940058e+00,-1.182011399325611167e+00,-1.156351538573018090e+00,-1.113804630964707609e+00,-1.046572030754171712e+00,-9.456037560210904802e-01,-8.023795310225797506e-01,-6.125543964223238991e-01,-3.819669055128168678e-01,-1.346072761260375117e-01,8.080288304069882521e-02,1.982470705499097541e-01,1.982470704524519345e-01,8.080288282595637916e-02,-1.346072764618218010e-01,-3.819669059802491828e-01,-6.125543969291477042e-01,-8.023795314620919550e-01,-9.456037564759941505e-01,-1.046572031243733880e+00,-1.113804631437464332e+00,-1.156351539084435665e+00,-1.182011399878853286e+00,-1.196751998098799730e+00,-1.204776635908012761e+00,-1.208859434353375617e+00,-1.210733434858211499e+00,-1.211429756010641734e+00,-1.211534959279651158e+00,-1.211368858062820797e+00,-1.211098820384326258e+00,-1.210808948738326007e+00,-1.210539785475510222e+00,-1.210310021349415344e+00,-1.210127843415135018e+00,-1.209996616764234201e+00,-1.209917610356210593e+00,-1.209891244481536399e+00,-1.000000000000000000e+00,-1.000000000000000000e+00,-1.000000000000000000e+00,-1.000000000000000000e+00,-1.000000000000000000e+00,-1.000000000000000000e+00,-1.000000000000000000e+00,-1.000000000000000000e+00,-1.000000000000000000e+00,-1.000000000000000000e+00,-1.000000000000000000e+00,-1.000000000000000000e+00,-1.000000000000000000e+00,-1.000000000000000000e+00,-1.000000000000000000e+00,-1.000000000000000000e+00,-1.000000000000000000e+00,-1.000000000000000000e+00,-1.000000000000000000e+00,-1.000000000000000000e+00,-1.000000000000000000e+00,-1.000000000000000000e+00,-1.000000000000000000e+00,-1.000000000000000000e+00,-1.000000000000000000e+00,-1.000000000000000000e+00,-1.000000000000000000e+00,-1.000000000000000000e+00,-1.000000000000000000e+00,-1.000000000000000000e+00,-1.000000000000000000e+00,-1.000000000000000000e+00,-1.000000000000000000e+00,-1.000000000000000000e+00,-1.000000000000000000e+00,-1.000000000000000000e+00,-1.000000000000000000e+00,-1.000000000000000000e+00,-1.000000000000000000e+00,-1.000000000000000000e+00,-1.000000000000000000e+00,-1.000000000000000000e+00,-1.000000000000000000e+00,-1.000000000000000000e+00,-1.000000000000000000e+00,-1.000000000000000000e+00
-1.000000000000000000e+00,-1.000000000000000000e+00,-1.000000000000000000e+00,-1.000000000000000000e+00,-1.000000000000000000e+00,-1.000000000000000000e+00,-1.000000000000000000e+00,-1.000000000000000000e+00,-1.000000000000000000e+00,-1.000000000000000000e+00,-1.000000000000000000e+00,-1.000000000000000000e+00,-1.000000000000000000e+00,-1.000000000000000000e+00,-1.000000000000000000e+00,-1.000000000000000000e+00,-1.000000000000000000e+00,-1.000000000000000000e+00,-1.000000000000000000e+00,-1.000000000000000000e+00,-1.000000000000000000e+00,-1.000000000000000000e+00,-1.000000000000000000e+00,-1.000000000000000000e+00,-1.000000000000000000e+00,-1.000000000000000000e+00,-1.000000000000000000e+00,-1.000000000000000000e+00,-1.000000000000000000e+00,-1.000000000000000000e+00,-1.000000000000000000e+00,-1.000000000000000000e+00,-1.000000000000000000e+00,-1.000000000000000000e+00,-1.000000000000000000e+00,-1.000000000000000000e+00,-1.000000000000000000e+00,-1.000000000000000000e+00,-1.000000000000000000e+00,-1.000000000000000000e+00,-1.000000000000000000e+00,-1.000000000000000000e+00,-1.000000000000000000e+00,-1.000000000000000000e+00,-1.000000000000000000e+00,-1.000000000000000000e+00,-1.210074299360963890e+00,-1.210099646750399494e+00,-1.210175636014737321e+00,-1.210301971480993721e+00,-1.210477592942936997e+00,-1.210699432578532519e+00,-1.210959685887839310e+00,-1.211240125729438288e+00,-1.211500744676513808e+00,-1.211658027780676772e+00,-1.211545233767412855e+00,-1.210843204902483761e+00,-1.208966075888157077e+00,-1.204883509161926991e+00,-1.196863418019304515e+00,-1.182132945170999649e+00,-1.156490524392052910e+00,-1.113970711788839330e+00,-1.046777796356766821e+00,-9.458649953709958869e-01,-8.027146204710803312e-01,-6.129820622885995274e-01,-3.825015981059564085e-01,-1.352518870437171561e-01,8.006561648145504861e-02,1.974589974636815626e-01,1.974589972980766994e-01,8.006561612723794852e-02,-1.352518874902166601e-01,-3.825015985728172918e-01,-6.129820628002586869e-01,-8.027146210227069645e-01,-9.458649959809198871e-01,-1.046777797005411736e+00,-1.113970712331851631e+00,-1.156490524876046866e+00,-1.182132945647520694e+00,-1.196863418516639799e+00,-1.204883509688233545e+00,-1.208966076191005046e+00,-1.210843204806460571e+00,-1.211545233292124824e+00,-1.211658027066757404e+00,-1.211500743851253503e+00,-1.211240125399644540e+00,-1.210959685738458802e+00,-1.210699432857677893e+00,-1.210477593465308699e+00,-1.210301971585250769e+00,-1.210175636146611389e+00,-1.210099647076646523e+00,-1.210074300435448613e+00,-1.000000000000000000e+00,-1.000000000000000000e+00,-1.000000000000000000e+00,-1.000000000000000000e+00,-1.000000000000000000e+00,-1.000000000000000000e+00,-1.000000000000000000e+00,-1.000000000000000000e+00,-1.000000000000000000e+00,-1.000000000000000000e+00,-1.000000000000000000e+00,-1.000000000000000000e+00,-1.000000000000000000e+00,-1.000000000000000000e+00,-1.000000000000000000e+00,-1.000000000000000000e+00,-1.000000000000000000e+00,-1.000000000000000000e+00,-1.000000000000000000e+00,-1.000000000000000000e+00,-1.000000000000000000e+00,-1.000000000000000000e+00,-1.000000000000000000e+00,-1.000000000000000000e+00,-1.000000000000000000e+00,-1.000000000000000000e+00,-1.000000000000000000e+00,-1.000000000000000000e+00,-1.000000000000000000e+00,-1.000000000000000000e+00,-1.000000000000000000e+00,-1.000000000000000000e+00,-1.000000000000000000e+00,-1.000000000000000000e+00,-1.000000000000000000e+00,-1.000000000000000000e+00,-1.000000000000000000e+00,-1.000000000000000000e+00,-1.000000000000000000e+00,-1.000000000000000000e+00,-1.000000000000000000e+00,-1.000000000000000000e+00,-1.000000000000000000e+00,-1.000000000000000000e+00,-1.000000000000000000e+00,-1.000000000000000000e+00
-1.000000000000000000e+00,-1.000000000000000000e+00,-1.000000000000000000e+00,-1.000000000000000000e+00,-1.000000000000000000e+00,-1.000000000000000000e+00,-1.000000000000000000e+00,-1.000000000000000000e+00,-1.000000000000000000e+00,-1.000000000000000000e+00,-1.000000000000000000e+00,-1.000000000000000000e+00,-1.000000000000000000e+00,-1.000000000000000000e+00,-1.000000000000000000e+00,-1.000000000000000000e+00,-1.000000000000000000e+00,-1.000000000000000000e+00,-1.000000000000000000e+00,-1.000000000000000000e+00,-1.000000000000000000e+00,-1.000000000000000000e+00,-1.000000000000000000e+00,-1.000000000000000000e+00,-1.000000000000000000e+00,-1.000000000000000000e+00,-1.000000000000000000e+00,-1.000000000000000000e+00,-1.000000000000000000e+00,-1.000000000000000000e+00,-1.000000000000000000e+00,-1.000000000000000000e+00,-1.000000000000000000e+00,-1.000000000000000000e+00,-1.000000000000000000e+00,-1.000000000000000000e+00,-1.000000000000000000e+00,-1.000000000000000000e+00,-1.000000000000000000e+00,-1.000000000000000000e+00,-1.000000000000000000e+00,-1.000000000000000000e+00,-1.000000000000000000e+00,-1.000000000000000000e+00,-1.000000000000000000e+00,-1.000000000000000000e+00,-1.210232723224885953e+00,-1.210256476018431337e+00,-1.210327741393583789e+00,-1.210446405972702477e+00,-1.210611720040676742e+00,-1.210821060465774535e+00,-1.211067203896335931e+00,-1.211332634943081299e+00,-1.211578170398871279e+00,-1.211721203065897257e+00,-1.211595945870990176e+00,-1.210884208349698232e+00,-1.209001089229944093e+00,-1.204917232151353934e+00,-1.196901620753954898e+00,-1.182182686555401929e+00,-1.156560538339182820e+00,-1.114071940533274185e+00,-1.046923932253431611e+00,-9.460727069038296078e-01,-8.030029021280128410e-01,-6.133699374637506807e-01,-3.830033902603310336e-01,-1.358697851061990702e-01,7.935031576797135777e-02,1.966903563586772652e-01,1.966903562408059969e-01,7.935031546140347558e-02,-1.358697855695245593e-01,-3.830033907275331995e-01,-6.133699380226080855e-01,-8.030029028208592878e-01,-9.460727076478264719e-01,-1.046923933005736496e+00,-1.114071941096765217e+00,-1.156560538750572631e+00,-1.182182686935774107e+00,-1.196901621186315934e+00,-1.204917232635451807e+00,-1.209001089510252314e+00,-1.210884208243380611e+00,-1.211595945451072298e+00,-1.211721202518150742e+00,-1.211578169946100569e+00,-1.211332635080864639e+00,-1.211067204296433886e+00,-1.210821061126618137e+00,-1.210611720826238802e+00,-1.210446406146409526e+00,-1.210327741407522195e+00,-1.210256476286271310e+00,-1.210232724063846632e+00,-1.000000000000000000e+00,-1.000000000000000000e+00,-1.000000000000000000e+00,-1.000000000000000000e+00,-1.000000000000000000e+00,-1.000000000000000000e+00,-1.000000000000000000e+00,-1.000000000000000000e+00,-1.000000000000000000e+00,-1.000000000000000000e+00,-1.000000000000000000e+00,-1.000000000000000000e+00,-1.000000000000000000e+00,-1.000000000000000000e+00,-1.000000000000000000e+00,-1.000000000000000000e+00,-1.000000000000000000e+00,-1.000000000000000000e+00,-1.000000000000000000e+00,-1.000000000000000000e+00,-1.000000000000000000e+00,-1.000000000000000000e+00,-1.000000000000000000e+00,-1.000000000000000000e+00,-1.000000000000000000e+00,-1.000000000000000000e+00,-1.000000000000000000e+00,-1.000000000000000000e+00,-1.000000000000000000e+00,-1.000000000000000000e+00,-1.000000000000000000e+00,-1.000000000000000000e+00,-1.000000000000000000e+00,-1.000000000000000000e+00,-1.000000000000000000e+00,-1.000000000000000000e+00,-1.000000000000000000e+00,-1.000000000000000000e+00,-1.000000000000000000e+00,-1.000000000000000000e+00,-1.000000000000000000e+00,-1.000000000000000000e+00,-1.000000000000000000e+00,-1.000000000000000000e+00,-1.000000000000000000e+00,-1.000000000000000000e+00
-1.000000000000000000e+00,-1.000000000000000000e+00,-1.000000000000000000e+00,-1.000000000000000000e+00,-1.000000000000000000e+00,-1.000000000000000000e+00,-1.000000000000000000e+00,-1.000000000000000000e+00,-1.000000000000000000e+00,-1.000000000000000000e+00,-1.000000000000000000e+00,-1.000000000000000000e+00,-1.000000000000000000e+00,-1.000000000000000000e+00,-1.000000000000000000e+00,-1.000000000000000000e+00,-1.000000000000000000e+00,-1.000000000000000000e+00,-1.000000000000000000e+00,-1.000000000000000000e+00,-1.000000000000000000e+00,-1.000000000000000000e+00,-1.000000000000000000e+00,-1.000000000000000000e+00,-1.000000000000000000e+00,-1.000000000000000000e+00,-1.000000000000000000e+00,-1.000000000000000000e+00,-1.000000000000000000e+00,-1.000000000000000000e+00,-1.000000000000000000e+00,-1.000000000000000000e+00,-1.000000000000000000e+00,-1.000000000000000000e+00,-1.000000000000000000e+00,-1.000000000000000000e+00,-1.000000000000000000e+00,-1.000000000000000000e+00,-1.000000000000000000e+00,-1.000000000000000000e+00,-1.000000000000000000e+00,-1.000000000000000000e+00,-1.000000000000000000e+00,-1.000000000000000000e+00,-1.000000000000000000e+00,-1.000000000000000000e+00,-1.210355414298034615e+00,-1.210376696481414438e+00,-1.210440636450391683e+00,-1.210547384901391910e+00,-1.210696646973601798e+00,-1.210886459731611353e+00,-1.211110475111663476e+00,-1.211352263571852106e+00,-1.211573911943353288e+00,-1.211694218211640806e+00,-1.211548865931014962e+00,-1.210821125645477281e+00,-1.208927485514997402e+00,-1.204839885479364936e+00,-1.196828553572872877e+00,-1.182123229639811868e+00,-1.156525568311761454e+00,-1.114074287316187517e+00,-1.046978827514964738e+00,-9.461979477635923397e-01,-8.032181558146979095e-01,-6.136943923052444738e-01,-3.834509428728070102e-01,-1.364414799732095451e-01,7.867517520975275680e-02,1.959586742775139001e-01,1.959586742262175996e-01,7.867517499500742417e-02,-1.364414804286065985e-01,-3.834509434031633246e-01,-6.136943929474882875e-01,-8.032181565622010799e-01,-9.461979484961396958e-01,-1.046978828245676230e+00,-1.114074287860280732e+00,-1.156525568677531979e+00,-1.182123229962313005e+00,-1.196828553964524477e+00,-1.204839885947585731e+00,-1.208927485808946267e+00,-1.210821125578467106e+00,-1.211548865661818963e+00,-1.211694217973113608e+00,-1.211573912007398279e+00,-1.211352264201656315e+00,-1.211110475986528545e+00,-1.210886460628198380e+00,-1.210696647856578823e+00,-1.210547385056453207e+00,-1.210440636256863378e+00,-1.210376696638516547e+00,-1.210355414817057884e+00,-1.000000000000000000e+00,-1.000000000000000000e+00,-1.000000000000000000e+00,-1.000000000000000000e+00,-1.000000000000000000e+00,-1.000000000000000000e+00,-1.000000000000000000e+00,-1.000000000000000000e+00,-1.000000000000000000e+00,-1.000000000000000000e+00,-1.000000000000000000e+00,-1.000000000000000000e+00,-1.000000000000000000e+00,-1.000000000000000000e+00,-1.000000000000000000e+00,-1.000000000000000000e+00,-1.000000000000000000e+00,-1.000000000000000000e+00,-1.000000000000000000e+00,-1.000000000000000000e+00,-1.000000000000000000e+00,-1.000000000000000000e+00,-1.000000000000000000e+00,-1.000000000000000000e+00,-1.000000000000000000e+00,-1.000000000000000000e+00,-1.000000000000000000e+00,-1.000000000000000000e+00,-1.000000000000000000e+00,-1.000000000000000000e+00,-1.000000000000000000e+00,-1.000000000000000000e+00,-1.000000000000000000e+00,-1.000000000000000000e+00,-1.000000000000000000e+00,-1.000000000000000000e+00,-1.000000000000000000e+00,-1.000000000000000000e+00,-1.000000000000000000e+00,-1.000000000000000000e+00,-1.000000000000000000e+00,-1.000000000000000000e+00,-1.000000000000000000e+00,-1.000000000000000000e+00,-1.000000000000000000e+00,-1.000000000000000000e+00
-1.000000000000000000e+00,-1.000000000000000000e+00,-1.000000000000000000e+00,-1.000000000000000000e+00,-1.000000000000000000e+00,-1.000000000000000000e+00,-1.000000000000000000e+00,-1.000000000000000000e+00,-1.000000000000000000e+00,-1.000000000000000000e+00,-1.000000000000000000e+00,-1.000000000000000000e+00,-1.000000000000000000e+00,-1.000000000000000000e+00,-1.000000000000000000e+00,-1.000000000000000000e+00,-1.000000000000000000e+00,-1.000000000000000000e+00,-1.000000000000000000e+00,-1.000000000000000000e+00,-1.000000000000000000e+00,-1.000000000000000000e+00,-1.000000000000000000e+00,-1.000000000000000000e+00,-1.000000000000000000e+00,-1.000000000000000000e+00,-1.000000000000000000e+00,-1.000000000000000000e+00,-1.000000000000000000e+00,-1.000000000000000000e+00,-1.000000000000000000e+00,-1.000000000000000000e+00,-1.000000000000000000e+00,-1.000000000000000000e+00,-1.000000000000000000e+00,-1.000000000000000000e+00,-1.000000000000000000e+00,-1.000000000000000000e+00,-1.000000000000000000e+00,-1.000000000000000000e+00,-1.000000000000000000e+00,-1.000000000000000000e+00,-1.000000000000000000e+00,-1.000000000000000000e+00,-1.000000000000000000e+00,-1.000000000000000000e+00,-1.210427433093691496e+00,-1.210444920306540606e+00,-1.210497597596787989e+00,-1.210585991669997474e+00,-1.210710464187987556e+00,-1.210870021108420458e+00,-1.211059621253969709e+00,-1.211264481966822348e+00,-1.211448641184878383e+00,-1.211533073356529266e+00,-1.211355742817207926e+00,-1.210602161856408010e+00,-1.208690883269287530e+00,-1.204595641596629907e+00,-1.196588177065561087e+00,-1.181899549648481429e+00,-1.156332722709326077e+00,-1.113927917721480032e+00,-1.046896370856704950e+00,-9.461987020221835909e-01,-8.033225314219196722e-01,-6.139215264336954636e-01,-3.838138352188170677e-01,-1.369393498915912888e-01,7.806585981268954200e-02,1.952886106538924693e-01,1.952886105912514658e-01,7.806585959198941715e-02,-1.369393503105929000e-01,-3.838138357556938329e-01,-6.139215270714718509e-01,-8.033225320959391791e-01,-9.461987026641058840e-01,-1.046896371510508850e+00,-1.113927918214185908e+00,-1.156332723064266377e+00,-1.181899549961684892e+00,-1.196588177444529277e+00,-1.204595642057356253e+00,-1.208690883594029319e+00,-1.210602161897128992e+00,-1.211355742835589888e+00,-1.211533073557657714e+00,-1.211448641812269189e+00,-1.211264483014911963e+00,-1.211059622456341245e+00,-1.210870022085276609e+00,-1.210710465016538118e+00,-1.210585991715826593e+00,-1.210497597096092282e+00,-1.210444920267569335e+00,-1.210427433209634529e+00,-1.000000000000000000e+00,-1.000000000000000000e+00,-1.000000000000000000e+00,-1.000000000000000000e+00,-1.000000000000000000e+00,-1.000000000000000000e+00,-1.000000000000000000e+00,-1.000000000000000000e+00,-1.000000000000000000e+00,-1.000000000000000000e+00,-1.000000000000000000e+00,-1.000000000000000000e+00,-1.000000000000000000e+00,-1.000000000000000000e+00,-1.000000000000000000e+00,-1.000000000000000000e+00,-1.000000000000000000e+00,-1.000000000000000000e+00,-1.000000000000000000e+00,-1.000000000000000000e+00,-1.000000000000000000e+00,-1.000000000000000000e+00,-1.000000000000000000e+00,-1.000000000000000000e+00,-1.000000000000000000e+00,-1.000000000000000000e+00,-1.000000000000000000e+00,-1.000000000000000000e+00,-1.000000000000000000e+00,-1.000000000000000000e+00,-1.000000000000000000e+00,-1.000000000000000000e+00,-1.000000000000000000e+00,-1.000000000000000000e+00,-1.000000000000000000e+00,-1.000000000000000000e+00,-1.000000000000000000e+00,-1.000000000000000000e+00,-1.000000000000000000e+00,-1.000000000000000000e+00,-1.000000000000000000e+00,-1.000000000000000000e+00,-1.000000000000000000e+00,-1.000000000000000000e+00,-1.000000000000000000e+00,-1.000000000000000000e+00
-1.000000000000000000e+00,-1.000000000000000000e+00,-1.000000000000000000e+00,-1.000000000000000000e+00,-1.000000000000000000e+00,-1.000000000000000000e+00,-1.000000000000000000e+00,-1.000000000000000000e+00,-1.000000000000000000e+00,-1.000000000000000000e+00,-1.000000000000000000e+00,-1.000000000000000000e+00,-1.000000000000000000e+00,-1.000000000000000000e+00,-1.000000000000000000e+00,-1.000000000000000000e+00,-1.000000000000000000e+00,-1.000000000000000000e+00,-1.000000000000000000e+00,-1.000000000000000000e+00,-1.000000000000000000e+00,-1.000000000000000000e+00,-1.000000000000000000e+00,-1.000000000000000000e+00,-1.000000000000000000e+00,-1.000000000000000000e+00,-1.000000000000000000e+00,-1.000000000000000000e+00,-1.000000000000000000e+00,-1.000000000000000000e+00,-1.000000000000000000e+00,-1.000000000000000000e+00,-1.000000000000000000e+00,-1.000000000000000000e+00,-1.000000000000000000e+00,-1.000000000000000000e+00,-1.000000000000000000e+00,-1.000000000000000000e+00,-1.000000000000000000e+00,-1.000000000000000000e+00,-1.000000000000000000e+00,-1.000000000000000000e+00,-1.000000000000000000e+00,-1.000000000000000000e+00,-1.000000000000000000e+00,-1.000000000000000000e+00,-1.210428854088064332e+00,-1.210440560668788246e+00,-1.210476065027059178e+00,-1.210536418605066000e+00,-1.210622914876800182e+00,-1.210735963435124241e+00,-1.210872455545494386e+00,-1.211020089029404279e+00,-1.211145885637391117e+00,-1.211174184546908617e+00,-1.210946494506568438e+00,-1.210151798080909114e+00,-1.208211780681206937e+00,-1.204102759490102592e+00,-1.196098404126753278e+00,-1.181431095996403391e+00,-1.155904701682088254e+00,-1.113560192976084995e+00,-1.046609593118528636e+00,-9.460142238637087031e-01,-8.032615966947990183e-01,-6.140028759572586647e-01,-3.840488454984605227e-01,-1.373243777990807990e-01,7.755845381561443652e-02,1.947147448437087647e-01,1.947147447325010550e-01,7.755845354078672038e-02,-1.373243781710465905e-01,-3.840488460103803625e-01,-6.140028765339549111e-01,-8.032615972320868991e-01,-9.460142243706145537e-01,-1.046609593615543066e+00,-1.113560193335687343e+00,-1.155904701994692418e+00,-1.181431096345541443e+00,-1.196098404565073325e+00,-1.204102760007314643e+00,-1.208211781110588579e+00,-1.210151798351704944e+00,-1.210946494936934847e+00,-1.211174185223999444e+00,-1.211145886753254075e+00,-1.211020090355665157e+00,-1.210872456930845553e+00,-1.210735964382691154e+00,-1.210622915554072421e+00,-1.210536418449661200e+00,-1.210476064126122742e+00,-1.210440560354259620e+00,-1.210428853741626787e+00,-1.000000000000000000e+00,-1.000000000000000000e+00,-1.000000000000000000e+00,-1.000000000000000000e+00,-1.000000000000000000e+00,-1.000000000000000000e+00,-1.000000000000000000e+00,-1.000000000000000000e+00,-1.000000000000000000e+00,-1.000000000000000000e+00,-1.000000000000000000e+00,-1.000000000000000000e+00,-1.000000000000000000e+00,-1.000000000000000000e+00,-1.000000000000000000e+00,-1.000000000000000000e+00,-1.000000000000000000e+00,-1.000000000000000000e+00,-1.000000000000000000e+00,-1.000000000000000000e+00,-1.000000000000000000e+00,-1.000000000000000000e+00,-1.000000000000000000e+00,-1.000000000000000000e+00,-1.000000000000000000e+00,-1.000000000000000000e+00,-1.000000000000000000e+00,-1.000000000000000000e+00,-1.000000000000000000e+00,-1.000000000000000000e+00,-1.000000000000000000e+00,-1.000000000000000000e+00,-1.000000000000000000e+00,-1.000000000000000000e+00,-1.000000000000000000e+00,-1.000000000000000000e+00,-1.000000000000000000e+00,-1.000000000000000000e+00,-1.000000000000000000e+00,-1.000000000000000000e+00,-1.000000000000000000e+00,-1.000000000000000000e+00,-1.000000000000000000e+00,-1.000000000000000000e+00,-1.000000000000000000e+00,-1.000000000000000000e+00
-1.000000000000000000e+00,-1.000000000000000000e+00,-1.000000000000000000e+00,-1.000000000000000000e+00,-1.000000000000000000e+00,-1.000000000000000000e+00,-1.000000000000000000e+00,-1.000000000000000000e+00,-1.000000000000000000e+00,-1.000000000000000000e+00,-1.000000000000000000e+00,-1.000000000000000000e+00,-1.000000000000000000e+00,-1.000000000000000000e+00,-1.000000000000000000e+00,-1.000000000000000000e+00,-1.000000000000000000e+00,-1.000000000000000000e+00,-1.000000000000000000e+00,-1.000000000000000000e+00,-1.000000000000000000e+00,-1.000000000000000000e+00,-1.000000000000000000e+00,-1.000000000000000000e+00,-1.000000000000000000e+00,-1.000000000000000000e+00,-1.000000000000000000e+00,-1.000000000000000000e+00,-1.000000000000000000e+00,-1.000000000000000000e+00,-1.000000000000000000e+00,-1.000000000000000000e+00,-1.000000000000000000e+00,-1.000000000000000000e+00,-1.000000000000000000e+00,-1.000000000000000000e+00,-1.000000000000000000e+00,-1.000000000000000000e+00,-1.000000000000000000e+00,-1.000000000000000000e+00,-1.000000000000000000e+00,-1.000000000000000000e+00,-1.000000000000000000e+00,-1.000000000000000000e+00,-1.000000000000000000e+00,-1.000000000000000000e+00,-1.210333401289093391e+00,-1.210336378582877570e+00,-1.210345922342674019e+00,-1.210363799022267983e+00,-1.210392599354285004e+00,-1.210434736846397685e+00,-1.210489929139924259e+00,-1.210549579529910380e+00,-1.210585244891308809e+00,-1.210526444357087783e+00,-1.210220186016665700e+00,-1.209360840804498904e+00,-1.207374904188479370e+00,-1.203242516392747818e+00,-1.195239928866089985e+00,-1.180600832712101589e+00,-1.155129334341347569e+00,-1.112865935797827222e+00,-1.046021823631912540e+00,-9.455571686398139830e-01,-8.029574500604411691e-01,-6.138694456329815141e-01,-3.840947822290859959e-01,-1.375416173630046313e-01,7.720355570675740964e-02,1.942854469773525050e-01,1.942854468440953219e-01,7.720355538898093783e-02,-1.375416177178695465e-01,-3.840947826927858522e-01,-6.138694460749299919e-01,-8.029574504002199298e-01,-9.455571689334366647e-01,-1.046021823934857764e+00,-1.112865936057476857e+00,-1.155129334661189722e+00,-1.180600833139202610e+00,-1.195239929400891299e+00,-1.203242517014880386e+00,-1.207374904804547677e+00,-1.209360841397396857e+00,-1.210220186861901137e+00,-1.210526445420177177e+00,-1.210585246333760301e+00,-1.210549580991727936e+00,-1.210489930604524256e+00,-1.210434737725655019e+00,-1.210392599856099149e+00,-1.210363798640660127e+00,-1.210345921076076303e+00,-1.210336378055974826e+00,-1.210333400603550214e+00,-1.000000000000000000e+00,-1.000000000000000000e+00,-1.000000000000000000e+00,-1.000000000000000000e+00,-1.000000000000000000e+00,-1.000000000000000000e+00,-1.000000000000000000e+00,-1.000000000000000000e+00,-1.000000000000000000e+00,-1.000000000000000000e+00,-1.000000000000000000e+00,-1.000000000000000000e+00,-1.000000000000000000e+00,-1.000000000000000000e+00,-1.000000000000000000e+00,-1.000000000000000000e+00,-1.000000000000000000e+00,-1.000000000000000000e+00,-1.000000000000000000e+00,-1.000000000000000000e+00,-1.000000000000000000e+00,-1.000000000000000000e+00,-1.000000000000000000e+00,-1.000000000000000000e+00,-1.000000000000000000e+00,-1.000000000000000000e+00,-1.000000000000000000e+00,-1.000000000000000000e+00,-1.000000000000000000e+00,-1.000000000000000000e+00,-1.000000000000000000e+00,-1.000000000000000000e+00,-1.000000000000000000e+00,-1.000000000000000000e+00,-1.000000000000000000e+00,-1.000000000000000000e+00,-1.000000000000000000e+00,-1.000000000000000000e+00,-1.000000000000000000e+00,-1.000000000000000000e+00,-1.000000000000000000e+00,-1.000000000000000000e+00,-1.000000000000000000e+00,-1.000000000000000000e+00,-1.000000000000000000e+00,-1.000000000000000000e+00
-1.000000000000000000e+00,-1.000000000000000000e+00,-1.000000000000000000e+00,-1.000000000000000000e+00,-1.000000000000000000e+00,-1.000000000000000000e+00,-1.000000000000000000e+00,-1.000000000000000000e+00,-1.000000000000000000e+00,-1.000000000000000000e+00,-1.000000000000000000e+00,-1.000000000000000000e+00,-1.000000000000000000e+00,-1.000000000000000000e+00,-1.000000000000000000e+00,-1.000000000000000000e+00,-1.000000000000000000e+00,-1.000000000000000000e+00,-1.000000000000000000e+00,-1.000000000000000000e+00,-1.000000000000000000e+00,-1.000000000000000000e+00,-1.000000000000000000e+00,-1.000000000000000000e+00,-1.000000000000000000e+00,-1.000000000000000000e+00,-1.000000000000000000e+00,-1.000000000000000000e+00,-1.000000000000000000e+00,-1.000000000000000000e+00,-1.000000000000000000e+00,-1.000000000000000000e+00,-1.000000000000000000e+00,-1.000000000000000000e+00,-1.000000000000000000e+00,-1.000000000000000000e+00,-1.000000000000000000e+00,-1.000000000000000000e+00,-1.000000000000000000e+00,-1.000000000000000000e+00,-1.000000000000000000e+00,-1.000000000000000000e+00,-1.000000000000000000e+00,-1.000000000000000000e+00,-1.000000000000000000e+00,-1.000000000000000000e+00,-1.210106909792538765e+00,-1.210096828599056540e+00,-1.210067492474816930e+00,-1.210021614460792705e+00,-1.209963551330320408e+00,-1.209898530544481821e+00,-1.209830352980810320e+00,-1.209755904375734881e+00,-1.209653580179405052e+00,-1.209460821857420099e+00,-1.209033128094093801e+00,-1.208073220028819339e+00,-1.206015009620251321e+00,-1.201844394311288200e+00,-1.193841224184935657e+00,-1.179240474749791767e+00,-1.153845443259593262e+00,-1.111694240899745667e+00,-1.044994670282312521e+00,-9.447028615743344737e-01,-8.022992934261637954e-01,-6.134235071198308464e-01,-3.838653505829063839e-01,-1.375139091337287400e-01,7.707197361162188010e-02,1.940682728091467357e-01,1.940682727240381489e-01,7.707197335671933658e-02,-1.375139094242218141e-01,-3.838653509211336079e-01,-6.134235073886200595e-01,-8.022992936213853010e-01,-9.447028617027573016e-01,-1.044994670457633834e+00,-1.111694241152880736e+00,-1.153845443599061937e+00,-1.179240475224511586e+00,-1.193841224820203717e+00,-1.201844395122074971e+00,-1.206015010549879918e+00,-1.208073221004577702e+00,-1.209033129268578977e+00,-1.209460823146939035e+00,-1.209653581762183627e+00,-1.209755905835683709e+00,-1.209830354416993714e+00,-1.209898531290919399e+00,-1.209963551609483101e+00,-1.210021613842387822e+00,-1.210067490993081307e+00,-1.210096828078799813e+00,-1.210106909106782425e+00,-1.000000000000000000e+00,-1.000000000000000000e+00,-1.000000000000000000e+00,-1.000000000000000000e+00,-1.000000000000000000e+00,-1.000000000000000000e+00,-1.000000000000000000e+00,-1.000000000000000000e+00,-1.000000000000000000e+00,-1.000000000000000000e+00,-1.000000000000000000e+00,-1.000000000000000000e+00,-1.000000000000000000e+00,-1.000000000000000000e+00,-1.000000000000000000e+00,-1.000000000000000000e+00,-1.000000000000000000e+00,-1.000000000000000000e+00,-1.000000000000000000e+00,-1.000000000000000000e+00,-1.000000000000000000e+00,-1.000000000000000000e+00,-1.000000000000000000e+00,-1.000000000000000000e+00,-1.000000000000000000e+00,-1.000000000000000000e+00,-1.000000000000000000e+00,-1.000000000000000000e+00,-1.000000000000000000e+00,-1.000000000000000000e+00,-1.000000000000000000e+00,-1.000000000000000000e+00,-1.000000000000000000e+00,-1.000000000000000000e+00,-1.000000000000000000e+00,-1.000000000000000000e+00,-1.000000000000000000e+00,-1.000000000000000000e+00,-1.000000000000000000e+00,-1.000000000000000000e+00,-1.000000000000000000e+00,-1.000000000000000000e+00,-1.000000000000000000e+00,-1.000000000000000000e+00,-1.000000000000000000e+00,-1.000000000000000000e+00
-1.000000000000000000e+00,-1.000000000000000000e+00,-1.000000000000000000e+00,-1.000000000000000000e+00,-1.000000000000000000e+00,-1.000000000000000000e+00,-1.000000000000000000e+00,-1.000000000000000000e+00,-1.000000000000000000e+00,-1.000000000000000000e+00,-1.000000000000000000e+00,-1.000000000000000000e+00,-1.000000000000000000e+00,-1.000000000000000000e+00,-1.000000000000000000e+00,-1.000000000000000000e+00,-1.000000000000000000e+00,-1.000000000000000000e+00,-1.000000000000000000e+00,-1.000000000000000000e+00,-1.000000000000000000e+00,-1.000000000000000000e+00,-1.000000000000000000e+00,-1.000000000000000000e+00,-1.000000000000000000e+00,-1.000000000000000000e+00,-1.000000000000000000e+00,-1.000000000000000000e+00,-1.000000000000000000e+00,-1.000000000000000000e+00,-1.000000000000000000e+00,-1.000000000000000000e+00,-1.000000000000000000e+00,-1.000000000000000000e+00,-1.000000000000000000e+00,-1.000000000000000000e+00,-1.000000000000000000e+00,-1.000000000000000000e+00,-1.000000000000000000e+00,-1.000000000000000000e+00,-1.000000000000000000e+00,-1.000000000000000000e+00,-1.000000000000000000e+00,-1.000000000000000000e+00,-1.000000000000000000e+00,-1.000000000000000000e+00,-1.209705728785721801e+00,-1.209676318185676891e+00,-1.209589362299575921e+00,-1.209448783767599789e+00,-1.209261281568845714e+00,-1.209035961532261672e+00,-1.208782442344232155e+00,-1.208505630830662092e+00,-1.208194133024812711e+00,-1.207797397616899637e+00,-1.207183925255846724e+00,-1.206069293898328176e+00,-1.203898822163392168e+00,-1.199667138274595812e+00,-1.191659259721785658e+00,-1.177111412750222907e+00,-1.151824477692042770e+00,-1.109831230388821144e+00,-1.043332193751421721e+00,-9.432750565791447883e-01,-8.011308102158242184e-01,-6.125275102168619146e-01,-3.832394082210411890e-01,-1.371332116798560374e-01,7.726264647623448667e-02,1.941575020014696396e-01,1.941575019902075372e-01,7.726264634682689092e-02,-1.371332118685418822e-01,-3.832394084233491371e-01,-6.125275103607979998e-01,-8.011308103889951404e-01,-9.432750566805093717e-01,-1.043332193925782025e+00,-1.109831230673257840e+00,-1.151824477993800278e+00,-1.177111413216532343e+00,-1.191659260478553195e+00,-1.199667139375020009e+00,-1.203898823486507341e+00,-1.206069295240096650e+00,-1.207183926622166004e+00,-1.207797398983788462e+00,-1.208194134620899973e+00,-1.208505632212055092e+00,-1.208782443673978246e+00,-1.209035962091105532e+00,-1.209261281601426985e+00,-1.209448782985844462e+00,-1.209589360868005059e+00,-1.209676317925601152e+00,-1.209705728433006611e+00,-1.000000000000000000e+00,-1.000000000000000000e+00,-1.000000000000000000e+00,-1.000000000000000000e+00,-1.000000000000000000e+00,-1.000000000000000000e+00,-1.000000000000000000e+00,-1.000000000000000000e+00,-1.000000000000000000e+00,-1.000000000000000000e+00,-1.000000000000000000e+00,-1.000000000000000000e+00,-1.000000000000000000e+00,-1.000000000000000000e+00,-1.000000000000000000e+00,-1.000000000000000000e+00,-1.000000000000000000e+00,-1.000000000000000000e+00,-1.000000000000000000e+00,-1.000000000000000000e+00,-1.000000000000000000e+00,-1.000000000000000000e+00,-1.000000000000000000e+00,-1.000000000000000000e+00,-1.000000000000000000e+00,-1.000000000000000000e+00,-1.000000000000000000e+00,-1.000000000000000000e+00,-1.000000000000000000e+00,-1.000000000000000000e+00,-1.000000000000000000e+00,-1.000000000000000000e+00,-1.000000000000000000e+00,-1.000000000000000000e+00,-1.000000000000000000e+00,-1.000000000000000000e+00,-1.000000000000000000e+00,-1.000000000000000000e+00,-1.000000000000000000e+00,-1.000000000000000000e+00,-1.000000000000000000e+00,-1.000000000000000000e+00,-1.000000000000000000e+00,-1.000000000000000000e+00,-1.000000000000000000e+00,-1.000000000000000000e+00
-1.000000000000000000e+00,-1.000000000000000000e+00,-1.000000000000000000e+00,-1.000000000000000000e+00,-1.000000000000000000e+00,-1.000000000000000000e+00,-1.000000000000000000e+00,-1.000000000000000000e+00,-1.000000000000000000e+00,-1.000000000000000000e+00,-1.000000000000000000e+00,-1.000000000000000000e+00,-1.000000000000000000e+00,-1.000000000000000000e+00,-1.000000000000000000e+00,-1.000000000000000000e+00,-1.000000000000000000e+00,-1.000000000000000000e+00,-1.000000000000000000e+00,-1.000000000000000000e+00,-1.000000000000000000e+00,-1.000000000000000000e+00,-1.000000000000000000e+00,-1.000000000000000000e+00,-1.000000000000000000e+00,-1.000000000000000000e+00,-1.000000000000000000e+00,-1.000000000000000000e+00,-1.000000000000000000e+00,-1.000000000000000000e+00,-1.000000000000000000e+00,-1.000000000000000000e+00,-1.000000000000000000e+00,-1.000000000000000000e+00,-1.000000000000000000e+00,-1.000000000000000000e+00,-1.000000000000000000e+00,-1.000000000000000000e+00,-1.000000000000000000e+00,-1.000000000000000000e+00,-1.000000000000000000e+00,-1.000000000000000000e+00,-1.000000000000000000e+00,-1.000000000000000000e+00,-1.000000000000000000e+00,-1.000000000000000000e+00,-1.209075291708898048e+00,-1.209017612773570338e+00,-1.208846286138764770e+00,-1.208566712871838922e+00,-1.208188604580125558e+00,-1.207726302113306893e+00,-1.207197585998200262e+00,-1.206618946701879969e+00,-1.205994052635504410e+00,-1.205290338037442233e+00,-1.204395986083064640e+00,-1.203046159912999125e+00,-1.200703576112563731e+00,-1.196376078333494686e+00,-1.188356232430729298e+00,-1.173881490455003895e+00,-1.148747930039323073e+00,-1.106978607866500264e+00,-1.040760970785409523e+00,-9.410277344819925061e-01,-7.992337742977108084e-01,-6.109894355833546120e-01,-3.820478684979796702e-01,-1.362487582831016786e-01,7.791360886191323054e-02,1.946846509209068099e-01,1.946846509424047245e-01,7.791360884632947403e-02,-1.362487583361208232e-01,-3.820478685673754926e-01,-6.109894356506244684e-01,-7.992337745177567898e-01,-9.410277346881854577e-01,-1.040760971099436105e+00,-1.106978608252982887e+00,-1.148747930335532352e+00,-1.173881490950392958e+00,-1.188356233343772494e+00,-1.196376079718799224e+00,-1.200703577740818595e+00,-1.203046161482376641e+00,-1.204395987485191721e+00,-1.205290339363483509e+00,-1.205994054107129232e+00,-1.206618947903704386e+00,-1.207197587130792726e+00,-1.207726302478948854e+00,-1.208188604501631236e+00,-1.208566712218647865e+00,-1.208846285204119297e+00,-1.209017613112785883e+00,-1.209075292041174920e+00,-1.000000000000000000e+00,-1.000000000000000000e+00,-1.000000000000000000e+00,-1.000000000000000000e+00,-1.000000000000000000e+00,-1.000000000000000000e+00,-1.000000000000000000e+00,-1.000000000000000000e+00,-1.000000000000000000e+00,-1.000000000000000000e+00,-1.000000000000000000e+00,-1.000000000000000000e+00,-1.000000000000000000e+00,-1.000000000000000000e+00,-1.000000000000000000e+00,-1.000000000000000000e+00,-1.000000000000000000e+00,-1.000000000000000000e+00,-1.000000000000000000e+00,-1.000000000000000000e+00,-1.000000000000000000e+00,-1.000000000000000000e+00,-1.000000000000000000e+00,-1.000000000000000000e+00,-1.000000000000000000e+00,-1.000000000000000000e+00,-1.000000000000000000e+00,-1.000000000000000000e+00,-1.000000000000000000e+00,-1.000000000000000000e+00,-1.000000000000000000e+00,-1.000000000000000000e+00,-1.000000000000000000e+00,-1.000000000000000000e+00,-1.000000000000000000e+00,-1.000000000000000000e+00,-1.000000000000000000e+00,-1.000000000000000000e+00,-1.000000000000000000e+00,-1.000000000000000000e+00,-1.000000000000000000e+00,-1.000000000000000000e+00,-1.000000000000000000e+00,-1.000000000000000000e+00,-1.000000000000000000e+00,-1.000000000000000000e+00
-1.000000000000000000e+00,-1.000000000000000000e+00,-1.000000000000000000e+00,-1.000000000000000000e+00,-1.000000000000000000e+00,-1.000000000000000000e+00,-1.000000000000000000e+00,-1.000000000000000000e+00,-1.000000000000000000e+00,-1.000000000000000000e+00,-1.000000000000000000e+00,-1.000000000000000000e+00,-1.000000000000000000e+00,-1.000000000000000000e+00,-1.000000000000000000e+00,-1.000000000000000000e+00,-1.000000000000000000e+00,-1.000000000000000000e+00,-1.000000000000000000e+00,-1.000000000000000000e+00,-1.000000000000000000e+00,-1.000000000000000000e+00,-1.000000000000000000e+00,-1.000000000000000000e+00,-1.000000000000000000e+00,-1.000000000000000000e+00,-1.000000000000000000e+00,-1.000000000000000000e+00,-1.000000000000000000e+00,-1.000000000000000000e+00,-1.000000000000000000e+00,-1.000000000000000000e+00,-1.000000000000000000e+00,-1.000000000000000000e+00,-1.000000000000000000e+00,-1.000000000000000000e+00,-1.000000000000000000e+00,-1.000000000000000000e+00,-1.000000000000000000e+00,-1.000000000000000000e+00,-1.000000000000000000e+00,-1.000000000000000000e+00,-1.000000000000000000e+00,-1.000000000000000000e+00,-1.000000000000000000e+00,-1.000000000000000000e+00,-1.208149231319119554e+00,-1.208050782377320331e+00,-1.207757618446565928e+00,-1.207276845555802725e+00,-1.206621912774321848e+00,-1.205814065995831186e+00,-1.204882341739933915e+00,-1.203859710798118599e+00,-1.202771741377493875e+00,-1.201612415454881511e+00,-1.200299269593361640e+00,-1.198596862650345596e+00,-1.195994088511974862e+00,-1.191518605725905955e+00,-1.183474060997836919e+00,-1.169099154685412145e+00,-1.144181747474194211e+00,-1.102728863918028601e+00,-1.036906519595556242e+00,-9.376230451884495221e-01,-7.963076624960057082e-01,-6.085440834022290968e-01,-3.800565287996795494e-01,-1.346511616264174371e-01,7.921697561851770431e-02,1.958329836901027132e-01,1.958329836967425130e-01,7.921697566305829774e-02,-1.346511615743722912e-01,-3.800565288366252181e-01,-6.085440835542299531e-01,-7.963076628802763235e-01,-9.376230456101514177e-01,-1.036906520098110018e+00,-1.102728864409298737e+00,-1.144181747806618743e+00,-1.169099155244686994e+00,-1.183474062055741793e+00,-1.191518607315636302e+00,-1.195994090296069734e+00,-1.198596864304536602e+00,-1.200299270959032549e+00,-1.201612416643511150e+00,-1.202771742578576886e+00,-1.203859711703163526e+00,-1.204882342596006684e+00,-1.205814066243529936e+00,-1.206621912796153273e+00,-1.207276845316032299e+00,-1.207757618369101005e+00,-1.208050783589894817e+00,-1.208149232639928794e+00,-1.000000000000000000e+00,-1.000000000000000000e+00,-1.000000000000000000e+00,-1.000000000000000000e+00,-1.000000000000000000e+00,-1.000000000000000000e+00,-1.000000000000000000e+00,-1.000000000000000000e+00,-1.000000000000000000e+00,-1.000000000000000000e+00,-1.000000000000000000e+00,-1.000000000000000000e+00,-1.000000000000000000e+00,-1.000000000000000000e+00,-1.000000000000000000e+00,-1.000000000000000000e+00,-1.000000000000000000e+00,-1.000000000000000000e+00,-1.000000000000000000e+00,-1.000000000000000000e+00,-1.000000000000000000e+00,-1.000000000000000000e+00,-1.000000000000000000e+00,-1.000000000000000000e+00,-1.000000000000000000e+00,-1.000000000000000000e+00,-1.000000000000000000e+00,-1.000000000000000000e+00,-1.000000000000000000e+00,-1.000000000000000000e+00,-1.000000000000000000e+00,-1.000000000000000000e+00,-1.000000000000000000e+00,-1.000000000000000000e+00,-1.000000000000000000e+00,-1.000000000000000000e+00,-1.000000000000000000e+00,-1.000000000000000000e+00,-1.000000000000000000e+00,-1.000000000000000000e+00,-1.000000000000000000e+00,-1.000000000000000000e+00,-1.000000000000000000e+00,-1.000000000000000000e+00,-1.000000000000000000e+00,-1.000000000000000000e+00
-1.000000000000000000e+00,-1.000000000000000000e+00,-1.000000000000000000e+00,-1.000000000000000000e+00,-1.000000000000000000e+00,-1.000000000000000000e+00,-1.000000000000000000e+00,-1.000000000000000000e+00,-1.000000000000000000e+00,-1.000000000000000000e+00,-1.000000000000000000e+00,-1.000000000000000000e+00,-1.000000000000000000e+00,-1.000000000000000000e+00,-1.000000000000000000e+00,-1.000000000000000000e+00,-1.000000000000000000e+00,-1.000000000000000000e+00,-1.000000000000000000e+00,-1.000000000000000000e+00,-1.000000000000000000e+00,-1.000000000000000000e+00,-1.000000000000000000e+00,-1.000000000000000000e+00,-1.000000000000000000e+00,-1.000000000000000000e+00,-1.000000000000000000e+00,-1.000000000000000000e+00,-1.000000000000000000e+00,-1.000000000000000000e+00,-1.000000000000000000e+00,-1.000000000000000000e+00,-1.000000000000000000e+00,-1.000000000000000000e+00,-1.000000000000000000e+00,-1.000000000000000000e+00,-1.000000000000000000e+00,-1.000000000000000000e+00,-1.000000000000000000e+00,-1.000000000000000000e+00,-1.000000000000000000e+00,-1.000000000000000000e+00,-1.000000000000000000e+00,-1.000000000000000000e+00,-1.000000000000000000e+00,-1.000000000000000000e+00,-1.206849603526821912e+00,-1.206693289593144369e+00,-1.206226983950940301e+00,-1.205459606109315462e+00,-1.204409046905921876e+00,-1.203105433658973045e+00,-1.201593038300712513e+00,-1.199927882780910116e+00,-1.198166834996736929e+00,-1.196342370588124870e+00,-1.194414997701929604e+00,-1.192192567763860511e+00,-1.189202637275305730e+00,-1.184502099705115219e+00,-1.176410772100253022e+00,-1.162168745822088400e+00,-1.137550982363712215e+00,-1.096539735227057166e+00,-1.031267990388028855e+00,-9.326066001099670988e-01,-7.919458345370982144e-01,-6.048303099862384347e-01,-3.769443943326862279e-01,-1.320517114687561611e-01,8.143891285073534547e-02,1.978570912776906887e-01,1.978570912312478391e-01,8.143891281490178713e-02,-1.320517115004942177e-01,-3.769443945016320852e-01,-6.048303103105351353e-01,-7.919458350628569843e-01,-9.326066007113603673e-01,-1.031267991035285325e+00,-1.096539735846669972e+00,-1.137550982890056295e+00,-1.162168746586905943e+00,-1.176410773333303350e+00,-1.184502101434575572e+00,-1.189202639069429468e+00,-1.192192569383126344e+00,-1.194414998922620041e+00,-1.196342371552619355e+00,-1.198166835880518866e+00,-1.199927883408526519e+00,-1.201593038952303294e+00,-1.203105433951534575e+00,-1.204409047211180361e+00,-1.205459606437197184e+00,-1.206226984873980612e+00,-1.206693291709971305e+00,-1.206849605816747495e+00,-1.000000000000000000e+00,-1.000000000000000000e+00,-1.000000000000000000e+00,-1.000000000000000000e+00,-1.000000000000000000e+00,-1.000000000000000000e+00,-1.000000000000000000e+00,-1.000000000000000000e+00,-1.000000000000000000e+00,-1.000000000000000000e+00,-1.000000000000000000e+00,-1.000000000000000000e+00,-1.000000000000000000e+00,-1.000000000000000000e+00,-1.000000000000000000e+00,-1.000000000000000000e+00,-1.000000000000000000e+00,-1.000000000000000000e+00,-1.000000000000000000e+00,-1.000000000000000000e+00,-1.000000000000000000e+00,-1.000000000000000000e+00,-1.000000000000000000e+00,-1.000000000000000000e+00,-1.000000000000000000e+00,-1.000000000000000000e+00,-1.000000000000000000e+00,-1.000000000000000000e+00,-1.000000000000000000e+00,-1.000000000000000000e+00,-1.000000000000000000e+00,-1.000000000000000000e+00,-1.000000000000000000e+00,-1.000000000000000000e+00,-1.000000000000000000e+00,-1.000000000000000000e+00,-1.000000000000000000e+00,-1.000000000000000000e+00,-1.000000000000000000e+00,-1.000000000000000000e+00,-1.000000000000000000e+00,-1.000000000000000000e+00,-1.000000000000000000e+00,-1.000000000000000000e+00,-1.000000000000000000e+00,-1.000000000000000000e+00
-1.000000000000000000e+00,-1.000000000000000000e+00,-1.000000000000000000e+00,-1.000000000000000000e+00,-1.000000000000000000e+00,-1.000000000000000000e+00,-1.000000000000000000e+00,-1.000000000000000000e+00,-1.000000000000000000e+00,-1.000000000000000000e+00,-1.000000000000000000e+00,-1.000000000000000000e+00,-1.000000000000000000e+00,-1.000000000000000000e+00,-1.000000000000000000e+00,-1.000000000000000000e+00,-1.000000000000000000e+00,-1.000000000000000000e+00,-1.000000000000000000e+00,-1.000000000000000000e+00,-1.000000000000000000e+00,-1.000000000000000000e+00,-1.000000000000000000e+00,-1.000000000000000000e+00,-1.000000000000000000e+00,-1.000000000000000000e+00,-1.000000000000000000e+00,-1.000000000000000000e+00,-1.000000000000000000e+00,-1.000000000000000000e+00,-1.000000000000000000e+00,-1.000000000000000000e+00,-1.000000000000000000e+00,-1.000000000000000000e+00,-1.000000000000000000e+00,-1.000000000000000000e+00,-1.000000000000000000e+00,-1.000000000000000000e+00,-1.000000000000000000e+00,-1.000000000000000000e+00,-1.000000000000000000e+00,-1.000000000000000000e+00,-1.000000000000000000e+00,-1.000000000000000000e+00,-1.000000000000000000e+00,-1.000000000000000000e+00,-1.205088973706976985e+00,-1.204852031493787390e+00,-1.204144175921741056e+00,-1.202976026611024762e+00,-1.201370486879408173e+00,-1.199368803544242024e+00,-1.197035456844700807e+00,-1.194458095387320729e+00,-1.191737434656775729e+00,-1.188960595567615242e+00,-1.186149608088121088e+00,-1.183174628715569110e+00,-1.179619003565341329e+00,-1.174581819448454301e+00,-1.166406134255268734e+00,-1.152333812012319214e+00,-1.128120814981673270e+00,-1.087713094651510559e+00,-1.023195226767505739e+00,-9.253831286401448253e-01,-7.856102666076520968e-01,-5.993652987275476240e-01,-3.722778510747117853e-01,-1.280566708006846133e-01,8.494515115849998743e-02,2.011082735322617943e-01,2.011082734459981314e-01,8.494515097528587688e-02,-1.280566711158580562e-01,-3.722778515660329912e-01,-5.993652993639957405e-01,-7.856102673385378932e-01,-9.253831294209187153e-01,-1.023195227514259953e+00,-1.087713095421441123e+00,-1.128120815818116851e+00,-1.152333813080483216e+00,-1.166406135642140462e+00,-1.174581821157214545e+00,-1.179619005220583494e+00,-1.183174630124111060e+00,-1.186149609046768028e+00,-1.188960596287608418e+00,-1.191737435308455995e+00,-1.194458095884719295e+00,-1.197035457458320407e+00,-1.199368804088875917e+00,-1.201370487699642942e+00,-1.202976027736063269e+00,-1.204144178004999066e+00,-1.204852034478924416e+00,-1.205088976785718025e+00,-1.000000000000000000e+00,-1.000000000000000000e+00,-1.000000000000000000e+00,-1.000000000000000000e+00,-1.000000000000000000e+00,-1.000000000000000000e+00,-1.000000000000000000e+00,-1.000000000000000000e+00,-1.000000000000000000e+00,-1.000000000000000000e+00,-1.000000000000000000e+00,-1.000000000000000000e+00,-1.000000000000000000e+00,-1.000000000000000000e+00,-1.000000000000000000e+00,-1.000000000000000000e+00,-1.000000000000000000e+00,-1.000000000000000000e+00,-1.000000000000000000e+00,-1.000000000000000000e+00,-1.000000000000000000e+00,-1.000000000000000000e+00,-1.000000000000000000e+00,-1.000000000000000000e+00,-1.000000000000000000e+00,-1.000000000000000000e+00,-1.000000000000000000e+00,-1.000000000000000000e+00,-1.000000000000000000e+00,-1.000000000000000000e+00,-1.000000000000000000e+00,-1.000000000000000000e+00,-1.000000000000000000e+00,-1.000000000000000000e+00,-1.000000000000000000e+00,-1.000000000000000000e+00,-1.000000000000000000e+00,-1.000000000000000000e+00,-1.000000000000000000e+00,-1.000000000000000000e+00,-1.000000000000000000e+00,-1.000000000000000000e+00,-1.000000000000000000e+00,-1.000000000000000000e+00,-1.000000000000000000e+00,-1.000000000000000000e+00
-1.000000000000000000e+00,-1.000000000000000000e+00,-1.000000000000000000e+00,-1.000000000000000000e+00,-1.000000000000000000e+00,-1.000000000000000000e+00,-1.000000000000000000e+00,-1.000000000000000000e+00,-1.000000000000000000e+00,-1.000000000000000000e+00,-1.000000000000000000e+00,-1.000000000000000000e+00,-1.000000000000000000e+00,-1.000000000000000000e+00,-1.000000000000000000e+00,-1.000000000000000000e+00,-1.000000000000000000e+00,-1.000000000000000000e+00,-1.000000000000000000e+00,-1.000000000000000000e+00,-1.000000000000000000e+00,-1.000000000000000000e+00,-1.000000000000000000e+00,-1.000000000000000000e+00,-1.000000000000000000e+00,-1.000000000000000000e+00,-1.000000000000000000e+00,-1.000000000000000000e+00,-1.000000000000000000e+00,-1.000000000000000000e+00,-1.000000000000000000e+00,-1.000000000000000000e+00,-1.000000000000000000e+00,-1.000000000000000000e+00,-1.000000000000000000e+00,-1.000000000000000000e+00,-1.000000000000000000e+00,-1.000000000000000000e+00,-1.000000000000000000e+00,-1.000000000000000000e+00,-1.000000000000000000e+00,-1.000000000000000000e+00,-1.000000000000000000e+00,-1.000000000000000000e+00,-1.000000000000000000e+00,-1.000000000000000000e+00,-1.202775249636830912e+00,-1.202428301737305638e+00,-1.201390498746644830e+00,-1.199673701043340479e+00,-1.197306116928930964e+00,-1.194342525605504468e+00,-1.190873634127413316e+00,-1.187029550835038805e+00,-1.182971011062635469e+00,-1.178860813014855680e+00,-1.174806794195239590e+00,-1.170766374755351613e+00,-1.166401203366028927e+00,-1.160869621549737607e+00,-1.152547328331099630e+00,-1.138678749258203560e+00,-1.114993385648933799e+00,-1.075386546728952952e+00,-1.011875123236620322e+00,-9.151980097598091390e-01,-7.766089831964770873e-01,-5.915187830277376380e-01,-3.654825821467414526e-01,-1.221376825737526817e-01,9.023145325972659059e-02,2.060653982365427961e-01,2.060653980975046817e-01,9.023145284258093923e-02,-1.221376832824087044e-01,-3.654825830236475559e-01,-5.915187839796240965e-01,-7.766089840466732230e-01,-9.151980105404086130e-01,-1.011875123929769860e+00,-1.075386547585416741e+00,-1.114993386757280103e+00,-1.138678750622104330e+00,-1.152547329853036651e+00,-1.160869623228506287e+00,-1.166401204821690518e+00,-1.170766375863458997e+00,-1.174806794839423629e+00,-1.178860813485673953e+00,-1.182971011509072357e+00,-1.187029551219946466e+00,-1.190873634735107656e+00,-1.194342526441316998e+00,-1.197306118275140108e+00,-1.199673702886487225e+00,-1.201390501696737001e+00,-1.202428305104259909e+00,-1.202775253015449630e+00,-1.000000000000000000e+00,-1.000000000000000000e+00,-1.000000000000000000e+00,-1.000000000000000000e+00,-1.000000000000000000e+00,-1.000000000000000000e+00,-1.000000000000000000e+00,-1.000000000000000000e+00,-1.000000000000000000e+00,-1.000000000000000000e+00,-1.000000000000000000e+00,-1.000000000000000000e+00,-1.000000000000000000e+00,-1.000000000000000000e+00,-1.000000000000000000e+00,-1.000000000000000000e+00,-1.000000000000000000e+00,-1.000000000000000000e+00,-1.000000000000000000e+00,-1.000000000000000000e+00,-1.000000000000000000e+00,-1.000000000000000000e+00,-1.000000000000000000e+00,-1.000000000000000000e+00,-1.000000000000000000e+00,-1.000000000000000000e+00,-1.000000000000000000e+00,-1.000000000000000000e+00,-1.000000000000000000e+00,-1.000000000000000000e+00,-1.000000000000000000e+00,-1.000000000000000000e+00,-1.000000000000000000e+00,-1.000000000000000000e+00,-1.000000000000000000e+00,-1.000000000000000000e+00,-1.000000000000000000e+00,-1.000000000000000000e+00,-1.000000000000000000e+00,-1.000000000000000000e+00,-1.000000000000000000e+00,-1.000000000000000000e+00,-1.000000000000000000e+00,-1.000000000000000000e+00,-1.000000000000000000e+00,-1.000000000000000000e+00
-1.000000000000000000e+00,-1.000000000000000000e+00,-1.000000000000000000e+00,-1.000000000000000000e+00,-1.000000000000000000e+00,-1.000000000000000000e+00,-1.000000000000000000e+00,-1.000000000000000000e+00,-1.000000000000000000e+00,-1.000000000000000000e+00,-1.000000000000000000e+00,-1.000000000000000000e+00,-1.000000000000000000e+00,-1.000000000000000000e+00,-1.000000000000000000e+00,-1.000000000000000000e+00,-1.000000000000000000e+00,-1.000000000000000000e+00,-1.000000000000000000e+00,-1.000000000000000000e+00,-1.000000000000000000e+00,-1.000000000000000000e+00,-1.000000000000000000e+00,-1.000000000000000000e+00,-1.000000000000000000e+00,-1.000000000000000000e+00,-1.000000000000000000e+00,-1.000000000000000000e+00,-1.000000000000000000e+00,-1.000000000000000000e+00,-1.000000000000000000e+00,-1.000000000000000000e+00,-1.000000000000000000e+00,-1.000000000000000000e+00,-1.000000000000000000e+00,-1.000000000000000000e+00,-1.000000000000000000e+00,-1.000000000000000000e+00,-1.000000000000000000e+00,-1.000000000000000000e+00,-1.000000000000000000e+00,-1.000000000000000000e+00,-1.000000000000000000e+00,-1.000000000000000000e+00,-1.000000000000000000e+00,-1.000000000000000000e+00,-1.199820118290439330e+00,-1.199326627022631042e+00,-1.197848804231359088e+00,-1.195398820865770428e+00,-1.192010047487863877e+00,-1.187753254738108222e+00,-1.182752395325948447e+00,-1.177193196332008363e+00,-1.171316388077314974e+00,-1.165386617471454000e+00,-1.159627851753525674e+00,-1.154115984005461559e+00,-1.148619130278982547e+00,-1.142376243077010356e+00,-1.133807531839442051e+00,-1.120161379202079033e+00,-1.097132390068827679e+00,-1.058548682113749084e+00,-9.963369779508333135e-01,-9.011329811368417042e-01,-7.640830688364672607e-01,-5.804927672441271280e-01,-3.558176130383021718e-01,-1.136017535031658143e-01,9.795620265353188749e-02,2.133687261536230118e-01,2.133687258900522909e-01,9.795620192114684599e-02,-1.136017545891703229e-01,-3.558176141801080439e-01,-5.804927683498428692e-01,-7.640830696759062235e-01,-9.011329818624395083e-01,-9.963369786800184702e-01,-1.058548683146604219e+00,-1.097132391341419710e+00,-1.120161380627504366e+00,-1.133807533382461097e+00,-1.142376244675154640e+00,-1.148619131482927047e+00,-1.154115984712855703e+00,-1.159627852020543637e+00,-1.165386617652150791e+00,-1.171316388347337201e+00,-1.177193196715627721e+00,-1.182752396084743252e+00,-1.187753255909296035e+00,-1.192010049203478861e+00,-1.195398822995409116e+00,-1.197848807304552121e+00,-1.199326630081602563e+00,-1.199820121271518936e+00,-1.000000000000000000e+00,-1.000000000000000000e+00,-1.000000000000000000e+00,-1.000000000000000000e+00,-1.000000000000000000e+00,-1.000000000000000000e+00,-1.000000000000000000e+00,-1.000000000000000000e+00,-1.000000000000000000e+00,-1.000000000000000000e+00,-1.000000000000000000e+00,-1.000000000000000000e+00,-1.000000000000000000e+00,-1.000000000000000000e+00,-1.000000000000000000e+00,-1.000000000000000000e+00,-1.000000000000000000e+00,-1.000000000000000000e+00,-1.000000000000000000e+00,-1.000000000000000000e+00,-1.000000000000000000e+00,-1.000000000000000000e+00,-1.000000000000000000e+00,-1.000000000000000000e+00,-1.000000000000000000e+00,-1.000000000000000000e+00,-1.000000000000000000e+00,-1.000000000000000000e+00,-1.000000000000000000e+00,-1.000000000000000000e+00,-1.000000000000000000e+00,-1.000000000000000000e+00,-1.000000000000000000e+00,-1.000000000000000000e+00,-1.000000000000000000e+00,-1.000000000000000000e+00,-1.000000000000000000e+00,-1.000000000000000000e+00,-1.000000000000000000e+00,-1.000000000000000000e+00,-1.000000000000000000e+00,-1.000000000000000000e+00,-1.000000000000000000e+00,-1.000000000000000000e+00,-1.000000000000000000e+00,-1.000000000000000000e+00
-1.000000000000000000e+00,-1.000000000000000000e+00,-1.000000000000000000e+00,-1.000000000000000000e+00,-1.000000000000000000e+00,-1.000000000000000000e+00,-1.000000000000000000e+00,-1.000000000000000000e+00,-1.000000000000000000e+00,-1.000000000000000000e+00,-1.000000000000000000e+00,-1.000000000000000000e+00,-1.000000000000000000e+00,-1.000000000000000000e+00,-1.000000000000000000e+00,-1.000000000000000000e+00,-1.000000000000000000e+00,-1.000000000000000000e+00,-1.000000000000000000e+00,-1.000000000000000000e+00,-1.000000000000000000e+00,-1.000000000000000000e+00,-1.000000000000000000e+00,-1.000000000000000000e+00,-1.000000000000000000e+00,-1.000000000000000000e+00,-1.000000000000000000e+00,-1.000000000000000000e+00,-1.000000000000000000e+00,-1.000000000000000000e+00,-1.000000000000000000e+00,-1.000000000000000000e+00,-1.000000000000000000e+00,-1.000000000000000000e+00,-1.000000000000000000e+00,-1.000000000000000000e+00,-1.000000000000000000e+00,-1.000000000000000000e+00,-1.000000000000000000e+00,-1.000000000000000000e+00,-1.000000000000000000e+00,-1.000000000000000000e+00,-1.000000000000000000e+00,-1.000000000000000000e+00,-1.000000000000000000e+00,-1.000000000000000000e+00,-1.196151635933434765e+00,-1.195468117417028076e+00,-1.193419135145776577e+00,-1.190015673145870645e+00,-1.185295545367460956e+00,-1.179347847920381831e+00,-1.172337591118830513e+00,-1.164521328858730165e+00,-1.156243171569563577e+00,-1.147900398455351967e+00,-1.139868855005347736e+00,-1.132379784240733267e+00,-1.125341118833799392e+00,-1.118097729273819230e+00,-1.109128481976599856e+00,-1.095687885806022166e+00,-1.073427014586521677e+00,-1.036089463954261269e+00,-9.754879280982684531e-01,-8.821264691520508405e-01,-7.470128674631844046e-01,-5.653154232377801680e-01,-3.423592494953079379e-01,-1.015677879059949662e-01,1.089687195072146508e-01,2.238506132243134328e-01,2.238506128562598452e-01,1.089687185529677471e-01,-1.015677892051098929e-01,-3.423592507375857741e-01,-5.653154243435913884e-01,-7.470128682700948319e-01,-8.821264699142388199e-01,-9.754879289439229995e-01,-1.036089465172465918e+00,-1.073427015893382297e+00,-1.095687887155623708e+00,-1.109128483482648253e+00,-1.118097730847367854e+00,-1.125341119928107814e+00,-1.132379784763530184e+00,-1.139868855108206791e+00,-1.147900398487202489e+00,-1.156243171843995166e+00,-1.164521329450484588e+00,-1.172337592181109001e+00,-1.179347849428591388e+00,-1.185295547322587240e+00,-1.190015675311253629e+00,-1.193419138157761683e+00,-1.195468120573806470e+00,-1.196151638902394287e+00,-1.000000000000000000e+00,-1.000000000000000000e+00,-1.000000000000000000e+00,-1.000000000000000000e+00,-1.000000000000000000e+00,-1.000000000000000000e+00,-1.000000000000000000e+00,-1.000000000000000000e+00,-1.000000000000000000e+00,-1.000000000000000000e+00,-1.000000000000000000e+00,-1.000000000000000000e+00,-1.000000000000000000e+00,-1.000000000000000000e+00,-1.000000000000000000e+00,-1.000000000000000000e+00,-1.000000000000000000e+00,-1.000000000000000000e+00,-1.000000000000000000e+00,-1.000000000000000000e+00,-1.000000000000000000e+00,-1.000000000000000000e+00,-1.000000000000000000e+00,-1.000000000000000000e+00,-1.000000000000000000e+00,-1.000000000000000000e+00,-1.000000000000000000e+00,-1.000000000000000000e+00,-1.000000000000000000e+00,-1.000000000000000000e+00,-1.000000000000000000e+00,-1.000000000000000000e+00,-1.000000000000000000e+00,-1.000000000000000000e+00,-1.000000000000000000e+00,-1.000000000000000000e+00,-1.000000000000000000e+00,-1.000000000000000000e+00,-1.000000000000000000e+00,-1.000000000000000000e+00,-1.000000000000000000e+00,-1.000000000000000000e+00,-1.000000000000000000e+00,-1.000000000000000000e+00,-1.000000000000000000e+00,-1.000000000000000000e+00
-1.000000000000000000e+00,-1.000000000000000000e+00,-1.000000000000000000e+00,-1.000000000000000000e+00,-1.000000000000000000e+00,-1.000000000000000000e+00,-1.000000000000000000e+00,-1.000000000000000000e+00,-1.000000000000000000e+00,-1.000000000000000000e+00,-1.000000000000000000e+00,-1.000000000000000000e+00,-1.000000000000000000e+00,-1.000000000000000000e+00,-1.000000000000000000e+00,-1.000000000000000000e+00,-1.000000000000000000e+00,-1.000000000000000000e+00,-1.000000000000000000e+00,-1.000000000000000000e+00,-1.000000000000000000e+00,-1.000000000000000000e+00,-1.000000000000000000e+00,-1.000000000000000000e+00,-1.000000000000000000e+00,-1.000000000000000000e+00,-1.000000000000000000e+00,-1.000000000000000000e+00,-1.000000000000000000e+00,-1.000000000000000000e+00,-1.000000000000000000e+00,-1.000000000000000000e+00,-1.000000000000000000e+00,-1.000000000000000000e+00,-1.000000000000000000e+00,-1.000000000000000000e+00,-1.000000000000000000e+00,-1.000000000000000000e+00,-1.000000000000000000e+00,-1.000000000000000000e+00,-1.000000000000000000e+00,-1.000000000000000000e+00,-1.000000000000000000e+00,-1.000000000000000000e+00,-1.000000000000000000e+00,-1.000000000000000000e+00,-1.191730820160264104e+00,-1.190808225802981068e+00,-1.188040012338057672e+00,-1.183433874399145935e+00,-1.177030673230173630e+00,-1.168939805539999766e+00,-1.159375467182588215e+00,-1.148681439629249512e+00,-1.137330672332133696e+00,-1.125886696123126862e+00,-1.114916457474011358e+00,-1.104847390241133542e+00,-1.095764618914576660e+00,-1.087147480257942389e+00,-1.077549425681394890e+00,-1.064234014605225598e+00,-1.042800930715876317e+00,-1.006893312893015757e+00,-9.481876568083171808e-01,-8.570289501188738113e-01,-7.242545300496687766e-01,-5.448606354201885882e-01,-3.240063646013230381e-01,-8.496093103590995899e-02,1.243222741524367958e-01,2.385522068439303034e-01,2.385522064658724961e-01,1.243222732287061483e-01,-8.496093224447498482e-02,-3.240063656717658835e-01,-5.448606363057821866e-01,-7.242545308090011513e-01,-8.570289510384493381e-01,-9.481876578451379212e-01,-1.006893314279204699e+00,-1.042800932110567125e+00,-1.064234015976210479e+00,-1.077549427191424769e+00,-1.087147481836940210e+00,-1.095764620115871502e+00,-1.104847390949737829e+00,-1.114916457738931665e+00,-1.125886696216723992e+00,-1.137330672732265402e+00,-1.148681440390128428e+00,-1.159375468401272036e+00,-1.168939807172989509e+00,-1.177030675147814343e+00,-1.183433876355983516e+00,-1.188040015091821555e+00,-1.190808228909915112e+00,-1.191730823239859127e+00,-1.000000000000000000e+00,-1.000000000000000000e+00,-1.000000000000000000e+00,-1.000000000000000000e+00,-1.000000000000000000e+00,-1.000000000000000000e+00,-1.000000000000000000e+00,-1.000000000000000000e+00,-1.000000000000000000e+00,-1.000000000000000000e+00,-1.000000000000000000e+00,-1.000000000000000000e+00,-1.000000000000000000e+00,-1.000000000000000000e+00,-1.000000000000000000e+00,-1.000000000000000000e+00,-1.000000000000000000e+00,-1.000000000000000000e+00,-1.000000000000000000e+00,-1.000000000000000000e+00,-1.000000000000000000e+00,-1.000000000000000000e+00,-1.000000000000000000e+00,-1.000000000000000000e+00,-1.000000000000000000e+00,-1.000000000000000000e+00,-1.000000000000000000e+00,-1.000000000000000000e+00,-1.000000000000000000e+00,-1.000000000000000000e+00,-1.000000000000000000e+00,-1.000000000000000000e+00,-1.000000000000000000e+00,-1.000000000000000000e+00,-1.000000000000000000e+00,-1.000000000000000000e+00,-1.000000000000000000e+00,-1.000000000000000000e+00,-1.000000000000000000e+00,-1.000000000000000000e+00,-1.000000000000000000e+00,-1.000000000000000000e+00,-1.000000000000000000e+00,-1.000000000000000000e+00,-1.000000000000000000e+00,-1.000000000000000000e+00
-1.000000000000000000e+00,-1.000000000000000000e+00,-1.000000000000000000e+00,-1.000000000000000000e+00,-1.000000000000000000e+00,-1.000000000000000000e+00,-1.000000000000000000e+00,-1.000000000000000000e+00,-1.000000000000000000e+00,-1.000000000000000000e+00,-1.000000000000000000e+00,-1.000000000000000000e+00,-1.000000000000000000e+00,-1.000000000000000000e+00,-1.000000000000000000e+00,-1.000000000000000000e+00,-1.000000000000000000e+00,-1.000000000000000000e+00,-1.000000000000000000e+00,-1.000000000000000000e+00,-1.000000000000000000e+00,-1.000000000000000000e+00,-1.000000000000000000e+00,-1.000000000000000000e+00,-1.000000000000000000e+00,-1.000000000000000000e+00,-1.000000000000000000e+00,-1.000000000000000000e+00,-1.000000000000000000e+00,-1.000000000000000000e+00,-1.000000000000000000e+00,-1.000000000000000000e+00,-1.000000000000000000e+00,-1.000000000000000000e+00,-1.000000000000000000e+00,-1.000000000000000000e+00,-1.000000000000000000e+00,-1.000000000000000000e+00,-1.000000000000000000e+00,-1.000000000000000000e+00,-1.000000000000000000e+00,-1.000000000000000000e+00,-1.000000000000000000e+00,-1.000000000000000000e+00,-1.000000000000000000e+00,-1.000000000000000000e+00,-1.186570965360479679e+00,-1.185357595024203681e+00,-1.181713912341749495e+00,-1.175641655296878696e+00,-1.167182596586680887e+00,-1.156467688463045818e+00,-1.143767831983142802e+00,-1.129529862726588174e+00,-1.114380333457954952e+00,-1.099081897631247973e+00,-1.084431617448045504e+00,-1.071095230394786491e+00,-1.059375429980603744e+00,-1.048917802266489119e+00,-1.038367709472127309e+00,-1.025000890678716470e+00,-1.004359006688774869e+00,-9.699723988488463400e-01,-9.133646683009770673e-01,-8.246998909470871775e-01,-6.946168868359103854e-01,-5.179056845057710134e-01,-2.995211948488043507e-01,-6.253987595852761316e-02,1.452561263845992823e-01,2.587102537193513019e-01,2.587102534446568125e-01,1.452561257554052521e-01,-6.253987672871275105e-02,-2.995211954884779981e-01,-5.179056850733705364e-01,-6.946168875162863632e-01,-8.246998920196397798e-01,-9.133646694849888448e-01,-9.699724002385295973e-01,-1.004359008047757129e+00,-1.025000892008556042e+00,-1.038367710894427809e+00,-1.048917803824560568e+00,-1.059375431363065889e+00,-1.071095231338072162e+00,-1.084431617876686849e+00,-1.099081897804731422e+00,-1.114380333914606114e+00,-1.129529863460357886e+00,-1.143767833206204010e+00,-1.156467690093436307e+00,-1.167182598276403471e+00,-1.175641657091722303e+00,-1.181713914660150300e+00,-1.185357597468042146e+00,-1.186570967435687685e+00,-1.000000000000000000e+00,-1.000000000000000000e+00,-1.000000000000000000e+00,-1.000000000000000000e+00,-1.000000000000000000e+00,-1.000000000000000000e+00,-1.000000000000000000e+00,-1.000000000000000000e+00,-1.000000000000000000e+00,-1.000000000000000000e+00,-1.000000000000000000e+00,-1.000000000000000000e+00,-1.000000000000000000e+00,-1.000000000000000000e+00,-1.000000000000000000e+00,-1.000000000000000000e+00,-1.000000000000000000e+00,-1.000000000000000000e+00,-1.000000000000000000e+00,-1.000000000000000000e+00,-1.000000000000000000e+00,-1.000000000000000000e+00,-1.000000000000000000e+00,-1.000000000000000000e+00,-1.000000000000000000e+00,-1.000000000000000000e+00,-1.000000000000000000e+00,-1.000000000000000000e+00,-1.000000000000000000e+00,-1.000000000000000000e+00,-1.000000000000000000e+00,-1.000000000000000000e+00,-1.000000000000000000e+00,-1.000000000000000000e+00,-1.000000000000000000e+00,-1.000000000000000000e+00,-1.000000000000000000e+00,-1.000000000000000000e+00,-1.000000000000000000e+00,-1.000000000000000000e+00,-1.000000000000000000e+00,-1.000000000000000000e+00,-1.000000000000000000e+00,-1.000000000000000000e+00,-1.000000000000000000e+00,-1.000000000000000000e+00
-1.000000000000000000e+00,-1.000000000000000000e+00,-1.000000000000000000e+00,-1.000000000000000000e+00,-1.000000000000000000e+00,-1.000000000000000000e+00,-1.000000000000000000e+00,-1.000000000000000000e+00,-1.000000000000000000e+00,-1.000000000000000000e+00,-1.000000000000000000e+00,-1.000000000000000000e+00,-1.000000000000000000e+00,-1.000000000000000000e+00,-1.000000000000000000e+00,-1.000000000000000000e+00,-1.000000000000000000e+00,-1.000000000000000000e+00,-1.000000000000000000e+00,-1.000000000000000000e+00,-1.000000000000000000e+00,-1.000000000000000000e+00,-1.000000000000000000e+00,-1.000000000000000000e+00,-1.000000000000000000e+00,-1.000000000000000000e+00,-1.000000000000000000e+00,-1.000000000000000000e+00,-1.000000000000000000e+00,-1.000000000000000000e+00,-1.000000000000000000e+00,-1.000000000000000000e+00,-1.000000000000000000e+00,-1.000000000000000000e+00,-1.000000000000000000e+00,-1.000000000000000000e+00,-1.000000000000000000e+00,-1.000000000000000000e+00,-1.000000000000000000e+00,-1.000000000000000000e+00,-1.000000000000000000e+00,-1.000000000000000000e+00,-1.000000000000000000e+00,-1.000000000000000000e+00,-1.000000000000000000e+00,-1.000000000000000000e+00,-1.180756969443856441e+00,-1.179203108428311886e+00,-1.174533527007083356e+00,-1.166740889457852592e+00,-1.155864943535970912e+00,-1.142058128978092224e+00,-1.125653348148734523e+00,-1.107212639713846647e+00,-1.087535397781927760e+00,-1.067609393530567718e+00,-1.048494760976687923e+00,-1.031135887702824050e+00,-1.016097862475790370e+00,-1.003231292700260902e+00,-9.912929974933214483e-01,-9.775722772064998622e-01,-9.575455647453243735e-01,-9.246220974228799294e-01,-8.701643988282401487e-01,-7.841442727786627209e-01,-6.569832963529600445e-01,-4.832370267643379957e-01,-2.676195315962838217e-01,-3.297370102842711592e-02,1.731283952424478301e-01,2.856950644368001502e-01,2.856950643962208325e-01,1.731283952067261822e-01,-3.297370101599894632e-02,-2.676195316714270467e-01,-4.832370270868797668e-01,-6.569832969549530555e-01,-7.841442738920207933e-01,-8.701644000730133222e-01,-9.246220988673889973e-01,-9.575455662182654759e-01,-9.775722786756795291e-01,-9.912929990596427432e-01,-1.003231294490592340e+00,-1.016097864156885411e+00,-1.031135888838488945e+00,-1.048494761570479383e+00,-1.067609393879464630e+00,-1.087535398273931975e+00,-1.107212640307280616e+00,-1.125653349232587530e+00,-1.142058130402267002e+00,-1.155864944720122356e+00,-1.166740890973444245e+00,-1.174533529137785415e+00,-1.179203110618217476e+00,-1.180756971001849953e+00,-1.000000000000000000e+00,-1.000000000000000000e+00,-1.000000000000000000e+00,-1.000000000000000000e+00,-1.000000000000000000e+00,-1.000000000000000000e+00,-1.000000000000000000e+00,-1.000000000000000000e+00,-1.000000000000000000e+00,-1.000000000000000000e+00,-1.000000000000000000e+00,-1.000000000000000000e+00,-1.000000000000000000e+00,-1.000000000000000000e+00,-1.000000000000000000e+00,-1.000000000000000000e+00,-1.000000000000000000e+00,-1.000000000000000000e+00,-1.000000000000000000e+00,-1.000000000000000000e+00,-1.000000000000000000e+00,-1.000000000000000000e+00,-1.000000000000000000e+00,-1.000000000000000000e+00,-1.000000000000000000e+00,-1.000000000000000000e+00,-1.000000000000000000e+00,-1.000000000000000000e+00,-1.000000000000000000e+00,-1.000000000000000000e+00,-1.000000000000000000e+00,-1.000000000000000000e+00,-1.000000000000000000e+00,-1.000000000000000000e+00,-1.000000000000000000e+00,-1.000000000000000000e+00,-1.000000000000000000e+00,-1.000000000000000000e+00,-1.000000000000000000e+00,-1.000000000000000000e+00,-1.000000000000000000e+00,-1.000000000000000000e+00,-1.000000000000000000e+00,-1.000000000000000000e+00,-1.000000000000000000e+00,-1.000000000000000000e+00
-1.000000000000000000e+00,-1.000000000000000000e+00,-1.000000000000000000e+00,-1.000000000000000000e+00,-1.000000000000000000e+00,-1.000000000000000000e+00,-1.000000000000000000e+00,-1.000000000000000000e+00,-1.000000000000000000e+00,-1.000000000000000000e+00,-1.000000000000000000e+00,-1.000000000000000000e+00,-1.000000000000000000e+00,-1.000000000000000000e+00,-1.000000000000000000e+00,-1.000000000000000000e+00,-1.000000000000000000e+00,-1.000000000000000000e+00,-1.000000000000000000e+00,-1.000000000000000000e+00,-1.000000000000000000e+00,-1.000000000000000000e+00,-1.000000000000000000e+00,-1.000000000000000000e+00,-1.000000000000000000e+00,-1.000000000000000000e+00,-1.000000000000000000e+00,-1.000000000000000000e+00,-1.000000000000000000e+00,-1.000000000000000000e+00,-1.000000000000000000e+00,-1.000000000000000000e+00,-1.000000000000000000e+00,-1.000000000000000000e+00,-1.000000000000000000e+00,-1.000000000000000000e+00,-1.000000000000000000e+00,-1.000000000000000000e+00,-1.000000000000000000e+00,-1.000000000000000000e+00,-1.000000000000000000e+00,-1.000000000000000000e+00,-1.000000000000000000e+00,-1.000000000000000000e+00,-1.000000000000000000e+00,-1.000000000000000000e+00,-1.174460544422499364e+00,-1.172524701611859177e+00,-1.166703411702281645e+00,-1.156976869682842413e+00,-1.143378955664976271e+00,-1.126081260435841225e+00,-1.105479249422680388e+00,-1.082253794393357227e+00,-1.057383203463726273e+00,-1.032089657073862021e+00,-1.007714140474397224e+00,-9.855155385625621323e-01,-9.663792706407966504e-01,-9.504217203263731761e-01,-9.365367224512715083e-01,-9.220209651014241725e-01,-9.022704175295919171e-01,-8.705646401262241429e-01,-8.181053601415377852e-01,-7.346747129616986172e-01,-6.104733730383529178e-01,-4.398066143188131827e-01,-2.271187369523852695e-01,5.018958125377226409e-03,2.092841267690697116e-01,3.208826215708950880e-01,3.208826218393245888e-01,2.092841274188115275e-01,5.018958917654803287e-03,-2.271187365169354822e-01,-4.398066144491818985e-01,-6.104733735806461281e-01,-7.346747139192911780e-01,-8.181053612855082591e-01,-8.705646415774358493e-01,-9.022704191890822401e-01,-9.220209669152445997e-01,-9.365367244746615194e-01,-9.504217226492257531e-01,-9.663792727578699449e-01,-9.855155399471460242e-01,-1.007714141322419321e+00,-1.032089657667603744e+00,-1.057383204026754564e+00,-1.082253794994783247e+00,-1.105479250378733624e+00,-1.126081261712387649e+00,-1.143378956545526570e+00,-1.156976870758674059e+00,-1.166703413258603161e+00,-1.172524703502550336e+00,-1.174460545753067908e+00,-1.000000000000000000e+00,-1.000000000000000000e+00,-1.000000000000000000e+00,-1.000000000000000000e+00,-1.000000000000000000e+00,-1.000000000000000000e+00,-1.000000000000000000e+00,-1.000000000000000000e+00,-1.000000000000000000e+00,-1.000000000000000000e+00,-1.000000000000000000e+00,-1.000000000000000000e+00,-1.000000000000000000e+00,-1.000000000000000000e+00,-1.000000000000000000e+00,-1.000000000000000000e+00,-1.000000000000000000e+00,-1.000000000000000000e+00,-1.000000000000000000e+00,-1.000000000000000000e+00,-1.000000000000000000e+00,-1.000000000000000000e+00,-1.000000000000000000e+00,-1.000000000000000000e+00,-1.000000000000000000e+00,-1.000000000000000000e+00,-1.000000000000000000e+00,-1.000000000000000000e+00,-1.000000000000000000e+00,-1.000000000000000000e+00,-1.000000000000000000e+00,-1.000000000000000000e+00,-1.000000000000000000e+00,-1.000000000000000000e+00,-1.000000000000000000e+00,-1.000000000000000000e+00,-1.000000000000000000e+00,-1.000000000000000000e+00,-1.000000000000000000e+00,-1.000000000000000000e+00,-1.000000000000000000e+00,-1.000000000000000000e+00,-1.000000000000000000e+00,-1.000000000000000000e+00,-1.000000000000000000e+00,-1.000000000000000000e+00
-1.000000000000000000e+00,-1.000000000000000000e+00,-1.000000000000000000e+00,-1.000000000000000000e+00,-1.000000000000000000e+00,-1.000000000000000000e+00,-1.000000000000000000e+00,-1.000000000000000000e+00,-1.000000000000000000e+00,-1.000000000000000000e+00,-1.000000000000000000e+00,-1.000000000000000000e+00,-1.000000000000000000e+00,-1.000000000000000000e+00,-1.000000000000000000e+00,-1.000000000000000000e+00,-1.000000000000000000e+00,-1.000000000000000000e+00,-1.000000000000000000e+00,-1.000000000000000000e+00,-1.000000000000000000e+00,-1.000000000000000000e+00,-1.000000000000000000e+00,-1.000000000000000000e+00,-1.000000000000000000e+00,-1.000000000000000000e+00,-1.000000000000000000e+00,-1.000000000000000000e+00,-1.000000000000000000e+00,-1.000000000000000000e+00,-1.000000000000000000e+00,-1.000000000000000000e+00,-1.000000000000000000e+00,-1.000000000000000000e+00,-1.000000000000000000e+00,-1.000000000000000000e+00,-1.000000000000000000e+00,-1.000000000000000000e+00,-1.000000000000000000e+00,-1.000000000000000000e+00,-1.000000000000000000e+00,-1.000000000000000000e+00,-1.000000000000000000e+00,-1.000000000000000000e+00,-1.000000000000000000e+00,-1.000000000000000000e+00,-1.167946301492616135e+00,-1.165602498661320929e+00,-1.158550307464953466e+00,-1.146754012538456324e+00,-1.130236761216475205e+00,-1.109183496277009962e+00,-1.084044812192498819e+00,-1.055608984335611567e+00,-1.025015152348286884e+00,-9.936970414471111290e-01,-9.632631994986293744e-01,-9.353139357013284805e-01,-9.111496019806328839e-01,-8.912803712197703288e-01,-8.747760281299628016e-01,-8.589099423675057299e-01,-8.389552483866442589e-01,-8.080405437611353214e-01,-7.572102561836564494e-01,-6.760738627599749417e-01,-5.546270950475837846e-01,-3.869286769509031609e-01,-1.771400055947375263e-01,5.246680974947914855e-02,2.548534003244531387e-01,3.654538580936261827e-01,3.654538586746398643e-01,2.548534015497807559e-01,5.246681110110751334e-02,-1.771400046176732079e-01,-3.869286766528148291e-01,-5.546270952652959663e-01,-6.760738634558921545e-01,-7.572102572400201126e-01,-8.080405453270885774e-01,-8.389552503828487939e-01,-8.589099446579652186e-01,-8.747760306465046654e-01,-8.912803739268647663e-01,-9.111496042271873819e-01,-9.353139370348425574e-01,-9.632632002606760224e-01,-9.936970419232039609e-01,-1.025015152842484678e+00,-1.055608985064422134e+00,-1.084044812844360273e+00,-1.109183497284597086e+00,-1.130236762098834280e+00,-1.146754013683556117e+00,-1.158550308970743847e+00,-1.165602500978272005e+00,-1.167946303219991488e+00,-1.000000000000000000e+00,-1.000000000000000000e+00,-1.000000000000000000e+00,-1.000000000000000000e+00,-1.000000000000000000e+00,-1.000000000000000000e+00,-1.000000000000000000e+00,-1.000000000000000000e+00,-1.000000000000000000e+00,-1.000000000000000000e+00,-1.000000000000000000e+00,-1.000000000000000000e+00,-1.000000000000000000e+00,-1.000000000000000000e+00,-1.000000000000000000e+00,-1.000000000000000000e+00,-1.000000000000000000e+00,-1.000000000000000000e+00,-1.000000000000000000e+00,-1.000000000000000000e+00,-1.000000000000000000e+00,-1.000000000000000000e+00,-1.000000000000000000e+00,-1.000000000000000000e+00,-1.000000000000000000e+00,-1.000000000000000000e+00,-1.000000000000000000e+00,-1.000000000000000000e+00,-1.000000000000000000e+00,-1.000000000000000000e+00,-1.000000000000000000e+00,-1.000000000000000000e+00,-1.000000000000000000e+00,-1.000000000000000000e+00,-1.000000000000000000e+00,-1.000000000000000000e+00,-1.000000000000000000e+00,-1.000000000000000000e+00,-1.000000000000000000e+00,-1.000000000000000000e+00,-1.000000000000000000e+00,-1.000000000000000000e+00,-1.000000000000000000e+00,-1.000000000000000000e+00,-1.000000000000000000e+00,-1.000000000000000000e+00
-1.000000000000000000e+00,-1.000000000000000000e+00,-1.000000000000000000e+00,-1.000000000000000000e+00,-1.000000000000000000e+00,-1.000000000000000000e+00,-1.000000000000000000e+00,-1.000000000000000000e+00,-1.000000000000000000e+00,-1.000000000000000000e+00,-1.000000000000000000e+00,-1.000000000000000000e+00,-1.000000000000000000e+00,-1.000000000000000000e+00,-1.000000000000000000e+00,-1.000000000000000000e+00,-1.000000000000000000e+00,-1.000000000000000000e+00,-1.000000000000000000e+00,-1.000000000000000000e+00,-1.000000000000000000e+00,-1.000000000000000000e+00,-1.000000000000000000e+00,-1.000000000000000000e+00,-1.000000000000000000e+00,-1.000000000000000000e+00,-1.000000000000000000e+00,-1.000000000000000000e+00,-1.000000000000000000e+00,-1.000000000000000000e+00,-1.000000000000000000e+00,-1.000000000000000000e+00,-1.000000000000000000e+00,-1.000000000000000000e+00,-1.000000000000000000e+00,-1.000000000000000000e+00,-1.000000000000000000e+00,-1.000000000000000000e+00,-1.000000000000000000e+00,-1.000000000000000000e+00,-1.000000000000000000e+00,-1.000000000000000000e+00,-1.000000000000000000e+00,-1.000000000000000000e+00,-1.000000000000000000e+00,-1.000000000000000000e+00,-1.161563930562728997e+00,-1.158809033177803816e+00,-1.150515535319544869e+00,-1.136628703312022592e+00,-1.117155190978513346e+00,-1.092283171020284938e+00,-1.062499988452655364e+00,-1.028668030656488375e+00,-9.920315274404872818e-01,-9.541572140321233908e-01,-9.168447949506420835e-01,-8.820343058449167106e-01,-8.516180581860254284e-01,-8.268280039770827816e-01,-8.069616809675587144e-01,-7.891641630434427235e-01,-7.684765662555153032e-01,-7.378212978392237886e-01,-6.880828490033765732e-01,-6.087270257326851119e-01,-4.895826873211601704e-01,-3.244915895828666130e-01,-1.173435998875330677e-01,1.098961293718401233e-01,3.104935780465414297e-01,4.201334988319551655e-01,4.201334995345733514e-01,3.104935794368266500e-01,1.098961308571824169e-01,-1.173435987230191380e-01,-3.244915888898375345e-01,-4.895826872451980449e-01,-6.087270262358119854e-01,-6.880828501275142450e-01,-7.378212996510513655e-01,-7.684765685770026389e-01,-7.891641657295355161e-01,-8.069616838889712707e-01,-8.268280070845566154e-01,-8.516180607714571860e-01,-8.820343074648873127e-01,-9.168447958355308014e-01,-9.541572145442310804e-01,-9.920315279689302379e-01,-1.028668031610017186e+00,-1.062499989012158252e+00,-1.092283171483201309e+00,-1.117155191347334320e+00,-1.136628704153236136e+00,-1.150515536910907466e+00,-1.158809036138629622e+00,-1.161563932824276391e+00,-1.000000000000000000e+00,-1.000000000000000000e+00,-1.000000000000000000e+00,-1.000000000000000000e+00,-1.000000000000000000e+00,-1.000000000000000000e+00,-1.000000000000000000e+00,-1.000000000000000000e+00,-1.000000000000000000e+00,-1.000000000000000000e+00,-1.000000000000000000e+00,-1.000000000000000000e+00,-1.000000000000000000e+00,-1.000000000000000000e+00,-1.000000000000000000e+00,-1.000000000000000000e+00,-1.000000000000000000e+00,-1.000000000000000000e+00,-1.000000000000000000e+00,-1.000000000000000000e+00,-1.000000000000000000e+00,-1.000000000000000000e+00,-1.000000000000000000e+00,-1.000000000000000000e+00,-1.000000000000000000e+00,-1.000000000000000000e+00,-1.000000000000000000e+00,-1.000000000000000000e+00,-1.000000000000000000e+00,-1.000000000000000000e+00,-1.000000000000000000e+00,-1.000000000000000000e+00,-1.000000000000000000e+00,-1.000000000000000000e+00,-1.000000000000000000e+00,-1.000000000000000000e+00,-1.000000000000000000e+00,-1.000000000000000000e+00,-1.000000000000000000e+00,-1.000000000000000000e+00,-1.000000000000000000e+00,-1.000000000000000000e+00,-1.000000000000000000e+00,-1.000000000000000000e+00,-1.000000000000000000e+00,-1.000000000000000000e+00
-1.000000000000000000e+00,-1.000000000000000000e+00,-1.000000000000000000e+00,-1.000000000000000000e+00,-1.000000000000000000e+00,-1.000000000000000000e+00,-1.000000000000000000e+00,-1.000000000000000000e+00,-1.000000000000000000e+00,-1.000000000000000000e+00,-1.000000000000000000e+00,-1.000000000000000000e+00,-1.000000000000000000e+00,-1.000000000000000000e+00,-1.000000000000000000e+00,-1.000000000000000000e+00,-1.000000000000000000e+00,-1.000000000000000000e+00,-1.000000000000000000e+00,-1.000000000000000000e+00,-1.000000000000000000e+00,-1.000000000000000000e+00,-1.000000000000000000e+00,-1.000000000000000000e+00,-1.000000000000000000e+00,-1.000000000000000000e+00,-1.000000000000000000e+00,-1.000000000000000000e+00,-1.000000000000000000e+00,-1.000000000000000000e+00,-1.000000000000000000e+00,-1.000000000000000000e+00,-1.000000000000000000e+00,-1.000000000000000000e+00,-1.000000000000000000e+00,-1.000000000000000000e+00,-1.000000000000000000e+00,-1.000000000000000000e+00,-1.000000000000000000e+00,-1.000000000000000000e+00,-1.000000000000000000e+00,-1.000000000000000000e+00,-1.000000000000000000e+00,-1.000000000000000000e+00,-1.000000000000000000e+00,-1.000000000000000000e+00,-1.155723452280122521e+00,-1.152583156143896392e+00,-1.143124951212780127e+00,-1.127272998995525022e+00,-1.105011691656544670e+00,-1.076518728533420344e+00,-1.042288838074112878e+00,-1.003200695710170454e+00,-9.604995322480004427e-01,-9.157199625655428887e-01,-8.706464107175208023e-01,-8.274422214604992831e-01,-7.888957227985422538e-01,-7.579155309071945457e-01,-7.340030540896163025e-01,-7.138541873049064623e-01,-6.920351606200807471e-01,-6.611537903273756456e-01,-6.119217902057429992e-01,-5.337011210546507289e-01,-4.162145715901965914e-01,-2.531460212221501305e-01,-4.815662587006575013e-02,1.770743604654465564e-01,3.761146857642252428e-01,4.849066659537846213e-01,4.849066664228980361e-01,3.761146868518234765e-01,1.770743618077317283e-01,-4.815662461106395842e-02,-2.531460202733378795e-01,-4.162145713189431273e-01,-5.337011215350524473e-01,-6.119217916337249541e-01,-6.611537925912311930e-01,-6.920351635048506145e-01,-7.138541906056161679e-01,-7.340030575125251477e-01,-7.579155344058167154e-01,-7.888957255506585664e-01,-8.274422230447705529e-01,-8.706464113913514602e-01,-9.157199630218543218e-01,-9.604995325724230426e-01,-1.003200696685583093e+00,-1.042288839033892467e+00,-1.076518729588189727e+00,-1.105011692531252310e+00,-1.127273000419977134e+00,-1.143124953675879407e+00,-1.152583160252713013e+00,-1.155723455458021132e+00,-1.000000000000000000e+00,-1.000000000000000000e+00,-1.000000000000000000e+00,-1.000000000000000000e+00,-1.000000000000000000e+00,-1.000000000000000000e+00,-1.000000000000000000e+00,-1.000000000000000000e+00,-1.000000000000000000e+00,-1.000000000000000000e+00,-1.000000000000000000e+00,-1.000000000000000000e+00,-1.000000000000000000e+00,-1.000000000000000000e+00,-1.000000000000000000e+00,-1.000000000000000000e+00,-1.000000000000000000e+00,-1.000000000000000000e+00,-1.000000000000000000e+00,-1.000000000000000000e+00,-1.000000000000000000e+00,-1.000000000000000000e+00,-1.000000000000000000e+00,-1.000000000000000000e+00,-1.000000000000000000e+00,-1.000000000000000000e+00,-1.000000000000000000e+00,-1.000000000000000000e+00,-1.000000000000000000e+00,-1.000000000000000000e+00,-1.000000000000000000e+00,-1.000000000000000000e+00,-1.000000000000000000e+00,-1.000000000000000000e+00,-1.000000000000000000e+00,-1.000000000000000000e+00,-1.000000000000000000e+00,-1.000000000000000000e+00,-1.000000000000000000e+00,-1.000000000000000000e+00,-1.000000000000000000e+00,-1.000000000000000000e+00,-1.000000000000000000e+00,-1.000000000000000000e+00,-1.000000000000000000e+00,-1.000000000000000000e+00
-1.000000000000000000e+00,-1.000000000000000000e+00,-1.000000000000000000e+00,-1.000000000000000000e+00,-1.000000000000000000e+00,-1.000000000000000000e+00,-1.000000000000000000e+00,-1.000000000000000000e+00,-1.000000000000000000e+00,-1.000000000000000000e+00,-1.000000000000000000e+00,-1.000000000000000000e+00,-1.000000000000000000e+00,-1.000000000000000000e+00,-1.000000000000000000e+00,-1.000000000000000000e+00,-1.000000000000000000e+00,-1.000000000000000000e+00,-1.000000000000000000e+00,-1.000000000000000000e+00,-1.000000000000000000e+00,-1.000000000000000000e+00,-1.000000000000000000e+00,-1.000000000000000000e+00,-1.000000000000000000e+00,-1.000000000000000000e+00,-1.000000000000000000e+00,-1.000000000000000000e+00,-1.000000000000000000e+00,-1.000000000000000000e+00,-1.000000000000000000e+00,-1.000000000000000000e+00,-1.000000000000000000e+00,-1.000000000000000000e+00,-1.000000000000000000e+00,-1.000000000000000000e+00,-1.000000000000000000e+00,-1.000000000000000000e+00,-1.000000000000000000e+00,-1.000000000000000000e+00,-1.000000000000000000e+00,-1.000000000000000000e+00,-1.000000000000000000e+00,-1.000000000000000000e+00,-1.000000000000000000e+00,-1.000000000000000000e+00,-1.150853837594596918e+00,-1.147385758942160994e+00,-1.136936066354840236e+00,-1.119407855296655763e+00,-1.094759628752098868e+00,-1.063145208234573369e+00,-1.025033083496740938e+00,-9.812458521935120137e-01,-9.328850771709057410e-01,-8.811812530605349636e-01,-8.274491900000068290e-01,-7.735434688639547529e-01,-7.233710894452600737e-01,-6.846755383881321100e-01,-6.564407604555988485e-01,-6.340136387843435806e-01,-6.110453737543660724e-01,-5.796915174575295593e-01,-5.304911544996629980e-01,-4.527611727456438695e-01,-3.362013364598579468e-01,-1.744247699853639366e-01,2.906033426524179397e-02,2.528058577363951898e-01,4.506491570932382729e-01,5.587754175379802124e-01,5.587754175793211431e-01,4.506491574788358268e-01,2.528058587446675443e-01,2.906033549556674700e-02,-1.744247688563246301e-01,-3.362013360530624606e-01,-4.527611731550253982e-01,-5.304911559198076665e-01,-5.796915195937519805e-01,-6.110453764379049080e-01,-6.340136417123911627e-01,-6.564407632162518880e-01,-6.846755411854191786e-01,-7.233710915236684080e-01,-7.735434700915287953e-01,-8.274491906222015691e-01,-8.811812539651979748e-01,-9.328850778860809934e-01,-9.812458528291712057e-01,-1.025033084070418044e+00,-1.063145209159269244e+00,-1.094759629680397195e+00,-1.119407856982982619e+00,-1.136936069101020186e+00,-1.147385763229401112e+00,-1.150853840710882370e+00,-1.000000000000000000e+00,-1.000000000000000000e+00,-1.000000000000000000e+00,-1.000000000000000000e+00,-1.000000000000000000e+00,-1.000000000000000000e+00,-1.000000000000000000e+00,-1.000000000000000000e+00,-1.000000000000000000e+00,-1.000000000000000000e+00,-1.000000000000000000e+00,-1.000000000000000000e+00,-1.000000000000000000e+00,-1.000000000000000000e+00,-1.000000000000000000e+00,-1.000000000000000000e+00,-1.000000000000000000e+00,-1.000000000000000000e+00,-1.000000000000000000e+00,-1.000000000000000000e+00,-1.000000000000000000e+00,-1.000000000000000000e+00,-1.000000000000000000e+00,-1.000000000000000000e+00,-1.000000000000000000e+00,-1.000000000000000000e+00,-1.000000000000000000e+00,-1.000000000000000000e+00,-1.000000000000000000e+00,-1.000000000000000000e+00,-1.000000000000000000e+00,-1.000000000000000000e+00,-1.000000000000000000e+00,-1.000000000000000000e+00,-1.000000000000000000e+00,-1.000000000000000000e+00,-1.000000000000000000e+00,-1.000000000000000000e+00,-1.000000000000000000e+00,-1.000000000000000000e+00,-1.000000000000000000e+00,-1.000000000000000000e+00,-1.000000000000000000e+00,-1.000000000000000000e+00,-1.000000000000000000e+00,-1.000000000000000000e+00
-1.000000000000000000e+00,-1.000000000000000000e+00,-1.000000000000000000e+00,-1.000000000000000000e+00,-1.000000000000000000e+00,-1.000000000000000000e+00,-1.000000000000000000e+00,-1.000000000000000000e+00,-1.000000000000000000e+00,-1.000000000000000000e+00,-1.000000000000000000e+00,-1.000000000000000000e+00,-1.000000000000000000e+00,-1.000000000000000000e+00,-1.000000000000000000e+00,-1.000000000000000000e+00,-1.000000000000000000e+00,-1.000000000000000000e+00,-1.000000000000000000e+00,-1.000000000000000000e+00,-1.000000000000000000e+00,-1.000000000000000000e+00,-1.000000000000000000e+00,-1.000000000000000000e+00,-1.000000000000000000e+00,-1.000000000000000000e+00,-1.000000000000000000e+00,-1.000000000000000000e+00,-1.000000000000000000e+00,-1.000000000000000000e+00,-1.000000000000000000e+00,-1.000000000000000000e+00,-1.000000000000000000e+00,-1.000000000000000000e+00,-1.000000000000000000e+00,-1.000000000000000000e+00,-1.000000000000000000e+00,-1.000000000000000000e+00,-1.000000000000000000e+00,-1.000000000000000000e+00,-1.000000000000000000e+00,-1.000000000000000000e+00,-1.000000000000000000e+00,-1.000000000000000000e+00,-1.000000000000000000e+00,-1.000000000000000000e+00,-1.147349659345632489e+00,-1.143642148008375381e+00,-1.132467583614774176e+00,-1.113711423305555392e+00,-1.087307920662605509e+00,-1.053381103968900057e+00,-1.012351133482359389e+00,-9.649298320267958307e-01,-9.119461641777439898e-01,-8.540092015644081824e-01,-7.911756014582387309e-01,-7.232540568159655514e-01,-6.532929097972586252e-01,-6.058029333429126861e-01,-5.743019903038566465e-01,-5.506726345784844767e-01,-5.271669052765984853e-01,-4.954849695174409208e-01,-4.460824213879546196e-01,-3.683294647472874495e-01,-2.520047581210665966e-01,-9.075606434640681730e-02,1.119604851709363746e-01,3.348426518997980050e-01,5.319350802697553338e-01,6.396273137748811344e-01,6.396273135332999349e-01,5.319350800667355106e-01,3.348426521300371661e-01,1.119604856798341874e-01,-9.075606379881051566e-02,-2.520047581581459362e-01,-3.683294654434954296e-01,-4.460824229459035006e-01,-4.954849715619904504e-01,-5.271669077759648658e-01,-5.506726371217571803e-01,-5.743019924750136784e-01,-6.058029355940401928e-01,-6.532929112456284937e-01,-7.232540575389418969e-01,-7.911756012104511626e-01,-8.540092015022349159e-01,-9.119461641685024933e-01,-9.649298319547874314e-01,-1.012351133476820708e+00,-1.053381104449379491e+00,-1.087307921488929852e+00,-1.113711425179018777e+00,-1.132467586663273629e+00,-1.143642152567200032e+00,-1.147349662619287614e+00,-1.000000000000000000e+00,-1.000000000000000000e+00,-1.000000000000000000e+00,-1.000000000000000000e+00,-1.000000000000000000e+00,-1.000000000000000000e+00,-1.000000000000000000e+00,-1.000000000000000000e+00,-1.000000000000000000e+00,-1.000000000000000000e+00,-1.000000000000000000e+00,-1.000000000000000000e+00,-1.000000000000000000e+00,-1.000000000000000000e+00,-1.000000000000000000e+00,-1.000000000000000000e+00,-1.000000000000000000e+00,-1.000000000000000000e+00,-1.000000000000000000e+00,-1.000000000000000000e+00,-1.000000000000000000e+00,-1.000000000000000000e+00,-1.000000000000000000e+00,-1.000000000000000000e+00,-1.000000000000000000e+00,-1.000000000000000000e+00,-1.000000000000000000e+00,-1.000000000000000000e+00,-1.000000000000000000e+00,-1.000000000000000000e+00,-1.000000000000000000e+00,-1.000000000000000000e+00,-1.000000000000000000e+00,-1.000000000000000000e+00,-1.000000000000000000e+00,-1.000000000000000000e+00,-1.000000000000000000e+00,-1.000000000000000000e+00,-1.000000000000000000e+00,-1.000000000000000000e+00,-1.000000000000000000e+00,-1.000000000000000000e+00,-1.000000000000000000e+00,-1.000000000000000000e+00,-1.000000000000000000e+00,-1.000000000000000000e+00
-1.000000000000000000e+00,-1.000000000000000000e+00,-1.000000000000000000e+00,-1.000000000000000000e+00,-1.000000000000000000e+00,-1.000000000000000000e+00,-1.000000000000000000e+00,-1.000000000000000000e+00,-1.000000000000000000e+00,-1.000000000000000000e+00,-1.000000000000000000e+00,-1.000000000000000000e+00,-1.000000000000000000e+00,-1.000000000000000000e+00,-1.000000000000000000e+00,-1.000000000000000000e+00,-1.000000000000000000e+00,-1.000000000000000000e+00,-1.000000000000000000e+00,-1.000000000000000000e+00,-1.000000000000000000e+00,-1.000000000000000000e+00,-1.000000000000000000e+00,-1.000000000000000000e+00,-1.000000000000000000e+00,-1.000000000000000000e+00,-1.000000000000000000e+00,-1.000000000000000000e+00,-1.000000000000000000e+00,-1.000000000000000000e+00,-1.000000000000000000e+00,-1.000000000000000000e+00,-1.000000000000000000e+00,-1.000000000000000000e+00,-1.000000000000000000e+00,-1.000000000000000000e+00,-1.000000000000000000e+00,-1.000000000000000000e+00,-1.000000000000000000e+00,-1.000000000000000000e+00,-1.000000000000000000e+00,-1.000000000000000000e+00,-1.000000000000000000e+00,-1.000000000000000000e+00,-1.000000000000000000e+00,-1.000000000000000000e+00,-1.145514771132217779e+00,-1.141680701896686356e+00,-1.130122740905747492e+00,-1.110716105106373641e+00,-1.083379940960788268e+00,-1.048216863016653733e+00,-1.005606862779152788e+00,-9.561634802615662787e-01,-9.004566511086243841e-01,-8.384074255336290138e-01,-7.681791005792653060e-01,-6.839237563696191069e-01,-5.698629393110035135e-01,-5.177979711529898665e-01,-4.875438520933893516e-01,-4.653047064706550273e-01,-4.425499665255545612e-01,-4.110588063386996227e-01,-3.614828378488108562e-01,-2.833937513691323629e-01,-1.667547489174509012e-01,-5.351315105093457092e-03,1.973048615286085994e-01,4.199548879692236447e-01,6.167659654865316199e-01,7.242733364372293536e-01,7.242733361679227766e-01,6.167659649178147685e-01,4.199548871343363743e-01,1.973048606111800218e-01,-5.351315838336367925e-03,-1.667547498526693595e-01,-2.833937525683584147e-01,-3.614828395421175733e-01,-4.110588081676712635e-01,-4.425499686178770986e-01,-4.653047084267233346e-01,-4.875438537420611063e-01,-5.177979731224027216e-01,-5.698629405515935886e-01,-6.839237575979313366e-01,-7.681791010944941656e-01,-8.384074259940439422e-01,-9.004566520368173510e-01,-9.561634815681443467e-01,-1.005606864303103976e+00,-1.048216864947218774e+00,-1.083379943178868876e+00,-1.110716108298826832e+00,-1.130122745441581200e+00,-1.141680708264957822e+00,-1.145514776902336829e+00,-1.000000000000000000e+00,-1.000000000000000000e+00,-1.000000000000000000e+00,-1.000000000000000000e+00,-1.000000000000000000e+00,-1.000000000000000000e+00,-1.000000000000000000e+00,-1.000000000000000000e+00,-1.000000000000000000e+00,-1.000000000000000000e+00,-1.000000000000000000e+00,-1.000000000000000000e+00,-1.000000000000000000e+00,-1.000000000000000000e+00,-1.000000000000000000e+00,-1.000000000000000000e+00,-1.000000000000000000e+00,-1.000000000000000000e+00,-1.000000000000000000e+00,-1.000000000000000000e+00,-1.000000000000000000e+00,-1.000000000000000000e+00,-1.000000000000000000e+00,-1.000000000000000000e+00,-1.000000000000000000e+00,-1.000000000000000000e+00,-1.000000000000000000e+00,-1.000000000000000000e+00,-1.000000000000000000e+00,-1.000000000000000000e+00,-1.000000000000000000e+00,-1.000000000000000000e+00,-1.000000000000000000e+00,-1.000000000000000000e+00,-1.000000000000000000e+00,-1.000000000000000000e+00,-1.000000000000000000e+00,-1.000000000000000000e+00,-1.000000000000000000e+00,-1.000000000000000000e+00,-1.000000000000000000e+00,-1.000000000000000000e+00,-1.000000000000000000e+00,-1.000000000000000000e+00,-1.000000000000000000e+00,-1.000000000000000000e+00
-1.000000000000000000e+00,-1.000000000000000000e+00,-1.000000000000000000e+00,-1.000000000000000000e+00,-1.000000000000000000e+00,-1.000000000000000000e+00,-1.000000000000000000e+00,-1.000000000000000000e+00,-1.000000000000000000e+00,-1.000000000000000000e+00,-1.000000000000000000e+00,-1.000000000000000000e+00,-1.000000000000000000e+00,-1.000000000000000000e+00,-1.000000000000000000e+00,-1.000000000000000000e+00,-1.000000000000000000e+00,-1.000000000000000000e+00,-1.000000000000000000e+00,-1.000000000000000000e+00,-1.000000000000000000e+00,-1.000000000000000000e+00,-1.000000000000000000e+00,-1.000000000000000000e+00,-1.000000000000000000e+00,-1.000000000000000000e+00,-1.000000000000000000e+00,-1.000000000000000000e+00,-1.000000000000000000e+00,-1.000000000000000000e+00,-1.000000000000000000e+00,-1.000000000000000000e+00,-1.000000000000000000e+00,-1.000000000000000000e+00,-1.000000000000000000e+00,-1.000000000000000000e+00,-1.000000000000000000e+00,-1.000000000000000000e+00,-1.000000000000000000e+00,-1.000000000000000000e+00,-1.000000000000000000e+00,-1.000000000000000000e+00,-1.000000000000000000e+00,-1.000000000000000000e+00,-1.000000000000000000e+00,-1.000000000000000000e+00,-1.000000000000000000e+00,-1.000000000000000000e+00,-1.000000000000000000e+00,-1.000000000000000000e+00,-1.000000000000000000e+00,-1.000000000000000000e+00,-1.000000000000000000e+00,-1.000000000000000000e+00,-1.000000000000000000e+00,-1.000000000000000000e+00,-1.000000000000000000e+00,-1.000000000000000000e+00,-4.364113518033830852e-01,-4.169195947384936041e-01,-3.981398465217407256e-01,-3.807834848849902531e-01,-3.601934295290702970e-01,-3.294941214031499310e-01,-2.799140330542249089e-01,-2.013591994716324995e-01,-8.404810370757287430e-02,7.802406098708369875e-02,2.812005090151852293e-01,5.041664279765747381e-01,7.011195958478961821e-01,8.086717383298311912e-01,8.086717378845453830e-01,7.011195945295243259e-01,5.041664257029165874e-01,2.812005062618294637e-01,7.802405844010484870e-02,-8.404810597654266413e-02,-2.013592013958795945e-01,-2.799140349011796092e-01,-3.294941229328579579e-01,-3.601934310641445869e-01,-3.807834861686296701e-01,-3.981398476436170952e-01,-4.169195963311032038e-01,-4.364113525253621173e-01,-1.000000000000000000e+00,-1.000000000000000000e+00,-1.000000000000000000e+00,-1.000000000000000000e+00,-1.000000000000000000e+00,-1.000000000000000000e+00,-1.000000000000000000e+00,-1.000000000000000000e+00,-1.000000000000000000e+00,-1.000000000000000000e+00,-1.000000000000000000e+00,-1.000000000000000000e+00,-1.000000000000000000e+00,-1.000000000000000000e+00,-1.000000000000000000e+00,-1.000000000000000000e+00,-1.000000000000000000e+00,-1.000000000000000000e+00,-1.000000000000000000e+00,-1.000000000000000000e+00,-1.000000000000000000e+00,-1.000000000000000000e+00,-1.000000000000000000e+00,-1.000000000000000000e+00,-1.000000000000000000e+00,-1.000000000000000000e+00,-1.000000000000000000e+00,-1.000000000000000000e+00,-1.000000000000000000e+00,-1.000000000000000000e+00,-1.000000000000000000e+00,-1.000000000000000000e+00,-1.000000000000000000e+00,-1.000000000000000000e+00,-1.000000000000000000e+00,-1.000000000000000000e+00,-1.000000000000000000e+00,-1.000000000000000000e+00,-1.000000000000000000e+00,-1.000000000000000000e+00,-1.000000000000000000e+00,-1.000000000000000000e+00,-1.000000000000000000e+00,-1.000000000000000000e+00,-1.000000000000000000e+00,-1.000000000000000000e+00,-1.000000000000000000e+00,-1.000000000000000000e+00,-1.000000000000000000e+00,-1.000000000000000000e+00,-1.000000000000000000e+00,-1.000000000000000000e+00,-1.000000000000000000e+00,-1.000000000000000000e+00,-1.000000000000000000e+00,-1.000000000000000000e+00,-1.000000000000000000e+00,-1.000000000000000000e+00
-1.000000000000000000e+00,-1.000000000000000000e+00,-1.000000000000000000e+00,-1.000000000000000000e+00,-1.000000000000000000e+00,-1.000000000000000000e+00,-1.000000000000000000e+00,-1.000000000000000000e+00,-1.000000000000000000e+00,-1.000000000000000000e+00,-1.000000000000000000e+00,-1.000000000000000000e+00,-1.000000000000000000e+00,-1.000000000000000000e+00,-1.000000000000000000e+00,-1.000000000000000000e+00,-1.000000000000000000e+00,-1.000000000000000000e+00,-1.000000000000000000e+00,-1.000000000000000000e+00,-1.000000000000000000e+00,-1.000000000000000000e+00,-1.000000000000000000e+00,-1.000000000000000000e+00,-1.000000000000000000e+00,-1.000000000000000000e+00,-1.000000000000000000e+00,-1.000000000000000000e+00,-1.000000000000000000e+00,-1.000000000000000000e+00,-1.000000000000000000e+00,-1.000000000000000000e+00,-1.000000000000000000e+00,-1.000000000000000000e+00,-1.000000000000000000e+00,-1.000000000000000000e+00,-1.000000000000000000e+00,-1.000000000000000000e+00,-1.000000000000000000e+00,-1.000000000000000000e+00,-1.000000000000000000e+00,-1.000000000000000000e+00,-1.000000000000000000e+00,-1.000000000000000000e+00,-1.000000000000000000e+00,-1.000000000000000000e+00,-1.000000000000000000e+00,-1.000000000000000000e+00,-1.000000000000000000e+00,-1.000000000000000000e+00,-1.000000000000000000e+00,-1.000000000000000000e+00,-1.000000000000000000e+00,-1.000000000000000000e+00,-1.000000000000000000e+00,-1.000000000000000000e+00,-1.000000000000000000e+00,-1.000000000000000000e+00,-3.340928307729192914e-01,-3.258591603409334292e-01,-3.149883624743494703e-01,-3.021779861102668052e-01,-2.839861777768817319e-01,-2.543213596942969223e-01,-2.048680949058895306e-01,-1.258329728538293280e-01,-7.681957538279937658e-03,1.553606562281317771e-01,3.594416352489413491e-01,5.831148095034943690e-01,7.805274370172832210e-01,8.883010697466502403e-01,8.883010689412844663e-01,7.805274347432629156e-01,5.831148059336341838e-01,3.594416310294674677e-01,1.553606519761505655e-01,-7.681961130567405149e-03,-1.258329753304582299e-01,-2.048680965702872614e-01,-2.543213605190043358e-01,-2.839861783288681885e-01,-3.021779863363315277e-01,-3.149883626798709590e-01,-3.258591614894065236e-01,-3.340928315946267713e-01,-1.000000000000000000e+00,-1.000000000000000000e+00,-1.000000000000000000e+00,-1.000000000000000000e+00,-1.000000000000000000e+00,-1.000000000000000000e+00,-1.000000000000000000e+00,-1.000000000000000000e+00,-1.000000000000000000e+00,-1.000000000000000000e+00,-1.000000000000000000e+00,-1.000000000000000000e+00,-1.000000000000000000e+00,-1.000000000000000000e+00,-1.000000000000000000e+00,-1.000000000000000000e+00,-1.000000000000000000e+00,-1.000000000000000000e+00,-1.000000000000000000e+00,-1.000000000000000000e+00,-1.000000000000000000e+00,-1.000000000000000000e+00,-1.000000000000000000e+00,-1.000000000000000000e+00,-1.000000000000000000e+00,-1.000000000000000000e+00,-1.000000000000000000e+00,-1.000000000000000000e+00,-1.000000000000000000e+00,-1.000000000000000000e+00,-1.000000000000000000e+00,-1.000000000000000000e+00,-1.000000000000000000e+00,-1.000000000000000000e+00,-1.000000000000000000e+00,-1.000000000000000000e+00,-1.000000000000000000e+00,-1.000000000000000000e+00,-1.000000000000000000e+00,-1.000000000000000000e+00,-1.000000000000000000e+00,-1.000000000000000000e+00,-1.000000000000000000e+00,-1.000000000000000000e+00,-1.000000000000000000e+00,-1.000000000000000000e+00,-1.000000000000000000e+00,-1.000000000000000000e+00,-1.000000000000000000e+00,-1.000000000000000000e+00,-1.000000000000000000e+00,-1.000000000000000000e+00,-1.000000000000000000e+00,-1.000000000000000000e+00,-1.000000000000000000e+00,-1.000000000000000000e+00,-1.000000000000000000e+00,-1.000000000000000000e+00
-1.000000000000000000e+00,-1.000000000000000000e+00,-1.000000000000000000e+00,-1.000000000000000000e+00,-1.000000000000000000e+00,-1.000000000000000000e+00,-1.000000000000000000e+00,-1.000000000000000000e+00,-1.000000000000000000e+00,-1.000000000000000000e+00,-1.000000000000000000e+00,-1.000000000000000000e+00,-1.000000000000000000e+00,-1.000000000000000000e+00,-1.000000000000000000e+00,-1.000000000000000000e+00,-1.000000000000000000e+00,-1.000000000000000000e+00,-1.000000000000000000e+00,-1.000000000000000000e+00,-1.000000000000000000e+00,-1.000000000000000000e+00,-1.000000000000000000e+00,-1.000000000000000000e+00,-1.000000000000000000e+00,-1.000000000000000000e+00,-1.000000000000000000e+00,-1.000000000000000000e+00,-1.000000000000000000e+00,-1.000000000000000000e+00,-1.000000000000000000e+00,-1.000000000000000000e+00,-1.000000000000000000e+00,-1.000000000000000000e+00,-1.000000000000000000e+00,-1.000000000000000000e+00,-1.000000000000000000e+00,-1.000000000000000000e+00,-1.000000000000000000e+00,-1.000000000000000000e+00,-1.000000000000000000e+00,-1.000000000000000000e+00,-1.000000000000000000e+00,-1.000000000000000000e+00,-1.000000000000000000e+00,-1.000000000000000000e+00,-1.000000000000000000e+00,-1.000000000000000000e+00,-1.000000000000000000e+00,-1.000000000000000000e+00,-1.000000000000000000e+00,-1.000000000000000000e+00,-1.000000000000000000e+00,-1.000000000000000000e+00,-1.000000000000000000e+00,-1.000000000000000000e+00,-1.000000000000000000e+00,-1.000000000000000000e+00,-2.536360639096997271e-01,-2.498522007951217150e-01,-2.435091839969727445e-01,-2.339679422523815999e-01,-2.177829033456863961e-01,-1.890961485493842797e-01,-1.398194556044938253e-01,-6.035438529736736335e-02,5.864255050552724668e-02,2.227428286620312115e-01,4.278882529161562864e-01,6.524626101503800957e-01,8.505078684085074503e-01,9.586041759840693288e-01,9.586041748287628117e-01,8.505078652270439132e-01,6.524626056132711849e-01,4.278882477607601764e-01,2.227428234653039407e-01,5.864254619694575510e-02,-6.035438789791913727e-02,-1.398194567462217597e-01,-1.890961483198040360e-01,-2.177829024842704575e-01,-2.339679409466045579e-01,-2.435091827499253903e-01,-2.498522006974926990e-01,-2.536360647194608742e-01,-1.000000000000000000e+00,-1.000000000000000000e+00,-1.000000000000000000e+00,-1.000000000000000000e+00,-1.000000000000000000e+00,-1.000000000000000000e+00,-1.000000000000000000e+00,-1.000000000000000000e+00,-1.000000000000000000e+00,-1.000000000000000000e+00,-1.000000000000000000e+00,-1.000000000000000000e+00,-1.000000000000000000e+00,-1.000000000000000000e+00,-1.000000000000000000e+00,-1.000000000000000000e+00,-1.000000000000000000e+00,-1.000000000000000000e+00,-1.000000000000000000e+00,-1.000000000000000000e+00,-1.000000000000000000e+00,-1.000000000000000000e+00,-1.000000000000000000e+00,-1.000000000000000000e+00,-1.000000000000000000e+00,-1.000000000000000000e+00,-1.000000000000000000e+00,-1.000000000000000000e+00,-1.000000000000000000e+00,-1.000000000000000000e+00,-1.000000000000000000e+00,-1.000000000000000000e+00,-1.000000000000000000e+00,-1.000000000000000000e+00,-1.000000000000000000e+00,-1.000000000000000000e+00,-1.000000000000000000e+00,-1.000000000000000000e+00,-1.000000000000000000e+00,-1.000000000000000000e+00,-1.000000000000000000e+00,-1.000000000000000000e+00,-1.000000000000000000e+00,-1.000000000000000000e+00,-1.000000000000000000e+00,-1.000000000000000000e+00,-1.000000000000000000e+00,-1.000000000000000000e+00,-1.000000000000000000e+00,-1.000000000000000000e+00,-1.000000000000000000e+00,-1.000000000000000000e+00,-1.000000000000000000e+00,-1.000000000000000000e+00,-1.000000000000000000e+00,-1.000000000000000000e+00,-1.000000000000000000e+00,-1.000000000000000000e+00
-1.000000000000000000e+00,-1.000000000000000000e+00,-1.000000000000000000e+00,-1.000000000000000000e+00,-1.000000000000000000e+00,-1.000000000000000000e+00,-1.000000000000000000e+00,-1.000000000000000000e+00,-1.000000000000000000e+00,-1.000000000000000000e+00,-1.000000000000000000e+00,-1.000000000000000000e+00,-1.000000000000000000e+00,-1.000000000000000000e+00,-1.000000000000000000e+00,-1.000000000000000000e+00,-1.000000000000000000e+00,-1.000000000000000000e+00,-1.000000000000000000e+00,-1.000000000000000000e+00,-1.000000000000000000e+00,-1.000000000000000000e+00,-1.000000000000000000e+00,-1.000000000000000000e+00,-1.000000000000000000e+00,-1.000000000000000000e+00,-1.000000000000000000e+00,-1.000000000000000000e+00,-1.000000000000000000e+00,-1.000000000000000000e+00,-1.000000000000000000e+00,-1.000000000000000000e+00,-1.000000000000000000e+00,-1.000000000000000000e+00,-1.000000000000000000e+00,-1.000000000000000000e+00,-1.000000000000000000e+00,-1.000000000000000000e+00,-1.000000000000000000e+00,-1.000000000000000000e+00,-1.000000000000000000e+00,-1.000000000000000000e+00,-1.000000000000000000e+00,-1.000000000000000000e+00,-1.000000000000000000e+00,-1.000000000000000000e+00,-1.000000000000000000e+00,-1.000000000000000000e+00,-1.000000000000000000e+00,-1.000000000000000000e+00,-1.000000000000000000e+00,-1.000000000000000000e+00,-1.000000000000000000e+00,-1.000000000000000000e+00,-1.000000000000000000e+00,-1.000000000000000000e+00,-1.000000000000000000e+00,-1.000000000000000000e+00,-1.928283006205069317e-01,-1.910149229162775297e-01,-1.871552604168769118e-01,-1.797106823220379068e-01,-1.649672748601086480e-01,-1.370480390884458721e-01,-8.793348442736859116e-02,-8.123109878097722891e-03,1.116035270753612529e-01,2.766626477259579442e-01,4.828181577065666641e-01,7.082850416975041696e-01,9.069804722799286179e-01,1.015416627564710517e+00,1.015416626334978201e+00,9.069804688366629453e-01,7.082850368411104380e-01,4.828181524227335153e-01,2.766626425337557205e-01,1.116035229357967840e-01,-8.123112311771318872e-03,-8.793348510304910270e-02,-1.370480378813462297e-01,-1.649672727481213963e-01,-1.797106801496985984e-01,-1.871552588342406676e-01,-1.910149223284572928e-01,-1.928283013777047916e-01,-1.000000000000000000e+00,-1.000000000000000000e+00,-1.000000000000000000e+00,-1.000000000000000000e+00,-1.000000000000000000e+00,-1.000000000000000000e+00,-1.000000000000000000e+00,-1.000000000000000000e+00,-1.000000000000000000e+00,-1.000000000000000000e+00,-1.000000000000000000e+00,-1.000000000000000000e+00,-1.000000000000000000e+00,-1.000000000000000000e+00,-1.000000000000000000e+00,-1.000000000000000000e+00,-1.000000000000000000e+00,-1.000000000000000000e+00,-1.000000000000000000e+00,-1.000000000000000000e+00,-1.000000000000000000e+00,-1.000000000000000000e+00,-1.000000000000000000e+00,-1.000000000000000000e+00,-1.000000000000000000e+00,-1.000000000000000000e+00,-1.000000000000000000e+00,-1.000000000000000000e+00,-1.000000000000000000e+00,-1.000000000000000000e+00,-1.000000000000000000e+00,-1.000000000000000000e+00,-1.000000000000000000e+00,-1.000000000000000000e+00,-1.000000000000000000e+00,-1.000000000000000000e+00,-1.000000000000000000e+00,-1.000000000000000000e+00,-1.000000000000000000e+00,-1.000000000000000000e+00,-1.000000000000000000e+00,-1.000000000000000000e+00,-1.000000000000000000e+00,-1.000000000000000000e+00,-1.000000000000000000e+00,-1.000000000000000000e+00,-1.000000000000000000e+00,-1.000000000000000000e+00,-1.000000000000000000e+00,-1.000000000000000000e+00,-1.000000000000000000e+00,-1.000000000000000000e+00,-1.000000000000000000e+00,-1.000000000000000000e+00,-1.000000000000000000e+00,-1.000000000000000000e+00,-1.000000000000000000e+00,-1.000000000000000000e+00
-1.000000000000000000e+00,-1.000000000000000000e+00,-1.000000000000000000e+00,-1.000000000000000000e+00,-1.000000000000000000e+00,-1.000000000000000000e+00,-1.000000000000000000e+00,-1.000000000000000000e+00,-1.000000000000000000e+00,-1.000000000000000000e+00,-1.000000000000000000e+00,-1.000000000000000000e+00,-1.000000000000000000e+00,-1.000000000000000000e+00,-1.000000000000000000e+00,-1.000000000000000000e+00,-1.000000000000000000e+00,-1.000000000000000000e+00,-1.000000000000000000e+00,-1.000000000000000000e+00,-1.000000000000000000e+00,-1.000000000000000000e+00,-1.000000000000000000e+00,-1.000000000000000000e+00,-1.000000000000000000e+00,-1.000000000000000000e+00,-1.000000000000000000e+00,-1.000000000000000000e+00,-1.000000000000000000e+00,-1.000000000000000000e+00,-1.000000000000000000e+00,-1.000000000000000000e+00,-1.000000000000000000e+00,-1.000000000000000000e+00,-1.000000000000000000e+00,-1.000000000000000000e+00,-1.000000000000000000e+00,-1.000000000000000000e+00,-1.000000000000000000e+00,-1.000000000000000000e+00,-1.000000000000000000e+00,-1.000000000000000000e+00,-1.000000000000000000e+00,-1.000000000000000000e+00,-1.000000000000000000e+00,-1.000000000000000000e+00,-1.000000000000000000e+00,-1.000000000000000000e+00,-1.000000000000000000e+00,-1.000000000000000000e+00,-1.000000000000000000e+00,-1.000000000000000000e+00,-1.000000000000000000e+00,-1.000000000000000000e+00,-1.000000000000000000e+00,-1.000000000000000000e+00,-1.000000000000000000e+00,-1.000000000000000000e+00,-1.517484734056080420e-01,-1.508514327811799616e-01,-1.482931872592200273e-01,-1.420615093045610733e-01,-1.282182976567122212e-01,-1.008071584070145965e-01,-5.180727827444908673e-02,2.824424063568575782e-02,1.485004012786086403e-01,3.142773001483931683e-01,5.212111172114894941e-01,7.473839658041712131e-01,9.466048470531418513e-01,1.055319440785916107e+00,1.055319439782235413e+00,9.466048442094057158e-01,7.473839617489868026e-01,5.212111127579914793e-01,3.142772959209307881e-01,1.485003980127928003e-01,2.824423874741688323e-02,-5.180727854361366624e-02,-1.008071566265852370e-01,-1.282182949243049208e-01,-1.420615066416540673e-01,-1.482931859422705889e-01,-1.508514323388666645e-01,-1.517484740553757261e-01,-1.000000000000000000e+00,-1.000000000000000000e+00,-1.000000000000000000e+00,-1.000000000000000000e+00,-1.000000000000000000e+00,-1.000000000000000000e+00,-1.000000000000000000e+00,-1.000000000000000000e+00,-1.000000000000000000e+00,-1.000000000000000000e+00,-1.000000000000000000e+00,-1.000000000000000000e+00,-1.000000000000000000e+00,-1.000000000000000000e+00,-1.000000000000000000e+00,-1.000000000000000000e+00,-1.000000000000000000e+00,-1.000000000000000000e+00,-1.000000000000000000e+00,-1.000000000000000000e+00,-1.000000000000000000e+00,-1.000000000000000000e+00,-1.000000000000000000e+00,-1.000000000000000000e+00,-1.000000000000000000e+00,-1.000000000000000000e+00,-1.000000000000000000e+00,-1.000000000000000000e+00,-1.000000000000000000e+00,-1.000000000000000000e+00,-1.000000000000000000e+00,-1.000000000000000000e+00,-1.000000000000000000e+00,-1.000000000000000000e+00,-1.000000000000000000e+00,-1.000000000000000000e+00,-1.000000000000000000e+00,-1.000000000000000000e+00,-1.000000000000000000e+00,-1.000000000000000000e+00,-1.000000000000000000e+00,-1.000000000000000000e+00,-1.000000000000000000e+00,-1.000000000000000000e+00,-1.000000000000000000e+00,-1.000000000000000000e+00,-1.000000000000000000e+00,-1.000000000000000000e+00,-1.000000000000000000e+00,-1.000000000000000000e+00,-1.000000000000000000e+00,-1.000000000000000000e+00,-1.000000000000000000e+00,-1.000000000000000000e+00,-1.000000000000000000e+00,-1.000000000000000000e+00,-1.000000000000000000e+00,-1.000000000000000000e+00
-1.000000000000000000e+00,-1.000000000000000000e+00,-1.000000000000000000e+00,-1.000000000000000000e+00,-1.000000000000000000e+00,-1.000000000000000000e+00,-1.000000000000000000e+00,-1.000000000000000000e+00,-1.000000000000000000e+00,-1.000000000000000000e+00,-1.000000000000000000e+00,-1.000000000000000000e+00,-1.000000000000000000e+00,-1.000000000000000000e+00,-1.000000000000000000e+00,-1.000000000000000000e+00,-1.000000000000000000e+00,-1.000000000000000000e+00,-1.000000000000000000e+00,-1.000000000000000000e+00,-1.000000000000000000e+00,-1.000000000000000000e+00,-1.000000000000000000e+00,-1.000000000000000000e+00,-1.000000000000000000e+00,-1.000000000000000000e+00,-1.000000000000000000e+00,-1.000000000000000000e+00,-1.000000000000000000e+00,-1.000000000000000000e+00,-1.000000000000000000e+00,-1.000000000000000000e+00,-1.000000000000000000e+00,-1.000000000000000000e+00,-1.000000000000000000e+00,-1.000000000000000000e+00,-1.000000000000000000e+00,-1.000000000000000000e+00,-1.000000000000000000e+00,-1.000000000000000000e+00,-1.000000000000000000e+00,-1.000000000000000000e+00,-1.000000000000000000e+00,-1.000000000000000000e+00,-1.000000000000000000e+00,-1.000000000000000000e+00,-1.000000000000000000e+00,-1.000000000000000000e+00,-1.000000000000000000e+00,-1.000000000000000000e+00,-1.000000000000000000e+00,-1.000000000000000000e+00,-1.000000000000000000e+00,-1.000000000000000000e+00,-1.000000000000000000e+00,-1.000000000000000000e+00,-1.000000000000000000e+00,-1.000000000000000000e+00,-1.309963913355748355e-01,-1.304711840690817581e-01,-1.284733643680626702e-01,-1.227928098481104735e-01,-1.093768108959864982e-01,-8.221481008403608293e-02,-3.327240143095455682e-02,4.690325458979827111e-02,1.674366938387295001e-01,3.335959098970744385e-01,5.409511382679623726e-01,7.675119299959334285e-01,9.670250207400790110e-01,1.075895615418974938e+00,1.075895614843774162e+00,9.670250190926528155e-01,7.675119276570305793e-01,5.409511357163561129e-01,3.335959075154726339e-01,1.674366921837682209e-01,4.690325381601523347e-02,-3.327240112296137031e-02,-8.221480859174745692e-02,-1.093768090779876356e-01,-1.227928078941712409e-01,-1.284733635499865079e-01,-1.304711839068237733e-01,-1.309963917241913078e-01,-1.000000000000000000e+00,-1.000000000000000000e+00,-1.000000000000000000e+00,-1.000000000000000000e+00,-1.000000000000000000e+00,-1.000000000000000000e+00,-1.000000000000000000e+00,-1.000000000000000000e+00,-1.000000000000000000e+00,-1.000000000000000000e+00,-1.000000000000000000e+00,-1.000000000000000000e+00,-1.000000000000000000e+00,-1.000000000000000000e+00,-1.000000000000000000e+00,-1.000000000000000000e+00,-1.000000000000000000e+00,-1.000000000000000000e+00,-1.000000000000000000e+00,-1.000000000000000000e+00,-1.000000000000000000e+00,-1.000000000000000000e+00,-1.000000000000000000e+00,-1.000000000000000000e+00,-1.000000000000000000e+00,-1.000000000000000000e+00,-1.000000000000000000e+00,-1.000000000000000000e+00,-1.000000000000000000e+00,-1.000000000000000000e+00,-1.000000000000000000e+00,-1.000000000000000000e+00,-1.000000000000000000e+00,-1.000000000000000000e+00,-1.000000000000000000e+00,-1.000000000000000000e+00,-1.000000000000000000e+00,-1.000000000000000000e+00,-1.000000000000000000e+00,-1.000000000000000000e+00,-1.000000000000000000e+00,-1.000000000000000000e+00,-1.000000000000000000e+00,-1.000000000000000000e+00,-1.000000000000000000e+00,-1.000000000000000000e+00,-1.000000000000000000e+00,-1.000000000000000000e+00,-1.000000000000000000e+00,-1.000000000000000000e+00,-1.000000000000000000e+00,-1.000000000000000000e+00,-1.000000000000000000e+00,-1.000000000000000000e+00,-1.000000000000000000e+00,-1.000000000000000000e+00,-1.000000000000000000e+00,-1.000000000000000000e+00
-1.000000000000000000e+00,-1.000000000000000000e+00,-1.000000000000000000e+00,-1.000000000000000000e+00,-1.000000000000000000e+00,-1.000000000000000000e+00,-1.000000000000000000e+00,-1.000000000000000000e+00,-1.000000000000000000e+00,-1.000000000000000000e+00,-1.000000000000000000e+00,-1.000000000000000000e+00,-1.000000000000000000e+00,-1.000000000000000000e+00,-1.000000000000000000e+00,-1.000000000000000000e+00,-1.000000000000000000e+00,-1.000000000000000000e+00,-1.000000000000000000e+00,-1.000000000000000000e+00,-1.000000000000000000e+00,-1.000000000000000000e+00,-1.000000000000000000e+00,-1.000000000000000000e+00,-1.000000000000000000e+00,-1.000000000000000000e+00,-1.000000000000000000e+00,-1.000000000000000000e+00,-1.000000000000000000e+00,-1.000000000000000000e+00,-1.000000000000000000e+00,-1.000000000000000000e+00,-1.000000000000000000e+00,-1.000000000000000000e+00,-1.000000000000000000e+00,-1.000000000000000000e+00,-1.000000000000000000e+00,-1.000000000000000000e+00,-1.000000000000000000e+00,-1.000000000000000000e+00,-1.000000000000000000e+00,-1.000000000000000000e+00,-1.000000000000000000e+00,-1.000000000000000000e+00,-1.000000000000000000e+00,-1.000000000000000000e+00,-1.000000000000000000e+00,-1.000000000000000000e+00,-1.000000000000000000e+00,-1.000000000000000000e+00,-1.000000000000000000e+00,-1.000000000000000000e+00,-1.000000000000000000e+00,-1.000000000000000000e+00,-1.000000000000000000e+00,-1.000000000000000000e+00,-1.000000000000000000e+00,-1.000000000000000000e+00,-1.309963915603794549e-01,-1.304711841718372289e-01,-1.284733641356521350e-01,-1.227928094008365889e-01,-1.093768100560378320e-01,-8.221480928492119755e-02,-3.327240122935115618e-02,4.690325435968190071e-02,1.674366931903323863e-01,3.335959088067896872e-01,5.409511369740140907e-01,7.675119286912459593e-01,9.670250196760061812e-01,1.075895614807198086e+00,1.075895614807026668e+00,9.670250196532066411e-01,7.675119287031999527e-01,5.409511370881696646e-01,3.335959090357063506e-01,1.674366935864726180e-01,4.690325486451429882e-02,-3.327240046818014108e-02,-8.221480848923901075e-02,-1.093768097888687674e-01,-1.227928088130104678e-01,-1.284733639465542865e-01,-1.304711842021596402e-01,-1.309963915384351196e-01,-1.000000000000000000e+00,-1.000000000000000000e+00,-1.000000000000000000e+00,-1.000000000000000000e+00,-1.000000000000000000e+00,-1.000000000000000000e+00,-1.000000000000000000e+00,-1.000000000000000000e+00,-1.000000000000000000e+00,-1.000000000000000000e+00,-1.000000000000000000e+00,-1.000000000000000000e+00,-1.000000000000000000e+00,-1.000000000000000000e+00,-1.000000000000000000e+00,-1.000000000000000000e+00,-1.000000000000000000e+00,-1.000000000000000000e+00,-1.000000000000000000e+00,-1.000000000000000000e+00,-1.000000000000000000e+00,-1.000000000000000000e+00,-1.000000000000000000e+00,-1.000000000000000000e+00,-1.000000000000000000e+00,-1.000000000000000000e+00,-1.000000000000000000e+00,-1.000000000000000000e+00,-1.000000000000000000e+00,-1.000000000000000000e+00,-1.000000000000000000e+00,-1.000000000000000000e+00,-1.000000000000000000e+00,-1.000000000000000000e+00,-1.000000000000000000e+00,-1.000000000000000000e+00,-1.000000000000000000e+00,-1.000000000000000000e+00,-1.000000000000000000e+00,-1.000000000000000000e+00,-1.000000000000000000e+00,-1.000000000000000000e+00,-1.000000000000000000e+00,-1.000000000000000000e+00,-1.000000000000000000e+00,-1.000000000000000000e+00,-1.000000000000000000e+00,-1.000000000000000000e+00,-1.000000000000000000e+00,-1.000000000000000000e+00,-1.000000000000000000e+00,-1.000000000000000000e+00,-1.000000000000000000e+00,-1.000000000000000000e+00,-1.000000000000000000e+00,-1.000000000000000000e+00,-1.000000000000000000e+00,-1.000000000000000000e+00
-1.000000000000000000e+00,-1.000000000000000000e+00,-1.000000000000000000e+00,-1.000000000000000000e+00,-1.000000000000000000e+00,-1.000000000000000000e+00,-1.000000000000000000e+00,-1.000000000000000000e+00,-1.000000000000000000e+00,-1.000000000000000000e+00,-1.000000000000000000e+00,-1.000000000000000000e+00,-1.000000000000000000e+00,-1.000000000000000000e+00,-1.000000000000000000e+00,-1.000000000000000000e+00,-1.000000000000000000e+00,-1.000000000000000000e+00,-1.000000000000000000e+00,-1.000000000000000000e+00,-1.000000000000000000e+00,-1.000000000000000000e+00,-1.000000000000000000e+00,-1.000000000000000000e+00,-1.000000000000000000e+00,-1.000000000000000000e+00,-1.000000000000000000e+00,-1.000000000000000000e+00,-1.000000000000000000e+00,-1.000000000000000000e+00,-1.000000000000000000e+00,-1.000000000000000000e+00,-1.000000000000000000e+00,-1.000000000000000000e+00,-1.000000000000000000e+00,-1.000000000000000000e+00,-1.000000000000000000e+00,-1.000000000000000000e+00,-1.000000000000000000e+00,-1.000000000000000000e+00,-1.000000000000000000e+00,-1.000000000000000000e+00,-1.000000000000000000e+00,-1.000000000000000000e+00,-1.000000000000000000e+00,-1.000000000000000000e+00,-1.000000000000000000e+00,-1.000000000000000000e+00,-1.000000000000000000e+00,-1.000000000000000000e+00,-1.000000000000000000e+00,-1.000000000000000000e+00,-1.000000000000000000e+00,-1.000000000000000000e+00,-1.000000000000000000e+00,-1.000000000000000000e+00,-1.000000000000000000e+00,-1.000000000000000000e+00,-1.517484739839470853e-01,-1.508514330369610246e-01,-1.482931865042159680e-01,-1.420615080211360404e-01,-1.282182956114467087e-01,-1.008071564920960395e-01,-5.180727773390325641e-02,2.824424001013969843e-02,1.485003994075779765e-01,3.142772972956580091e-01,5.212111138326993576e-01,7.473839623744618077e-01,9.466048442834056331e-01,1.055319439254042813e+00,1.055319439835882722e+00,9.466048459075921961e-01,7.473839647679698661e-01,5.212111166421915520e-01,3.142773001405467781e-01,1.485004018277207294e-01,2.824424165202543691e-02,-5.180727702748932906e-02,-1.008071567411492619e-01,-1.282182966643102828e-01,-1.420615088002229465e-01,-1.482931870576293942e-01,-1.508514332376347244e-01,-1.517484736153772440e-01,-1.000000000000000000e+00,-1.000000000000000000e+00,-1.000000000000000000e+00,-1.000000000000000000e+00,-1.000000000000000000e+00,-1.000000000000000000e+00,-1.000000000000000000e+00,-1.000000000000000000e+00,-1.000000000000000000e+00,-1.000000000000000000e+00,-1.000000000000000000e+00,-1.000000000000000000e+00,-1.000000000000000000e+00,-1.000000000000000000e+00,-1.000000000000000000e+00,-1.000000000000000000e+00,-1.000000000000000000e+00,-1.000000000000000000e+00,-1.000000000000000000e+00,-1.000000000000000000e+00,-1.000000000000000000e+00,-1.000000000000000000e+00,-1.000000000000000000e+00,-1.000000000000000000e+00,-1.000000000000000000e+00,-1.000000000000000000e+00,-1.000000000000000000e+00,-1.000000000000000000e+00,-1.000000000000000000e+00,-1.000000000000000000e+00,-1.000000000000000000e+00,-1.000000000000000000e+00,-1.000000000000000000e+00,-1.000000000000000000e+00,-1.000000000000000000e+00,-1.000000000000000000e+00,-1.000000000000000000e+00,-1.000000000000000000e+00,-1.000000000000000000e+00,-1.000000000000000000e+00,-1.000000000000000000e+00,-1.000000000000000000e+00,-1.000000000000000000e+00,-1.000000000000000000e+00,-1.000000000000000000e+00,-1.000000000000000000e+00,-1.000000000000000000e+00,-1.000000000000000000e+00,-1.000000000000000000e+00,-1.000000000000000000e+00,-1.000000000000000000e+00,-1.000000000000000000e+00,-1.000000000000000000e+00,-1.000000000000000000e+00,-1.000000000000000000e+00,-1.000000000000000000e+00,-1.000000000000000000e+00,-1.000000000000000000e+00
-1.000000000000000000e+00,-1.000000000000000000e+00,-1.000000000000000000e+00,-1.000000000000000000e+00,-1.000000000000000000e+00,-1.000000000000000000e+00,-1.000000000000000000e+00,-1.000000000000000000e+00,-1.000000000000000000e+00,-1.000000000000000000e+00,-1.000000000000000000e+00,-1.000000000000000000e+00,-1.000000000000000000e+00,-1.000000000000000000e+00,-1.000000000000000000e+00,-1.000000000000000000e+00,-1.000000000000000000e+00,-1.000000000000000000e+00,-1.000000000000000000e+00,-1.000000000000000000e+00,-1.000000000000000000e+00,-1.000000000000000000e+00,-1.000000000000000000e+00,-1.000000000000000000e+00,-1.000000000000000000e+00,-1.000000000000000000e+00,-1.000000000000000000e+00,-1.000000000000000000e+00,-1.000000000000000000e+00,-1.000000000000000000e+00,-1.000000000000000000e+00,-1.000000000000000000e+00,-1.000000000000000000e+00,-1.000000000000000000e+00,-1.000000000000000000e+00,-1.000000000000000000e+00,-1.000000000000000000e+00,-1.000000000000000000e+00,-1.000000000000000000e+00,-1.000000000000000000e+00,-1.000000000000000000e+00,-1.000000000000000000e+00,-1.000000000000000000e+00,-1.000000000000000000e+00,-1.000000000000000000e+00,-1.000000000000000000e+00,-1.000000000000000000e+00,-1.000000000000000000e+00,-1.000000000000000000e+00,-1.000000000000000000e+00,-1.000000000000000000e+00,-1.000000000000000000e+00,-1.000000000000000000e+00,-1.000000000000000000e+00,-1.000000000000000000e+00,-1.000000000000000000e+00,-1.000000000000000000e+00,-1.000000000000000000e+00,-1.928283013763741893e-01,-1.910149233160178817e-01,-1.871552592272418547e-01,-1.797106804186724416e-01,-1.649672724461919149e-01,-1.370480369133548759e-01,-8.793348372966391935e-02,-8.123110750240303268e-03,1.116035243816844158e-01,2.766626437135522032e-01,4.828181531105355528e-01,7.082850369633921783e-01,9.069804684344615620e-01,1.015416625488740454e+00,1.015416626565014635e+00,9.069804714379987587e-01,7.082850412847097044e-01,4.828181579475085972e-01,2.766626483518461743e-01,1.116035282953935504e-01,-8.123108138584633764e-03,-8.793348295878677945e-02,-1.370480378795876364e-01,-1.649672741622643102e-01,-1.797106822322633857e-01,-1.871552604136034192e-01,-1.910149236011708940e-01,-1.928283008056185244e-01,-1.000000000000000000e+00,-1.000000000000000000e+00,-1.000000000000000000e+00,-1.000000000000000000e+00,-1.000000000000000000e+00,-1.000000000000000000e+00,-1.000000000000000000e+00,-1.000000000000000000e+00,-1.000000000000000000e+00,-1.000000000000000000e+00,-1.000000000000000000e+00,-1.000000000000000000e+00,-1.000000000000000000e+00,-1.000000000000000000e+00,-1.000000000000000000e+00,-1.000000000000000000e+00,-1.000000000000000000e+00,-1.000000000000000000e+00,-1.000000000000000000e+00,-1.000000000000000000e+00,-1.000000000000000000e+00,-1.000000000000000000e+00,-1.000000000000000000e+00,-1.000000000000000000e+00,-1.000000000000000000e+00,-1.000000000000000000e+00,-1.000000000000000000e+00,-1.000000000000000000e+00,-1.000000000000000000e+00,-1.000000000000000000e+00,-1.000000000000000000e+00,-1.000000000000000000e+00,-1.000000000000000000e+00,-1.000000000000000000e+00,-1.000000000000000000e+00,-1.000000000000000000e+00,-1.000000000000000000e+00,-1.000000000000000000e+00,-1.000000000000000000e+00,-1.000000000000000000e+00,-1.000000000000000000e+00,-1.000000000000000000e+00,-1.000000000000000000e+00,-1.000000000000000000e+00,-1.000000000000000000e+00,-1.000000000000000000e+00,-1.000000000000000000e+00,-1.000000000000000000e+00,-1.000000000000000000e+00,-1.000000000000000000e+00,-1.000000000000000000e+00,-1.000000000000000000e+00,-1.000000000000000000e+00,-1.000000000000000000e+00,-1.000000000000000000e+00,-1.000000000000000000e+00,-1.000000000000000000e+00,-1.000000000000000000e+00
-1.000000000000000000e+00,-1.000000000000000000e+00,-1.000000000000000000e+00,-1.000000000000000000e+00,-1.000000000000000000e+00,-1.000000000000000000e+00,-1.000000000000000000e+00,-1.000000000000000000e+00,-1.000000000000000000e+00,-1.000000000000000000e+00,-1.000000000000000000e+00,-1.000000000000000000e+00,-1.000000000000000000e+00,-1.000000000000000000e+00,-1.000000000000000000e+00,-1.000000000000000000e+00,-1.000000000000000000e+00,-1.000000000000000000e+00,-1.000000000000000000e+00,-1.000000000000000000e+00,-1.000000000000000000e+00,-1.000000000000000000e+00,-1.000000000000000000e+00,-1.000000000000000000e+00,-1.000000000000000000e+00,-1.000000000000000000e+00,-1.000000000000000000e+00,-1.000000000000000000e+00,-1.000000000000000000e+00,-1.000000000000000000e+00,-1.000000000000000000e+00,-1.000000000000000000e+00,-1.000000000000000000e+00,-1.000000000000000000e+00,-1.000000000000000000e+00,-1.000000000000000000e+00,-1.000000000000000000e+00,-1.000000000000000000e+00,-1.000000000000000000e+00,-1.000000000000000000e+00,-1.000000000000000000e+00,-1.000000000000000000e+00,-1.000000000000000000e+00,-1.000000000000000000e+00,-1.000000000000000000e+00,-1.000000000000000000e+00,-1.000000000000000000e+00,-1.000000000000000000e+00,-1.000000000000000000e+00,-1.000000000000000000e+00,-1.000000000000000000e+00,-1.000000000000000000e+00,-1.000000000000000000e+00,-1.000000000000000000e+00,-1.000000000000000000e+00,-1.000000000000000000e+00,-1.000000000000000000e+00,-1.000000000000000000e+00,-2.536360646088119397e-01,-2.498522013283366316e-01,-2.435091828446271922e-01,-2.339679404082466441e-01,-2.177829013056788998e-01,-1.890961468182090766e-01,-1.398194551269007491e-01,-6.035438630108802549e-02,5.864254747321551164e-02,2.227428243258173790e-01,4.278882480955523704e-01,6.524626054457780544e-01,8.505078647322565910e-01,9.586041741800761518e-01,9.586041755006404763e-01,8.505078683955216157e-01,6.524626106083275534e-01,4.278882537612767045e-01,2.227428298167191123e-01,5.864255190767275749e-02,-6.035438344640908781e-02,-1.398194543192649020e-01,-1.890961478715899036e-01,-2.177829030294868851e-01,-2.339679425445106986e-01,-2.435091843012114898e-01,-2.498522017891499081e-01,-2.536360642015881295e-01,-1.000000000000000000e+00,-1.000000000000000000e+00,-1.000000000000000000e+00,-1.000000000000000000e+00,-1.000000000000000000e+00,-1.000000000000000000e+00,-1.000000000000000000e+00,-1.000000000000000000e+00,-1.000000000000000000e+00,-1.000000000000000000e+00,-1.000000000000000000e+00,-1.000000000000000000e+00,-1.000000000000000000e+00,-1.000000000000000000e+00,-1.000000000000000000e+00,-1.000000000000000000e+00,-1.000000000000000000e+00,-1.000000000000000000e+00,-1.000000000000000000e+00,-1.000000000000000000e+00,-1.000000000000000000e+00,-1.000000000000000000e+00,-1.000000000000000000e+00,-1.000000000000000000e+00,-1.000000000000000000e+00,-1.000000000000000000e+00,-1.000000000000000000e+00,-1.000000000000000000e+00,-1.000000000000000000e+00,-1.000000000000000000e+00,-1.000000000000000000e+00,-1.000000000000000000e+00,-1.000000000000000000e+00,-1.000000000000000000e+00,-1.000000000000000000e+00,-1.000000000000000000e+00,-1.000000000000000000e+00,-1.000000000000000000e+00,-1.000000000000000000e+00,-1.000000000000000000e+00,-1.000000000000000000e+00,-1.000000000000000000e+00,-1.000000000000000000e+00,-1.000000000000000000e+00,-1.000000000000000000e+00,-1.000000000000000000e+00,-1.000000000000000000e+00,-1.000000000000000000e+00,-1.000000000000000000e+00,-1.000000000000000000e+00,-1.000000000000000000e+00,-1.000000000000000000e+00,-1.000000000000000000e+00,-1.000000000000000000e+00,-1.000000000000000000e+00,-1.000000000000000000e+00,-1.000000000000000000e+00,-1.000000000000000000e+00
-1.000000000000000000e+00,-1.000000000000000000e+00,-1.000000000000000000e+00,-1.000000000000000000e+00,-1.000000000000000000e+00,-1.000000000000000000e+00,-1.000000000000000000e+00,-1.000000000000000000e+00,-1.000000000000000000e+00,-1.000000000000000000e+00,-1.000000000000000000e+00,-1.000000000000000000e+00,-1.000000000000000000e+00,-1.000000000000000000e+00,-1.000000000000000000e+00,-1.000000000000000000e+00,-1.000000000000000000e+00,-1.000000000000000000e+00,-1.000000000000000000e+00,-1.000000000000000000e+00,-1.000000000000000000e+00,-1.000000000000000000e+00,-1.000000000000000000e+00,-1.000000000000000000e+00,-1.000000000000000000e+00,-1.000000000000000000e+00,-1.000000000000000000e+00,-1.000000000000000000e+00,-1.000000000000000000e+00,-1.000000000000000000e+00,-1.000000000000000000e+00,-1.000000000000000000e+00,-1.000000000000000000e+00,-1.000000000000000000e+00,-1.000000000000000000e+00,-1.000000000000000000e+00,-1.000000000000000000e+00,-1.000000000000000000e+00,-1.000000000000000000e+00,-1.000000000000000000e+00,-1.000000000000000000e+00,-1.000000000000000000e+00,-1.000000000000000000e+00,-1.000000000000000000e+00,-1.000000000000000000e+00,-1.000000000000000000e+00,-1.000000000000000000e+00,-1.000000000000000000e+00,-1.000000000000000000e+00,-1.000000000000000000e+00,-1.000000000000000000e+00,-1.000000000000000000e+00,-1.000000000000000000e+00,-1.000000000000000000e+00,-1.000000000000000000e+00,-1.000000000000000000e+00,-1.000000000000000000e+00,-1.000000000000000000e+00,-3.340928314091878848e-01,-3.258591610351750933e-01,-3.149883619505149390e-01,-3.021779852119581555e-01,-2.839861768819227361e-01,-2.543213589545313402e-01,-2.048680950820567226e-01,-1.258329740321197932e-01,-7.681960258668851793e-03,1.553606524107618014e-01,3.594416310250045932e-01,5.831148055735408953e-01,7.805274342753334427e-01,8.883010685869074941e-01,8.883010697595512539e-01,7.805274374865420750e-01,5.831148101056555788e-01,3.594416362357191197e-01,1.553606575984189941e-01,-7.681956230402464669e-03,-1.258329717490914712e-01,-2.048680943663718779e-01,-2.543213597429609951e-01,-2.839861780929269219e-01,-3.021779869414991104e-01,-3.149883632900123409e-01,-3.258591618208387386e-01,-3.340928314742079852e-01,-1.000000000000000000e+00,-1.000000000000000000e+00,-1.000000000000000000e+00,-1.000000000000000000e+00,-1.000000000000000000e+00,-1.000000000000000000e+00,-1.000000000000000000e+00,-1.000000000000000000e+00,-1.000000000000000000e+00,-1.000000000000000000e+00,-1.000000000000000000e+00,-1.000000000000000000e+00,-1.000000000000000000e+00,-1.000000000000000000e+00,-1.000000000000000000e+00,-1.000000000000000000e+00,-1.000000000000000000e+00,-1.000000000000000000e+00,-1.000000000000000000e+00,-1.000000000000000000e+00,-1.000000000000000000e+00,-1.000000000000000000e+00,-1.000000000000000000e+00,-1.000000000000000000e+00,-1.000000000000000000e+00,-1.000000000000000000e+00,-1.000000000000000000e+00,-1.000000000000000000e+00,-1.000000000000000000e+00,-1.000000000000000000e+00,-1.000000000000000000e+00,-1.000000000000000000e+00,-1.000000000000000000e+00,-1.000000000000000000e+00,-1.000000000000000000e+00,-1.000000000000000000e+00,-1.000000000000000000e+00,-1.000000000000000000e+00,-1.000000000000000000e+00,-1.000000000000000000e+00,-1.000000000000000000e+00,-1.000000000000000000e+00,-1.000000000000000000e+00,-1.000000000000000000e+00,-1.000000000000000000e+00,-1.000000000000000000e+00,-1.000000000000000000e+00,-1.000000000000000000e+00,-1.000000000000000000e+00,-1.000000000000000000e+00,-1.000000000000000000e+00,-1.000000000000000000e+00,-1.000000000000000000e+00,-1.000000000000000000e+00,-1.000000000000000000e+00,-1.000000000000000000e+00,-1.000000000000000000e+00,-1.000000000000000000e+00
-1.000000000000000000e+00,-1.000000000000000000e+00,-1.000000000000000000e+00,-1.000000000000000000e+00,-1.000000000000000000e+00,-1.000000000000000000e+00,-1.000000000000000000e+00,-1.000000000000000000e+00,-1.000000000000000000e+00,-1.000000000000000000e+00,-1.000000000000000000e+00,-1.000000000000000000e+00,-1.000000000000000000e+00,-1.000000000000000000e+00,-1.000000000000000000e+00,-1.000000000000000000e+00,-1.000000000000000000e+00,-1.000000000000000000e+00,-1.000000000000000000e+00,-1.000000000000000000e+00,-1.000000000000000000e+00,-1.000000000000000000e+00,-1.000000000000000000e+00,-1.000000000000000000e+00,-1.000000000000000000e+00,-1.000000000000000000e+00,-1.000000000000000000e+00,-1.000000000000000000e+00,-1.000000000000000000e+00,-1.000000000000000000e+00,-1.000000000000000000e+00,-1.000000000000000000e+00,-1.000000000000000000e+00,-1.000000000000000000e+00,-1.000000000000000000e+00,-1.000000000000000000e+00,-1.000000000000000000e+00,-1.000000000000000000e+00,-1.000000000000000000e+00,-1.000000000000000000e+00,-1.000000000000000000e+00,-1.000000000000000000e+00,-1.000000000000000000e+00,-1.000000000000000000e+00,-1.000000000000000000e+00,-1.000000000000000000e+00,-1.000000000000000000e+00,-1.000000000000000000e+00,-1.000000000000000000e+00,-1.000000000000000000e+00,-1.000000000000000000e+00,-1.000000000000000000e+00,-1.000000000000000000e+00,-1.000000000000000000e+00,-1.000000000000000000e+00,-1.000000000000000000e+00,-1.000000000000000000e+00,-1.000000000000000000e+00,-4.364113529427677829e-01,-4.169195960452214411e-01,-3.981398469351387082e-01,-3.807834853082300297e-01,-3.601934300484926910e-01,-3.294941219726410520e-01,-2.799140342262913528e-01,-2.013592010286405776e-01,-8.404810602271184372e-02,7.802405806947376732e-02,2.812005056692810090e-01,5.041664250080888365e-01,7.011195939942846955e-01,8.086717376754914977e-01,8.086717383857262575e-01,7.011195960937193217e-01,5.041664283058695517e-01,2.812005095732053039e-01,7.802406202978007244e-02,-8.404810301117282556e-02,-2.013591992921781593e-01,-2.799140333044340956e-01,-3.294941221020308841e-01,-3.601934304674392351e-01,-3.807834862155449196e-01,-3.981398477876969544e-01,-4.169195965466210296e-01,-4.364113529573477868e-01,-1.000000000000000000e+00,-1.000000000000000000e+00,-1.000000000000000000e+00,-1.000000000000000000e+00,-1.000000000000000000e+00,-1.000000000000000000e+00,-1.000000000000000000e+00,-1.000000000000000000e+00,-1.000000000000000000e+00,-1.000000000000000000e+00,-1.000000000000000000e+00,-1.000000000000000000e+00,-1.000000000000000000e+00,-1.000000000000000000e+00,-1.000000000000000000e+00,-1.000000000000000000e+00,-1.000000000000000000e+00,-1.000000000000000000e+00,-1.000000000000000000e+00,-1.000000000000000000e+00,-1.000000000000000000e+00,-1.000000000000000000e+00,-1.000000000000000000e+00,-1.000000000000000000e+00,-1.000000000000000000e+00,-1.000000000000000000e+00,-1.000000000000000000e+00,-1.000000000000000000e+00,-1.000000000000000000e+00,-1.000000000000000000e+00,-1.000000000000000000e+00,-1.000000000000000000e+00,-1.000000000000000000e+00,-1.000000000000000000e+00,-1.000000000000000000e+00,-1.000000000000000000e+00,-1.000000000000000000e+00,-1.000000000000000000e+00,-1.000000000000000000e+00,-1.000000000000000000e+00,-1.000000000000000000e+00,-1.000000000000000000e+00,-1.000000000000000000e+00,-1.000000000000000000e+00,-1.000000000000000000e+00,-1.000000000000000000e+00,-1.000000000000000000e+00,-1.000000000000000000e+00,-1.000000000000000000e+00,-1.000000000000000000e+00,-1.000000000000000000e+00,-1.000000000000000000e+00,-1.000000000000000000e+00,-1.000000000000000000e+00,-1.000000000000000000e+00,-1.000000000000000000e+00,-1.000000000000000000e+00,-1.000000000000000000e+00
-1.000000000000000000e+00,-1.000000000000000000e+00,-1.000000000000000000e+00,-1.000000000000000000e+00,-1.000000000000000000e+00,-1.000000000000000000e+00,-1.000000000000000000e+00,-1.000000000000000000e+00,-1.000000000000000000e+00,-1.000000000000000000e+00,-1.000000000000000000e+00,-1.000000000000000000e+00,-1.000000000000000000e+00,-1.000000000000000000e+00,-1.000000000000000000e+00,-1.000000000000000000e+00,-1.000000000000000000e+00,-1.000000000000000000e+00,-1.000000000000000000e+00,-1.000000000000000000e+00,-1.000000000000000000e+00,-1.000000000000000000e+00,-1.000000000000000000e+00,-1.000000000000000000e+00,-1.000000000000000000e+00,-1.000000000000000000e+00,-1.000000000000000000e+00,-1.000000000000000000e+00,-1.000000000000000000e+00,-1.000000000000000000e+00,-1.000000000000000000e+00,-1.000000000000000000e+00,-1.000000000000000000e+00,-1.000000000000000000e+00,-1.000000000000000000e+00,-1.000000000000000000e+00,-1.000000000000000000e+00,-1.000000000000000000e+00,-1.000000000000000000e+00,-1.000000000000000000e+00,-1.000000000000000000e+00,-1.000000000000000000e+00,-1.000000000000000000e+00,-1.000000000000000000e+00,-1.000000000000000000e+00,-1.000000000000000000e+00,-1.145514776992478279e+00,-1.141680707567828801e+00,-1.130122746562223668e+00,-1.110716110838488424e+00,-1.083379946004585870e+00,-1.048216867525509244e+00,-1.005606866740638372e+00,-9.561634838974197859e-01,-9.004566546603532950e-01,-8.384074288431344613e-01,-7.681791037055337723e-01,-6.839237592489203488e-01,-5.698629415946887544e-01,-5.177979736191912208e-01,-4.875438539750776012e-01,-4.653047086014214795e-01,-4.425499687604841359e-01,-4.110588084728291625e-01,-3.614828401705625360e-01,-2.833937534228778699e-01,-1.667547509263543892e-01,-5.351317004041789005e-03,1.973048594904875941e-01,4.199548861528574761e-01,6.167659642221905436e-01,7.242733357166220021e-01,7.242733360120092723e-01,6.167659652811237070e-01,4.199548880844754528e-01,1.973048617460031462e-01,-5.351314901983150740e-03,-1.667547491630038126e-01,-2.833937520725848813e-01,-3.614828388442989926e-01,-4.110588076397477808e-01,-4.425499680450898365e-01,-4.653047082752996833e-01,-4.875438538273422218e-01,-5.177979732010133951e-01,-5.698629409117421663e-01,-6.839237579285262214e-01,-7.681791020239205903e-01,-8.384074268445433908e-01,-9.004566522947441420e-01,-9.561634814636942314e-01,-1.005606864278459467e+00,-1.048216864862342224e+00,-1.083379942861746770e+00,-1.110716106829391814e+00,-1.130122742380509138e+00,-1.141680703357442539e+00,-1.145514772749007149e+00,-1.000000000000000000e+00,-1.000000000000000000e+00,-1.000000000000000000e+00,-1.000000000000000000e+00,-1.000000000000000000e+00,-1.000000000000000000e+00,-1.000000000000000000e+00,-1.000000000000000000e+00,-1.000000000000000000e+00,-1.000000000000000000e+00,-1.000000000000000000e+00,-1.000000000000000000e+00,-1.000000000000000000e+00,-1.000000000000000000e+00,-1.000000000000000000e+00,-1.000000000000000000e+00,-1.000000000000000000e+00,-1.000000000000000000e+00,-1.000000000000000000e+00,-1.000000000000000000e+00,-1.000000000000000000e+00,-1.000000000000000000e+00,-1.000000000000000000e+00,-1.000000000000000000e+00,-1.000000000000000000e+00,-1.000000000000000000e+00,-1.000000000000000000e+00,-1.000000000000000000e+00,-1.000000000000000000e+00,-1.000000000000000000e+00,-1.000000000000000000e+00,-1.000000000000000000e+00,-1.000000000000000000e+00,-1.000000000000000000e+00,-1.000000000000000000e+00,-1.000000000000000000e+00,-1.000000000000000000e+00,-1.000000000000000000e+00,-1.000000000000000000e+00,-1.000000000000000000e+00,-1.000000000000000000e+00,-1.000000000000000000e+00,-1.000000000000000000e+00,-1.000000000000000000e+00,-1.000000000000000000e+00,-1.000000000000000000e+00
-1.000000000000000000e+00,-1.000000000000000000e+00,-1.000000000000000000e+00,-1.000000000000000000e+00,-1.000000000000000000e+00,-1.000000000000000000e+00,-1.000000000000000000e+00,-1.000000000000000000e+00,-1.000000000000000000e+00,-1.000000000000000000e+00,-1.000000000000000000e+00,-1.000000000000000000e+00,-1.000000000000000000e+00,-1.000000000000000000e+00,-1.000000000000000000e+00,-1.000000000000000000e+00,-1.000000000000000000e+00,-1.000000000000000000e+00,-1.000000000000000000e+00,-1.000000000000000000e+00,-1.000000000000000000e+00,-1.000000000000000000e+00,-1.000000000000000000e+00,-1.000000000000000000e+00,-1.000000000000000000e+00,-1.000000000000000000e+00,-1.000000000000000000e+00,-1.000000000000000000e+00,-1.000000000000000000e+00,-1.000000000000000000e+00,-1.000000000000000000e+00,-1.000000000000000000e+00,-1.000000000000000000e+00,-1.000000000000000000e+00,-1.000000000000000000e+00,-1.000000000000000000e+00,-1.000000000000000000e+00,-1.000000000000000000e+00,-1.000000000000000000e+00,-1.000000000000000000e+00,-1.000000000000000000e+00,-1.000000000000000000e+00,-1.000000000000000000e+00,-1.000000000000000000e+00,-1.000000000000000000e+00,-1.000000000000000000e+00,-1.147349664834022454e+00,-1.143642153179126097e+00,-1.132467588503058620e+00,-1.113711428392546221e+00,-1.087307925205670101e+00,-1.053381107784558068e+00,-1.012351136480238667e+00,-9.649298346289046924e-01,-9.119461667380055481e-01,-8.540092041466602613e-01,-7.911756043342899059e-01,-7.232540599438743723e-01,-6.532929128035775967e-01,-6.058029365401318422e-01,-5.743019931292940861e-01,-5.506726377764432634e-01,-5.271669084878037870e-01,-4.954849724436083402e-01,-4.460824240795008278e-01,-3.683294666733624156e-01,-2.520047594193749463e-01,-9.075606496660659772e-02,1.119604847529227509e-01,3.348426514405409282e-01,5.319350794843162866e-01,6.396273129844547434e-01,6.396273131186436256e-01,5.319350798152633342e-01,3.348426518903258042e-01,1.119604850003370622e-01,-9.075606493206911374e-02,-2.520047591212125626e-01,-3.683294661059949293e-01,-4.460824230075286501e-01,-4.954849713990978621e-01,-5.271669073553353346e-01,-5.506726368293568541e-01,-5.743019925735124431e-01,-6.058029358063554692e-01,-6.532929120901409537e-01,-7.232540589969893574e-01,-7.911756034413817140e-01,-8.540092033262514093e-01,-9.119461656711683739e-01,-9.649298332462294958e-01,-1.012351134734962743e+00,-1.053381105522504857e+00,-1.087307922337542143e+00,-1.113711424930015070e+00,-1.132467585054645953e+00,-1.143642149407826603e+00,-1.147349660995394593e+00,-1.000000000000000000e+00,-1.000000000000000000e+00,-1.000000000000000000e+00,-1.000000000000000000e+00,-1.000000000000000000e+00,-1.000000000000000000e+00,-1.000000000000000000e+00,-1.000000000000000000e+00,-1.000000000000000000e+00,-1.000000000000000000e+00,-1.000000000000000000e+00,-1.000000000000000000e+00,-1.000000000000000000e+00,-1.000000000000000000e+00,-1.000000000000000000e+00,-1.000000000000000000e+00,-1.000000000000000000e+00,-1.000000000000000000e+00,-1.000000000000000000e+00,-1.000000000000000000e+00,-1.000000000000000000e+00,-1.000000000000000000e+00,-1.000000000000000000e+00,-1.000000000000000000e+00,-1.000000000000000000e+00,-1.000000000000000000e+00,-1.000000000000000000e+00,-1.000000000000000000e+00,-1.000000000000000000e+00,-1.000000000000000000e+00,-1.000000000000000000e+00,-1.000000000000000000e+00,-1.000000000000000000e+00,-1.000000000000000000e+00,-1.000000000000000000e+00,-1.000000000000000000e+00,-1.000000000000000000e+00,-1.000000000000000000e+00,-1.000000000000000000e+00,-1.000000000000000000e+00,-1.000000000000000000e+00,-1.000000000000000000e+00,-1.000000000000000000e+00,-1.000000000000000000e+00,-1.000000000000000000e+00,-1.000000000000000000e+00
-1.000000000000000000e+00,-1.000000000000000000e+00,-1.000000000000000000e+00,-1.000000000000000000e+00,-1.000000000000000000e+00,-1.000000000000000000e+00,-1.000000000000000000e+00,-1.000000000000000000e+00,-1.000000000000000000e+00,-1.000000000000000000e+00,-1.000000000000000000e+00,-1.000000000000000000e+00,-1.000000000000000000e+00,-1.000000000000000000e+00,-1.000000000000000000e+00,-1.000000000000000000e+00,-1.000000000000000000e+00,-1.000000000000000000e+00,-1.000000000000000000e+00,-1.000000000000000000e+00,-1.000000000000000000e+00,-1.000000000000000000e+00,-1.000000000000000000e+00,-1.000000000000000000e+00,-1.000000000000000000e+00,-1.000000000000000000e+00,-1.000000000000000000e+00,-1.000000000000000000e+00,-1.000000000000000000e+00,-1.000000000000000000e+00,-1.000000000000000000e+00,-1.000000000000000000e+00,-1.000000000000000000e+00,-1.000000000000000000e+00,-1.000000000000000000e+00,-1.000000000000000000e+00,-1.000000000000000000e+00,-1.000000000000000000e+00,-1.000000000000000000e+00,-1.000000000000000000e+00,-1.000000000000000000e+00,-1.000000000000000000e+00,-1.000000000000000000e+00,-1.000000000000000000e+00,-1.000000000000000000e+00,-1.000000000000000000e+00,-1.150853843073510241e+00,-1.147385764235565375e+00,-1.136936071161854356e+00,-1.119407859902118663e+00,-1.094759632890810463e+00,-1.063145211910152321e+00,-1.025033086777311864e+00,-9.812458553869264355e-01,-9.328850803811460368e-01,-8.811812561629764895e-01,-8.274491930950302887e-01,-7.735434720015471610e-01,-7.233710925447318640e-01,-6.846755416762267954e-01,-6.564407635654534445e-01,-6.340136421851330084e-01,-6.110453770046577748e-01,-5.796915202704113756e-01,-5.304911567453374222e-01,-4.527611739778942823e-01,-3.362013367897502825e-01,-1.744247694272960114e-01,2.906033513004580016e-02,2.528058584245265195e-01,4.506491570706028238e-01,5.587754171953345228e-01,5.587754173290857551e-01,4.506491569682022913e-01,2.528058576886080822e-01,2.906033382223949246e-02,-1.744247708660681129e-01,-3.362013376352059879e-01,-4.527611741907335841e-01,-5.304911561683205434e-01,-5.796915193634788466e-01,-6.110453758140299563e-01,-6.340136408644958532e-01,-6.564407625695523052e-01,-6.846755404898685615e-01,-7.233710914373763234e-01,-7.735434707399888588e-01,-8.274491916612116693e-01,-8.811812545504403849e-01,-9.328850786163149778e-01,-9.812458535615683486e-01,-1.025033084877275069e+00,-1.063145209791962476e+00,-1.094759630258759220e+00,-1.119407856748387387e+00,-1.136936067795733196e+00,-1.147385760285317913e+00,-1.150853839175387971e+00,-1.000000000000000000e+00,-1.000000000000000000e+00,-1.000000000000000000e+00,-1.000000000000000000e+00,-1.000000000000000000e+00,-1.000000000000000000e+00,-1.000000000000000000e+00,-1.000000000000000000e+00,-1.000000000000000000e+00,-1.000000000000000000e+00,-1.000000000000000000e+00,-1.000000000000000000e+00,-1.000000000000000000e+00,-1.000000000000000000e+00,-1.000000000000000000e+00,-1.000000000000000000e+00,-1.000000000000000000e+00,-1.000000000000000000e+00,-1.000000000000000000e+00,-1.000000000000000000e+00,-1.000000000000000000e+00,-1.000000000000000000e+00,-1.000000000000000000e+00,-1.000000000000000000e+00,-1.000000000000000000e+00,-1.000000000000000000e+00,-1.000000000000000000e+00,-1.000000000000000000e+00,-1.000000000000000000e+00,-1.000000000000000000e+00,-1.000000000000000000e+00,-1.000000000000000000e+00,-1.000000000000000000e+00,-1.000000000000000000e+00,-1.000000000000000000e+00,-1.000000000000000000e+00,-1.000000000000000000e+00,-1.000000000000000000e+00,-1.000000000000000000e+00,-1.000000000000000000e+00,-1.000000000000000000e+00,-1.000000000000000000e+00,-1.000000000000000000e+00,-1.000000000000000000e+00,-1.000000000000000000e+00,-1.000000000000000000e+00
-1.000000000000000000e+00,-1.000000000000000000e+00,-1.000000000000000000e+00,-1.000000000000000000e+00,-1.000000000000000000e+00,-1.000000000000000000e+00,-1.000000000000000000e+00,-1.000000000000000000e+00,-1.000000000000000000e+00,-1.000000000000000000e+00,-1.000000000000000000e+00,-1.000000000000000000e+00,-1.000000000000000000e+00,-1.000000000000000000e+00,-1.000000000000000000e+00,-1.000000000000000000e+00,-1.000000000000000000e+00,-1.000000000000000000e+00,-1.000000000000000000e+00,-1.000000000000000000e+00,-1.000000000000000000e+00,-1.000000000000000000e+00,-1.000000000000000000e+00,-1.000000000000000000e+00,-1.000000000000000000e+00,-1.000000000000000000e+00,-1.000000000000000000e+00,-1.000000000000000000e+00,-1.000000000000000000e+00,-1.000000000000000000e+00,-1.000000000000000000e+00,-1.000000000000000000e+00,-1.000000000000000000e+00,-1.000000000000000000e+00,-1.000000000000000000e+00,-1.000000000000000000e+00,-1.000000000000000000e+00,-1.000000000000000000e+00,-1.000000000000000000e+00,-1.000000000000000000e+00,-1.000000000000000000e+00,-1.000000000000000000e+00,-1.000000000000000000e+00,-1.000000000000000000e+00,-1.000000000000000000e+00,-1.000000000000000000e+00,-1.155723456973006602e+00,-1.152583160732192136e+00,-1.143124955487812455e+00,-1.127273002958967041e+00,-1.105011695157379847e+00,-1.076518731471486801e+00,-1.042288840597591859e+00,-1.003200698053984485e+00,-9.604995345292904885e-01,-9.157199650336854679e-01,-8.706464135327658393e-01,-8.274422244714891850e-01,-7.888957261606059923e-01,-7.579155346858035269e-01,-7.340030577918905674e-01,-7.138541910429099246e-01,-6.920351640019501982e-01,-6.611537931216637798e-01,-6.119217922215914873e-01,-5.337011220414046297e-01,-4.162145716494651815e-01,-2.531460204636478695e-01,-4.815662476239734868e-02,1.770743616374419460e-01,3.761146864770392728e-01,4.849066661854999349e-01,4.849066660988343713e-01,3.761146858797492776e-01,1.770743602570719055e-01,-4.815662647713703226e-02,-2.531460221586691040e-01,-4.162145727311150623e-01,-5.337011224420822320e-01,-6.119217917699840692e-01,-6.611537920825523162e-01,-6.920351625090310765e-01,-7.138541891975037634e-01,-7.340030561362229644e-01,-7.579155328875981645e-01,-7.888957246028995840e-01,-8.274422230935218892e-01,-8.706464120764634274e-01,-9.157199635900332702e-01,-9.604995331476128273e-01,-1.003200696621941113e+00,-1.042288839095033559e+00,-1.076518729859934576e+00,-1.105011692970700343e+00,-1.127273000195242458e+00,-1.143124952542275086e+00,-1.152583157384376111e+00,-1.155723453641953169e+00,-1.000000000000000000e+00,-1.000000000000000000e+00,-1.000000000000000000e+00,-1.000000000000000000e+00,-1.000000000000000000e+00,-1.000000000000000000e+00,-1.000000000000000000e+00,-1.000000000000000000e+00,-1.000000000000000000e+00,-1.000000000000000000e+00,-1.000000000000000000e+00,-1.000000000000000000e+00,-1.000000000000000000e+00,-1.000000000000000000e+00,-1.000000000000000000e+00,-1.000000000000000000e+00,-1.000000000000000000e+00,-1.000000000000000000e+00,-1.000000000000000000e+00,-1.000000000000000000e+00,-1.000000000000000000e+00,-1.000000000000000000e+00,-1.000000000000000000e+00,-1.000000000000000000e+00,-1.000000000000000000e+00,-1.000000000000000000e+00,-1.000000000000000000e+00,-1.000000000000000000e+00,-1.000000000000000000e+00,-1.000000000000000000e+00,-1.000000000000000000e+00,-1.000000000000000000e+00,-1.000000000000000000e+00,-1.000000000000000000e+00,-1.000000000000000000e+00,-1.000000000000000000e+00,-1.000000000000000000e+00,-1.000000000000000000e+00,-1.000000000000000000e+00,-1.000000000000000000e+00,-1.000000000000000000e+00,-1.000000000000000000e+00,-1.000000000000000000e+00,-1.000000000000000000e+00,-1.000000000000000000e+00,-1.000000000000000000e+00
-1.000000000000000000e+00,-1.000000000000000000e+00,-1.000000000000000000e+00,-1.000000000000000000e+00,-1.000000000000000000e+00,-1.000000000000000000e+00,-1.000000000000000000e+00,-1.000000000000000000e+00,-1.000000000000000000e+00,-1.000000000000000000e+00,-1.000000000000000000e+00,-1.000000000000000000e+00,-1.000000000000000000e+00,-1.000000000000000000e+00,-1.000000000000000000e+00,-1.000000000000000000e+00,-1.000000000000000000e+00,-1.000000000000000000e+00,-1.000000000000000000e+00,-1.000000000000000000e+00,-1.000000000000000000e+00,-1.000000000000000000e+00,-1.000000000000000000e+00,-1.000000000000000000e+00,-1.000000000000000000e+00,-1.000000000000000000e+00,-1.000000000000000000e+00,-1.000000000000000000e+00,-1.000000000000000000e+00,-1.000000000000000000e+00,-1.000000000000000000e+00,-1.000000000000000000e+00,-1.000000000000000000e+00,-1.000000000000000000e+00,-1.000000000000000000e+00,-1.000000000000000000e+00,-1.000000000000000000e+00,-1.000000000000000000e+00,-1.000000000000000000e+00,-1.000000000000000000e+00,-1.000000000000000000e+00,-1.000000000000000000e+00,-1.000000000000000000e+00,-1.000000000000000000e+00,-1.000000000000000000e+00,-1.000000000000000000e+00,-1.161563934150485755e+00,-1.158809036434758966e+00,-1.150515538485979761e+00,-1.136628706324197768e+00,-1.117155193675983371e+00,-1.092283173246643146e+00,-1.062499990596754484e+00,-1.028668032867721571e+00,-9.920315295872761396e-01,-9.541572163801087525e-01,-9.168447975741438327e-01,-8.820343084875974515e-01,-8.516180611249528631e-01,-8.268280072054194907e-01,-8.069616839975954914e-01,-7.891641659279178267e-01,-7.684765687615995322e-01,-7.378212997852127142e-01,-6.880828502277616110e-01,-6.087270262337352023e-01,-4.895826871616365539e-01,-3.244915888540514937e-01,-1.173435987492402743e-01,1.098961308205501641e-01,3.104935795384820008e-01,4.201334997324286391e-01,4.201334992343335184e-01,3.104935781979314413e-01,1.098961290923075040e-01,-1.173436004444708969e-01,-3.244915903941025803e-01,-4.895826882887404086e-01,-6.087270269498812336e-01,-6.880828503522603556e-01,-7.378212993247108553e-01,-7.684765677574254550e-01,-7.891641644236598863e-01,-8.069616824391170340e-01,-8.268280053579473154e-01,-8.516180593340129112e-01,-8.820343068303292400e-01,-9.168447958601861902e-01,-9.541572147630965617e-01,-9.920315280439404582e-01,-1.028668031205642652e+00,-1.062499988957899877e+00,-1.092283171845656931e+00,-1.117155191990158558e+00,-1.136628704162494286e+00,-1.150515536243253534e+00,-1.158809034062012300e+00,-1.161563931524708826e+00,-1.000000000000000000e+00,-1.000000000000000000e+00,-1.000000000000000000e+00,-1.000000000000000000e+00,-1.000000000000000000e+00,-1.000000000000000000e+00,-1.000000000000000000e+00,-1.000000000000000000e+00,-1.000000000000000000e+00,-1.000000000000000000e+00,-1.000000000000000000e+00,-1.000000000000000000e+00,-1.000000000000000000e+00,-1.000000000000000000e+00,-1.000000000000000000e+00,-1.000000000000000000e+00,-1.000000000000000000e+00,-1.000000000000000000e+00,-1.000000000000000000e+00,-1.000000000000000000e+00,-1.000000000000000000e+00,-1.000000000000000000e+00,-1.000000000000000000e+00,-1.000000000000000000e+00,-1.000000000000000000e+00,-1.000000000000000000e+00,-1.000000000000000000e+00,-1.000000000000000000e+00,-1.000000000000000000e+00,-1.000000000000000000e+00,-1.000000000000000000e+00,-1.000000000000000000e+00,-1.000000000000000000e+00,-1.000000000000000000e+00,-1.000000000000000000e+00,-1.000000000000000000e+00,-1.000000000000000000e+00,-1.000000000000000000e+00,-1.000000000000000000e+00,-1.000000000000000000e+00,-1.000000000000000000e+00,-1.000000000000000000e+00,-1.000000000000000000e+00,-1.000000000000000000e+00,-1.000000000000000000e+00,-1.000000000000000000e+00
-1.000000000000000000e+00,-1.000000000000000000e+00,-1.000000000000000000e+00,-1.000000000000000000e+00,-1.000000000000000000e+00,-1.000000000000000000e+00,-1.000000000000000000e+00,-1.000000000000000000e+00,-1.000000000000000000e+00,-1.000000000000000000e+00,-1.000000000000000000e+00,-1.000000000000000000e+00,-1.000000000000000000e+00,-1.000000000000000000e+00,-1.000000000000000000e+00,-1.000000000000000000e+00,-1.000000000000000000e+00,-1.000000000000000000e+00,-1.000000000000000000e+00,-1.000000000000000000e+00,-1.000000000000000000e+00,-1.000000000000000000e+00,-1.000000000000000000e+00,-1.000000000000000000e+00,-1.000000000000000000e+00,-1.000000000000000000e+00,-1.000000000000000000e+00,-1.000000000000000000e+00,-1.000000000000000000e+00,-1.000000000000000000e+00,-1.000000000000000000e+00,-1.000000000000000000e+00,-1.000000000000000000e+00,-1.000000000000000000e+00,-1.000000000000000000e+00,-1.000000000000000000e+00,-1.000000000000000000e+00,-1.000000000000000000e+00,-1.000000000000000000e+00,-1.000000000000000000e+00,-1.000000000000000000e+00,-1.000000000000000000e+00,-1.000000000000000000e+00,-1.000000000000000000e+00,-1.000000000000000000e+00,-1.000000000000000000e+00,-1.167946304360590215e+00,-1.165602501236561617e+00,-1.158550310454395715e+00,-1.146754015471717958e+00,-1.130236763802851652e+00,-1.109183498343050633e+00,-1.084044814229956799e+00,-1.055608986415543349e+00,-1.025015154435645837e+00,-9.936970434931001739e-01,-9.632632016339330860e-01,-9.353139377896956264e-01,-9.111496043627993480e-01,-8.912803738097626605e-01,-8.747760304605594062e-01,-8.589099444946461936e-01,-8.389552501465080692e-01,-8.080405449703316201e-01,-7.572102568003544754e-01,-6.760738629935869604e-01,-5.546270948365900066e-01,-3.869286762731980467e-01,-1.771400044115269967e-01,5.246681143815878912e-02,2.548534022391788501e-01,3.654538594874245927e-01,3.654538587202655897e-01,2.548534005980105377e-01,5.246680964762640009e-02,-1.771400058898251473e-01,-3.869286774998046408e-01,-5.546270957422356762e-01,-6.760738636860819106e-01,-7.572102572126803155e-01,-8.080405449558583086e-01,-8.389552496177232754e-01,-8.589099434685701917e-01,-8.747760292295324591e-01,-8.912803722283315633e-01,-9.111496027310284074e-01,-9.353139361658883155e-01,-9.632631998755771807e-01,-9.936970417350992069e-01,-1.025015152563433896e+00,-1.055608984603237932e+00,-1.084044812438774041e+00,-1.109183496813119341e+00,-1.130236762113904669e+00,-1.146754013290432805e+00,-1.158550308071442103e+00,-1.165602499043616236e+00,-1.167946301825220079e+00,-1.000000000000000000e+00,-1.000000000000000000e+00,-1.000000000000000000e+00,-1.000000000000000000e+00,-1.000000000000000000e+00,-1.000000000000000000e+00,-1.000000000000000000e+00,-1.000000000000000000e+00,-1.000000000000000000e+00,-1.000000000000000000e+00,-1.000000000000000000e+00,-1.000000000000000000e+00,-1.000000000000000000e+00,-1.000000000000000000e+00,-1.000000000000000000e+00,-1.000000000000000000e+00,-1.000000000000000000e+00,-1.000000000000000000e+00,-1.000000000000000000e+00,-1.000000000000000000e+00,-1.000000000000000000e+00,-1.000000000000000000e+00,-1.000000000000000000e+00,-1.000000000000000000e+00,-1.000000000000000000e+00,-1.000000000000000000e+00,-1.000000000000000000e+00,-1.000000000000000000e+00,-1.000000000000000000e+00,-1.000000000000000000e+00,-1.000000000000000000e+00,-1.000000000000000000e+00,-1.000000000000000000e+00,-1.000000000000000000e+00,-1.000000000000000000e+00,-1.000000000000000000e+00,-1.000000000000000000e+00,-1.000000000000000000e+00,-1.000000000000000000e+00,-1.000000000000000000e+00,-1.000000000000000000e+00,-1.000000000000000000e+00,-1.000000000000000000e+00,-1.000000000000000000e+00,-1.000000000000000000e+00,-1.000000000000000000e+00
-1.000000000000000000e+00,-1.000000000000000000e+00,-1.000000000000000000e+00,-1.000000000000000000e+00,-1.000000000000000000e+00,-1.000000000000000000e+00,-1.000000000000000000e+00,-1.000000000000000000e+00,-1.000000000000000000e+00,-1.000000000000000000e+00,-1.000000000000000000e+00,-1.000000000000000000e+00,-1.000000000000000000e+00,-1.000000000000000000e+00,-1.000000000000000000e+00,-1.000000000000000000e+00,-1.000000000000000000e+00,-1.000000000000000000e+00,-1.000000000000000000e+00,-1.000000000000000000e+00,-1.000000000000000000e+00,-1.000000000000000000e+00,-1.000000000000000000e+00,-1.000000000000000000e+00,-1.000000000000000000e+00,-1.000000000000000000e+00,-1.000000000000000000e+00,-1.000000000000000000e+00,-1.000000000000000000e+00,-1.000000000000000000e+00,-1.000000000000000000e+00,-1.000000000000000000e+00,-1.000000000000000000e+00,-1.000000000000000000e+00,-1.000000000000000000e+00,-1.000000000000000000e+00,-1.000000000000000000e+00,-1.000000000000000000e+00,-1.000000000000000000e+00,-1.000000000000000000e+00,-1.000000000000000000e+00,-1.000000000000000000e+00,-1.000000000000000000e+00,-1.000000000000000000e+00,-1.000000000000000000e+00,-1.000000000000000000e+00,-1.174460546465944555e+00,-1.172524703427611392e+00,-1.166703414285905849e+00,-1.156976872234942944e+00,-1.143378958032386983e+00,-1.126081262442137909e+00,-1.105479251207297287e+00,-1.082253795990261391e+00,-1.057383205108266111e+00,-1.032089658720067193e+00,-1.007714142217830844e+00,-9.855155402736993642e-01,-9.663792724659889810e-01,-9.504217221000812454e-01,-9.365367238550648121e-01,-9.220209662903638970e-01,-9.022704184634107172e-01,-8.705646407544729293e-01,-8.181053605027812647e-01,-7.346747132687586612e-01,-6.104733730347889908e-01,-4.398066139574390299e-01,-2.271187359111009885e-01,5.018959644323972569e-03,2.092841284573585536e-01,3.208826228361851829e-01,3.208826222026193165e-01,2.092841270993848202e-01,5.018958162184672389e-03,-2.271187370848942733e-01,-4.398066147174358731e-01,-6.104733735880619738e-01,-7.346747137225324575e-01,-8.181053609119289804e-01,-8.705646409672039843e-01,-9.022704183335421568e-01,-9.220209657915313661e-01,-9.365367230606791438e-01,-9.504217208593620514e-01,-9.663792710664246277e-01,-9.855155387861269656e-01,-1.007714140625135091e+00,-1.032089657127560178e+00,-1.057383203338602140e+00,-1.082253794376259348e+00,-1.105479249570102462e+00,-1.126081260853805333e+00,-1.143378956456864382e+00,-1.156976870430856064e+00,-1.166703412263061956e+00,-1.172524701829690263e+00,-1.174460544463795664e+00,-1.000000000000000000e+00,-1.000000000000000000e+00,-1.000000000000000000e+00,-1.000000000000000000e+00,-1.000000000000000000e+00,-1.000000000000000000e+00,-1.000000000000000000e+00,-1.000000000000000000e+00,-1.000000000000000000e+00,-1.000000000000000000e+00,-1.000000000000000000e+00,-1.000000000000000000e+00,-1.000000000000000000e+00,-1.000000000000000000e+00,-1.000000000000000000e+00,-1.000000000000000000e+00,-1.000000000000000000e+00,-1.000000000000000000e+00,-1.000000000000000000e+00,-1.000000000000000000e+00,-1.000000000000000000e+00,-1.000000000000000000e+00,-1.000000000000000000e+00,-1.000000000000000000e+00,-1.000000000000000000e+00,-1.000000000000000000e+00,-1.000000000000000000e+00,-1.000000000000000000e+00,-1.000000000000000000e+00,-1.000000000000000000e+00,-1.000000000000000000e+00,-1.000000000000000000e+00,-1.000000000000000000e+00,-1.000000000000000000e+00,-1.000000000000000000e+00,-1.000000000000000000e+00,-1.000000000000000000e+00,-1.000000000000000000e+00,-1.000000000000000000e+00,-1.000000000000000000e+00,-1.000000000000000000e+00,-1.000000000000000000e+00,-1.000000000000000000e+00,-1.000000000000000000e+00,-1.000000000000000000e+00,-1.000000000000000000e+00
-1.000000000000000000e+00,-1.000000000000000000e+00,-1.000000000000000000e+00,-1.000000000000000000e+00,-1.000000000000000000e+00,-1.000000000000000000e+00,-1.000000000000000000e+00,-1.000000000000000000e+00,-1.000000000000000000e+00,-1.000000000000000000e+00,-1.000000000000000000e+00,-1.000000000000000000e+00,-1.000000000000000000e+00,-1.000000000000000000e+00,-1.000000000000000000e+00,-1.000000000000000000e+00,-1.000000000000000000e+00,-1.000000000000000000e+00,-1.000000000000000000e+00,-1.000000000000000000e+00,-1.000000000000000000e+00,-1.000000000000000000e+00,-1.000000000000000000e+00,-1.000000000000000000e+00,-1.000000000000000000e+00,-1.000000000000000000e+00,-1.000000000000000000e+00,-1.000000000000000000e+00,-1.000000000000000000e+00,-1.000000000000000000e+00,-1.000000000000000000e+00,-1.000000000000000000e+00,-1.000000000000000000e+00,-1.000000000000000000e+00,-1.000000000000000000e+00,-1.000000000000000000e+00,-1.000000000000000000e+00,-1.000000000000000000e+00,-1.000000000000000000e+00,-1.000000000000000000e+00,-1.000000000000000000e+00,-1.000000000000000000e+00,-1.000000000000000000e+00,-1.000000000000000000e+00,-1.000000000000000000e+00,-1.000000000000000000e+00,-1.180756971144833800e+00,-1.179203109984370279e+00,-1.174533529593807746e+00,-1.166740891959109128e+00,-1.155864945931863064e+00,-1.142058131035659008e+00,-1.125653349969796047e+00,-1.107212641097331973e+00,-1.087535399053912055e+00,-1.067609394671561462e+00,-1.048494762139334791e+00,-1.031135888810236434e+00,-1.016097863505603716e+00,-1.003231293578708883e+00,-9.912929980676390418e-01,-9.775722776467510311e-01,-9.575455651224400455e-01,-9.246220977986329137e-01,-8.701643991227303587e-01,-7.841442730616922097e-01,-6.569832963133598325e-01,-4.832370264162061391e-01,-2.676195307238616872e-01,-3.297369983257569803e-02,1.731283964107463991e-01,2.856950653873751023e-01,2.856950650826715066e-01,1.731283956626741283e-01,-3.297370085314388355e-02,-2.676195315963819654e-01,-4.832370270019030745e-01,-6.569832967273636637e-01,-7.841442733533403597e-01,-8.701643994250055636e-01,-9.246220980303893056e-01,-9.575455652307993670e-01,-9.775722776209982978e-01,-9.912929978114251028e-01,-1.003231292891534787e+00,-1.016097862599647961e+00,-1.031135887663001460e+00,-1.048494760851003127e+00,-1.067609393377158433e+00,-1.087535397458361919e+00,-1.107212639523382336e+00,-1.125653348303083945e+00,-1.142058129398576538e+00,-1.155864944166276498e+00,-1.166740890045317558e+00,-1.174533527362470853e+00,-1.179203108426136071e+00,-1.180756969307146687e+00,-1.000000000000000000e+00,-1.000000000000000000e+00,-1.000000000000000000e+00,-1.000000000000000000e+00,-1.000000000000000000e+00,-1.000000000000000000e+00,-1.000000000000000000e+00,-1.000000000000000000e+00,-1.000000000000000000e+00,-1.000000000000000000e+00,-1.000000000000000000e+00,-1.000000000000000000e+00,-1.000000000000000000e+00,-1.000000000000000000e+00,-1.000000000000000000e+00,-1.000000000000000000e+00,-1.000000000000000000e+00,-1.000000000000000000e+00,-1.000000000000000000e+00,-1.000000000000000000e+00,-1.000000000000000000e+00,-1.000000000000000000e+00,-1.000000000000000000e+00,-1.000000000000000000e+00,-1.000000000000000000e+00,-1.000000000000000000e+00,-1.000000000000000000e+00,-1.000000000000000000e+00,-1.000000000000000000e+00,-1.000000000000000000e+00,-1.000000000000000000e+00,-1.000000000000000000e+00,-1.000000000000000000e+00,-1.000000000000000000e+00,-1.000000000000000000e+00,-1.000000000000000000e+00,-1.000000000000000000e+00,-1.000000000000000000e+00,-1.000000000000000000e+00,-1.000000000000000000e+00,-1.000000000000000000e+00,-1.000000000000000000e+00,-1.000000000000000000e+00,-1.000000000000000000e+00,-1.000000000000000000e+00,-1.000000000000000000e+00
-1.000000000000000000e+00,-1.000000000000000000e+00,-1.000000000000000000e+00,-1.000000000000000000e+00,-1.000000000000000000e+00,-1.000000000000000000e+00,-1.000000000000000000e+00,-1.000000000000000000e+00,-1.000000000000000000e+00,-1.000000000000000000e+00,-1.000000000000000000e+00,-1.000000000000000000e+00,-1.000000000000000000e+00,-1.000000000000000000e+00,-1.000000000000000000e+00,-1.000000000000000000e+00,-1.000000000000000000e+00,-1.000000000000000000e+00,-1.000000000000000000e+00,-1.000000000000000000e+00,-1.000000000000000000e+00,-1.000000000000000000e+00,-1.000000000000000000e+00,-1.000000000000000000e+00,-1.000000000000000000e+00,-1.000000000000000000e+00,-1.000000000000000000e+00,-1.000000000000000000e+00,-1.000000000000000000e+00,-1.000000000000000000e+00,-1.000000000000000000e+00,-1.000000000000000000e+00,-1.000000000000000000e+00,-1.000000000000000000e+00,-1.000000000000000000e+00,-1.000000000000000000e+00,-1.000000000000000000e+00,-1.000000000000000000e+00,-1.000000000000000000e+00,-1.000000000000000000e+00,-1.000000000000000000e+00,-1.000000000000000000e+00,-1.000000000000000000e+00,-1.000000000000000000e+00,-1.000000000000000000e+00,-1.000000000000000000e+00,-1.186570967000483812e+00,-1.185357596641988032e+00,-1.181713915072566623e+00,-1.175641657888550018e+00,-1.167182598978106389e+00,-1.156467690360346134e+00,-1.143767833661015976e+00,-1.129529863960019309e+00,-1.114380334375353776e+00,-1.099081898280465097e+00,-1.084431618080547777e+00,-1.071095230975065427e+00,-1.059375430420811171e+00,-1.048917802613610117e+00,-1.038367709594692156e+00,-1.025000890713825941e+00,-1.004359006809902199e+00,-9.699723991167810144e-01,-9.133646685306221480e-01,-8.246998911681805433e-01,-6.946168866441380096e-01,-5.179056841564695368e-01,-2.995211942889169920e-01,-6.253987537791905194e-02,1.452561269116634524e-01,2.587102543547068478e-01,2.587102543591226489e-01,1.452561268327441368e-01,-6.253987573050934223e-02,-2.995211948149921755e-01,-5.179056846825336180e-01,-6.946168871004214651e-01,-8.246998913127102648e-01,-9.133646686706284878e-01,-9.699723992132496253e-01,-1.004359006878974503e+00,-1.025000890819645516e+00,-1.038367709590660937e+00,-1.048917802286206458e+00,-1.059375429954609649e+00,-1.071095230200807435e+00,-1.084431617068093434e+00,-1.099081897300669075e+00,-1.114380333117687361e+00,-1.129529862523013461e+00,-1.143767832172905230e+00,-1.156467688972522057e+00,-1.167182597220197904e+00,-1.175641655935304453e+00,-1.181713912643489239e+00,-1.185357594782598500e+00,-1.186570965014613011e+00,-1.000000000000000000e+00,-1.000000000000000000e+00,-1.000000000000000000e+00,-1.000000000000000000e+00,-1.000000000000000000e+00,-1.000000000000000000e+00,-1.000000000000000000e+00,-1.000000000000000000e+00,-1.000000000000000000e+00,-1.000000000000000000e+00,-1.000000000000000000e+00,-1.000000000000000000e+00,-1.000000000000000000e+00,-1.000000000000000000e+00,-1.000000000000000000e+00,-1.000000000000000000e+00,-1.000000000000000000e+00,-1.000000000000000000e+00,-1.000000000000000000e+00,-1.000000000000000000e+00,-1.000000000000000000e+00,-1.000000000000000000e+00,-1.000000000000000000e+00,-1.000000000000000000e+00,-1.000000000000000000e+00,-1.000000000000000000e+00,-1.000000000000000000e+00,-1.000000000000000000e+00,-1.000000000000000000e+00,-1.000000000000000000e+00,-1.000000000000000000e+00,-1.000000000000000000e+00,-1.000000000000000000e+00,-1.000000000000000000e+00,-1.000000000000000000e+00,-1.000000000000000000e+00,-1.000000000000000000e+00,-1.000000000000000000e+00,-1.000000000000000000e+00,-1.000000000000000000e+00,-1.000000000000000000e+00,-1.000000000000000000e+00,-1.000000000000000000e+00,-1.000000000000000000e+00,-1.000000000000000000e+00,-1.000000000000000000e+00
-1.000000000000000000e+00,-1.000000000000000000e+00,-1.000000000000000000e+00,-1.000000000000000000e+00,-1.000000000000000000e+00,-1.000000000000000000e+00,-1.000000000000000000e+00,-1.000000000000000000e+00,-1.000000000000000000e+00,-1.000000000000000000e+00,-1.000000000000000000e+00,-1.000000000000000000e+00,-1.000000000000000000e+00,-1.000000000000000000e+00,-1.000000000000000000e+00,-1.000000000000000000e+00,-1.000000000000000000e+00,-1.000000000000000000e+00,-1.000000000000000000e+00,-1.000000000000000000e+00,-1.000000000000000000e+00,-1.000000000000000000e+00,-1.000000000000000000e+00,-1.000000000000000000e+00,-1.000000000000000000e+00,-1.000000000000000000e+00,-1.000000000000000000e+00,-1.000000000000000000e+00,-1.000000000000000000e+00,-1.000000000000000000e+00,-1.000000000000000000e+00,-1.000000000000000000e+00,-1.000000000000000000e+00,-1.000000000000000000e+00,-1.000000000000000000e+00,-1.000000000000000000e+00,-1.000000000000000000e+00,-1.000000000000000000e+00,-1.000000000000000000e+00,-1.000000000000000000e+00,-1.000000000000000000e+00,-1.000000000000000000e+00,-1.000000000000000000e+00,-1.000000000000000000e+00,-1.000000000000000000e+00,-1.000000000000000000e+00,-1.191730822321548589e+00,-1.190808227845585154e+00,-1.188040015260034998e+00,-1.183433877072551876e+00,-1.177030675669510140e+00,-1.168939807377892270e+00,-1.159375468734185066e+00,-1.148681440692323363e+00,-1.137330672882222782e+00,-1.125886696361263040e+00,-1.114916457601883071e+00,-1.104847390286032516e+00,-1.095764618916652777e+00,-1.087147480391407850e+00,-1.077549425748730361e+00,-1.064234014661771699e+00,-1.042800930906816026e+00,-1.006893313183435668e+00,-9.481876569490601536e-01,-8.570289502218483291e-01,-7.242545298279703392e-01,-5.448606351476292797e-01,-3.240063644209267846e-01,-8.496093106277557983e-02,1.243222741701079936e-01,2.385522072044943265e-01,2.385522073896737538e-01,1.243222745316876487e-01,-8.496093083487155084e-02,-3.240063645690905991e-01,-5.448606355559291181e-01,-7.242545302788870876e-01,-8.570289503538126574e-01,-9.481876570020785211e-01,-1.006893313098734977e+00,-1.042800930774790302e+00,-1.064234014625716318e+00,-1.077549425731608723e+00,-1.087147480206758887e+00,-1.095764618771569943e+00,-1.104847389968968363e+00,-1.114916456996658756e+00,-1.125886695760969003e+00,-1.137330672151561251e+00,-1.148681439568485230e+00,-1.159375467397163018e+00,-1.168939806098030054e+00,-1.177030673860328669e+00,-1.183433875157167137e+00,-1.188040012817116242e+00,-1.190808225557622224e+00,-1.191730819831207100e+00,-1.000000000000000000e+00,-1.000000000000000000e+00,-1.000000000000000000e+00,-1.000000000000000000e+00,-1.000000000000000000e+00,-1.000000000000000000e+00,-1.000000000000000000e+00,-1.000000000000000000e+00,-1.000000000000000000e+00,-1.000000000000000000e+00,-1.000000000000000000e+00,-1.000000000000000000e+00,-1.000000000000000000e+00,-1.000000000000000000e+00,-1.000000000000000000e+00,-1.000000000000000000e+00,-1.000000000000000000e+00,-1.000000000000000000e+00,-1.000000000000000000e+00,-1.000000000000000000e+00,-1.000000000000000000e+00,-1.000000000000000000e+00,-1.000000000000000000e+00,-1.000000000000000000e+00,-1.000000000000000000e+00,-1.000000000000000000e+00,-1.000000000000000000e+00,-1.000000000000000000e+00,-1.000000000000000000e+00,-1.000000000000000000e+00,-1.000000000000000000e+00,-1.000000000000000000e+00,-1.000000000000000000e+00,-1.000000000000000000e+00,-1.000000000000000000e+00,-1.000000000000000000e+00,-1.000000000000000000e+00,-1.000000000000000000e+00,-1.000000000000000000e+00,-1.000000000000000000e+00,-1.000000000000000000e+00,-1.000000000000000000e+00,-1.000000000000000000e+00,-1.000000000000000000e+00,-1.000000000000000000e+00,-1.000000000000000000e+00
-1.000000000000000000e+00,-1.000000000000000000e+00,-1.000000000000000000e+00,-1.000000000000000000e+00,-1.000000000000000000e+00,-1.000000000000000000e+00,-1.000000000000000000e+00,-1.000000000000000000e+00,-1.000000000000000000e+00,-1.000000000000000000e+00,-1.000000000000000000e+00,-1.000000000000000000e+00,-1.000000000000000000e+00,-1.000000000000000000e+00,-1.000000000000000000e+00,-1.000000000000000000e+00,-1.000000000000000000e+00,-1.000000000000000000e+00,-1.000000000000000000e+00,-1.000000000000000000e+00,-1.000000000000000000e+00,-1.000000000000000000e+00,-1.000000000000000000e+00,-1.000000000000000000e+00,-1.000000000000000000e+00,-1.000000000000000000e+00,-1.000000000000000000e+00,-1.000000000000000000e+00,-1.000000000000000000e+00,-1.000000000000000000e+00,-1.000000000000000000e+00,-1.000000000000000000e+00,-1.000000000000000000e+00,-1.000000000000000000e+00,-1.000000000000000000e+00,-1.000000000000000000e+00,-1.000000000000000000e+00,-1.000000000000000000e+00,-1.000000000000000000e+00,-1.000000000000000000e+00,-1.000000000000000000e+00,-1.000000000000000000e+00,-1.000000000000000000e+00,-1.000000000000000000e+00,-1.000000000000000000e+00,-1.000000000000000000e+00,-1.196151638417302987e+00,-1.195468119648020133e+00,-1.193419138050638706e+00,-1.190015675819113827e+00,-1.185295547831816565e+00,-1.179347849685119520e+00,-1.172337592442650900e+00,-1.164521329600374910e+00,-1.156243171786867086e+00,-1.147900398452856408e+00,-1.139868854805671017e+00,-1.132379783954015950e+00,-1.125341118638750082e+00,-1.118097729391243300e+00,-1.109128482130847138e+00,-1.095687885976714737e+00,-1.073427014867028406e+00,-1.036089464205843802e+00,-9.754879280577736234e-01,-8.821264690472901959e-01,-7.470128672085905031e-01,-5.653154231250263617e-01,-3.423592496384902928e-01,-1.015677883006415039e-01,1.089687192560162554e-01,2.238506134016102767e-01,2.238506136392970358e-01,1.089687197718220979e-01,-1.015677877914356042e-01,-3.423592495041233308e-01,-5.653154233174237930e-01,-7.470128676317675520e-01,-8.821264693058342710e-01,-9.754879281969319749e-01,-1.036089464065359289e+00,-1.073427014604568352e+00,-1.095687885781375659e+00,-1.109128481990329318e+00,-1.118097729168012977e+00,-1.125341118551254738e+00,-1.132379783918649574e+00,-1.139868854588759417e+00,-1.147900398163660185e+00,-1.156243171549957038e+00,-1.164521328984199577e+00,-1.172337591415081981e+00,-1.179347848603741422e+00,-1.185295546055285865e+00,-1.190015673923690009e+00,-1.193419135693478905e+00,-1.195468117122680862e+00,-1.196151635632937804e+00,-1.000000000000000000e+00,-1.000000000000000000e+00,-1.000000000000000000e+00,-1.000000000000000000e+00,-1.000000000000000000e+00,-1.000000000000000000e+00,-1.000000000000000000e+00,-1.000000000000000000e+00,-1.000000000000000000e+00,-1.000000000000000000e+00,-1.000000000000000000e+00,-1.000000000000000000e+00,-1.000000000000000000e+00,-1.000000000000000000e+00,-1.000000000000000000e+00,-1.000000000000000000e+00,-1.000000000000000000e+00,-1.000000000000000000e+00,-1.000000000000000000e+00,-1.000000000000000000e+00,-1.000000000000000000e+00,-1.000000000000000000e+00,-1.000000000000000000e+00,-1.000000000000000000e+00,-1.000000000000000000e+00,-1.000000000000000000e+00,-1.000000000000000000e+00,-1.000000000000000000e+00,-1.000000000000000000e+00,-1.000000000000000000e+00,-1.000000000000000000e+00,-1.000000000000000000e+00,-1.000000000000000000e+00,-1.000000000000000000e+00,-1.000000000000000000e+00,-1.000000000000000000e+00,-1.000000000000000000e+00,-1.000000000000000000e+00,-1.000000000000000000e+00,-1.000000000000000000e+00,-1.000000000000000000e+00,-1.000000000000000000e+00,-1.000000000000000000e+00,-1.000000000000000000e+00,-1.000000000000000000e+00,-1.000000000000000000e+00
-1.000000000000000000e+00,-1.000000000000000000e+00,-1.000000000000000000e+00,-1.000000000000000000e+00,-1.000000000000000000e+00,-1.000000000000000000e+00,-1.000000000000000000e+00,-1.000000000000000000e+00,-1.000000000000000000e+00,-1.000000000000000000e+00,-1.000000000000000000e+00,-1.000000000000000000e+00,-1.000000000000000000e+00,-1.000000000000000000e+00,-1.000000000000000000e+00,-1.000000000000000000e+00,-1.000000000000000000e+00,-1.000000000000000000e+00,-1.000000000000000000e+00,-1.000000000000000000e+00,-1.000000000000000000e+00,-1.000000000000000000e+00,-1.000000000000000000e+00,-1.000000000000000000e+00,-1.000000000000000000e+00,-1.000000000000000000e+00,-1.000000000000000000e+00,-1.000000000000000000e+00,-1.000000000000000000e+00,-1.000000000000000000e+00,-1.000000000000000000e+00,-1.000000000000000000e+00,-1.000000000000000000e+00,-1.000000000000000000e+00,-1.000000000000000000e+00,-1.000000000000000000e+00,-1.000000000000000000e+00,-1.000000000000000000e+00,-1.000000000000000000e+00,-1.000000000000000000e+00,-1.000000000000000000e+00,-1.000000000000000000e+00,-1.000000000000000000e+00,-1.000000000000000000e+00,-1.000000000000000000e+00,-1.000000000000000000e+00,-1.199820120618682928e+00,-1.199326629269877875e+00,-1.197848807129574977e+00,-1.195398823679207023e+00,-1.192010049813013506e+00,-1.187753256110093858e+00,-1.182752396131103945e+00,-1.177193196607055903e+00,-1.171316388037689560e+00,-1.165386617402661917e+00,-1.159627851532960996e+00,-1.154115983783607025e+00,-1.148619130213992312e+00,-1.142376243356342469e+00,-1.133807532202336432e+00,-1.120161379606329888e+00,-1.097132390466773577e+00,-1.058548682350449299e+00,-9.963369778130607424e-01,-9.011329808836330280e-01,-7.640830685890011020e-01,-5.804927673138589039e-01,-3.558176133591748336e-01,-1.136017539605586046e-01,9.795620242598856997e-02,2.133687262942602914e-01,2.133687264778525439e-01,9.795620286785022834e-02,-1.136017534139465157e-01,-3.558176130592035635e-01,-5.804927672457990129e-01,-7.640830688759066014e-01,-9.011329811741187745e-01,-9.963369779756895417e-01,-1.058548682171948307e+00,-1.097132390107148803e+00,-1.120161379171493499e+00,-1.133807531791520162e+00,-1.142376242926486984e+00,-1.148619129914566273e+00,-1.154115983689456115e+00,-1.159627851504803075e+00,-1.165386617293330707e+00,-1.171316388093369243e+00,-1.177193196525874619e+00,-1.182752395647054700e+00,-1.187753255540518360e+00,-1.192010048373261411e+00,-1.195398821761644692e+00,-1.197848804862025940e+00,-1.199326626654320327e+00,-1.199820117961720722e+00,-1.000000000000000000e+00,-1.000000000000000000e+00,-1.000000000000000000e+00,-1.000000000000000000e+00,-1.000000000000000000e+00,-1.000000000000000000e+00,-1.000000000000000000e+00,-1.000000000000000000e+00,-1.000000000000000000e+00,-1.000000000000000000e+00,-1.000000000000000000e+00,-1.000000000000000000e+00,-1.000000000000000000e+00,-1.000000000000000000e+00,-1.000000000000000000e+00,-1.000000000000000000e+00,-1.000000000000000000e+00,-1.000000000000000000e+00,-1.000000000000000000e+00,-1.000000000000000000e+00,-1.000000000000000000e+00,-1.000000000000000000e+00,-1.000000000000000000e+00,-1.000000000000000000e+00,-1.000000000000000000e+00,-1.000000000000000000e+00,-1.000000000000000000e+00,-1.000000000000000000e+00,-1.000000000000000000e+00,-1.000000000000000000e+00,-1.000000000000000000e+00,-1.000000000000000000e+00,-1.000000000000000000e+00,-1.000000000000000000e+00,-1.000000000000000000e+00,-1.000000000000000000e+00,-1.000000000000000000e+00,-1.000000000000000000e+00,-1.000000000000000000e+00,-1.000000000000000000e+00,-1.000000000000000000e+00,-1.000000000000000000e+00,-1.000000000000000000e+00,-1.000000000000000000e+00,-1.000000000000000000e+00,-1.000000000000000000e+00
-1.000000000000000000e+00,-1.000000000000000000e+00,-1.000000000000000000e+00,-1.000000000000000000e+00,-1.000000000000000000e+00,-1.000000000000000000e+00,-1.000000000000000000e+00,-1.000000000000000000e+00,-1.000000000000000000e+00,-1.000000000000000000e+00,-1.000000000000000000e+00,-1.000000000000000000e+00,-1.000000000000000000e+00,-1.000000000000000000e+00,-1.000000000000000000e+00,-1.000000000000000000e+00,-1.000000000000000000e+00,-1.000000000000000000e+00,-1.000000000000000000e+00,-1.000000000000000000e+00,-1.000000000000000000e+00,-1.000000000000000000e+00,-1.000000000000000000e+00,-1.000000000000000000e+00,-1.000000000000000000e+00,-1.000000000000000000e+00,-1.000000000000000000e+00,-1.000000000000000000e+00,-1.000000000000000000e+00,-1.000000000000000000e+00,-1.000000000000000000e+00,-1.000000000000000000e+00,-1.000000000000000000e+00,-1.000000000000000000e+00,-1.000000000000000000e+00,-1.000000000000000000e+00,-1.000000000000000000e+00,-1.000000000000000000e+00,-1.000000000000000000e+00,-1.000000000000000000e+00,-1.000000000000000000e+00,-1.000000000000000000e+00,-1.000000000000000000e+00,-1.000000000000000000e+00,-1.000000000000000000e+00,-1.000000000000000000e+00,-1.202775251884662167e+00,-1.202428304016803784e+00,-1.201390501580261505e+00,-1.199673703727805352e+00,-1.197306118804181363e+00,-1.194342526434348795e+00,-1.190873634519211022e+00,-1.187029550871137262e+00,-1.182971010996165528e+00,-1.178860813065944813e+00,-1.174806794249596553e+00,-1.170766374935307441e+00,-1.166401203659743535e+00,-1.160869622063319895e+00,-1.152547328862666642e+00,-1.138678749747056074e+00,-1.114993385992353980e+00,-1.075386546815170208e+00,-1.011875123034061907e+00,-9.151980095027810735e-01,-7.766089830690456886e-01,-5.915187832038075744e-01,-3.654825824508350918e-01,-1.221376828448107466e-01,9.023145322970771431e-02,2.060653984344351652e-01,2.060653985273011024e-01,9.023145348246952580e-02,-1.221376824189457366e-01,-3.654825821053226953e-01,-5.915187829752164284e-01,-7.766089831736768812e-01,-9.151980097533097824e-01,-1.011875123247546471e+00,-1.075386546733021698e+00,-1.114993385645238977e+00,-1.138678749158938519e+00,-1.152547328163785023e+00,-1.160869621382886852e+00,-1.166401203059490133e+00,-1.170766374519314867e+00,-1.174806794130835774e+00,-1.178860813006067598e+00,-1.182971011130351302e+00,-1.187029551102010805e+00,-1.190873634484100219e+00,-1.194342526417047301e+00,-1.197306117931996594e+00,-1.199673702031054612e+00,-1.201390499479582763e+00,-1.202428301375863651e+00,-1.202775249326487383e+00,-1.000000000000000000e+00,-1.000000000000000000e+00,-1.000000000000000000e+00,-1.000000000000000000e+00,-1.000000000000000000e+00,-1.000000000000000000e+00,-1.000000000000000000e+00,-1.000000000000000000e+00,-1.000000000000000000e+00,-1.000000000000000000e+00,-1.000000000000000000e+00,-1.000000000000000000e+00,-1.000000000000000000e+00,-1.000000000000000000e+00,-1.000000000000000000e+00,-1.000000000000000000e+00,-1.000000000000000000e+00,-1.000000000000000000e+00,-1.000000000000000000e+00,-1.000000000000000000e+00,-1.000000000000000000e+00,-1.000000000000000000e+00,-1.000000000000000000e+00,-1.000000000000000000e+00,-1.000000000000000000e+00,-1.000000000000000000e+00,-1.000000000000000000e+00,-1.000000000000000000e+00,-1.000000000000000000e+00,-1.000000000000000000e+00,-1.000000000000000000e+00,-1.000000000000000000e+00,-1.000000000000000000e+00,-1.000000000000000000e+00,-1.000000000000000000e+00,-1.000000000000000000e+00,-1.000000000000000000e+00,-1.000000000000000000e+00,-1.000000000000000000e+00,-1.000000000000000000e+00,-1.000000000000000000e+00,-1.000000000000000000e+00,-1.000000000000000000e+00,-1.000000000000000000e+00,-1.000000000000000000e+00,-1.000000000000000000e+00
-1.000000000000000000e+00,-1.000000000000000000e+00,-1.000000000000000000e+00,-1.000000000000000000e+00,-1.000000000000000000e+00,-1.000000000000000000e+00,-1.000000000000000000e+00,-1.000000000000000000e+00,-1.000000000000000000e+00,-1.000000000000000000e+00,-1.000000000000000000e+00,-1.000000000000000000e+00,-1.000000000000000000e+00,-1.000000000000000000e+00,-1.000000000000000000e+00,-1.000000000000000000e+00,-1.000000000000000000e+00,-1.000000000000000000e+00,-1.000000000000000000e+00,-1.000000000000000000e+00,-1.000000000000000000e+00,-1.000000000000000000e+00,-1.000000000000000000e+00,-1.000000000000000000e+00,-1.000000000000000000e+00,-1.000000000000000000e+00,-1.000000000000000000e+00,-1.000000000000000000e+00,-1.000000000000000000e+00,-1.000000000000000000e+00,-1.000000000000000000e+00,-1.000000000000000000e+00,-1.000000000000000000e+00,-1.000000000000000000e+00,-1.000000000000000000e+00,-1.000000000000000000e+00,-1.000000000000000000e+00,-1.000000000000000000e+00,-1.000000000000000000e+00,-1.000000000000000000e+00,-1.000000000000000000e+00,-1.000000000000000000e+00,-1.000000000000000000e+00,-1.000000000000000000e+00,-1.000000000000000000e+00,-1.000000000000000000e+00,-1.205088975941353224e+00,-1.204852033799602928e+00,-1.204144178263690357e+00,-1.202976028654603402e+00,-1.201370488039074980e+00,-1.199368803827236318e+00,-1.197035456993483571e+00,-1.194458095338018833e+00,-1.191737434672869078e+00,-1.188960595821119570e+00,-1.186149608525914667e+00,-1.183174629357870655e+00,-1.179619004260833215e+00,-1.174581820190504500e+00,-1.166406134827465690e+00,-1.152333812421715731e+00,-1.128120815134046717e+00,-1.087713094601673314e+00,-1.023195226577325423e+00,-9.253831285005730267e-01,-7.856102665973725419e-01,-5.993652988280719907e-01,-3.722778511522547573e-01,-1.280566707577369678e-01,8.494515133176849808e-02,2.011082737997358372e-01,2.011082738408724868e-01,8.494515140415659360e-02,-1.280566705664508698e-01,-3.722778509074144981e-01,-5.993652985805373312e-01,-7.856102665223084758e-01,-9.253831286163312075e-01,-1.023195226822199988e+00,-1.087713094649853662e+00,-1.128120814934671312e+00,-1.152333811873498703e+00,-1.166406134012168749e+00,-1.174581819310821063e+00,-1.179619003421910950e+00,-1.183174628575163201e+00,-1.186149608073229444e+00,-1.188960595635218498e+00,-1.191737434770116844e+00,-1.194458095752444438e+00,-1.197035457349568732e+00,-1.199368804402768829e+00,-1.201370487954105171e+00,-1.202976027589950148e+00,-1.204144176638713537e+00,-1.204852031123319733e+00,-1.205088973395885166e+00,-1.000000000000000000e+00,-1.000000000000000000e+00,-1.000000000000000000e+00,-1.000000000000000000e+00,-1.000000000000000000e+00,-1.000000000000000000e+00,-1.000000000000000000e+00,-1.000000000000000000e+00,-1.000000000000000000e+00,-1.000000000000000000e+00,-1.000000000000000000e+00,-1.000000000000000000e+00,-1.000000000000000000e+00,-1.000000000000000000e+00,-1.000000000000000000e+00,-1.000000000000000000e+00,-1.000000000000000000e+00,-1.000000000000000000e+00,-1.000000000000000000e+00,-1.000000000000000000e+00,-1.000000000000000000e+00,-1.000000000000000000e+00,-1.000000000000000000e+00,-1.000000000000000000e+00,-1.000000000000000000e+00,-1.000000000000000000e+00,-1.000000000000000000e+00,-1.000000000000000000e+00,-1.000000000000000000e+00,-1.000000000000000000e+00,-1.000000000000000000e+00,-1.000000000000000000e+00,-1.000000000000000000e+00,-1.000000000000000000e+00,-1.000000000000000000e+00,-1.000000000000000000e+00,-1.000000000000000000e+00,-1.000000000000000000e+00,-1.000000000000000000e+00,-1.000000000000000000e+00,-1.000000000000000000e+00,-1.000000000000000000e+00,-1.000000000000000000e+00,-1.000000000000000000e+00,-1.000000000000000000e+00,-1.000000000000000000e+00
-1.000000000000000000e+00,-1.000000000000000000e+00,-1.000000000000000000e+00,-1.000000000000000000e+00,-1.000000000000000000e+00,-1.000000000000000000e+00,-1.000000000000000000e+00,-1.000000000000000000e+00,-1.000000000000000000e+00,-1.000000000000000000e+00,-1.000000000000000000e+00,-1.000000000000000000e+00,-1.000000000000000000e+00,-1.000000000000000000e+00,-1.000000000000000000e+00,-1.000000000000000000e+00,-1.000000000000000000e+00,-1.000000000000000000e+00,-1.000000000000000000e+00,-1.000000000000000000e+00,-1.000000000000000000e+00,-1.000000000000000000e+00,-1.000000000000000000e+00,-1.000000000000000000e+00,-1.000000000000000000e+00,-1.000000000000000000e+00,-1.000000000000000000e+00,-1.000000000000000000e+00,-1.000000000000000000e+00,-1.000000000000000000e+00,-1.000000000000000000e+00,-1.000000000000000000e+00,-1.000000000000000000e+00,-1.000000000000000000e+00,-1.000000000000000000e+00,-1.000000000000000000e+00,-1.000000000000000000e+00,-1.000000000000000000e+00,-1.000000000000000000e+00,-1.000000000000000000e+00,-1.000000000000000000e+00,-1.000000000000000000e+00,-1.000000000000000000e+00,-1.000000000000000000e+00,-1.000000000000000000e+00,-1.000000000000000000e+00,-1.206849605446516760e+00,-1.206693291534759016e+00,-1.206226985434836418e+00,-1.205459607330159111e+00,-1.204409047372131614e+00,-1.203105433517489109e+00,-1.201593038351716158e+00,-1.199927882791139266e+00,-1.198166835281083697e+00,-1.196342371200441956e+00,-1.194414998578295029e+00,-1.192192568830098054e+00,-1.189202638354560637e+00,-1.184502100696636973e+00,-1.176410772749561406e+00,-1.162168746070769476e+00,-1.137550982268177080e+00,-1.096539735031092144e+00,-1.031267990206516494e+00,-9.326066000529731337e-01,-7.919458345863441551e-01,-6.048303099564010799e-01,-3.769443941802016473e-01,-1.320517111621540840e-01,8.143891319815388385e-02,1.978570916595743245e-01,1.978570916901822851e-01,8.143891317865148416e-02,-1.320517111744848870e-01,-3.769443941052655900e-01,-6.048303098309227854e-01,-7.919458344540920569e-01,-9.326066000527502009e-01,-1.031267990403446744e+00,-1.096539735144475447e+00,-1.137550982223231255e+00,-1.162168745692305549e+00,-1.176410771911676978e+00,-1.184502099652891216e+00,-1.189202637324695333e+00,-1.192192567775288481e+00,-1.194414997706484405e+00,-1.196342370669047250e+00,-1.198166835129951480e+00,-1.199927883166761022e+00,-1.201593038916253242e+00,-1.203105434560825637e+00,-1.204409048063138421e+00,-1.205459607083749551e+00,-1.206226984588532281e+00,-1.206693289191028473e+00,-1.206849603169340313e+00,-1.000000000000000000e+00,-1.000000000000000000e+00,-1.000000000000000000e+00,-1.000000000000000000e+00,-1.000000000000000000e+00,-1.000000000000000000e+00,-1.000000000000000000e+00,-1.000000000000000000e+00,-1.000000000000000000e+00,-1.000000000000000000e+00,-1.000000000000000000e+00,-1.000000000000000000e+00,-1.000000000000000000e+00,-1.000000000000000000e+00,-1.000000000000000000e+00,-1.000000000000000000e+00,-1.000000000000000000e+00,-1.000000000000000000e+00,-1.000000000000000000e+00,-1.000000000000000000e+00,-1.000000000000000000e+00,-1.000000000000000000e+00,-1.000000000000000000e+00,-1.000000000000000000e+00,-1.000000000000000000e+00,-1.000000000000000000e+00,-1.000000000000000000e+00,-1.000000000000000000e+00,-1.000000000000000000e+00,-1.000000000000000000e+00,-1.000000000000000000e+00,-1.000000000000000000e+00,-1.000000000000000000e+00,-1.000000000000000000e+00,-1.000000000000000000e+00,-1.000000000000000000e+00,-1.000000000000000000e+00,-1.000000000000000000e+00,-1.000000000000000000e+00,-1.000000000000000000e+00,-1.000000000000000000e+00,-1.000000000000000000e+00,-1.000000000000000000e+00,-1.000000000000000000e+00,-1.000000000000000000e+00,-1.000000000000000000e+00
-1.000000000000000000e+00,-1.000000000000000000e+00,-1.000000000000000000e+00,-1.000000000000000000e+00,-1.000000000000000000e+00,-1.000000000000000000e+00,-1.000000000000000000e+00,-1.000000000000000000e+00,-1.000000000000000000e+00,-1.000000000000000000e+00,-1.000000000000000000e+00,-1.000000000000000000e+00,-1.000000000000000000e+00,-1.000000000000000000e+00,-1.000000000000000000e+00,-1.000000000000000000e+00,-1.000000000000000000e+00,-1.000000000000000000e+00,-1.000000000000000000e+00,-1.000000000000000000e+00,-1.000000000000000000e+00,-1.000000000000000000e+00,-1.000000000000000000e+00,-1.000000000000000000e+00,-1.000000000000000000e+00,-1.000000000000000000e+00,-1.000000000000000000e+00,-1.000000000000000000e+00,-1.000000000000000000e+00,-1.000000000000000000e+00,-1.000000000000000000e+00,-1.000000000000000000e+00,-1.000000000000000000e+00,-1.000000000000000000e+00,-1.000000000000000000e+00,-1.000000000000000000e+00,-1.000000000000000000e+00,-1.000000000000000000e+00,-1.000000000000000000e+00,-1.000000000000000000e+00,-1.000000000000000000e+00,-1.000000000000000000e+00,-1.000000000000000000e+00,-1.000000000000000000e+00,-1.000000000000000000e+00,-1.000000000000000000e+00,-1.208149232468464174e+00,-1.208050783497246483e+00,-1.207757618891472484e+00,-1.207276845919235564e+00,-1.206621912638154992e+00,-1.205814065598875162e+00,-1.204882341894256470e+00,-1.203859711105386587e+00,-1.202771742128251775e+00,-1.201612416484944879e+00,-1.200299270821201691e+00,-1.198596863959141556e+00,-1.195994089781982961e+00,-1.191518606827709048e+00,-1.183474061608837724e+00,-1.169099154737543556e+00,-1.144181747157275275e+00,-1.102728863674997450e+00,-1.036906519479253053e+00,-9.376230451884026706e-01,-7.963076625649812001e-01,-6.085440832656735521e-01,-3.800565285214406730e-01,-1.346511611928082885e-01,7.921697608844358030e-02,1.958329841638608571e-01,1.958329841699644192e-01,7.921697604073063559e-02,-1.346511612598856322e-01,-3.800565285201076282e-01,-6.085440832526287647e-01,-7.963076624527610781e-01,-9.376230451270343158e-01,-1.036906519577199370e+00,-1.102728863795616521e+00,-1.144181747264146232e+00,-1.169099154587277756e+00,-1.183474060944986306e+00,-1.191518605745296666e+00,-1.195994088622429397e+00,-1.198596862746638791e+00,-1.200299269641153188e+00,-1.201612415580612270e+00,-1.202771741597512545e+00,-1.203859711213028705e+00,-1.204882342414077989e+00,-1.205814066863937883e+00,-1.206621913935244095e+00,-1.207276846494897082e+00,-1.207757618964340862e+00,-1.208050781944268071e+00,-1.208149230895857240e+00,-1.000000000000000000e+00,-1.000000000000000000e+00,-1.000000000000000000e+00,-1.000000000000000000e+00,-1.000000000000000000e+00,-1.000000000000000000e+00,-1.000000000000000000e+00,-1.000000000000000000e+00,-1.000000000000000000e+00,-1.000000000000000000e+00,-1.000000000000000000e+00,-1.000000000000000000e+00,-1.000000000000000000e+00,-1.000000000000000000e+00,-1.000000000000000000e+00,-1.000000000000000000e+00,-1.000000000000000000e+00,-1.000000000000000000e+00,-1.000000000000000000e+00,-1.000000000000000000e+00,-1.000000000000000000e+00,-1.000000000000000000e+00,-1.000000000000000000e+00,-1.000000000000000000e+00,-1.000000000000000000e+00,-1.000000000000000000e+00,-1.000000000000000000e+00,-1.000000000000000000e+00,-1.000000000000000000e+00,-1.000000000000000000e+00,-1.000000000000000000e+00,-1.000000000000000000e+00,-1.000000000000000000e+00,-1.000000000000000000e+00,-1.000000000000000000e+00,-1.000000000000000000e+00,-1.000000000000000000e+00,-1.000000000000000000e+00,-1.000000000000000000e+00,-1.000000000000000000e+00,-1.000000000000000000e+00,-1.000000000000000000e+00,-1.000000000000000000e+00,-1.000000000000000000e+00,-1.000000000000000000e+00,-1.000000000000000000e+00
-1.000000000000000000e+00,-1.000000000000000000e+00,-1.000000000000000000e+00,-1.000000000000000000e+00,-1.000000000000000000e+00,-1.000000000000000000e+00,-1.000000000000000000e+00,-1.000000000000000000e+00,-1.000000000000000000e+00,-1.000000000000000000e+00,-1.000000000000000000e+00,-1.000000000000000000e+00,-1.000000000000000000e+00,-1.000000000000000000e+00,-1.000000000000000000e+00,-1.000000000000000000e+00,-1.000000000000000000e+00,-1.000000000000000000e+00,-1.000000000000000000e+00,-1.000000000000000000e+00,-1.000000000000000000e+00,-1.000000000000000000e+00,-1.000000000000000000e+00,-1.000000000000000000e+00,-1.000000000000000000e+00,-1.000000000000000000e+00,-1.000000000000000000e+00,-1.000000000000000000e+00,-1.000000000000000000e+00,-1.000000000000000000e+00,-1.000000000000000000e+00,-1.000000000000000000e+00,-1.000000000000000000e+00,-1.000000000000000000e+00,-1.000000000000000000e+00,-1.000000000000000000e+00,-1.000000000000000000e+00,-1.000000000000000000e+00,-1.000000000000000000e+00,-1.000000000000000000e+00,-1.000000000000000000e+00,-1.000000000000000000e+00,-1.000000000000000000e+00,-1.000000000000000000e+00,-1.000000000000000000e+00,-1.000000000000000000e+00,-1.209075291875653546e+00,-1.209017612897838712e+00,-1.208846285586568703e+00,-1.208566712481416117e+00,-1.208188604037252700e+00,-1.207726301685534853e+00,-1.207197586411572710e+00,-1.206618947398272690e+00,-1.205994053820931056e+00,-1.205290339374233577e+00,-1.204395987522929090e+00,-1.203046161320893592e+00,-1.200703577434783398e+00,-1.196376079366103795e+00,-1.188356232919965061e+00,-1.173881490392232108e+00,-1.148747929695647318e+00,-1.106978607677211013e+00,-1.040760970679802222e+00,-9.410277343935913308e-01,-7.992337742509600940e-01,-6.109894353409317524e-01,-3.820478681873666904e-01,-1.362487578453176473e-01,7.791360939859925949e-02,1.946846514970550501e-01,1.946846514574884779e-01,7.791360932323132538e-02,-1.362487579307692931e-01,-3.820478682339969456e-01,-6.109894354184592924e-01,-7.992337742167821002e-01,-9.410277343479972467e-01,-1.040760970696906984e+00,-1.106978607765926936e+00,-1.148747929870471918e+00,-1.173881490422563845e+00,-1.188356232542506774e+00,-1.196376078463662118e+00,-1.200703576212512225e+00,-1.203046159990273312e+00,-1.204395986140029740e+00,-1.205290338176898901e+00,-1.205994052934501015e+00,-1.206618947155706500e+00,-1.207197586728093519e+00,-1.207726302930741236e+00,-1.208188605674906047e+00,-1.208566713699937401e+00,-1.208846286454313468e+00,-1.209017612275919751e+00,-1.209075291189430246e+00,-1.000000000000000000e+00,-1.000000000000000000e+00,-1.000000000000000000e+00,-1.000000000000000000e+00,-1.000000000000000000e+00,-1.000000000000000000e+00,-1.000000000000000000e+00,-1.000000000000000000e+00,-1.000000000000000000e+00,-1.000000000000000000e+00,-1.000000000000000000e+00,-1.000000000000000000e+00,-1.000000000000000000e+00,-1.000000000000000000e+00,-1.000000000000000000e+00,-1.000000000000000000e+00,-1.000000000000000000e+00,-1.000000000000000000e+00,-1.000000000000000000e+00,-1.000000000000000000e+00,-1.000000000000000000e+00,-1.000000000000000000e+00,-1.000000000000000000e+00,-1.000000000000000000e+00,-1.000000000000000000e+00,-1.000000000000000000e+00,-1.000000000000000000e+00,-1.000000000000000000e+00,-1.000000000000000000e+00,-1.000000000000000000e+00,-1.000000000000000000e+00,-1.000000000000000000e+00,-1.000000000000000000e+00,-1.000000000000000000e+00,-1.000000000000000000e+00,-1.000000000000000000e+00,-1.000000000000000000e+00,-1.000000000000000000e+00,-1.000000000000000000e+00,-1.000000000000000000e+00,-1.000000000000000000e+00,-1.000000000000000000e+00,-1.000000000000000000e+00,-1.000000000000000000e+00,-1.000000000000000000e+00,-1.000000000000000000e+00
-1.000000000000000000e+00,-1.000000000000000000e+00,-1.000000000000000000e+00,-1.000000000000000000e+00,-1.000000000000000000e+00,-1.000000000000000000e+00,-1.000000000000000000e+00,-1.000000000000000000e+00,-1.000000000000000000e+00,-1.000000000000000000e+00,-1.000000000000000000e+00,-1.000000000000000000e+00,-1.000000000000000000e+00,-1.000000000000000000e+00,-1.000000000000000000e+00,-1.000000000000000000e+00,-1.000000000000000000e+00,-1.000000000000000000e+00,-1.000000000000000000e+00,-1.000000000000000000e+00,-1.000000000000000000e+00,-1.000000000000000000e+00,-1.000000000000000000e+00,-1.000000000000000000e+00,-1.000000000000000000e+00,-1.000000000000000000e+00,-1.000000000000000000e+00,-1.000000000000000000e+00,-1.000000000000000000e+00,-1.000000000000000000e+00,-1.000000000000000000e+00,-1.000000000000000000e+00,-1.000000000000000000e+00,-1.000000000000000000e+00,-1.000000000000000000e+00,-1.000000000000000000e+00,-1.000000000000000000e+00,-1.000000000000000000e+00,-1.000000000000000000e+00,-1.000000000000000000e+00,-1.000000000000000000e+00,-1.000000000000000000e+00,-1.000000000000000000e+00,-1.000000000000000000e+00,-1.000000000000000000e+00,-1.000000000000000000e+00,-1.209705727987033130e+00,-1.209676317377159638e+00,-1.209589361022387788e+00,-1.209448782943966405e+00,-1.209261280949989414e+00,-1.209035961310955587e+00,-1.208782443073748603e+00,-1.208505631876109598e+00,-1.208194134531256569e+00,-1.207797399169048935e+00,-1.207183926827609888e+00,-1.206069295287870213e+00,-1.203898823305027399e+00,-1.199667139020010875e+00,-1.191659259970105911e+00,-1.177111412622303455e+00,-1.151824477445043904e+00,-1.109831230247458222e+00,-1.043332193608021763e+00,-9.432750563972143176e-01,-8.011308100760065054e-01,-6.125275099693840986e-01,-3.832394079696752609e-01,-1.371332113187594404e-01,7.726264696456430769e-02,1.941575026056820974e-01,1.941575025843105262e-01,7.726264696876983251e-02,-1.371332113371180883e-01,-3.832394079731632486e-01,-6.125275100215881174e-01,-8.011308100895453421e-01,-9.432750564077990729e-01,-1.043332193594733948e+00,-1.109831230307215533e+00,-1.151824477612802378e+00,-1.177111412747512853e+00,-1.191659259875425869e+00,-1.199667138458324400e+00,-1.203898822264849233e+00,-1.206069293961683053e+00,-1.207183925339348152e+00,-1.207797397762754077e+00,-1.208194133355434019e+00,-1.208505631274022996e+00,-1.208782443076509949e+00,-1.209035962278558030e+00,-1.209261282571798324e+00,-1.209448784458705184e+00,-1.209589362366534804e+00,-1.209676317585516525e+00,-1.209705728145298975e+00,-1.000000000000000000e+00,-1.000000000000000000e+00,-1.000000000000000000e+00,-1.000000000000000000e+00,-1.000000000000000000e+00,-1.000000000000000000e+00,-1.000000000000000000e+00,-1.000000000000000000e+00,-1.000000000000000000e+00,-1.000000000000000000e+00,-1.000000000000000000e+00,-1.000000000000000000e+00,-1.000000000000000000e+00,-1.000000000000000000e+00,-1.000000000000000000e+00,-1.000000000000000000e+00,-1.000000000000000000e+00,-1.000000000000000000e+00,-1.000000000000000000e+00,-1.000000000000000000e+00,-1.000000000000000000e+00,-1.000000000000000000e+00,-1.000000000000000000e+00,-1.000000000000000000e+00,-1.000000000000000000e+00,-1.000000000000000000e+00,-1.000000000000000000e+00,-1.000000000000000000e+00,-1.000000000000000000e+00,-1.000000000000000000e+00,-1.000000000000000000e+00,-1.000000000000000000e+00,-1.000000000000000000e+00,-1.000000000000000000e+00,-1.000000000000000000e+00,-1.000000000000000000e+00,-1.000000000000000000e+00,-1.000000000000000000e+00,-1.000000000000000000e+00,-1.000000000000000000e+00,-1.000000000000000000e+00,-1.000000000000000000e+00,-1.000000000000000000e+00,-1.000000000000000000e+00,-1.000000000000000000e+00,-1.000000000000000000e+00
-1.000000000000000000e+00,-1.000000000000000000e+00,-1.000000000000000000e+00,-1.000000000000000000e+00,-1.000000000000000000e+00,-1.000000000000000000e+00,-1.000000000000000000e+00,-1.000000000000000000e+00,-1.000000000000000000e+00,-1.000000000000000000e+00,-1.000000000000000000e+00,-1.000000000000000000e+00,-1.000000000000000000e+00,-1.000000000000000000e+00,-1.000000000000000000e+00,-1.000000000000000000e+00,-1.000000000000000000e+00,-1.000000000000000000e+00,-1.000000000000000000e+00,-1.000000000000000000e+00,-1.000000000000000000e+00,-1.000000000000000000e+00,-1.000000000000000000e+00,-1.000000000000000000e+00,-1.000000000000000000e+00,-1.000000000000000000e+00,-1.000000000000000000e+00,-1.000000000000000000e+00,-1.000000000000000000e+00,-1.000000000000000000e+00,-1.000000000000000000e+00,-1.000000000000000000e+00,-1.000000000000000000e+00,-1.000000000000000000e+00,-1.000000000000000000e+00,-1.000000000000000000e+00,-1.000000000000000000e+00,-1.000000000000000000e+00,-1.000000000000000000e+00,-1.000000000000000000e+00,-1.000000000000000000e+00,-1.000000000000000000e+00,-1.000000000000000000e+00,-1.000000000000000000e+00,-1.000000000000000000e+00,-1.000000000000000000e+00,-1.210106908221317834e+00,-1.210096827095411554e+00,-1.210067490876101770e+00,-1.210021613557866305e+00,-1.209963550865929882e+00,-1.209898530605657774e+00,-1.209830353952957127e+00,-1.209755905658111752e+00,-1.209653581851844129e+00,-1.209460823506626426e+00,-1.209033129658845684e+00,-1.208073221179629009e+00,-1.206015010370074192e+00,-1.201844394674500327e+00,-1.193841224227896847e+00,-1.179240474659198457e+00,-1.153845443155655293e+00,-1.111694240796189170e+00,-1.044994670145813931e+00,-9.447028613751740078e-01,-8.022992932389085841e-01,-6.134235069035347543e-01,-3.838653503735225403e-01,-1.375139088301717827e-01,7.707197397704201869e-02,1.940682733057752518e-01,1.940682733168326290e-01,7.707197404617494030e-02,-1.375139088012674593e-01,-3.838653503080011742e-01,-6.134235068520939027e-01,-8.022992932331459714e-01,-9.447028614198846874e-01,-1.044994670133067238e+00,-1.111694240845886084e+00,-1.153845443295621553e+00,-1.179240474805638650e+00,-1.193841224293715086e+00,-1.201844394434486096e+00,-1.206015009688951700e+00,-1.208073220076371301e+00,-1.209033128211325137e+00,-1.209460822029081006e+00,-1.209653580538710083e+00,-1.209755904796653736e+00,-1.209830353663540636e+00,-1.209898531164862900e+00,-1.209963552188221270e+00,-1.210021615000978157e+00,-1.210067492298954273e+00,-1.210096827877967129e+00,-1.210106909031320344e+00,-1.000000000000000000e+00,-1.000000000000000000e+00,-1.000000000000000000e+00,-1.000000000000000000e+00,-1.000000000000000000e+00,-1.000000000000000000e+00,-1.000000000000000000e+00,-1.000000000000000000e+00,-1.000000000000000000e+00,-1.000000000000000000e+00,-1.000000000000000000e+00,-1.000000000000000000e+00,-1.000000000000000000e+00,-1.000000000000000000e+00,-1.000000000000000000e+00,-1.000000000000000000e+00,-1.000000000000000000e+00,-1.000000000000000000e+00,-1.000000000000000000e+00,-1.000000000000000000e+00,-1.000000000000000000e+00,-1.000000000000000000e+00,-1.000000000000000000e+00,-1.000000000000000000e+00,-1.000000000000000000e+00,-1.000000000000000000e+00,-1.000000000000000000e+00,-1.000000000000000000e+00,-1.000000000000000000e+00,-1.000000000000000000e+00,-1.000000000000000000e+00,-1.000000000000000000e+00,-1.000000000000000000e+00,-1.000000000000000000e+00,-1.000000000000000000e+00,-1.000000000000000000e+00,-1.000000000000000000e+00,-1.000000000000000000e+00,-1.000000000000000000e+00,-1.000000000000000000e+00,-1.000000000000000000e+00,-1.000000000000000000e+00,-1.000000000000000000e+00,-1.000000000000000000e+00,-1.000000000000000000e+00,-1.000000000000000000e+00
-1.000000000000000000e+00,-1.000000000000000000e+00,-1.000000000000000000e+00,-1.000000000000000000e+00,-1.000000000000000000e+00,-1.000000000000000000e+00,-1.000000000000000000e+00,-1.000000000000000000e+00,-1.000000000000000000e+00,-1.000000000000000000e+00,-1.000000000000000000e+00,-1.000000000000000000e+00,-1.000000000000000000e+00,-1.000000000000000000e+00,-1.000000000000000000e+00,-1.000000000000000000e+00,-1.000000000000000000e+00,-1.000000000000000000e+00,-1.000000000000000000e+00,-1.000000000000000000e+00,-1.000000000000000000e+00,-1.000000000000000000e+00,-1.000000000000000000e+00,-1.000000000000000000e+00,-1.000000000000000000e+00,-1.000000000000000000e+00,-1.000000000000000000e+00,-1.000000000000000000e+00,-1.000000000000000000e+00,-1.000000000000000000e+00,-1.000000000000000000e+00,-1.000000000000000000e+00,-1.000000000000000000e+00,-1.000000000000000000e+00,-1.000000000000000000e+00,-1.000000000000000000e+00,-1.000000000000000000e+00,-1.000000000000000000e+00,-1.000000000000000000e+00,-1.000000000000000000e+00,-1.000000000000000000e+00,-1.000000000000000000e+00,-1.000000000000000000e+00,-1.000000000000000000e+00,-1.000000000000000000e+00,-1.000000000000000000e+00,-1.210333399290667966e+00,-1.210336376733750052e+00,-1.210345920803858055e+00,-1.210363798271332669e+00,-1.210392599119571422e+00,-1.210434737165687835e+00,-1.210489930265920666e+00,-1.210549580947378523e+00,-1.210585246590385466e+00,-1.210526445948684415e+00,-1.210220187350804499e+00,-1.209360841557170829e+00,-1.207374904510996716e+00,-1.203242516453560063e+00,-1.195239928795971185e+00,-1.180600832634143504e+00,-1.155129334270045494e+00,-1.112865935683550411e+00,-1.046021823546399609e+00,-9.455571685130760295e-01,-8.029574499451570535e-01,-6.138694455600707256e-01,-3.840947821366385018e-01,-1.375416171557007905e-01,7.720355594624028761e-02,1.942854473358919254e-01,1.942854473688928607e-01,7.720355605866080495e-02,-1.375416170481309486e-01,-3.840947819676286956e-01,-6.138694453786619487e-01,-8.029574498370238844e-01,-9.455571685114015912e-01,-1.046021823532053530e+00,-1.112865935745722679e+00,-1.155129334409171982e+00,-1.180600832804156175e+00,-1.195239928950251107e+00,-1.203242516461304312e+00,-1.207374904232520141e+00,-1.209360840842365947e+00,-1.210220186147792143e+00,-1.210526444541994762e+00,-1.210585245262308263e+00,-1.210549579929628639e+00,-1.210489929764233974e+00,-1.210434737330059685e+00,-1.210392600025986809e+00,-1.210363799386930284e+00,-1.210345921948872805e+00,-1.210336377730228063e+00,-1.210333400420455341e+00,-1.000000000000000000e+00,-1.000000000000000000e+00,-1.000000000000000000e+00,-1.000000000000000000e+00,-1.000000000000000000e+00,-1.000000000000000000e+00,-1.000000000000000000e+00,-1.000000000000000000e+00,-1.000000000000000000e+00,-1.000000000000000000e+00,-1.000000000000000000e+00,-1.000000000000000000e+00,-1.000000000000000000e+00,-1.000000000000000000e+00,-1.000000000000000000e+00,-1.000000000000000000e+00,-1.000000000000000000e+00,-1.000000000000000000e+00,-1.000000000000000000e+00,-1.000000000000000000e+00,-1.000000000000000000e+00,-1.000000000000000000e+00,-1.000000000000000000e+00,-1.000000000000000000e+00,-1.000000000000000000e+00,-1.000000000000000000e+00,-1.000000000000000000e+00,-1.000000000000000000e+00,-1.000000000000000000e+00,-1.000000000000000000e+00,-1.000000000000000000e+00,-1.000000000000000000e+00,-1.000000000000000000e+00,-1.000000000000000000e+00,-1.000000000000000000e+00,-1.000000000000000000e+00,-1.000000000000000000e+00,-1.000000000000000000e+00,-1.000000000000000000e+00,-1.000000000000000000e+00,-1.000000000000000000e+00,-1.000000000000000000e+00,-1.000000000000000000e+00,-1.000000000000000000e+00,-1.000000000000000000e+00,-1.000000000000000000e+00
-1.000000000000000000e+00,-1.000000000000000000e+00,-1.000000000000000000e+00,-1.000000000000000000e+00,-1.000000000000000000e+00,-1.000000000000000000e+00,-1.000000000000000000e+00,-1.000000000000000000e+00,-1.000000000000000000e+00,-1.000000000000000000e+00,-1.000000000000000000e+00,-1.000000000000000000e+00,-1.000000000000000000e+00,-1.000000000000000000e+00,-1.000000000000000000e+00,-1.000000000000000000e+00,-1.000000000000000000e+00,-1.000000000000000000e+00,-1.000000000000000000e+00,-1.000000000000000000e+00,-1.000000000000000000e+00,-1.000000000000000000e+00,-1.000000000000000000e+00,-1.000000000000000000e+00,-1.000000000000000000e+00,-1.000000000000000000e+00,-1.000000000000000000e+00,-1.000000000000000000e+00,-1.000000000000000000e+00,-1.000000000000000000e+00,-1.000000000000000000e+00,-1.000000000000000000e+00,-1.000000000000000000e+00,-1.000000000000000000e+00,-1.000000000000000000e+00,-1.000000000000000000e+00,-1.000000000000000000e+00,-1.000000000000000000e+00,-1.000000000000000000e+00,-1.000000000000000000e+00,-1.000000000000000000e+00,-1.000000000000000000e+00,-1.000000000000000000e+00,-1.000000000000000000e+00,-1.000000000000000000e+00,-1.000000000000000000e+00,-1.210428852090600138e+00,-1.210440558859430471e+00,-1.210476063836757543e+00,-1.210536418133342007e+00,-1.210622914896434033e+00,-1.210735963987578545e+00,-1.210872456743570025e+00,-1.211020090478265754e+00,-1.211145887196893201e+00,-1.211174185856634278e+00,-1.210946495387990929e+00,-1.210151798374261123e+00,-1.208211780665972013e+00,-1.204102759378148368e+00,-1.196098403988990144e+00,-1.181431095869751369e+00,-1.155904701592784578e+00,-1.113560192915677982e+00,-1.046609593162557639e+00,-9.460142238729398745e-01,-8.032615967125761314e-01,-6.140028760153903864e-01,-3.840488455063031381e-01,-1.373243777192505455e-01,7.755845394260241221e-02,1.947147450806345770e-01,1.947147451279034325e-01,7.755845410426953634e-02,-1.373243774950264617e-01,-3.840488452550484544e-01,-6.140028757738476006e-01,-8.032615965012419590e-01,-9.460142237679745048e-01,-1.046609593108759562e+00,-1.113560192963446660e+00,-1.155904701709685289e+00,-1.181431096029581074e+00,-1.196098404168833174e+00,-1.204102759529980027e+00,-1.208211780726239359e+00,-1.210151798137713230e+00,-1.210946494655906536e+00,-1.211174184739017168e+00,-1.211145885990648541e+00,-1.211020089378115117e+00,-1.210872456084880922e+00,-1.210735963802002324e+00,-1.210622915379471642e+00,-1.210536418806660519e+00,-1.210476064479930169e+00,-1.210440559701911001e+00,-1.210428853150094630e+00,-1.000000000000000000e+00,-1.000000000000000000e+00,-1.000000000000000000e+00,-1.000000000000000000e+00,-1.000000000000000000e+00,-1.000000000000000000e+00,-1.000000000000000000e+00,-1.000000000000000000e+00,-1.000000000000000000e+00,-1.000000000000000000e+00,-1.000000000000000000e+00,-1.000000000000000000e+00,-1.000000000000000000e+00,-1.000000000000000000e+00,-1.000000000000000000e+00,-1.000000000000000000e+00,-1.000000000000000000e+00,-1.000000000000000000e+00,-1.000000000000000000e+00,-1.000000000000000000e+00,-1.000000000000000000e+00,-1.000000000000000000e+00,-1.000000000000000000e+00,-1.000000000000000000e+00,-1.000000000000000000e+00,-1.000000000000000000e+00,-1.000000000000000000e+00,-1.000000000000000000e+00,-1.000000000000000000e+00,-1.000000000000000000e+00,-1.000000000000000000e+00,-1.000000000000000000e+00,-1.000000000000000000e+00,-1.000000000000000000e+00,-1.000000000000000000e+00,-1.000000000000000000e+00,-1.000000000000000000e+00,-1.000000000000000000e+00,-1.000000000000000000e+00,-1.000000000000000000e+00,-1.000000000000000000e+00,-1.000000000000000000e+00,-1.000000000000000000e+00,-1.000000000000000000e+00,-1.000000000000000000e+00,-1.000000000000000000e+00
-1.000000000000000000e+00,-1.000000000000000000e+00,-1.000000000000000000e+00,-1.000000000000000000e+00,-1.000000000000000000e+00,-1.000000000000000000e+00,-1.000000000000000000e+00,-1.000000000000000000e+00,-1.000000000000000000e+00,-1.000000000000000000e+00,-1.000000000000000000e+00,-1.000000000000000000e+00,-1.000000000000000000e+00,-1.000000000000000000e+00,-1.000000000000000000e+00,-1.000000000000000000e+00,-1.000000000000000000e+00,-1.000000000000000000e+00,-1.000000000000000000e+00,-1.000000000000000000e+00,-1.000000000000000000e+00,-1.000000000000000000e+00,-1.000000000000000000e+00,-1.000000000000000000e+00,-1.000000000000000000e+00,-1.000000000000000000e+00,-1.000000000000000000e+00,-1.000000000000000000e+00,-1.000000000000000000e+00,-1.000000000000000000e+00,-1.000000000000000000e+00,-1.000000000000000000e+00,-1.000000000000000000e+00,-1.000000000000000000e+00,-1.000000000000000000e+00,-1.000000000000000000e+00,-1.000000000000000000e+00,-1.000000000000000000e+00,-1.000000000000000000e+00,-1.000000000000000000e+00,-1.000000000000000000e+00,-1.000000000000000000e+00,-1.000000000000000000e+00,-1.000000000000000000e+00,-1.000000000000000000e+00,-1.000000000000000000e+00,-1.210427431444119684e+00,-1.210444918808432524e+00,-1.210497596861646707e+00,-1.210585991481984314e+00,-1.210710464438827572e+00,-1.210870021860183332e+00,-1.211059622455764151e+00,-1.211264483322647578e+00,-1.211448642397890962e+00,-1.211533074181669889e+00,-1.211355743144894692e+00,-1.210602161739807725e+00,-1.208690883052290443e+00,-1.204595641421046359e+00,-1.196588176900121425e+00,-1.181899549476809419e+00,-1.156332722600574403e+00,-1.113927917721049488e+00,-1.046896370998931625e+00,-9.461987021546937049e-01,-8.033225315999805716e-01,-6.139215266253628123e-01,-3.838138353614162224e-01,-1.369393500049305157e-01,7.806585982057057116e-02,1.952886108075977400e-01,1.952886108536697751e-01,7.806585999750836891e-02,-1.369393496929036669e-01,-3.838138350268318622e-01,-6.139215263067993034e-01,-8.033225312649463490e-01,-9.461987019228246254e-01,-1.046896370876204907e+00,-1.113927917745141993e+00,-1.156332722715092354e+00,-1.181899549626105550e+00,-1.196588177075450510e+00,-1.204595641632232539e+00,-1.208690883324955889e+00,-1.210602161941371602e+00,-1.211355742988200035e+00,-1.211533073556193330e+00,-1.211448641509974555e+00,-1.211264482252350838e+00,-1.211059621674762443e+00,-1.210870021364442106e+00,-1.210710464553450771e+00,-1.210585991742199719e+00,-1.210497596989126512e+00,-1.210444919273262920e+00,-1.210427432146542470e+00,-1.000000000000000000e+00,-1.000000000000000000e+00,-1.000000000000000000e+00,-1.000000000000000000e+00,-1.000000000000000000e+00,-1.000000000000000000e+00,-1.000000000000000000e+00,-1.000000000000000000e+00,-1.000000000000000000e+00,-1.000000000000000000e+00,-1.000000000000000000e+00,-1.000000000000000000e+00,-1.000000000000000000e+00,-1.000000000000000000e+00,-1.000000000000000000e+00,-1.000000000000000000e+00,-1.000000000000000000e+00,-1.000000000000000000e+00,-1.000000000000000000e+00,-1.000000000000000000e+00,-1.000000000000000000e+00,-1.000000000000000000e+00,-1.000000000000000000e+00,-1.000000000000000000e+00,-1.000000000000000000e+00,-1.000000000000000000e+00,-1.000000000000000000e+00,-1.000000000000000000e+00,-1.000000000000000000e+00,-1.000000000000000000e+00,-1.000000000000000000e+00,-1.000000000000000000e+00,-1.000000000000000000e+00,-1.000000000000000000e+00,-1.000000000000000000e+00,-1.000000000000000000e+00,-1.000000000000000000e+00,-1.000000000000000000e+00,-1.000000000000000000e+00,-1.000000000000000000e+00,-1.000000000000000000e+00,-1.000000000000000000e+00,-1.000000000000000000e+00,-1.000000000000000000e+00,-1.000000000000000000e+00,-1.000000000000000000e+00
-1.000000000000000000e+00,-1.000000000000000000e+00,-1.000000000000000000e+00,-1.000000000000000000e+00,-1.000000000000000000e+00,-1.000000000000000000e+00,-1.000000000000000000e+00,-1.000000000000000000e+00,-1.000000000000000000e+00,-1.000000000000000000e+00,-1.000000000000000000e+00,-1.000000000000000000e+00,-1.000000000000000000e+00,-1.000000000000000000e+00,-1.000000000000000000e+00,-1.000000000000000000e+00,-1.000000000000000000e+00,-1.000000000000000000e+00,-1.000000000000000000e+00,-1.000000000000000000e+00,-1.000000000000000000e+00,-1.000000000000000000e+00,-1.000000000000000000e+00,-1.000000000000000000e+00,-1.000000000000000000e+00,-1.000000000000000000e+00,-1.000000000000000000e+00,-1.000000000000000000e+00,-1.000000000000000000e+00,-1.000000000000000000e+00,-1.000000000000000000e+00,-1.000000000000000000e+00,-1.000000000000000000e+00,-1.000000000000000000e+00,-1.000000000000000000e+00,-1.000000000000000000e+00,-1.000000000000000000e+00,-1.000000000000000000e+00,-1.000000000000000000e+00,-1.000000000000000000e+00,-1.000000000000000000e+00,-1.000000000000000000e+00,-1.000000000000000000e+00,-1.000000000000000000e+00,-1.000000000000000000e+00,-1.000000000000000000e+00,-1.210355413154585946e+00,-1.210376695410414483e+00,-1.210440636153219840e+00,-1.210547384952959771e+00,-1.210696647398650905e+00,-1.210886460610574700e+00,-1.211110476187728935e+00,-1.211352264640415344e+00,-1.211573912598766345e+00,-1.211694218453412519e+00,-1.211548865766703953e+00,-1.210821125269073262e+00,-1.208927485230477883e+00,-1.204839885320805326e+00,-1.196828553425552277e+00,-1.182123229460963376e+00,-1.156525568184118891e+00,-1.114074287329036350e+00,-1.046978827702306436e+00,-9.461979480053993585e-01,-8.032181561450306706e-01,-6.136943926284587070e-01,-3.834509431615250596e-01,-1.364414802674601690e-01,7.867517508585653019e-02,1.959586743252892393e-01,1.959586743888388494e-01,7.867517528109058134e-02,-1.364414799217988916e-01,-3.834509427606059839e-01,-6.136943922246014260e-01,-8.032181557315918319e-01,-9.461979476909334608e-01,-1.046978827496841902e+00,-1.114074287288536969e+00,-1.156525568277515514e+00,-1.182123229592731972e+00,-1.196828553585159272e+00,-1.204839885550840650e+00,-1.208927485607173002e+00,-1.210821125764912409e+00,-1.211548866114625422e+00,-1.211694218395462874e+00,-1.211573912212639215e+00,-1.211352263798343820e+00,-1.211110475415446031e+00,-1.210886459899565004e+00,-1.210696647246612967e+00,-1.210547384883585487e+00,-1.210440635867022108e+00,-1.210376695430773974e+00,-1.210355413389207380e+00,-1.000000000000000000e+00,-1.000000000000000000e+00,-1.000000000000000000e+00,-1.000000000000000000e+00,-1.000000000000000000e+00,-1.000000000000000000e+00,-1.000000000000000000e+00,-1.000000000000000000e+00,-1.000000000000000000e+00,-1.000000000000000000e+00,-1.000000000000000000e+00,-1.000000000000000000e+00,-1.000000000000000000e+00,-1.000000000000000000e+00,-1.000000000000000000e+00,-1.000000000000000000e+00,-1.000000000000000000e+00,-1.000000000000000000e+00,-1.000000000000000000e+00,-1.000000000000000000e+00,-1.000000000000000000e+00,-1.000000000000000000e+00,-1.000000000000000000e+00,-1.000000000000000000e+00,-1.000000000000000000e+00,-1.000000000000000000e+00,-1.000000000000000000e+00,-1.000000000000000000e+00,-1.000000000000000000e+00,-1.000000000000000000e+00,-1.000000000000000000e+00,-1.000000000000000000e+00,-1.000000000000000000e+00,-1.000000000000000000e+00,-1.000000000000000000e+00,-1.000000000000000000e+00,-1.000000000000000000e+00,-1.000000000000000000e+00,-1.000000000000000000e+00,-1.000000000000000000e+00,-1.000000000000000000e+00,-1.000000000000000000e+00,-1.000000000000000000e+00,-1.000000000000000000e+00,-1.000000000000000000e+00,-1.000000000000000000e+00
-1.000000000000000000e+00,-1.000000000000000000e+00,-1.000000000000000000e+00,-1.000000000000000000e+00,-1.000000000000000000e+00,-1.000000000000000000e+00,-1.000000000000000000e+00,-1.000000000000000000e+00,-1.000000000000000000e+00,-1.000000000000000000e+00,-1.000000000000000000e+00,-1.000000000000000000e+00,-1.000000000000000000e+00,-1.000000000000000000e+00,-1.000000000000000000e+00,-1.000000000000000000e+00,-1.000000000000000000e+00,-1.000000000000000000e+00,-1.000000000000000000e+00,-1.000000000000000000e+00,-1.000000000000000000e+00,-1.000000000000000000e+00,-1.000000000000000000e+00,-1.000000000000000000e+00,-1.000000000000000000e+00,-1.000000000000000000e+00,-1.000000000000000000e+00,-1.000000000000000000e+00,-1.000000000000000000e+00,-1.000000000000000000e+00,-1.000000000000000000e+00,-1.000000000000000000e+00,-1.000000000000000000e+00,-1.000000000000000000e+00,-1.000000000000000000e+00,-1.000000000000000000e+00,-1.000000000000000000e+00,-1.000000000000000000e+00,-1.000000000000000000e+00,-1.000000000000000000e+00,-1.000000000000000000e+00,-1.000000000000000000e+00,-1.000000000000000000e+00,-1.000000000000000000e+00,-1.000000000000000000e+00,-1.000000000000000000e+00,-1.210232722551422668e+00,-1.210256475351949135e+00,-1.210327741449978678e+00,-1.210446406216038273e+00,-1.210611720560778481e+00,-1.210821061343602789e+00,-1.211067204670719599e+00,-1.211332635542677671e+00,-1.211578170421550249e+00,-1.211721202774620032e+00,-1.211595945366623184e+00,-1.210884207846713689e+00,-1.209001088935690804e+00,-1.204917232018108741e+00,-1.196901620625061557e+00,-1.182182686398301152e+00,-1.156560538226760970e+00,-1.114071940578305719e+00,-1.046923932503427190e+00,-9.460727072306636121e-01,-8.030029025084808314e-01,-6.133699378246149081e-01,-3.830033906153068601e-01,-1.358697854994989074e-01,7.935031546916571088e-02,1.966903561976556247e-01,1.966903563066237925e-01,7.935031572029505043e-02,-1.358697851472443485e-01,-3.830033901920576467e-01,-6.133699373815758582e-01,-8.030029020798820083e-01,-9.460727068709017251e-01,-1.046923932212420194e+00,-1.114071940446312192e+00,-1.156560538263709415e+00,-1.182182686504038127e+00,-1.196901620782805598e+00,-1.204917232271097038e+00,-1.209001089375412175e+00,-1.210884208505649040e+00,-1.211595946057637541e+00,-1.211721203212008824e+00,-1.211578170572126023e+00,-1.211332635097660315e+00,-1.211067204093142946e+00,-1.210821060583121556e+00,-1.210611720286044690e+00,-1.210446405923607083e+00,-1.210327740905236871e+00,-1.210256474986926456e+00,-1.210232722369033231e+00,-1.000000000000000000e+00,-1.000000000000000000e+00,-1.000000000000000000e+00,-1.000000000000000000e+00,-1.000000000000000000e+00,-1.000000000000000000e+00,-1.000000000000000000e+00,-1.000000000000000000e+00,-1.000000000000000000e+00,-1.000000000000000000e+00,-1.000000000000000000e+00,-1.000000000000000000e+00,-1.000000000000000000e+00,-1.000000000000000000e+00,-1.000000000000000000e+00,-1.000000000000000000e+00,-1.000000000000000000e+00,-1.000000000000000000e+00,-1.000000000000000000e+00,-1.000000000000000000e+00,-1.000000000000000000e+00,-1.000000000000000000e+00,-1.000000000000000000e+00,-1.000000000000000000e+00,-1.000000000000000000e+00,-1.000000000000000000e+00,-1.000000000000000000e+00,-1.000000000000000000e+00,-1.000000000000000000e+00,-1.000000000000000000e+00,-1.000000000000000000e+00,-1.000000000000000000e+00,-1.000000000000000000e+00,-1.000000000000000000e+00,-1.000000000000000000e+00,-1.000000000000000000e+00,-1.000000000000000000e+00,-1.000000000000000000e+00,-1.000000000000000000e+00,-1.000000000000000000e+00,-1.000000000000000000e+00,-1.000000000000000000e+00,-1.000000000000000000e+00,-1.000000000000000000e+00,-1.000000000000000000e+00,-1.000000000000000000e+00
-1.000000000000000000e+00,-1.000000000000000000e+00,-1.000000000000000000e+00,-1.000000000000000000e+00,-1.000000000000000000e+00,-1.000000000000000000e+00,-1.000000000000000000e+00,-1.000000000000000000e+00,-1.000000000000000000e+00,-1.000000000000000000e+00,-1.000000000000000000e+00,-1.000000000000000000e+00,-1.000000000000000000e+00,-1.000000000000000000e+00,-1.000000000000000000e+00,-1.000000000000000000e+00,-1.000000000000000000e+00,-1.000000000000000000e+00,-1.000000000000000000e+00,-1.000000000000000000e+00,-1.000000000000000000e+00,-1.000000000000000000e+00,-1.000000000000000000e+00,-1.000000000000000000e+00,-1.000000000000000000e+00,-1.000000000000000000e+00,-1.000000000000000000e+00,-1.000000000000000000e+00,-1.000000000000000000e+00,-1.000000000000000000e+00,-1.000000000000000000e+00,-1.000000000000000000e+00,-1.000000000000000000e+00,-1.000000000000000000e+00,-1.000000000000000000e+00,-1.000000000000000000e+00,-1.000000000000000000e+00,-1.000000000000000000e+00,-1.000000000000000000e+00,-1.000000000000000000e+00,-1.000000000000000000e+00,-1.000000000000000000e+00,-1.000000000000000000e+00,-1.000000000000000000e+00,-1.000000000000000000e+00,-1.000000000000000000e+00,-1.210074299100695638e+00,-1.210099646458684175e+00,-1.210175636353787221e+00,-1.210301971860233916e+00,-1.210477593418910924e+00,-1.210699433267940162e+00,-1.210959686171380945e+00,-1.211240125748390906e+00,-1.211500744126245532e+00,-1.211658027105630531e+00,-1.211545233088229701e+00,-1.210843204379726146e+00,-1.208966075632643467e+00,-1.204883509089774929e+00,-1.196863417965512655e+00,-1.182132945112426059e+00,-1.156490524349636617e+00,-1.113970711851229423e+00,-1.046777796590551812e+00,-9.458649956746850718e-01,-8.027146208141885397e-01,-6.129820626794126870e-01,-3.825015985386833739e-01,-1.352518874939317994e-01,8.006561605888640187e-02,1.974589971243410069e-01,1.974589972491183065e-01,8.006561634162601138e-02,-1.352518871295946834e-01,-3.825015980972827911e-01,-6.129820622218971060e-01,-8.027146203993474893e-01,-9.458649953044266923e-01,-1.046777796279508843e+00,-1.113970711677517267e+00,-1.156490524316398316e+00,-1.182132945160947468e+00,-1.196863418100570176e+00,-1.204883509341055037e+00,-1.208966076090079556e+00,-1.210843205081798324e+00,-1.211545233935693799e+00,-1.211658027880805122e+00,-1.211500744745956704e+00,-1.211240125817815816e+00,-1.210959686004581037e+00,-1.210699432688621346e+00,-1.210477593221288117e+00,-1.210301971458529247e+00,-1.210175635663977012e+00,-1.210099645759207254e+00,-1.210074298543288851e+00,-1.000000000000000000e+00,-1.000000000000000000e+00,-1.000000000000000000e+00,-1.000000000000000000e+00,-1.000000000000000000e+00,-1.000000000000000000e+00,-1.000000000000000000e+00,-1.000000000000000000e+00,-1.000000000000000000e+00,-1.000000000000000000e+00,-1.000000000000000000e+00,-1.000000000000000000e+00,-1.000000000000000000e+00,-1.000000000000000000e+00,-1.000000000000000000e+00,-1.000000000000000000e+00,-1.000000000000000000e+00,-1.000000000000000000e+00,-1.000000000000000000e+00,-1.000000000000000000e+00,-1.000000000000000000e+00,-1.000000000000000000e+00,-1.000000000000000000e+00,-1.000000000000000000e+00,-1.000000000000000000e+00,-1.000000000000000000e+00,-1.000000000000000000e+00,-1.000000000000000000e+00,-1.000000000000000000e+00,-1.000000000000000000e+00,-1.000000000000000000e+00,-1.000000000000000000e+00,-1.000000000000000000e+00,-1.000000000000000000e+00,-1.000000000000000000e+00,-1.000000000000000000e+00,-1.000000000000000000e+00,-1.000000000000000000e+00,-1.000000000000000000e+00,-1.000000000000000000e+00,-1.000000000000000000e+00,-1.000000000000000000e+00,-1.000000000000000000e+00,-1.000000000000000000e+00,-1.000000000000000000e+00,-1.000000000000000000e+00
-1.000000000000000000e+00,-1.000000000000000000e+00,-1.000000000000000000e+00,-1.000000000000000000e+00,-1.000000000000000000e+00,-1.000000000000000000e+00,-1.000000000000000000e+00,-1.000000000000000000e+00,-1.000000000000000000e+00,-1.000000000000000000e+00,-1.000000000000000000e+00,-1.000000000000000000e+00,-1.000000000000000000e+00,-1.000000000000000000e+00,-1.000000000000000000e+00,-1.000000000000000000e+00,-1.000000000000000000e+00,-1.000000000000000000e+00,-1.000000000000000000e+00,-1.000000000000000000e+00,-1.000000000000000000e+00,-1.000000000000000000e+00,-1.000000000000000000e+00,-1.000000000000000000e+00,-1.000000000000000000e+00,-1.000000000000000000e+00,-1.000000000000000000e+00,-1.000000000000000000e+00,-1.000000000000000000e+00,-1.000000000000000000e+00,-1.000000000000000000e+00,-1.000000000000000000e+00,-1.000000000000000000e+00,-1.000000000000000000e+00,-1.000000000000000000e+00,-1.000000000000000000e+00,-1.000000000000000000e+00,-1.000000000000000000e+00,-1.000000000000000000e+00,-1.000000000000000000e+00,-1.000000000000000000e+00,-1.000000000000000000e+00,-1.000000000000000000e+00,-1.000000000000000000e+00,-1.000000000000000000e+00,-1.000000000000000000e+00,-1.209891243383668380e+00,-1.209917610113443009e+00,-1.209996617205671088e+00,-1.210127843918170853e+00,-1.210310021503094413e+00,-1.210539785970440541e+00,-1.210808949100765863e+00,-1.211098820521142372e+00,-1.211368858127017889e+00,-1.211534959180029736e+00,-1.211429755778614670e+00,-1.210733434460332880e+00,-1.208859433832079944e+00,-1.204776635334060320e+00,-1.196751997564668324e+00,-1.182011399393059659e+00,-1.156351538624874165e+00,-1.113804631041517501e+00,-1.046572030933588193e+00,-9.456037562666577134e-01,-8.023795313245196681e-01,-6.125543968336497613e-01,-3.819669059815856693e-01,-1.346072765682674310e-01,8.080288262755752626e-02,1.982470701764424970e-01,1.982470702681988772e-01,8.080288288570969257e-02,-1.346072761976010446e-01,-3.819669055449668171e-01,-6.125543964020343513e-01,-8.023795309448995550e-01,-9.456037559074115251e-01,-1.046572030633173389e+00,-1.113804630850179445e+00,-1.156351538521242617e+00,-1.182011399379317762e+00,-1.196751997677198975e+00,-1.204776635574478449e+00,-1.208859434275100897e+00,-1.210733435103183542e+00,-1.211429756591011930e+00,-1.211534960064289734e+00,-1.211368859027652789e+00,-1.211098821095468514e+00,-1.210808949485889574e+00,-1.210539785828550041e+00,-1.210310021631868294e+00,-1.210127843569248629e+00,-1.209996616457243768e+00,-1.209917609088357437e+00,-1.209891242449167015e+00,-1.000000000000000000e+00,-1.000000000000000000e+00,-1.000000000000000000e+00,-1.000000000000000000e+00,-1.000000000000000000e+00,-1.000000000000000000e+00,-1.000000000000000000e+00,-1.000000000000000000e+00,-1.000000000000000000e+00,-1.000000000000000000e+00,-1.000000000000000000e+00,-1.000000000000000000e+00,-1.000000000000000000e+00,-1.000000000000000000e+00,-1.000000000000000000e+00,-1.000000000000000000e+00,-1.000000000000000000e+00,-1.000000000000000000e+00,-1.000000000000000000e+00,-1.000000000000000000e+00,-1.000000000000000000e+00,-1.000000000000000000e+00,-1.000000000000000000e+00,-1.000000000000000000e+00,-1.000000000000000000e+00,-1.000000000000000000e+00,-1.000000000000000000e+00,-1.000000000000000000e+00,-1.000000000000000000e+00,-1.000000000000000000e+00,-1.000000000000000000e+00,-1.000000000000000000e+00,-1.000000000000000000e+00,-1.000000000000000000e+00,-1.000000000000000000e+00,-1.000000000000000000e+00,-1.000000000000000000e+00,-1.000000000000000000e+00,-1.000000000000000000e+00,-1.000000000000000000e+00,-1.000000000000000000e+00,-1.000000000000000000e+00,-1.000000000000000000e+00,-1.000000000000000000e+00,-1.000000000000000000e+00,-1.000000000000000000e+00
-1.000000000000000000e+00,-1.000000000000000000e+00,-1.000000000000000000e+00,-1.000000000000000000e+00,-1.000000000000000000e+00,-1.000000000000000000e+00,-1.000000000000000000e+00,-1.000000000000000000e+00,-1.000000000000000000e+00,-1.000000000000000000e+00,-1.000000000000000000e+00,-1.000000000000000000e+00,-1.000000000000000000e+00,-1.000000000000000000e+00,-1.000000000000000000e+00,-1.000000000000000000e+00,-1.000000000000000000e+00,-1.000000000000000000e+00,-1.000000000000000000e+00,-1.000000000000000000e+00,-1.000000000000000000e+00,-1.000000000000000000e+00,-1.000000000000000000e+00,-1.000000000000000000e+00,-1.000000000000000000e+00,-1.000000000000000000e+00,-1.000000000000000000e+00,-1.000000000000000000e+00,-1.000000000000000000e+00,-1.000000000000000000e+00,-1.000000000000000000e+00,-1.000000000000000000e+00,-1.000000000000000000e+00,-1.000000000000000000e+00,-1.000000000000000000e+00,-1.000000000000000000e+00,-1.000000000000000000e+00,-1.000000000000000000e+00,-1.000000000000000000e+00,-1.000000000000000000e+00,-1.000000000000000000e+00,-1.000000000000000000e+00,-1.000000000000000000e+00,-1.000000000000000000e+00,-1.000000000000000000e+00,-1.000000000000000000e+00,-1.209691745824213793e+00,-1.209718756791175576e+00,-1.209799669018998269e+00,-1.209933978920709752e+00,-1.210120278528196369e+00,-1.210355008440951785e+00,-1.210629729959729950e+00,-1.210925451168318068e+00,-1.211201283578688281e+00,-1.211372740099767364e+00,-1.211272034556767130e+00,-1.210578894316229670e+00,-1.208706231335040293e+00,-1.204622275096130402e+00,-1.196593109165360769e+00,-1.181843376710474791e+00,-1.156168021298818571e+00,-1.113596863218998756e+00,-1.046328240360706818e+00,-9.453088672759670796e-01,-8.020157437684167778e-01,-6.121033603624448372e-01,-3.814142327902056984e-01,-1.339496570455835922e-01,8.154926566038023239e-02,1.990421668817459189e-01,1.990421669467610233e-01,8.154926590418165588e-02,-1.339496566773740183e-01,-3.814142324042879562e-01,-6.121033599971252848e-01,-8.020157434418454523e-01,-9.453088669533139532e-01,-1.046328240091211281e+00,-1.113596863039482132e+00,-1.156168021182041761e+00,-1.181843376672651491e+00,-1.196593109242237496e+00,-1.204622275284244148e+00,-1.208706231718264634e+00,-1.210578894845532272e+00,-1.211272035233475819e+00,-1.211372740930213077e+00,-1.211201284558499847e+00,-1.210925452122688650e+00,-1.210629730903550527e+00,-1.210355008916419672e+00,-1.210120279206451599e+00,-1.209933978824988543e+00,-1.209799668336029921e+00,-1.209718755495680975e+00,-1.209691744546893766e+00,-1.000000000000000000e+00,-1.000000000000000000e+00,-1.000000000000000000e+00,-1.000000000000000000e+00,-1.000000000000000000e+00,-1.000000000000000000e+00,-1.000000000000000000e+00,-1.000000000000000000e+00,-1.000000000000000000e+00,-1.000000000000000000e+00,-1.000000000000000000e+00,-1.000000000000000000e+00,-1.000000000000000000e+00,-1.000000000000000000e+00,-1.000000000000000000e+00,-1.000000000000000000e+00,-1.000000000000000000e+00,-1.000000000000000000e+00,-1.000000000000000000e+00,-1.000000000000000000e+00,-1.000000000000000000e+00,-1.000000000000000000e+00,-1.000000000000000000e+00,-1.000000000000000000e+00,-1.000000000000000000e+00,-1.000000000000000000e+00,-1.000000000000000000e+00,-1.000000000000000000e+00,-1.000000000000000000e+00,-1.000000000000000000e+00,-1.000000000000000000e+00,-1.000000000000000000e+00,-1.000000000000000000e+00,-1.000000000000000000e+00,-1.000000000000000000e+00,-1.000000000000000000e+00,-1.000000000000000000e+00,-1.000000000000000000e+00,-1.000000000000000000e+00,-1.000000000000000000e+00,-1.000000000000000000e+00,-1.000000000000000000e+00,-1.000000000000000000e+00,-1.000000000000000000e+00,-1.000000000000000000e+00,-1.000000000000000000e+00
-1.000000000000000000e+00,-1.000000000000000000e+00,-1.000000000000000000e+00,-1.000000000000000000e+00,-1.000000000000000000e+00,-1.000000000000000000e+00,-1.000000000000000000e+00,-1.000000000000000000e+00,-1.000000000000000000e+00,-1.000000000000000000e+00,-1.000000000000000000e+00,-1.000000000000000000e+00,-1.000000000000000000e+00,-1.000000000000000000e+00,-1.000000000000000000e+00,-1.000000000000000000e+00,-1.000000000000000000e+00,-1.000000000000000000e+00,-1.000000000000000000e+00,-1.000000000000000000e+00,-1.000000000000000000e+00,-1.000000000000000000e+00,-1.000000000000000000e+00,-1.000000000000000000e+00,-1.000000000000000000e+00,-1.000000000000000000e+00,-1.000000000000000000e+00,-1.000000000000000000e+00,-1.000000000000000000e+00,-1.000000000000000000e+00,-1.000000000000000000e+00,-1.000000000000000000e+00,-1.000000000000000000e+00,-1.000000000000000000e+00,-1.000000000000000000e+00,-1.000000000000000000e+00,-1.000000000000000000e+00,-1.000000000000000000e+00,-1.000000000000000000e+00,-1.000000000000000000e+00,-1.000000000000000000e+00,-1.000000000000000000e+00,-1.000000000000000000e+00,-1.000000000000000000e+00,-1.000000000000000000e+00,-1.000000000000000000e+00,-1.209481818168915312e+00,-1.209509230322986184e+00,-1.209591327812640449e+00,-1.209727552414541885e+00,-1.209916404640983156e+00,-1.210154197327963921e+00,-1.210432329083412473e+00,-1.210731612504388988e+00,-1.211010933881173202e+00,-1.211185552180086056e+00,-1.211087394784061022e+00,-1.210395854206542499e+00,-1.208523423651995499e+00,-1.204437765161482599e+00,-1.196404144538386172e+00,-1.181645999692984672e+00,-1.155956528155490215e+00,-1.113363147470701753e+00,-1.046061161681239859e+00,-9.449939523075970849e-01,-8.016357366314715849e-01,-6.116403326362624959e-01,-3.808539777520788538e-01,-1.332886296305936247e-01,8.229572769144555267e-02,1.998355410241996477e-01,1.998355410825440881e-01,8.229572791481953864e-02,-1.332886293171018366e-01,-3.808539774562853530e-01,-6.116403323438623918e-01,-8.016357363631302357e-01,-9.449939520517465219e-01,-1.046061161472812362e+00,-1.113363147335825420e+00,-1.155956528075561929e+00,-1.181645999660604573e+00,-1.196404144569253258e+00,-1.204437765268347116e+00,-1.208523423939535935e+00,-1.210395854598560250e+00,-1.211087395292844482e+00,-1.211185552880630567e+00,-1.211010934799992889e+00,-1.210731613660784856e+00,-1.210432330457062111e+00,-1.210154198441530937e+00,-1.209916405968935127e+00,-1.209727552774712445e+00,-1.209591327375572956e+00,-1.209509228923766333e+00,-1.209481816687496769e+00,-1.000000000000000000e+00,-1.000000000000000000e+00,-1.000000000000000000e+00,-1.000000000000000000e+00,-1.000000000000000000e+00,-1.000000000000000000e+00,-1.000000000000000000e+00,-1.000000000000000000e+00,-1.000000000000000000e+00,-1.000000000000000000e+00,-1.000000000000000000e+00,-1.000000000000000000e+00,-1.000000000000000000e+00,-1.000000000000000000e+00,-1.000000000000000000e+00,-1.000000000000000000e+00,-1.000000000000000000e+00,-1.000000000000000000e+00,-1.000000000000000000e+00,-1.000000000000000000e+00,-1.000000000000000000e+00,-1.000000000000000000e+00,-1.000000000000000000e+00,-1.000000000000000000e+00,-1.000000000000000000e+00,-1.000000000000000000e+00,-1.000000000000000000e+00,-1.000000000000000000e+00,-1.000000000000000000e+00,-1.000000000000000000e+00,-1.000000000000000000e+00,-1.000000000000000000e+00,-1.000000000000000000e+00,-1.000000000000000000e+00,-1.000000000000000000e+00,-1.000000000000000000e+00,-1.000000000000000000e+00,-1.000000000000000000e+00,-1.000000000000000000e+00,-1.000000000000000000e+00,-1.000000000000000000e+00,-1.000000000000000000e+00,-1.000000000000000000e+00,-1.000000000000000000e+00,-1.000000000000000000e+00,-1.000000000000000000e+00
-1.000000000000000000e+00,-1.000000000000000000e+00,-1.000000000000000000e+00,-1.000000000000000000e+00,-1.000000000000000000e+00,-1.000000000000000000e+00,-1.000000000000000000e+00,-1.000000000000000000e+00,-1.000000000000000000e+00,-1.000000000000000000e+00,-1.000000000000000000e+00,-1.000000000000000000e+00,-1.000000000000000000e+00,-1.000000000000000000e+00,-1.000000000000000000e+00,-1.000000000000000000e+00,-1.000000000000000000e+00,-1.000000000000000000e+00,-1.000000000000000000e+00,-1.000000000000000000e+00,-1.000000000000000000e+00,-1.000000000000000000e+00,-1.000000000000000000e+00,-1.000000000000000000e+00,-1.000000000000000000e+00,-1.000000000000000000e+00,-1.000000000000000000e+00,-1.000000000000000000e+00,-1.000000000000000000e+00,-1.000000000000000000e+00,-1.000000000000000000e+00,-1.000000000000000000e+00,-1.000000000000000000e+00,-1.000000000000000000e+00,-1.000000000000000000e+00,-1.000000000000000000e+00,-1.000000000000000000e+00,-1.000000000000000000e+00,-1.000000000000000000e+00,-1.000000000000000000e+00,-1.000000000000000000e+00,-1.000000000000000000e+00,-1.000000000000000000e+00,-1.000000000000000000e+00,-1.000000000000000000e+00,-1.000000000000000000e+00,-1.209265857594712390e+00,-1.209293514581013751e+00,-1.209376334616259152e+00,-1.209513723939487084e+00,-1.209704123675602760e+00,-1.209943763800722216e+00,-1.210223937947964679e+00,-1.210525332151938471e+00,-1.210806685405464211e+00,-1.210983085909002499e+00,-1.210886258194077358e+00,-1.210195338923330421e+00,-1.208322472176931006e+00,-1.204234809585507104e+00,-1.196196842697059504e+00,-1.181430835925834755e+00,-1.155728265185266279e+00,-1.113114167532614829e+00,-1.045780835608556059e+00,-9.446683349676627817e-01,-8.012480922962077479e-01,-6.111731808356870577e-01,-3.802933665224091930e-01,-1.326308951407637604e-01,8.303593989423951882e-02,2.006210566859134570e-01,2.006210567344943740e-01,8.303594005164849357e-02,-1.326308949301064910e-01,-3.802933663119467678e-01,-6.111731806059090832e-01,-8.012480920947701035e-01,-9.446683347974239586e-01,-1.045780835488768545e+00,-1.113114167478421734e+00,-1.155728265176354963e+00,-1.181430835921023714e+00,-1.196196842695177009e+00,-1.204234809607521273e+00,-1.208322472332183484e+00,-1.210195339158542049e+00,-1.210886258534156878e+00,-1.210983086463456981e+00,-1.210806686198450333e+00,-1.210525333343333010e+00,-1.210223939535909343e+00,-1.209943765406642058e+00,-1.209704125589603274e+00,-1.209513724883990227e+00,-1.209376334599123304e+00,-1.209293513318358881e+00,-1.209265856134366990e+00,-1.000000000000000000e+00,-1.000000000000000000e+00,-1.000000000000000000e+00,-1.000000000000000000e+00,-1.000000000000000000e+00,-1.000000000000000000e+00,-1.000000000000000000e+00,-1.000000000000000000e+00,-1.000000000000000000e+00,-1.000000000000000000e+00,-1.000000000000000000e+00,-1.000000000000000000e+00,-1.000000000000000000e+00,-1.000000000000000000e+00,-1.000000000000000000e+00,-1.000000000000000000e+00,-1.000000000000000000e+00,-1.000000000000000000e+00,-1.000000000000000000e+00,-1.000000000000000000e+00,-1.000000000000000000e+00,-1.000000000000000000e+00,-1.000000000000000000e+00,-1.000000000000000000e+00,-1.000000000000000000e+00,-1.000000000000000000e+00,-1.000000000000000000e+00,-1.000000000000000000e+00,-1.000000000000000000e+00,-1.000000000000000000e+00,-1.000000000000000000e+00,-1.000000000000000000e+00,-1.000000000000000000e+00,-1.000000000000000000e+00,-1.000000000000000000e+00,-1.000000000000000000e+00,-1.000000000000000000e+00,-1.000000000000000000e+00,-1.000000000000000000e+00,-1.000000000000000000e+00,-1.000000000000000000e+00,-1.000000000000000000e+00,-1.000000000000000000e+00,-1.000000000000000000e+00,-1.000000000000000000e+00,-1.000000000000000000e+00
-1.000000000000000000e+00,-1.000000000000000000e+00,-1.000000000000000000e+00,-1.000000000000000000e+00,-1.000000000000000000e+00,-1.000000000000000000e+00,-1.000000000000000000e+00,-1.000000000000000000e+00,-1.000000000000000000e+00,-1.000000000000000000e+00,-1.000000000000000000e+00,-1.000000000000000000e+00,-1.000000000000000000e+00,-1.000000000000000000e+00,-1.000000000000000000e+00,-1.000000000000000000e+00,-1.000000000000000000e+00,-1.000000000000000000e+00,-1.000000000000000000e+00,-1.000000000000000000e+00,-1.000000000000000000e+00,-1.000000000000000000e+00,-1.000000000000000000e+00,-1.000000000000000000e+00,-1.000000000000000000e+00,-1.000000000000000000e+00,-1.000000000000000000e+00,-1.000000000000000000e+00,-1.000000000000000000e+00,-1.000000000000000000e+00,-1.000000000000000000e+00,-1.000000000000000000e+00,-1.000000000000000000e+00,-1.000000000000000000e+00,-1.000000000000000000e+00,-1.000000000000000000e+00,-1.000000000000000000e+00,-1.000000000000000000e+00,-1.000000000000000000e+00,-1.000000000000000000e+00,-1.000000000000000000e+00,-1.000000000000000000e+00,-1.000000000000000000e+00,-1.000000000000000000e+00,-1.000000000000000000e+00,-1.000000000000000000e+00,-1.209047074508647679e+00,-1.209074876560832790e+00,-1.209158124141182622e+00,-1.209296200651118314e+00,-1.209487509201621958e+00,-1.209728226479069413e+00,-1.210009578816113152e+00,-1.210312170326174774e+00,-1.210594642660384412e+00,-1.210771966232629060e+00,-1.210675715867268742e+00,-1.209984823037446811e+00,-1.208111128552141533e+00,-1.204021313626526535e+00,-1.195979130462538897e+00,-1.181205702488102416e+00,-1.155490818332019609e+00,-1.112857174899914980e+00,-1.045494100479931854e+00,-9.443383907763366336e-01,-8.008587052676578999e-01,-6.107073324768679257e-01,-3.797374051517968807e-01,-1.319811128601403594e-01,8.376548996202748398e-02,2.013944301454284602e-01,2.013944301803933801e-01,8.376549004100564133e-02,-1.319811127476799850e-01,-3.797374050176798299e-01,-6.107073323404481613e-01,-8.008587051694942005e-01,-9.443383907045287406e-01,-1.045494100466539678e+00,-1.112857174956374928e+00,-1.155490818414410148e+00,-1.181205702523056900e+00,-1.195979130438197702e+00,-1.204021313566704610e+00,-1.208111128572647130e+00,-1.209984823147414845e+00,-1.210675716096184074e+00,-1.210771966683250378e+00,-1.210594643326232234e+00,-1.210312171432703865e+00,-1.210009580389592942e+00,-1.209728228321875765e+00,-1.209487511500545232e+00,-1.209296202190146774e+00,-1.209158124673409773e+00,-1.209074875724424292e+00,-1.209047073364564406e+00,-1.000000000000000000e+00,-1.000000000000000000e+00,-1.000000000000000000e+00,-1.000000000000000000e+00,-1.000000000000000000e+00,-1.000000000000000000e+00,-1.000000000000000000e+00,-1.000000000000000000e+00,-1.000000000000000000e+00,-1.000000000000000000e+00,-1.000000000000000000e+00,-1.000000000000000000e+00,-1.000000000000000000e+00,-1.000000000000000000e+00,-1.000000000000000000e+00,-1.000000000000000000e+00,-1.000000000000000000e+00,-1.000000000000000000e+00,-1.000000000000000000e+00,-1.000000000000000000e+00,-1.000000000000000000e+00,-1.000000000000000000e+00,-1.000000000000000000e+00,-1.000000000000000000e+00,-1.000000000000000000e+00,-1.000000000000000000e+00,-1.000000000000000000e+00,-1.000000000000000000e+00,-1.000000000000000000e+00,-1.000000000000000000e+00,-1.000000000000000000e+00,-1.000000000000000000e+00,-1.000000000000000000e+00,-1.000000000000000000e+00,-1.000000000000000000e+00,-1.000000000000000000e+00,-1.000000000000000000e+00,-1.000000000000000000e+00,-1.000000000000000000e+00,-1.000000000000000000e+00,-1.000000000000000000e+00,-1.000000000000000000e+00,-1.000000000000000000e+00,-1.000000000000000000e+00,-1.000000000000000000e+00,-1.000000000000000000e+00
-1.000000000000000000e+00,-1.000000000000000000e+00,-1.000000000000000000e+00,-1.000000000000000000e+00,-1.000000000000000000e+00,-1.000000000000000000e+00,-1.000000000000000000e+00,-1.000000000000000000e+00,-1.000000000000000000e+00,-1.000000000000000000e+00,-1.000000000000000000e+00,-1.000000000000000000e+00,-1.000000000000000000e+00,-1.000000000000000000e+00,-1.000000000000000000e+00,-1.000000000000000000e+00,-1.000000000000000000e+00,-1.000000000000000000e+00,-1.000000000000000000e+00,-1.000000000000000000e+00,-1.000000000000000000e+00,-1.000000000000000000e+00,-1.000000000000000000e+00,-1.000000000000000000e+00,-1.000000000000000000e+00,-1.000000000000000000e+00,-1.000000000000000000e+00,-1.000000000000000000e+00,-1.000000000000000000e+00,-1.000000000000000000e+00,-1.000000000000000000e+00,-1.000000000000000000e+00,-1.000000000000000000e+00,-1.000000000000000000e+00,-1.000000000000000000e+00,-1.000000000000000000e+00,-1.000000000000000000e+00,-1.000000000000000000e+00,-1.000000000000000000e+00,-1.000000000000000000e+00,-1.000000000000000000e+00,-1.000000000000000000e+00,-1.000000000000000000e+00,-1.000000000000000000e+00,-1.000000000000000000e+00,-1.000000000000000000e+00,-1.208827812832102611e+00,-1.208855696926810719e+00,-1.208939185846446218e+00,-1.209077648451706732e+00,-1.209269463875938921e+00,-1.209510774880734107e+00,-1.209792764949525923e+00,-1.210095985072799696e+00,-1.210379011462249244e+00,-1.210556730477465370e+00,-1.210460601187627105e+00,-1.209769382787963421e+00,-1.207894643916064492e+00,-1.203802624820555334e+00,-1.195756367885509208e+00,-1.180975888403666740e+00,-1.155249328039051226e+00,-1.112597094871559111e+00,-1.045205614951900008e+00,-9.440084782429982724e-01,-8.004716201777760665e-01,-6.102465252656013028e-01,-3.791895522949590980e-01,-1.313425103786114434e-01,8.448131570355044140e-02,2.021526857118176590e-01,2.021526857331836791e-01,8.448131572076666984e-02,-1.313425103453610410e-01,-3.791895522499761917e-01,-6.102465252515167915e-01,-8.004716201987731594e-01,-9.440084782837540045e-01,-1.045205615065744276e+00,-1.112597095050397611e+00,-1.155249328204470238e+00,-1.180975888474679936e+00,-1.195756367853819224e+00,-1.203802624717847713e+00,-1.207894643855172312e+00,-1.209769382824694484e+00,-1.210460601340734632e+00,-1.210556730847887286e+00,-1.210379012016244760e+00,-1.210095986038234983e+00,-1.209792766356045490e+00,-1.209510776712983127e+00,-1.209269466290958883e+00,-1.209077650452195174e+00,-1.208939186935435561e+00,-1.208855696742342056e+00,-1.208827812265193202e+00,-1.000000000000000000e+00,-1.000000000000000000e+00,-1.000000000000000000e+00,-1.000000000000000000e+00,-1.000000000000000000e+00,-1.000000000000000000e+00,-1.000000000000000000e+00,-1.000000000000000000e+00,-1.000000000000000000e+00,-1.000000000000000000e+00,-1.000000000000000000e+00,-1.000000000000000000e+00,-1.000000000000000000e+00,-1.000000000000000000e+00,-1.000000000000000000e+00,-1.000000000000000000e+00,-1.000000000000000000e+00,-1.000000000000000000e+00,-1.000000000000000000e+00,-1.000000000000000000e+00,-1.000000000000000000e+00,-1.000000000000000000e+00,-1.000000000000000000e+00,-1.000000000000000000e+00,-1.000000000000000000e+00,-1.000000000000000000e+00,-1.000000000000000000e+00,-1.000000000000000000e+00,-1.000000000000000000e+00,-1.000000000000000000e+00,-1.000000000000000000e+00,-1.000000000000000000e+00,-1.000000000000000000e+00,-1.000000000000000000e+00,-1.000000000000000000e+00,-1.000000000000000000e+00,-1.000000000000000000e+00,-1.000000000000000000e+00,-1.000000000000000000e+00,-1.000000000000000000e+00,-1.000000000000000000e+00,-1.000000000000000000e+00,-1.000000000000000000e+00,-1.000000000000000000e+00,-1.000000000000000000e+00,-1.000000000000000000e+00
-1.000000000000000000e+00,-1.000000000000000000e+00,-1.000000000000000000e+00,-1.000000000000000000e+00,-1.000000000000000000e+00,-1.000000000000000000e+00,-1.000000000000000000e+00,-1.000000000000000000e+00,-1.000000000000000000e+00,-1.000000000000000000e+00,-1.000000000000000000e+00,-1.000000000000000000e+00,-1.000000000000000000e+00,-1.000000000000000000e+00,-1.000000000000000000e+00,-1.000000000000000000e+00,-1.000000000000000000e+00,-1.000000000000000000e+00,-1.000000000000000000e+00,-1.000000000000000000e+00,-1.000000000000000000e+00,-1.000000000000000000e+00,-1.000000000000000000e+00,-1.000000000000000000e+00,-1.000000000000000000e+00,-1.000000000000000000e+00,-1.000000000000000000e+00,-1.000000000000000000e+00,-1.000000000000000000e+00,-1.000000000000000000e+00,-1.000000000000000000e+00,-1.000000000000000000e+00,-1.000000000000000000e+00,-1.000000000000000000e+00,-1.000000000000000000e+00,-1.000000000000000000e+00,-1.000000000000000000e+00,-1.000000000000000000e+00,-1.000000000000000000e+00,-1.000000000000000000e+00,-1.000000000000000000e+00,-1.000000000000000000e+00,-1.000000000000000000e+00,-1.000000000000000000e+00,-1.000000000000000000e+00,-1.000000000000000000e+00,-1.208609787124192092e+00,-1.208637713967034122e+00,-1.208721328174396259e+00,-1.208859989443931582e+00,-1.209052062030373298e+00,-1.209293667413858131e+00,-1.209575961995301041e+00,-1.209879462086925539e+00,-1.210162698761970468e+00,-1.210340495839798747e+00,-1.210244218534119343e+00,-1.209552475579985353e+00,-1.207676585306657557e+00,-1.203582369901599725e+00,-1.195532188093562542e+00,-1.180744979996427135e+00,-1.155007284176752913e+00,-1.112337277821317638e+00,-1.044918555975146379e+00,-9.436815780380625185e-01,-8.000896110245411252e-01,-6.097933294813072669e-01,-3.786521914197683580e-01,-1.307173153072216376e-01,8.518130167573878531e-02,2.028937668945407502e-01,2.028937668948800344e-01,8.518130163813686373e-02,-1.307173153473170091e-01,-3.786521914725016202e-01,-6.097933295757309580e-01,-8.000896111531489163e-01,-9.436815782170230316e-01,-1.044918556242699914e+00,-1.112337278124751805e+00,-1.155007284407029822e+00,-1.180744980087618634e+00,-1.195532188055744793e+00,-1.203582369790253459e+00,-1.207676585223422361e+00,-1.209552475587392317e+00,-1.210244218637781533e+00,-1.210340496144022726e+00,-1.210162699212917525e+00,-1.209879462882843537e+00,-1.209575963153845857e+00,-1.209293669059693377e+00,-1.209052064307353458e+00,-1.208859991669563483e+00,-1.208721329680462198e+00,-1.208637714481979542e+00,-1.208609787240506162e+00,-1.000000000000000000e+00,-1.000000000000000000e+00,-1.000000000000000000e+00,-1.000000000000000000e+00,-1.000000000000000000e+00,-1.000000000000000000e+00,-1.000000000000000000e+00,-1.000000000000000000e+00,-1.000000000000000000e+00,-1.000000000000000000e+00,-1.000000000000000000e+00,-1.000000000000000000e+00,-1.000000000000000000e+00,-1.000000000000000000e+00,-1.000000000000000000e+00,-1.000000000000000000e+00,-1.000000000000000000e+00,-1.000000000000000000e+00,-1.000000000000000000e+00,-1.000000000000000000e+00,-1.000000000000000000e+00,-1.000000000000000000e+00,-1.000000000000000000e+00,-1.000000000000000000e+00,-1.000000000000000000e+00,-1.000000000000000000e+00,-1.000000000000000000e+00,-1.000000000000000000e+00,-1.000000000000000000e+00,-1.000000000000000000e+00,-1.000000000000000000e+00,-1.000000000000000000e+00,-1.000000000000000000e+00,-1.000000000000000000e+00,-1.000000000000000000e+00,-1.000000000000000000e+00,-1.000000000000000000e+00,-1.000000000000000000e+00,-1.000000000000000000e+00,-1.000000000000000000e+00,-1.000000000000000000e+00,-1.000000000000000000e+00,-1.000000000000000000e+00,-1.000000000000000000e+00,-1.000000000000000000e+00,-1.000000000000000000e+00
-1.000000000000000000e+00,-1.000000000000000000e+00,-1.000000000000000000e+00,-1.000000000000000000e+00,-1.000000000000000000e+00,-1.000000000000000000e+00,-1.000000000000000000e+00,-1.000000000000000000e+00,-1.000000000000000000e+00,-1.000000000000000000e+00,-1.000000000000000000e+00,-1.000000000000000000e+00,-1.000000000000000000e+00,-1.000000000000000000e+00,-1.000000000000000000e+00,-1.000000000000000000e+00,-1.000000000000000000e+00,-1.000000000000000000e+00,-1.000000000000000000e+00,-1.000000000000000000e+00,-1.000000000000000000e+00,-1.000000000000000000e+00,-1.000000000000000000e+00,-1.000000000000000000e+00,-1.000000000000000000e+00,-1.000000000000000000e+00,-1.000000000000000000e+00,-1.000000000000000000e+00,-1.000000000000000000e+00,-1.000000000000000000e+00,-1.000000000000000000e+00,-1.000000000000000000e+00,-1.000000000000000000e+00,-1.000000000000000000e+00,-1.000000000000000000e+00,-1.000000000000000000e+00,-1.000000000000000000e+00,-1.000000000000000000e+00,-1.000000000000000000e+00,-1.000000000000000000e+00,-1.000000000000000000e+00,-1.000000000000000000e+00,-1.000000000000000000e+00,-1.000000000000000000e+00,-1.000000000000000000e+00,-1.000000000000000000e+00,-1.208394256612515427e+00,-1.208422202123036193e+00,-1.208505870509096969e+00,-1.208644615795387622e+00,-1.208836793205551707e+00,-1.209078511155412761e+00,-1.209360909032972220e+00,-1.209664480192219171e+00,-1.209947723447234225e+00,-1.210125413823658569e+00,-1.210028837018501502e+00,-1.209336466219067985e+00,-1.207459385543563579e+00,-1.203363017911174726e+00,-1.195309062436159309e+00,-1.180515416981720911e+00,-1.154767062935834643e+00,-1.112080008428557809e+00,-1.044635094167150280e+00,-9.433597308745481635e-01,-7.997145806138969970e-01,-6.093495107886518491e-01,-3.781269612919802015e-01,-1.301070596730768969e-01,8.586399312584669374e-02,2.036162598041972860e-01,2.036162597809456631e-01,8.586399304660852216e-02,-1.301070597724915956e-01,-3.781269614377746890e-01,-6.093495109885154193e-01,-7.997145808657348809e-01,-9.433597312018351388e-01,-1.044635094556736421e+00,-1.112080008817815102e+00,-1.154767063221549428e+00,-1.180515417115205024e+00,-1.195309062425902846e+00,-1.203363017828205317e+00,-1.207459385472049451e+00,-1.209336466208533523e+00,-1.210028837070726837e+00,-1.210125414039991298e+00,-1.209947723771910288e+00,-1.209664480807016052e+00,-1.209360909939138029e+00,-1.209078512552032914e+00,-1.208836795184628166e+00,-1.208644617997783222e+00,-1.208505872194578057e+00,-1.208422203185755661e+00,-1.208394257309335584e+00,-1.000000000000000000e+00,-1.000000000000000000e+00,-1.000000000000000000e+00,-1.000000000000000000e+00,-1.000000000000000000e+00,-1.000000000000000000e+00,-1.000000000000000000e+00,-1.000000000000000000e+00,-1.000000000000000000e+00,-1.000000000000000000e+00,-1.000000000000000000e+00,-1.000000000000000000e+00,-1.000000000000000000e+00,-1.000000000000000000e+00,-1.000000000000000000e+00,-1.000000000000000000e+00,-1.000000000000000000e+00,-1.000000000000000000e+00,-1.000000000000000000e+00,-1.000000000000000000e+00,-1.000000000000000000e+00,-1.000000000000000000e+00,-1.000000000000000000e+00,-1.000000000000000000e+00,-1.000000000000000000e+00,-1.000000000000000000e+00,-1.000000000000000000e+00,-1.000000000000000000e+00,-1.000000000000000000e+00,-1.000000000000000000e+00,-1.000000000000000000e+00,-1.000000000000000000e+00,-1.000000000000000000e+00,-1.000000000000000000e+00,-1.000000000000000000e+00,-1.000000000000000000e+00,-1.000000000000000000e+00,-1.000000000000000000e+00,-1.000000000000000000e+00,-1.000000000000000000e+00,-1.000000000000000000e+00,-1.000000000000000000e+00,-1.000000000000000000e+00,-1.000000000000000000e+00,-1.000000000000000000e+00,-1.000000000000000000e+00
-1.000000000000000000e+00,-1.000000000000000000e+00,-1.000000000000000000e+00,-1.000000000000000000e+00,-1.000000000000000000e+00,-1.000000000000000000e+00,-1.000000000000000000e+00,-1.000000000000000000e+00,-1.000000000000000000e+00,-1.000000000000000000e+00,-1.000000000000000000e+00,-1.000000000000000000e+00,-1.000000000000000000e+00,-1.000000000000000000e+00,-1.000000000000000000e+00,-1.000000000000000000e+00,-1.000000000000000000e+00,-1.000000000000000000e+00,-1.000000000000000000e+00,-1.000000000000000000e+00,-1.000000000000000000e+00,-1.000000000000000000e+00,-1.000000000000000000e+00,-1.000000000000000000e+00,-1.000000000000000000e+00,-1.000000000000000000e+00,-1.000000000000000000e+00,-1.000000000000000000e+00,-1.000000000000000000e+00,-1.000000000000000000e+00,-1.000000000000000000e+00,-1.000000000000000000e+00,-1.000000000000000000e+00,-1.000000000000000000e+00,-1.000000000000000000e+00,-1.000000000000000000e+00,-1.000000000000000000e+00,-1.000000000000000000e+00,-1.000000000000000000e+00,-1.000000000000000000e+00,-1.000000000000000000e+00,-1.000000000000000000e+00,-1.000000000000000000e+00,-1.000000000000000000e+00,-1.000000000000000000e+00,-1.000000000000000000e+00,-1.208182151974996676e+00,-1.208210101750829324e+00,-1.208293781802103339e+00,-1.208432542781349373e+00,-1.208624734619800467e+00,-1.208866457924666404e+00,-1.209148841412786224e+00,-1.209452362871560549e+00,-1.209735497045371533e+00,-1.209912979014507783e+00,-1.209816024505847798e+00,-1.209122981763583793e+00,-1.207244713208500464e+00,-1.203146258698353455e+00,-1.195088680404194914e+00,-1.180288866762520872e+00,-1.154530289028395718e+00,-1.111826850360533081e+00,-1.044356717007510094e+00,-9.430443369117836871e-01,-7.993478355012993974e-01,-6.089162816853814775e-01,-3.776149865607556499e-01,-1.295127936596960350e-01,8.652839408282964051e-02,2.043191973391664806e-01,2.043191973023790187e-01,8.652839398193434839e-02,-1.295127938068595386e-01,-3.776149867920171044e-01,-6.089162820003448662e-01,-7.993478358948045148e-01,-9.430443373705376109e-01,-1.044356717472300966e+00,-1.111826850799644717e+00,-1.154530289362484252e+00,-1.180288866959984029e+00,-1.195088680455649310e+00,-1.203146258672431523e+00,-1.207244713166485628e+00,-1.209122981733916191e+00,-1.209816024490653508e+00,-1.209912979102605313e+00,-1.209735497217502065e+00,-1.209452363311951828e+00,-1.209148842101859023e+00,-1.208866459087497347e+00,-1.208624736251639797e+00,-1.208432544787833463e+00,-1.208293783429242430e+00,-1.208210103088257714e+00,-1.208182152992887781e+00,-1.000000000000000000e+00,-1.000000000000000000e+00,-1.000000000000000000e+00,-1.000000000000000000e+00,-1.000000000000000000e+00,-1.000000000000000000e+00,-1.000000000000000000e+00,-1.000000000000000000e+00,-1.000000000000000000e+00,-1.000000000000000000e+00,-1.000000000000000000e+00,-1.000000000000000000e+00,-1.000000000000000000e+00,-1.000000000000000000e+00,-1.000000000000000000e+00,-1.000000000000000000e+00,-1.000000000000000000e+00,-1.000000000000000000e+00,-1.000000000000000000e+00,-1.000000000000000000e+00,-1.000000000000000000e+00,-1.000000000000000000e+00,-1.000000000000000000e+00,-1.000000000000000000e+00,-1.000000000000000000e+00,-1.000000000000000000e+00,-1.000000000000000000e+00,-1.000000000000000000e+00,-1.000000000000000000e+00,-1.000000000000000000e+00,-1.000000000000000000e+00,-1.000000000000000000e+00,-1.000000000000000000e+00,-1.000000000000000000e+00,-1.000000000000000000e+00,-1.000000000000000000e+00,-1.000000000000000000e+00,-1.000000000000000000e+00,-1.000000000000000000e+00,-1.000000000000000000e+00,-1.000000000000000000e+00,-1.000000000000000000e+00,-1.000000000000000000e+00,-1.000000000000000000e+00,-1.000000000000000000e+00,-1.000000000000000000e+00
-1.000000000000000000e+00,-1.000000000000000000e+00,-1.000000000000000000e+00,-1.000000000000000000e+00,-1.000000000000000000e+00,-1.000000000000000000e+00,-1.000000000000000000e+00,-1.000000000000000000e+00,-1.000000000000000000e+00,-1.000000000000000000e+00,-1.000000000000000000e+00,-1.000000000000000000e+00,-1.000000000000000000e+00,-1.000000000000000000e+00,-1.000000000000000000e+00,-1.000000000000000000e+00,-1.000000000000000000e+00,-1.000000000000000000e+00,-1.000000000000000000e+00,-1.000000000000000000e+00,-1.000000000000000000e+00,-1.000000000000000000e+00,-1.000000000000000000e+00,-1.000000000000000000e+00,-1.000000000000000000e+00,-1.000000000000000000e+00,-1.000000000000000000e+00,-1.000000000000000000e+00,-1.000000000000000000e+00,-1.000000000000000000e+00,-1.000000000000000000e+00,-1.000000000000000000e+00,-1.000000000000000000e+00,-1.000000000000000000e+00,-1.000000000000000000e+00,-1.000000000000000000e+00,-1.000000000000000000e+00,-1.000000000000000000e+00,-1.000000000000000000e+00,-1.000000000000000000e+00,-1.000000000000000000e+00,-1.000000000000000000e+00,-1.000000000000000000e+00,-1.000000000000000000e+00,-1.000000000000000000e+00,-1.000000000000000000e+00,-1.207974167207000571e+00,-1.208002112956126695e+00,-1.208085780227660999e+00,-1.208224517850664093e+00,-1.208416672827716365e+00,-1.208658341242455414e+00,-1.208940645077243525e+00,-1.209244051161829869e+00,-1.209527015390479354e+00,-1.209704238696627243e+00,-1.209606873379806435e+00,-1.208913150619603583e+00,-1.207033721424924266e+00,-1.202933257178177895e+00,-1.194872204884293465e+00,-1.180066476226087957e+00,-1.154298079925652587e+00,-1.111578879469267367e+00,-1.044084448369503981e+00,-9.427363601072308308e-01,-7.989902747939208183e-01,-6.084944753586293276e-01,-3.771170382243840269e-01,-1.289352351702593991e-01,8.717382548209551274e-02,2.050019212695801674e-01,2.050019212305789207e-01,8.717382536104567592e-02,-1.289352353855479638e-01,-3.771170385472986109e-01,-6.084944757719621400e-01,-7.989902752813750064e-01,-9.427363606442877852e-01,-1.044084448905370666e+00,-1.111578879986727442e+00,-1.154298080334628329e+00,-1.180066476506470119e+00,-1.194872205010227617e+00,-1.202933257207605244e+00,-1.207033721400921467e+00,-1.208913150557417548e+00,-1.209606873287942586e+00,-1.209704238647371755e+00,-1.209527015416459017e+00,-1.209244051443138623e+00,-1.208940645583469475e+00,-1.208658342220105153e+00,-1.208416674156129966e+00,-1.208224519608913639e+00,-1.208085781648546186e+00,-1.208002114294529417e+00,-1.207974168247567759e+00,-1.000000000000000000e+00,-1.000000000000000000e+00,-1.000000000000000000e+00,-1.000000000000000000e+00,-1.000000000000000000e+00,-1.000000000000000000e+00,-1.000000000000000000e+00,-1.000000000000000000e+00,-1.000000000000000000e+00,-1.000000000000000000e+00,-1.000000000000000000e+00,-1.000000000000000000e+00,-1.000000000000000000e+00,-1.000000000000000000e+00,-1.000000000000000000e+00,-1.000000000000000000e+00,-1.000000000000000000e+00,-1.000000000000000000e+00,-1.000000000000000000e+00,-1.000000000000000000e+00,-1.000000000000000000e+00,-1.000000000000000000e+00,-1.000000000000000000e+00,-1.000000000000000000e+00,-1.000000000000000000e+00,-1.000000000000000000e+00,-1.000000000000000000e+00,-1.000000000000000000e+00,-1.000000000000000000e+00,-1.000000000000000000e+00,-1.000000000000000000e+00,-1.000000000000000000e+00,-1.000000000000000000e+00,-1.000000000000000000e+00,-1.000000000000000000e+00,-1.000000000000000000e+00,-1.000000000000000000e+00,-1.000000000000000000e+00,-1.000000000000000000e+00,-1.000000000000000000e+00,-1.000000000000000000e+00,-1.000000000000000000e+00,-1.000000000000000000e+00,-1.000000000000000000e+00,-1.000000000000000000e+00,-1.000000000000000000e+00
-1.000000000000000000e+00,-1.000000000000000000e+00,-1.000000000000000000e+00,-1.000000000000000000e+00,-1.000000000000000000e+00,-1.000000000000000000e+00,-1.000000000000000000e+00,-1.000000000000000000e+00,-1.000000000000000000e+00,-1.000000000000000000e+00,-1.000000000000000000e+00,-1.000000000000000000e+00,-1.000000000000000000e+00,-1.000000000000000000e+00,-1.000000000000000000e+00,-1.000000000000000000e+00,-1.000000000000000000e+00,-1.000000000000000000e+00,-1.000000000000000000e+00,-1.000000000000000000e+00,-1.000000000000000000e+00,-1.000000000000000000e+00,-1.000000000000000000e+00,-1.000000000000000000e+00,-1.000000000000000000e+00,-1.000000000000000000e+00,-1.000000000000000000e+00,-1.000000000000000000e+00,-1.000000000000000000e+00,-1.000000000000000000e+00,-1.000000000000000000e+00,-1.000000000000000000e+00,-1.000000000000000000e+00,-1.000000000000000000e+00,-1.000000000000000000e+00,-1.000000000000000000e+00,-1.000000000000000000e+00,-1.000000000000000000e+00,-1.000000000000000000e+00,-1.000000000000000000e+00,-1.000000000000000000e+00,-1.000000000000000000e+00,-1.000000000000000000e+00,-1.000000000000000000e+00,-1.000000000000000000e+00,-1.000000000000000000e+00,-1.207770825908575762e+00,-1.207798763166750167e+00,-1.207882404559512235e+00,-1.208021098118863490e+00,-1.208213189360882733e+00,-1.208454771840959285e+00,-1.208736963243695950e+00,-1.209040222302823819e+00,-1.209322989375587021e+00,-1.209499935132481552e+00,-1.209402153130509250e+00,-1.208707763649443878e+00,-1.206827215172204815e+00,-1.202724824170335660e+00,-1.194660443662746596e+00,-1.179849041084623851e+00,-1.154071210459817864e+00,-1.111336841487986948e+00,-1.043818997615430177e+00,-9.424364676196025359e-01,-7.986425195624526907e-01,-6.080846655322980077e-01,-3.766336449129051855e-01,-1.283748741011918604e-01,8.779982586291623647e-02,2.056639855126509708e-01,2.056639854749608975e-01,8.779982571979472183e-02,-1.283748743897525912e-01,-3.766336453290899389e-01,-6.080846660372133394e-01,-7.986425201090814330e-01,-9.424364681975757607e-01,-1.043818998218518868e+00,-1.111336842090689059e+00,-1.154071210956191917e+00,-1.179849041461444648e+00,-1.194660443873703848e+00,-1.202724824255564151e+00,-1.206827215157465716e+00,-1.208707763544348612e+00,-1.209402152958713783e+00,-1.209499934957584566e+00,-1.209322989276592208e+00,-1.209040222445759483e+00,-1.208736963611159787e+00,-1.208454772695755741e+00,-1.208213190470533105e+00,-1.208021099663966202e+00,-1.207882405741915965e+00,-1.207798764333276376e+00,-1.207770826752549098e+00,-1.000000000000000000e+00,-1.000000000000000000e+00,-1.000000000000000000e+00,-1.000000000000000000e+00,-1.000000000000000000e+00,-1.000000000000000000e+00,-1.000000000000000000e+00,-1.000000000000000000e+00,-1.000000000000000000e+00,-1.000000000000000000e+00,-1.000000000000000000e+00,-1.000000000000000000e+00,-1.000000000000000000e+00,-1.000000000000000000e+00,-1.000000000000000000e+00,-1.000000000000000000e+00,-1.000000000000000000e+00,-1.000000000000000000e+00,-1.000000000000000000e+00,-1.000000000000000000e+00,-1.000000000000000000e+00,-1.000000000000000000e+00,-1.000000000000000000e+00,-1.000000000000000000e+00,-1.000000000000000000e+00,-1.000000000000000000e+00,-1.000000000000000000e+00,-1.000000000000000000e+00,-1.000000000000000000e+00,-1.000000000000000000e+00,-1.000000000000000000e+00,-1.000000000000000000e+00,-1.000000000000000000e+00,-1.000000000000000000e+00,-1.000000000000000000e+00,-1.000000000000000000e+00,-1.000000000000000000e+00,-1.000000000000000000e+00,-1.000000000000000000e+00,-1.000000000000000000e+00,-1.000000000000000000e+00,-1.000000000000000000e+00,-1.000000000000000000e+00,-1.000000000000000000e+00,-1.000000000000000000e+00,-1.000000000000000000e+00
-1.000000000000000000e+00,-1.000000000000000000e+00,-1.000000000000000000e+00,-1.000000000000000000e+00,-1.000000000000000000e+00,-1.000000000000000000e+00,-1.000000000000000000e+00,-1.000000000000000000e+00,-1.000000000000000000e+00,-1.000000000000000000e+00,-1.000000000000000000e+00,-1.000000000000000000e+00,-1.000000000000000000e+00,-1.000000000000000000e+00,-1.000000000000000000e+00,-1.000000000000000000e+00,-1.000000000000000000e+00,-1.000000000000000000e+00,-1.000000000000000000e+00,-1.000000000000000000e+00,-1.000000000000000000e+00,-1.000000000000000000e+00,-1.000000000000000000e+00,-1.000000000000000000e+00,-1.000000000000000000e+00,-1.000000000000000000e+00,-1.000000000000000000e+00,-1.000000000000000000e+00,-1.000000000000000000e+00,-1.000000000000000000e+00,-1.000000000000000000e+00,-1.000000000000000000e+00,-1.000000000000000000e+00,-1.000000000000000000e+00,-1.000000000000000000e+00,-1.000000000000000000e+00,-1.000000000000000000e+00,-1.000000000000000000e+00,-1.000000000000000000e+00,-1.000000000000000000e+00,-1.000000000000000000e+00,-1.000000000000000000e+00,-1.000000000000000000e+00,-1.000000000000000000e+00,-1.000000000000000000e+00,-1.000000000000000000e+00,-1.207572528956610158e+00,-1.207600455628807357e+00,-1.207684065084810632e+00,-1.207822705194449897e+00,-1.208014720835765443e+00,-1.208256204203446149e+00,-1.208538270165861572e+00,-1.208841371155993771e+00,-1.209123934119289423e+00,-1.209300602115621626e+00,-1.209202413491835326e+00,-1.208507382737650682e+00,-1.206625763820733166e+00,-1.202521531212249251e+00,-1.194453964704883075e+00,-1.179637119811688173e+00,-1.153850223743148273e+00,-1.111101258563189420e+00,-1.043560860740407659e+00,-9.421451248651770971e-01,-7.983050015023761548e-01,-6.076872489324363080e-01,-3.761651697961456708e-01,-1.278320447091266798e-01,8.840608220868118039e-02,2.063050886396085026e-01,2.063050885822836911e-01,8.840608201985444836e-02,-1.278320450446132073e-01,-3.761651702573242106e-01,-6.076872495011811370e-01,-7.983050021088493597e-01,-9.421451255003675529e-01,-1.043560861415448127e+00,-1.111101259238703731e+00,-1.153850224321999240e+00,-1.179637120268102413e+00,-1.194453964974584226e+00,-1.202521531332952698e+00,-1.206625763811888907e+00,-1.208507382605891411e+00,-1.209202413268893661e+00,-1.209300601855737733e+00,-1.209123933926797623e+00,-1.208841371184957492e+00,-1.208538270431205097e+00,-1.208256204967245839e+00,-1.208014721796074831e+00,-1.207822706594503526e+00,-1.207684066078786644e+00,-1.207600456576291670e+00,-1.207572529505534398e+00,-1.000000000000000000e+00,-1.000000000000000000e+00,-1.000000000000000000e+00,-1.000000000000000000e+00,-1.000000000000000000e+00,-1.000000000000000000e+00,-1.000000000000000000e+00,-1.000000000000000000e+00,-1.000000000000000000e+00,-1.000000000000000000e+00,-1.000000000000000000e+00,-1.000000000000000000e+00,-1.000000000000000000e+00,-1.000000000000000000e+00,-1.000000000000000000e+00,-1.000000000000000000e+00,-1.000000000000000000e+00,-1.000000000000000000e+00,-1.000000000000000000e+00,-1.000000000000000000e+00,-1.000000000000000000e+00,-1.000000000000000000e+00,-1.000000000000000000e+00,-1.000000000000000000e+00,-1.000000000000000000e+00,-1.000000000000000000e+00,-1.000000000000000000e+00,-1.000000000000000000e+00,-1.000000000000000000e+00,-1.000000000000000000e+00,-1.000000000000000000e+00,-1.000000000000000000e+00,-1.000000000000000000e+00,-1.000000000000000000e+00,-1.000000000000000000e+00,-1.000000000000000000e+00,-1.000000000000000000e+00,-1.000000000000000000e+00,-1.000000000000000000e+00,-1.000000000000000000e+00,-1.000000000000000000e+00,-1.000000000000000000e+00,-1.000000000000000000e+00,-1.000000000000000000e+00,-1.000000000000000000e+00,-1.000000000000000000e+00
-1.000000000000000000e+00,-1.000000000000000000e+00,-1.000000000000000000e+00,-1.000000000000000000e+00,-1.000000000000000000e+00,-1.000000000000000000e+00,-1.000000000000000000e+00,-1.000000000000000000e+00,-1.000000000000000000e+00,-1.000000000000000000e+00,-1.000000000000000000e+00,-1.000000000000000000e+00,-1.000000000000000000e+00,-1.000000000000000000e+00,-1.000000000000000000e+00,-1.000000000000000000e+00,-1.000000000000000000e+00,-1.000000000000000000e+00,-1.000000000000000000e+00,-1.000000000000000000e+00,-1.000000000000000000e+00,-1.000000000000000000e+00,-1.000000000000000000e+00,-1.000000000000000000e+00,-1.000000000000000000e+00,-1.000000000000000000e+00,-1.000000000000000000e+00,-1.000000000000000000e+00,-1.000000000000000000e+00,-1.000000000000000000e+00,-1.000000000000000000e+00,-1.000000000000000000e+00,-1.000000000000000000e+00,-1.000000000000000000e+00,-1.000000000000000000e+00,-1.000000000000000000e+00,-1.000000000000000000e+00,-1.000000000000000000e+00,-1.000000000000000000e+00,-1.000000000000000000e+00,-1.000000000000000000e+00,-1.000000000000000000e+00,-1.000000000000000000e+00,-1.000000000000000000e+00,-1.000000000000000000e+00,-1.000000000000000000e+00,-1.207379588658722858e+00,-1.207407504100809881e+00,-1.207491079841975123e+00,-1.207629663922314300e+00,-1.207821601078281848e+00,-1.208062982822646791e+00,-1.208344922070298422e+00,-1.208647866072984689e+00,-1.208930229773520493e+00,-1.209106630495925039e+00,-1.209008054184800285e+00,-1.208312414002802759e+00,-1.206429776869259785e+00,-1.202323787742462624e+00,-1.194253173651014244e+00,-1.179431110334599797e+00,-1.153635505983662490e+00,-1.110872501244721144e+00,-1.043310388881966144e+00,-9.418626601733404158e-01,-7.979780235520300691e-01,-6.073025019367972455e-01,-3.757118636231587816e-01,-1.273069756706878275e-01,8.899238199861603249e-02,2.069250270482279053e-01,2.069250269503730699e-01,8.899238173132340002e-02,-1.273069760546942097e-01,-3.757118640989445257e-01,-6.073025025186815640e-01,-7.979780241907729055e-01,-9.418626608685785051e-01,-1.043310389628434809e+00,-1.110872501986958305e+00,-1.153635506637947783e+00,-1.179431110844316066e+00,-1.194253173953697900e+00,-1.202323787880051009e+00,-1.206429776861017489e+00,-1.208312413859834455e+00,-1.209008053939891969e+00,-1.209106630199287213e+00,-1.208930229532769074e+00,-1.208647866028415230e+00,-1.208344922267297061e+00,-1.208062983503866539e+00,-1.207821601932172584e+00,-1.207629665224284388e+00,-1.207491080704912401e+00,-1.207407504869315584e+00,-1.207379588926873248e+00,-1.000000000000000000e+00,-1.000000000000000000e+00,-1.000000000000000000e+00,-1.000000000000000000e+00,-1.000000000000000000e+00,-1.000000000000000000e+00,-1.000000000000000000e+00,-1.000000000000000000e+00,-1.000000000000000000e+00,-1.000000000000000000e+00,-1.000000000000000000e+00,-1.000000000000000000e+00,-1.000000000000000000e+00,-1.000000000000000000e+00,-1.000000000000000000e+00,-1.000000000000000000e+00,-1.000000000000000000e+00,-1.000000000000000000e+00,-1.000000000000000000e+00,-1.000000000000000000e+00,-1.000000000000000000e+00,-1.000000000000000000e+00,-1.000000000000000000e+00,-1.000000000000000000e+00,-1.000000000000000000e+00,-1.000000000000000000e+00,-1.000000000000000000e+00,-1.000000000000000000e+00,-1.000000000000000000e+00,-1.000000000000000000e+00,-1.000000000000000000e+00,-1.000000000000000000e+00,-1.000000000000000000e+00,-1.000000000000000000e+00,-1.000000000000000000e+00,-1.000000000000000000e+00,-1.000000000000000000e+00,-1.000000000000000000e+00,-1.000000000000000000e+00,-1.000000000000000000e+00,-1.000000000000000000e+00,-1.000000000000000000e+00,-1.000000000000000000e+00,-1.000000000000000000e+00,-1.000000000000000000e+00,-1.000000000000000000e+00
-1.000000000000000000e+00,-1.000000000000000000e+00,-1.000000000000000000e+00,-1.000000000000000000e+00,-1.000000000000000000e+00,-1.000000000000000000e+00,-1.000000000000000000e+00,-1.000000000000000000e+00,-1.000000000000000000e+00,-1.000000000000000000e+00,-1.000000000000000000e+00,-1.000000000000000000e+00,-1.000000000000000000e+00,-1.000000000000000000e+00,-1.000000000000000000e+00,-1.000000000000000000e+00,-1.000000000000000000e+00,-1.000000000000000000e+00,-1.000000000000000000e+00,-1.000000000000000000e+00,-1.000000000000000000e+00,-1.000000000000000000e+00,-1.000000000000000000e+00,-1.000000000000000000e+00,-1.000000000000000000e+00,-1.000000000000000000e+00,-1.000000000000000000e+00,-1.000000000000000000e+00,-1.000000000000000000e+00,-1.000000000000000000e+00,-1.000000000000000000e+00,-1.000000000000000000e+00,-1.000000000000000000e+00,-1.000000000000000000e+00,-1.000000000000000000e+00,-1.000000000000000000e+00,-1.000000000000000000e+00,-1.000000000000000000e+00,-1.000000000000000000e+00,-1.000000000000000000e+00,-1.000000000000000000e+00,-1.000000000000000000e+00,-1.000000000000000000e+00,-1.000000000000000000e+00,-1.000000000000000000e+00,-1.000000000000000000e+00,-1.207192253093881673e+00,-1.207220157518456460e+00,-1.207303700273891112e+00,-1.207442229701478187e+00,-1.207634090658237014e+00,-1.207875374380718903e+00,-1.208157192324865070e+00,-1.208459987233918786e+00,-1.208742163014327353e+00,-1.208918312664139627e+00,-1.208819372085373711e+00,-1.208123157179249896e+00,-1.206239554941180403e+00,-1.202131893023336895e+00,-1.194058365930339871e+00,-1.179231301635777163e+00,-1.153427336948997350e+00,-1.110650837208522201e+00,-1.043067834790755821e+00,-9.415893087236705261e-01,-7.976618012090781473e-01,-6.069306193424968132e-01,-3.752739011701633487e-01,-1.267998245775638910e-01,8.955858011797990237e-02,2.075236625885286124e-01,2.075236624821099607e-01,8.955857982979686938e-02,-1.267998249883340867e-01,-3.752739016675094019e-01,-6.069306199271238267e-01,-7.976618018715517788e-01,-9.415893094833424071e-01,-1.043067835606564353e+00,-1.110650837997010809e+00,-1.153427337630269722e+00,-1.179231302145627325e+00,-1.194058366242025437e+00,-1.202131893170432564e+00,-1.206239554946302750e+00,-1.208123157061181452e+00,-1.208819371861426850e+00,-1.208918312386124017e+00,-1.208742162779372187e+00,-1.208459987162454397e+00,-1.208157192485658671e+00,-1.207875374983083727e+00,-1.207634091420557221e+00,-1.207442230906184077e+00,-1.207303701040600030e+00,-1.207220158199690863e+00,-1.207192253179740771e+00,-1.000000000000000000e+00,-1.000000000000000000e+00,-1.000000000000000000e+00,-1.000000000000000000e+00,-1.000000000000000000e+00,-1.000000000000000000e+00,-1.000000000000000000e+00,-1.000000000000000000e+00,-1.000000000000000000e+00,-1.000000000000000000e+00,-1.000000000000000000e+00,-1.000000000000000000e+00,-1.000000000000000000e+00,-1.000000000000000000e+00,-1.000000000000000000e+00,-1.000000000000000000e+00,-1.000000000000000000e+00,-1.000000000000000000e+00,-1.000000000000000000e+00,-1.000000000000000000e+00,-1.000000000000000000e+00,-1.000000000000000000e+00,-1.000000000000000000e+00,-1.000000000000000000e+00,-1.000000000000000000e+00,-1.000000000000000000e+00,-1.000000000000000000e+00,-1.000000000000000000e+00,-1.000000000000000000e+00,-1.000000000000000000e+00,-1.000000000000000000e+00,-1.000000000000000000e+00,-1.000000000000000000e+00,-1.000000000000000000e+00,-1.000000000000000000e+00,-1.000000000000000000e+00,-1.000000000000000000e+00,-1.000000000000000000e+00,-1.000000000000000000e+00,-1.000000000000000000e+00,-1.000000000000000000e+00,-1.000000000000000000e+00,-1.000000000000000000e+00,-1.000000000000000000e+00,-1.000000000000000000e+00,-1.000000000000000000e+00
-1.000000000000000000e+00,-1.000000000000000000e+00,-1.000000000000000000e+00,-1.000000000000000000e+00,-1.000000000000000000e+00,-1.000000000000000000e+00,-1.000000000000000000e+00,-1.000000000000000000e+00,-1.000000000000000000e+00,-1.000000000000000000e+00,-1.000000000000000000e+00,-1.000000000000000000e+00,-1.000000000000000000e+00,-1.000000000000000000e+00,-1.000000000000000000e+00,-1.000000000000000000e+00,-1.000000000000000000e+00,-1.000000000000000000e+00,-1.000000000000000000e+00,-1.000000000000000000e+00,-1.000000000000000000e+00,-1.000000000000000000e+00,-1.000000000000000000e+00,-1.000000000000000000e+00,-1.000000000000000000e+00,-1.000000000000000000e+00,-1.000000000000000000e+00,-1.000000000000000000e+00,-1.000000000000000000e+00,-1.000000000000000000e+00,-1.000000000000000000e+00,-1.000000000000000000e+00,-1.000000000000000000e+00,-1.000000000000000000e+00,-1.000000000000000000e+00,-1.000000000000000000e+00,-1.000000000000000000e+00,-1.000000000000000000e+00,-1.000000000000000000e+00,-1.000000000000000000e+00,-1.000000000000000000e+00,-1.000000000000000000e+00,-1.000000000000000000e+00,-1.000000000000000000e+00,-1.000000000000000000e+00,-1.000000000000000000e+00,-1.207010723461517721e+00,-1.207038617544278436e+00,-1.207122129400005850e+00,-1.207260607712366207e+00,-1.207452397567155611e+00,-1.207693590145861195e+00,-1.207975295735757681e+00,-1.208277952965320257e+00,-1.208559955386662388e+00,-1.208735872808808454e+00,-1.208636593183129104e+00,-1.207939838969164459e+00,-1.206055324147565333e+00,-1.201946071096944957e+00,-1.193869761851632516e+00,-1.179037908487257313e+00,-1.153225923940013109e+00,-1.110436464157403380e+00,-1.042833384347823467e+00,-9.413252424333591328e-01,-7.973564906822530052e-01,-6.065717408245203668e-01,-3.748514061734813385e-01,-1.263107015582513037e-01,9.010457623202983157e-02,2.081009004081464386e-01,2.081009003226526044e-01,9.010457598097265652e-02,-1.263107019566361844e-01,-3.748514066805149758e-01,-6.065717414081214232e-01,-7.973564913619914929e-01,-9.413252432317160689e-01,-1.042833385198658647e+00,-1.110436464962214487e+00,-1.153225924617914178e+00,-1.179037908982616401e+00,-1.193869762166684279e+00,-1.201946071244140768e+00,-1.206055324174415855e+00,-1.207939838904962038e+00,-1.208636593017594407e+00,-1.208735872597717309e+00,-1.208559955206036651e+00,-1.208277952905809416e+00,-1.207975295884659239e+00,-1.207693590667863637e+00,-1.207452398228240353e+00,-1.207260608804612056e+00,-1.207122130107213476e+00,-1.207038618247271655e+00,-1.207010723489063020e+00,-1.000000000000000000e+00,-1.000000000000000000e+00,-1.000000000000000000e+00,-1.000000000000000000e+00,-1.000000000000000000e+00,-1.000000000000000000e+00,-1.000000000000000000e+00,-1.000000000000000000e+00,-1.000000000000000000e+00,-1.000000000000000000e+00,-1.000000000000000000e+00,-1.000000000000000000e+00,-1.000000000000000000e+00,-1.000000000000000000e+00,-1.000000000000000000e+00,-1.000000000000000000e+00,-1.000000000000000000e+00,-1.000000000000000000e+00,-1.000000000000000000e+00,-1.000000000000000000e+00,-1.000000000000000000e+00,-1.000000000000000000e+00,-1.000000000000000000e+00,-1.000000000000000000e+00,-1.000000000000000000e+00,-1.000000000000000000e+00,-1.000000000000000000e+00,-1.000000000000000000e+00,-1.000000000000000000e+00,-1.000000000000000000e+00,-1.000000000000000000e+00,-1.000000000000000000e+00,-1.000000000000000000e+00,-1.000000000000000000e+00,-1.000000000000000000e+00,-1.000000000000000000e+00,-1.000000000000000000e+00,-1.000000000000000000e+00,-1.000000000000000000e+00,-1.000000000000000000e+00,-1.000000000000000000e+00,-1.000000000000000000e+00,-1.000000000000000000e+00,-1.000000000000000000e+00,-1.000000000000000000e+00,-1.000000000000000000e+00
-1.000000000000000000e+00,-1.000000000000000000e+00,-1.000000000000000000e+00,-1.000000000000000000e+00,-1.000000000000000000e+00,-1.000000000000000000e+00,-1.000000000000000000e+00,-1.000000000000000000e+00,-1.000000000000000000e+00,-1.000000000000000000e+00,-1.000000000000000000e+00,-1.000000000000000000e+00,-1.000000000000000000e+00,-1.000000000000000000e+00,-1.000000000000000000e+00,-1.000000000000000000e+00,-1.000000000000000000e+00,-1.000000000000000000e+00,-1.000000000000000000e+00,-1.000000000000000000e+00,-1.000000000000000000e+00,-1.000000000000000000e+00,-1.000000000000000000e+00,-1.000000000000000000e+00,-1.000000000000000000e+00,-1.000000000000000000e+00,-1.000000000000000000e+00,-1.000000000000000000e+00,-1.000000000000000000e+00,-1.000000000000000000e+00,-1.000000000000000000e+00,-1.000000000000000000e+00,-1.000000000000000000e+00,-1.000000000000000000e+00,-1.000000000000000000e+00,-1.000000000000000000e+00,-1.000000000000000000e+00,-1.000000000000000000e+00,-1.000000000000000000e+00,-1.000000000000000000e+00,-1.000000000000000000e+00,-1.000000000000000000e+00,-1.000000000000000000e+00,-1.000000000000000000e+00,-1.000000000000000000e+00,-1.000000000000000000e+00,-1.206835166398064318e+00,-1.206863051042704527e+00,-1.206946534731423215e+00,-1.207084966501509538e+00,-1.207276691703877081e+00,-1.207517801555973325e+00,-1.207799405337190102e+00,-1.208101937801468573e+00,-1.208383782650600313e+00,-1.208559487480603378e+00,-1.208459894229770626e+00,-1.207762635584741728e+00,-1.205877259272304158e+00,-1.201766494331589330e+00,-1.193687530246954287e+00,-1.178851094887862105e+00,-1.153031424697738672e+00,-1.110229531979617157e+00,-1.042607177833989374e+00,-9.410705902163654102e-01,-7.970622080512931307e-01,-6.062259689623870074e-01,-3.744444683089017678e-01,-1.258396853927692405e-01,9.063029934476718452e-02,2.086566739276092264e-01,2.086566738534154641e-01,9.063029912128084398e-02,-1.258396857650014855e-01,-3.744444688087938955e-01,-6.062259695525749059e-01,-7.970622087402052802e-01,-9.410705909916419198e-01,-1.042607178644713306e+00,-1.110229532752988524e+00,-1.153031425355967698e+00,-1.178851095377383640e+00,-1.193687530570991306e+00,-1.201766494486792070e+00,-1.205877259335926821e+00,-1.207762635585215794e+00,-1.208459894140149427e+00,-1.208559487364708085e+00,-1.208383782557154618e+00,-1.208101937783040647e+00,-1.207799405494885514e+00,-1.207517801999153706e+00,-1.207276692254857453e+00,-1.207084967483959881e+00,-1.206946535414991306e+00,-1.206863051827064881e+00,-1.206835166431709627e+00,-1.000000000000000000e+00,-1.000000000000000000e+00,-1.000000000000000000e+00,-1.000000000000000000e+00,-1.000000000000000000e+00,-1.000000000000000000e+00,-1.000000000000000000e+00,-1.000000000000000000e+00,-1.000000000000000000e+00,-1.000000000000000000e+00,-1.000000000000000000e+00,-1.000000000000000000e+00,-1.000000000000000000e+00,-1.000000000000000000e+00,-1.000000000000000000e+00,-1.000000000000000000e+00,-1.000000000000000000e+00,-1.000000000000000000e+00,-1.000000000000000000e+00,-1.000000000000000000e+00,-1.000000000000000000e+00,-1.000000000000000000e+00,-1.000000000000000000e+00,-1.000000000000000000e+00,-1.000000000000000000e+00,-1.000000000000000000e+00,-1.000000000000000000e+00,-1.000000000000000000e+00,-1.000000000000000000e+00,-1.000000000000000000e+00,-1.000000000000000000e+00,-1.000000000000000000e+00,-1.000000000000000000e+00,-1.000000000000000000e+00,-1.000000000000000000e+00,-1.000000000000000000e+00,-1.000000000000000000e+00,-1.000000000000000000e+00,-1.000000000000000000e+00,-1.000000000000000000e+00,-1.000000000000000000e+00,-1.000000000000000000e+00,-1.000000000000000000e+00,-1.000000000000000000e+00,-1.000000000000000000e+00,-1.000000000000000000e+00
-1.000000000000000000e+00,-1.000000000000000000e+00,-1.000000000000000000e+00,-1.000000000000000000e+00,-1.000000000000000000e+00,-1.000000000000000000e+00,-1.000000000000000000e+00,-1.000000000000000000e+00,-1.000000000000000000e+00,-1.000000000000000000e+00,-1.000000000000000000e+00,-1.000000000000000000e+00,-1.000000000000000000e+00,-1.000000000000000000e+00,-1.000000000000000000e+00,-1.000000000000000000e+00,-1.000000000000000000e+00,-1.000000000000000000e+00,-1.000000000000000000e+00,-1.000000000000000000e+00,-1.000000000000000000e+00,-1.000000000000000000e+00,-1.000000000000000000e+00,-1.000000000000000000e+00,-1.000000000000000000e+00,-1.000000000000000000e+00,-1.000000000000000000e+00,-1.000000000000000000e+00,-1.000000000000000000e+00,-1.000000000000000000e+00,-1.000000000000000000e+00,-1.000000000000000000e+00,-1.000000000000000000e+00,-1.000000000000000000e+00,-1.000000000000000000e+00,-1.000000000000000000e+00,-1.000000000000000000e+00,-1.000000000000000000e+00,-1.000000000000000000e+00,-1.000000000000000000e+00,-1.000000000000000000e+00,-1.000000000000000000e+00,-1.000000000000000000e+00,-1.000000000000000000e+00,-1.000000000000000000e+00,-1.000000000000000000e+00,-1.206665722699721055e+00,-1.206693598898658459e+00,-1.206777057393596753e+00,-1.206915447561200949e+00,-1.207107115026013311e+00,-1.207348151060014363e+00,-1.207629664004428616e+00,-1.207932084900741776e+00,-1.208213788003615008e+00,-1.208389299573517484e+00,-1.208289417385395081e+00,-1.207591687953095683e+00,-1.205705499404864822e+00,-1.201593299284384075e+00,-1.193511804375236629e+00,-1.178670989862285134e+00,-1.152843962899697150e+00,-1.110030157732278200e+00,-1.042389324272612994e+00,-9.408254516451345362e-01,-7.967790422411009654e-01,-6.058933814713993726e-01,-3.740531546565529775e-01,-1.253868343727757573e-01,9.113569729430404109e-02,2.091909345217499716e-01,2.091909344583577912e-01,9.113569710895474962e-02,-1.253868346850132154e-01,-3.740531551088721596e-01,-6.058933820396394943e-01,-7.967790429007871600e-01,-9.408254523559661520e-01,-1.042389325028501013e+00,-1.110030158479086371e+00,-1.152843963545435058e+00,-1.178670990347453262e+00,-1.193511804701592904e+00,-1.201593299456766850e+00,-1.205705499512993661e+00,-1.207591688017761067e+00,-1.208289417385562503e+00,-1.208389299568298991e+00,-1.208213788013500434e+00,-1.207932084939614681e+00,-1.207629664182577445e+00,-1.207348151433339734e+00,-1.207107115478930570e+00,-1.206915448460635254e+00,-1.206777058075073406e+00,-1.206693599751626156e+00,-1.206665722720047240e+00,-1.000000000000000000e+00,-1.000000000000000000e+00,-1.000000000000000000e+00,-1.000000000000000000e+00,-1.000000000000000000e+00,-1.000000000000000000e+00,-1.000000000000000000e+00,-1.000000000000000000e+00,-1.000000000000000000e+00,-1.000000000000000000e+00,-1.000000000000000000e+00,-1.000000000000000000e+00,-1.000000000000000000e+00,-1.000000000000000000e+00,-1.000000000000000000e+00,-1.000000000000000000e+00,-1.000000000000000000e+00,-1.000000000000000000e+00,-1.000000000000000000e+00,-1.000000000000000000e+00,-1.000000000000000000e+00,-1.000000000000000000e+00,-1.000000000000000000e+00,-1.000000000000000000e+00,-1.000000000000000000e+00,-1.000000000000000000e+00,-1.000000000000000000e+00,-1.000000000000000000e+00,-1.000000000000000000e+00,-1.000000000000000000e+00,-1.000000000000000000e+00,-1.000000000000000000e+00,-1.000000000000000000e+00,-1.000000000000000000e+00,-1.000000000000000000e+00,-1.000000000000000000e+00,-1.000000000000000000e+00,-1.000000000000000000e+00,-1.000000000000000000e+00,-1.000000000000000000e+00,-1.000000000000000000e+00,-1.000000000000000000e+00,-1.000000000000000000e+00,-1.000000000000000000e+00,-1.000000000000000000e+00,-1.000000000000000000e+00
-1.000000000000000000e+00,-1.000000000000000000e+00,-1.000000000000000000e+00,-1.000000000000000000e+00,-1.000000000000000000e+00,-1.000000000000000000e+00,-1.000000000000000000e+00,-1.000000000000000000e+00,-1.000000000000000000e+00,-1.000000000000000000e+00,-1.000000000000000000e+00,-1.000000000000000000e+00,-1.000000000000000000e+00,-1.000000000000000000e+00,-1.000000000000000000e+00,-1.000000000000000000e+00,-1.000000000000000000e+00,-1.000000000000000000e+00,-1.000000000000000000e+00,-1.000000000000000000e+00,-1.000000000000000000e+00,-1.000000000000000000e+00,-1.000000000000000000e+00,-1.000000000000000000e+00,-1.000000000000000000e+00,-1.000000000000000000e+00,-1.000000000000000000e+00,-1.000000000000000000e+00,-1.000000000000000000e+00,-1.000000000000000000e+00,-1.000000000000000000e+00,-1.000000000000000000e+00,-1.000000000000000000e+00,-1.000000000000000000e+00,-1.000000000000000000e+00,-1.000000000000000000e+00,-1.000000000000000000e+00,-1.000000000000000000e+00,-1.000000000000000000e+00,-1.000000000000000000e+00,-1.000000000000000000e+00,-1.000000000000000000e+00,-1.000000000000000000e+00,-1.000000000000000000e+00,-1.000000000000000000e+00,-1.000000000000000000e+00,-1.206502513581841907e+00,-1.206530382324573880e+00,-1.206613818596570686e+00,-1.206752172087028674e+00,-1.206943788676669405e+00,-1.207184759682149222e+00,-1.207466192514224490e+00,-1.207768514621988754e+00,-1.208050091168649143e+00,-1.208225427901426619e+00,-1.208125280217452246e+00,-1.207427112038115258e+00,-1.205540158508769721e+00,-1.201426597417680764e+00,-1.193342692635168678e+00,-1.178497698072588529e+00,-1.152663638607269281e+00,-1.109838435813656377e+00,-1.042179911188908736e+00,-9.405899061981219944e-01,-7.965070637568396617e-01,-6.055740394593716047e-01,-3.736775174529713972e-01,-1.249521935508169923e-01,9.162072985143643322e-02,2.097036447315168139e-01,2.097036446755993211e-01,9.162072969305268266e-02,-1.249521938099109608e-01,-3.736775178326956492e-01,-6.055740399453731770e-01,-7.965070643250447002e-01,-9.405899068281454722e-01,-1.042179911894997257e+00,-1.109838436520104388e+00,-1.152663639222870628e+00,-1.178497698553060191e+00,-1.193342692981306907e+00,-1.201426597638428184e+00,-1.205540158679669904e+00,-1.207427112178438122e+00,-1.208125280316599603e+00,-1.208225427993587120e+00,-1.208050091268475068e+00,-1.207768514716207608e+00,-1.207466192719481191e+00,-1.207184760020507452e+00,-1.206943789084423457e+00,-1.206752172946140345e+00,-1.206613819276212585e+00,-1.206530383184750921e+00,-1.206502513520323117e+00,-1.000000000000000000e+00,-1.000000000000000000e+00,-1.000000000000000000e+00,-1.000000000000000000e+00,-1.000000000000000000e+00,-1.000000000000000000e+00,-1.000000000000000000e+00,-1.000000000000000000e+00,-1.000000000000000000e+00,-1.000000000000000000e+00,-1.000000000000000000e+00,-1.000000000000000000e+00,-1.000000000000000000e+00,-1.000000000000000000e+00,-1.000000000000000000e+00,-1.000000000000000000e+00,-1.000000000000000000e+00,-1.000000000000000000e+00,-1.000000000000000000e+00,-1.000000000000000000e+00,-1.000000000000000000e+00,-1.000000000000000000e+00,-1.000000000000000000e+00,-1.000000000000000000e+00,-1.000000000000000000e+00,-1.000000000000000000e+00,-1.000000000000000000e+00,-1.000000000000000000e+00,-1.000000000000000000e+00,-1.000000000000000000e+00,-1.000000000000000000e+00,-1.000000000000000000e+00,-1.000000000000000000e+00,-1.000000000000000000e+00,-1.000000000000000000e+00,-1.000000000000000000e+00,-1.000000000000000000e+00,-1.000000000000000000e+00,-1.000000000000000000e+00,-1.000000000000000000e+00,-1.000000000000000000e+00,-1.000000000000000000e+00,-1.000000000000000000e+00,-1.000000000000000000e+00,-1.000000000000000000e+00,-1.000000000000000000e+00
-1.000000000000000000e+00,-1.000000000000000000e+00,-1.000000000000000000e+00,-1.000000000000000000e+00,-1.000000000000000000e+00,-1.000000000000000000e+00,-1.000000000000000000e+00,-1.000000000000000000e+00,-1.000000000000000000e+00,-1.000000000000000000e+00,-1.000000000000000000e+00,-1.000000000000000000e+00,-1.000000000000000000e+00,-1.000000000000000000e+00,-1.000000000000000000e+00,-1.000000000000000000e+00,-1.000000000000000000e+00,-1.000000000000000000e+00,-1.000000000000000000e+00,-1.000000000000000000e+00,-1.000000000000000000e+00,-1.000000000000000000e+00,-1.000000000000000000e+00,-1.000000000000000000e+00,-1.000000000000000000e+00,-1.000000000000000000e+00,-1.000000000000000000e+00,-1.000000000000000000e+00,-1.000000000000000000e+00,-1.000000000000000000e+00,-1.000000000000000000e+00,-1.000000000000000000e+00,-1.000000000000000000e+00,-1.000000000000000000e+00,-1.000000000000000000e+00,-1.000000000000000000e+00,-1.000000000000000000e+00,-1.000000000000000000e+00,-1.000000000000000000e+00,-1.000000000000000000e+00,-1.000000000000000000e+00,-1.000000000000000000e+00,-1.000000000000000000e+00,-1.000000000000000000e+00,-1.000000000000000000e+00,-1.000000000000000000e+00,-1.206345645179021098e+00,-1.206373507403884604e+00,-1.206456924280524978e+00,-1.206595245786258763e+00,-1.206786818014046414e+00,-1.207027732311187984e+00,-1.207309095134597943e+00,-1.207611330434056107e+00,-1.207892794613338650e+00,-1.208067973722544819e+00,-1.207967582522864847e+00,-1.207269005886653090e+00,-1.205381332598832955e+00,-1.201266482359544030e+00,-1.193180285818888242e+00,-1.178331306945341161e+00,-1.152490535216982082e+00,-1.109654444750304281e+00,-1.041979011214596129e+00,-9.403640195559148651e-01,-7.962463305496434440e-01,-6.052679929124993308e-01,-3.733175993050956709e-01,-1.245357996905552822e-01,9.208536407313139271e-02,2.101947738565499435e-01,2.101947738221672246e-01,9.208536397401800855e-02,-1.245357998607281580e-01,-3.733175995657858071e-01,-6.052679932700288923e-01,-7.962463310158887086e-01,-9.403640201320285774e-01,-1.041979011872308902e+00,-1.109654445386214938e+00,-1.152490535788643911e+00,-1.178331307436250253e+00,-1.193180286210741459e+00,-1.201266482648741141e+00,-1.205381332843128650e+00,-1.207269006109818354e+00,-1.207967582707556664e+00,-1.208067973875805556e+00,-1.207892794773687495e+00,-1.207611330570387498e+00,-1.207309095371486007e+00,-1.207027732661617669e+00,-1.206786818431669461e+00,-1.206595246612594208e+00,-1.206456924921751162e+00,-1.206373508203516298e+00,-1.206345644982982357e+00,-1.000000000000000000e+00,-1.000000000000000000e+00,-1.000000000000000000e+00,-1.000000000000000000e+00,-1.000000000000000000e+00,-1.000000000000000000e+00,-1.000000000000000000e+00,-1.000000000000000000e+00,-1.000000000000000000e+00,-1.000000000000000000e+00,-1.000000000000000000e+00,-1.000000000000000000e+00,-1.000000000000000000e+00,-1.000000000000000000e+00,-1.000000000000000000e+00,-1.000000000000000000e+00,-1.000000000000000000e+00,-1.000000000000000000e+00,-1.000000000000000000e+00,-1.000000000000000000e+00,-1.000000000000000000e+00,-1.000000000000000000e+00,-1.000000000000000000e+00,-1.000000000000000000e+00,-1.000000000000000000e+00,-1.000000000000000000e+00,-1.000000000000000000e+00,-1.000000000000000000e+00,-1.000000000000000000e+00,-1.000000000000000000e+00,-1.000000000000000000e+00,-1.000000000000000000e+00,-1.000000000000000000e+00,-1.000000000000000000e+00,-1.000000000000000000e+00,-1.000000000000000000e+00,-1.000000000000000000e+00,-1.000000000000000000e+00,-1.000000000000000000e+00,-1.000000000000000000e+00,-1.000000000000000000e+00,-1.000000000000000000e+00,-1.000000000000000000e+00,-1.000000000000000000e+00,-1.000000000000000000e+00,-1.000000000000000000e+00
-1.000000000000000000e+00,-1.000000000000000000e+00,-1.000000000000000000e+00,-1.000000000000000000e+00,-1.000000000000000000e+00,-1.000000000000000000e+00,-1.000000000000000000e+00,-1.000000000000000000e+00,-1.000000000000000000e+00,-1.000000000000000000e+00,-1.000000000000000000e+00,-1.000000000000000000e+00,-1.000000000000000000e+00,-1.000000000000000000e+00,-1.000000000000000000e+00,-1.000000000000000000e+00,-1.000000000000000000e+00,-1.000000000000000000e+00,-1.000000000000000000e+00,-1.000000000000000000e+00,-1.000000000000000000e+00,-1.000000000000000000e+00,-1.000000000000000000e+00,-1.000000000000000000e+00,-1.000000000000000000e+00,-1.000000000000000000e+00,-1.000000000000000000e+00,-1.000000000000000000e+00,-1.000000000000000000e+00,-1.000000000000000000e+00,-1.000000000000000000e+00,-1.000000000000000000e+00,-1.000000000000000000e+00,-1.000000000000000000e+00,-1.000000000000000000e+00,-1.000000000000000000e+00,-1.000000000000000000e+00,-1.000000000000000000e+00,-1.000000000000000000e+00,-1.000000000000000000e+00,-1.000000000000000000e+00,-1.000000000000000000e+00,-1.000000000000000000e+00,-1.000000000000000000e+00,-1.000000000000000000e+00,-1.000000000000000000e+00,-1.206195211727993488e+00,-1.206223068305978252e+00,-1.206306468406197485e+00,-1.206444762277987248e+00,-1.206636296159514066e+00,-1.206877161411435084e+00,-1.207158463509870661e+00,-1.207460622993649535e+00,-1.207741987816197904e+00,-1.207917025164454650e+00,-1.207816410912648353e+00,-1.207117454372694132e+00,-1.205229104581649224e+00,-1.201113034800552093e+00,-1.193024662050824913e+00,-1.178171891566957674e+00,-1.152324724188116045e+00,-1.109478251702293417e+00,-1.041786686422643049e+00,-9.401478477951255019e-01,-7.959968919774360607e-01,-6.049752843321680729e-01,-3.729734365307642019e-01,-1.241376843953528875e-01,9.252957132908390392e-02,2.106642950566883776e-01,2.106642950631421041e-01,9.252957133702932602e-02,-1.241376844317990669e-01,-3.729734366462713613e-01,-6.049752845465410367e-01,-7.959968923335558610e-01,-9.401478483020702104e-01,-1.041786687015227919e+00,-1.109478252289470834e+00,-1.152324724757600727e+00,-1.178171892084717065e+00,-1.193024662479417186e+00,-1.201113035140209284e+00,-1.205229104886378577e+00,-1.207117454662345768e+00,-1.207816411154038150e+00,-1.207917025357711172e+00,-1.207741988029432445e+00,-1.207460623183937987e+00,-1.207158463809915760e+00,-1.206877161822404565e+00,-1.206636296608681214e+00,-1.206444763038202694e+00,-1.206306468976004131e+00,-1.206223069022653194e+00,-1.206195211411054125e+00,-1.000000000000000000e+00,-1.000000000000000000e+00,-1.000000000000000000e+00,-1.000000000000000000e+00,-1.000000000000000000e+00,-1.000000000000000000e+00,-1.000000000000000000e+00,-1.000000000000000000e+00,-1.000000000000000000e+00,-1.000000000000000000e+00,-1.000000000000000000e+00,-1.000000000000000000e+00,-1.000000000000000000e+00,-1.000000000000000000e+00,-1.000000000000000000e+00,-1.000000000000000000e+00,-1.000000000000000000e+00,-1.000000000000000000e+00,-1.000000000000000000e+00,-1.000000000000000000e+00,-1.000000000000000000e+00,-1.000000000000000000e+00,-1.000000000000000000e+00,-1.000000000000000000e+00,-1.000000000000000000e+00,-1.000000000000000000e+00,-1.000000000000000000e+00,-1.000000000000000000e+00,-1.000000000000000000e+00,-1.000000000000000000e+00,-1.000000000000000000e+00,-1.000000000000000000e+00,-1.000000000000000000e+00,-1.000000000000000000e+00,-1.000000000000000000e+00,-1.000000000000000000e+00,-1.000000000000000000e+00,-1.000000000000000000e+00,-1.000000000000000000e+00,-1.000000000000000000e+00,-1.000000000000000000e+00,-1.000000000000000000e+00,-1.000000000000000000e+00,-1.000000000000000000e+00,-1.000000000000000000e+00,-1.000000000000000000e+00
-1.000000000000000000e+00,-1.000000000000000000e+00,-1.000000000000000000e+00,-1.000000000000000000e+00,-1.000000000000000000e+00,-1.000000000000000000e+00,-1.000000000000000000e+00,-1.000000000000000000e+00,-1.000000000000000000e+00,-1.000000000000000000e+00,-1.000000000000000000e+00,-1.000000000000000000e+00,-1.000000000000000000e+00,-1.000000000000000000e+00,-1.000000000000000000e+00,-1.000000000000000000e+00,-1.000000000000000000e+00,-1.000000000000000000e+00,-1.000000000000000000e+00,-1.000000000000000000e+00,-1.000000000000000000e+00,-1.000000000000000000e+00,-1.000000000000000000e+00,-1.000000000000000000e+00,-1.000000000000000000e+00,-1.000000000000000000e+00,-1.000000000000000000e+00,-1.000000000000000000e+00,-1.000000000000000000e+00,-1.000000000000000000e+00,-1.000000000000000000e+00,-1.000000000000000000e+00,-1.000000000000000000e+00,-1.000000000000000000e+00,-1.000000000000000000e+00,-1.000000000000000000e+00,-1.000000000000000000e+00,-1.000000000000000000e+00,-1.000000000000000000e+00,-1.000000000000000000e+00,-1.000000000000000000e+00,-1.000000000000000000e+00,-1.000000000000000000e+00,-1.000000000000000000e+00,-1.000000000000000000e+00,-1.000000000000000000e+00,-1.206051297860587734e+00,-1.206079149587610200e+00,-1.206162535291391613e+00,-1.206300805489432637e+00,-1.206492306489261646e+00,-1.206733129635210400e+00,-1.207014379393445358e+00,-1.207316473002573387e+00,-1.207597750263393666e+00,-1.207772660327698810e+00,-1.207671841968354087e+00,-1.206972532407367238e+00,-1.205083547501066610e+00,-1.200966325721903871e+00,-1.192875890011126483e+00,-1.178019517955858575e+00,-1.152166268336962007e+00,-1.109309915625562359e+00,-1.041602991231495468e+00,-9.399414400955601323e-01,-7.957587914157433495e-01,-6.046959512193417208e-01,-3.726450614272917017e-01,-1.237578761075217582e-01,9.295332549817159062e-02,2.111121836272717989e-01,2.111121836749743075e-01,9.295332562166391810e-02,-1.237578759923617655e-01,-3.726450613849391358e-01,-6.046959512925049740e-01,-7.957587916634440983e-01,-9.399414405261286021e-01,-1.041602991775772091e+00,-1.109309916212580127e+00,-1.152166268913523250e+00,-1.178019518459606951e+00,-1.192875890445840747e+00,-1.200966326109173199e+00,-1.205083547873155414e+00,-1.206972532756206418e+00,-1.207671842252447059e+00,-1.207772660555453514e+00,-1.207597750517132251e+00,-1.207316473247929789e+00,-1.207014379763512002e+00,-1.206733130095627882e+00,-1.206492306936560954e+00,-1.206300806155183869e+00,-1.206162535823802173e+00,-1.206079150268366984e+00,-1.206051297500259967e+00,-1.000000000000000000e+00,-1.000000000000000000e+00,-1.000000000000000000e+00,-1.000000000000000000e+00,-1.000000000000000000e+00,-1.000000000000000000e+00,-1.000000000000000000e+00,-1.000000000000000000e+00,-1.000000000000000000e+00,-1.000000000000000000e+00,-1.000000000000000000e+00,-1.000000000000000000e+00,-1.000000000000000000e+00,-1.000000000000000000e+00,-1.000000000000000000e+00,-1.000000000000000000e+00,-1.000000000000000000e+00,-1.000000000000000000e+00,-1.000000000000000000e+00,-1.000000000000000000e+00,-1.000000000000000000e+00,-1.000000000000000000e+00,-1.000000000000000000e+00,-1.000000000000000000e+00,-1.000000000000000000e+00,-1.000000000000000000e+00,-1.000000000000000000e+00,-1.000000000000000000e+00,-1.000000000000000000e+00,-1.000000000000000000e+00,-1.000000000000000000e+00,-1.000000000000000000e+00,-1.000000000000000000e+00,-1.000000000000000000e+00,-1.000000000000000000e+00,-1.000000000000000000e+00,-1.000000000000000000e+00,-1.000000000000000000e+00,-1.000000000000000000e+00,-1.000000000000000000e+00,-1.000000000000000000e+00,-1.000000000000000000e+00,-1.000000000000000000e+00,-1.000000000000000000e+00,-1.000000000000000000e+00,-1.000000000000000000e+00
-1.000000000000000000e+00,-1.000000000000000000e+00,-1.000000000000000000e+00,-1.000000000000000000e+00,-1.000000000000000000e+00,-1.000000000000000000e+00,-1.000000000000000000e+00,-1.000000000000000000e+00,-1.000000000000000000e+00,-1.000000000000000000e+00,-1.000000000000000000e+00,-1.000000000000000000e+00,-1.000000000000000000e+00,-1.000000000000000000e+00,-1.000000000000000000e+00,-1.000000000000000000e+00,-1.000000000000000000e+00,-1.000000000000000000e+00,-1.000000000000000000e+00,-1.000000000000000000e+00,-1.000000000000000000e+00,-1.000000000000000000e+00,-1.000000000000000000e+00,-1.000000000000000000e+00,-1.000000000000000000e+00,-1.000000000000000000e+00,-1.000000000000000000e+00,-1.000000000000000000e+00,-1.000000000000000000e+00,-1.000000000000000000e+00,-1.000000000000000000e+00,-1.000000000000000000e+00,-1.000000000000000000e+00,-1.000000000000000000e+00,-1.000000000000000000e+00,-1.000000000000000000e+00,-1.000000000000000000e+00,-1.000000000000000000e+00,-1.000000000000000000e+00,-1.000000000000000000e+00,-1.000000000000000000e+00,-1.000000000000000000e+00,-1.000000000000000000e+00,-1.000000000000000000e+00,-1.000000000000000000e+00,-1.000000000000000000e+00,-1.205913980281922759e+00,-1.205941827877076378e+00,-1.206025201316474948e+00,-1.206163451382834984e+00,-1.206354924388472805e+00,-1.206595711634332213e+00,-1.206876916538392797e+00,-1.207178953171980540e+00,-1.207460153500011124e+00,-1.207634949441992900e+00,-1.207533944464060038e+00,-1.206834307198502376e+00,-1.204944726839864089e+00,-1.200826418672560125e+00,-1.192734031090058711e+00,-1.177874245107763063e+00,-1.152015223899992336e+00,-1.109149489393077115e+00,-1.041427974449736782e+00,-9.397448405891194456e-01,-7.955320679032646947e-01,-6.044300275553111668e-01,-3.723325036093497742e-01,-1.233964013670671989e-01,9.335660175062110433e-02,2.115384158111923707e-01,2.115384158933810710e-01,9.335660198104722696e-02,-1.233964010941501765e-01,-3.723325034022789692e-01,-6.044300274990301869e-01,-7.955320680611254192e-01,-9.397448409477766607e-01,-1.041427974950189350e+00,-1.109149489970896685e+00,-1.152015224452779929e+00,-1.177874245591202129e+00,-1.192734031556677898e+00,-1.200826419119348065e+00,-1.204944727266430871e+00,-1.206834307587230093e+00,-1.207533944785269098e+00,-1.207634949706661187e+00,-1.207460153787034862e+00,-1.207178953469159932e+00,-1.206876916949381817e+00,-1.206595712081133920e+00,-1.206354924781810167e+00,-1.206163451945671650e+00,-1.206025201862220175e+00,-1.205941828540270988e+00,-1.205913979893791010e+00,-1.000000000000000000e+00,-1.000000000000000000e+00,-1.000000000000000000e+00,-1.000000000000000000e+00,-1.000000000000000000e+00,-1.000000000000000000e+00,-1.000000000000000000e+00,-1.000000000000000000e+00,-1.000000000000000000e+00,-1.000000000000000000e+00,-1.000000000000000000e+00,-1.000000000000000000e+00,-1.000000000000000000e+00,-1.000000000000000000e+00,-1.000000000000000000e+00,-1.000000000000000000e+00,-1.000000000000000000e+00,-1.000000000000000000e+00,-1.000000000000000000e+00,-1.000000000000000000e+00,-1.000000000000000000e+00,-1.000000000000000000e+00,-1.000000000000000000e+00,-1.000000000000000000e+00,-1.000000000000000000e+00,-1.000000000000000000e+00,-1.000000000000000000e+00,-1.000000000000000000e+00,-1.000000000000000000e+00,-1.000000000000000000e+00,-1.000000000000000000e+00,-1.000000000000000000e+00,-1.000000000000000000e+00,-1.000000000000000000e+00,-1.000000000000000000e+00,-1.000000000000000000e+00,-1.000000000000000000e+00,-1.000000000000000000e+00,-1.000000000000000000e+00,-1.000000000000000000e+00,-1.000000000000000000e+00,-1.000000000000000000e+00,-1.000000000000000000e+00,-1.000000000000000000e+00,-1.000000000000000000e+00,-1.000000000000000000e+00
-1.000000000000000000e+00,-1.000000000000000000e+00,-1.000000000000000000e+00,-1.000000000000000000e+00,-1.000000000000000000e+00,-1.000000000000000000e+00,-1.000000000000000000e+00,-1.000000000000000000e+00,-1.000000000000000000e+00,-1.000000000000000000e+00,-1.000000000000000000e+00,-1.000000000000000000e+00,-1.000000000000000000e+00,-1.000000000000000000e+00,-1.000000000000000000e+00,-1.000000000000000000e+00,-1.000000000000000000e+00,-1.000000000000000000e+00,-1.000000000000000000e+00,-1.000000000000000000e+00,-1.000000000000000000e+00,-1.000000000000000000e+00,-1.000000000000000000e+00,-1.000000000000000000e+00,-1.000000000000000000e+00,-1.000000000000000000e+00,-1.000000000000000000e+00,-1.000000000000000000e+00,-1.000000000000000000e+00,-1.000000000000000000e+00,-1.000000000000000000e+00,-1.000000000000000000e+00,-1.000000000000000000e+00,-1.000000000000000000e+00,-1.000000000000000000e+00,-1.000000000000000000e+00,-1.000000000000000000e+00,-1.000000000000000000e+00,-1.000000000000000000e+00,-1.000000000000000000e+00,-1.000000000000000000e+00,-1.000000000000000000e+00,-1.000000000000000000e+00,-1.000000000000000000e+00,-1.000000000000000000e+00,-1.000000000000000000e+00,-1.205783328979647351e+00,-1.205811173089393451e+00,-1.205894536163455655e+00,-1.206032769230814150e+00,-1.206224218551922522e+00,-1.206464975377879112e+00,-1.206746142047510073e+00,-1.207048129598033315e+00,-1.207329262509755807e+00,-1.207503956274337709e+00,-1.207402780817365961e+00,-1.206702839717019193e+00,-1.204812702035425342e+00,-1.200693371394319753e+00,-1.192599141062858692e+00,-1.177736126543974082e+00,-1.151871641870188867e+00,-1.108997021038047759e+00,-1.041261680557033831e+00,-9.395580896512362168e-01,-7.953167573563166837e-01,-6.041775448312959318e-01,-3.720357908288469684e-01,-1.230532854618708871e-01,9.373937598713055763e-02,2.119429682644715651e-01,2.119429683629971972e-01,9.373937626432726766e-02,-1.230532851167662756e-01,-3.720357905342064342e-01,-6.041775446831516572e-01,-7.953167574139154983e-01,-9.395580899074814640e-01,-1.041261680987397131e+00,-1.108997021583165488e+00,-1.151871642411738339e+00,-1.177736127057076976e+00,-1.192599141561299092e+00,-1.200693371827165512e+00,-1.204812702438505578e+00,-1.206702840105019270e+00,-1.207402781164751637e+00,-1.207503956580036064e+00,-1.207329262844696771e+00,-1.207048129960263338e+00,-1.206746142477248984e+00,-1.206464975780681570e+00,-1.206224218899294875e+00,-1.206032769720963183e+00,-1.205894536764907432e+00,-1.205811173725646279e+00,-1.205783328542101795e+00,-1.000000000000000000e+00,-1.000000000000000000e+00,-1.000000000000000000e+00,-1.000000000000000000e+00,-1.000000000000000000e+00,-1.000000000000000000e+00,-1.000000000000000000e+00,-1.000000000000000000e+00,-1.000000000000000000e+00,-1.000000000000000000e+00,-1.000000000000000000e+00,-1.000000000000000000e+00,-1.000000000000000000e+00,-1.000000000000000000e+00,-1.000000000000000000e+00,-1.000000000000000000e+00,-1.000000000000000000e+00,-1.000000000000000000e+00,-1.000000000000000000e+00,-1.000000000000000000e+00,-1.000000000000000000e+00,-1.000000000000000000e+00,-1.000000000000000000e+00,-1.000000000000000000e+00,-1.000000000000000000e+00,-1.000000000000000000e+00,-1.000000000000000000e+00,-1.000000000000000000e+00,-1.000000000000000000e+00,-1.000000000000000000e+00,-1.000000000000000000e+00,-1.000000000000000000e+00,-1.000000000000000000e+00,-1.000000000000000000e+00,-1.000000000000000000e+00,-1.000000000000000000e+00,-1.000000000000000000e+00,-1.000000000000000000e+00,-1.000000000000000000e+00,-1.000000000000000000e+00,-1.000000000000000000e+00,-1.000000000000000000e+00,-1.000000000000000000e+00,-1.000000000000000000e+00,-1.000000000000000000e+00,-1.000000000000000000e+00
-1.000000000000000000e+00,-1.000000000000000000e+00,-1.000000000000000000e+00,-1.000000000000000000e+00,-1.000000000000000000e+00,-1.000000000000000000e+00,-1.000000000000000000e+00,-1.000000000000000000e+00,-1.000000000000000000e+00,-1.000000000000000000e+00,-1.000000000000000000e+00,-1.000000000000000000e+00,-1.000000000000000000e+00,-1.000000000000000000e+00,-1.000000000000000000e+00,-1.000000000000000000e+00,-1.000000000000000000e+00,-1.000000000000000000e+00,-1.000000000000000000e+00,-1.000000000000000000e+00,-1.000000000000000000e+00,-1.000000000000000000e+00,-1.000000000000000000e+00,-1.000000000000000000e+00,-1.000000000000000000e+00,-1.000000000000000000e+00,-1.000000000000000000e+00,-1.000000000000000000e+00,-1.000000000000000000e+00,-1.000000000000000000e+00,-1.000000000000000000e+00,-1.000000000000000000e+00,-1.000000000000000000e+00,-1.000000000000000000e+00,-1.000000000000000000e+00,-1.000000000000000000e+00,-1.000000000000000000e+00,-1.000000000000000000e+00,-1.000000000000000000e+00,-1.000000000000000000e+00,-1.000000000000000000e+00,-1.000000000000000000e+00,-1.000000000000000000e+00,-1.000000000000000000e+00,-1.000000000000000000e+00,-1.000000000000000000e+00,-1.205659408105143493e+00,-1.205687249301504282e+00,-1.205770603684991782e+00,-1.205908822507689937e+00,-1.206100251924101974e+00,-1.206340983135788081e+00,-1.206622117394361204e+00,-1.206924062820269539e+00,-1.207205136775088450e+00,-1.207379739171391630e+00,-1.207278408137886894e+00,-1.206578185707561257e+00,-1.204687527380360557e+00,-1.200567236685060157e+00,-1.192471271092512941e+00,-1.177605211467710689e+00,-1.151735569107937840e+00,-1.108852554688649628e+00,-1.041104150472858869e+00,-9.393812245532334737e-01,-7.951128931622473139e-01,-6.039385326733786030e-01,-3.717549496107437346e-01,-1.227285529800736796e-01,9.410162444248215685e-02,2.123258177815090519e-01,2.123258178824019016e-01,9.410162471727434585e-02,-1.227285526302878127e-01,-3.717549492759096852e-01,-6.039385324393076182e-01,-7.951128931108446540e-01,-9.393812247198246590e-01,-1.041104150852669941e+00,-1.108852555199134171e+00,-1.151735569639022128e+00,-1.177605211991748835e+00,-1.192471271560031854e+00,-1.200567237064858572e+00,-1.204687527778428358e+00,-1.206578186125002228e+00,-1.207278408523881241e+00,-1.207379739522509432e+00,-1.207205137154699237e+00,-1.206924063217126308e+00,-1.206622117790423498e+00,-1.206340983468533912e+00,-1.206100252240371207e+00,-1.205908822934355973e+00,-1.205770604338238794e+00,-1.205687249887351209e+00,-1.205659407608577816e+00,-1.000000000000000000e+00,-1.000000000000000000e+00,-1.000000000000000000e+00,-1.000000000000000000e+00,-1.000000000000000000e+00,-1.000000000000000000e+00,-1.000000000000000000e+00,-1.000000000000000000e+00,-1.000000000000000000e+00,-1.000000000000000000e+00,-1.000000000000000000e+00,-1.000000000000000000e+00,-1.000000000000000000e+00,-1.000000000000000000e+00,-1.000000000000000000e+00,-1.000000000000000000e+00,-1.000000000000000000e+00,-1.000000000000000000e+00,-1.000000000000000000e+00,-1.000000000000000000e+00,-1.000000000000000000e+00,-1.000000000000000000e+00,-1.000000000000000000e+00,-1.000000000000000000e+00,-1.000000000000000000e+00,-1.000000000000000000e+00,-1.000000000000000000e+00,-1.000000000000000000e+00,-1.000000000000000000e+00,-1.000000000000000000e+00,-1.000000000000000000e+00,-1.000000000000000000e+00,-1.000000000000000000e+00,-1.000000000000000000e+00,-1.000000000000000000e+00,-1.000000000000000000e+00,-1.000000000000000000e+00,-1.000000000000000000e+00,-1.000000000000000000e+00,-1.000000000000000000e+00,-1.000000000000000000e+00,-1.000000000000000000e+00,-1.000000000000000000e+00,-1.000000000000000000e+00,-1.000000000000000000e+00,-1.000000000000000000e+00
-1.000000000000000000e+00,-1.000000000000000000e+00,-1.000000000000000000e+00,-1.000000000000000000e+00,-1.000000000000000000e+00,-1.000000000000000000e+00,-1.000000000000000000e+00,-1.000000000000000000e+00,-1.000000000000000000e+00,-1.000000000000000000e+00,-1.000000000000000000e+00,-1.000000000000000000e+00,-1.000000000000000000e+00,-1.000000000000000000e+00,-1.000000000000000000e+00,-1.000000000000000000e+00,-1.000000000000000000e+00,-1.000000000000000000e+00,-1.000000000000000000e+00,-1.000000000000000000e+00,-1.000000000000000000e+00,-1.000000000000000000e+00,-1.000000000000000000e+00,-1.000000000000000000e+00,-1.000000000000000000e+00,-1.000000000000000000e+00,-1.000000000000000000e+00,-1.000000000000000000e+00,-1.000000000000000000e+00,-1.000000000000000000e+00,-1.000000000000000000e+00,-1.000000000000000000e+00,-1.000000000000000000e+00,-1.000000000000000000e+00,-1.000000000000000000e+00,-1.000000000000000000e+00,-1.000000000000000000e+00,-1.000000000000000000e+00,-1.000000000000000000e+00,-1.000000000000000000e+00,-1.000000000000000000e+00,-1.000000000000000000e+00,-1.000000000000000000e+00,-1.000000000000000000e+00,-1.000000000000000000e+00,-1.000000000000000000e+00,-1.205542276639861576e+00,-1.205570115419302368e+00,-1.205653462561199429e+00,-1.205791669524479470e+00,-1.205983082326281597e+00,-1.206223792112567583e+00,-1.206504899068854053e+00,-1.206806808508540163e+00,-1.207087831014713952e+00,-1.207262351806501099e+00,-1.207160879004523180e+00,-1.206460396550100178e+00,-1.204569252879729602e+00,-1.200448063071948512e+00,-1.192350468212819870e+00,-1.177481545251317874e+00,-1.151607048967759672e+00,-1.108716131285933493e+00,-1.040955422271336417e+00,-9.392142800537102154e-01,-7.949205065737028342e-01,-6.037130190702890697e-01,-3.714900054108100091e-01,-1.224222279280401393e-01,9.444332361894480776e-02,2.126869412619094568e-01,2.126869413460541480e-01,9.444332384305131889e-02,-1.224222276306543566e-01,-3.714900050979393908e-01,-6.037130188185502178e-01,-7.949205064783998465e-01,-9.392142801654326245e-01,-1.040955422574793232e+00,-1.108716131696705576e+00,-1.151607049426575768e+00,-1.177481545726544176e+00,-1.192350468633980753e+00,-1.200448063457719039e+00,-1.204569253313424460e+00,-1.206460396972891758e+00,-1.207160879396541375e+00,-1.207262352187893129e+00,-1.207087831411060685e+00,-1.206806808896279559e+00,-1.206504899411643406e+00,-1.206223792389833127e+00,-1.205983082632645198e+00,-1.205791669887777307e+00,-1.205653463253615776e+00,-1.205570115962377953e+00,-1.205542276125109780e+00,-1.000000000000000000e+00,-1.000000000000000000e+00,-1.000000000000000000e+00,-1.000000000000000000e+00,-1.000000000000000000e+00,-1.000000000000000000e+00,-1.000000000000000000e+00,-1.000000000000000000e+00,-1.000000000000000000e+00,-1.000000000000000000e+00,-1.000000000000000000e+00,-1.000000000000000000e+00,-1.000000000000000000e+00,-1.000000000000000000e+00,-1.000000000000000000e+00,-1.000000000000000000e+00,-1.000000000000000000e+00,-1.000000000000000000e+00,-1.000000000000000000e+00,-1.000000000000000000e+00,-1.000000000000000000e+00,-1.000000000000000000e+00,-1.000000000000000000e+00,-1.000000000000000000e+00,-1.000000000000000000e+00,-1.000000000000000000e+00,-1.000000000000000000e+00,-1.000000000000000000e+00,-1.000000000000000000e+00,-1.000000000000000000e+00,-1.000000000000000000e+00,-1.000000000000000000e+00,-1.000000000000000000e+00,-1.000000000000000000e+00,-1.000000000000000000e+00,-1.000000000000000000e+00,-1.000000000000000000e+00,-1.000000000000000000e+00,-1.000000000000000000e+00,-1.000000000000000000e+00,-1.000000000000000000e+00,-1.000000000000000000e+00,-1.000000000000000000e+00,-1.000000000000000000e+00,-1.000000000000000000e+00,-1.000000000000000000e+00
-1.000000000000000000e+00,-1.000000000000000000e+00,-1.000000000000000000e+00,-1.000000000000000000e+00,-1.000000000000000000e+00,-1.000000000000000000e+00,-1.000000000000000000e+00,-1.000000000000000000e+00,-1.000000000000000000e+00,-1.000000000000000000e+00,-1.000000000000000000e+00,-1.000000000000000000e+00,-1.000000000000000000e+00,-1.000000000000000000e+00,-1.000000000000000000e+00,-1.000000000000000000e+00,-1.000000000000000000e+00,-1.000000000000000000e+00,-1.000000000000000000e+00,-1.000000000000000000e+00,-1.000000000000000000e+00,-1.000000000000000000e+00,-1.000000000000000000e+00,-1.000000000000000000e+00,-1.000000000000000000e+00,-1.000000000000000000e+00,-1.000000000000000000e+00,-1.000000000000000000e+00,-1.000000000000000000e+00,-1.000000000000000000e+00,-1.000000000000000000e+00,-1.000000000000000000e+00,-1.000000000000000000e+00,-1.000000000000000000e+00,-1.000000000000000000e+00,-1.000000000000000000e+00,-1.000000000000000000e+00,-1.000000000000000000e+00,-1.000000000000000000e+00,-1.000000000000000000e+00,-1.000000000000000000e+00,-1.000000000000000000e+00,-1.000000000000000000e+00,-1.000000000000000000e+00,-1.000000000000000000e+00,-1.000000000000000000e+00,-1.205431988879709371e+00,-1.205459825674546792e+00,-1.205543166829504020e+00,-1.205681363984309362e+00,-1.205872763010640281e+00,-1.206113454976210697e+00,-1.206394539051904857e+00,-1.206696417893261764e+00,-1.206977395630755678e+00,-1.207151843628854859e+00,-1.207050241843973692e+00,-1.206349519654842606e+00,-1.204457924844928751e+00,-1.200335895556965848e+00,-1.192236775958704698e+00,-1.177365169840376868e+00,-1.151486121553571440e+00,-1.108587788769690663e+00,-1.040815531395048010e+00,-9.390572887388377588e-01,-7.947396271218509778e-01,-6.035010307082215864e-01,-3.712409827734327594e-01,-1.221343337482115876e-01,9.476445032717406569e-02,2.130263157790863726e-01,2.130263158373655319e-01,9.476445048129633619e-02,-1.221343335314067913e-01,-3.712409825350841963e-01,-6.035010305084634874e-01,-7.947396270301569920e-01,-9.390572887874765184e-01,-1.040815531578357378e+00,-1.108587789055980988e+00,-1.151486121937946194e+00,-1.177365170272523409e+00,-1.192236776369812068e+00,-1.200335895969606437e+00,-1.204457925251426254e+00,-1.206349520005588261e+00,-1.207050242215449209e+00,-1.207151844022595455e+00,-1.206977396010813885e+00,-1.206696418265736481e+00,-1.206394539380567288e+00,-1.206113455231959675e+00,-1.205872763301488959e+00,-1.205681364261807831e+00,-1.205543167541691663e+00,-1.205459826200705020e+00,-1.205431988389507492e+00,-1.000000000000000000e+00,-1.000000000000000000e+00,-1.000000000000000000e+00,-1.000000000000000000e+00,-1.000000000000000000e+00,-1.000000000000000000e+00,-1.000000000000000000e+00,-1.000000000000000000e+00,-1.000000000000000000e+00,-1.000000000000000000e+00,-1.000000000000000000e+00,-1.000000000000000000e+00,-1.000000000000000000e+00,-1.000000000000000000e+00,-1.000000000000000000e+00,-1.000000000000000000e+00,-1.000000000000000000e+00,-1.000000000000000000e+00,-1.000000000000000000e+00,-1.000000000000000000e+00,-1.000000000000000000e+00,-1.000000000000000000e+00,-1.000000000000000000e+00,-1.000000000000000000e+00,-1.000000000000000000e+00,-1.000000000000000000e+00,-1.000000000000000000e+00,-1.000000000000000000e+00,-1.000000000000000000e+00,-1.000000000000000000e+00,-1.000000000000000000e+00,-1.000000000000000000e+00,-1.000000000000000000e+00,-1.000000000000000000e+00,-1.000000000000000000e+00,-1.000000000000000000e+00,-1.000000000000000000e+00,-1.000000000000000000e+00,-1.000000000000000000e+00,-1.000000000000000000e+00,-1.000000000000000000e+00,-1.000000000000000000e+00,-1.000000000000000000e+00,-1.000000000000000000e+00,-1.000000000000000000e+00,-1.000000000000000000e+00
-1.000000000000000000e+00,-1.000000000000000000e+00,-1.000000000000000000e+00,-1.000000000000000000e+00,-1.000000000000000000e+00,-1.000000000000000000e+00,-1.000000000000000000e+00,-1.000000000000000000e+00,-1.000000000000000000e+00,-1.000000000000000000e+00,-1.000000000000000000e+00,-1.000000000000000000e+00,-1.000000000000000000e+00,-1.000000000000000000e+00,-1.000000000000000000e+00,-1.000000000000000000e+00,-1.000000000000000000e+00,-1.000000000000000000e+00,-1.000000000000000000e+00,-1.000000000000000000e+00,-1.000000000000000000e+00,-1.000000000000000000e+00,-1.000000000000000000e+00,-1.000000000000000000e+00,-1.000000000000000000e+00,-1.000000000000000000e+00,-1.000000000000000000e+00,-1.000000000000000000e+00,-1.000000000000000000e+00,-1.000000000000000000e+00,-1.000000000000000000e+00,-1.000000000000000000e+00,-1.000000000000000000e+00,-1.000000000000000000e+00,-1.000000000000000000e+00,-1.000000000000000000e+00,-1.000000000000000000e+00,-1.000000000000000000e+00,-1.000000000000000000e+00,-1.000000000000000000e+00,-1.000000000000000000e+00,-1.000000000000000000e+00,-1.000000000000000000e+00,-1.000000000000000000e+00,-1.000000000000000000e+00,-1.000000000000000000e+00,-1.205328594783899421e+00,-1.205356429962179066e+00,-1.205439766213915354e+00,-1.205577955331979867e+00,-1.205769343054098552e+00,-1.206010020313337261e+00,-1.206291085300467136e+00,-1.206592938199874343e+00,-1.206873877097490499e+00,-1.207048260291705866e+00,-1.206946541329540379e+00,-1.206245598667770924e+00,-1.204353585978600538e+00,-1.200230775830040120e+00,-1.192130234782534881e+00,-1.177256124257794800e+00,-1.151372824205739498e+00,-1.108467562461321831e+00,-1.040684510851862310e+00,-9.389102810852709702e-01,-7.945702826565282928e-01,-6.033025930035105233e-01,-3.710079053207240296e-01,-1.218648932514222460e-01,9.506498178139022315e-02,2.133439186726271419e-01,2.133439187161980666e-01,9.506498189151435518e-02,-1.218648931024336468e-01,-3.710079051789149096e-01,-6.033025929085626959e-01,-7.945702826372518235e-01,-9.389102811455990460e-01,-1.040684510986985112e+00,-1.108467562669760875e+00,-1.151372824499105940e+00,-1.177256124589634689e+00,-1.192130235129580829e+00,-1.200230776201459015e+00,-1.204353586322247205e+00,-1.206245598998261004e+00,-1.206946541731317879e+00,-1.207048260689717933e+00,-1.206873877465263423e+00,-1.206592938598830989e+00,-1.206291085647729133e+00,-1.206010020549454387e+00,-1.205769343333354060e+00,-1.205577955588154060e+00,-1.205439767050491717e+00,-1.205356430645994958e+00,-1.205328594519777585e+00,-1.000000000000000000e+00,-1.000000000000000000e+00,-1.000000000000000000e+00,-1.000000000000000000e+00,-1.000000000000000000e+00,-1.000000000000000000e+00,-1.000000000000000000e+00,-1.000000000000000000e+00,-1.000000000000000000e+00,-1.000000000000000000e+00,-1.000000000000000000e+00,-1.000000000000000000e+00,-1.000000000000000000e+00,-1.000000000000000000e+00,-1.000000000000000000e+00,-1.000000000000000000e+00,-1.000000000000000000e+00,-1.000000000000000000e+00,-1.000000000000000000e+00,-1.000000000000000000e+00,-1.000000000000000000e+00,-1.000000000000000000e+00,-1.000000000000000000e+00,-1.000000000000000000e+00,-1.000000000000000000e+00,-1.000000000000000000e+00,-1.000000000000000000e+00,-1.000000000000000000e+00,-1.000000000000000000e+00,-1.000000000000000000e+00,-1.000000000000000000e+00,-1.000000000000000000e+00,-1.000000000000000000e+00,-1.000000000000000000e+00,-1.000000000000000000e+00,-1.000000000000000000e+00,-1.000000000000000000e+00,-1.000000000000000000e+00,-1.000000000000000000e+00,-1.000000000000000000e+00,-1.000000000000000000e+00,-1.000000000000000000e+00,-1.000000000000000000e+00,-1.000000000000000000e+00,-1.000000000000000000e+00,-1.000000000000000000e+00
-1.000000000000000000e+00,-1.000000000000000000e+00,-1.000000000000000000e+00,-1.000000000000000000e+00,-1.000000000000000000e+00,-1.000000000000000000e+00,-1.000000000000000000e+00,-1.000000000000000000e+00,-1.000000000000000000e+00,-1.000000000000000000e+00,-1.000000000000000000e+00,-1.000000000000000000e+00,-1.000000000000000000e+00,-1.000000000000000000e+00,-1.000000000000000000e+00,-1.000000000000000000e+00,-1.000000000000000000e+00,-1.000000000000000000e+00,-1.000000000000000000e+00,-1.000000000000000000e+00,-1.000000000000000000e+00,-1.000000000000000000e+00,-1.000000000000000000e+00,-1.000000000000000000e+00,-1.000000000000000000e+00,-1.000000000000000000e+00,-1.000000000000000000e+00,-1.000000000000000000e+00,-1.000000000000000000e+00,-1.000000000000000000e+00,-1.000000000000000000e+00,-1.000000000000000000e+00,-1.000000000000000000e+00,-1.000000000000000000e+00,-1.000000000000000000e+00,-1.000000000000000000e+00,-1.000000000000000000e+00,-1.000000000000000000e+00,-1.000000000000000000e+00,-1.000000000000000000e+00,-1.000000000000000000e+00,-1.000000000000000000e+00,-1.000000000000000000e+00,-1.000000000000000000e+00,-1.000000000000000000e+00,-1.000000000000000000e+00,-1.205232140299101085e+00,-1.205259974164548442e+00,-1.205343306424801586e+00,-1.205481488995276074e+00,-1.205672867533084114e+00,-1.205913532797593613e+00,-1.206194582007415583e+00,-1.206496412984093158e+00,-1.206777318237760799e+00,-1.206951643910509242e+00,-1.206849818804564434e+00,-1.206148673977921248e+00,-1.204256275671423904e+00,-1.200132742310097367e+00,-1.192030882014822657e+00,-1.177154444571702152e+00,-1.151267191562568959e+00,-1.108355485281405484e+00,-1.040562391519968211e+00,-9.387732856987093255e-01,-7.944124994474219825e-01,-6.031177301129320156e-01,-3.707907957098783847e-01,-1.216139285068997822e-01,9.534489578010996169e-02,2.136397277443764509e-01,2.136397277692207997e-01,9.534489583864291795e-02,-1.216139284306057000e-01,-3.707907956515855696e-01,-6.031177300933624474e-01,-7.944124994852524990e-01,-9.387732857966321065e-01,-1.040562391661589148e+00,-1.108355485451888001e+00,-1.151267191767769482e+00,-1.177154444799173305e+00,-1.192030882287093529e+00,-1.200132742633116534e+00,-1.204256276011458127e+00,-1.206148674362061302e+00,-1.206849819213186015e+00,-1.206951644259161460e+00,-1.206777318590250836e+00,-1.206496413389656075e+00,-1.206194582314461528e+00,-1.205913532979308478e+00,-1.205672867827547678e+00,-1.205481489330219258e+00,-1.205343307464048941e+00,-1.205259975082985990e+00,-1.205232140346648828e+00,-1.000000000000000000e+00,-1.000000000000000000e+00,-1.000000000000000000e+00,-1.000000000000000000e+00,-1.000000000000000000e+00,-1.000000000000000000e+00,-1.000000000000000000e+00,-1.000000000000000000e+00,-1.000000000000000000e+00,-1.000000000000000000e+00,-1.000000000000000000e+00,-1.000000000000000000e+00,-1.000000000000000000e+00,-1.000000000000000000e+00,-1.000000000000000000e+00,-1.000000000000000000e+00,-1.000000000000000000e+00,-1.000000000000000000e+00,-1.000000000000000000e+00,-1.000000000000000000e+00,-1.000000000000000000e+00,-1.000000000000000000e+00,-1.000000000000000000e+00,-1.000000000000000000e+00,-1.000000000000000000e+00,-1.000000000000000000e+00,-1.000000000000000000e+00,-1.000000000000000000e+00,-1.000000000000000000e+00,-1.000000000000000000e+00,-1.000000000000000000e+00,-1.000000000000000000e+00,-1.000000000000000000e+00,-1.000000000000000000e+00,-1.000000000000000000e+00,-1.000000000000000000e+00,-1.000000000000000000e+00,-1.000000000000000000e+00,-1.000000000000000000e+00,-1.000000000000000000e+00,-1.000000000000000000e+00,-1.000000000000000000e+00,-1.000000000000000000e+00,-1.000000000000000000e+00,-1.000000000000000000e+00,-1.000000000000000000e+00
-1.000000000000000000e+00,-1.000000000000000000e+00,-1.000000000000000000e+00,-1.000000000000000000e+00,-1.000000000000000000e+00,-1.000000000000000000e+00,-1.000000000000000000e+00,-1.000000000000000000e+00,-1.000000000000000000e+00,-1.000000000000000000e+00,-1.000000000000000000e+00,-1.000000000000000000e+00,-1.000000000000000000e+00,-1.000000000000000000e+00,-1.000000000000000000e+00,-1.000000000000000000e+00,-1.000000000000000000e+00,-1.000000000000000000e+00,-1.000000000000000000e+00,-1.000000000000000000e+00,-1.000000000000000000e+00,-1.000000000000000000e+00,-1.000000000000000000e+00,-1.000000000000000000e+00,-1.000000000000000000e+00,-1.000000000000000000e+00,-1.000000000000000000e+00,-1.000000000000000000e+00,-1.000000000000000000e+00,-1.000000000000000000e+00,-1.000000000000000000e+00,-1.000000000000000000e+00,-1.000000000000000000e+00,-1.000000000000000000e+00,-1.000000000000000000e+00,-1.000000000000000000e+00,-1.000000000000000000e+00,-1.000000000000000000e+00,-1.000000000000000000e+00,-1.000000000000000000e+00,-1.000000000000000000e+00,-1.000000000000000000e+00,-1.000000000000000000e+00,-1.000000000000000000e+00,-1.000000000000000000e+00,-1.000000000000000000e+00,-1.205142667588854355e+00,-1.205170500402259259e+00,-1.205253829458839299e+00,-1.205392006727035170e+00,-1.205583377831134007e+00,-1.205824033363776637e+00,-1.206105069675147412e+00,-1.206406882275151693e+00,-1.206687758421318701e+00,-1.206862033129069811e+00,-1.206760112296745291e+00,-1.206058782940248930e+00,-1.204166030408357235e+00,-1.200041830531528131e+00,-1.191938752157746029e+00,-1.177060164103882256e+00,-1.151169255621672827e+00,-1.108251587720002984e+00,-1.040449202113079563e+00,-9.386463292733863151e-01,-7.942663021176283866e-01,-6.029464648507003588e-01,-3.705896755525869279e-01,-1.213814607408638668e-01,9.560417088182582290e-02,2.139137215309299123e-01,2.139137215433419836e-01,9.560417090737316492e-02,-1.213814607095894393e-01,-3.705896755413181642e-01,-6.029464648805199500e-01,-7.942663022200355805e-01,-9.386463294537122914e-01,-1.040449202330933742e+00,-1.108251587930386695e+00,-1.151169255807199088e+00,-1.177060164267685449e+00,-1.191938752339841923e+00,-1.200041830764142725e+00,-1.204166030717853664e+00,-1.206058783309724491e+00,-1.206760112628034731e+00,-1.206862033405974088e+00,-1.206687758724725779e+00,-1.206406882598588304e+00,-1.206105069916831862e+00,-1.205824033566397446e+00,-1.205583378245329129e+00,-1.205392007267084731e+00,-1.205253830778080681e+00,-1.205170501597266020e+00,-1.205142667948612578e+00,-1.000000000000000000e+00,-1.000000000000000000e+00,-1.000000000000000000e+00,-1.000000000000000000e+00,-1.000000000000000000e+00,-1.000000000000000000e+00,-1.000000000000000000e+00,-1.000000000000000000e+00,-1.000000000000000000e+00,-1.000000000000000000e+00,-1.000000000000000000e+00,-1.000000000000000000e+00,-1.000000000000000000e+00,-1.000000000000000000e+00,-1.000000000000000000e+00,-1.000000000000000000e+00,-1.000000000000000000e+00,-1.000000000000000000e+00,-1.000000000000000000e+00,-1.000000000000000000e+00,-1.000000000000000000e+00,-1.000000000000000000e+00,-1.000000000000000000e+00,-1.000000000000000000e+00,-1.000000000000000000e+00,-1.000000000000000000e+00,-1.000000000000000000e+00,-1.000000000000000000e+00,-1.000000000000000000e+00,-1.000000000000000000e+00,-1.000000000000000000e+00,-1.000000000000000000e+00,-1.000000000000000000e+00,-1.000000000000000000e+00,-1.000000000000000000e+00,-1.000000000000000000e+00,-1.000000000000000000e+00,-1.000000000000000000e+00,-1.000000000000000000e+00,-1.000000000000000000e+00,-1.000000000000000000e+00,-1.000000000000000000e+00,-1.000000000000000000e+00,-1.000000000000000000e+00,-1.000000000000000000e+00,-1.000000000000000000e+00
-1.000000000000000000e+00,-1.000000000000000000e+00,-1.000000000000000000e+00,-1.000000000000000000e+00,-1.000000000000000000e+00,-1.000000000000000000e+00,-1.000000000000000000e+00,-1.000000000000000000e+00,-1.000000000000000000e+00,-1.000000000000000000e+00,-1.000000000000000000e+00,-1.000000000000000000e+00,-1.000000000000000000e+00,-1.000000000000000000e+00,-1.000000000000000000e+00,-1.000000000000000000e+00,-1.000000000000000000e+00,-1.000000000000000000e+00,-1.000000000000000000e+00,-1.000000000000000000e+00,-1.000000000000000000e+00,-1.000000000000000000e+00,-1.000000000000000000e+00,-1.000000000000000000e+00,-1.000000000000000000e+00,-1.000000000000000000e+00,-1.000000000000000000e+00,-1.000000000000000000e+00,-1.000000000000000000e+00,-1.000000000000000000e+00,-1.000000000000000000e+00,-1.000000000000000000e+00,-1.000000000000000000e+00,-1.000000000000000000e+00,-1.000000000000000000e+00,-1.000000000000000000e+00,-1.000000000000000000e+00,-1.000000000000000000e+00,-1.000000000000000000e+00,-1.000000000000000000e+00,-1.000000000000000000e+00,-1.000000000000000000e+00,-1.000000000000000000e+00,-1.000000000000000000e+00,-1.000000000000000000e+00,-1.000000000000000000e+00,-1.205060215169470039e+00,-1.205088047142368612e+00,-1.205171373673095347e+00,-1.205309546728323911e+00,-1.205500911906551176e+00,-1.205741559560028930e+00,-1.206022585332499730e+00,-1.206324382649701432e+00,-1.206605233742481520e+00,-1.206779463369930472e+00,-1.206677456551872751e+00,-1.205975959712213719e+00,-1.204082883663498471e+00,-1.199958073143146509e+00,-1.191853876979471316e+00,-1.176973313622493356e+00,-1.151079045984223059e+00,-1.108155898024976604e+00,-1.040344969293674815e+00,-9.385294366691574464e-01,-7.941317136676979693e-01,-6.027888186205381249e-01,-3.704045652785867837e-01,-1.211675102186215991e-01,9.584278643905230766e-02,2.141658792651104370e-01,2.141658792981600001e-01,9.584278651548849837e-02,-1.211675101351388228e-01,-3.704045652341724226e-01,-6.027888186580148133e-01,-7.941317138247763197e-01,-9.385294369365571043e-01,-1.040344969611176840e+00,-1.108155898326933730e+00,-1.151079046217018620e+00,-1.176973313773025165e+00,-1.191853877084636304e+00,-1.199958073274501213e+00,-1.204082883900435164e+00,-1.205975960017519499e+00,-1.206677456837372375e+00,-1.206779463649958473e+00,-1.206605234000922788e+00,-1.206324382905239023e+00,-1.206022585625271759e+00,-1.205741559906190696e+00,-1.205500912503403299e+00,-1.205309547538488513e+00,-1.205171375326727468e+00,-1.205088048688511826e+00,-1.205060215909755872e+00,-1.000000000000000000e+00,-1.000000000000000000e+00,-1.000000000000000000e+00,-1.000000000000000000e+00,-1.000000000000000000e+00,-1.000000000000000000e+00,-1.000000000000000000e+00,-1.000000000000000000e+00,-1.000000000000000000e+00,-1.000000000000000000e+00,-1.000000000000000000e+00,-1.000000000000000000e+00,-1.000000000000000000e+00,-1.000000000000000000e+00,-1.000000000000000000e+00,-1.000000000000000000e+00,-1.000000000000000000e+00,-1.000000000000000000e+00,-1.000000000000000000e+00,-1.000000000000000000e+00,-1.000000000000000000e+00,-1.000000000000000000e+00,-1.000000000000000000e+00,-1.000000000000000000e+00,-1.000000000000000000e+00,-1.000000000000000000e+00,-1.000000000000000000e+00,-1.000000000000000000e+00,-1.000000000000000000e+00,-1.000000000000000000e+00,-1.000000000000000000e+00,-1.000000000000000000e+00,-1.000000000000000000e+00,-1.000000000000000000e+00,-1.000000000000000000e+00,-1.000000000000000000e+00,-1.000000000000000000e+00,-1.000000000000000000e+00,-1.000000000000000000e+00,-1.000000000000000000e+00,-1.000000000000000000e+00,-1.000000000000000000e+00,-1.000000000000000000e+00,-1.000000000000000000e+00,-1.000000000000000000e+00,-1.000000000000000000e+00
-1.000000000000000000e+00,-1.000000000000000000e+00,-1.000000000000000000e+00,-1.000000000000000000e+00,-1.000000000000000000e+00,-1.000000000000000000e+00,-1.000000000000000000e+00,-1.000000000000000000e+00,-1.000000000000000000e+00,-1.000000000000000000e+00,-1.000000000000000000e+00,-1.000000000000000000e+00,-1.000000000000000000e+00,-1.000000000000000000e+00,-1.000000000000000000e+00,-1.000000000000000000e+00,-1.000000000000000000e+00,-1.000000000000000000e+00,-1.000000000000000000e+00,-1.000000000000000000e+00,-1.000000000000000000e+00,-1.000000000000000000e+00,-1.000000000000000000e+00,-1.000000000000000000e+00,-1.000000000000000000e+00,-1.000000000000000000e+00,-1.000000000000000000e+00,-1.000000000000000000e+00,-1.000000000000000000e+00,-1.000000000000000000e+00,-1.000000000000000000e+00,-1.000000000000000000e+00,-1.000000000000000000e+00,-1.000000000000000000e+00,-1.000000000000000000e+00,-1.000000000000000000e+00,-1.000000000000000000e+00,-1.000000000000000000e+00,-1.000000000000000000e+00,-1.000000000000000000e+00,-1.000000000000000000e+00,-1.000000000000000000e+00,-1.000000000000000000e+00,-1.000000000000000000e+00,-1.000000000000000000e+00,-1.000000000000000000e+00,-1.204984818117234902e+00,-1.205012649410683867e+00,-1.205095973945086163e+00,-1.205234143670838920e+00,-1.205425504248732960e+00,-1.205666145674127332e+00,-1.205947162843509446e+00,-1.206248947439660046e+00,-1.206529777131455594e+00,-1.206703967118541776e+00,-1.206601883411317022e+00,-1.205900235461239811e+00,-1.204006865954608374e+00,-1.199881499969540632e+00,-1.191776285555432136e+00,-1.176893921357376804e+00,-1.150996589848408469e+00,-1.108068442152930988e+00,-1.040249717598557666e+00,-9.384226308726337784e-01,-7.940087555011398068e-01,-6.026448114367199960e-01,-3.702354840359173282e-01,-1.209720959584551503e-01,9.606072303820289982e-02,2.143961813507164749e-01,2.143961813870691735e-01,9.606072312636770860e-02,-1.209720958560913662e-01,-3.702354839659123265e-01,-6.026448114672317002e-01,-7.940087556910029321e-01,-9.384226312194426933e-01,-1.040249718039556015e+00,-1.108068442595713243e+00,-1.150996590189406144e+00,-1.176893921567036649e+00,-1.191776285666061197e+00,-1.199881500058560091e+00,-1.204006866113470409e+00,-1.205900235661152120e+00,-1.206601883610806336e+00,-1.206703967324705751e+00,-1.206529777286441618e+00,-1.206248947666606952e+00,-1.205947163226108287e+00,-1.205666146150092155e+00,-1.205425505046330947e+00,-1.205234144785467310e+00,-1.205095975873884173e+00,-1.205012651201935237e+00,-1.204984819124805817e+00,-1.000000000000000000e+00,-1.000000000000000000e+00,-1.000000000000000000e+00,-1.000000000000000000e+00,-1.000000000000000000e+00,-1.000000000000000000e+00,-1.000000000000000000e+00,-1.000000000000000000e+00,-1.000000000000000000e+00,-1.000000000000000000e+00,-1.000000000000000000e+00,-1.000000000000000000e+00,-1.000000000000000000e+00,-1.000000000000000000e+00,-1.000000000000000000e+00,-1.000000000000000000e+00,-1.000000000000000000e+00,-1.000000000000000000e+00,-1.000000000000000000e+00,-1.000000000000000000e+00,-1.000000000000000000e+00,-1.000000000000000000e+00,-1.000000000000000000e+00,-1.000000000000000000e+00,-1.000000000000000000e+00,-1.000000000000000000e+00,-1.000000000000000000e+00,-1.000000000000000000e+00,-1.000000000000000000e+00,-1.000000000000000000e+00,-1.000000000000000000e+00,-1.000000000000000000e+00,-1.000000000000000000e+00,-1.000000000000000000e+00,-1.000000000000000000e+00,-1.000000000000000000e+00,-1.000000000000000000e+00,-1.000000000000000000e+00,-1.000000000000000000e+00,-1.000000000000000000e+00,-1.000000000000000000e+00,-1.000000000000000000e+00,-1.000000000000000000e+00,-1.000000000000000000e+00,-1.000000000000000000e+00,-1.000000000000000000e+00
-1.000000000000000000e+00,-1.000000000000000000e+00,-1.000000000000000000e+00,-1.000000000000000000e+00,-1.000000000000000000e+00,-1.000000000000000000e+00,-1.000000000000000000e+00,-1.000000000000000000e+00,-1.000000000000000000e+00,-1.000000000000000000e+00,-1.000000000000000000e+00,-1.000000000000000000e+00,-1.000000000000000000e+00,-1.000000000000000000e+00,-1.000000000000000000e+00,-1.000000000000000000e+00,-1.000000000000000000e+00,-1.000000000000000000e+00,-1.000000000000000000e+00,-1.000000000000000000e+00,-1.000000000000000000e+00,-1.000000000000000000e+00,-1.000000000000000000e+00,-1.000000000000000000e+00,-1.000000000000000000e+00,-1.000000000000000000e+00,-1.000000000000000000e+00,-1.000000000000000000e+00,-1.000000000000000000e+00,-1.000000000000000000e+00,-1.000000000000000000e+00,-1.000000000000000000e+00,-1.000000000000000000e+00,-1.000000000000000000e+00,-1.000000000000000000e+00,-1.000000000000000000e+00,-1.000000000000000000e+00,-1.000000000000000000e+00,-1.000000000000000000e+00,-1.000000000000000000e+00,-1.000000000000000000e+00,-1.000000000000000000e+00,-1.000000000000000000e+00,-1.000000000000000000e+00,-1.000000000000000000e+00,-1.000000000000000000e+00,-1.204916508152966248e+00,-1.204944338924640590e+00,-1.205027661932381866e+00,-1.205165829004852363e+00,-1.205357185974529122e+00,-1.205597822591847557e+00,-1.205878832880145968e+00,-1.206180606889898810e+00,-1.206461418387454243e+00,-1.206635573836139397e+00,-1.206533421886263557e+00,-1.205831638581458698e+00,-1.203938005037899162e+00,-1.199812138131324257e+00,-1.191706004350382875e+00,-1.176822013053168359e+00,-1.150921912080669962e+00,-1.107989243859810014e+00,-1.040163469456701462e+00,-9.383259328842790126e-01,-7.938974472530695436e-01,-6.025144618370180671e-01,-3.700824497683022907e-01,-1.207952359355122240e-01,9.625796228731764437e-02,2.146046092713893572e-01,2.146046093387374842e-01,9.625796246372964049e-02,-1.207952357113448727e-01,-3.700824495777681467e-01,-6.025144618024380616e-01,-7.938974474582138896e-01,-9.383259333096596322e-01,-1.040163469996281398e+00,-1.107989244379559590e+00,-1.150921912470200148e+00,-1.176822013315278248e+00,-1.191706004511397854e+00,-1.199812138212138724e+00,-1.203938005083974749e+00,-1.205831638585909582e+00,-1.206533421873857481e+00,-1.206635573863836131e+00,-1.206461418466311164e+00,-1.206180607177988140e+00,-1.205878833357379554e+00,-1.205597823211309594e+00,-1.205357187051479428e+00,-1.205165830450616093e+00,-1.205027664072453097e+00,-1.204944340902320166e+00,-1.204916509402167657e+00,-1.000000000000000000e+00,-1.000000000000000000e+00,-1.000000000000000000e+00,-1.000000000000000000e+00,-1.000000000000000000e+00,-1.000000000000000000e+00,-1.000000000000000000e+00,-1.000000000000000000e+00,-1.000000000000000000e+00,-1.000000000000000000e+00,-1.000000000000000000e+00,-1.000000000000000000e+00,-1.000000000000000000e+00,-1.000000000000000000e+00,-1.000000000000000000e+00,-1.000000000000000000e+00,-1.000000000000000000e+00,-1.000000000000000000e+00,-1.000000000000000000e+00,-1.000000000000000000e+00,-1.000000000000000000e+00,-1.000000000000000000e+00,-1.000000000000000000e+00,-1.000000000000000000e+00,-1.000000000000000000e+00,-1.000000000000000000e+00,-1.000000000000000000e+00,-1.000000000000000000e+00,-1.000000000000000000e+00,-1.000000000000000000e+00,-1.000000000000000000e+00,-1.000000000000000000e+00,-1.000000000000000000e+00,-1.000000000000000000e+00,-1.000000000000000000e+00,-1.000000000000000000e+00,-1.000000000000000000e+00,-1.000000000000000000e+00,-1.000000000000000000e+00,-1.000000000000000000e+00,-1.000000000000000000e+00,-1.000000000000000000e+00,-1.000000000000000000e+00,-1.000000000000000000e+00,-1.000000000000000000e+00,-1.000000000000000000e+00
-1.000000000000000000e+00,-1.000000000000000000e+00,-1.000000000000000000e+00,-1.000000000000000000e+00,-1.000000000000000000e+00,-1.000000000000000000e+00,-1.000000000000000000e+00,-1.000000000000000000e+00,-1.000000000000000000e+00,-1.000000000000000000e+00,-1.000000000000000000e+00,-1.000000000000000000e+00,-1.000000000000000000e+00,-1.000000000000000000e+00,-1.000000000000000000e+00,-1.000000000000000000e+00,-1.000000000000000000e+00,-1.000000000000000000e+00,-1.000000000000000000e+00,-1.000000000000000000e+00,-1.000000000000000000e+00,-1.000000000000000000e+00,-1.000000000000000000e+00,-1.000000000000000000e+00,-1.000000000000000000e+00,-1.000000000000000000e+00,-1.000000000000000000e+00,-1.000000000000000000e+00,-1.000000000000000000e+00,-1.000000000000000000e+00,-1.000000000000000000e+00,-1.000000000000000000e+00,-1.000000000000000000e+00,-1.000000000000000000e+00,-1.000000000000000000e+00,-1.000000000000000000e+00,-1.000000000000000000e+00,-1.000000000000000000e+00,-1.000000000000000000e+00,-1.000000000000000000e+00,-1.000000000000000000e+00,-1.000000000000000000e+00,-1.000000000000000000e+00,-1.000000000000000000e+00,-1.000000000000000000e+00,-1.000000000000000000e+00,-1.204855313635841751e+00,-1.204883144006970941e+00,-1.204966465933069220e+00,-1.205104631024000783e+00,-1.205295985133227443e+00,-1.205536617961374013e+00,-1.205817622843470271e+00,-1.206119388157621097e+00,-1.206400184229276640e+00,-1.206574309780633847e+00,-1.206472097851009950e+00,-1.205770194569730336e+00,-1.203876325995812069e+00,-1.199750012211509009e+00,-1.191643057310219023e+00,-1.176757611913546553e+00,-1.150855035084042521e+00,-1.107918324651347541e+00,-1.040086245291758971e+00,-9.382393618626020393e-01,-7.937978067878199706e-01,-6.023977866236276402e-01,-3.699454787337856931e-01,-1.206369465200818336e-01,9.643448729862180713e-02,2.147911458970832577e-01,2.147911459965083925e-01,9.643448755066108546e-02,-1.206369462271331683e-01,-3.699454785221500952e-01,-6.023977866280314508e-01,-7.937978070576068301e-01,-9.382393623397913274e-01,-1.040086245861286063e+00,-1.107918325213556932e+00,-1.150855035577628804e+00,-1.176757612329986991e+00,-1.191643057590430432e+00,-1.199750012299603430e+00,-1.203876325925069768e+00,-1.205770194402947304e+00,-1.206472097697796286e+00,-1.206574309760100494e+00,-1.206400184413296994e+00,-1.206119388656851310e+00,-1.205817623531739713e+00,-1.205536618823991768e+00,-1.205295986414351761e+00,-1.205104632581505353e+00,-1.204966468107794064e+00,-1.204883146047686537e+00,-1.204855315005993521e+00,-1.000000000000000000e+00,-1.000000000000000000e+00,-1.000000000000000000e+00,-1.000000000000000000e+00,-1.000000000000000000e+00,-1.000000000000000000e+00,-1.000000000000000000e+00,-1.000000000000000000e+00,-1.000000000000000000e+00,-1.000000000000000000e+00,-1.000000000000000000e+00,-1.000000000000000000e+00,-1.000000000000000000e+00,-1.000000000000000000e+00,-1.000000000000000000e+00,-1.000000000000000000e+00,-1.000000000000000000e+00,-1.000000000000000000e+00,-1.000000000000000000e+00,-1.000000000000000000e+00,-1.000000000000000000e+00,-1.000000000000000000e+00,-1.000000000000000000e+00,-1.000000000000000000e+00,-1.000000000000000000e+00,-1.000000000000000000e+00,-1.000000000000000000e+00,-1.000000000000000000e+00,-1.000000000000000000e+00,-1.000000000000000000e+00,-1.000000000000000000e+00,-1.000000000000000000e+00,-1.000000000000000000e+00,-1.000000000000000000e+00,-1.000000000000000000e+00,-1.000000000000000000e+00,-1.000000000000000000e+00,-1.000000000000000000e+00,-1.000000000000000000e+00,-1.000000000000000000e+00,-1.000000000000000000e+00,-1.000000000000000000e+00,-1.000000000000000000e+00,-1.000000000000000000e+00,-1.000000000000000000e+00,-1.000000000000000000e+00
-1.000000000000000000e+00,-1.000000000000000000e+00,-1.000000000000000000e+00,-1.000000000000000000e+00,-1.000000000000000000e+00,-1.000000000000000000e+00,-1.000000000000000000e+00,-1.000000000000000000e+00,-1.000000000000000000e+00,-1.000000000000000000e+00,-1.000000000000000000e+00,-1.000000000000000000e+00,-1.000000000000000000e+00,-1.000000000000000000e+00,-1.000000000000000000e+00,-1.000000000000000000e+00,-1.000000000000000000e+00,-1.000000000000000000e+00,-1.000000000000000000e+00,-1.000000000000000000e+00,-1.000000000000000000e+00,-1.000000000000000000e+00,-1.000000000000000000e+00,-1.000000000000000000e+00,-1.000000000000000000e+00,-1.000000000000000000e+00,-1.000000000000000000e+00,-1.000000000000000000e+00,-1.000000000000000000e+00,-1.000000000000000000e+00,-1.000000000000000000e+00,-1.000000000000000000e+00,-1.000000000000000000e+00,-1.000000000000000000e+00,-1.000000000000000000e+00,-1.000000000000000000e+00,-1.000000000000000000e+00,-1.000000000000000000e+00,-1.000000000000000000e+00,-1.000000000000000000e+00,-1.000000000000000000e+00,-1.000000000000000000e+00,-1.000000000000000000e+00,-1.000000000000000000e+00,-1.000000000000000000e+00,-1.000000000000000000e+00,-1.204801259852948503e+00,-1.204829089860104396e+00,-1.204912410944348977e+00,-1.205050574654221718e+00,-1.205241926657062201e+00,-1.205482556493277846e+00,-1.205763557144951648e+00,-1.206065315468493937e+00,-1.206346098595888927e+00,-1.206520198425265589e+00,-1.206417934271540870e+00,-1.205715925935619826e+00,-1.203821850950403949e+00,-1.199695143986274859e+00,-1.191587465802087964e+00,-1.176700738715094285e+00,-1.150795978851162360e+00,-1.107855703629235800e+00,-1.040018063270004234e+00,-9.381629350117830501e-01,-7.937098503725673604e-01,-6.022948012849059785e-01,-3.698245860049743650e-01,-1.204972428767124848e-01,9.659028247563639091e-02,2.149557754329181058e-01,2.149557755475595133e-01,9.659028275964876009e-02,-1.204972425600023822e-01,-3.698245857880109178e-01,-6.022948012819069330e-01,-7.937098505949529148e-01,-9.381629354107305918e-01,-1.040018063773755497e+00,-1.107855704171231359e+00,-1.150795979364636956e+00,-1.176700739126639972e+00,-1.191587466021033714e+00,-1.199695144016896808e+00,-1.203821850866460430e+00,-1.205715925794077936e+00,-1.206417934155293192e+00,-1.206520198449800185e+00,-1.206346098892912222e+00,-1.206065316164947276e+00,-1.205763558113921219e+00,-1.205482557679700806e+00,-1.205241928109319183e+00,-1.205050576354788960e+00,-1.204912413303574459e+00,-1.204829092067080332e+00,-1.204801261440707316e+00,-1.000000000000000000e+00,-1.000000000000000000e+00,-1.000000000000000000e+00,-1.000000000000000000e+00,-1.000000000000000000e+00,-1.000000000000000000e+00,-1.000000000000000000e+00,-1.000000000000000000e+00,-1.000000000000000000e+00,-1.000000000000000000e+00,-1.000000000000000000e+00,-1.000000000000000000e+00,-1.000000000000000000e+00,-1.000000000000000000e+00,-1.000000000000000000e+00,-1.000000000000000000e+00,-1.000000000000000000e+00,-1.000000000000000000e+00,-1.000000000000000000e+00,-1.000000000000000000e+00,-1.000000000000000000e+00,-1.000000000000000000e+00,-1.000000000000000000e+00,-1.000000000000000000e+00,-1.000000000000000000e+00,-1.000000000000000000e+00,-1.000000000000000000e+00,-1.000000000000000000e+00,-1.000000000000000000e+00,-1.000000000000000000e+00,-1.000000000000000000e+00,-1.000000000000000000e+00,-1.000000000000000000e+00,-1.000000000000000000e+00,-1.000000000000000000e+00,-1.000000000000000000e+00,-1.000000000000000000e+00,-1.000000000000000000e+00,-1.000000000000000000e+00,-1.000000000000000000e+00,-1.000000000000000000e+00,-1.000000000000000000e+00,-1.000000000000000000e+00,-1.000000000000000000e+00,-1.000000000000000000e+00,-1.000000000000000000e+00
-1.000000000000000000e+00,-1.000000000000000000e+00,-1.000000000000000000e+00,-1.000000000000000000e+00,-1.000000000000000000e+00,-1.000000000000000000e+00,-1.000000000000000000e+00,-1.000000000000000000e+00,-1.000000000000000000e+00,-1.000000000000000000e+00,-1.000000000000000000e+00,-1.000000000000000000e+00,-1.000000000000000000e+00,-1.000000000000000000e+00,-1.000000000000000000e+00,-1.000000000000000000e+00,-1.000000000000000000e+00,-1.000000000000000000e+00,-1.000000000000000000e+00,-1.000000000000000000e+00,-1.000000000000000000e+00,-1.000000000000000000e+00,-1.000000000000000000e+00,-1.000000000000000000e+00,-1.000000000000000000e+00,-1.000000000000000000e+00,-1.000000000000000000e+00,-1.000000000000000000e+00,-1.000000000000000000e+00,-1.000000000000000000e+00,-1.000000000000000000e+00,-1.000000000000000000e+00,-1.000000000000000000e+00,-1.000000000000000000e+00,-1.000000000000000000e+00,-1.000000000000000000e+00,-1.000000000000000000e+00,-1.000000000000000000e+00,-1.000000000000000000e+00,-1.000000000000000000e+00,-1.000000000000000000e+00,-1.000000000000000000e+00,-1.000000000000000000e+00,-1.000000000000000000e+00,-1.000000000000000000e+00,-1.000000000000000000e+00,-1.204754369088162580e+00,-1.204782198819051908e+00,-1.204865519185429390e+00,-1.205003681809705629e+00,-1.205195032325280025e+00,-1.205435659916916036e+00,-1.205716657278243842e+00,-1.206018410018189657e+00,-1.206299182469644737e+00,-1.206473260603208031e+00,-1.206370951825486815e+00,-1.205668853072606961e+00,-1.203774599808810297e+00,-1.199647552776310855e+00,-1.191539248621921399e+00,-1.176651411792447366e+00,-1.150744761163246199e+00,-1.107801397814750288e+00,-1.039958939460629228e+00,-9.380966673638901909e-01,-7.936335920831367741e-01,-6.022055192002273571e-01,-3.697197846777773300e-01,-1.203761382875102592e-01,9.672533407974581721e-02,2.150984839226075529e-01,2.150984839972649443e-01,9.672533424693052773e-02,-1.203761381450249024e-01,-3.697197846690147838e-01,-6.022055194028017588e-01,-7.936335924692413668e-01,-9.380966678875808373e-01,-1.039958940064954929e+00,-1.107801398427421313e+00,-1.150744761717719333e+00,-1.176651412219751114e+00,-1.191539248863510592e+00,-1.199647552870775069e+00,-1.203774599784565469e+00,-1.205668852950914083e+00,-1.206370951714845541e+00,-1.206473260657996871e+00,-1.206299182856673369e+00,-1.206018410823812559e+00,-1.205716658344890391e+00,-1.205435661156998073e+00,-1.205195033670408478e+00,-1.205003683418143456e+00,-1.204865521364987702e+00,-1.204782200634079814e+00,-1.204754370306121647e+00,-1.000000000000000000e+00,-1.000000000000000000e+00,-1.000000000000000000e+00,-1.000000000000000000e+00,-1.000000000000000000e+00,-1.000000000000000000e+00,-1.000000000000000000e+00,-1.000000000000000000e+00,-1.000000000000000000e+00,-1.000000000000000000e+00,-1.000000000000000000e+00,-1.000000000000000000e+00,-1.000000000000000000e+00,-1.000000000000000000e+00,-1.000000000000000000e+00,-1.000000000000000000e+00,-1.000000000000000000e+00,-1.000000000000000000e+00,-1.000000000000000000e+00,-1.000000000000000000e+00,-1.000000000000000000e+00,-1.000000000000000000e+00,-1.000000000000000000e+00,-1.000000000000000000e+00,-1.000000000000000000e+00,-1.000000000000000000e+00,-1.000000000000000000e+00,-1.000000000000000000e+00,-1.000000000000000000e+00,-1.000000000000000000e+00,-1.000000000000000000e+00,-1.000000000000000000e+00,-1.000000000000000000e+00,-1.000000000000000000e+00,-1.000000000000000000e+00,-1.000000000000000000e+00,-1.000000000000000000e+00,-1.000000000000000000e+00,-1.000000000000000000e+00,-1.000000000000000000e+00,-1.000000000000000000e+00,-1.000000000000000000e+00,-1.000000000000000000e+00,-1.000000000000000000e+00,-1.000000000000000000e+00,-1.000000000000000000e+00
-1.000000000000000000e+00,-1.000000000000000000e+00,-1.000000000000000000e+00,-1.000000000000000000e+00,-1.000000000000000000e+00,-1.000000000000000000e+00,-1.000000000000000000e+00,-1.000000000000000000e+00,-1.000000000000000000e+00,-1.000000000000000000e+00,-1.000000000000000000e+00,-1.000000000000000000e+00,-1.000000000000000000e+00,-1.000000000000000000e+00,-1.000000000000000000e+00,-1.000000000000000000e+00,-1.000000000000000000e+00,-1.000000000000000000e+00,-1.000000000000000000e+00,-1.000000000000000000e+00,-1.000000000000000000e+00,-1.000000000000000000e+00,-1.000000000000000000e+00,-1.000000000000000000e+00,-1.000000000000000000e+00,-1.000000000000000000e+00,-1.000000000000000000e+00,-1.000000000000000000e+00,-1.000000000000000000e+00,-1.000000000000000000e+00,-1.000000000000000000e+00,-1.000000000000000000e+00,-1.000000000000000000e+00,-1.000000000000000000e+00,-1.000000000000000000e+00,-1.000000000000000000e+00,-1.000000000000000000e+00,-1.000000000000000000e+00,-1.000000000000000000e+00,-1.000000000000000000e+00,-1.000000000000000000e+00,-1.000000000000000000e+00,-1.000000000000000000e+00,-1.000000000000000000e+00,-1.000000000000000000e+00,-1.000000000000000000e+00,-1.204714660252118374e+00,-1.204742489858331655e+00,-1.204825809764479505e+00,-1.204963971516203269e+00,-1.205155320936639241e+00,-1.205395946920796213e+00,-1.205676941786106404e+00,-1.205978690044712698e+00,-1.206259453674498827e+00,-1.206433513731268059e+00,-1.206331167643702296e+00,-1.205628993012402450e+00,-1.203734589571088698e+00,-1.199607255387735938e+00,-1.191498422153937309e+00,-1.176609647007073933e+00,-1.150701397362114964e+00,-1.107755422023558145e+00,-1.039908888083810101e+00,-9.380405724374326626e-01,-7.935690446970885548e-01,-6.021299525430374722e-01,-3.696310866620460267e-01,-1.202736448358165955e-01,9.683962960124370412e-02,2.152192586745969027e-01,2.152192586909051908e-01,9.683962962229064608e-02,-1.202736448461664276e-01,-3.696310867317870175e-01,-6.021299526971146676e-01,-7.935690448978756084e-01,-9.380405726694986956e-01,-1.039908888326976477e+00,-1.107755422224594000e+00,-1.150701397484705790e+00,-1.176609647026793715e+00,-1.191498422050114581e+00,-1.199607255218598345e+00,-1.203734589391984855e+00,-1.205628992921561116e+00,-1.206331167754283840e+00,-1.206433514087341230e+00,-1.206259454349529747e+00,-1.205978691041524664e+00,-1.205676942942019769e+00,-1.205395948205901568e+00,-1.205155322238815385e+00,-1.204963973074898220e+00,-1.204825811775880773e+00,-1.204742491380444536e+00,-1.204714661236796935e+00,-1.000000000000000000e+00,-1.000000000000000000e+00,-1.000000000000000000e+00,-1.000000000000000000e+00,-1.000000000000000000e+00,-1.000000000000000000e+00,-1.000000000000000000e+00,-1.000000000000000000e+00,-1.000000000000000000e+00,-1.000000000000000000e+00,-1.000000000000000000e+00,-1.000000000000000000e+00,-1.000000000000000000e+00,-1.000000000000000000e+00,-1.000000000000000000e+00,-1.000000000000000000e+00,-1.000000000000000000e+00,-1.000000000000000000e+00,-1.000000000000000000e+00,-1.000000000000000000e+00,-1.000000000000000000e+00,-1.000000000000000000e+00,-1.000000000000000000e+00,-1.000000000000000000e+00,-1.000000000000000000e+00,-1.000000000000000000e+00,-1.000000000000000000e+00,-1.000000000000000000e+00,-1.000000000000000000e+00,-1.000000000000000000e+00,-1.000000000000000000e+00,-1.000000000000000000e+00,-1.000000000000000000e+00,-1.000000000000000000e+00,-1.000000000000000000e+00,-1.000000000000000000e+00,-1.000000000000000000e+00,-1.000000000000000000e+00,-1.000000000000000000e+00,-1.000000000000000000e+00,-1.000000000000000000e+00,-1.000000000000000000e+00,-1.000000000000000000e+00,-1.000000000000000000e+00,-1.000000000000000000e+00,-1.000000000000000000e+00
-1.000000000000000000e+00,-1.000000000000000000e+00,-1.000000000000000000e+00,-1.000000000000000000e+00,-1.000000000000000000e+00,-1.000000000000000000e+00,-1.000000000000000000e+00,-1.000000000000000000e+00,-1.000000000000000000e+00,-1.000000000000000000e+00,-1.000000000000000000e+00,-1.000000000000000000e+00,-1.000000000000000000e+00,-1.000000000000000000e+00,-1.000000000000000000e+00,-1.000000000000000000e+00,-1.000000000000000000e+00,-1.000000000000000000e+00,-1.000000000000000000e+00,-1.000000000000000000e+00,-1.000000000000000000e+00,-1.000000000000000000e+00,-1.000000000000000000e+00,-1.000000000000000000e+00,-1.000000000000000000e+00,-1.000000000000000000e+00,-1.000000000000000000e+00,-1.000000000000000000e+00,-1.000000000000000000e+00,-1.000000000000000000e+00,-1.000000000000000000e+00,-1.000000000000000000e+00,-1.000000000000000000e+00,-1.000000000000000000e+00,-1.000000000000000000e+00,-1.000000000000000000e+00,-1.000000000000000000e+00,-1.000000000000000000e+00,-1.000000000000000000e+00,-1.000000000000000000e+00,-1.000000000000000000e+00,-1.000000000000000000e+00,-1.000000000000000000e+00,-1.000000000000000000e+00,-1.000000000000000000e+00,-1.000000000000000000e+00,-1.204682149268805791e+00,-1.204709978748747412e+00,-1.204793298360008258e+00,-1.204931459517508685e+00,-1.205122808159906134e+00,-1.205363432983782790e+00,-1.205644426018900095e+00,-1.205946170927379324e+00,-1.206226927714182606e+00,-1.206400973269724286e+00,-1.206298596777686916e+00,-1.205596360174694404e+00,-1.203701834136720716e+00,-1.199574265422971520e+00,-1.191464999762961385e+00,-1.176575457381779932e+00,-1.150665899983890794e+00,-1.107717788205541787e+00,-1.039867920476693630e+00,-9.379946609769653776e-01,-7.935162184214741288e-01,-6.020681111180503642e-01,-3.695585016232546538e-01,-1.201897723981274479e-01,9.693315873156360674e-02,2.153180891312658218e-01,2.153180889946268994e-01,9.693315835509874745e-02,-1.201897729033228890e-01,-3.695585021575883422e-01,-6.020681116464443594e-01,-7.935162189139735034e-01,-9.379946614321084120e-01,-1.039867920879470331e+00,-1.107717788507598389e+00,-1.150665900165992905e+00,-1.176575457476896069e+00,-1.191464999822361204e+00,-1.199574265531296646e+00,-1.203701834335400234e+00,-1.205596360507901865e+00,-1.206298597213951940e+00,-1.206400973773402718e+00,-1.206226928463881798e+00,-1.205946172008840245e+00,-1.205644427252438033e+00,-1.205363434327262118e+00,-1.205122809439100884e+00,-1.204931461018521999e+00,-1.204793300274846990e+00,-1.204709980209735409e+00,-1.204682150419916331e+00,-1.000000000000000000e+00,-1.000000000000000000e+00,-1.000000000000000000e+00,-1.000000000000000000e+00,-1.000000000000000000e+00,-1.000000000000000000e+00,-1.000000000000000000e+00,-1.000000000000000000e+00,-1.000000000000000000e+00,-1.000000000000000000e+00,-1.000000000000000000e+00,-1.000000000000000000e+00,-1.000000000000000000e+00,-1.000000000000000000e+00,-1.000000000000000000e+00,-1.000000000000000000e+00,-1.000000000000000000e+00,-1.000000000000000000e+00,-1.000000000000000000e+00,-1.000000000000000000e+00,-1.000000000000000000e+00,-1.000000000000000000e+00,-1.000000000000000000e+00,-1.000000000000000000e+00,-1.000000000000000000e+00,-1.000000000000000000e+00,-1.000000000000000000e+00,-1.000000000000000000e+00,-1.000000000000000000e+00,-1.000000000000000000e+00,-1.000000000000000000e+00,-1.000000000000000000e+00,-1.000000000000000000e+00,-1.000000000000000000e+00,-1.000000000000000000e+00,-1.000000000000000000e+00,-1.000000000000000000e+00,-1.000000000000000000e+00,-1.000000000000000000e+00,-1.000000000000000000e+00,-1.000000000000000000e+00,-1.000000000000000000e+00,-1.000000000000000000e+00,-1.000000000000000000e+00,-1.000000000000000000e+00,-1.000000000000000000e+00
-1.000000000000000000e+00,-1.000000000000000000e+00,-1.000000000000000000e+00,-1.000000000000000000e+00,-1.000000000000000000e+00,-1.000000000000000000e+00,-1.000000000000000000e+00,-1.000000000000000000e+00,-1.000000000000000000e+00,-1.000000000000000000e+00,-1.000000000000000000e+00,-1.000000000000000000e+00,-1.000000000000000000e+00,-1.000000000000000000e+00,-1.000000000000000000e+00,-1.000000000000000000e+00,-1.000000000000000000e+00,-1.000000000000000000e+00,-1.000000000000000000e+00,-1.000000000000000000e+00,-1.000000000000000000e+00,-1.000000000000000000e+00,-1.000000000000000000e+00,-1.000000000000000000e+00,-1.000000000000000000e+00,-1.000000000000000000e+00,-1.000000000000000000e+00,-1.000000000000000000e+00,-1.000000000000000000e+00,-1.000000000000000000e+00,-1.000000000000000000e+00,-1.000000000000000000e+00,-1.000000000000000000e+00,-1.000000000000000000e+00,-1.000000000000000000e+00,-1.000000000000000000e+00,-1.000000000000000000e+00,-1.000000000000000000e+00,-1.000000000000000000e+00,-1.000000000000000000e+00,-1.000000000000000000e+00,-1.000000000000000000e+00,-1.000000000000000000e+00,-1.000000000000000000e+00,-1.000000000000000000e+00,-1.000000000000000000e+00,-1.204656849569813781e+00,-1.204684678884443860e+00,-1.204767998211890845e+00,-1.204906158966335239e+00,-1.205097507108301436e+00,-1.205338131088059761e+00,-1.205619122641570007e+00,-1.205920864874674203e+00,-1.206201616465516269e+00,-1.206375651152361783e+00,-1.206273251491567500e+00,-1.205570967024697904e+00,-1.203676345862224384e+00,-1.199548594958873338e+00,-1.191438993233971289e+00,-1.176548854429952717e+00,-1.150638280230966481e+00,-1.107688507135195621e+00,-1.039836046855524110e+00,-9.379589425790495483e-01,-7.934751222812712612e-01,-6.020200035414121631e-01,-3.695020380217468592e-01,-1.201245295548120096e-01,9.700591263685631738e-02,2.153949664202940983e-01,2.153949661805265592e-01,9.700591201112662709e-02,-1.201245303408419174e-01,-3.695020387872276491e-01,-6.020200042144432384e-01,-7.934751228308023485e-01,-9.379589429754187080e-01,-1.039836047062540514e+00,-1.107688507150544677e+00,-1.150638280117114887e+00,-1.176548854310967451e+00,-1.191438993225361287e+00,-1.199548595136188611e+00,-1.203676346234122674e+00,-1.205570967635822832e+00,-1.206273252347867864e+00,-1.206375652297233092e+00,-1.206201618023664990e+00,-1.205920866688156234e+00,-1.205619124335420400e+00,-1.205338132652821637e+00,-1.205097508476810964e+00,-1.204906160518420588e+00,-1.204768000000360217e+00,-1.204684679838339045e+00,-1.204656850181826444e+00,-1.000000000000000000e+00,-1.000000000000000000e+00,-1.000000000000000000e+00,-1.000000000000000000e+00,-1.000000000000000000e+00,-1.000000000000000000e+00,-1.000000000000000000e+00,-1.000000000000000000e+00,-1.000000000000000000e+00,-1.000000000000000000e+00,-1.000000000000000000e+00,-1.000000000000000000e+00,-1.000000000000000000e+00,-1.000000000000000000e+00,-1.000000000000000000e+00,-1.000000000000000000e+00,-1.000000000000000000e+00,-1.000000000000000000e+00,-1.000000000000000000e+00,-1.000000000000000000e+00,-1.000000000000000000e+00,-1.000000000000000000e+00,-1.000000000000000000e+00,-1.000000000000000000e+00,-1.000000000000000000e+00,-1.000000000000000000e+00,-1.000000000000000000e+00,-1.000000000000000000e+00,-1.000000000000000000e+00,-1.000000000000000000e+00,-1.000000000000000000e+00,-1.000000000000000000e+00,-1.000000000000000000e+00,-1.000000000000000000e+00,-1.000000000000000000e+00,-1.000000000000000000e+00,-1.000000000000000000e+00,-1.000000000000000000e+00,-1.000000000000000000e+00,-1.000000000000000000e+00,-1.000000000000000000e+00,-1.000000000000000000e+00,-1.000000000000000000e+00,-1.000000000000000000e+00,-1.000000000000000000e+00,-1.000000000000000000e+00
-1.000000000000000000e+00,-1.000000000000000000e+00,-1.000000000000000000e+00,-1.000000000000000000e+00,-1.000000000000000000e+00,-1.000000000000000000e+00,-1.000000000000000000e+00,-1.000000000000000000e+00,-1.000000000000000000e+00,-1.000000000000000000e+00,-1.000000000000000000e+00,-1.000000000000000000e+00,-1.000000000000000000e+00,-1.000000000000000000e+00,-1.000000000000000000e+00,-1.000000000000000000e+00,-1.000000000000000000e+00,-1.000000000000000000e+00,-1.000000000000000000e+00,-1.000000000000000000e+00,-1.000000000000000000e+00,-1.000000000000000000e+00,-1.000000000000000000e+00,-1.000000000000000000e+00,-1.000000000000000000e+00,-1.000000000000000000e+00,-1.000000000000000000e+00,-1.000000000000000000e+00,-1.000000000000000000e+00,-1.000000000000000000e+00,-1.000000000000000000e+00,-1.000000000000000000e+00,-1.000000000000000000e+00,-1.000000000000000000e+00,-1.000000000000000000e+00,-1.000000000000000000e+00,-1.000000000000000000e+00,-1.000000000000000000e+00,-1.000000000000000000e+00,-1.000000000000000000e+00,-1.000000000000000000e+00,-1.000000000000000000e+00,-1.000000000000000000e+00,-1.000000000000000000e+00,-1.000000000000000000e+00,-1.000000000000000000e+00,-1.204638771300222677e+00,-1.204666600559178180e+00,-1.204749919726654683e+00,-1.204888080190000821e+00,-1.205079427993061891e+00,-1.205320051541073578e+00,-1.205601042326839289e+00,-1.205902782798298212e+00,-1.206183530532863424e+00,-1.206357557251706902e+00,-1.206255141008289122e+00,-1.205552822452918837e+00,-1.203658133475738579e+00,-1.199530252549850573e+00,-1.191420410879491909e+00,-1.176529846194507067e+00,-1.150618545910994994e+00,-1.107667586421681838e+00,-1.039813274611256944e+00,-9.379334243583188346e-01,-7.934457630923504867e-01,-6.019856364131648263e-01,-3.694617024340143274e-01,-1.200779230856066082e-01,9.705788421581162950e-02,2.154498832742899328e-01,2.154498829345630195e-01,9.705788332517517603e-02,-1.200779242365851429e-01,-3.694617035951951456e-01,-6.019856374306931102e-01,-7.934457638885161757e-01,-9.379334248857734702e-01,-1.039813274856813186e+00,-1.107667586466462684e+00,-1.150618545887575284e+00,-1.176529846233260734e+00,-1.191420411063128126e+00,-1.199530252918142192e+00,-1.203658134042360661e+00,-1.205552823287958653e+00,-1.206255142128527913e+00,-1.206357558671107499e+00,-1.206183532178601858e+00,-1.205902784400364691e+00,-1.205601043692466456e+00,-1.205320052854128132e+00,-1.205079429173830263e+00,-1.204888081663946231e+00,-1.204749921603117446e+00,-1.204666601608817000e+00,-1.204638772339545971e+00,-1.000000000000000000e+00,-1.000000000000000000e+00,-1.000000000000000000e+00,-1.000000000000000000e+00,-1.000000000000000000e+00,-1.000000000000000000e+00,-1.000000000000000000e+00,-1.000000000000000000e+00,-1.000000000000000000e+00,-1.000000000000000000e+00,-1.000000000000000000e+00,-1.000000000000000000e+00,-1.000000000000000000e+00,-1.000000000000000000e+00,-1.000000000000000000e+00,-1.000000000000000000e+00,-1.000000000000000000e+00,-1.000000000000000000e+00,-1.000000000000000000e+00,-1.000000000000000000e+00,-1.000000000000000000e+00,-1.000000000000000000e+00,-1.000000000000000000e+00,-1.000000000000000000e+00,-1.000000000000000000e+00,-1.000000000000000000e+00,-1.000000000000000000e+00,-1.000000000000000000e+00,-1.000000000000000000e+00,-1.000000000000000000e+00,-1.000000000000000000e+00,-1.000000000000000000e+00,-1.000000000000000000e+00,-1.000000000000000000e+00,-1.000000000000000000e+00,-1.000000000000000000e+00,-1.000000000000000000e+00,-1.000000000000000000e+00,-1.000000000000000000e+00,-1.000000000000000000e+00,-1.000000000000000000e+00,-1.000000000000000000e+00,-1.000000000000000000e+00,-1.000000000000000000e+00,-1.000000000000000000e+00,-1.000000000000000000e+00
-1.000000000000000000e+00,-1.000000000000000000e+00,-1.000000000000000000e+00,-1.000000000000000000e+00,-1.000000000000000000e+00,-1.000000000000000000e+00,-1.000000000000000000e+00,-1.000000000000000000e+00,-1.000000000000000000e+00,-1.000000000000000000e+00,-1.000000000000000000e+00,-1.000000000000000000e+00,-1.000000000000000000e+00,-1.000000000000000000e+00,-1.000000000000000000e+00,-1.000000000000000000e+00,-1.000000000000000000e+00,-1.000000000000000000e+00,-1.000000000000000000e+00,-1.000000000000000000e+00,-1.000000000000000000e+00,-1.000000000000000000e+00,-1.000000000000000000e+00,-1.000000000000000000e+00,-1.000000000000000000e+00,-1.000000000000000000e+00,-1.000000000000000000e+00,-1.000000000000000000e+00,-1.000000000000000000e+00,-1.000000000000000000e+00,-1.000000000000000000e+00,-1.000000000000000000e+00,-1.000000000000000000e+00,-1.000000000000000000e+00,-1.000000000000000000e+00,-1.000000000000000000e+00,-1.000000000000000000e+00,-1.000000000000000000e+00,-1.000000000000000000e+00,-1.000000000000000000e+00,-1.000000000000000000e+00,-1.000000000000000000e+00,-1.000000000000000000e+00,-1.000000000000000000e+00,-1.000000000000000000e+00,-1.000000000000000000e+00,-1.204627921342531716e+00,-1.204655750613630838e+00,-1.204739069771217030e+00,-1.204877230110141584e+00,-1.205068577563811250e+00,-1.205309200549082638e+00,-1.205590190755899904e+00,-1.205891930404968448e+00,-1.206172676143730582e+00,-1.206346698268011997e+00,-1.206244272170724052e+00,-1.205541933244741237e+00,-1.203647203685277667e+00,-1.199519244864077017e+00,-1.191409259317772529e+00,-1.176518439157427265e+00,-1.150606703265589559e+00,-1.107655032013348695e+00,-1.039799609400902769e+00,-9.379181116990524814e-01,-7.934281459812395632e-01,-6.019650146357519160e-01,-3.694374996147625767e-01,-1.200499576869410445e-01,9.708906879861811667e-02,2.154828351437230172e-01,2.154828348356860879e-01,9.708906798022343132e-02,-1.200499587682216651e-01,-3.694375007024131019e-01,-6.019650155122459045e-01,-7.934281465205517136e-01,-9.379181118630389724e-01,-1.039799609222975096e+00,-1.107655031625063957e+00,-1.150606702808065318e+00,-1.176518438737201855e+00,-1.191409259030441703e+00,-1.199519244824365227e+00,-1.203647204012490146e+00,-1.205541934042298591e+00,-1.206244273393005217e+00,-1.206346699896222230e+00,-1.206172678081692595e+00,-1.205891932444438819e+00,-1.205590192729063981e+00,-1.205309202409951208e+00,-1.205068578925671208e+00,-1.204877231408530092e+00,-1.204739071334884670e+00,-1.204655751038138600e+00,-1.204627922047959210e+00,-1.000000000000000000e+00,-1.000000000000000000e+00,-1.000000000000000000e+00,-1.000000000000000000e+00,-1.000000000000000000e+00,-1.000000000000000000e+00,-1.000000000000000000e+00,-1.000000000000000000e+00,-1.000000000000000000e+00,-1.000000000000000000e+00,-1.000000000000000000e+00,-1.000000000000000000e+00,-1.000000000000000000e+00,-1.000000000000000000e+00,-1.000000000000000000e+00,-1.000000000000000000e+00,-1.000000000000000000e+00,-1.000000000000000000e+00,-1.000000000000000000e+00,-1.000000000000000000e+00,-1.000000000000000000e+00,-1.000000000000000000e+00,-1.000000000000000000e+00,-1.000000000000000000e+00,-1.000000000000000000e+00,-1.000000000000000000e+00,-1.000000000000000000e+00,-1.000000000000000000e+00,-1.000000000000000000e+00,-1.000000000000000000e+00,-1.000000000000000000e+00,-1.000000000000000000e+00,-1.000000000000000000e+00,-1.000000000000000000e+00,-1.000000000000000000e+00,-1.000000000000000000e+00,-1.000000000000000000e+00,-1.000000000000000000e+00,-1.000000000000000000e+00,-1.000000000000000000e+00,-1.000000000000000000e+00,-1.000000000000000000e+00,-1.000000000000000000e+00,-1.000000000000000000e+00,-1.000000000000000000e+00,-1.000000000000000000e+00
-1.000000000000000000e+00,-1.000000000000000000e+00,-1.000000000000000000e+00,-1.000000000000000000e+00,-1.000000000000000000e+00,-1.000000000000000000e+00,-1.000000000000000000e+00,-1.000000000000000000e+00,-1.000000000000000000e+00,-1.000000000000000000e+00,-1.000000000000000000e+00,-1.000000000000000000e+00,-1.000000000000000000e+00,-1.000000000000000000e+00,-1.000000000000000000e+00,-1.000000000000000000e+00,-1.000000000000000000e+00,-1.000000000000000000e+00,-1.000000000000000000e+00,-1.000000000000000000e+00,-1.000000000000000000e+00,-1.000000000000000000e+00,-1.000000000000000000e+00,-1.000000000000000000e+00,-1.000000000000000000e+00,-1.000000000000000000e+00,-1.000000000000000000e+00,-1.000000000000000000e+00,-1.000000000000000000e+00,-1.000000000000000000e+00,-1.000000000000000000e+00,-1.000000000000000000e+00,-1.000000000000000000e+00,-1.000000000000000000e+00,-1.000000000000000000e+00,-1.000000000000000000e+00,-1.000000000000000000e+00,-1.000000000000000000e+00,-1.000000000000000000e+00,-1.000000000000000000e+00,-1.000000000000000000e+00,-1.000000000000000000e+00,-1.000000000000000000e+00,-1.000000000000000000e+00,-1.000000000000000000e+00,-1.000000000000000000e+00,-1.204624304154155112e+00,-1.204652133388869117e+00,-1.204735452491085601e+00,-1.204873612923333503e+00,-1.205064960569367072e+00,-1.205305583495598132e+00,-1.205586573352947166e+00,-1.205888312546741004e+00,-1.206169057544998147e+00,-1.206343078122706025e+00,-1.206240648732058940e+00,-1.205538302976156162e+00,-1.203643559827815679e+00,-1.199515574987128463e+00,-1.191405541444918725e+00,-1.176514636093077160e+00,-1.150602754950483142e+00,-1.107650846390777488e+00,-1.039795053476808784e+00,-9.379130066219830697e-01,-7.934222727827175969e-01,-6.019581399399145383e-01,-3.694294313091114335e-01,-1.200406352457977777e-01,9.709946427369309241e-02,2.154938197022568946e-01,2.154938193897351084e-01,9.709946341127229097e-02,-1.200406364621319222e-01,-3.694294326509722781e-01,-6.019581411872421128e-01,-7.934222737859988328e-01,-9.379130073256424227e-01,-1.039795053898225463e+00,-1.107650846630219066e+00,-1.150602755099122021e+00,-1.176514636209525344e+00,-1.191405541600556450e+00,-1.199515575285657221e+00,-1.203643560404158874e+00,-1.205538303960751678e+00,-1.206240650068378883e+00,-1.206343079781058369e+00,-1.206169059419953893e+00,-1.205888314408174011e+00,-1.205586574934401689e+00,-1.205305584795336227e+00,-1.205064961502147591e+00,-1.204873614123889380e+00,-1.204735454294094454e+00,-1.204652133726589858e+00,-1.204624304527880607e+00,-1.000000000000000000e+00,-1.000000000000000000e+00,-1.000000000000000000e+00,-1.000000000000000000e+00,-1.000000000000000000e+00,-1.000000000000000000e+00,-1.000000000000000000e+00,-1.000000000000000000e+00,-1.000000000000000000e+00,-1.000000000000000000e+00,-1.000000000000000000e+00,-1.000000000000000000e+00,-1.000000000000000000e+00,-1.000000000000000000e+00,-1.000000000000000000e+00,-1.000000000000000000e+00,-1.000000000000000000e+00,-1.000000000000000000e+00,-1.000000000000000000e+00,-1.000000000000000000e+00,-1.000000000000000000e+00,-1.000000000000000000e+00,-1.000000000000000000e+00,-1.000000000000000000e+00,-1.000000000000000000e+00,-1.000000000000000000e+00,-1.000000000000000000e+00,-1.000000000000000000e+00,-1.000000000000000000e+00,-1.000000000000000000e+00,-1.000000000000000000e+00,-1.000000000000000000e+00,-1.000000000000000000e+00,-1.000000000000000000e+00,-1.000000000000000000e+00,-1.000000000000000000e+00,-1.000000000000000000e+00,-1.000000000000000000e+00,-1.000000000000000000e+00,-1.000000000000000000e+00,-1.000000000000000000e+00,-1.000000000000000000e+00,-1.000000000000000000e+00,-1.000000000000000000e+00,-1.000000000000000000e+00,-1.000000000000000000e+00
