Version 1.2
CartesianMesh {
	//              X          Y          Z
	Size           50         50         18
	Extent 74.239999999999995 74.239999999999995         26
	Origin          0          0          0

	VolumeRegionsMapSubvolume {
	7
	//VolRegID   SubvolID     Volume
	         0          0 124412.82212538144 //ec
	         1          1 15298.385089350713 //cytosol
	         2          1 3.5108170027194547 //cytosol
	         3          1 3.5108170027194547 //cytosol
	         4          1 10.532451008158365 //cytosol
	         5          2 3570.5008917656078 //Nucleus
	         6          1 1.7554085013597274 //cytosol
	}

	MembraneRegionsMapVolumeRegion {
	6
	//MemRegID    VolReg1    VolReg2    Surface
	         0          1          0 4416.1424122439357
	         1          2          0 3.4649819829972763
	         2          3          0 3.4649819829972763
	         3          4          0 12.172997034555236
	         4          5          1 1256.4062481431956
	         5          6          0 1.547744075720672
	}

	VolumeElementsMapVolumeRegion {
	45000 Compressed
	789CED9DED72DA401004210979FF478EAB9C5484B82F74332BDDD24D55FE699B95857C3B3E91DB0D
	0000000000000000000000002037F7AF5784E31E60BADB4DF7C26B4D4BC9A1B494EBAF65C8ED5073
	8E438FBBFEB3C347DC3D1700000060457ED80D3FCDF57F7DBDDCF80D1144AC58635295D90A6E47FF
	F89919A53CA9BD569BE9A2369D2BE79E964365C9E1681B707CAA63FE4ED8B7CCF6739573E574A870
	D7AF3BD4BC6B38F21EDEEF60C6F2DE317EC7FB905802000000288859555DCF723CBDFAFE7764BD7B
	744D3C3E191C5F77D7E69B7DB59929AB36A93DFB662687DEE4AC994CFC86B12C234317AB3B1E5F2F
	AFE3F1F7E5BC721F3BCB8C67D4A077ECCFD59CA5EDD05C5D23D7AEAB8FE7AA739EF7DEF731D3FBE7
	4565193B66C6317EDC31870BBF81BD8900A066A5DD23AD3BA0F6AFFE5E47AB13ED3325391C6B5DA5
	E75B62560A11965C9DFCF7443DD117E138FB9941CD7EBB9AC939732ACEA0DF306EB9B6E17CC7FFC4
	C4E5784E971C8EC7098E19CFD8998A73A8EF56658736BD2A1BF49D6CEB7A3A29573CE619AFBF3D46
	E350E237C4AC1922B23E77FD67870F77FD7F0EBF812EAEE1A08B36BF6FB9AEA50C9DE4CAE1CAD5F4
	6B85084769B78D96084779D790DEF19A58ACE8D857F5399E670C9FC3BB5A3CC711337D685D3D87C2
	E6375C294DF439347BBCFA86F9FC6AC4B0B2E3F1E27026646B38FABBFA22760EFAF244E5BEC1D1A4
	6F8EFA274465685B74B8EBD71C6AFC86985D7DEEFA9149DFAAA9C9B3812E461D5E56EFC27F86A22C
	519D647164B144397274524EFBDC0EDFBAC7EB88CDE1EE37DF9576CE6A3766D51E337D684D3D87C2
	34E6583B235338DA55BD89CCD6309B5F657190F5ADE898FD14962CDAFAF54E347968CFA1E9A0E550
	1A48FA661C0EFC866C395C8E2EBCE4E9C28DD311F1FE73254B591C592C510E3A79CF12E1C8D449F4
	7EB80847CC9A3A6636D09A7A0E8567C471F5DD702329D9ACA36F98B58C19E6B2A551832B87F33B1E
	42C7C80E2F8F636FC8E2D07FD2D5F5CB9DA80DF5B3759719C8E1661D6ADCF55F1D1EDCF5B70E277E
	43A6E91600608E2CD9289D5CD1119BC3B91D912BC5A83575CC6CA035F51CBE7D194ACF98C1E7D0CC
	CFBDFA71BBC8D6CDE194B94F84E33AF995DE5136781DF39FF3BDC561683B34867A9E789719F2E470
	67EDD4D7E3ADBE77F8F01BA2768100000000F4F1AF7CCEF88B6DCC8A3A6632889B71749EBEE3FA4F
	BE8EA564738E11C3BABBC82232326DB614E1F8A48C4CFFBF66E8BB78B564C9E1F6F5FD399C0EBF81
	1CEE98C387BB3E000000C0E711B57FD0BB5A3C67DDAE36B5E6A88859CD33733A2CB5AABA94612CF9
	99B38C18B2244BEADCA764D03ACA86D51C2D43846316EF35B577B852B8BA4367D85BB6DF3EC753A3
	7D8B076F75000000008016FED568F4AADD63AA39749E96C13173BA2CE5BABE9D38AF13B423EB7324
	0D3D439E6C298B43F9338FC8C87C867627FA7B89CB50B368EFED31BFA3F27CB71A291900000000C0
	2CEE35FB277CD35D84C39BF52967DB7D655F92514B1AD439DCCAB94F16472FBF5A2F23AB19D6CEC8
	9C7BD53C29DCDEE2F8ED517638F05607000000008055889C3E7C9E5A86E537B8E6DAED84ABB3EC2B
	EB938CE8E7EECEC964621C8F247DF81DEA4F88D350EBC477C772199E1D7177770FA4640000000000
	908BB8296ADDACAF949339B33E470AB775F8B30C5FEA83E37A8E5B2323D3E1BE72FF399C4F736E2D
	EE04CB9F907D5B000000000000E0D388986BDD49DF79DF4AEECD2C631D313B2D718C3AB4F80D258B
	077F42060000000000009001EFEC1C9700F81C67A42538C62D2E222D000000000000000000000000
	0057E50F36B82502
	}

	MembraneElements {
	3864
	//Indx Vol1 Vol2 Conn0 Conn1 Conn2 Conn3 MemRegID
	     0  966 3466     2   178   163     1        0
	     1  967 3467     3     0   165   180        0
	     2 1016 3516   198   196     0     3        0
	     3 1017 3517   199     2     1     4        0
	     4 1018 3518     7     3   181     5        0
	     5 1019 3519     8     4   183     6        0
	     6 1020 3520     9     5   185   200        0
	     7 1068 3568    14   215     4     8        0
	     8 1069 3569    15     7     5     9        0
	     9 1070 3570    16     8     6    10        0
	    10 1071 3571    17     9   201    11        0
	    11 1072 3572    18    10   203    12        0
	    12 1073 3573    19    11   205   218        0
	    13 1117 3617   232   230   216    14        0
	    14 1118 3618    23    13     7    15        0
	    15 1119 3619    24    14     8    16        0
	    16 1120 3620    25    15     9    17        0
	    17 1121 3621    26    16    10    18        0
	    18 1122 3622    27    17    11    19        0
	    19 1123 3623    28    18    12    20        0
	    20 1124 3624    29    19   219    21        0
	    21 1125 3625    30    20   221    22        0
	    22 1126 3626    31    21   223   233        0
	    23 1168 3668    33   241    14    24        0
	    24 1169 3669    34    23    15    25        0
	    25 1170 3670    35    24    16    26        0
	    26 1171 3671    36    25    17    27        0
	    27 1172 3672    37    26    18    28        0
	    28 1173 3673    38    27    19    29        0
	    29 1174 3674    39    28    20    30        0
	    30 1175 3675    40    29    21    31        0
	    31 1176 3676    41    30    22    32        0
	    32 1177 3677    42    31   234   243        0
	    33 1218 3718    46   251    23    34        0
	    34 1219 3719    47    33    24    35        0
	    35 1220 3720    48    34    25    36        0
	    36 1221 3721    49    35    26    37        0
	    37 1222 3722    50    36    27    38        0
	    38 1223 3723    51    37    28    39        0
	    39 1224 3724    52    38    29    40        0
	    40 1225 3725    53    39    30    41        0
	    41 1226 3726    54    40    31    42        0
	    42 1227 3727    55    41    32    43        0
	    43 1228 3728   255    42   244   254        0
	    44 1266 3766    57   258   249    45        0
	    45 1267 3767    58    44   252    46        0
	    46 1268 3768    59    45    33    47        0
	    47 1269 3769    60    46    34    48        0
	    48 1270 3770    61    47    35    49        0
	    49 1271 3771    62    48    36    50        0
	    50 1272 3772    63    49    37    51        0
	    51 1273 3773    64    50    38    52        0
	    52 1274 3774    65    51    39    53        0
	    53 1275 3775    66    52    40    54        0
	    54 1276 3776    67    53    41    55        0
	    55 1277 3777   262    54    42   261        0
	    56 1315 3815    68   265   259    57        0
	    57 1316 3816    69    56    44    58        0
	    58 1317 3817    70    57    45    59        0
	    59 1318 3818    71    58    46    60        0
	    60 1319 3819    72    59    47    61        0
	    61 1320 3820    73    60    48    62        0
	    62 1321 3821    74    61    49    63        0
	    63 1322 3822    75    62    50    64        0
	    64 1323 3823    76    63    51    65        0
	    65 1324 3824    77    64    52    66        0
	    66 1325 3825    78    65    53    67        0
	    67 1326 3826    79    66    54   267        0
	    68 1365 3865    80   271    56    69        0
	    69 1366 3866    81    68    57    70        0
	    70 1367 3867    82    69    58    71        0
	    71 1368 3868    83    70    59    72        0
	    72 1369 3869    84    71    60    73        0
	    73 1370 3870    85    72    61    74        0
	    74 1371 3871    86    73    62    75        0
	    75 1372 3872    87    74    63    76        0
	    76 1373 3873    88    75    64    77        0
	    77 1374 3874    89    76    65    78        0
	    78 1375 3875    90    77    66    79        0
	    79 1376 3876    91    78    67   273        0
	    80 1415 3915    92   278    68    81        0
	    81 1416 3916    93    80    69    82        0
	    82 1417 3917    94    81    70    83        0
	    83 1418 3918    95    82    71    84        0
	    84 1419 3919    96    83    72    85        0
	    85 1420 3920    97    84    73    86        0
	    86 1421 3921    98    85    74    87        0
	    87 1422 3922    99    86    75    88        0
	    88 1423 3923   100    87    76    89        0
	    89 1424 3924   101    88    77    90        0
	    90 1425 3925   280    89    78    91        0
	    91 1426 3926   282    90    79   281        0
	    92 1465 3965   102   289    80    93        0
	    93 1466 3966   103    92    81    94        0
	    94 1467 3967   104    93    82    95        0
	    95 1468 3968   105    94    83    96        0
	    96 1469 3969   106    95    84    97        0
	    97 1470 3970   107    96    85    98        0
	    98 1471 3971   108    97    86    99        0
	    99 1472 3972   109    98    87   100        0
	   100 1473 3973   110    99    88   101        0
	   101 1474 3974   111   100    89   291        0
	   102 1515 4015   112   297    92   103        0
	   103 1516 4016   113   102    93   104        0
	   104 1517 4017   114   103    94   105        0
	   105 1518 4018   115   104    95   106        0
	   106 1519 4019   116   105    96   107        0
	   107 1520 4020   117   106    97   108        0
	   108 1521 4021   118   107    98   109        0
	   109 1522 4022   119   108    99   110        0
	   110 1523 4023   120   109   100   111        0
	   111 1524 4024   300   110   101   299        0
	   112 1565 4065   121   306   102   113        0
	   113 1566 4066   122   112   103   114        0
	   114 1567 4067   123   113   104   115        0
	   115 1568 4068   124   114   105   116        0
	   116 1569 4069   125   115   106   117        0
	   117 1570 4070   126   116   107   118        0
	   118 1571 4071   127   117   108   119        0
	   119 1572 4072   308   118   109   120        0
	   120 1573 4073   310   119   110   309        0
	   121 1615 4115   128   315   112   122        0
	   122 1616 4116   129   121   113   123        0
	   123 1617 4117   130   122   114   124        0
	   124 1618 4118   131   123   115   125        0
	   125 1619 4119   132   124   116   126        0
	   126 1620 4120   317   125   117   127        0
	   127 1621 4121   319   126   118   318        0
	   128 1665 4165   133   324   121   129        0
	   129 1666 4166   134   128   122   130        0
	   130 1667 4167   135   129   123   131        0
	   131 1668 4168   136   130   124   132        0
	   132 1669 4169   327   131   125   326        0
	   133 1715 4215   334   332   128   134        0
	   134 1716 4216   137   133   129   135        0
	   135 1717 4217   138   134   130   136        0
	   136 1718 4218   336   135   131   335        0
	   137 1766 4266   346   344   134   138        0
	   138 1767 4267   348   137   135   347        0
	   139 3136 5636   140   366   364   367        0
	   140 3186 5686   142   370   139   372        0
	   141 3235 5735   144   376   371   142        0
	   142 3236 5736   145   141   140   377        0
	   143 3268 5768   147   381   375   384        0
	   144 3285 5785   149   385   141   145        0
	   145 3286 5786   150   144   142   387        0
	   146 3317 5817   154   393   382   147        0
	   147 3318 5818   155   146   143   396        0
	   148 3334 5834   159   401   386   149        0
	   149 3335 5835   160   148   144   150        0
	   150 3336 5836   403   149   145   402        0
	   151 3364 5864   161   404   389   152        0
	   152 3365 5865   162   151   391   153        0
	   153 3366 5866   164   152   394   154        0
	   154 3367 5867   166   153   146   155        0
	   155 3368 5868   167   154   147   156        0
	   156 3369 5869   168   155   397   157        0
	   157 3370 5870   169   156   399   406        0
	   158 3375 5875   174   410   400   412        0
	   159 3384 5884   417   415   148   160        0
	   160 3385 5885   419   159   149   418        0
	   161 3414 5914   177   423   151   162        0
	   162 3415 5915   179   161   152   164        0
	   163 3416 3466   165     0   178   164        0
	   164 3416 5916   163   162   153   166        0
	   165 3417 3467   180     1   163   166        0
	   166 3417 5917   165   164   154   167        0
	   167 3418 5918   182   166   155   168        0
	   168 3419 5919   184   167   156   169        0
	   169 3420 5920   186   168   157   170        0
	   170 3421 5921   187   169   407   171        0
	   171 3422 5922   188   170   408   172        0
	   172 3423 5923   189   171   409   173        0
	   173 3424 5924   190   172   411   174        0
	   174 3425 5925   191   173   158   175        0
	   175 3426 5926   192   174   413   176        0
	   176 3427 5927   193   175   414   427        0
	   177 3464 5964   195   434   161   179        0
	   178 3465 3466   196     0   163   179        0
	   179 3465 5965   197   177   162   178        0
	   180 3468 3467   181     1   165   182        0
	   181 3468 3518   183     4   180   182        0
	   182 3468 5968   181   180   167   184        0
	   183 3469 3519   185     5   181   184        0
	   184 3469 5969   183   182   168   186        0
	   185 3470 3520   200     6   183   186        0
	   186 3470 5970   185   184   169   187        0
	   187 3471 5971   202   186   170   188        0
	   188 3472 5972   204   187   171   189        0
	   189 3473 5973   206   188   172   190        0
	   190 3474 5974   207   189   173   191        0
	   191 3475 5975   208   190   174   192        0
	   192 3476 5976   209   191   175   193        0
	   193 3477 5977   210   192   176   194        0
	   194 3478 5978   211   193   429   436        0
	   195 3514 6014   212   440   177   197        0
	   196 3515 3516   198     2   178   197        0
	   197 3515 6015   213   195   179   196        0
	   198 3566 3516   199     2   196   214        0
	   199 3567 3517   215     3   198   217        0
	   200 3521 3520   201     6   185   202        0
	   201 3521 3571   203    10   200   202        0
	   202 3521 6021   201   200   187   204        0
	   203 3522 3572   205    11   201   204        0
	   204 3522 6022   203   202   188   206        0
	   205 3523 3573   218    12   203   206        0
	   206 3523 6023   205   204   189   207        0
	   207 3524 6024   220   206   190   208        0
	   208 3525 6025   222   207   191   209        0
	   209 3526 6026   224   208   192   210        0
	   210 3527 6027   225   209   193   211        0
	   211 3528 6028   226   210   194   442        0
	   212 3564 6064   228   445   195   213        0
	   213 3565 6065   229   212   197   214        0
	   214 3566 6066   231   213   198   217        0
	   215 3567 3568   216     7   199   217        0
	   216 3567 3617   215    13   230   217        0
	   217 3567 6067   216   214   199   215        0
	   218 3574 3573   219    12   205   220        0
	   219 3574 3624   221    20   218   220        0
	   220 3574 6074   219   218   207   222        0
	   221 3575 3625   223    21   219   222        0
	   222 3575 6075   221   220   208   224        0
	   223 3576 3626   233    22   221   224        0
	   224 3576 6076   223   222   209   225        0
	   225 3577 6077   235   224   210   226        0
	   226 3578 6078   236   225   211   448        0
	   227 3613 6113   237   450   446   228        0
	   228 3614 6114   238   227   212   229        0
	   229 3615 6115   239   228   213   231        0
	   230 3616 3617   232    13   216   231        0
	   231 3616 6116   240   229   214   230        0
	   232 3667 3617   241    13   230   242        0
	   233 3627 3626   234    22   223   235        0
	   234 3627 3677   243    32   233   235        0
	   235 3627 6127   234   233   225   236        0
	   236 3628 6128   245   235   226   452        0
	   237 3663 6163   246   454   227   238        0
	   238 3664 6164   247   237   228   239        0
	   239 3665 6165   248   238   229   240        0
	   240 3666 6166   250   239   231   242        0
	   241 3667 3668   251    23   232   242        0
	   242 3667 6167   253   240   232   241        0
	   243 3678 3677   244    32   234   245        0
	   244 3678 3728   254    43   243   245        0
	   245 3678 6178   244   243   236   456        0
	   246 3713 6213   256   458   237   247        0
	   247 3714 6214   257   246   238   248        0
	   248 3715 6215   260   247   239   250        0
	   249 3716 3766   252    44   258   250        0
	   250 3716 6216   249   248   240   253        0
	   251 3717 3718   252    33   241   253        0
	   252 3717 3767   251    45   249   253        0
	   253 3717 6217   252   250   242   251        0
	   254 3729 3728   255    43   244   460        0
	   255 3778 3728   254    43   261   263        0
	   256 3763 6263   264   462   246   257        0
	   257 3764 6264   266   256   247   260        0
	   258 3765 3766   259    44   249   260        0
	   259 3765 3815   258    56   265   260        0
	   260 3765 6265   259   257   248   258        0
	   261 3778 3777   262    55   255   263        0
	   262 3827 3777   261    55   267   268        0
	   263 3778 6278   269   261   255   464        0
	   264 3813 6313   270   466   256   266        0
	   265 3814 3815   271    56   259   266        0
	   266 3814 6314   272   264   257   265        0
	   267 3827 3826   273    67   262   268        0
	   268 3827 6327   274   267   262   269        0
	   269 3828 6328   275   268   263   468        0
	   270 3863 6363   277   472   264   272        0
	   271 3864 3865   278    68   265   272        0
	   272 3864 6364   279   270   266   271        0
	   273 3877 3876   281    79   267   274        0
	   274 3877 6377   283   273   268   275        0
	   275 3878 6378   284   274   269   474        0
	   276 3881 6381   286   477   471   479        0
	   277 3913 6413   288   482   270   279        0
	   278 3914 3915   289    80   271   279        0
	   279 3914 6414   290   277   272   278        0
	   280 3975 3925   282    90   291   292        0
	   281 3927 3926   282    91   273   283        0
	   282 3976 3926   281    91   280   293        0
	   283 3927 6427   294   281   274   284        0
	   284 3928 6428   295   283   275   285        0
	   285 3929 6429   485   284   475   484        0
	   286 3931 6431   488   486   276   287        0
	   287 3932 6432   490   286   480   489        0
	   288 3963 6463   296   491   277   290        0
	   289 3964 3965   297    92   278   290        0
	   290 3964 6464   298   288   279   289        0
	   291 3975 3974   299   101   280   292        0
	   292 3975 6475   301   291   280   293        0
	   293 3976 6476   302   292   282   294        0
	   294 3977 6477   303   293   283   295        0
	   295 3978 6478   304   294   284   493        0
	   296 4013 6513   305   499   288   298        0
	   297 4014 4015   306   102   289   298        0
	   298 4014 6514   307   296   290   297        0
	   299 4025 4024   300   111   291   301        0
	   300 4074 4024   299   111   309   311        0
	   301 4025 6525   312   299   292   302        0
	   302 4026 6526   313   301   293   303        0
	   303 4027 6527   501   302   294   304        0
	   304 4028 6528   503   303   295   502        0
	   305 4063 6563   314   508   296   307        0
	   306 4064 4065   315   112   297   307        0
	   307 4064 6564   316   305   298   306        0
	   308 4122 4072   310   119   318   320        0
	   309 4074 4073   310   120   300   311        0
	   310 4123 4073   309   120   308   321        0
	   311 4074 6574   322   309   300   312        0
	   312 4075 6575   510   311   301   313        0
	   313 4076 6576   512   312   302   511        0
	   314 4113 6613   323   520   305   316        0
	   315 4114 4115   324   121   306   316        0
	   316 4114 6614   325   314   307   315        0
	   317 4170 4120   319   126   326   328        0
	   318 4122 4121   319   127   308   320        0
	   319 4171 4121   318   127   317   329        0
	   320 4122 6622   330   318   308   321        0
	   321 4123 6623   331   320   310   322        0
	   322 4124 6624   523   321   311   522        0
	   323 4163 6663   533   531   314   325        0
	   324 4164 4165   332   128   315   325        0
	   325 4164 6664   333   323   316   324        0
	   326 4170 4169   327   132   317   328        0
	   327 4219 4169   326   132   335   337        0
	   328 4170 6670   338   326   317   329        0
	   329 4171 6671   339   328   319   330        0
	   330 4172 6672   340   329   320   331        0
	   331 4173 6673   535   330   321   534        0
	   332 4214 4215   334   133   324   333        0
	   333 4214 6714   343   545   325   332        0
	   334 4265 4215   344   133   332   345        0
	   335 4219 4218   336   136   327   337        0
	   336 4268 4218   335   136   347   349        0
	   337 4219 6719   350   335   327   338        0
	   338 4220 6720   351   337   328   339        0
	   339 4221 6721   547   338   329   340        0
	   340 4222 6722   549   339   330   548        0
	   341 4238 6738   553   551   541   342        0
	   342 4239 6739   352   341   543   554        0
	   343 4264 6764   558   556   333   345        0
	   344 4265 4266   346   137   334   345        0
	   345 4265 6765   354   343   334   344        0
	   346 4316 4266   348   137   344   355        0
	   347 4268 4267   348   138   336   349        0
	   348 4317 4267   347   138   346   356        0
	   349 4268 6768   357   347   336   350        0
	   350 4269 6769   559   349   337   351        0
	   351 4270 6770   561   350   338   560        0
	   352 4289 6789   565   564   342   353        0
	   353 4290 6790   567   352   555   566        0
	   354 4315 6815   359   571   345   355        0
	   355 4316 6816   360   354   346   356        0
	   356 4317 6817   361   355   348   357        0
	   357 4318 6818   362   356   349   573        0
	   358 4341 6841   579   577   568   578        0
	   359 4365 6865   584   582   354   360        0
	   360 4366 6866   363   359   355   361        0
	   361 4367 6867   585   360   356   362        0
	   362 4368 6868   587   361   357   586        0
	   363 4416 6916   593   590   360   592        0
	   364 5586 5636   367   139   366   368        0
	   365 5611 8111   625   622   620   624        0
	   366 5635 5636   370   139   364   368        0
	   367 5637 5636   372   139   364   368        0
	   368 8136 5636   373   366   364   367        0
	   369 5662 8162   630   627   626   629        0
	   370 5685 5686   371   140   366   373        0
	   371 5685 5735   370   141   376   632        0
	   372 5687 5686   377   140   367   373        0
	   373 8186 5686   378   370   368   372        0
	   374 5713 8213   379   634   631   636        0
	   375 5718 5768   384   143   381   640        0
	   376 5734 5735   385   141   371   642        0
	   377 5737 5736   387   142   372   378        0
	   378 8236 5736   645   643   373   377        0
	   379 5763 8263   388   646   374   648        0
	   380 5766 8266   395   651   638   383        0
	   381 5767 5768   382   143   375   383        0
	   382 5767 5817   381   146   393   383        0
	   383 5767 8267   382   380   639   381        0
	   384 5769 5768   396   143   375   654        0
	   385 5784 5785   386   144   376   657        0
	   386 5784 5834   385   148   401   658        0
	   387 5787 5786   402   145   377   660        0
	   388 5813 8313   405   662   379   390        0
	   389 5814 5864   391   151   404   390        0
	   390 5814 8314   389   388   649   392        0
	   391 5815 5865   394   152   389   392        0
	   392 5815 8315   391   390   652   395        0
	   393 5816 5817   394   146   382   395        0
	   394 5816 5866   393   153   391   395        0
	   395 5816 8316   394   392   380   393        0
	   396 5819 5818   397   147   384   398        0
	   397 5819 5869   399   156   396   398        0
	   398 5819 8319   397   396   655   664        0
	   399 5820 5870   406   157   397   665        0
	   400 5825 5875   412   158   410   667        0
	   401 5833 5834   415   148   386   668        0
	   402 5837 5836   403   150   387   672        0
	   403 5886 5836   402   150   418   420        0
	   404 5863 5864   423   151   389   405        0
	   405 5863 8363   424   676   388   404        0
	   406 5871 5870   407   157   399   678        0
	   407 5871 5921   408   170   406   679        0
	   408 5872 5922   409   171   407   681        0
	   409 5873 5923   411   172   408   425        0
	   410 5874 5875   411   158   400   682        0
	   411 5874 5924   410   173   409   426        0
	   412 5876 5875   413   158   400   683        0
	   413 5876 5926   414   175   412   685        0
	   414 5877 5927   427   176   413   428        0
	   415 5883 5884   417   159   401   416        0
	   416 5883 8383   432   687   669   415        0
	   417 5934 5884   419   159   415   690        0
	   418 5886 5885   419   160   403   420        0
	   419 5935 5885   418   160   417   691        0
	   420 5886 8386   693   418   403   421        0
	   421 5887 8387   695   420   674   422        0
	   422 5888 8388   698   421   675   697        0
	   423 5913 5914   434   161   404   424        0
	   424 5913 8413   435   700   405   423        0
	   425 8423 5923   704   703   409   426        0
	   426 8424 5924   707   425   411   706        0
	   427 5928 5927   429   176   414   428        0
	   428 8427 5927   712   710   414   427        0
	   429 5928 5978   436   194   427   713        0
	   430 5931 8431   439   715   686   431        0
	   431 5932 8432   717   430   688   432        0
	   432 5933 8433   719   431   416   718        0
	   433 5962 8462   721   720   701   435        0
	   434 5963 5964   440   177   423   435        0
	   435 5963 8463   441   433   424   434        0
	   436 5979 5978   442   194   429   437        0
	   437 5979 8479   443   436   714   438        0
	   438 5980 8480   444   437   716   439        0
	   439 5981 8481   723   438   430   722        0
	   440 6013 6014   445   195   434   441        0
	   441 6013 8513   447   725   435   440        0
	   442 6029 6028   448   211   436   443        0
	   443 6029 8529   449   442   437   444        0
	   444 6030 8530   728   443   438   727        0
	   445 6063 6064   446   212   440   447        0
	   446 6063 6113   445   227   450   447        0
	   447 6063 8563   446   729   441   445        0
	   448 6079 6078   452   226   442   449        0
	   449 6079 8579   453   448   443   732        0
	   450 6112 6113   454   227   446   451        0
	   451 6112 8612   455   734   730   450        0
	   452 6129 6128   456   236   448   453        0
	   453 6129 8629   457   452   449   736        0
	   454 6162 6163   458   237   450   455        0
	   455 6162 8662   459   737   451   454        0
	   456 6179 6178   460   245   452   457        0
	   457 6179 8679   461   456   453   739        0
	   458 6212 6213   462   246   454   459        0
	   459 6212 8712   463   740   455   458        0
	   460 6229 6228   464   254   456   461        0
	   461 6229 8729   465   460   457   742        0
	   462 6262 6263   466   256   458   463        0
	   463 6262 8762   467   743   459   462        0
	   464 6279 6278   468   263   460   465        0
	   465 6279 8779   469   464   461   745        0
	   466 6312 6313   472   264   462   467        0
	   467 6312 8812   473   748   463   466        0
	   468 6329 6328   474   269   464   469        0
	   469 6329 8829   476   468   465   470        0
	   470 6330 8830   478   469   746   750        0
	   471 6331 6381   479   276   477   751        0
	   472 6362 6363   482   270   466   473        0
	   473 6362 8862   483   753   467   472        0
	   474 6379 6378   475   275   468    -1        0
	   475 6379 6429   484   285   474   476        0
	   476 6379 8879   475    -1   469   478        0
	   477 6380 6381   486   276   471   478        0
	   478 6380 8880   487   476   470   477        0
	   479 6382 6381   480   276   471   481        0
	   480 6382 6432   489   287   479   481        0
	   481 6382 8882   480   479   752   755        0
	   482 6412 6413   491   277   472   483        0
	   483 6412 8912   492   756   473   482        0
	   484 6430 6429   485   285   475   487        0
	   485 6479 6429   484   285   493   494        0
	   486 6430 6431   488   286   477   487        0
	   487 6430 8930   495   484   478   486        0
	   488 6481 6431   490   286   486   496        0
	   489 6433 6432   490   287   480   758        0
	   490 6482 6432   489   287   488   497        0
	   491 6462 6463   499   288   482   492        0
	   492 6462 8962   500   760   483   491        0
	   493 6479 6478   502   295   485   494        0
	   494 6479 8979   504   493   485   495        0
	   495 6480 8980   505   494   487   496        0
	   496 6481 8981   506   495   488   497        0
	   497 6482 8982   507   496   490   498        0
	   498 6483 8983   763   497   759   762        0
	   499 6512 6513   508   296   491   500        0
	   500 6512 9012   509   764   492   499        0
	   501 6577 6527   503   303   511   513        0
	   502 6529 6528   503   304   493   504        0
	   503 6578 6528   502   304   501   514        0
	   504 6529 9029   515   502   494   505        0
	   505 6530 9030   516   504   495   506        0
	   506 6531 9031   517   505   496   507        0
	   507 6532 9032   518   506   497   766        0
	   508 6562 6563   520   305   499   509        0
	   509 6562 9062   521   770   500   508        0
	   510 6625 6575   512   312   522   524        0
	   511 6577 6576   512   313   501   513        0
	   512 6626 6576   511   313   510   525        0
	   513 6577 9077   772   511   501   514        0
	   514 6578 9078   773   513   503   515        0
	   515 6579 9079   774   514   504   516        0
	   516 6580 9080   775   515   505   517        0
	   517 6581 9081   526   516   506   518        0
	   518 6582 9082   527   517   507   519        0
	   519 6583 9083   528   518   767   776        0
	   520 6612 6613   531   314   508   521        0
	   521 6612 9112   532   780   509   520        0
	   522 6625 6624   523   322   510   524        0
	   523 6674 6624   522   322   534   536        0
	   524 6625 9125   537   522   510   525        0
	   525 6626 9126   782   524   512   781        0
	   526 6631 9131   786   785   517   527        0
	   527 6632 9132   787   526   518   528        0
	   528 6633 9133   788   527   519   529        0
	   529 6634 9134   789   528   777   530        0
	   530 6635 9135   538   529   779   790        0
	   531 6662 6663   533   323   520   532        0
	   532 6662 9162   544   794   521   531        0
	   533 6713 6663   545   323   531   546        0
	   534 6674 6673   535   331   523   536        0
	   535 6723 6673   534   331   548   550        0
	   536 6674 9174   795   534   523   537        0
	   537 6675 9175   797   536   524   796        0
	   538 6685 9185   800   799   530   539        0
	   539 6686 9186   801   538   791   540        0
	   540 6687 9187   552   539   792   542        0
	   541 6688 6738   543   341   551   542        0
	   542 6688 9188   541   540   793   802        0
	   543 6689 6739   554   342   541   804        0
	   544 6712 9212   806   805   532   546        0
	   545 6713 6714   556   333   533   546        0
	   546 6713 9213   557   544   533   545        0
	   547 6771 6721   549   339   560   562        0
	   548 6723 6722   549   340   535   550        0
	   549 6772 6722   548   340   547   563        0
	   550 6723 9223   808   548   535   807        0
	   551 6737 6738   553   341   541   552        0
	   552 6737 9237   811   810   540   551        0
	   553 6788 6738   564   341   551   813        0
	   554 6740 6739   555   342   543   814        0
	   555 6740 6790   566   353   554   816        0
	   556 6763 6764   558   343   545   557        0
	   557 6763 9263   570   818   546   556        0
	   558 6814 6764   571   343   556   572        0
	   559 6819 6769   561   350   573   574        0
	   560 6771 6770   561   351   547   562        0
	   561 6820 6770   560   351   559   575        0
	   562 6771 9271   576   560   547   563        0
	   563 6772 9272   821   562   549   820        0
	   564 6788 6789   565   352   553   823        0
	   565 6839 6789   567   352   564   824        0
	   566 6791 6790   567   353   555   569        0
	   567 6840 6790   566   353   565   826        0
	   568 6791 6841   578   358   577   569        0
	   569 6791 9291   568   566   817   828        0
	   570 6813 9313   581   831   557   572        0
	   571 6814 6815   582   354   558   572        0
	   572 6814 9314   583   570   558   571        0
	   573 6819 6818   586   357   559   574        0
	   574 6819 9319   588   573   559   575        0
	   575 6820 9320   833   574   561   576        0
	   576 6821 9321   835   575   562   834        0
	   577 6840 6841   579   358   568   837        0
	   578 6842 6841   579   358   568   580        0
	   579 6891 6841   578   358   577   838        0
	   580 6842 9342   841   578   830   840        0
	   581 6863 9363   845   843   570   583        0
	   582 6864 6865   584   359   571   583        0
	   583 6864 9364   589   581   572   582        0
	   584 6915 6865   590   359   582   591        0
	   585 6917 6867   587   361   592   594        0
	   586 6869 6868   587   362   573   588        0
	   587 6918 6868   586   362   585   595        0
	   588 6869 9369   847   586   574   846        0
	   589 6914 9414   596   849   583   591        0
	   590 6915 6916   593   363   584   591        0
	   591 6915 9415   597   589   584   590        0
	   592 6917 6916   593   363   585   594        0
	   593 6966 6916   592   363   590   851        0
	   594 6917 9417   852   592   585   595        0
	   595 6918 9418   854   594   587   853        0
	   596 6964 9464   859   857   589   597        0
	   597 6965 9465   861   596   591   860        0
	   598 7519 10019   599   896    -1   897        0
	   599 7569 10069   602   904   598   905        0
	   600 7605 10105   603   907   900   601        0
	   601 7606 10106   604   600   902   909        0
	   602 7619 10119   606   912   599   913        0
	   603 7655 10155   916   915   600   604        0
	   604 7656 10156   607   603   601   605        0
	   605 7657 10157   608   604   910   917        0
	   606 7669 10169   609   918   602   919        0
	   607 7706 10206   922   921   604   608        0
	   608 7707 10207   610   607   605   923        0
	   609 7719 10219   611   924   606   925        0
	   610 7757 10257   612   926   608   927        0
	   611 7769 10269   613   928   609   929        0
	   612 7807 10307   932   930   610   931        0
	   613 7819 10319   937   935   611   936        0
	   614 7858 10358   615   938   933   939        0
	   615 7908 10408   944   942   614   943        0
	   616 7959 10459   617   950   945   951        0
	   617 8009 10509   957   956   616   618        0
	   618 8010 10510   619   617   952   959        0
	   619 8060 10560   623   963   618   621        0
	   620 8061 8111   624   365   622   621        0
	   621 8061 10561   620   619   960   964        0
	   622 8110 8111   625   365   620   623        0
	   623 8110 10610   968   967   619   622        0
	   624 8112 8111   625   365   620   969        0
	   625 8161 8111   624   365   622   628        0
	   626 8112 8162   629   369   627   970        0
	   627 8161 8162   630   369   626   628        0
	   628 8161 10661   633   973   625   627        0
	   629 8163 8162   630   369   626   974        0
	   630 8212 8162   629   369   627   635        0
	   631 8163 8213   636   374   634   975        0
	   632 8185 8235   643   371   642   644        0
	   633 8211 10711   981   980   628   635        0
	   634 8212 8213   646   374   631   635        0
	   635 8212 10712   647   633   630   634        0
	   636 8214 8213   648   374   631   637        0
	   637 8214 10714   650   636   976   982        0
	   638 8216 8266   639   380   651   984        0
	   639 8217 8267   640   383   638   986        0
	   640 8218 8268   654   375   639   641        0
	   641 8218 10718   640   985   977   988        0
	   642 8234 8235   657   376   632   644        0
	   643 8236 8235   645   378   632   644        0
	   644 10735 8235   659   642   632   643        0
	   645 8236 8286   660   378   643   661        0
	   646 8262 8263   662   379   634   647        0
	   647 8262 10762   663   991   635   646        0
	   648 8264 8263   649   379   636   650        0
	   649 8264 8314   652   390   648   650        0
	   650 8264 10764   649   648   637   653        0
	   651 8265 8266   652   380   638   653        0
	   652 8265 8315   651   392   649   653        0
	   653 8265 10765   652   650   983   651        0
	   654 8269 8268   655   384   640   656        0
	   655 8269 8319   664   398   654   656        0
	   656 8269 10769   655   654   989   993        0
	   657 8284 8285   658   385   642   659        0
	   658 8284 8334   657   386   668   670        0
	   659 10785 8285   671   657   644   661        0
	   660 8287 8286   672   387   645   661        0
	   661 10786 8286   673   659   645   660        0
	   662 8312 8313   676   388   646   663        0
	   663 8312 10812   677   996   647   662        0
	   664 8320 8319   665   398   655   666        0
	   665 8320 8370   678   399   664   666        0
	   666 8320 10820   665   664   994   997        0
	   667 8325 8375   683   400   682   684        0
	   668 8333 8334   669   401   658   670        0
	   669 8333 8383   668   416   687   689        0
	   670 10834 8334   999   668   658   671        0
	   671 10835 8335   692   670   659   673        0
	   672 8337 8336   674   402   660   673        0
	   673 10836 8336   694   671   661   672        0
	   674 8337 8387   675   421   672   696        0
	   675 8338 8388   697   422   674   699        0
	   676 8362 8363   700   405   662   677        0
	   677 8362 10862   702  1000   663   676        0
	   678 8371 8370   679   406   665   680        0
	   679 8371 8421   681   407   678   680        0
	   680 8371 10871   679   678   998  1001        0
	   681 8372 8422   703   408   679  1002        0
	   682 8374 8375   706   410   667   684        0
	   683 8376 8375   685   412   667   684        0
	   684 10875 8375   709   682   667   683        0
	   685 8376 8426   710   413   683   711        0
	   686 8381 8431   688   430   715  1006        0
	   687 8382 8383   688   416   669   689        0
	   688 8382 8432   687   431   686  1007        0
	   689 10883 8383  1009   687   669  1008        0
	   690 8434 8384   691   417   718  1011        0
	   691 8435 8385   693   419   690   692        0
	   692 10885 8385   691  1010   671   694        0
	   693 8436 8386   695   420   691   694        0
	   694 10886 8386   693   692   673   696        0
	   695 8437 8387   698   421   693   696        0
	   696 10887 8387   695   694   674   699        0
	   697 8389 8388   698   422   675   699        0
	   698 8438 8388   697   422   695   699        0
	   699 10888 8388   698   696   675   697        0
	   700 8412 8413   701   424   676   702        0
	   701 8412 8462   700   433   720   702        0
	   702 8412 10912   701  1013   677   700        0
	   703 8423 8422   704   425   681   705        0
	   704 8423 8473   707   425   703   705        0
	   705 8423 10923   704   703  1004   708        0
	   706 8424 8425   707   426   682   709        0
	   707 8424 8474   706   426   704   708        0
	   708 8424 10924   707   705  1005  1015        0
	   709 10925 8425  1016   706   684   711        0
	   710 8427 8426   712   428   685   711        0
	   711 10926 8426  1018   709   685   710        0
	   712 8427 8477   713   428   710  1020        0
	   713 8428 8478   714   429   712  1021        0
	   714 8429 8479   716   437   713  1022        0
	   715 8430 8431   716   430   686  1023        0
	   716 8430 8480   715   438   714  1024        0
	   717 8482 8432   719   431   722  1026        0
	   718 8434 8433   719   432   690  1028        0
	   719 8483 8433   718   432   717  1029        0
	   720 8461 8462   721   433   701  1031        0
	   721 8512 8462   725   433   720   726        0
	   722 8482 8481   723   439   717  1034        0
	   723 8531 8481   722   439   727  1035        0
	   724 8511 11011  1037  1036  1032   726        0
	   725 8512 8513   729   441   721   726        0
	   726 8512 11012   731   724   721   725        0
	   727 8531 8530   728   444   723  1038        0
	   728 8580 8530   727   444   732   733        0
	   729 8562 8563   730   447   725   731        0
	   730 8562 8612   729   451   734   731        0
	   731 8562 11062   730  1039   726   729        0
	   732 8580 8579   736   449   728   733        0
	   733 8580 11080  1043   732   728  1042        0
	   734 8611 8612   737   451   730   735        0
	   735 8611 11111   738  1044  1040   734        0
	   736 8630 8629   739   453   732  1046        0
	   737 8661 8662   740   455   734   738        0
	   738 8661 11161   741  1048   735   737        0
	   739 8680 8679   742   457   736  1050        0
	   740 8711 8712   743   459   737   741        0
	   741 8711 11211   744  1052   738   740        0
	   742 8730 8729   745   461   739  1054        0
	   743 8761 8762   748   463   740   744        0
	   744 8761 11261   749  1057   741   743        0
	   745 8780 8779   746   465   742   747        0
	   746 8780 8830   750   470   745   747        0
	   747 8780 11280   746   745  1055  1059        0
	   748 8811 8812   753   467   743   749        0
	   749 8811 11311   754  1060   744   748        0
	   750 8831 8830   751   470   746  1062        0
	   751 8831 8881   752   471   750  1063        0
	   752 8832 8882   755   481   751  1064        0
	   753 8861 8862   756   473   748   754        0
	   754 8861 11361   757  1065   749   753        0
	   755 8883 8882   758   481   752  1067        0
	   756 8911 8912   760   483   753   757        0
	   757 8911 11411   761  1069   754   756        0
	   758 8933 8932   759   489   755  1071        0
	   759 8933 8983   762   498   758  1073        0
	   760 8961 8962   764   492   756   761        0
	   761 8961 11461   765  1074   757   760        0
	   762 8984 8983   763   498   759  1077        0
	   763 9033 8983   762   498   766   768        0
	   764 9011 9012   770   500   760   765        0
	   765 9011 11511   771  1080   761   764        0
	   766 9033 9032   767   507   763   768        0
	   767 9033 9083   776   519   766   768        0
	   768 9033 11533   767   766   763   769        0
	   769 9034 11534   778   768  1079  1083        0
	   770 9061 9062   780   509   764   771        0
	   771 9061 11561  1086  1085   765   770        0
	   772 9127 9077   773   513   781   783        0
	   773 9128 9078   774   514   772   784        0
	   774 9129 9079   775   515   773  1087        0
	   775 9130 9080   785   516   774  1088        0
	   776 9084 9083   777   519   767   778        0
	   777 9084 9134   779   529   776   778        0
	   778 9084 11584   777   776   769  1089        0
	   779 9085 9135   790   530   777  1091        0
	   780 9111 9112   794   521   770  1092        0
	   781 9127 9126   782   525   772   783        0
	   782 9176 9126   781   525   796   798        0
	   783 9127 11627  1094   781   772   784        0
	   784 9128 11628  1096   783   773  1095        0
	   785 9130 9131   786   526   775  1098        0
	   786 9181 9131   787   526   785  1100        0
	   787 9182 9132   788   527   786  1101        0
	   788 9183 9133   789   528   787  1103        0
	   789 9184 9134   799   529   788  1105        0
	   790 9136 9135   791   530   779  1107        0
	   791 9136 9186   792   539   790  1109        0
	   792 9137 9187   793   540   791  1110        0
	   793 9138 9188   802   542   792   803        0
	   794 9161 9162   805   532   780  1111        0
	   795 9224 9174   797   536   807   809        0
	   796 9176 9175   797   537   782   798        0
	   797 9225 9175   796   537   795  1113        0
	   798 9176 11676  1115   796   782  1114        0
	   799 9184 9185   800   538   789  1117        0
	   800 9235 9185   801   538   799  1118        0
	   801 9236 9186   810   539   800  1120        0
	   802 9189 9188   804   542   793   803        0
	   803 11688 9188  1125  1122   793   802        0
	   804 9189 9239   814   543   802   815        0
	   805 9211 9212   806   544   794  1126        0
	   806 9262 9212   818   544   805   819        0
	   807 9224 9223   808   550   795   809        0
	   808 9273 9223   807   550   820   822        0
	   809 9224 11724  1129   807   795  1128        0
	   810 9236 9237   811   552   801   812        0
	   811 9287 9237   813   552   810   812        0
	   812 11737 9237   811   810  1123  1132        0
	   813 9288 9238   823   553   811  1134        0
	   814 9240 9239   816   554   804   815        0
	   815 11739 9239   825  1133   804   814        0
	   816 9240 9290   817   555   814   827        0
	   817 9241 9291   828   569   816   829        0
	   818 9262 9263   831   557   806   819        0
	   819 9262 11762   832  1136   806   818        0
	   820 9273 9272   821   563   808   822        0
	   821 9322 9272   820   563   834   836        0
	   822 9273 11773  1138   820   808  1137        0
	   823 9288 9289   824   564   813   825        0
	   824 9339 9289   826   565   823   825        0
	   825 11789 9289   824   823   815   827        0
	   826 9340 9290   837   567   824   827        0
	   827 11790 9290   826   825   816   829        0
	   828 9292 9291   830   569   817   829        0
	   829 11791 9291   839   827   817   828        0
	   830 9292 9342   840   580   828   842        0
	   831 9312 9313   843   570   818   832        0
	   832 9312 11812   844  1140   819   831        0
	   833 9370 9320   835   575   846   848        0
	   834 9322 9321   835   576   821   836        0
	   835 9371 9321   834   576   833  1141        0
	   836 9322 11822  1143   834   821  1142        0
	   837 9340 9341   838   577   826   839        0
	   838 9391 9341   841   579   837   839        0
	   839 11841 9341   838   837   829   842        0
	   840 9343 9342   841   580   830   842        0
	   841 9392 9342   840   580   838   842        0
	   842 11842 9342   841   839   830   840        0
	   843 9362 9363   845   581   831   844        0
	   844 9362 11862  1145  1144   832   843        0
	   845 9413 9363   849   581   843   850        0
	   846 9370 9369   847   588   833   848        0
	   847 9419 9369   846   588   853   855        0
	   848 9370 11870  1147   846   833  1146        0
	   849 9413 9414   857   589   845   850        0
	   850 9413 11913   858  1149   845   849        0
	   851 9466 9416   852   593   860   862        0
	   852 9467 9417   854   594   851   863        0
	   853 9419 9418   854   595   847   855        0
	   854 9468 9418   853   595   852  1152        0
	   855 9419 11919  1154   853   847  1153        0
	   856 9462 11962   864  1156  1150   858        0
	   857 9463 9464   859   596   849   858        0
	   858 9463 11963   865   856   850   857        0
	   859 9514 9464   861   596   857   866        0
	   860 9466 9465   861   597   851   862        0
	   861 9515 9465   860   597   859   867        0
	   862 9466 11966   868   860   851   863        0
	   863 9467 11967  1158   862   852  1157        0
	   864 9512 12012   869  1160   856   865        0
	   865 9513 12013   870   864   858   866        0
	   866 9514 12014   871   865   859   867        0
	   867 9515 12015  1161   866   861   868        0
	   868 9516 12016  1163   867   862  1162        0
	   869 9562 12062   872  1164   864   870        0
	   870 9563 12063   873   869   865   871        0
	   871 9564 12064  1167   870   866  1166        0
	   872 9612 12112   875  1169   869   873        0
	   873 9613 12113   876   872   870  1172        0
	   874 9661 12161   877  1174  1170   875        0
	   875 9662 12162   878   874   872   876        0
	   876 9663 12163  1176   875   873  1175        0
	   877 9711 12211   880  1177   874   878        0
	   878 9712 12212   881   877   875  1180        0
	   879 9760 12260   882  1182  1178   880        0
	   880 9761 12261   883   879   877   881        0
	   881 9762 12262   884   880   878  1183        0
	   882 9810 12310   886  1184   879   883        0
	   883 9811 12311   887   882   880   884        0
	   884 9812 12312  1188   883   881  1187        0
	   885 9859 12359   888  1189  1185   886        0
	   886 9860 12360   889   885   882   887        0
	   887 9861 12361   890   886   883  1190        0
	   888 9909 12409   892  1191   885   889        0
	   889 9910 12410   893   888   886   890        0
	   890 9911 12411  1194   889   887  1193        0
	   891 9958 12458    -1  1195  1192   892        0
	   892 9959 12459    -1   891   888   893        0
	   893 9960 12460    -1   892   889  1196        0
	   894 10005 12505   901  1197    -1   895        0
	   895 10006 12506   903   894    -1  1199        0
	   896 10018 10019   904   598    -1   898        0
	   897 10020 10019   905   598    -1   898        0
	   898 12519 10019   906   896    -1   897        0
	   899 10054 12554   908  1200  1198   901        0
	   900 10055 10105   902   600   907   901        0
	   901 10055 12555   900   899   894   903        0
	   902 10056 10106   909   601   900   903        0
	   903 10056 12556   902   901   895  1203        0
	   904 10068 10069   912   599   896   906        0
	   905 10070 10069   913   599   897   906        0
	   906 12569 10069   914   904   898   905        0
	   907 10104 10105   915   600   900   908        0
	   908 10104 12604  1207  1206   899   907        0
	   909 10107 10106   910   601   902   911        0
	   910 10107 10157   917   605   909   911        0
	   911 10107 12607   910   909  1204  1210        0
	   912 10118 10119   918   602   904   914        0
	   913 10120 10119   919   602   905   914        0
	   914 12619 10119   920   912   906   913        0
	   915 10154 10155   916   603   907  1211        0
	   916 10205 10155   921   603   915  1212        0
	   917 10158 10157   923   605   910  1215        0
	   918 10168 10169   924   606   912   920        0
	   919 10170 10169   925   606   913   920        0
	   920 12669 10169  1216   918   914   919        0
	   921 10205 10206   922   607   916  1217        0
	   922 10256 10206   926   607   921  1218        0
	   923 10208 10207   927   608   917  1220        0
	   924 10218 10219   928   609   918  1221        0
	   925 10220 10219   929   609   919  1222        0
	   926 10256 10257   930   610   922  1224        0
	   927 10258 10257   931   610   923  1225        0
	   928 10268 10269   935   611   924  1228        0
	   929 10270 10269   936   611   925  1229        0
	   930 10306 10307   932   612   926  1231        0
	   931 10308 10307   932   612   927   934        0
	   932 10357 10307   931   612   930  1232        0
	   933 10308 10358   939   614   938   934        0
	   934 10308 12808   933   931  1226  1234        0
	   935 10318 10319   937   613   928  1237        0
	   936 10320 10319   937   613   929  1238        0
	   937 10369 10319   936   613   935   941        0
	   938 10357 10358   942   614   933  1240        0
	   939 10359 10358   943   614   933   940        0
	   940 10359 12859   946   939  1235  1241        0
	   941 10369 12869   949  1243   937  1245        0
	   942 10407 10408   944   615   938  1247        0
	   943 10409 10408   944   615   939   946        0
	   944 10458 10408   943   615   942  1248        0
	   945 10409 10459   951   616   950   946        0
	   946 10409 12909   945   943   940   947        0
	   947 10410 12910   953   946  1242  1249        0
	   948 10418 12918   954  1250  1244   949        0
	   949 10419 12919   955   948   941  1252        0
	   950 10458 10459   956   616   945  1254        0
	   951 10460 10459   952   616   945   953        0
	   952 10460 10510   959   618   951   953        0
	   953 10460 12960   952   951   947  1256        0
	   954 10468 12968   961  1257   948   955        0
	   955 10469 12969   962   954   949  1259        0
	   956 10508 10509   957   617   950   958        0
	   957 10559 10509   963   617   956   958        0
	   958 13009 10509   957   956  1255  1261        0
	   959 10511 10510   960   618   952  1262        0
	   960 10511 10561   964   621   959  1263        0
	   961 10518 13018   965  1265   954   962        0
	   962 10519 13019   966   961   955  1267        0
	   963 10559 10560   967   619   957  1268        0
	   964 10562 10561   969   621   960  1269        0
	   965 10568 13068   971  1270   961   966        0
	   966 10569 13069   972   965   962  1271        0
	   967 10609 10610   968   623   963  1273        0
	   968 10660 10610   973   623   967  1274        0
	   969 10612 10611   970   624   964  1275        0
	   970 10612 10662   974   626   969  1276        0
	   971 10618 13118   978  1278   965   972        0
	   972 10619 13119   979   971   966  1279        0
	   973 10660 10661   980   628   968  1281        0
	   974 10663 10662   975   629   970  1282        0
	   975 10663 10713   976   631   974  1283        0
	   976 10664 10714   982   637   975  1284        0
	   977 10668 10718   988   641   985   978        0
	   978 10668 13168   977  1285   971   979        0
	   979 10669 13169   990   978   972  1287        0
	   980 10710 10711   981   633   973  1288        0
	   981 10761 10711   991   633   980   992        0
	   982 10715 10714   983   637   976  1289        0
	   983 10715 10765   984   653   982  1290        0
	   984 10716 10766   986   638   983  1293        0
	   985 10717 10718   986   641   977   987        0
	   986 10717 10767   985   639   984   987        0
	   987 10717 13217   986  1292  1286   985        0
	   988 10719 10718   989   641   977   990        0
	   989 10719 10769   993   656   988   990        0
	   990 10719 13219   989   988   979  1294        0
	   991 10761 10762   996   647   981   992        0
	   992 10761 13261  1297  1296   981   991        0
	   993 10770 10769   994   656   989   995        0
	   994 10770 10820   997   666   993   995        0
	   995 10770 13270   994   993  1295  1298        0
	   996 10811 10812  1000   663   991  1299        0
	   997 10821 10820   998   666   994  1301        0
	   998 10821 10871  1001   680   997  1302        0
	   999 10834 10884  1010   670  1008  1012        0
	  1000 10861 10862  1013   677   996  1305        0
	  1001 10872 10871  1002   680   998  1003        0
	  1002 10872 10922  1004   681  1001  1003        0
	  1003 10872 13372  1002  1001  1304  1308        0
	  1004 10873 10923  1005   705  1002  1309        0
	  1005 10874 10924  1015   708  1004  1311        0
	  1006 10881 10931  1007   686  1023  1025        0
	  1007 10882 10932  1009   688  1006  1027        0
	  1008 10883 10884  1011   689   999  1012        0
	  1009 10883 10933  1028   689  1007  1030        0
	  1010 10885 10884  1011   692   999  1012        0
	  1011 10934 10884  1010   690  1008  1012        0
	  1012 13384 10884  1011  1008   999  1010        0
	  1013 10911 10912  1031   702  1000  1014        0
	  1014 10911 13411  1033  1314  1306  1013        0
	  1015 10925 10924  1016   708  1005  1017        0
	  1016 10925 10975  1018   709  1015  1017        0
	  1017 10925 13425  1016  1015  1312  1019        0
	  1018 10926 10976  1020   711  1016  1019        0
	  1019 10926 13426  1018  1017  1313  1315        0
	  1020 10927 10977  1021   712  1018  1316        0
	  1021 10928 10978  1022   713  1020  1317        0
	  1022 10929 10979  1024   714  1021  1318        0
	  1023 10930 10931  1024   715  1006  1025        0
	  1024 10930 10980  1023   716  1022  1319        0
	  1025 13431 10931  1320  1023  1006  1027        0
	  1026 10982 10932  1029   717  1034  1027        0
	  1027 13432 10932  1026  1025  1007  1030        0
	  1028 10934 10933  1029   718  1009  1030        0
	  1029 10983 10933  1028   719  1026  1030        0
	  1030 13433 10933  1029  1027  1009  1028        0
	  1031 10961 10962  1032   720  1013  1033        0
	  1032 10961 11011  1031   724  1036  1033        0
	  1033 10961 13461  1032  1321  1014  1031        0
	  1034 10982 10981  1035   722  1026  1323        0
	  1035 11031 10981  1034   723  1038  1324        0
	  1036 11010 11011  1037   724  1032  1326        0
	  1037 11061 11011  1039   724  1036  1041        0
	  1038 11031 11030  1042   727  1035  1327        0
	  1039 11061 11062  1040   731  1037  1041        0
	  1040 11061 11111  1039   735  1044  1041        0
	  1041 11061 13561  1040  1328  1037  1039        0
	  1042 11081 11080  1043   733  1038  1331        0
	  1043 11130 11080  1042   733  1046  1047        0
	  1044 11110 11111  1048   735  1040  1045        0
	  1045 11110 13610  1049  1332  1329  1044        0
	  1046 11130 11129  1050   736  1043  1047        0
	  1047 11130 13630  1051  1046  1043  1333        0
	  1048 11160 11161  1052   738  1044  1049        0
	  1049 11160 13660  1053  1334  1045  1048        0
	  1050 11180 11179  1054   739  1046  1051        0
	  1051 11180 13680  1056  1050  1047  1336        0
	  1052 11210 11211  1057   741  1048  1053        0
	  1053 11210 13710  1058  1337  1049  1052        0
	  1054 11230 11229  1055   742  1050  1056        0
	  1055 11230 11280  1059   747  1054  1056        0
	  1056 11230 13730  1055  1054  1051  1339        0
	  1057 11260 11261  1060   744  1052  1058        0
	  1058 11260 13760  1061  1340  1053  1057        0
	  1059 11281 11280  1062   747  1055  1342        0
	  1060 11310 11311  1065   749  1057  1061        0
	  1061 11310 13810  1066  1343  1058  1060        0
	  1062 11331 11330  1063   750  1059  1345        0
	  1063 11331 11381  1064   751  1062  1346        0
	  1064 11332 11382  1067   752  1063  1068        0
	  1065 11360 11361  1069   754  1060  1066        0
	  1066 11360 13860  1070  1347  1061  1065        0
	  1067 11383 11382  1071   755  1064  1068        0
	  1068 13882 11382  1072  1348  1064  1067        0
	  1069 11410 11411  1074   757  1065  1070        0
	  1070 11410 13910  1075  1350  1066  1069        0
	  1071 11433 11432  1073   758  1067  1072        0
	  1072 13932 11432  1076  1351  1068  1071        0
	  1073 11433 11483  1077   759  1071  1078        0
	  1074 11460 11461  1080   761  1069  1075        0
	  1075 11460 13960  1353  1352  1070  1074        0
	  1076 13982 11482  1081  1354  1072  1078        0
	  1077 11484 11483  1079   762  1073  1078        0
	  1078 13983 11483  1082  1076  1073  1077        0
	  1079 11484 11534  1083   769  1077  1084        0
	  1080 11510 11511  1085   765  1074  1355        0
	  1081 14032 11532  1358  1357  1076  1082        0
	  1082 14033 11533  1359  1081  1078  1084        0
	  1083 11535 11534  1089   769  1079  1084        0
	  1084 14034 11534  1090  1082  1079  1083        0
	  1085 11560 11561  1086   771  1080  1360        0
	  1086 11611 11561  1092   771  1085  1093        0
	  1087 11629 11579  1088   774  1095  1097        0
	  1088 11630 11580  1098   775  1087  1099        0
	  1089 11585 11584  1091   778  1083  1090        0
	  1090 14084 11584  1106  1364  1084  1089        0
	  1091 11585 11635  1107   779  1089  1108        0
	  1092 11611 11612  1111   780  1086  1093        0
	  1093 11611 14111  1112  1367  1086  1092        0
	  1094 11677 11627  1096   783  1114  1116        0
	  1095 11629 11628  1096   784  1087  1097        0
	  1096 11678 11628  1095   784  1094  1368        0
	  1097 11629 14129  1369  1095  1087  1099        0
	  1098 11630 11631  1100   785  1088  1099        0
	  1099 11630 14130  1370  1097  1088  1098        0
	  1100 11681 11631  1101   786  1098  1373        0
	  1101 11682 11632  1103   787  1100  1102        0
	  1102 14132 11632  1101  1372  1362  1104        0
	  1103 11683 11633  1105   788  1101  1104        0
	  1104 14133 11633  1103  1102  1365  1106        0
	  1105 11684 11634  1117   789  1103  1106        0
	  1106 14134 11634  1105  1104  1090  1108        0
	  1107 11636 11635  1109   790  1091  1108        0
	  1108 14135 11635  1119  1106  1091  1107        0
	  1109 11636 11686  1110   791  1107  1121        0
	  1110 11637 11687  1122   792  1109  1124        0
	  1111 11661 11662  1126   794  1092  1112        0
	  1112 11661 14161  1127  1375  1093  1111        0
	  1113 11725 11675  1115   797  1128  1130        0
	  1114 11677 11676  1115   798  1094  1116        0
	  1115 11726 11676  1114   798  1113  1131        0
	  1116 11677 14177  1377  1114  1094  1376        0
	  1117 11684 11685  1118   799  1105  1119        0
	  1118 11735 11685  1120   800  1117  1119        0
	  1119 14185 11685  1118  1117  1108  1121        0
	  1120 11736 11686  1123   801  1118  1121        0
	  1121 14186 11686  1120  1119  1109  1124        0
	  1122 11688 11687  1123   803  1110  1124        0
	  1123 11737 11687  1122   812  1120  1124        0
	  1124 14187 11687  1123  1121  1110  1122        0
	  1125 11688 11738  1133   803  1132  1135        0
	  1126 11711 11712  1136   805  1111  1127        0
	  1127 11711 14211  1379  1378  1112  1126        0
	  1128 11725 11724  1129   809  1113  1130        0
	  1129 11774 11724  1128   809  1137  1139        0
	  1130 11725 14225  1380  1128  1113  1131        0
	  1131 11726 14226  1382  1130  1115  1381        0
	  1132 11737 11738  1134   812  1125  1135        0
	  1133 11739 11738  1134   815  1125  1135        0
	  1134 11788 11738  1133   813  1132  1135        0
	  1135 14238 11738  1134  1132  1125  1133        0
	  1136 11761 11762  1140   819  1126  1383        0
	  1137 11774 11773  1138   822  1129  1139        0
	  1138 11823 11773  1137   822  1142  1385        0
	  1139 11774 14274  1387  1137  1129  1386        0
	  1140 11811 11812  1144   832  1136  1389        0
	  1141 11871 11821  1143   835  1146  1148        0
	  1142 11823 11822  1143   836  1138  1391        0
	  1143 11872 11822  1142   836  1141  1392        0
	  1144 11861 11862  1145   844  1140  1394        0
	  1145 11912 11862  1149   844  1144  1151        0
	  1146 11871 11870  1147   848  1141  1148        0
	  1147 11920 11870  1146   848  1153  1155        0
	  1148 11871 14371  1397  1146  1141  1396        0
	  1149 11912 11913  1150   850  1145  1151        0
	  1150 11912 11962  1149   856  1156  1151        0
	  1151 11912 14412  1150  1398  1145  1149        0
	  1152 11968 11918  1154   854  1157  1159        0
	  1153 11920 11919  1154   855  1147  1155        0
	  1154 11969 11919  1153   855  1152  1400        0
	  1155 11920 14420  1402  1153  1147  1401        0
	  1156 11961 11962  1160   856  1150  1403        0
	  1157 11968 11967  1158   863  1152  1159        0
	  1158 12017 11967  1157   863  1162  1405        0
	  1159 11968 14468  1407  1157  1152  1406        0
	  1160 12011 12012  1164   864  1156  1408        0
	  1161 12065 12015  1163   867  1166  1168        0
	  1162 12017 12016  1163   868  1158  1411        0
	  1163 12066 12016  1162   868  1161  1412        0
	  1164 12061 12062  1169   869  1160  1165        0
	  1165 12061 14561  1171  1414  1409  1164        0
	  1166 12065 12064  1167   871  1161  1168        0
	  1167 12114 12064  1166   871  1172  1173        0
	  1168 12065 14565  1416  1166  1161  1415        0
	  1169 12111 12112  1170   872  1164  1171        0
	  1170 12111 12161  1169   874  1174  1171        0
	  1171 12111 14611  1170  1417  1165  1169        0
	  1172 12114 12113  1175   873  1167  1173        0
	  1173 12114 14614  1419  1172  1167  1418        0
	  1174 12160 12161  1177   874  1170  1420        0
	  1175 12164 12163  1176   876  1172  1422        0
	  1176 12213 12163  1175   876  1180  1181        0
	  1177 12210 12211  1178   877  1174  1179        0
	  1178 12210 12260  1177   879  1182  1179        0
	  1179 12210 14710  1178  1424  1421  1177        0
	  1180 12213 12212  1183   878  1176  1181        0
	  1181 12213 14713  1426  1180  1176  1425        0
	  1182 12259 12260  1184   879  1178  1427        0
	  1183 12263 12262  1187   881  1180  1429        0
	  1184 12309 12310  1185   882  1182  1186        0
	  1185 12309 12359  1184   885  1189  1186        0
	  1186 12309 14809  1185  1430  1428  1184        0
	  1187 12313 12312  1188   884  1183  1432        0
	  1188 12362 12312  1187   884  1190  1433        0
	  1189 12358 12359  1191   885  1185  1434        0
	  1190 12362 12361  1193   887  1188  1435        0
	  1191 12408 12409  1192   888  1189  1436        0
	  1192 12408 12458  1191   891  1195  1437        0
	  1193 12412 12411  1194   890  1190  1438        0
	  1194 12461 12411  1193   890  1196  1439        0
	  1195 12457 12458    -1   891  1192  1441        0
	  1196 12461 12460    -1   893  1194  1443        0
	  1197 12504 12505  1198   894    -1  1444        0
	  1198 12504 12554  1197   899  1200  1201        0
	  1199 12507 12506  1203   895    -1  1446        0
	  1200 12553 12554  1206   899  1198  1201        0
	  1201 15054 12554  1208  1200  1198  1202        0
	  1202 15055 12555  1209  1201  1445  1448        0
	  1203 12557 12556  1204   903  1199  1205        0
	  1204 12557 12607  1210   911  1203  1205        0
	  1205 12557 15057  1204  1203  1447  1449        0
	  1206 12603 12604  1207   908  1200  1208        0
	  1207 12654 12604  1211   908  1206  1208        0
	  1208 15104 12604  1207  1206  1201  1209        0
	  1209 15105 12605  1213  1208  1202  1451        0
	  1210 12608 12607  1215   911  1204  1453        0
	  1211 12654 12655  1212   915  1207  1213        0
	  1212 12705 12655  1217   916  1211  1213        0
	  1213 15155 12655  1212  1211  1209  1214        0
	  1214 15156 12656  1219  1213  1452  1454        0
	  1215 12658 12657  1220   917  1210  1455        0
	  1216 12669 12719  1222   920  1221  1223        0
	  1217 12705 12706  1218   921  1212  1219        0
	  1218 12756 12706  1224   922  1217  1219        0
	  1219 15206 12706  1218  1217  1214  1456        0
	  1220 12708 12707  1225   923  1215  1457        0
	  1221 12718 12719  1228   924  1216  1223        0
	  1222 12720 12719  1229   925  1216  1223        0
	  1223 15219 12719  1230  1221  1216  1222        0
	  1224 12756 12757  1231   926  1218  1459        0
	  1225 12758 12757  1226   927  1220  1227        0
	  1226 12758 12808  1234   934  1225  1227        0
	  1227 12758 15258  1226  1225  1458  1461        0
	  1228 12768 12769  1237   928  1221  1230        0
	  1229 12770 12769  1238   929  1222  1230        0
	  1230 15269 12769  1239  1228  1223  1229        0
	  1231 12806 12807  1232   930  1224  1233        0
	  1232 12857 12807  1240   932  1231  1233        0
	  1233 15307 12807  1232  1231  1460  1463        0
	  1234 12809 12808  1235   934  1226  1236        0
	  1235 12809 12859  1241   940  1234  1236        0
	  1236 12809 15309  1235  1234  1462  1464        0
	  1237 12818 12819  1243   935  1228  1239        0
	  1238 12820 12819  1245   936  1229  1239        0
	  1239 15319 12819  1246  1237  1230  1238        0
	  1240 12857 12858  1247   938  1232  1465        0
	  1241 12860 12859  1242   940  1235  1466        0
	  1242 12860 12910  1249   947  1241  1467        0
	  1243 12868 12869  1244   941  1237  1246        0
	  1244 12868 12918  1243   948  1250  1251        0
	  1245 12870 12869  1252   941  1238  1246        0
	  1246 15369 12869  1253  1243  1239  1245        0
	  1247 12907 12908  1248   942  1240  1468        0
	  1248 12958 12908  1254   944  1247  1469        0
	  1249 12911 12910  1256   947  1242  1470        0
	  1250 12917 12918  1257   948  1244  1251        0
	  1251 15418 12918  1258  1250  1244  1253        0
	  1252 12920 12919  1259   949  1245  1253        0
	  1253 15419 12919  1260  1251  1246  1252        0
	  1254 12958 12959  1255   950  1248  1471        0
	  1255 13009 12959  1261   958  1254  1472        0
	  1256 12961 12960  1262   953  1249  1473        0
	  1257 12967 12968  1265   954  1250  1258        0
	  1258 15468 12968  1266  1257  1251  1260        0
	  1259 12970 12969  1267   955  1252  1260        0
	  1260 15469 12969  1475  1258  1253  1259        0
	  1261 13009 13010  1268   958  1255  1476        0
	  1262 13011 13010  1263   959  1256  1264        0
	  1263 13011 13061  1269   960  1262  1264        0
	  1264 13011 15511  1263  1262  1474  1478        0
	  1265 13017 13018  1270   961  1257  1266        0
	  1266 15518 13018  1480  1265  1258  1479        0
	  1267 13020 13019  1271   962  1259  1481        0
	  1268 13059 13060  1273   963  1261  1484        0
	  1269 13062 13061  1275   964  1263  1485        0
	  1270 13067 13068  1278   965  1265  1487        0
	  1271 13070 13069  1279   966  1267  1272        0
	  1272 15569 13069  1280  1488  1482  1271        0
	  1273 13109 13110  1274   967  1268  1490        0
	  1274 13160 13110  1281   968  1273  1491        0
	  1275 13112 13111  1276   969  1269  1277        0
	  1276 13112 13162  1282   970  1275  1277        0
	  1277 13112 15612  1276  1275  1486  1492        0
	  1278 13117 13118  1285   971  1270  1493        0
	  1279 13120 13119  1287   972  1271  1280        0
	  1280 15619 13119  1496  1494  1272  1279        0
	  1281 13160 13161  1288   973  1274  1497        0
	  1282 13163 13162  1283   974  1276  1498        0
	  1283 13163 13213  1284   975  1282  1499        0
	  1284 13164 13214  1289   976  1283  1500        0
	  1285 13167 13168  1286   978  1278  1502        0
	  1286 13167 13217  1285   987  1292  1503        0
	  1287 13170 13169  1294   979  1279  1505        0
	  1288 13210 13211  1296   980  1281  1507        0
	  1289 13215 13214  1290   982  1284  1291        0
	  1290 13215 13265  1293   983  1289  1291        0
	  1291 13215 15715  1290  1289  1501  1508        0
	  1292 13216 13217  1293   987  1286  1510        0
	  1293 13216 13266  1292   984  1290  1511        0
	  1294 13220 13219  1295   990  1287  1512        0
	  1295 13220 13270  1298   995  1294  1513        0
	  1296 13260 13261  1297   992  1288  1514        0
	  1297 13311 13261  1299   992  1296  1300        0
	  1298 13271 13270  1301   995  1295  1515        0
	  1299 13311 13312  1305   996  1297  1300        0
	  1300 13311 15811  1307  1518  1297  1299        0
	  1301 13321 13320  1302   997  1298  1303        0
	  1302 13321 13371  1304   998  1301  1303        0
	  1303 13321 15821  1302  1301  1517  1519        0
	  1304 13322 13372  1308  1003  1302  1520        0
	  1305 13361 13362  1306  1000  1299  1307        0
	  1306 13361 13411  1305  1014  1314  1307        0
	  1307 13361 15861  1306  1522  1300  1305        0
	  1308 13373 13372  1309  1003  1304  1310        0
	  1309 13373 13423  1311  1004  1308  1310        0
	  1310 13373 15873  1309  1308  1521  1523        0
	  1311 13374 13424  1312  1005  1309  1524        0
	  1312 13375 13425  1313  1017  1311  1525        0
	  1313 13376 13426  1315  1019  1312  1526        0
	  1314 13410 13411  1321  1014  1306  1527        0
	  1315 13427 13426  1316  1019  1313  1528        0
	  1316 13427 13477  1317  1020  1315  1529        0
	  1317 13428 13478  1318  1021  1316  1530        0
	  1318 13429 13479  1319  1022  1317  1531        0
	  1319 13430 13480  1320  1024  1318  1322        0
	  1320 13431 13481  1323  1025  1319  1325        0
	  1321 13460 13461  1326  1033  1314  1532        0
	  1322 15980 13480  1535  1533  1319  1325        0
	  1323 13482 13481  1324  1034  1320  1325        0
	  1324 13531 13481  1323  1035  1327  1325        0
	  1325 15981 13481  1324  1322  1320  1323        0
	  1326 13510 13511  1328  1036  1321  1536        0
	  1327 13531 13530  1331  1038  1324  1538        0
	  1328 13560 13561  1329  1041  1326  1330        0
	  1329 13560 13610  1328  1045  1332  1330        0
	  1330 13560 16060  1329  1540  1537  1328        0
	  1331 13581 13580  1333  1042  1327  1541        0
	  1332 13609 13610  1334  1045  1329  1543        0
	  1333 13631 13630  1336  1047  1331  1545        0
	  1334 13659 13660  1337  1049  1332  1335        0
	  1335 13659 16159  1338  1547  1544  1334        0
	  1336 13681 13680  1339  1051  1333  1548        0
	  1337 13709 13710  1340  1053  1334  1338        0
	  1338 13709 16209  1341  1549  1335  1337        0
	  1339 13731 13730  1342  1056  1336  1551        0
	  1340 13759 13760  1343  1058  1337  1341        0
	  1341 13759 16259  1344  1552  1338  1340        0
	  1342 13781 13780  1345  1059  1339  1554        0
	  1343 13809 13810  1347  1061  1340  1344        0
	  1344 13809 16309  1556  1555  1341  1343        0
	  1345 13831 13830  1346  1062  1342  1557        0
	  1346 13831 13881  1348  1063  1345  1349        0
	  1347 13859 13860  1350  1066  1343  1558        0
	  1348 13882 13881  1351  1068  1346  1349        0
	  1349 16381 13881  1561  1560  1346  1348        0
	  1350 13909 13910  1352  1070  1347  1562        0
	  1351 13932 13931  1354  1072  1348  1563        0
	  1352 13959 13960  1353  1075  1350  1565        0
	  1353 14010 13960  1355  1075  1352  1356        0
	  1354 13982 13981  1357  1076  1351  1566        0
	  1355 14010 14011  1360  1080  1353  1356        0
	  1356 14010 16510  1361  1568  1353  1355        0
	  1357 14032 14031  1358  1081  1354  1569        0
	  1358 14032 14082  1359  1081  1357  1363        0
	  1359 14033 14083  1364  1082  1358  1366        0
	  1360 14060 14061  1367  1085  1355  1361        0
	  1361 14060 16560  1572  1571  1356  1360        0
	  1362 14132 14082  1365  1102  1372  1363        0
	  1363 16582 14082  1362  1574  1358  1366        0
	  1364 14084 14083  1365  1090  1359  1366        0
	  1365 14133 14083  1364  1104  1362  1366        0
	  1366 16583 14083  1365  1363  1359  1364        0
	  1367 14110 14111  1375  1093  1360  1577        0
	  1368 14178 14128  1369  1096  1376  1578        0
	  1369 14179 14129  1370  1097  1368  1580        0
	  1370 14180 14130  1373  1099  1369  1371        0
	  1371 16630 14130  1370  1579  1573  1374        0
	  1372 14132 14131  1373  1102  1362  1374        0
	  1373 14181 14131  1372  1100  1370  1374        0
	  1374 16631 14131  1373  1371  1575  1372        0
	  1375 14160 14161  1378  1112  1367  1582        0
	  1376 14178 14177  1377  1116  1368  1583        0
	  1377 14227 14177  1376  1116  1381  1584        0
	  1378 14210 14211  1379  1127  1375  1585        0
	  1379 14261 14211  1383  1127  1378  1384        0
	  1380 14275 14225  1382  1130  1386  1388        0
	  1381 14227 14226  1382  1131  1377  1586        0
	  1382 14276 14226  1381  1131  1380  1587        0
	  1383 14261 14262  1389  1136  1379  1384        0
	  1384 14261 16761  1390  1588  1379  1383        0
	  1385 14323 14273  1387  1138  1391  1393        0
	  1386 14275 14274  1387  1139  1380  1388        0
	  1387 14324 14274  1386  1139  1385  1589        0
	  1388 14275 16775  1591  1386  1380  1590        0
	  1389 14311 14312  1394  1140  1383  1390        0
	  1390 14311 16811  1395  1592  1384  1389        0
	  1391 14323 14322  1392  1142  1385  1393        0
	  1392 14372 14322  1391  1143  1396  1593        0
	  1393 14323 16823  1595  1391  1385  1594        0
	  1394 14361 14362  1398  1144  1389  1395        0
	  1395 14361 16861  1399  1596  1390  1394        0
	  1396 14372 14371  1397  1148  1392  1597        0
	  1397 14421 14371  1396  1148  1401  1598        0
	  1398 14411 14412  1403  1151  1394  1399        0
	  1399 14411 16911  1404  1599  1395  1398        0
	  1400 14469 14419  1402  1154  1406  1600        0
	  1401 14421 14420  1402  1155  1397  1601        0
	  1402 14470 14420  1401  1155  1400  1602        0
	  1403 14461 14462  1408  1156  1398  1404        0
	  1404 14461 16961  1410  1603  1399  1403        0
	  1405 14517 14467  1407  1158  1411  1413        0
	  1406 14469 14468  1407  1159  1400  1604        0
	  1407 14518 14468  1406  1159  1405  1605        0
	  1408 14511 14512  1409  1160  1403  1410        0
	  1409 14511 14561  1408  1165  1414  1410        0
	  1410 14511 17011  1409  1606  1404  1408        0
	  1411 14517 14516  1412  1162  1405  1413        0
	  1412 14566 14516  1411  1163  1415  1607        0
	  1413 14517 17017  1609  1411  1405  1608        0
	  1414 14560 14561  1417  1165  1409  1610        0
	  1415 14566 14565  1416  1168  1412  1611        0
	  1416 14615 14565  1415  1168  1418  1612        0
	  1417 14610 14611  1420  1171  1414  1613        0
	  1418 14615 14614  1419  1173  1416  1614        0
	  1419 14664 14614  1418  1173  1422  1423        0
	  1420 14660 14661  1421  1174  1417  1615        0
	  1421 14660 14710  1420  1179  1424  1616        0
	  1422 14664 14663  1425  1175  1419  1423        0
	  1423 14664 17164  1618  1422  1419  1617        0
	  1424 14709 14710  1427  1179  1421  1620        0
	  1425 14714 14713  1426  1181  1422  1622        0
	  1426 14763 14713  1425  1181  1429  1623        0
	  1427 14759 14760  1428  1182  1424  1625        0
	  1428 14759 14809  1427  1186  1430  1431        0
	  1429 14763 14762  1432  1183  1426  1627        0
	  1430 14808 14809  1434  1186  1428  1431        0
	  1431 17309 14809  1629  1430  1428  1628        0
	  1432 14813 14812  1433  1187  1429  1631        0
	  1433 14862 14812  1432  1188  1435  1632        0
	  1434 14858 14859  1436  1189  1430  1634        0
	  1435 14862 14861  1438  1190  1433  1637        0
	  1436 14908 14909  1437  1191  1434  1640        0
	  1437 14908 14958  1436  1192  1441  1442        0
	  1438 14912 14911  1439  1193  1435  1440        0
	  1439 14961 14911  1438  1194  1443  1440        0
	  1440 17411 14911  1439  1642  1638  1438        0
	  1441 14957 14958    -1  1195  1437  1442        0
	  1442 17458 14958    -1  1441  1437  1644        0
	  1443 14961 14960    -1  1196  1439  1646        0
	  1444 15004 15005  1445  1197    -1  1648        0
	  1445 15055 15005  1448  1202  1444  1649        0
	  1446 15007 15006  1447  1199    -1  1651        0
	  1447 15007 15057  1449  1205  1446  1450        0
	  1448 15055 15056  1451  1202  1445  1653        0
	  1449 15058 15057  1453  1205  1447  1450        0
	  1450 17557 15057  1656  1654  1447  1449        0
	  1451 15105 15106  1452  1209  1448  1657        0
	  1452 15156 15106  1454  1214  1451  1658        0
	  1453 15108 15107  1455  1210  1449  1660        0
	  1454 15156 15157  1456  1214  1452  1662        0
	  1455 15158 15157  1457  1215  1453  1663        0
	  1456 15206 15207  1459  1219  1454  1665        0
	  1457 15208 15207  1458  1220  1455  1666        0
	  1458 15208 15258  1461  1227  1457  1668        0
	  1459 15256 15257  1460  1224  1456  1669        0
	  1460 15307 15257  1463  1233  1459  1670        0
	  1461 15259 15258  1462  1227  1458  1672        0
	  1462 15259 15309  1464  1236  1461  1674        0
	  1463 15307 15308  1465  1233  1460  1675        0
	  1464 15310 15309  1466  1236  1462  1677        0
	  1465 15357 15358  1468  1240  1463  1679        0
	  1466 15360 15359  1467  1241  1464  1681        0
	  1467 15360 15410  1470  1242  1466  1682        0
	  1468 15407 15408  1469  1247  1465  1683        0
	  1469 15458 15408  1471  1248  1468  1684        0
	  1470 15411 15410  1473  1249  1467  1686        0
	  1471 15458 15459  1472  1254  1469  1688        0
	  1472 15509 15459  1476  1255  1471  1477        0
	  1473 15461 15460  1474  1256  1470  1690        0
	  1474 15461 15511  1478  1264  1473  1691        0
	  1475 15469 15519  1481  1260  1479  1483        0
	  1476 15509 15510  1484  1261  1472  1477        0
	  1477 15509 18009  1693  1692  1472  1476        0
	  1478 15512 15511  1485  1264  1474  1695        0
	  1479 15518 15519  1482  1266  1475  1483        0
	  1480 15518 15568  1488  1266  1487  1489        0
	  1481 15520 15519  1482  1267  1475  1483        0
	  1482 15569 15519  1481  1272  1479  1483        0
	  1483 18019 15519  1482  1479  1475  1481        0
	  1484 15559 15560  1490  1268  1476  1697        0
	  1485 15562 15561  1486  1269  1478  1699        0
	  1486 15562 15612  1492  1277  1485  1700        0
	  1487 15567 15568  1493  1270  1480  1489        0
	  1488 15569 15568  1494  1272  1480  1489        0
	  1489 18068 15568  1495  1487  1480  1488        0
	  1490 15609 15610  1491  1273  1484  1701        0
	  1491 15660 15610  1497  1274  1490  1702        0
	  1492 15613 15612  1498  1277  1486  1704        0
	  1493 15617 15618  1502  1278  1487  1495        0
	  1494 15619 15618  1496  1280  1488  1495        0
	  1495 18118 15618  1504  1493  1489  1494        0
	  1496 15619 15669  1505  1280  1494  1506        0
	  1497 15660 15661  1507  1281  1491  1706        0
	  1498 15663 15662  1499  1282  1492  1707        0
	  1499 15663 15713  1500  1283  1498  1708        0
	  1500 15664 15714  1501  1284  1499  1709        0
	  1501 15665 15715  1508  1291  1500  1509        0
	  1502 15667 15668  1503  1285  1493  1504        0
	  1503 15667 15717  1502  1286  1510  1710        0
	  1504 18168 15668  1711  1502  1495  1506        0
	  1505 15670 15669  1512  1287  1496  1506        0
	  1506 18169 15669  1712  1504  1496  1505        0
	  1507 15710 15711  1514  1288  1497  1713        0
	  1508 15716 15715  1511  1291  1501  1509        0
	  1509 18215 15715  1715  1714  1501  1508        0
	  1510 15716 15717  1511  1292  1503  1716        0
	  1511 15716 15766  1510  1293  1508  1717        0
	  1512 15720 15719  1513  1294  1505  1720        0
	  1513 15720 15770  1515  1295  1512  1516        0
	  1514 15760 15761  1518  1296  1507  1722        0
	  1515 15771 15770  1517  1298  1513  1516        0
	  1516 18270 15770  1724  1723  1513  1515        0
	  1517 15771 15821  1519  1303  1515  1725        0
	  1518 15810 15811  1522  1300  1514  1726        0
	  1519 15822 15821  1520  1303  1517  1728        0
	  1520 15822 15872  1521  1304  1519  1729        0
	  1521 15823 15873  1523  1310  1520  1730        0
	  1522 15860 15861  1527  1307  1518  1731        0
	  1523 15874 15873  1524  1310  1521  1732        0
	  1524 15874 15924  1525  1311  1523  1733        0
	  1525 15875 15925  1526  1312  1524  1734        0
	  1526 15876 15926  1528  1313  1525  1735        0
	  1527 15910 15911  1532  1314  1522  1736        0
	  1528 15927 15926  1529  1315  1526  1737        0
	  1529 15927 15977  1530  1316  1528  1738        0
	  1530 15928 15978  1531  1317  1529  1739        0
	  1531 15929 15979  1533  1318  1530  1534        0
	  1532 15960 15961  1536  1321  1527  1740        0
	  1533 15980 15979  1535  1322  1531  1534        0
	  1534 18479 15979  1743  1741  1531  1533        0
	  1535 15980 16030  1538  1322  1533  1539        0
	  1536 16010 16011  1537  1326  1532  1744        0
	  1537 16010 16060  1536  1330  1540  1745        0
	  1538 16031 16030  1541  1327  1535  1539        0
	  1539 18530 16030  1542  1746  1535  1538        0
	  1540 16059 16060  1543  1330  1537  1747        0
	  1541 16081 16080  1545  1331  1538  1542        0
	  1542 18580 16080  1546  1748  1539  1541        0
	  1543 16109 16110  1544  1332  1540  1749        0
	  1544 16109 16159  1543  1335  1547  1750        0
	  1545 16131 16130  1548  1333  1541  1546        0
	  1546 18630 16130  1752  1751  1542  1545        0
	  1547 16158 16159  1549  1335  1544  1753        0
	  1548 16181 16180  1551  1336  1545  1755        0
	  1549 16208 16209  1552  1338  1547  1550        0
	  1550 16208 18708  1553  1757  1754  1549        0
	  1551 16231 16230  1554  1339  1548  1758        0
	  1552 16258 16259  1555  1341  1549  1553        0
	  1553 16258 18758  1760  1759  1550  1552        0
	  1554 16281 16280  1557  1342  1551  1761        0
	  1555 16308 16309  1556  1344  1552  1762        0
	  1556 16359 16309  1558  1344  1555  1559        0
	  1557 16331 16330  1560  1345  1554  1763        0
	  1558 16359 16360  1562  1347  1556  1559        0
	  1559 16359 18859  1765  1764  1556  1558        0
	  1560 16381 16380  1561  1349  1557  1766        0
	  1561 16381 16431  1563  1349  1560  1564        0
	  1562 16409 16410  1565  1350  1558  1767        0
	  1563 16432 16431  1566  1351  1561  1564        0
	  1564 18931 16431  1567  1768  1561  1563        0
	  1565 16459 16460  1568  1352  1562  1769        0
	  1566 16482 16481  1569  1354  1563  1567        0
	  1567 18981 16481  1570  1770  1564  1566        0
	  1568 16509 16510  1571  1356  1565  1771        0
	  1569 16532 16531  1574  1357  1566  1570        0
	  1570 19031 16531  1576  1772  1567  1569        0
	  1571 16559 16560  1572  1361  1568  1773        0
	  1572 16610 16560  1577  1361  1571  1774        0
	  1573 16630 16580  1575  1371  1579  1777        0
	  1574 16582 16581  1575  1363  1569  1576        0
	  1575 16631 16581  1574  1374  1573  1576        0
	  1576 19081 16581  1575  1776  1570  1574        0
	  1577 16610 16611  1582  1367  1572  1779        0
	  1578 16678 16628  1580  1368  1583  1781        0
	  1579 16630 16629  1580  1371  1573  1581        0
	  1580 16679 16629  1579  1369  1578  1581        0
	  1581 19129 16629  1580  1780  1775  1579        0
	  1582 16660 16661  1585  1375  1577  1782        0
	  1583 16678 16677  1584  1376  1578  1783        0
	  1584 16727 16677  1583  1377  1586  1784        0
	  1585 16710 16711  1588  1378  1582  1785        0
	  1586 16727 16726  1587  1381  1584  1786        0
	  1587 16776 16726  1586  1382  1590  1787        0
	  1588 16760 16761  1592  1384  1585  1788        0
	  1589 16824 16774  1591  1387  1594  1789        0
	  1590 16776 16775  1591  1388  1587  1790        0
	  1591 16825 16775  1590  1388  1589  1791        0
	  1592 16810 16811  1596  1390  1588  1792        0
	  1593 16872 16822  1595  1392  1597  1793        0
	  1594 16824 16823  1595  1393  1589  1794        0
	  1595 16873 16823  1594  1393  1593  1795        0
	  1596 16860 16861  1599  1395  1592  1796        0
	  1597 16872 16871  1598  1396  1593  1798        0
	  1598 16921 16871  1597  1397  1601  1799        0
	  1599 16910 16911  1603  1399  1596  1800        0
	  1600 16969 16919  1602  1400  1604  1802        0
	  1601 16921 16920  1602  1401  1598  1803        0
	  1602 16970 16920  1601  1402  1600  1804        0
	  1603 16960 16961  1606  1404  1599  1805        0
	  1604 16969 16968  1605  1406  1600  1807        0
	  1605 17018 16968  1604  1407  1608  1808        0
	  1606 17010 17011  1610  1410  1603  1810        0
	  1607 17066 17016  1609  1412  1611  1812        0
	  1608 17018 17017  1609  1413  1605  1813        0
	  1609 17067 17017  1608  1413  1607  1814        0
	  1610 17060 17061  1613  1414  1606  1816        0
	  1611 17066 17065  1612  1415  1607  1818        0
	  1612 17115 17065  1611  1416  1614  1819        0
	  1613 17110 17111  1615  1417  1610  1820        0
	  1614 17115 17114  1617  1418  1612  1822        0
	  1615 17160 17161  1616  1420  1613  1825        0
	  1616 17160 17210  1615  1421  1620  1621        0
	  1617 17165 17164  1618  1423  1614  1619        0
	  1618 17214 17164  1617  1423  1622  1619        0
	  1619 19664 17164  1618  1828  1823  1617        0
	  1620 17209 17210  1625  1424  1616  1621        0
	  1621 19710 17210  1626  1620  1616  1831        0
	  1622 17214 17213  1623  1425  1618  1624        0
	  1623 17263 17213  1622  1426  1627  1624        0
	  1624 19713 17213  1623  1833  1829  1622        0
	  1625 17259 17260  1628  1427  1620  1626        0
	  1626 19760 17260  1630  1625  1621  1835        0
	  1627 17263 17262  1631  1429  1623  1837        0
	  1628 17309 17310  1629  1431  1625  1630        0
	  1629 17309 17359  1628  1431  1634  1635        0
	  1630 19810 17310  1636  1628  1626  1840        0
	  1631 17313 17312  1632  1432  1627  1633        0
	  1632 17362 17312  1631  1433  1637  1633        0
	  1633 19812 17312  1632  1841  1838  1631        0
	  1634 17358 17359  1640  1434  1629  1635        0
	  1635 19859 17359  1641  1634  1629  1636        0
	  1636 19860 17360  1643  1635  1630  1639        0
	  1637 17362 17361  1638  1435  1632  1639        0
	  1638 17411 17361  1637  1440  1642  1639        0
	  1639 19861 17361  1638  1636  1842  1637        0
	  1640 17408 17409  1644  1436  1634  1641        0
	  1641 19909 17409  1645  1640  1635  1643        0
	  1642 17411 17410  1646  1440  1638  1643        0
	  1643 19910 17410  1647  1641  1636  1642        0
	  1644 17458 17459    -1  1442  1640  1645        0
	  1645 19959 17459    -1  1644  1641  1647        0
	  1646 17461 17460    -1  1443  1642  1647        0
	  1647 19960 17460    -1  1645  1643  1646        0
	  1648 17504 17505  1649  1444    -1  1650        0
	  1649 17555 17505  1653  1445  1648  1650        0
	  1650 20005 17505  1649  1648    -1  1652        0
	  1651 17507 17506  1654  1446    -1  1652        0
	  1652 20006 17506  1655  1650    -1  1651        0
	  1653 17555 17556  1657  1448  1649  1655        0
	  1654 17557 17556  1656  1450  1651  1655        0
	  1655 20056 17556  1659  1653  1652  1654        0
	  1656 17557 17607  1660  1450  1654  1661        0
	  1657 17605 17606  1658  1451  1653  1659        0
	  1658 17656 17606  1662  1452  1657  1659        0
	  1659 20106 17606  1658  1657  1655  1661        0
	  1660 17608 17607  1663  1453  1656  1661        0
	  1661 20107 17607  1664  1659  1656  1660        0
	  1662 17656 17657  1665  1454  1658  1664        0
	  1663 17658 17657  1666  1455  1660  1664        0
	  1664 20157 17657  1667  1662  1661  1663        0
	  1665 17706 17707  1669  1456  1662  1667        0
	  1666 17708 17707  1668  1457  1663  1667        0
	  1667 20207 17707  1671  1665  1664  1666        0
	  1668 17708 17758  1672  1458  1666  1673        0
	  1669 17756 17757  1670  1459  1665  1671        0
	  1670 17807 17757  1675  1460  1669  1671        0
	  1671 20257 17757  1670  1669  1667  1673        0
	  1672 17759 17758  1674  1461  1668  1673        0
	  1673 20258 17758  1676  1671  1668  1672        0
	  1674 17759 17809  1677  1462  1672  1678        0
	  1675 17807 17808  1679  1463  1670  1676        0
	  1676 20308 17808  1680  1675  1673  1678        0
	  1677 17810 17809  1681  1464  1674  1678        0
	  1678 20309 17809  1844  1676  1674  1677        0
	  1679 17857 17858  1683  1465  1675  1680        0
	  1680 20358 17858  1685  1679  1676  1845        0
	  1681 17860 17859  1682  1466  1677  1846        0
	  1682 17860 17910  1686  1467  1681  1687        0
	  1683 17907 17908  1684  1468  1679  1685        0
	  1684 17958 17908  1688  1469  1683  1685        0
	  1685 20408 17908  1684  1683  1680  1848        0
	  1686 17911 17910  1690  1470  1682  1687        0
	  1687 20410 17910  1852  1849  1682  1686        0
	  1688 17958 17959  1692  1471  1684  1689        0
	  1689 20459 17959  1694  1688  1850  1853        0
	  1690 17961 17960  1691  1473  1686  1854        0
	  1691 17961 18011  1695  1474  1690  1696        0
	  1692 18008 18009  1693  1477  1688  1694        0
	  1693 18059 18009  1697  1477  1692  1694        0
	  1694 20509 18009  1693  1692  1689  1856        0
	  1695 18012 18011  1699  1478  1691  1696        0
	  1696 20511 18011  1860  1857  1691  1695        0
	  1697 18059 18060  1701  1484  1693  1698        0
	  1698 20560 18060  1703  1697  1858  1861        0
	  1699 18062 18061  1700  1485  1695  1862        0
	  1700 18062 18112  1704  1486  1699  1705        0
	  1701 18109 18110  1702  1490  1697  1703        0
	  1702 18160 18110  1706  1491  1701  1703        0
	  1703 20610 18110  1702  1701  1698  1864        0
	  1704 18113 18112  1707  1492  1700  1705        0
	  1705 20612 18112  1867  1865  1700  1704        0
	  1706 18160 18161  1713  1497  1702  1868        0
	  1707 18163 18162  1708  1498  1704  1870        0
	  1708 18163 18213  1709  1499  1707  1872        0
	  1709 18164 18214  1714  1500  1708  1873        0
	  1710 18167 18217  1711  1503  1716  1718        0
	  1711 18168 18218  1712  1504  1710  1719        0
	  1712 18169 18219  1720  1506  1711  1721        0
	  1713 18210 18211  1722  1507  1706  1874        0
	  1714 18215 18214  1715  1509  1709  1876        0
	  1715 18215 18265  1717  1509  1714  1877        0
	  1716 18216 18217  1717  1510  1710  1718        0
	  1717 18216 18266  1716  1511  1715  1878        0
	  1718 20717 18217  1879  1716  1710  1719        0
	  1719 20718 18218  1880  1718  1711  1721        0
	  1720 18220 18219  1723  1512  1712  1721        0
	  1721 20719 18219  1881  1719  1712  1720        0
	  1722 18260 18261  1726  1514  1713  1882        0
	  1723 18270 18269  1724  1516  1720  1885        0
	  1724 18270 18320  1725  1516  1723  1886        0
	  1725 18271 18321  1728  1517  1724  1887        0
	  1726 18310 18311  1731  1518  1722  1727        0
	  1727 20811 18311  1889  1726  1883  1888        0
	  1728 18322 18321  1729  1519  1725  1890        0
	  1729 18322 18372  1730  1520  1728  1892        0
	  1730 18323 18373  1732  1521  1729  1893        0
	  1731 18360 18361  1736  1522  1726  1894        0
	  1732 18374 18373  1733  1523  1730  1895        0
	  1733 18374 18424  1734  1524  1732  1897        0
	  1734 18375 18425  1735  1525  1733  1898        0
	  1735 18376 18426  1737  1526  1734  1899        0
	  1736 18410 18411  1740  1527  1731  1900        0
	  1737 18427 18426  1738  1528  1735  1901        0
	  1738 18427 18477  1739  1529  1737  1903        0
	  1739 18428 18478  1741  1530  1738  1742        0
	  1740 18460 18461  1744  1532  1736  1904        0
	  1741 18479 18478  1743  1534  1739  1742        0
	  1742 20978 18478  1906  1905  1739  1741        0
	  1743 18479 18529  1746  1534  1741  1907        0
	  1744 18510 18511  1745  1536  1740  1908        0
	  1745 18510 18560  1744  1537  1747  1909        0
	  1746 18530 18529  1748  1539  1743  1910        0
	  1747 18559 18560  1749  1540  1745  1912        0
	  1748 18580 18579  1751  1542  1746  1913        0
	  1749 18609 18610  1750  1543  1747  1914        0
	  1750 18609 18659  1749  1544  1753  1915        0
	  1751 18630 18629  1752  1546  1748  1916        0
	  1752 18630 18680  1755  1546  1751  1756        0
	  1753 18658 18659  1754  1547  1750  1917        0
	  1754 18658 18708  1753  1550  1757  1918        0
	  1755 18681 18680  1758  1548  1752  1756        0
	  1756 21180 18680  1920  1919  1752  1755        0
	  1757 18707 18708  1759  1550  1754  1921        0
	  1758 18731 18730  1761  1551  1755  1922        0
	  1759 18757 18758  1760  1553  1757  1924        0
	  1760 18808 18758  1762  1553  1759  1925        0
	  1761 18781 18780  1763  1554  1758  1926        0
	  1762 18808 18809  1764  1555  1760  1927        0
	  1763 18831 18830  1766  1557  1761  1928        0
	  1764 18858 18859  1765  1559  1762  1929        0
	  1765 18909 18859  1767  1559  1764  1930        0
	  1766 18881 18880  1768  1560  1763  1931        0
	  1767 18909 18910  1769  1562  1765  1932        0
	  1768 18931 18930  1770  1564  1766  1933        0
	  1769 18959 18960  1771  1565  1767  1934        0
	  1770 18981 18980  1772  1567  1768  1935        0
	  1771 19009 19010  1773  1568  1769  1936        0
	  1772 19031 19030  1776  1570  1770  1937        0
	  1773 19059 19060  1774  1571  1771  1940        0
	  1774 19110 19060  1779  1572  1773  1941        0
	  1775 19129 19079  1777  1581  1780  1943        0
	  1776 19081 19080  1777  1576  1772  1778        0
	  1777 19130 19080  1776  1573  1775  1778        0
	  1778 21580 19080  1777  1942  1938  1776        0
	  1779 19110 19111  1782  1577  1774  1944        0
	  1780 19129 19128  1781  1581  1775  1945        0
	  1781 19178 19128  1780  1578  1783  1946        0
	  1782 19160 19161  1785  1582  1779  1947        0
	  1783 19178 19177  1784  1583  1781  1948        0
	  1784 19227 19177  1783  1584  1786  1949        0
	  1785 19210 19211  1788  1585  1782  1950        0
	  1786 19227 19226  1787  1586  1784  1951        0
	  1787 19276 19226  1786  1587  1790  1952        0
	  1788 19260 19261  1792  1588  1785  1953        0
	  1789 19324 19274  1791  1589  1794  1954        0
	  1790 19276 19275  1791  1590  1787  1955        0
	  1791 19325 19275  1790  1591  1789  1956        0
	  1792 19310 19311  1796  1592  1788  1958        0
	  1793 19372 19322  1795  1593  1798  1961        0
	  1794 19324 19323  1795  1594  1789  1962        0
	  1795 19373 19323  1794  1595  1793  1963        0
	  1796 19360 19361  1800  1596  1792  1797        0
	  1797 21861 19361  1801  1796  1959  1964        0
	  1798 19372 19371  1799  1597  1793  1965        0
	  1799 19421 19371  1798  1598  1803  1966        0
	  1800 19410 19411  1805  1599  1796  1801        0
	  1801 21911 19411  1806  1800  1797  1967        0
	  1802 19469 19419  1804  1600  1807  1969        0
	  1803 19421 19420  1804  1601  1799  1970        0
	  1804 19470 19420  1803  1602  1802  1971        0
	  1805 19460 19461  1810  1603  1800  1806        0
	  1806 21961 19461  1811  1805  1801  1972        0
	  1807 19469 19468  1808  1604  1802  1809        0
	  1808 19518 19468  1807  1605  1813  1809        0
	  1809 21968 19468  1808  1973  1968  1807        0
	  1810 19510 19511  1816  1606  1805  1811        0
	  1811 22011 19511  1817  1810  1806  1975        0
	  1812 19566 19516  1814  1607  1818  1977        0
	  1813 19518 19517  1814  1608  1808  1815        0
	  1814 19567 19517  1813  1609  1812  1815        0
	  1815 22017 19517  1814  1976  1974  1813        0
	  1816 19560 19561  1820  1610  1810  1817        0
	  1817 22061 19561  1821  1816  1811  1978        0
	  1818 19566 19565  1819  1611  1812  1980        0
	  1819 19615 19565  1818  1612  1822  1981        0
	  1820 19610 19611  1825  1613  1816  1821        0
	  1821 22111 19611  1826  1820  1817  1983        0
	  1822 19615 19614  1823  1614  1819  1824        0
	  1823 19664 19614  1822  1619  1828  1824        0
	  1824 22114 19614  1823  1986  1979  1822        0
	  1825 19660 19661  1831  1615  1820  1826        0
	  1826 22161 19661  1832  1825  1821  1827        0
	  1827 22162 19662  1834  1826  1984  1830        0
	  1828 19664 19663  1829  1619  1823  1830        0
	  1829 19713 19663  1828  1624  1833  1830        0
	  1830 22163 19663  1829  1827  1987  1828        0
	  1831 19710 19711  1835  1621  1825  1832        0
	  1832 22211 19711  1836  1831  1826  1834        0
	  1833 19713 19712  1837  1624  1829  1834        0
	  1834 22212 19712  1839  1832  1827  1833        0
	  1835 19760 19761  1840  1626  1831  1836        0
	  1836 22261 19761  1843  1835  1832  1839        0
	  1837 19763 19762  1838  1627  1833  1839        0
	  1838 19812 19762  1837  1633  1841  1839        0
	  1839 22262 19762  1838  1836  1834  1837        0
	  1840 19810 19811  1842  1630  1835  1843        0
	  1841 19812 19811  1842  1633  1838  1843        0
	  1842 19861 19811  1841  1639  1840  1843        0
	  1843 22311 19811  1842  1840  1836  1841        0
	  1844 20309 20359  1846  1678  1845  1847        0
	  1845 20358 20359  1848  1680  1844  1847        0
	  1846 20360 20359  1849  1681  1844  1847        0
	  1847 22859 20359  1851  1845  1844  1846        0
	  1848 20408 20409  1850  1685  1845  1851        0
	  1849 20410 20409  1850  1687  1846  1851        0
	  1850 20459 20409  1849  1689  1848  1851        0
	  1851 22909 20409  1850  1848  1847  1849        0
	  1852 20410 20460  1854  1687  1853  1855        0
	  1853 20459 20460  1856  1689  1852  1855        0
	  1854 20461 20460  1857  1690  1852  1855        0
	  1855 22960 20460  1859  1853  1852  1854        0
	  1856 20509 20510  1858  1694  1853  1859        0
	  1857 20511 20510  1858  1696  1854  1859        0
	  1858 20560 20510  1857  1698  1856  1859        0
	  1859 23010 20510  1858  1856  1855  1857        0
	  1860 20511 20561  1862  1696  1861  1863        0
	  1861 20560 20561  1864  1698  1860  1863        0
	  1862 20562 20561  1865  1699  1860  1863        0
	  1863 23061 20561  1866  1861  1860  1862        0
	  1864 20610 20611  1868  1703  1861  1866        0
	  1865 20612 20611  1867  1705  1862  1866        0
	  1866 23111 20611  1869  1864  1863  1865        0
	  1867 20612 20662  1870  1705  1865  1871        0
	  1868 20660 20661  1874  1706  1864  1869        0
	  1869 23161 20661  1875  1868  1866  1871        0
	  1870 20663 20662  1872  1707  1867  1871        0
	  1871 23162 20662  1989  1869  1867  1870        0
	  1872 20663 20713  1873  1708  1870  1990        0
	  1873 20664 20714  1876  1709  1872  1991        0
	  1874 20710 20711  1882  1713  1868  1875        0
	  1875 23211 20711  1884  1874  1869  1992        0
	  1876 20715 20714  1877  1714  1873  1995        0
	  1877 20715 20765  1878  1715  1876  1997        0
	  1878 20716 20766  1879  1717  1877  1998        0
	  1879 20717 20767  1880  1718  1878  1999        0
	  1880 20718 20768  1881  1719  1879  2000        0
	  1881 20719 20769  1885  1721  1880  2001        0
	  1882 20760 20761  1883  1722  1874  1884        0
	  1883 20811 20761  1888  1727  1882  1884        0
	  1884 23261 20761  1883  1882  1875  2002        0
	  1885 20770 20769  1886  1723  1881  2009        0
	  1886 20770 20820  1887  1724  1885  2011        0
	  1887 20771 20821  1890  1725  1886  1891        0
	  1888 20811 20812  1889  1727  1883  2012        0
	  1889 20811 20861  1888  1727  1894  2013        0
	  1890 20822 20821  1892  1728  1887  1891        0
	  1891 23321 20821  2017  2015  1887  1890        0
	  1892 20822 20872  1893  1729  1890  2018        0
	  1893 20823 20873  1895  1730  1892  1896        0
	  1894 20860 20861  1900  1731  1889  2019        0
	  1895 20874 20873  1897  1732  1893  1896        0
	  1896 23373 20873  2023  2021  1893  1895        0
	  1897 20874 20924  1898  1733  1895  2024        0
	  1898 20875 20925  1899  1734  1897  2025        0
	  1899 20876 20926  1901  1735  1898  1902        0
	  1900 20910 20911  1904  1736  1894  2026        0
	  1901 20927 20926  1903  1737  1899  1902        0
	  1902 23426 20926  2030  2028  1899  1901        0
	  1903 20927 20977  1905  1738  1901  2031        0
	  1904 20960 20961  1908  1740  1900  2032        0
	  1905 20978 20977  1906  1742  1903  2033        0
	  1906 20978 21028  1907  1742  1905  2035        0
	  1907 20979 21029  1910  1743  1906  1911        0
	  1908 21010 21011  1909  1744  1904  2036        0
	  1909 21010 21060  1908  1745  1912  2037        0
	  1910 21030 21029  1913  1746  1907  1911        0
	  1911 23529 21029  2040  2038  1907  1910        0
	  1912 21059 21060  1914  1747  1909  2041        0
	  1913 21080 21079  1916  1748  1910  2043        0
	  1914 21109 21110  1915  1749  1912  2045        0
	  1915 21109 21159  1914  1750  1917  2046        0
	  1916 21130 21129  1919  1751  1913  2047        0
	  1917 21158 21159  1918  1753  1915  2049        0
	  1918 21158 21208  1917  1754  1921  2050        0
	  1919 21180 21179  1920  1756  1916  2052        0
	  1920 21180 21230  1922  1756  1919  1923        0
	  1921 21207 21208  1924  1757  1918  2053        0
	  1922 21231 21230  1926  1758  1920  1923        0
	  1923 23730 21230  2056  2055  1920  1922        0
	  1924 21257 21258  1925  1759  1921  2057        0
	  1925 21308 21258  1927  1760  1924  2058        0
	  1926 21281 21280  1928  1761  1922  2060        0
	  1927 21308 21309  1929  1762  1925  2062        0
	  1928 21331 21330  1931  1763  1926  2063        0
	  1929 21358 21359  1930  1764  1927  2065        0
	  1930 21409 21359  1932  1765  1929  2066        0
	  1931 21381 21380  1933  1766  1928  2068        0
	  1932 21409 21410  1934  1767  1930  2070        0
	  1933 21431 21430  1935  1768  1931  2071        0
	  1934 21459 21460  1936  1769  1932  2073        0
	  1935 21481 21480  1937  1770  1933  2074        0
	  1936 21509 21510  1940  1771  1934  2077        0
	  1937 21531 21530  1938  1772  1935  1939        0
	  1938 21580 21530  1937  1778  1942  1939        0
	  1939 24030 21530  1938  2078  2075  1937        0
	  1940 21559 21560  1941  1773  1936  2079        0
	  1941 21610 21560  1944  1774  1940  2080        0
	  1942 21580 21579  1943  1778  1938  2081        0
	  1943 21629 21579  1942  1775  1945  2082        0
	  1944 21610 21611  1947  1779  1941  2084        0
	  1945 21629 21628  1946  1780  1943  2085        0
	  1946 21678 21628  1945  1781  1948  2086        0
	  1947 21660 21661  1950  1782  1944  2088        0
	  1948 21678 21677  1949  1783  1946  2089        0
	  1949 21727 21677  1948  1784  1951  2090        0
	  1950 21710 21711  1953  1785  1947  2092        0
	  1951 21727 21726  1952  1786  1949  2094        0
	  1952 21776 21726  1951  1787  1955  2095        0
	  1953 21760 21761  1958  1788  1950  2097        0
	  1954 21824 21774  1956  1789  1962  2101        0
	  1955 21776 21775  1956  1790  1952  1957        0
	  1956 21825 21775  1955  1791  1954  1957        0
	  1957 24275 21775  1956  2100  2093  1955        0
	  1958 21810 21811  1959  1792  1953  1960        0
	  1959 21861 21811  1964  1797  1958  1960        0
	  1960 24311 21811  1959  1958  2098  2102        0
	  1961 21872 21822  1963  1793  1965  2103        0
	  1962 21824 21823  1963  1794  1954  2104        0
	  1963 21873 21823  1962  1795  1961  2105        0
	  1964 21861 21862  1967  1797  1959  2107        0
	  1965 21872 21871  1966  1798  1961  2108        0
	  1966 21921 21871  1965  1799  1970  2109        0
	  1967 21911 21912  1972  1801  1964  2110        0
	  1968 21968 21918  1969  1809  1973  2112        0
	  1969 21969 21919  1971  1802  1968  2113        0
	  1970 21921 21920  1971  1803  1966  2114        0
	  1971 21970 21920  1970  1804  1969  2115        0
	  1972 21961 21962  1975  1806  1967  2117        0
	  1973 21968 21967  1974  1809  1968  2119        0
	  1974 22017 21967  1973  1815  1976  2120        0
	  1975 22011 22012  1978  1811  1972  2122        0
	  1976 22017 22016  1977  1815  1974  2128        0
	  1977 22066 22016  1976  1812  1980  2129        0
	  1978 22061 22062  1983  1817  1975  2131        0
	  1979 22114 22064  1981  1824  1986  2137        0
	  1980 22066 22065  1981  1818  1977  1982        0
	  1981 22115 22065  1980  1819  1979  1982        0
	  1982 24565 22065  1981  2136  2126  1980        0
	  1983 22111 22112  1984  1821  1978  1985        0
	  1984 22162 22112  1987  1827  1983  1985        0
	  1985 24612 22112  1984  1983  2132  1988        0
	  1986 22114 22113  1987  1824  1979  1988        0
	  1987 22163 22113  1986  1830  1984  1988        0
	  1988 24613 22113  1987  1985  2134  1986        0
	  1989 23162 23212  1990  1871  1992  1993        0
	  1990 23163 23213  1991  1872  1989  1994        0
	  1991 23164 23214  1995  1873  1990  1996        0
	  1992 23211 23212  2002  1875  1989  1993        0
	  1993 25712 23212  2003  1992  1989  1994        0
	  1994 25713 23213  2139  1993  1990  1996        0
	  1995 23215 23214  1997  1876  1991  1996        0
	  1996 25714 23214  2004  1994  1991  1995        0
	  1997 23215 23265  1998  1877  1995  2005        0
	  1998 23216 23266  1999  1878  1997  2006        0
	  1999 23217 23267  2000  1879  1998  2007        0
	  2000 23218 23268  2001  1880  1999  2008        0
	  2001 23219 23269  2009  1881  2000  2010        0
	  2002 23261 23262  2012  1884  1992  2003        0
	  2003 25762 23262  2014  2002  1993  2140        0
	  2004 25764 23264  2143  2141  1996  2005        0
	  2005 25765 23265  2144  2004  1997  2006        0
	  2006 25766 23266  2145  2005  1998  2007        0
	  2007 25767 23267  2146  2006  1999  2008        0
	  2008 25768 23268  2147  2007  2000  2010        0
	  2009 23270 23269  2011  1885  2001  2010        0
	  2010 25769 23269  2148  2008  2001  2009        0
	  2011 23270 23320  2015  1886  2009  2016        0
	  2012 23311 23312  2013  1888  2002  2014        0
	  2013 23311 23361  2012  1889  2019  2020        0
	  2014 25812 23312  2150  2012  2003  2149        0
	  2015 23321 23320  2017  1891  2011  2016        0
	  2016 25820 23320  2155  2153  2011  2015        0
	  2017 23321 23371  2018  1891  2015  2156        0
	  2018 23322 23372  2021  1892  2017  2022        0
	  2019 23360 23361  2026  1894  2013  2020        0
	  2020 25861 23361  2027  2019  2013  2157        0
	  2021 23373 23372  2023  1896  2018  2022        0
	  2022 25872 23372  2161  2159  2018  2021        0
	  2023 23373 23423  2024  1896  2021  2162        0
	  2024 23374 23424  2025  1897  2023  2163        0
	  2025 23375 23425  2028  1898  2024  2029        0
	  2026 23410 23411  2032  1900  2019  2027        0
	  2027 25911 23411  2165  2026  2020  2164        0
	  2028 23426 23425  2030  1902  2025  2029        0
	  2029 25925 23425  2168  2166  2025  2028        0
	  2030 23426 23476  2031  1902  2028  2169        0
	  2031 23427 23477  2033  1903  2030  2034        0
	  2032 23460 23461  2036  1904  2026  2170        0
	  2033 23478 23477  2035  1905  2031  2034        0
	  2034 25977 23477  2174  2172  2031  2033        0
	  2035 23478 23528  2038  1906  2033  2039        0
	  2036 23510 23511  2037  1908  2032  2175        0
	  2037 23510 23560  2036  1909  2041  2042        0
	  2038 23529 23528  2040  1911  2035  2039        0
	  2039 26028 23528  2178  2176  2035  2038        0
	  2040 23529 23579  2043  1911  2038  2044        0
	  2041 23559 23560  2045  1912  2037  2042        0
	  2042 26060 23560  2180  2041  2037  2179        0
	  2043 23580 23579  2047  1913  2040  2044        0
	  2044 26079 23579  2048  2181  2040  2043        0
	  2045 23609 23610  2046  1914  2041  2183        0
	  2046 23609 23659  2045  1915  2049  2051        0
	  2047 23630 23629  2052  1916  2043  2048        0
	  2048 26129 23629  2186  2185  2044  2047        0
	  2049 23658 23659  2050  1917  2046  2051        0
	  2050 23658 23708  2049  1918  2053  2054        0
	  2051 26159 23659  2188  2049  2046  2187        0
	  2052 23680 23679  2055  1919  2047  2189        0
	  2053 23707 23708  2057  1921  2050  2054        0
	  2054 26208 23708  2059  2053  2050  2191        0
	  2055 23730 23729  2056  1923  2052  2193        0
	  2056 23730 23780  2060  1923  2055  2061        0
	  2057 23757 23758  2058  1924  2053  2059        0
	  2058 23808 23758  2062  1925  2057  2059        0
	  2059 26258 23758  2058  2057  2054  2195        0
	  2060 23781 23780  2063  1926  2056  2061        0
	  2061 26280 23780  2064  2197  2056  2060        0
	  2062 23808 23809  2065  1927  2058  2198        0
	  2063 23831 23830  2068  1928  2060  2064        0
	  2064 26330 23830  2069  2201  2061  2063        0
	  2065 23858 23859  2066  1929  2062  2067        0
	  2066 23909 23859  2070  1930  2065  2067        0
	  2067 26359 23859  2066  2065  2199  2202        0
	  2068 23881 23880  2071  1931  2063  2069        0
	  2069 26380 23880  2072  2203  2064  2068        0
	  2070 23909 23910  2073  1932  2066  2204        0
	  2071 23931 23930  2074  1933  2068  2072        0
	  2072 26430 23930  2076  2205  2069  2071        0
	  2073 23959 23960  2077  1934  2070  2206        0
	  2074 23981 23980  2075  1935  2071  2076        0
	  2075 24030 23980  2074  1939  2078  2076        0
	  2076 26480 23980  2075  2207  2072  2074        0
	  2077 24009 24010  2079  1936  2073  2209        0
	  2078 24030 24029  2081  1939  2075  2210        0
	  2079 24059 24060  2080  1940  2077  2213        0
	  2080 24110 24060  2084  1941  2079  2214        0
	  2081 24080 24079  2082  1942  2078  2083        0
	  2082 24129 24079  2081  1943  2085  2083        0
	  2083 26579 24079  2082  2216  2211  2081        0
	  2084 24110 24111  2088  1944  2080  2219        0
	  2085 24129 24128  2086  1945  2082  2087        0
	  2086 24178 24128  2085  1946  2089  2087        0
	  2087 26628 24128  2086  2220  2217  2085        0
	  2088 24160 24161  2092  1947  2084  2222        0
	  2089 24178 24177  2090  1948  2086  2091        0
	  2090 24227 24177  2089  1949  2094  2091        0
	  2091 26677 24177  2090  2223  2221  2089        0
	  2092 24210 24211  2097  1950  2088  2225        0
	  2093 24275 24225  2095  1957  2100  2229        0
	  2094 24227 24226  2095  1951  2090  2096        0
	  2095 24276 24226  2094  1952  2093  2096        0
	  2096 26726 24226  2095  2228  2224  2094        0
	  2097 24260 24261  2098  1953  2092  2099        0
	  2098 24311 24261  2102  1960  2097  2099        0
	  2099 26761 24261  2098  2097  2226  2230        0
	  2100 24275 24274  2101  1957  2093  2232        0
	  2101 24324 24274  2100  1954  2104  2233        0
	  2102 24311 24312  2107  1960  2098  2235        0
	  2103 24372 24322  2105  1961  2108  2238        0
	  2104 24324 24323  2105  1962  2101  2106        0
	  2105 24373 24323  2104  1963  2103  2106        0
	  2106 26823 24323  2105  2237  2231  2104        0
	  2107 24361 24362  2110  1964  2102  2239        0
	  2108 24372 24371  2109  1965  2103  2243        0
	  2109 24421 24371  2108  1966  2114  2244        0
	  2110 24411 24412  2117  1967  2107  2111        0
	  2111 26912 24412  2118  2110  2240  2246        0
	  2112 24468 24418  2113  1968  2119  2249        0
	  2113 24469 24419  2115  1969  2112  2252        0
	  2114 24421 24420  2115  1970  2109  2116        0
	  2115 24470 24420  2114  1971  2113  2116        0
	  2116 26920 24420  2115  2251  2242  2114        0
	  2117 24461 24462  2122  1972  2110  2118        0
	  2118 26962 24462  2123  2117  2111  2254        0
	  2119 24468 24467  2120  1973  2112  2121        0
	  2120 24517 24467  2119  1974  2128  2121        0
	  2121 26967 24467  2120  2261  2248  2119        0
	  2122 24511 24512  2131  1975  2117  2123        0
	  2123 27012 24512  2133  2122  2118  2124        0
	  2124 27013 24513  2135  2123  2255  2125        0
	  2125 27014 24514  2138  2124  2257  2127        0
	  2126 24565 24515  2129  1982  2136  2127        0
	  2127 27015 24515  2126  2125  2259  2130        0
	  2128 24517 24516  2129  1976  2120  2130        0
	  2129 24566 24516  2128  1977  2126  2130        0
	  2130 27016 24516  2129  2127  2262  2128        0
	  2131 24561 24562  2132  1978  2122  2133        0
	  2132 24612 24562  2134  1985  2131  2133        0
	  2133 27062 24562  2132  2131  2123  2135        0
	  2134 24613 24563  2137  1988  2132  2135        0
	  2135 27063 24563  2134  2133  2124  2138        0
	  2136 24565 24564  2137  1982  2126  2138        0
	  2137 24614 24564  2136  1979  2134  2138        0
	  2138 27064 24564  2137  2135  2125  2136        0
	  2139 25713 25763  2141  1994  2140  2142        0
	  2140 25762 25763  2149  2003  2139  2142        0
	  2141 25764 25763  2143  2004  2139  2142        0
	  2142 28263 25763  2151  2140  2139  2141        0
	  2143 25764 25814  2144  2004  2141  2264        0
	  2144 25765 25815  2145  2005  2143  2265        0
	  2145 25766 25816  2146  2006  2144  2266        0
	  2146 25767 25817  2147  2007  2145  2267        0
	  2147 25768 25818  2148  2008  2146  2152        0
	  2148 25769 25819  2153  2010  2147  2154        0
	  2149 25812 25813  2150  2014  2140  2151        0
	  2150 25812 25862  2149  2014  2157  2158        0
	  2151 28313 25813  2269  2149  2142  2268        0
	  2152 28318 25818  2275  2273  2147  2154        0
	  2153 25820 25819  2155  2016  2148  2154        0
	  2154 28319 25819  2276  2152  2148  2153        0
	  2155 25820 25870  2156  2016  2153  2277        0
	  2156 25821 25871  2159  2017  2155  2160        0
	  2157 25861 25862  2164  2020  2150  2158        0
	  2158 28362 25862  2279  2157  2150  2278        0
	  2159 25872 25871  2161  2022  2156  2160        0
	  2160 28371 25871  2284  2282  2156  2159        0
	  2161 25872 25922  2162  2022  2159  2285        0
	  2162 25873 25923  2163  2023  2161  2286        0
	  2163 25874 25924  2166  2024  2162  2167        0
	  2164 25911 25912  2165  2027  2157  2287        0
	  2165 25911 25961  2164  2027  2170  2171        0
	  2166 25925 25924  2168  2029  2163  2167        0
	  2167 28424 25924  2291  2289  2163  2166        0
	  2168 25925 25975  2169  2029  2166  2292        0
	  2169 25926 25976  2172  2030  2168  2173        0
	  2170 25960 25961  2175  2032  2165  2171        0
	  2171 28461 25961  2294  2170  2165  2293        0
	  2172 25977 25976  2174  2034  2169  2173        0
	  2173 28476 25976  2297  2295  2169  2172        0
	  2174 25977 26027  2176  2034  2172  2177        0
	  2175 26010 26011  2179  2036  2170  2298        0
	  2176 26028 26027  2178  2039  2174  2177        0
	  2177 28527 26027  2302  2300  2174  2176        0
	  2178 26028 26078  2181  2039  2176  2182        0
	  2179 26060 26061  2180  2042  2175  2303        0
	  2180 26060 26110  2179  2042  2183  2184        0
	  2181 26079 26078  2185  2044  2178  2182        0
	  2182 28578 26078  2307  2305  2178  2181        0
	  2183 26109 26110  2187  2045  2180  2184        0
	  2184 28610 26110  2309  2183  2180  2308        0
	  2185 26129 26128  2186  2048  2181  2310        0
	  2186 26129 26179  2189  2048  2185  2190        0
	  2187 26159 26160  2188  2051  2183  2312        0
	  2188 26159 26209  2187  2051  2191  2192        0
	  2189 26180 26179  2193  2052  2186  2190        0
	  2190 28679 26179  2194  2314  2186  2189        0
	  2191 26208 26209  2195  2054  2188  2192        0
	  2192 28709 26209  2196  2191  2188  2316        0
	  2193 26230 26229  2197  2055  2189  2194        0
	  2194 28729 26229  2318  2317  2190  2193        0
	  2195 26258 26259  2198  2059  2191  2196        0
	  2196 28759 26259  2200  2195  2192  2319        0
	  2197 26280 26279  2201  2061  2193  2320        0
	  2198 26308 26309  2199  2062  2195  2200        0
	  2199 26359 26309  2202  2067  2198  2200        0
	  2200 28809 26309  2199  2198  2196  2322        0
	  2201 26330 26329  2203  2064  2197  2323        0
	  2202 26359 26360  2204  2067  2199  2325        0
	  2203 26380 26379  2205  2069  2201  2326        0
	  2204 26409 26410  2206  2070  2202  2328        0
	  2205 26430 26429  2207  2072  2203  2329        0
	  2206 26459 26460  2209  2073  2204  2332        0
	  2207 26480 26479  2210  2076  2205  2208        0
	  2208 28979 26479  2212  2334  2330  2207        0
	  2209 26509 26510  2213  2077  2206  2335        0
	  2210 26530 26529  2211  2078  2207  2212        0
	  2211 26579 26529  2210  2083  2216  2212        0
	  2212 29029 26529  2211  2338  2208  2210        0
	  2213 26559 26560  2214  2079  2209  2215        0
	  2214 26610 26560  2219  2080  2213  2215        0
	  2215 29060 26560  2214  2213  2336  2341        0
	  2216 26579 26578  2217  2083  2211  2218        0
	  2217 26628 26578  2216  2087  2220  2218        0
	  2218 29078 26578  2217  2342  2339  2216        0
	  2219 26610 26611  2222  2084  2214  2343        0
	  2220 26628 26627  2221  2087  2217  2344        0
	  2221 26677 26627  2220  2091  2223  2345        0
	  2222 26660 26661  2225  2088  2219  2347        0
	  2223 26677 26676  2224  2091  2221  2350        0
	  2224 26726 26676  2223  2096  2228  2351        0
	  2225 26710 26711  2226  2092  2222  2227        0
	  2226 26761 26711  2230  2099  2225  2227        0
	  2227 29211 26711  2226  2225  2348  2353        0
	  2228 26726 26725  2229  2096  2224  2355        0
	  2229 26775 26725  2228  2093  2232  2356        0
	  2230 26761 26762  2235  2099  2226  2358        0
	  2231 26823 26773  2233  2106  2237  2362        0
	  2232 26775 26774  2233  2100  2229  2234        0
	  2233 26824 26774  2232  2101  2231  2234        0
	  2234 29274 26774  2233  2361  2354  2232        0
	  2235 26811 26812  2239  2102  2230  2236        0
	  2236 29312 26812  2241  2235  2359  2363        0
	  2237 26823 26822  2238  2106  2231  2365        0
	  2238 26872 26822  2237  2103  2243  2366        0
	  2239 26861 26862  2240  2107  2235  2241        0
	  2240 26912 26862  2246  2111  2239  2241        0
	  2241 29362 26862  2240  2239  2236  2368        0
	  2242 26920 26870  2244  2116  2251  2375        0
	  2243 26872 26871  2244  2108  2238  2245        0
	  2244 26921 26871  2243  2109  2242  2245        0
	  2245 29371 26871  2244  2374  2364  2243        0
	  2246 26912 26913  2254  2111  2240  2247        0
	  2247 29413 26913  2256  2246  2369  2377        0
	  2248 26967 26917  2249  2121  2261  2385        0
	  2249 26968 26918  2252  2112  2248  2250        0
	  2250 29418 26918  2249  2384  2371  2253        0
	  2251 26920 26919  2252  2116  2242  2253        0
	  2252 26969 26919  2251  2113  2249  2253        0
	  2253 29419 26919  2252  2250  2372  2251        0
	  2254 26962 26963  2255  2118  2246  2256        0
	  2255 27013 26963  2257  2124  2254  2256        0
	  2256 29463 26963  2255  2254  2247  2258        0
	  2257 27014 26964  2259  2125  2255  2258        0
	  2258 29464 26964  2257  2256  2378  2260        0
	  2259 27015 26965  2262  2127  2257  2260        0
	  2260 29465 26965  2259  2258  2380  2263        0
	  2261 26967 26966  2262  2121  2248  2263        0
	  2262 27016 26966  2261  2130  2259  2263        0
	  2263 29466 26966  2262  2260  2382  2261        0
	  2264 28264 28314  2265  2143  2268  2270        0
	  2265 28265 28315  2266  2144  2264  2271        0
	  2266 28266 28316  2267  2145  2265  2272        0
	  2267 28267 28317  2273  2146  2266  2274        0
	  2268 28313 28314  2269  2151  2264  2270        0
	  2269 28313 28363  2268  2151  2278  2280        0
	  2270 30814 28314  2387  2268  2264  2271        0
	  2271 30815 28315  2388  2270  2265  2272        0
	  2272 30816 28316  2389  2271  2266  2274        0
	  2273 28318 28317  2275  2152  2267  2274        0
	  2274 30817 28317  2390  2272  2267  2273        0
	  2275 28318 28368  2276  2152  2273  2391        0
	  2276 28319 28369  2277  2154  2275  2281        0
	  2277 28320 28370  2282  2155  2276  2283        0
	  2278 28362 28363  2279  2158  2269  2280        0
	  2279 28362 28412  2278  2158  2287  2288        0
	  2280 30863 28363  2393  2278  2269  2392        0
	  2281 30869 28369  2400  2398  2276  2283        0
	  2282 28371 28370  2284  2160  2277  2283        0
	  2283 30870 28370  2401  2281  2277  2282        0
	  2284 28371 28421  2285  2160  2282  2402        0
	  2285 28372 28422  2286  2161  2284  2403        0
	  2286 28373 28423  2289  2162  2285  2290        0
	  2287 28411 28412  2293  2164  2279  2288        0
	  2288 30912 28412  2405  2287  2279  2404        0
	  2289 28424 28423  2291  2167  2286  2290        0
	  2290 30923 28423  2410  2408  2286  2289        0
	  2291 28424 28474  2292  2167  2289  2411        0
	  2292 28425 28475  2295  2168  2291  2296        0
	  2293 28461 28462  2294  2171  2287  2412        0
	  2294 28461 28511  2293  2171  2298  2299        0
	  2295 28476 28475  2297  2173  2292  2296        0
	  2296 30975 28475  2417  2415  2292  2295        0
	  2297 28476 28526  2300  2173  2295  2301        0
	  2298 28510 28511  2303  2175  2294  2299        0
	  2299 31011 28511  2304  2298  2294  2418        0
	  2300 28527 28526  2302  2177  2297  2301        0
	  2301 31026 28526  2422  2420  2297  2300        0
	  2302 28527 28577  2305  2177  2300  2306        0
	  2303 28560 28561  2308  2179  2298  2304        0
	  2304 31061 28561  2424  2303  2299  2423        0
	  2305 28578 28577  2307  2182  2302  2306        0
	  2306 31077 28577  2427  2425  2302  2305        0
	  2307 28578 28628  2310  2182  2305  2311        0
	  2308 28610 28611  2309  2184  2303  2428        0
	  2309 28610 28660  2308  2184  2312  2313        0
	  2310 28629 28628  2314  2185  2307  2311        0
	  2311 31128 28628  2315  2430  2307  2310        0
	  2312 28659 28660  2316  2187  2309  2313        0
	  2313 31160 28660  2433  2312  2309  2432        0
	  2314 28679 28678  2317  2190  2310  2315        0
	  2315 31178 28678  2436  2434  2311  2314        0
	  2316 28709 28710  2319  2192  2312  2437        0
	  2317 28729 28728  2318  2194  2314  2439        0
	  2318 28729 28779  2320  2194  2317  2321        0
	  2319 28759 28760  2322  2196  2316  2441        0
	  2320 28780 28779  2323  2197  2318  2321        0
	  2321 31279 28779  2324  2443  2318  2320        0
	  2322 28809 28810  2325  2200  2319  2445        0
	  2323 28830 28829  2326  2201  2320  2324        0
	  2324 31329 28829  2327  2447  2321  2323        0
	  2325 28859 28860  2328  2202  2322  2449        0
	  2326 28880 28879  2329  2203  2323  2327        0
	  2327 31379 28879  2331  2451  2324  2326        0
	  2328 28909 28910  2332  2204  2325  2453        0
	  2329 28930 28929  2330  2205  2326  2331        0
	  2330 28979 28929  2329  2208  2334  2331        0
	  2331 31429 28929  2330  2456  2327  2329        0
	  2332 28959 28960  2335  2206  2328  2333        0
	  2333 31460 28960  2337  2332  2454  2458        0
	  2334 28979 28978  2338  2208  2330  2459        0
	  2335 29009 29010  2336  2209  2332  2337        0
	  2336 29060 29010  2341  2215  2335  2337        0
	  2337 31510 29010  2336  2335  2333  2462        0
	  2338 29029 29028  2339  2212  2334  2340        0
	  2339 29078 29028  2338  2218  2342  2340        0
	  2340 31528 29028  2339  2463  2460  2338        0
	  2341 29060 29061  2343  2215  2336  2464        0
	  2342 29078 29077  2344  2218  2339  2466        0
	  2343 29110 29111  2347  2219  2341  2469        0
	  2344 29128 29127  2345  2220  2342  2346        0
	  2345 29177 29127  2344  2221  2350  2346        0
	  2346 31627 29127  2345  2472  2467  2344        0
	  2347 29160 29161  2348  2222  2343  2349        0
	  2348 29211 29161  2353  2227  2347  2349        0
	  2349 31661 29161  2348  2347  2470  2475        0
	  2350 29177 29176  2351  2223  2345  2352        0
	  2351 29226 29176  2350  2224  2355  2352        0
	  2352 31676 29176  2351  2477  2473  2350        0
	  2353 29211 29212  2358  2227  2348  2480        0
	  2354 29274 29224  2356  2234  2361  2484        0
	  2355 29226 29225  2356  2228  2351  2357        0
	  2356 29275 29225  2355  2229  2354  2357        0
	  2357 31725 29225  2356  2483  2478  2355        0
	  2358 29261 29262  2359  2230  2353  2360        0
	  2359 29312 29262  2363  2236  2358  2360        0
	  2360 31762 29262  2359  2358  2481  2486        0
	  2361 29274 29273  2362  2234  2354  2490        0
	  2362 29323 29273  2361  2231  2365  2491        0
	  2363 29312 29313  2368  2236  2359  2493        0
	  2364 29371 29321  2366  2245  2374  2501        0
	  2365 29323 29322  2366  2237  2362  2367        0
	  2366 29372 29322  2365  2238  2364  2367        0
	  2367 31822 29322  2366  2500  2488  2365        0
	  2368 29362 29363  2369  2241  2363  2370        0
	  2369 29413 29363  2377  2247  2368  2370        0
	  2370 31863 29363  2369  2368  2494  2503        0
	  2371 29418 29368  2372  2250  2384  2513        0
	  2372 29419 29369  2375  2253  2371  2373        0
	  2373 31869 29369  2372  2512  2497  2376        0
	  2374 29371 29370  2375  2245  2364  2376        0
	  2375 29420 29370  2374  2242  2372  2376        0
	  2376 31870 29370  2375  2373  2498  2374        0
	  2377 29413 29414  2378  2247  2369  2379        0
	  2378 29464 29414  2380  2258  2377  2379        0
	  2379 31914 29414  2378  2377  2504  2381        0
	  2380 29465 29415  2382  2260  2378  2381        0
	  2381 31915 29415  2380  2379  2506  2383        0
	  2382 29466 29416  2385  2263  2380  2383        0
	  2383 31916 29416  2382  2381  2508  2386        0
	  2384 29418 29417  2385  2250  2371  2386        0
	  2385 29467 29417  2384  2248  2382  2386        0
	  2386 31917 29417  2385  2383  2510  2384        0
	  2387 30814 30864  2388  2270  2392  2394        0
	  2388 30815 30865  2389  2271  2387  2395        0
	  2389 30816 30866  2390  2272  2388  2396        0
	  2390 30817 30867  2391  2274  2389  2397        0
	  2391 30818 30868  2398  2275  2390  2399        0
	  2392 30863 30864  2393  2280  2387  2394        0
	  2393 30863 30913  2392  2280  2404  2406        0
	  2394 33364 30864  2515  2392  2387  2395        0
	  2395 33365 30865  2516  2394  2388  2396        0
	  2396 33366 30866  2517  2395  2389  2397        0
	  2397 33367 30867  2518  2396  2390  2399        0
	  2398 30869 30868  2400  2281  2391  2399        0
	  2399 33368 30868  2519  2397  2391  2398        0
	  2400 30869 30919  2401  2281  2398  2520        0
	  2401 30870 30920  2402  2283  2400  2521        0
	  2402 30871 30921  2403  2284  2401  2407        0
	  2403 30872 30922  2408  2285  2402  2409        0
	  2404 30912 30913  2405  2288  2393  2406        0
	  2405 30912 30962  2404  2288  2412  2413        0
	  2406 33413 30913  2523  2404  2393  2522        0
	  2407 33421 30921  2532  2530  2402  2409        0
	  2408 30923 30922  2410  2290  2403  2409        0
	  2409 33422 30922  2533  2407  2403  2408        0
	  2410 30923 30973  2411  2290  2408  2414        0
	  2411 30924 30974  2415  2291  2410  2416        0
	  2412 30961 30962  2418  2293  2405  2413        0
	  2413 33462 30962  2419  2412  2405  2534        0
	  2414 33473 30973  2541  2539  2410  2416        0
	  2415 30975 30974  2417  2296  2411  2416        0
	  2416 33474 30974  2542  2414  2411  2415        0
	  2417 30975 31025  2420  2296  2415  2421        0
	  2418 31011 31012  2423  2299  2412  2419        0
	  2419 33512 31012  2544  2418  2413  2543        0
	  2420 31026 31025  2422  2301  2417  2421        0
	  2421 33525 31025  2549  2547  2417  2420        0
	  2422 31026 31076  2425  2301  2420  2426        0
	  2423 31061 31062  2424  2304  2418  2550        0
	  2424 31061 31111  2423  2304  2428  2429        0
	  2425 31077 31076  2427  2306  2422  2426        0
	  2426 33576 31076  2554  2552  2422  2425        0
	  2427 31077 31127  2430  2306  2425  2431        0
	  2428 31110 31111  2432  2308  2424  2429        0
	  2429 33611 31111  2556  2428  2424  2555        0
	  2430 31128 31127  2434  2311  2427  2431        0
	  2431 33627 31127  2435  2558  2427  2430        0
	  2432 31160 31161  2433  2313  2428  2560        0
	  2433 31160 31210  2432  2313  2437  2438        0
	  2434 31178 31177  2436  2315  2430  2435        0
	  2435 33677 31177  2564  2562  2431  2434        0
	  2436 31178 31228  2439  2315  2434  2440        0
	  2437 31209 31210  2441  2316  2433  2438        0
	  2438 33710 31210  2442  2437  2433  2565        0
	  2439 31229 31228  2443  2317  2436  2440        0
	  2440 33728 31228  2444  2567  2436  2439        0
	  2441 31259 31260  2445  2319  2437  2442        0
	  2442 33760 31260  2446  2441  2438  2569        0
	  2443 31279 31278  2447  2321  2439  2444        0
	  2444 33778 31278  2448  2571  2440  2443        0
	  2445 31309 31310  2449  2322  2441  2446        0
	  2446 33810 31310  2450  2445  2442  2573        0
	  2447 31329 31328  2451  2324  2443  2448        0
	  2448 33828 31328  2452  2575  2444  2447        0
	  2449 31359 31360  2453  2325  2445  2450        0
	  2450 33860 31360  2455  2449  2446  2577        0
	  2451 31379 31378  2456  2327  2447  2452        0
	  2452 33878 31378  2457  2579  2448  2451        0
	  2453 31409 31410  2454  2328  2449  2455        0
	  2454 31460 31410  2458  2333  2453  2455        0
	  2455 33910 31410  2454  2453  2450  2581        0
	  2456 31429 31428  2459  2331  2451  2457        0
	  2457 33928 31428  2461  2583  2452  2456        0
	  2458 31460 31461  2462  2333  2454  2585        0
	  2459 31479 31478  2460  2334  2456  2461        0
	  2460 31528 31478  2459  2340  2463  2461        0
	  2461 33978 31478  2460  2587  2457  2459        0
	  2462 31510 31511  2464  2337  2458  2589        0
	  2463 31528 31527  2466  2340  2460  2594        0
	  2464 31560 31561  2469  2341  2462  2465        0
	  2465 34061 31561  2471  2464  2590  2597        0
	  2466 31578 31577  2467  2342  2463  2468        0
	  2467 31627 31577  2466  2346  2472  2468        0
	  2468 34077 31577  2467  2599  2595  2466        0
	  2469 31610 31611  2470  2343  2464  2471        0
	  2470 31661 31611  2475  2349  2469  2471        0
	  2471 34111 31611  2470  2469  2465  2602        0
	  2472 31627 31626  2473  2346  2467  2474        0
	  2473 31676 31626  2472  2352  2477  2474        0
	  2474 34126 31626  2473  2605  2600  2472        0
	  2475 31661 31662  2480  2349  2470  2476        0
	  2476 34162 31662  2482  2475  2603  2608        0
	  2477 31676 31675  2478  2352  2473  2479        0
	  2478 31725 31675  2477  2357  2483  2479        0
	  2479 34175 31675  2478  2611  2606  2477        0
	  2480 31711 31712  2481  2353  2475  2482        0
	  2481 31762 31712  2486  2360  2480  2482        0
	  2482 34212 31712  2481  2480  2476  2614        0
	  2483 31725 31724  2484  2357  2478  2485        0
	  2484 31774 31724  2483  2354  2490  2485        0
	  2485 34224 31724  2484  2621  2612  2483        0
	  2486 31762 31763  2493  2360  2481  2487        0
	  2487 34263 31763  2495  2486  2615  2624        0
	  2488 31822 31772  2491  2367  2500  2489        0
	  2489 34272 31772  2488  2633  2619  2492        0
	  2490 31774 31773  2491  2361  2484  2492        0
	  2491 31823 31773  2490  2362  2488  2492        0
	  2492 34273 31773  2491  2489  2622  2490        0
	  2493 31812 31813  2494  2363  2486  2495        0
	  2494 31863 31813  2503  2370  2493  2495        0
	  2495 34313 31813  2494  2493  2487  2496        0
	  2496 34314 31814  2505  2495  2625  2636        0
	  2497 31869 31819  2498  2373  2512  2646        0
	  2498 31870 31820  2501  2376  2497  2499        0
	  2499 34320 31820  2498  2645  2631  2502        0
	  2500 31822 31821  2501  2367  2488  2502        0
	  2501 31871 31821  2500  2364  2498  2502        0
	  2502 34321 31821  2501  2499  2634  2500        0
	  2503 31863 31864  2504  2370  2494  2505        0
	  2504 31914 31864  2506  2379  2503  2505        0
	  2505 34364 31864  2504  2503  2496  2507        0
	  2506 31915 31865  2508  2381  2504  2507        0
	  2507 34365 31865  2506  2505  2637  2509        0
	  2508 31916 31866  2510  2383  2506  2509        0
	  2509 34366 31866  2508  2507  2639  2511        0
	  2510 31917 31867  2513  2386  2508  2511        0
	  2511 34367 31867  2510  2509  2641  2514        0
	  2512 31869 31868  2513  2373  2497  2514        0
	  2513 31918 31868  2512  2371  2510  2514        0
	  2514 34368 31868  2513  2511  2643  2512        0
	  2515 33364 33414  2516  2394  2522  2524        0
	  2516 33365 33415  2517  2395  2515  2525        0
	  2517 33366 33416  2518  2396  2516  2526        0
	  2518 33367 33417  2519  2397  2517  2527        0
	  2519 33368 33418  2520  2399  2518  2528        0
	  2520 33369 33419  2521  2400  2519  2529        0
	  2521 33370 33420  2530  2401  2520  2531        0
	  2522 33413 33414  2523  2406  2515  2524        0
	  2523 33413 33463  2522  2406  2534  2535        0
	  2524 35914 33414  2536  2522  2515  2525        0
	  2525 35915 33415  2537  2524  2516  2526        0
	  2526 35916 33416  2648  2525  2517  2527        0
	  2527 35917 33417  2649  2526  2518  2528        0
	  2528 35918 33418  2650  2527  2519  2529        0
	  2529 35919 33419  2651  2528  2520  2531        0
	  2530 33421 33420  2532  2407  2521  2531        0
	  2531 35920 33420  2652  2529  2521  2530        0
	  2532 33421 33471  2533  2407  2530  2538        0
	  2533 33422 33472  2539  2409  2532  2540        0
	  2534 33462 33463  2543  2413  2523  2535        0
	  2535 35963 33463  2545  2534  2523  2536        0
	  2536 35964 33464  2653  2535  2524  2537        0
	  2537 35965 33465  2655  2536  2525  2654        0
	  2538 35971 33471  2662  2660  2532  2540        0
	  2539 33473 33472  2541  2414  2533  2540        0
	  2540 35972 33472  2663  2538  2533  2539        0
	  2541 33473 33523  2542  2414  2539  2546        0
	  2542 33474 33524  2547  2416  2541  2548        0
	  2543 33512 33513  2544  2419  2534  2545        0
	  2544 33512 33562  2543  2419  2550  2551        0
	  2545 36013 33513  2665  2543  2535  2664        0
	  2546 36023 33523  2676  2674  2541  2548        0
	  2547 33525 33524  2549  2421  2542  2548        0
	  2548 36024 33524  2677  2546  2542  2547        0
	  2549 33525 33575  2552  2421  2547  2553        0
	  2550 33561 33562  2555  2423  2544  2551        0
	  2551 36062 33562  2557  2550  2544  2678        0
	  2552 33576 33575  2554  2426  2549  2553        0
	  2553 36075 33575  2683  2681  2549  2552        0
	  2554 33576 33626  2558  2426  2552  2559        0
	  2555 33611 33612  2556  2429  2550  2557        0
	  2556 33611 33661  2555  2429  2560  2561        0
	  2557 36112 33612  2685  2555  2551  2684        0
	  2558 33627 33626  2562  2431  2554  2559        0
	  2559 36126 33626  2563  2688  2554  2558        0
	  2560 33660 33661  2565  2432  2556  2561        0
	  2561 36161 33661  2566  2560  2556  2690        0
	  2562 33677 33676  2564  2435  2558  2563        0
	  2563 36176 33676  2695  2693  2559  2562        0
	  2564 33677 33727  2567  2435  2562  2568        0
	  2565 33710 33711  2569  2438  2560  2566        0
	  2566 36211 33711  2570  2565  2561  2696        0
	  2567 33728 33727  2571  2440  2564  2568        0
	  2568 36227 33727  2572  2699  2564  2567        0
	  2569 33760 33761  2573  2442  2565  2570        0
	  2570 36261 33761  2574  2569  2566  2701        0
	  2571 33778 33777  2575  2444  2567  2572        0
	  2572 36277 33777  2576  2704  2568  2571        0
	  2573 33810 33811  2577  2446  2569  2574        0
	  2574 36311 33811  2578  2573  2570  2706        0
	  2575 33828 33827  2579  2448  2571  2576        0
	  2576 36327 33827  2580  2708  2572  2575        0
	  2577 33860 33861  2581  2450  2573  2578        0
	  2578 36361 33861  2582  2577  2574  2710        0
	  2579 33878 33877  2583  2452  2575  2580        0
	  2580 36377 33877  2584    -1  2576  2579        0
	  2581 33910 33911  2585  2455  2577  2582        0
	  2582 36411 33911  2586  2581  2578  2714        0
	  2583 33928 33927  2587  2457  2579  2584        0
	  2584 36427 33927  2588  2716  2580  2583        0
	  2585 33960 33961  2589  2458  2581  2586        0
	  2586 36461 33961  2591  2585  2582  2718        0
	  2587 33978 33977  2594  2461  2583  2588        0
	  2588 36477 33977  2596  2721  2584  2587        0
	  2589 34010 34011  2590  2462  2585  2591        0
	  2590 34061 34011  2597  2465  2589  2591        0
	  2591 36511 34011  2590  2589  2586  2592        0
	  2592 36512 34012  2598  2591  2719  2724        0
	  2593 36526 34026  2601  2725  2722  2596        0
	  2594 34028 34027  2595  2463  2587  2596        0
	  2595 34077 34027  2594  2468  2599  2596        0
	  2596 36527 34027  2595  2593  2588  2594        0
	  2597 34061 34062  2602  2465  2590  2598        0
	  2598 36562 34062  2604  2597  2592  2727        0
	  2599 34077 34076  2600  2468  2595  2601        0
	  2600 34126 34076  2599  2474  2605  2601        0
	  2601 36576 34076  2600  2730  2593  2599        0
	  2602 34111 34112  2603  2471  2597  2604        0
	  2603 34162 34112  2608  2476  2602  2604        0
	  2604 36612 34112  2603  2602  2598  2733        0
	  2605 34126 34125  2606  2474  2600  2607        0
	  2606 34175 34125  2605  2479  2611  2607        0
	  2607 36625 34125  2606  2739  2731  2605        0
	  2608 34162 34163  2614  2476  2603  2609        0
	  2609 36663 34163  2616  2608  2734  2742        0
	  2610 36673 34173  2623  2749  2737  2613        0
	  2611 34175 34174  2612  2479  2606  2613        0
	  2612 34224 34174  2611  2485  2621  2613        0
	  2613 36674 34174  2612  2610  2740  2611        0
	  2614 34212 34213  2615  2482  2608  2616        0
	  2615 34263 34213  2624  2487  2614  2616        0
	  2616 36713 34213  2615  2614  2609  2617        0
	  2617 36714 34214  2626  2616  2743  2752        0
	  2618 36721 34221  2635  2762    -1  2620        0
	  2619 34272 34222  2622  2489  2633  2620        0
	  2620 36722 34222  2619  2618  2750  2623        0
	  2621 34224 34223  2622  2485  2612  2623        0
	  2622 34273 34223  2621  2492  2619  2623        0
	  2623 36723 34223  2622  2620  2610  2621        0
	  2624 34263 34264  2625  2487  2615  2626        0
	  2625 34314 34264  2636  2496  2624  2626        0
	  2626 36764 34264  2625  2624  2617  2627        0
	  2627 36765 34265  2638  2626  2753  2765        0
	  2628 36767 34267  2642  2766  2756  2629        0
	  2629 36768 34268  2644  2628    -1  2630        0
	  2630 36769 34269  2647  2629  2760  2632        0
	  2631 34320 34270  2634  2499  2645  2632        0
	  2632 36770 34270  2631  2630  2763  2635        0
	  2633 34272 34271  2634  2489  2619  2635        0
	  2634 34321 34271  2633  2502  2631  2635        0
	  2635 36771 34271  2634  2632  2618  2633        0
	  2636 34314 34315  2637  2496  2625  2638        0
	  2637 34365 34315  2639  2507  2636  2638        0
	  2638 36815 34315  2637  2636  2627  2640        0
	  2639 34366 34316  2641  2509  2637  2640        0
	  2640 36816 34316  2639  2638  2767  2642        0
	  2641 34367 34317  2643  2511  2639  2642        0
	  2642 36817 34317  2641  2640  2628  2644        0
	  2643 34368 34318  2646  2514  2641  2644        0
	  2644 36818 34318  2643  2642  2629  2647        0
	  2645 34320 34319  2646  2499  2631  2647        0
	  2646 34369 34319  2645  2497  2643  2647        0
	  2647 36819 34319  2646  2644  2630  2645        0
	  2648 35916 35966  2649  2526  2654  2656        0
	  2649 35917 35967  2650  2527  2648  2657        0
	  2650 35918 35968  2651  2528  2649  2658        0
	  2651 35919 35969  2652  2529  2650  2659        0
	  2652 35920 35970  2660  2531  2651  2661        0
	  2653 35964 36014  2655  2536  2664  2666        0
	  2654 35965 35966  2655  2537  2648  2656        0
	  2655 35965 36015  2654  2537  2653  2667        0
	  2656 38466 35966  2668  2654  2648  2657        0
	  2657 38467 35967  2669  2656  2649  2658        0
	  2658 38468 35968  2670  2657  2650  2659        0
	  2659 38469 35969  2671  2658  2651  2661        0
	  2660 35971 35970  2662  2538  2652  2661        0
	  2661 38470 35970  2672  2659  2652  2660        0
	  2662 35971 36021  2663  2538  2660  2673        0
	  2663 35972 36022  2674  2540  2662  2675        0
	  2664 36013 36014  2665  2545  2653  2666        0
	  2665 36013 36063  2664  2545  2678  2679        0
	  2666 38514 36014  2769  2664  2653  2667        0
	  2667 38515 36015  2770  2666  2655  2668        0
	  2668 38516 36016  2771  2667  2656  2669        0
	  2669 38517 36017  2772  2668  2657  2670        0
	  2670 38518 36018  2773  2669  2658  2671        0
	  2671 38519 36019  2774  2670  2659  2672        0
	  2672 38520 36020  2775  2671  2661  2673        0
	  2673 38521 36021  2776  2672  2662  2675        0
	  2674 36023 36022  2676  2546  2663  2675        0
	  2675 38522 36022  2777  2673  2663  2674        0
	  2676 36023 36073  2677  2546  2674  2680        0
	  2677 36024 36074  2681  2548  2676  2682        0
	  2678 36062 36063  2684  2551  2665  2679        0
	  2679 38563 36063  2686  2678  2665  2778        0
	  2680 38573 36073  2789  2787  2676  2682        0
	  2681 36075 36074  2683  2553  2677  2682        0
	  2682 38574 36074  2687  2680  2677  2681        0
	  2683 36075 36125  2688  2553  2681  2689        0
	  2684 36112 36113  2685  2557  2678  2686        0
	  2685 36112 36162  2684  2557  2690  2691        0
	  2686 38613 36113  2791  2684  2679  2790        0
	  2687 38624 36124  2692  2800  2682  2689        0
	  2688 36126 36125  2693  2559  2683  2689        0
	  2689 38625 36125  2694  2687  2683  2688        0
	  2690 36161 36162  2696  2561  2685  2691        0
	  2691 38662 36162  2697  2690  2685  2802        0
	  2692 38674 36174  2809    -1  2687  2694        0
	  2693 36176 36175  2695  2563  2688  2694        0
	  2694 38675 36175  2698  2692  2689  2693        0
	  2695 36176 36226  2699  2563  2693  2700        0
	  2696 36211 36212  2701  2566  2690  2697        0
	  2697 38712 36212  2702  2696  2691  2810        0
	  2698 38725 36225  2703  2815  2694  2700        0
	  2699 36227 36226  2704  2568  2695  2700        0
	  2700 38726 36226  2705  2698  2695  2699        0
	  2701 36261 36262  2706  2570  2696  2702        0
	  2702 38762 36262  2707  2701  2697  2817        0
	  2703 38775 36275  2822    -1  2698  2705        0
	  2704 36277 36276  2708  2572  2699  2705        0
	  2705 38776 36276  2709  2703  2700  2704        0
	  2706 36311 36312  2710  2574  2701  2707        0
	  2707 38812 36312  2711  2706  2702  2823        0
	  2708 36327 36326  2712  2576  2704  2709        0
	  2709 38826 36326  2713  2827  2705  2708        0
	  2710 36361 36362  2714  2578  2706  2711        0
	  2711 38862 36362  2715  2710  2707  2829        0
	  2712 36377 36376  2716    -1  2708  2713        0
	  2713 38876 36376  2717  2833  2709  2712        0
	  2714 36411 36412  2718  2582  2710  2715        0
	  2715 38912 36412  2720  2714  2711  2835        0
	  2716 36427 36426  2721  2584  2712  2717        0
	  2717 38926 36426  2723  2839  2713  2716        0
	  2718 36461 36462  2719  2586  2714  2720        0
	  2719 36512 36462  2724  2592  2718  2720        0
	  2720 38962 36462  2719  2718  2715  2841        0
	  2721 36477 36476  2722  2588  2716  2723        0
	  2722 36526 36476  2721  2593  2725  2723        0
	  2723 38976 36476  2722  2847  2717  2721        0
	  2724 36512 36513  2727  2592  2719  2850        0
	  2725 36526 36525  2730  2593  2722  2726        0
	  2726 39025 36525  2732  2856  2848  2725        0
	  2727 36562 36563  2733  2598  2724  2728        0
	  2728 39063 36563  2735  2727  2851  2859        0
	  2729 39074 36574  2741  2867  2857  2732        0
	  2730 36576 36575  2731  2601  2725  2732        0
	  2731 36625 36575  2730  2607  2739  2732        0
	  2732 39075 36575  2731  2729  2726  2730        0
	  2733 36612 36613  2734  2604  2727  2735        0
	  2734 36663 36613  2742  2609  2733  2735        0
	  2735 39113 36613  2734  2733  2728  2736        0
	  2736 39114 36614  2744  2735  2860  2870        0
	  2737 36673 36623  2740  2610  2749  2738        0
	  2738 39123 36623  2737  2881  2868  2741        0
	  2739 36625 36624  2740  2607  2731  2741        0
	  2740 36674 36624  2739  2613  2737  2741        0
	  2741 39124 36624  2740  2738  2729  2739        0
	  2742 36663 36664  2743  2609  2734  2744        0
	  2743 36714 36664  2752  2617  2742  2744        0
	  2744 39164 36664  2743  2742  2736  2745        0
	  2745 39165 36665  2754  2744  2871  2884        0
	  2746 39170 36670  2764  2891    -1  2748        0
	  2747 36721 36671  2750    -1  2762  2748        0
	  2748 39171 36671  2747  2746  2879  2751        0
	  2749 36673 36672  2750  2610  2737  2751        0
	  2750 36722 36672  2749  2620  2747  2751        0
	  2751 39172 36672  2750  2748  2882  2749        0
	  2752 36714 36715  2753  2617  2743  2754        0
	  2753 36765 36715  2765  2627  2752  2754        0
	  2754 39215 36715  2753  2752  2745  2755        0
	  2755 39216 36716  2768  2754  2885  2757        0
	  2756 36767 36717  2758  2628  2766  2757        0
	  2757 39217 36717  2756  2755  2887  2759        0
	  2758 36768 36718  2760    -1  2756  2759        0
	  2759 39218 36718  2758  2757  2889  2761        0
	  2760 36769 36719  2763  2630  2758  2761        0
	  2761 39219 36719  2760  2759  2892  2764        0
	  2762 36721 36720  2763  2618  2747  2764        0
	  2763 36770 36720  2762  2632  2760  2764        0
	  2764 39220 36720  2763  2761  2746  2762        0
	  2765 36765 36766  2767  2627  2753  2768        0
	  2766 36767 36766  2767  2628  2756  2768        0
	  2767 36816 36766  2766  2640  2765  2768        0
	  2768 39266 36766  2767  2765  2755  2766        0
	  2769 38514 38564  2770  2666  2778  2779        0
	  2770 38515 38565  2771  2667  2769  2780        0
	  2771 38516 38566  2772  2668  2770  2781        0
	  2772 38517 38567  2773  2669  2771  2782        0
	  2773 38518 38568  2774  2670  2772  2783        0
	  2774 38519 38569  2775  2671  2773  2784        0
	  2775 38520 38570  2776  2672  2774  2785        0
	  2776 38521 38571  2777  2673  2775  2786        0
	  2777 38522 38572  2787  2675  2776  2788        0
	  2778 38563 38564  2790  2679  2769  2779        0
	  2779 41064 38564  2792  2778  2769  2780        0
	  2780 41065 38565  2793  2779  2770  2781        0
	  2781 41066 38566  2794  2780  2771  2782        0
	  2782 41067 38567  2795  2781  2772  2783        0
	  2783 41068 38568  2796  2782  2773  2784        0
	  2784 41069 38569  2894  2783  2774  2785        0
	  2785 41070 38570  2797  2784  2775  2786        0
	  2786 41071 38571  2798  2785  2776  2788        0
	  2787 38573 38572  2789  2680  2777  2788        0
	  2788 41072 38572  2799  2786  2777  2787        0
	  2789 38573 38623  2800  2680  2787  2801        0
	  2790 38613 38614  2791  2686  2778  2792        0
	  2791 38613 38663  2790  2686  2802  2803        0
	  2792 41114 38614  2804  2790  2779  2793        0
	  2793 41115 38615  2805  2792  2780  2794        0
	  2794 41116 38616  2895  2793  2781  2795        0
	  2795 41117 38617  2896  2794  2782  2796        0
	  2796 41118 38618  2898  2795  2783  2897        0
	  2797 41120 38620  2901  2899  2785  2798        0
	  2798 41121 38621  2902  2797  2786  2799        0
	  2799 41122 38622  2806  2798  2788  2801        0
	  2800 38624 38623  2807  2687  2789  2801        0
	  2801 41123 38623  2808  2799  2789  2800        0
	  2802 38662 38663  2810  2691  2791  2803        0
	  2803 41163 38663  2811  2802  2791  2804        0
	  2804 41164 38664  2812  2803  2792  2805        0
	  2805 41165 38665  2904  2804  2793  2903        0
	  2806 41172 38672  2813  2910  2799  2808        0
	  2807 38674 38673  2809    -1  2800  2808        0
	  2808 41173 38673  2814  2806  2801  2807        0
	  2809 38674 38724  2815  2692  2807  2816        0
	  2810 38712 38713  2817  2697  2802  2811        0
	  2811 41213 38713  2818  2810  2803  2812        0
	  2812 41214 38714  2913  2811  2804  2912        0
	  2813 41222 38722  2922  2920  2806  2814        0
	  2814 41223 38723  2819  2813  2808  2816        0
	  2815 38725 38724  2820  2698  2809  2816        0
	  2816 41224 38724  2821  2814  2809  2815        0
	  2817 38762 38763  2823  2702  2810  2818        0
	  2818 41263 38763  2824  2817  2811  2923        0
	  2819 41273 38773  2825  2932  2814  2821        0
	  2820 38775 38774  2822    -1  2815  2821        0
	  2821 41274 38774  2826  2819  2816  2820        0
	  2822 38775 38825  2827  2703  2820  2828        0
	  2823 38812 38813  2829  2707  2817  2824        0
	  2824 41313 38813  2830  2823  2818  2934        0
	  2825 41323 38823  2831  2943  2819  2826        0
	  2826 41324 38824  2832  2825  2821  2828        0
	  2827 38826 38825  2833  2709  2822  2828        0
	  2828 41325 38825  2834  2826  2822  2827        0
	  2829 38862 38863  2835  2711  2823  2830        0
	  2830 41363 38863  2836  2829  2824  2945        0
	  2831 41373 38873  2837  2954  2825  2832        0
	  2832 41374 38874  2838  2831  2826  2834        0
	  2833 38876 38875  2839  2713  2827  2834        0
	  2834 41375 38875  2840  2832  2828  2833        0
	  2835 38912 38913  2841  2715  2829  2836        0
	  2836 41413 38913  2842  2835  2830  2956        0
	  2837 41423 38923  2845  2966  2831  2838        0
	  2838 41424 38924  2846  2837  2832  2840        0
	  2839 38926 38925  2847  2717  2833  2840        0
	  2840 41425 38925  2849  2838  2834  2839        0
	  2841 38962 38963  2850  2720  2835  2842        0
	  2842 41463 38963  2852  2841  2836  2843        0
	  2843 41464 38964  2853  2842  2957  2969        0
	  2844 41472 38972  2979  2977  2967  2845        0
	  2845 41473 38973  2855  2844  2837  2846        0
	  2846 41474 38974  2858  2845  2838  2849        0
	  2847 38976 38975  2848  2723  2839  2849        0
	  2848 39025 38975  2847  2726  2856  2849        0
	  2849 41475 38975  2848  2846  2840  2847        0
	  2850 39012 39013  2851  2724  2841  2852        0
	  2851 39063 39013  2859  2728  2850  2852        0
	  2852 41513 39013  2851  2850  2842  2853        0
	  2853 41514 39014  2861  2852  2843  2854        0
	  2854 41515 39015  2862  2853  2970  2980        0
	  2855 41523 39023  2869  2990  2845  2858        0
	  2856 39025 39024  2857  2726  2848  2858        0
	  2857 39074 39024  2856  2729  2867  2858        0
	  2858 41524 39024  2857  2855  2846  2856        0
	  2859 39063 39064  2860  2728  2851  2861        0
	  2860 39114 39064  2870  2736  2859  2861        0
	  2861 41564 39064  2860  2859  2853  2862        0
	  2862 41565 39065  2872  2861  2854  2863        0
	  2863 41566 39066  2873  2862  2981  2993        0
	  2864 41570 39070  2878  2998  2986  2865        0
	  2865 41571 39071  2880  2864  2988  2866        0
	  2866 41572 39072  2883  2865  2991  2869        0
	  2867 39074 39073  2868  2729  2857  2869        0
	  2868 39123 39073  2867  2738  2881  2869        0
	  2869 41573 39073  2868  2866  2855  2867        0
	  2870 39114 39115  2871  2736  2860  2872        0
	  2871 39165 39115  2884  2745  2870  2872        0
	  2872 41615 39115  2871  2870  2862  2873        0
	  2873 41616 39116  2886  2872  2863  2874        0
	  2874 41617 39117  2888  2873  2994  2875        0
	  2875 41618 39118  2890  2874  2996  2876        0
	  2876 41619 39119  2893  2875  2999  2878        0
	  2877 39170 39120  2879    -1  2891  2878        0
	  2878 41620 39120  2877  2876  2864  2880        0
	  2879 39171 39121  2882  2748  2877  2880        0
	  2880 41621 39121  2879  2878  2865  2883        0
	  2881 39123 39122  2882  2738  2868  2883        0
	  2882 39172 39122  2881  2751  2879  2883        0
	  2883 41622 39122  2882  2880  2866  2881        0
	  2884 39165 39166  2885  2745  2871  2886        0
	  2885 39216 39166  2887  2755  2884  2886        0
	  2886 41666 39166  2885  2884  2873  2888        0
	  2887 39217 39167  2889  2757  2885  2888        0
	  2888 41667 39167  2887  2886  2874  2890        0
	  2889 39218 39168  2892  2759  2887  2890        0
	  2890 41668 39168  2889  2888  2875  2893        0
	  2891 39170 39169  2892  2746  2877  2893        0
	  2892 39219 39169  2891  2761  2889  2893        0
	  2893 41669 39169  2892  2890  2876  2891        0
	  2894 41069 41119  2899  2784  2897  2900        0
	  2895 41116 41166  2896  2794  2903  2905        0
	  2896 41117 41167  2898  2795  2895  2906        0
	  2897 41118 41119  2898  2796  2894  2900        0
	  2898 41118 41168  2897  2796  2896  2907        0
	  2899 41120 41119  2901  2797  2894  2900        0
	  2900 43619 41119  2908  2897  2894  2899        0
	  2901 41120 41170  2902  2797  2899  2909        0
	  2902 41121 41171  2910  2798  2901  2911        0
	  2903 41165 41166  2904  2805  2895  2905        0
	  2904 41165 41215  2903  2805  2912  2914        0
	  2905 43666 41166  2915  2903  2895  2906        0
	  2906 43667 41167  2916  2905  2896  2907        0
	  2907 43668 41168  2917  2906  2898  2908        0
	  2908 43669 41169  2918  2907  2900  2909        0
	  2909 43670 41170  2919  2908  2901  2911        0
	  2910 41172 41171  2920  2806  2902  2911        0
	  2911 43671 41171  2921  2909  2902  2910        0
	  2912 41214 41215  2913  2812  2904  2914        0
	  2913 41214 41264  2912  2812  2923  2924        0
	  2914 43715 41215  2925  2912  2904  2915        0
	  2915 43716 41216  2926  2914  2905  2916        0
	  2916 43717 41217  2927  2915  2906  2917        0
	  2917 43718 41218  2928  2916  2907  2918        0
	  2918 43719 41219  2929  2917  2908  2919        0
	  2919 43720 41220  2930  2918  2909  2921        0
	  2920 41222 41221  2922  2813  2910  2921        0
	  2921 43721 41221  2931  2919  2911  2920        0
	  2922 41222 41272  2932  2813  2920  2933        0
	  2923 41263 41264  2934  2818  2913  2924        0
	  2924 43764 41264  2935  2923  2913  2925        0
	  2925 43765 41265  2936  2924  2914  2926        0
	  2926 43766 41266  2937  2925  2915  2927        0
	  2927 43767 41267  2938  2926  2916  2928        0
	  2928 43768 41268  2939  2927  2917  2929        0
	  2929 43769 41269  2940  2928  2918  2930        0
	  2930 43770 41270  2941  2929  2919  2931        0
	  2931 43771 41271  2942  2930  2921  2933        0
	  2932 41273 41272  2943  2819  2922  2933        0
	  2933 43772 41272  2944  2931  2922  2932        0
	  2934 41313 41314  2945  2824  2923  2935        0
	  2935 43814 41314  2946  2934  2924  2936        0
	  2936 43815 41315  2947  2935  2925  2937        0
	  2937 43816 41316  2948  2936  2926  2938        0
	  2938 43817 41317  2949  2937  2927  2939        0
	  2939 43818 41318  2950  2938  2928  2940        0
	  2940 43819 41319  2951  2939  2929  2941        0
	  2941 43820 41320  2952  2940  2930  2942        0
	  2942 43821 41321  2953  2941  2931  2944        0
	  2943 41323 41322  2954  2825  2932  2944        0
	  2944 43822 41322  2955  2942  2933  2943        0
	  2945 41363 41364  2956  2830  2934  2946        0
	  2946 43864 41364  2958  2945  2935  2947        0
	  2947 43865 41365  2959  2946  2936  2948        0
	  2948 43866 41366  2960  2947  2937  2949        0
	  2949 43867 41367  2961  2948  2938  2950        0
	  2950 43868 41368  2962  2949  2939  2951        0
	  2951 43869 41369  2963  2950  2940  2952        0
	  2952 43870 41370  2964  2951  2941  2953        0
	  2953 43871 41371  2965  2952  2942  2955        0
	  2954 41373 41372  2966  2831  2943  2955        0
	  2955 43872 41372  2968  2953  2944  2954        0
	  2956 41413 41414  2957  2836  2945  2958        0
	  2957 41464 41414  2969  2843  2956  2958        0
	  2958 43914 41414  2957  2956  2946  2959        0
	  2959 43915 41415  2971  2958  2947  2960        0
	  2960 43916 41416  2972  2959  2948  2961        0
	  2961 43917 41417  2973  2960  2949  2962        0
	  2962 43918 41418  2974  2961  2950  2963        0
	  2963 43919 41419  2975  2962  2951  2964        0
	  2964 43920 41420  2976  2963  2952  2965        0
	  2965 43921 41421  2978  2964  2953  2968        0
	  2966 41423 41422  2967  2837  2954  2968        0
	  2967 41472 41422  2966  2844  2977  2968        0
	  2968 43922 41422  2967  2965  2955  2966        0
	  2969 41464 41465  2970  2843  2957  2971        0
	  2970 41515 41465  2980  2854  2969  2971        0
	  2971 43965 41465  2970  2969  2959  2972        0
	  2972 43966 41466  2982  2971  2960  2973        0
	  2973 43967 41467  2983  2972  2961  2974        0
	  2974 43968 41468  2984  2973  2962  2975        0
	  2975 43969 41469  2985  2974  2963  2976        0
	  2976 43970 41470  2987  2975  2964  2978        0
	  2977 41472 41471  2979  2844  2967  2978        0
	  2978 43971 41471  2989  2976  2965  2977        0
	  2979 41472 41522  2990  2844  2977  2992        0
	  2980 41515 41516  2981  2854  2970  2982        0
	  2981 41566 41516  2993  2863  2980  2982        0
	  2982 44016 41516  2981  2980  2972  2983        0
	  2983 44017 41517  2995  2982  2973  2984        0
	  2984 44018 41518  2997  2983  2974  2985        0
	  2985 44019 41519  3000  2984  2975  2987        0
	  2986 41570 41520  2988  2864  2998  2987        0
	  2987 44020 41520  2986  2985  2976  2989        0
	  2988 41571 41521  2991  2865  2986  2989        0
	  2989 44021 41521  2988  2987  2978  2992        0
	  2990 41523 41522  2991  2855  2979  2992        0
	  2991 41572 41522  2990  2866  2988  2992        0
	  2992 44022 41522  2991  2989  2979  2990        0
	  2993 41566 41567  2994  2863  2981  2995        0
	  2994 41617 41567  2996  2874  2993  2995        0
	  2995 44067 41567  2994  2993  2983  2997        0
	  2996 41618 41568  2999  2875  2994  2997        0
	  2997 44068 41568  2996  2995  2984  3000        0
	  2998 41570 41569  2999  2864  2986  3000        0
	  2999 41619 41569  2998  2876  2996  3000        0
	  3000 44069 41569  2999  2997  2985  2998        0
	  3001 2890 5390  3005  3003  3002  3004        1
	  3002 5340 5390  3004  3001  3003  3006        1
	  3003 5389 5390  3005  3001  3002  3006        1
	  3004 5391 5390  3005  3001  3002  3006        1
	  3005 5440 5390  3004  3001  3003  3006        1
	  3006 7890 5390  3005  3003  3002  3004        1
	  3007 2939 5439  3011  3009  3008  3010        2
	  3008 5389 5439  3010  3007  3009  3012        2
	  3009 5438 5439  3011  3007  3008  3012        2
	  3010 5440 5439  3011  3007  3008  3012        2
	  3011 5489 5439  3010  3007  3009  3012        2
	  3012 7939 5439  3011  3009  3008  3010        2
	  3013 2987 5487  3015  3018  3016  3014        3
	  3014 2988 5488  3021  3013  3017  3020        3
	  3015 3037 5537  3025  3023  3013  3024        3
	  3016 5437 5487  3017  3013  3018  3019        3
	  3017 5438 5488  3020  3014  3016  3022        3
	  3018 5486 5487  3023  3013  3016  3019        3
	  3019 7987 5487  3026  3018  3016  3022        3
	  3020 5489 5488  3021  3014  3017  3022        3
	  3021 5538 5488  3020  3014  3024  3022        3
	  3022 7988 5488  3021  3019  3017  3020        3
	  3023 5536 5537  3025  3015  3018  3026        3
	  3024 5538 5537  3025  3015  3021  3026        3
	  3025 5587 5537  3024  3015  3023  3026        3
	  3026 8037 5537  3025  3023  3019  3024        3
	  3027 6275 8775  3030  3055  3050  3028        4
	  3028 6276 8776  3031  3027  3052  3058        4
	  3029 6324 8824  3033  3062  3056  3030        4
	  3030 6325 8825  3034  3029  3027  3031        4
	  3031 6326 8826  3035  3030  3028  3032        4
	  3032 6327 8827  3036  3031  3059  3064        4
	  3033 6374 8874  3039  3067  3029  3034        4
	  3034 6375 8875  3040  3033  3030  3035        4
	  3035 6376 8876  3041  3034  3031  3036        4
	  3036 6377 8877  3042  3035  3032  3037        4
	  3037 6378 8878  3071  3036  3065    -1        4
	  3038 6423 8923  3073  3072  3068  3039        4
	  3039 6424 8924  3043  3038  3033  3040        4
	  3040 6425 8925  3044  3039  3034  3041        4
	  3041 6426 8926  3045  3040  3035  3042        4
	  3042 6427 8927  3046  3041  3036  3074        4
	  3043 6474 8974  3047  3075  3039  3044        4
	  3044 6475 8975  3048  3043  3040  3045        4
	  3045 6476 8976  3049  3044  3041  3046        4
	  3046 6477 8977  3078  3045  3042  3077        4
	  3047 6524 9024  3081  3079  3043  3048        4
	  3048 6525 9025  3082  3047  3044  3049        4
	  3049 6526 9026  3084  3048  3045  3083        4
	  3050 8725 8775  3052  3027  3055  3051        4
	  3051 8725 11225  3050  3097  3091  3053        4
	  3052 8726 8776  3058  3028  3050  3053        4
	  3053 8726 11226  3052  3051  3093  3054        4
	  3054 8727 11227  3060  3053  3095  3100        4
	  3055 8774 8775  3056  3027  3050  3057        4
	  3056 8774 8824  3055  3029  3062  3057        4
	  3057 8774 11274  3056  3103  3098  3055        4
	  3058 8777 8776  3059  3028  3052  3060        4
	  3059 8777 8827  3064  3032  3058  3060        4
	  3060 8777 11277  3059  3058  3054  3061        4
	  3061 8778 11278  3066  3060  3101  3106        4
	  3062 8823 8824  3067  3029  3056  3063        4
	  3063 8823 11323  3069  3107  3104  3062        4
	  3064 8828 8827  3065  3032  3059  3066        4
	  3065 8828 8878  3070  3037  3064  3066        4
	  3066 8828 11328  3065  3064  3061  3108        4
	  3067 8873 8874  3068  3033  3062  3069        4
	  3068 8873 8923  3067  3038  3072  3069        4
	  3069 8873 11373  3068  3109  3063  3067        4
	  3070 8879 8878  3071    -1  3065  3111        4
	  3071 8928 8878  3070  3037  3074  3112        4
	  3072 8922 8923  3073  3038  3068  3113        4
	  3073 8973 8923  3075  3038  3072  3076        4
	  3074 8928 8927  3077  3042  3071  3115        4
	  3075 8973 8974  3079  3043  3073  3076        4
	  3076 8973 11473  3080  3117  3073  3075        4
	  3077 8978 8977  3078  3046  3074  3119        4
	  3078 9027 8977  3077  3046  3083  3085        4
	  3079 9023 9024  3081  3047  3075  3080        4
	  3080 9023 11523  3086  3121  3076  3079        4
	  3081 9074 9024  3082  3047  3079  3087        4
	  3082 9075 9025  3084  3048  3081  3088        4
	  3083 9027 9026  3084  3049  3078  3085        4
	  3084 9076 9026  3083  3049  3082  3089        4
	  3085 9027 11527  3124  3083  3078  3123        4
	  3086 9073 11573  3127  3125  3080  3087        4
	  3087 9074 11574  3090  3086  3081  3088        4
	  3088 9075 11575  3128  3087  3082  3089        4
	  3089 9076 11576  3130  3088  3084  3129        4
	  3090 9124 11624  3136  3133  3087  3135        4
	  3091 11175 11225  3093  3051  3097  3092        4
	  3092 11175 13675  3091  3142  3139  3094        4
	  3093 11176 11226  3095  3053  3091  3094        4
	  3094 11176 13676  3093  3092  3140  3096        4
	  3095 11177 11227  3100  3054  3093  3096        4
	  3096 11177 13677  3095  3094  3141  3145        4
	  3097 11224 11225  3098  3051  3091  3099        4
	  3098 11224 11274  3097  3057  3103  3099        4
	  3099 11224 13724  3098  3147  3143  3097        4
	  3100 11228 11227  3101  3054  3095  3102        4
	  3101 11228 11278  3106  3061  3100  3102        4
	  3102 11228 13728  3101  3100  3146  3150        4
	  3103 11273 11274  3104  3057  3098  3105        4
	  3104 11273 11323  3103  3063  3107  3105        4
	  3105 11273 13773  3104  3151  3148  3103        4
	  3106 11279 11278  3108  3061  3101  3152        4
	  3107 11322 11323  3109  3063  3104  3153        4
	  3108 11329 11328  3111  3066  3106  3155        4
	  3109 11372 11373  3113  3069  3107  3110        4
	  3110 11372 13872  3114  3156  3154  3109        4
	  3111 11379 11378  3112  3070  3108  3158        4
	  3112 11428 11378  3111  3071  3115  3116        4
	  3113 11422 11423  3117  3072  3109  3114        4
	  3114 11422 13922  3118  3159  3110  3113        4
	  3115 11428 11427  3119  3074  3112  3116        4
	  3116 11428 13928  3120  3115  3112  3160        4
	  3117 11472 11473  3121  3076  3113  3118        4
	  3118 11472 13972  3122  3161  3114  3117        4
	  3119 11478 11477  3123  3077  3115  3120        4
	  3120 11478 13978  3163  3119  3116  3162        4
	  3121 11522 11523  3125  3080  3117  3122        4
	  3122 11522 14022  3126  3164  3118  3121        4
	  3123 11528 11527  3124  3085  3119  3165        4
	  3124 11577 11527  3123  3085  3129  3131        4
	  3125 11572 11573  3127  3086  3121  3126        4
	  3126 11572 14072  3132  3167  3122  3125        4
	  3127 11623 11573  3133  3086  3125  3134        4
	  3128 11625 11575  3130  3088  3135  3137        4
	  3129 11577 11576  3130  3089  3124  3131        4
	  3130 11626 11576  3129  3089  3128  3168        4
	  3131 11577 14077  3170  3129  3124  3169        4
	  3132 11622 14122  3174  3172  3126  3134        4
	  3133 11623 11624  3136  3090  3127  3134        4
	  3134 11623 14123  3138  3132  3127  3133        4
	  3135 11625 11624  3136  3090  3128  3137        4
	  3136 11674 11624  3135  3090  3133  3175        4
	  3137 11625 14125  3177  3135  3128  3176        4
	  3138 11673 14173  3181  3178  3134  3180        4
	  3139 13625 13675  3140  3092  3142  3185        4
	  3140 13626 13676  3141  3094  3139  3187        4
	  3141 13627 13677  3145  3096  3140  3189        4
	  3142 13674 13675  3143  3092  3139  3144        4
	  3143 13674 13724  3142  3099  3147  3144        4
	  3144 13674 16174  3143  3190  3184  3142        4
	  3145 13678 13677  3146  3096  3141  3192        4
	  3146 13678 13728  3150  3102  3145  3193        4
	  3147 13723 13724  3148  3099  3143  3149        4
	  3148 13723 13773  3147  3105  3151  3149        4
	  3149 13723 16223  3148  3194  3191  3147        4
	  3150 13729 13728  3152  3102  3146  3195        4
	  3151 13772 13773  3153  3105  3148  3196        4
	  3152 13779 13778  3155  3106  3150  3198        4
	  3153 13822 13823  3154  3107  3151  3199        4
	  3154 13822 13872  3153  3110  3156  3157        4
	  3155 13829 13828  3158  3108  3152  3201        4
	  3156 13871 13872  3159  3110  3154  3157        4
	  3157 16372 13872  3204  3156  3154  3203        4
	  3158 13879 13878  3160  3111  3155  3206        4
	  3159 13921 13922  3161  3114  3156  3207        4
	  3160 13929 13928  3162  3116  3158  3209        4
	  3161 13971 13972  3164  3118  3159  3211        4
	  3162 13979 13978  3163  3120  3160  3213        4
	  3163 14028 13978  3162  3120  3165  3166        4
	  3164 14021 14022  3167  3122  3161  3215        4
	  3165 14028 14027  3169  3123  3163  3166        4
	  3166 14028 16528  3218  3165  3163  3217        4
	  3167 14071 14072  3172  3126  3164  3221        4
	  3168 14126 14076  3170  3130  3176  3224        4
	  3169 14078 14077  3170  3131  3165  3225        4
	  3170 14127 14077  3169  3131  3168  3226        4
	  3171 14120 16620  3229  3227  3219  3173        4
	  3172 14121 14122  3174  3132  3167  3173        4
	  3173 14121 16621  3230  3171  3222  3172        4
	  3174 14172 14122  3178  3132  3172  3179        4
	  3175 14174 14124  3177  3136  3180  3182        4
	  3176 14126 14125  3177  3137  3168  3231        4
	  3177 14175 14125  3176  3137  3175  3232        4
	  3178 14172 14173  3181  3138  3174  3179        4
	  3179 14172 16672  3183  3234  3174  3178        4
	  3180 14174 14173  3181  3138  3175  3182        4
	  3181 14223 14173  3180  3138  3178  3236        4
	  3182 14174 16674  3238  3180  3175  3237        4
	  3183 14222 16722  3242  3239  3179  3241        4
	  3184 16124 16174  3185  3144  3190  3246        4
	  3185 16125 16175  3187  3139  3184  3186        4
	  3186 16125 18625  3185  3245  3243  3188        4
	  3187 16126 16176  3189  3140  3185  3188        4
	  3188 16126 18626  3187  3186  3244  3248        4
	  3189 16127 16177  3192  3141  3187  3249        4
	  3190 16173 16174  3191  3144  3184  3251        4
	  3191 16173 16223  3190  3149  3194  3252        4
	  3192 16178 16177  3193  3145  3189  3254        4
	  3193 16178 16228  3195  3146  3192  3255        4
	  3194 16222 16223  3196  3149  3191  3256        4
	  3195 16229 16228  3198  3150  3193  3259        4
	  3196 16272 16273  3199  3151  3194  3197        4
	  3197 16272 18772  3200  3260  3257  3196        4
	  3198 16279 16278  3201  3152  3195  3261        4
	  3199 16322 16323  3203  3153  3196  3200        4
	  3200 16322 18822  3205  3262  3197  3199        4
	  3201 16329 16328  3206  3155  3198  3265        4
	  3202 16371 18871  3208  3266  3263  3205        4
	  3203 16372 16373  3204  3157  3199  3205        4
	  3204 16372 16422  3203  3157  3207  3205        4
	  3205 16372 18872  3204  3202  3200  3203        4
	  3206 16379 16378  3209  3158  3201  3267        4
	  3207 16421 16422  3211  3159  3204  3208        4
	  3208 16421 18921  3212  3268  3202  3207        4
	  3209 16429 16428  3213  3160  3206  3271        4
	  3210 16470 18970  3214  3272  3269  3212        4
	  3211 16471 16472  3215  3161  3207  3212        4
	  3212 16471 18971  3216  3210  3208  3211        4
	  3213 16479 16478  3217  3162  3209  3273        4
	  3214 16520 19020  3220  3274  3210  3216        4
	  3215 16521 16522  3221  3164  3211  3216        4
	  3216 16521 19021  3223  3214  3212  3215        4
	  3217 16529 16528  3218  3166  3213  3276        4
	  3218 16578 16528  3217  3166  3225  3277        4
	  3219 16570 16620  3222  3171  3227  3220        4
	  3220 16570 19070  3219  3279  3214  3223        4
	  3221 16571 16572  3222  3167  3215  3223        4
	  3222 16571 16621  3221  3173  3219  3223        4
	  3223 16571 19071  3222  3220  3216  3221        4
	  3224 16626 16576  3226  3168  3231  3282        4
	  3225 16578 16577  3226  3169  3218  3283        4
	  3226 16627 16577  3225  3170  3224  3284        4
	  3227 16619 16620  3229  3171  3219  3228        4
	  3228 16619 19119  3288  3286  3280  3227        4
	  3229 16670 16620  3230  3171  3227  3233        4
	  3230 16671 16621  3234  3173  3229  3235        4
	  3231 16626 16625  3232  3176  3224  3289        4
	  3232 16675 16625  3231  3177  3237  3290        4
	  3233 16670 19170  3294  3292  3229  3235        4
	  3234 16671 16672  3239  3179  3230  3235        4
	  3235 16671 19171  3240  3233  3230  3234        4
	  3236 16723 16673  3238  3181  3241  3295        4
	  3237 16675 16674  3238  3182  3232  3296        4
	  3238 16724 16674  3237  3182  3236  3297        4
	  3239 16721 16722  3242  3183  3234  3240        4
	  3240 16721 19221  3301  3299  3235  3239        4
	  3241 16723 16722  3242  3183  3236  3302        4
	  3242 16772 16722  3241  3183  3239  3303        4
	  3243 18575 18625  3244  3186  3245  3305        4
	  3244 18576 18626  3248  3188  3243  3306        4
	  3245 18624 18625  3246  3186  3243  3247        4
	  3246 18624 18674  3245  3184  3251  3247        4
	  3247 18624 21124  3246  3308  3304  3245        4
	  3248 18627 18626  3249  3188  3244  3311        4
	  3249 18627 18677  3254  3189  3248  3312        4
	  3250 18672 21172  3258  3314  3307  3253        4
	  3251 18673 18674  3252  3190  3246  3253        4
	  3252 18673 18723  3251  3191  3256  3253        4
	  3253 18673 21173  3252  3250  3309  3251        4
	  3254 18678 18677  3255  3192  3249  3315        4
	  3255 18678 18728  3259  3193  3254  3316        4
	  3256 18722 18723  3257  3194  3252  3258        4
	  3257 18722 18772  3256  3197  3260  3258        4
	  3258 18722 21222  3257  3317  3250  3256        4
	  3259 18729 18728  3261  3195  3255  3319        4
	  3260 18771 18772  3262  3197  3257  3321        4
	  3261 18779 18778  3265  3198  3259  3324        4
	  3262 18821 18822  3263  3200  3260  3264        4
	  3263 18821 18871  3262  3202  3266  3264        4
	  3264 18821 21321  3263  3325  3322  3262        4
	  3265 18829 18828  3267  3201  3261  3327        4
	  3266 18870 18871  3268  3202  3263  3328        4
	  3267 18879 18878  3271  3206  3265  3331        4
	  3268 18920 18921  3269  3208  3266  3270        4
	  3269 18920 18970  3268  3210  3272  3270        4
	  3270 18920 21420  3269  3332  3329  3268        4
	  3271 18929 18928  3273  3209  3267  3333        4
	  3272 18969 18970  3274  3210  3269  3334        4
	  3273 18979 18978  3276  3213  3271  3337        4
	  3274 19019 19020  3279  3214  3272  3275        4
	  3275 19019 21519  3281  3340  3335  3274        4
	  3276 19029 19028  3277  3217  3273  3278        4
	  3277 19078 19028  3276  3218  3283  3278        4
	  3278 21528 19028  3277  3341  3338  3276        4
	  3279 19069 19070  3280  3220  3274  3281        4
	  3280 19069 19119  3279  3228  3286  3281        4
	  3281 19069 21569  3280  3343  3275  3279        4
	  3282 19126 19076  3284  3224  3289  3347        4
	  3283 19078 19077  3284  3225  3277  3285        4
	  3284 19127 19077  3283  3226  3282  3285        4
	  3285 21577 19077  3284  3346  3342  3283        4
	  3286 19118 19119  3288  3228  3280  3287        4
	  3287 19118 21618  3291  3348  3344  3286        4
	  3288 19169 19119  3292  3228  3286  3293        4
	  3289 19126 19125  3290  3231  3282  3349        4
	  3290 19175 19125  3289  3232  3296  3350        4
	  3291 19168 21668  3352  3351  3287  3293        4
	  3292 19169 19170  3294  3233  3288  3293        4
	  3293 19169 21669  3298  3291  3288  3292        4
	  3294 19220 19170  3299  3233  3292  3300        4
	  3295 19223 19173  3297  3236  3302  3353        4
	  3296 19175 19174  3297  3237  3290  3354        4
	  3297 19224 19174  3296  3238  3295  3355        4
	  3298 19219 21719  3358  3356  3293  3300        4
	  3299 19220 19221  3301  3240  3294  3300        4
	  3300 19220 21720  3359  3298  3294  3299        4
	  3301 19271 19221  3303  3240  3299  3360        4
	  3302 19223 19222  3303  3241  3295  3361        4
	  3303 19272 19222  3302  3242  3301  3362        4
	  3304 21074 21124  3305  3247  3308  3364        4
	  3305 21075 21125  3306  3243  3304  3365        4
	  3306 21076 21126  3311  3244  3305  3366        4
	  3307 21122 21172  3309  3250  3314  3369        4
	  3308 21123 21124  3309  3247  3304  3310        4
	  3309 21123 21173  3308  3253  3307  3310        4
	  3310 21123 23623  3309  3368  3363  3308        4
	  3311 21127 21126  3312  3248  3306  3313        4
	  3312 21127 21177  3315  3249  3311  3313        4
	  3313 21127 23627  3312  3311  3367  3371        4
	  3314 21171 21172  3317  3250  3307  3373        4
	  3315 21178 21177  3316  3254  3312  3376        4
	  3316 21178 21228  3319  3255  3315  3320        4
	  3317 21221 21222  3321  3258  3314  3318        4
	  3318 21221 23721  3323  3377  3374  3317        4
	  3319 21229 21228  3324  3259  3316  3320        4
	  3320 23728 21228  3380  3379  3316  3319        4
	  3321 21271 21272  3322  3260  3317  3323        4
	  3322 21271 21321  3321  3264  3325  3323        4
	  3323 21271 23771  3322  3382  3318  3321        4
	  3324 21279 21278  3327  3261  3319  3385        4
	  3325 21320 21321  3328  3264  3322  3326        4
	  3326 21320 23820  3330  3388  3383  3325        4
	  3327 21329 21328  3331  3265  3324  3390        4
	  3328 21370 21371  3329  3266  3325  3330        4
	  3329 21370 21420  3328  3270  3332  3330        4
	  3330 21370 23870  3329  3394  3326  3328        4
	  3331 21379 21378  3333  3267  3327  3396        4
	  3332 21419 21420  3334  3270  3329  3401        4
	  3333 21429 21428  3337  3271  3331  3404        4
	  3334 21469 21470  3335  3272  3332  3336        4
	  3335 21469 21519  3334  3275  3340  3336        4
	  3336 21469 23969  3335  3409  3402  3334        4
	  3337 21479 21478  3338  3273  3333  3339        4
	  3338 21528 21478  3337  3278  3341  3339        4
	  3339 23978 21478  3338  3411  3405  3337        4
	  3340 21518 21519  3343  3275  3335  3415        4
	  3341 21528 21527  3342  3278  3338  3418        4
	  3342 21577 21527  3341  3285  3346  3419        4
	  3343 21568 21569  3344  3281  3340  3345        4
	  3344 21568 21618  3343  3287  3348  3345        4
	  3345 21568 24068  3344  3423  3416  3343        4
	  3346 21577 21576  3347  3285  3342  3425        4
	  3347 21626 21576  3346  3282  3349  3426        4
	  3348 21617 21618  3351  3287  3344  3428        4
	  3349 21626 21625  3350  3289  3347  3430        4
	  3350 21675 21625  3349  3290  3354  3431        4
	  3351 21667 21668  3352  3291  3348  3432        4
	  3352 21718 21668  3356  3291  3351  3357        4
	  3353 21723 21673  3355  3295  3361  3434        4
	  3354 21675 21674  3355  3296  3350  3435        4
	  3355 21724 21674  3354  3297  3353  3436        4
	  3356 21718 21719  3358  3298  3352  3357        4
	  3357 21718 24218  3440  3438  3352  3356        4
	  3358 21769 21719  3359  3298  3356  3441        4
	  3359 21770 21720  3360  3300  3358  3442        4
	  3360 21771 21721  3362  3301  3359  3443        4
	  3361 21723 21722  3362  3302  3353  3444        4
	  3362 21772 21722  3361  3303  3360  3445        4
	  3363 23573 23623  3364  3310  3368  3448        4
	  3364 23574 23624  3365  3304  3363  3449        4
	  3365 23575 23625  3366  3305  3364  3450        4
	  3366 23576 23626  3367  3306  3365  3451        4
	  3367 23577 23627  3371  3313  3366  3372        4
	  3368 23622 23623  3369  3310  3363  3370        4
	  3369 23622 23672  3368  3307  3373  3370        4
	  3370 23622 26122  3369  3452  3447  3368        4
	  3371 23628 23627  3376  3313  3367  3372        4
	  3372 26127 23627  3456  3454  3367  3371        4
	  3373 23671 23672  3374  3314  3369  3375        4
	  3374 23671 23721  3373  3318  3377  3375        4
	  3375 23671 26171  3374  3457  3453  3373        4
	  3376 23678 23677  3379  3315  3371  3460        4
	  3377 23720 23721  3382  3318  3374  3378        4
	  3378 23720 26220  3384  3463  3458  3377        4
	  3379 23728 23727  3380  3320  3376  3466        4
	  3380 23728 23778  3385  3320  3379  3386        4
	  3381 23769 26269  3389  3469  3464  3384        4
	  3382 23770 23771  3383  3323  3377  3384        4
	  3383 23770 23820  3382  3326  3388  3384        4
	  3384 23770 26270  3383  3381  3378  3382        4
	  3385 23779 23778  3390  3324  3380  3386        4
	  3386 26278 23778  3391  3472  3380  3385        4
	  3387 23818 26318  3393  3474  3470  3389        4
	  3388 23819 23820  3394  3326  3383  3389        4
	  3389 23819 26319  3395  3387  3381  3388        4
	  3390 23829 23828  3396  3327  3385  3391        4
	  3391 26328 23828  3397  3477  3386  3390        4
	  3392 23867 26367  3399  3479  3475  3393        4
	  3393 23868 26368  3400  3392  3387  3395        4
	  3394 23869 23870  3401  3330  3388  3395        4
	  3395 23869 26369  3403  3393  3389  3394        4
	  3396 23879 23878  3404  3331  3390  3397        4
	  3397 26378 23878  3406  3482  3391  3396        4
	  3398 23916 26416  3407  3483  3480  3399        4
	  3399 23917 26417  3408  3398  3392  3400        4
	  3400 23918 26418  3410  3399  3393  3403        4
	  3401 23919 23920  3402  3332  3394  3403        4
	  3402 23919 23969  3401  3336  3409  3403        4
	  3403 23919 26419  3402  3400  3395  3401        4
	  3404 23929 23928  3405  3333  3396  3406        4
	  3405 23978 23928  3404  3339  3411  3406        4
	  3406 26428 23928  3405  3485  3397  3404        4
	  3407 23966 26466  3413  3486  3398  3408        4
	  3408 23967 26467  3414  3407  3399  3410        4
	  3409 23968 23969  3415  3336  3402  3410        4
	  3410 23968 26468  3417  3408  3400  3409        4
	  3411 23978 23977  3418  3339  3405  3489        4
	  3412 24015 26515  3421  3492  3487  3413        4
	  3413 24016 26516  3422  3412  3407  3414        4
	  3414 24017 26517  3424  3413  3408  3417        4
	  3415 24018 24019  3416  3340  3409  3417        4
	  3416 24018 24068  3415  3345  3423  3417        4
	  3417 24018 26518  3416  3414  3410  3415        4
	  3418 24028 24027  3419  3341  3411  3420        4
	  3419 24077 24027  3418  3342  3425  3420        4
	  3420 26527 24027  3419  3493  3490  3418        4
	  3421 24065 26565  3495  3494  3412  3422        4
	  3422 24066 26566  3427  3421  3413  3424        4
	  3423 24067 24068  3428  3345  3416  3424        4
	  3424 24067 26567  3429  3422  3414  3423        4
	  3425 24077 24076  3426  3346  3419  3496        4
	  3426 24126 24076  3425  3347  3430  3497        4
	  3427 24116 26616  3500  3499  3422  3429        4
	  3428 24117 24118  3432  3348  3423  3429        4
	  3429 24117 26617  3433  3427  3424  3428        4
	  3430 24126 24125  3431  3349  3426  3502        4
	  3431 24175 24125  3430  3350  3435  3503        4
	  3432 24167 24168  3438  3351  3428  3433        4
	  3433 24167 26667  3439  3505  3429  3432        4
	  3434 24223 24173  3436  3353  3444  3508        4
	  3435 24175 24174  3436  3354  3431  3437        4
	  3436 24224 24174  3435  3355  3434  3437        4
	  3437 26674 24174  3436  3507  3501  3435        4
	  3438 24217 24218  3440  3357  3432  3439        4
	  3439 24217 26717  3510  3509  3433  3438        4
	  3440 24268 24218  3441  3357  3438  3511        4
	  3441 24269 24219  3442  3358  3440  3446        4
	  3442 24270 24220  3443  3359  3441  3512        4
	  3443 24271 24221  3445  3360  3442  3513        4
	  3444 24223 24222  3445  3361  3434  3514        4
	  3445 24272 24222  3444  3362  3443  3515        4
	  3446 24269 26769  3519  3517  3441  3518        4
	  3447 26072 26122  3448  3370  3452  3521        4
	  3448 26073 26123  3449  3363  3447  3522        4
	  3449 26074 26124  3450  3364  3448  3523        4
	  3450 26075 26125  3451  3365  3449  3524        4
	  3451 26076 26126  3454  3366  3450  3455        4
	  3452 26121 26122  3453  3370  3447  3526        4
	  3453 26121 26171  3452  3375  3457  3527        4
	  3454 26127 26126  3456  3372  3451  3455        4
	  3455 28626 26126  3532  3530  3451  3454        4
	  3456 26127 26177  3460  3372  3454  3461        4
	  3457 26170 26171  3458  3375  3453  3459        4
	  3458 26170 26220  3457  3378  3463  3459        4
	  3459 26170 28670  3458  3535  3525  3457        4
	  3460 26178 26177  3466  3376  3456  3461        4
	  3461 28677 26177  3467  3538  3456  3460        4
	  3462 26218 28718  3471  3540  3533  3465        4
	  3463 26219 26220  3464  3378  3458  3465        4
	  3464 26219 26269  3463  3381  3469  3465        4
	  3465 26219 28719  3464  3462  3536  3463        4
	  3466 26228 26227  3472  3379  3460  3467        4
	  3467 28727 26227  3544  3543  3461  3466        4
	  3468 26267 28767  3476  3545  3541  3471        4
	  3469 26268 26269  3470  3381  3464  3471        4
	  3470 26268 26318  3469  3387  3474  3471        4
	  3471 26268 28768  3470  3468  3462  3469        4
	  3472 26278 26277  3477  3386  3466  3548        4
	  3473 26316 28816  3481  3550  3546  3476        4
	  3474 26317 26318  3475  3387  3470  3476        4
	  3475 26317 26367  3474  3392  3479  3476        4
	  3476 26317 28817  3475  3473  3468  3474        4
	  3477 26328 26327  3482  3391  3472  3553        4
	  3478 26365 28865  3484  3555  3551  3481        4
	  3479 26366 26367  3480  3392  3475  3481        4
	  3480 26366 26416  3479  3398  3483  3481        4
	  3481 26366 28866  3480  3478  3473  3479        4
	  3482 26378 26377  3485  3397  3477  3556        4
	  3483 26415 26416  3486  3398  3480  3484        4
	  3484 26415 28915  3488  3558  3478  3483        4
	  3485 26428 26427  3489  3406  3482  3559        4
	  3486 26465 26466  3487  3407  3483  3488        4
	  3487 26465 26515  3486  3412  3492  3488        4
	  3488 26465 28965  3487  3562  3484  3486        4
	  3489 26478 26477  3490  3411  3485  3491        4
	  3490 26527 26477  3489  3420  3493  3491        4
	  3491 28977 26477  3490  3563  3560  3489        4
	  3492 26514 26515  3494  3412  3487  3564        4
	  3493 26527 26526  3496  3420  3490  3565        4
	  3494 26564 26565  3495  3421  3492  3568        4
	  3495 26615 26565  3499  3421  3494  3569        4
	  3496 26577 26576  3497  3425  3493  3498        4
	  3497 26626 26576  3496  3426  3502  3498        4
	  3498 29076 26576  3497  3570  3566  3496        4
	  3499 26615 26616  3500  3427  3495  3573        4
	  3500 26666 26616  3505  3427  3499  3506        4
	  3501 26674 26624  3503  3437  3507  3575        4
	  3502 26626 26625  3503  3430  3497  3504        4
	  3503 26675 26625  3502  3431  3501  3504        4
	  3504 29125 26625  3503  3574  3571  3502        4
	  3505 26666 26667  3509  3433  3500  3506        4
	  3506 26666 29166  3578  3577  3500  3505        4
	  3507 26674 26673  3508  3437  3501  3581        4
	  3508 26723 26673  3507  3434  3514  3582        4
	  3509 26716 26717  3510  3439  3505  3584        4
	  3510 26767 26717  3511  3439  3509  3585        4
	  3511 26768 26718  3517  3440  3510  3587        4
	  3512 26770 26720  3513  3442  3518  3589        4
	  3513 26771 26721  3515  3443  3512  3591        4
	  3514 26723 26722  3515  3444  3508  3516        4
	  3515 26772 26722  3514  3445  3513  3516        4
	  3516 29222 26722  3515  3590  3580  3514        4
	  3517 26768 26769  3519  3446  3511  3520        4
	  3518 26770 26769  3519  3446  3512  3520        4
	  3519 26819 26769  3518  3446  3517  3520        4
	  3520 29269 26769  3519  3517  3588  3518        4
	  3521 28572 28622  3522  3447  3526  3528        4
	  3522 28573 28623  3523  3448  3521  3593        4
	  3523 28574 28624  3524  3449  3522  3529        4
	  3524 28575 28625  3530  3450  3523  3531        4
	  3525 28620 28670  3527  3459  3535  3596        4
	  3526 28621 28622  3527  3452  3521  3528        4
	  3527 28621 28671  3526  3453  3525  3597        4
	  3528 31122 28622  3599  3526  3521  3598        4
	  3529 31124 28624  3601  3600  3523  3531        4
	  3530 28626 28625  3532  3455  3524  3531        4
	  3531 31125 28625  3602  3529  3524  3530        4
	  3532 28626 28676  3538  3455  3530  3539        4
	  3533 28668 28718  3536  3462  3540  3534        4
	  3534 28668 31168  3533  3603  3594  3537        4
	  3535 28669 28670  3536  3459  3525  3537        4
	  3536 28669 28719  3535  3465  3533  3537        4
	  3537 28669 31169  3536  3534  3595  3535        4
	  3538 28677 28676  3543  3461  3532  3539        4
	  3539 31176 28676  3607  3605  3532  3538        4
	  3540 28717 28718  3541  3462  3533  3542        4
	  3541 28717 28767  3540  3468  3545  3542        4
	  3542 28717 31217  3541  3608  3604  3540        4
	  3543 28727 28726  3544  3467  3538  3611        4
	  3544 28727 28777  3548  3467  3543  3549        4
	  3545 28766 28767  3546  3468  3541  3547        4
	  3546 28766 28816  3545  3473  3550  3547        4
	  3547 28766 31266  3546  3613  3609  3545        4
	  3548 28778 28777  3553  3472  3544  3549        4
	  3549 31277 28777  3554  3615  3544  3548        4
	  3550 28815 28816  3551  3473  3546  3552        4
	  3551 28815 28865  3550  3478  3555  3552        4
	  3552 28815 31315  3551  3617  3614  3550        4
	  3553 28828 28827  3556  3477  3548  3554        4
	  3554 31327 28827  3557  3618  3549  3553        4
	  3555 28864 28865  3558  3478  3551  3620        4
	  3556 28878 28877  3559  3482  3553  3557        4
	  3557 31377 28877  3561  3621  3554  3556        4
	  3558 28914 28915  3562  3484  3555  3622        4
	  3559 28928 28927  3560  3485  3556  3561        4
	  3560 28977 28927  3559  3491  3563  3561        4
	  3561 31427 28927  3560  3623  3557  3559        4
	  3562 28964 28965  3564  3488  3558  3625        4
	  3563 28977 28976  3565  3491  3560  3626        4
	  3564 29014 29015  3568  3492  3562  3629        4
	  3565 29027 29026  3566  3493  3563  3567        4
	  3566 29076 29026  3565  3498  3570  3567        4
	  3567 31526 29026  3566  3630  3627  3565        4
	  3568 29064 29065  3569  3494  3564  3633        4
	  3569 29115 29065  3573  3495  3568  3634        4
	  3570 29076 29075  3571  3498  3566  3572        4
	  3571 29125 29075  3570  3504  3574  3572        4
	  3572 31575 29075  3571  3635  3631  3570        4
	  3573 29115 29116  3577  3499  3569  3638        4
	  3574 29125 29124  3575  3504  3571  3576        4
	  3575 29174 29124  3574  3501  3581  3576        4
	  3576 31624 29124  3575  3640  3636  3574        4
	  3577 29165 29166  3578  3506  3573  3579        4
	  3578 29216 29166  3584  3506  3577  3579        4
	  3579 31666 29166  3578  3577  3639  3643        4
	  3580 29222 29172  3582  3516  3590  3648        4
	  3581 29174 29173  3582  3507  3575  3583        4
	  3582 29223 29173  3581  3508  3580  3583        4
	  3583 31673 29173  3582  3647  3641  3581        4
	  3584 29216 29217  3585  3509  3578  3586        4
	  3585 29267 29217  3587  3510  3584  3586        4
	  3586 31717 29217  3585  3584  3644  3650        4
	  3587 29268 29218  3588  3511  3585  3651        4
	  3588 29269 29219  3589  3520  3587  3652        4
	  3589 29270 29220  3591  3512  3588  3655        4
	  3590 29222 29221  3591  3516  3580  3592        4
	  3591 29271 29221  3590  3513  3589  3592        4
	  3592 31721 29221  3591  3654  3646  3590        4
	  3593 31073 31123  3600  3522  3598  3657        4
	  3594 31118 31168  3595  3534  3603  3658        4
	  3595 31119 31169  3596  3537  3594  3659        4
	  3596 31120 31170  3597  3525  3595  3660        4
	  3597 31121 31171  3599  3527  3596  3662        4
	  3598 31122 31123  3599  3528  3593  3664        4
	  3599 31122 31172  3598  3528  3597  3665        4
	  3600 31124 31123  3601  3529  3593  3666        4
	  3601 31124 31174  3602  3529  3600  3668        4
	  3602 31125 31175  3605  3531  3601  3606        4
	  3603 31167 31168  3604  3534  3594  3670        4
	  3604 31167 31217  3603  3542  3608  3671        4
	  3605 31176 31175  3607  3539  3602  3606        4
	  3606 33675 31175  3674  3672  3602  3605        4
	  3607 31176 31226  3611  3539  3605  3612        4
	  3608 31216 31217  3609  3542  3604  3610        4
	  3609 31216 31266  3608  3547  3613  3610        4
	  3610 31216 33716  3609  3675  3669  3608        4
	  3611 31227 31226  3615  3543  3607  3612        4
	  3612 33726 31226  3616  3677  3607  3611        4
	  3613 31265 31266  3614  3547  3609  3679        4
	  3614 31265 31315  3613  3552  3617  3680        4
	  3615 31277 31276  3618  3549  3611  3616        4
	  3616 33776 31276  3619  3682  3612  3615        4
	  3617 31314 31315  3620  3552  3614  3684        4
	  3618 31327 31326  3621  3554  3615  3619        4
	  3619 33826 31326  3687  3685  3616  3618        4
	  3620 31364 31365  3622  3555  3617  3688        4
	  3621 31377 31376  3623  3557  3618  3690        4
	  3622 31414 31415  3625  3558  3620  3693        4
	  3623 31427 31426  3626  3561  3621  3624        4
	  3624 33926 31426  3628  3694  3691  3623        4
	  3625 31464 31465  3629  3562  3622  3696        4
	  3626 31477 31476  3627  3563  3623  3628        4
	  3627 31526 31476  3626  3567  3630  3628        4
	  3628 33976 31476  3627  3697  3624  3626        4
	  3629 31514 31515  3633  3564  3625  3700        4
	  3630 31526 31525  3631  3567  3627  3632        4
	  3631 31575 31525  3630  3572  3635  3632        4
	  3632 34025 31525  3631  3701  3698  3630        4
	  3633 31564 31565  3634  3568  3629  3704        4
	  3634 31615 31565  3638  3569  3633  3705        4
	  3635 31575 31574  3636  3572  3631  3637        4
	  3636 31624 31574  3635  3576  3640  3637        4
	  3637 34074 31574  3636  3706  3702  3635        4
	  3638 31615 31616  3639  3573  3634  3709        4
	  3639 31666 31616  3643  3579  3638  3710        4
	  3640 31624 31623  3641  3576  3636  3642        4
	  3641 31673 31623  3640  3583  3647  3642        4
	  3642 34123 31623  3641  3713  3707  3640        4
	  3643 31666 31667  3644  3579  3639  3645        4
	  3644 31717 31667  3650  3586  3643  3645        4
	  3645 34167 31667  3644  3643  3711  3716        4
	  3646 31721 31671  3648  3592  3654  3723        4
	  3647 31673 31672  3648  3583  3641  3649        4
	  3648 31722 31672  3647  3580  3646  3649        4
	  3649 34172 31672  3648  3722  3714  3647        4
	  3650 31717 31718  3651  3586  3644  3725        4
	  3651 31768 31718  3652  3587  3650  3727        4
	  3652 31769 31719  3655  3588  3651  3653        4
	  3653 34219 31719  3652  3726  3718  3656        4
	  3654 31721 31720  3655  3592  3646  3656        4
	  3655 31770 31720  3654  3589  3652  3656        4
	  3656 34220 31720  3655  3653  3720  3654        4
	  3657 33573 33623  3666  3593  3664  3667        4
	  3658 33618 33668  3659  3594  3670  3731        4
	  3659 33619 33669  3660  3595  3658  3733        4
	  3660 33620 33670  3662  3596  3659  3661        4
	  3661 33620 36120  3660  3732  3729  3663        4
	  3662 33621 33671  3665  3597  3660  3663        4
	  3663 33621 36121  3662  3661  3730  3735        4
	  3664 33622 33623  3665  3598  3657  3667        4
	  3665 33622 33672  3664  3599  3662  3737        4
	  3666 33624 33623  3668  3600  3657  3667        4
	  3667 36123 33623  3738  3664  3657  3666        4
	  3668 33624 33674  3672  3601  3666  3673        4
	  3669 33666 33716  3671  3610  3675  3739        4
	  3670 33667 33668  3671  3603  3658  3740        4
	  3671 33667 33717  3670  3604  3669  3741        4
	  3672 33675 33674  3674  3606  3668  3673        4
	  3673 36174 33674  3676  3747  3668  3672        4
	  3674 33675 33725  3677  3606  3672  3678        4
	  3675 33715 33716  3679  3610  3669  3749        4
	  3676 36224 33724  3760  3758  3673  3678        4
	  3677 33726 33725  3682  3612  3674  3678        4
	  3678 36225 33725  3683  3676  3674  3677        4
	  3679 33765 33766  3680  3613  3675  3681        4
	  3680 33765 33815  3679  3614  3684  3681        4
	  3681 33765 36265  3680  3761  3750  3679        4
	  3682 33776 33775  3685  3616  3677  3683        4
	  3683 36275 33775  3686  3771  3678  3682        4
	  3684 33814 33815  3688  3617  3680  3773        4
	  3685 33826 33825  3687  3619  3682  3686        4
	  3686 36325 33825  3689  3783  3683  3685        4
	  3687 33826 33876  3690  3619  3685  3692        4
	  3688 33864 33865  3693  3620  3684  3785        4
	  3689 36375 33875  3695  3795  3686  3692        4
	  3690 33877 33876  3691  3621  3687    -1        4
	  3691 33926 33876  3690  3624  3694  3692        4
	  3692 36376 33876  3691  3689  3687    -1        4
	  3693 33914 33915  3696  3622  3688  3797        4
	  3694 33926 33925  3697  3624  3691  3695        4
	  3695 36425 33925  3699  3807  3689  3694        4
	  3696 33964 33965  3700  3625  3693  3809        4
	  3697 33976 33975  3698  3628  3694  3699        4
	  3698 34025 33975  3697  3632  3701  3699        4
	  3699 36475 33975  3698  3819  3695  3697        4
	  3700 34014 34015  3704  3629  3696  3822        4
	  3701 34025 34024  3702  3632  3698  3703        4
	  3702 34074 34024  3701  3637  3706  3703        4
	  3703 36524 34024  3702  3831  3820  3701        4
	  3704 34064 34065  3705  3633  3700  3834        4
	  3705 34115 34065  3709  3634  3704  3835        4
	  3706 34074 34073  3707  3637  3702  3708        4
	  3707 34123 34073  3706  3642  3713  3708        4
	  3708 36573 34073  3707  3844  3832  3706        4
	  3709 34115 34116  3710  3638  3705  3847        4
	  3710 34166 34116  3711  3639  3709  3848        4
	  3711 34167 34117  3716  3645  3710  3850        4
	  3712 36621 34121  3724  3856  3842  3715        4
	  3713 34123 34122  3714  3642  3707  3715        4
	  3714 34172 34122  3713  3649  3722  3715        4
	  3715 36622 34122  3714  3712  3845  3713        4
	  3716 34167 34168  3725  3645  3711  3717        4
	  3717 36668 34168  3728  3716  3852  3719        4
	  3718 34219 34169  3720  3653  3726  3719        4
	  3719 36669 34169  3718  3717  3854  3721        4
	  3720 34220 34170  3723  3656  3718  3721        4
	  3721 36670 34170  3720  3719  3857  3724        4
	  3722 34172 34171  3723  3649  3714  3724        4
	  3723 34221 34171  3722  3646  3720    -1        4
	  3724 36671 34171    -1  3721  3712  3722        4
	  3725 34217 34218  3727  3650  3716  3728        4
	  3726 34219 34218  3727  3653  3718  3728        4
	  3727 34268 34218  3726  3651  3725    -1        4
	  3728 36718 34218    -1  3725  3717  3726        4
	  3729 36070 36120  3730  3661  3732  3734        4
	  3730 36071 36121  3735  3663  3729  3736        4
	  3731 36118 36168  3733  3658  3740  3742        4
	  3732 36119 36120  3733  3661  3729  3734        4
	  3733 36119 36169  3732  3659  3731  3743        4
	  3734 38620 36120  3744  3732  3729  3736        4
	  3735 36122 36121  3737  3663  3730  3736        4
	  3736 38621 36121  3745  3734  3730  3735        4
	  3737 36122 36172  3738  3665  3735  3746        4
	  3738 36123 36173  3747  3667  3737  3748        4
	  3739 36166 36216  3741  3669  3749  3751        4
	  3740 36167 36168  3741  3670  3731  3742        4
	  3741 36167 36217  3740  3671  3739  3752        4
	  3742 38668 36168  3753  3740  3731  3743        4
	  3743 38669 36169  3754  3742  3733  3744        4
	  3744 38670 36170  3755  3743  3734  3745        4
	  3745 38671 36171  3756  3744  3736  3746        4
	  3746 38672 36172  3757  3745  3737  3748        4
	  3747 36174 36173  3758  3673  3738    -1        4
	  3748 38673 36173  3759  3746  3738    -1        4
	  3749 36215 36216  3750  3675  3739  3751        4
	  3750 36215 36265  3749  3681  3761  3762        4
	  3751 38716 36216  3763  3749  3739  3752        4
	  3752 38717 36217  3764  3751  3741  3753        4
	  3753 38718 36218  3765  3752  3742  3754        4
	  3754 38719 36219  3766  3753  3743  3755        4
	  3755 38720 36220  3767  3754  3744  3756        4
	  3756 38721 36221  3768  3755  3745  3757        4
	  3757 38722 36222  3769  3756  3746  3759        4
	  3758 36224 36223  3760  3676  3747  3759        4
	  3759 38723 36223  3770  3757  3748  3758        4
	  3760 36224 36274  3771  3676  3758  3772        4
	  3761 36264 36265  3773  3681  3750  3762        4
	  3762 38765 36265  3774  3761  3750  3763        4
	  3763 38766 36266  3775  3762  3751  3764        4
	  3764 38767 36267  3776  3763  3752  3765        4
	  3765 38768 36268  3777  3764  3753  3766        4
	  3766 38769 36269  3778  3765  3754  3767        4
	  3767 38770 36270  3779  3766  3755  3768        4
	  3768 38771 36271  3780  3767  3756  3769        4
	  3769 38772 36272  3781  3768  3757  3770        4
	  3770 38773 36273  3782  3769  3759  3772        4
	  3771 36275 36274  3783  3683  3760    -1        4
	  3772 38774 36274  3784  3770  3760    -1        4
	  3773 36314 36315  3785  3684  3761  3774        4
	  3774 38815 36315  3786  3773  3762  3775        4
	  3775 38816 36316  3787  3774  3763  3776        4
	  3776 38817 36317  3788  3775  3764  3777        4
	  3777 38818 36318  3789  3776  3765  3778        4
	  3778 38819 36319  3790  3777  3766  3779        4
	  3779 38820 36320  3791  3778  3767  3780        4
	  3780 38821 36321  3792  3779  3768  3781        4
	  3781 38822 36322  3793  3780  3769  3782        4
	  3782 38823 36323  3794  3781  3770  3784        4
	  3783 36325 36324  3795  3686  3771  3784        4
	  3784 38824 36324  3796  3782  3772  3783        4
	  3785 36364 36365  3797  3688  3773  3786        4
	  3786 38865 36365  3798  3785  3774  3787        4
	  3787 38866 36366  3799  3786  3775  3788        4
	  3788 38867 36367  3800  3787  3776  3789        4
	  3789 38868 36368  3801  3788  3777  3790        4
	  3790 38869 36369  3802  3789  3778  3791        4
	  3791 38870 36370  3803  3790  3779  3792        4
	  3792 38871 36371  3804  3791  3780  3793        4
	  3793 38872 36372  3805  3792  3781  3794        4
	  3794 38873 36373  3806  3793  3782  3796        4
	  3795 36375 36374  3807  3689  3783  3796        4
	  3796 38874 36374  3808  3794  3784  3795        4
	  3797 36414 36415  3809  3693  3785  3798        4
	  3798 38915 36415  3810  3797  3786  3799        4
	  3799 38916 36416  3811  3798  3787  3800        4
	  3800 38917 36417  3812  3799  3788  3801        4
	  3801 38918 36418  3813  3800  3789  3802        4
	  3802 38919 36419  3814  3801  3790  3803        4
	  3803 38920 36420  3815  3802  3791  3804        4
	  3804 38921 36421  3816  3803  3792  3805        4
	  3805 38922 36422  3817  3804  3793  3806        4
	  3806 38923 36423  3818  3805  3794  3808        4
	  3807 36425 36424  3819  3695  3795  3808        4
	  3808 38924 36424  3821  3806  3796  3807        4
	  3809 36464 36465  3822  3696  3797  3810        4
	  3810 38965 36465  3823  3809  3798  3811        4
	  3811 38966 36466  3824  3810  3799  3812        4
	  3812 38967 36467  3825  3811  3800  3813        4
	  3813 38968 36468  3826  3812  3801  3814        4
	  3814 38969 36469  3827  3813  3802  3815        4
	  3815 38970 36470  3828  3814  3803  3816        4
	  3816 38971 36471  3829  3815  3804  3817        4
	  3817 38972 36472  3830  3816  3805  3818        4
	  3818 38973 36473  3833  3817  3806  3821        4
	  3819 36475 36474  3820  3699  3807  3821        4
	  3820 36524 36474  3819  3703  3831  3821        4
	  3821 38974 36474  3820  3818  3808  3819        4
	  3822 36514 36515  3834  3700  3809  3823        4
	  3823 39015 36515  3836  3822  3810  3824        4
	  3824 39016 36516  3837  3823  3811  3825        4
	  3825 39017 36517  3838  3824  3812  3826        4
	  3826 39018 36518  3839  3825  3813  3827        4
	  3827 39019 36519  3840  3826  3814  3828        4
	  3828 39020 36520  3841  3827  3815  3829        4
	  3829 39021 36521  3843  3828  3816  3830        4
	  3830 39022 36522  3846  3829  3817  3833        4
	  3831 36524 36523  3832  3703  3820  3833        4
	  3832 36573 36523  3831  3708  3844  3833        4
	  3833 39023 36523  3832  3830  3818  3831        4
	  3834 36564 36565  3835  3704  3822  3836        4
	  3835 36615 36565  3847  3705  3834  3836        4
	  3836 39065 36565  3835  3834  3823  3837        4
	  3837 39066 36566  3849  3836  3824  3838        4
	  3838 39067 36567  3851  3837  3825  3839        4
	  3839 39068 36568  3853  3838  3826  3840        4
	  3840 39069 36569  3855  3839  3827  3841        4
	  3841 39070 36570  3858  3840  3828  3843        4
	  3842 36621 36571  3845  3712  3856  3843        4
	  3843 39071 36571  3842  3841  3829  3846        4
	  3844 36573 36572  3845  3708  3832  3846        4
	  3845 36622 36572  3844  3715  3842  3846        4
	  3846 39072 36572  3845  3843  3830  3844        4
	  3847 36615 36616  3848  3709  3835  3849        4
	  3848 36666 36616  3850  3710  3847  3849        4
	  3849 39116 36616  3848  3847  3837  3851        4
	  3850 36667 36617  3852  3711  3848  3851        4
	  3851 39117 36617  3850  3849  3838  3853        4
	  3852 36668 36618  3854  3717  3850  3853        4
	  3853 39118 36618  3852  3851  3839  3855        4
	  3854 36669 36619  3857  3719  3852  3855        4
	  3855 39119 36619  3854  3853  3840  3858        4
	  3856 36621 36620  3857  3712  3842  3858        4
	  3857 36670 36620  3856  3721  3854    -1        4
	  3858 39120 36620    -1  3855  3841  3856        4
	  3859 10003 12503  3862  3860    -1  3861        5
	  3860 12502 12503  3862  3859    -1  3863        5
	  3861 12504 12503  3862  3859    -1  3863        5
	  3862 12553 12503  3861  3859  3860  3863        5
	  3863 15003 12503  3862  3860    -1  3861        5
	}
}
