-1.000000000000000000e+00,-1.000000000000000000e+00,-1.000000000000000000e+00,-1.000000000000000000e+00,-1.000000000000000000e+00,-1.000000000000000000e+00,-1.000000000000000000e+00,-1.000000000000000000e+00,-1.000000000000000000e+00,-1.000000000000000000e+00,-1.000000000000000000e+00,-1.000000000000000000e+00,-1.000000000000000000e+00,-1.000000000000000000e+00,-1.000000000000000000e+00,-1.000000000000000000e+00,-1.000000000000000000e+00,-1.000000000000000000e+00,-1.000000000000000000e+00,-1.000000000000000000e+00,-1.000000000000000000e+00,-1.000000000000000000e+00,-1.000000000000000000e+00,-1.000000000000000000e+00,-1.000000000000000000e+00,-1.000000000000000000e+00,-1.000000000000000000e+00,-1.000000000000000000e+00,-1.000000000000000000e+00,-1.000000000000000000e+00,-1.000000000000000000e+00,-1.000000000000000000e+00,-1.000000000000000000e+00,-1.000000000000000000e+00,-1.000000000000000000e+00,-1.000000000000000000e+00,-1.000000000000000000e+00,-1.000000000000000000e+00,-1.000000000000000000e+00,-1.000000000000000000e+00,-1.000000000000000000e+00,-1.000000000000000000e+00,-1.000000000000000000e+00,-1.000000000000000000e+00,-1.000000000000000000e+00,-1.000000000000000000e+00,-8.081438372636671197e-01,-8.081769892523940069e-01,-8.082764687422022698e-01,-8.084423454146925092e-01,-8.086747308371635690e-01,-8.089737633797883243e-01,-8.093395583032586549e-01,-8.097720508432406650e-01,-8.102705271595247449e-01,-8.108322935051331948e-01,-8.114491065555804461e-01,-8.120981544655483386e-01,-8.127207104417424333e-01,-8.131751331862104859e-01,-8.131415446549614678e-01,-8.119463703563684076e-01,-8.082764146019322249e-01,-7.997861116113722524e-01,-7.826986630766399333e-01,-7.516800735601461003e-01,-7.004832425443621169e-01,-6.239682579103975613e-01,-5.218708596088847962e-01,-4.039102061596905324e-01,-2.942156108454032637e-01,-2.290297894822107549e-01,-2.290297895494795011e-01,-2.942156110321275664e-01,-4.039102064702920769e-01,-5.218708600123980190e-01,-6.239682583956727147e-01,-7.004832430927097064e-01,-7.516800741577547296e-01,-7.826986637160269211e-01,-7.997861122848146653e-01,-8.082764153102045546e-01,-8.119463710746257501e-01,-8.131415453901171819e-01,-8.131751339241497512e-01,-8.127207112040621961e-01,-8.120981552732144948e-01,-8.114491074143439509e-01,-8.108322944018517831e-01,-8.102705280728115245e-01,-8.097720517604595214e-01,-8.093395591859906535e-01,-8.089737642155272468e-01,-8.086747316287162812e-01,-8.084423461372327591e-01,-8.082764694114727977e-01,-8.081769898873416569e-01,-8.081438377100400583e-01,-1.000000000000000000e+00,-1.000000000000000000e+00,-1.000000000000000000e+00,-1.000000000000000000e+00,-1.000000000000000000e+00,-1.000000000000000000e+00,-1.000000000000000000e+00,-1.000000000000000000e+00,-1.000000000000000000e+00,-1.000000000000000000e+00,-1.000000000000000000e+00,-1.000000000000000000e+00,-1.000000000000000000e+00,-1.000000000000000000e+00,-1.000000000000000000e+00,-1.000000000000000000e+00,-1.000000000000000000e+00,-1.000000000000000000e+00,-1.000000000000000000e+00,-1.000000000000000000e+00,-1.000000000000000000e+00,-1.000000000000000000e+00,-1.000000000000000000e+00,-1.000000000000000000e+00,-1.000000000000000000e+00,-1.000000000000000000e+00,-1.000000000000000000e+00,-1.000000000000000000e+00,-1.000000000000000000e+00,-1.000000000000000000e+00,-1.000000000000000000e+00,-1.000000000000000000e+00,-1.000000000000000000e+00,-1.000000000000000000e+00,-1.000000000000000000e+00,-1.000000000000000000e+00,-1.000000000000000000e+00,-1.000000000000000000e+00,-1.000000000000000000e+00,-1.000000000000000000e+00,-1.000000000000000000e+00,-1.000000000000000000e+00,-1.000000000000000000e+00,-1.000000000000000000e+00,-1.000000000000000000e+00,-1.000000000000000000e+00
-1.000000000000000000e+00,-1.000000000000000000e+00,-1.000000000000000000e+00,-1.000000000000000000e+00,-1.000000000000000000e+00,-1.000000000000000000e+00,-1.000000000000000000e+00,-1.000000000000000000e+00,-1.000000000000000000e+00,-1.000000000000000000e+00,-1.000000000000000000e+00,-1.000000000000000000e+00,-1.000000000000000000e+00,-1.000000000000000000e+00,-1.000000000000000000e+00,-1.000000000000000000e+00,-1.000000000000000000e+00,-1.000000000000000000e+00,-1.000000000000000000e+00,-1.000000000000000000e+00,-1.000000000000000000e+00,-1.000000000000000000e+00,-1.000000000000000000e+00,-1.000000000000000000e+00,-1.000000000000000000e+00,-1.000000000000000000e+00,-1.000000000000000000e+00,-1.000000000000000000e+00,-1.000000000000000000e+00,-1.000000000000000000e+00,-1.000000000000000000e+00,-1.000000000000000000e+00,-1.000000000000000000e+00,-1.000000000000000000e+00,-1.000000000000000000e+00,-1.000000000000000000e+00,-1.000000000000000000e+00,-1.000000000000000000e+00,-1.000000000000000000e+00,-1.000000000000000000e+00,-1.000000000000000000e+00,-1.000000000000000000e+00,-1.000000000000000000e+00,-1.000000000000000000e+00,-1.000000000000000000e+00,-1.000000000000000000e+00,-8.081581656926334345e-01,-8.081913176729299542e-01,-8.082907971368782363e-01,-8.084566737610534570e-01,-8.086890590921141930e-01,-8.089880914732233697e-01,-8.093538861470681578e-01,-8.097863783019978445e-01,-8.102848540737097593e-01,-8.108466197020844923e-01,-8.114634318423605830e-01,-8.121124787357911767e-01,-8.127350338871111024e-01,-8.131894567689277320e-01,-8.131558711359840874e-01,-8.119607064067027036e-01,-8.082907746718461794e-01,-7.998005242990985364e-01,-7.827131801713924641e-01,-7.516947803054446764e-01,-7.004982645289228316e-01,-6.239837558486984737e-01,-5.218870001535663716e-01,-4.039270982169109736e-01,-2.942332090652080012e-01,-2.290478084023048755e-01,-2.290478084668573500e-01,-2.942332092426027668e-01,-4.039270985203530229e-01,-5.218870005610207752e-01,-6.239837563502823592e-01,-7.004982650986955051e-01,-7.516947809258454072e-01,-7.827131808273315450e-01,-7.998005249764411628e-01,-8.082907753716778165e-01,-8.119607071051687663e-01,-8.131558718510684125e-01,-8.131894574977385215e-01,-8.127350346480946008e-01,-8.121124795398524387e-01,-8.114634326830525435e-01,-8.108466205687572259e-01,-8.102848549578842707e-01,-8.097863791786450438e-01,-8.093538869865082308e-01,-8.089880922719336898e-01,-8.086890598526699225e-01,-8.084566744616108469e-01,-8.082907977848028391e-01,-8.081913183769471321e-01,-8.081581663523282888e-01,-1.000000000000000000e+00,-1.000000000000000000e+00,-1.000000000000000000e+00,-1.000000000000000000e+00,-1.000000000000000000e+00,-1.000000000000000000e+00,-1.000000000000000000e+00,-1.000000000000000000e+00,-1.000000000000000000e+00,-1.000000000000000000e+00,-1.000000000000000000e+00,-1.000000000000000000e+00,-1.000000000000000000e+00,-1.000000000000000000e+00,-1.000000000000000000e+00,-1.000000000000000000e+00,-1.000000000000000000e+00,-1.000000000000000000e+00,-1.000000000000000000e+00,-1.000000000000000000e+00,-1.000000000000000000e+00,-1.000000000000000000e+00,-1.000000000000000000e+00,-1.000000000000000000e+00,-1.000000000000000000e+00,-1.000000000000000000e+00,-1.000000000000000000e+00,-1.000000000000000000e+00,-1.000000000000000000e+00,-1.000000000000000000e+00,-1.000000000000000000e+00,-1.000000000000000000e+00,-1.000000000000000000e+00,-1.000000000000000000e+00,-1.000000000000000000e+00,-1.000000000000000000e+00,-1.000000000000000000e+00,-1.000000000000000000e+00,-1.000000000000000000e+00,-1.000000000000000000e+00,-1.000000000000000000e+00,-1.000000000000000000e+00,-1.000000000000000000e+00,-1.000000000000000000e+00,-1.000000000000000000e+00,-1.000000000000000000e+00
-1.000000000000000000e+00,-1.000000000000000000e+00,-1.000000000000000000e+00,-1.000000000000000000e+00,-1.000000000000000000e+00,-1.000000000000000000e+00,-1.000000000000000000e+00,-1.000000000000000000e+00,-1.000000000000000000e+00,-1.000000000000000000e+00,-1.000000000000000000e+00,-1.000000000000000000e+00,-1.000000000000000000e+00,-1.000000000000000000e+00,-1.000000000000000000e+00,-1.000000000000000000e+00,-1.000000000000000000e+00,-1.000000000000000000e+00,-1.000000000000000000e+00,-1.000000000000000000e+00,-1.000000000000000000e+00,-1.000000000000000000e+00,-1.000000000000000000e+00,-1.000000000000000000e+00,-1.000000000000000000e+00,-1.000000000000000000e+00,-1.000000000000000000e+00,-1.000000000000000000e+00,-1.000000000000000000e+00,-1.000000000000000000e+00,-1.000000000000000000e+00,-1.000000000000000000e+00,-1.000000000000000000e+00,-1.000000000000000000e+00,-1.000000000000000000e+00,-1.000000000000000000e+00,-1.000000000000000000e+00,-1.000000000000000000e+00,-1.000000000000000000e+00,-1.000000000000000000e+00,-1.000000000000000000e+00,-1.000000000000000000e+00,-1.000000000000000000e+00,-1.000000000000000000e+00,-1.000000000000000000e+00,-1.000000000000000000e+00,-8.082011566102884625e-01,-8.082343085726856335e-01,-8.083337879713198282e-01,-8.084996644551925016e-01,-8.087320495274680221e-01,-8.090310814495307312e-01,-8.093968753943031613e-01,-8.098293664444431439e-01,-8.103278406189279304e-01,-8.108896041075724925e-01,-8.115064135692986458e-01,-8.121554574803837578e-01,-8.127780102044618316e-01,-8.132324335197022025e-01,-8.131988566170187394e-01,-8.120037206554344689e-01,-8.083338610631820575e-01,-7.998437686339360253e-01,-7.827567378362367823e-01,-7.517389070802432682e-01,-7.005433372565925687e-01,-6.240302567644286924e-01,-5.219354292903738424e-01,-4.039777823429027137e-01,-2.942860120902066612e-01,-2.291018737825883944e-01,-2.291018738504448926e-01,-2.942860122758123032e-01,-4.039777826554411533e-01,-5.219354297086495897e-01,-6.240302572770104472e-01,-7.005433378350484075e-01,-7.517389077103103778e-01,-7.827567385007285772e-01,-7.998437693133769733e-01,-8.083338617592056297e-01,-8.120037213504499585e-01,-8.131988573268084108e-01,-8.132324342417343033e-01,-8.127780109453399682e-01,-8.121554582494447949e-01,-8.115064143708766720e-01,-8.108896049382066096e-01,-8.103278414748913416e-01,-8.098293672926457631e-01,-8.093968762314690535e-01,-8.090310822739474883e-01,-8.087320503384245463e-01,-8.084996652516027726e-01,-8.083337886576330567e-01,-8.082343091983373862e-01,-8.082011572371030628e-01,-1.000000000000000000e+00,-1.000000000000000000e+00,-1.000000000000000000e+00,-1.000000000000000000e+00,-1.000000000000000000e+00,-1.000000000000000000e+00,-1.000000000000000000e+00,-1.000000000000000000e+00,-1.000000000000000000e+00,-1.000000000000000000e+00,-1.000000000000000000e+00,-1.000000000000000000e+00,-1.000000000000000000e+00,-1.000000000000000000e+00,-1.000000000000000000e+00,-1.000000000000000000e+00,-1.000000000000000000e+00,-1.000000000000000000e+00,-1.000000000000000000e+00,-1.000000000000000000e+00,-1.000000000000000000e+00,-1.000000000000000000e+00,-1.000000000000000000e+00,-1.000000000000000000e+00,-1.000000000000000000e+00,-1.000000000000000000e+00,-1.000000000000000000e+00,-1.000000000000000000e+00,-1.000000000000000000e+00,-1.000000000000000000e+00,-1.000000000000000000e+00,-1.000000000000000000e+00,-1.000000000000000000e+00,-1.000000000000000000e+00,-1.000000000000000000e+00,-1.000000000000000000e+00,-1.000000000000000000e+00,-1.000000000000000000e+00,-1.000000000000000000e+00,-1.000000000000000000e+00,-1.000000000000000000e+00,-1.000000000000000000e+00,-1.000000000000000000e+00,-1.000000000000000000e+00,-1.000000000000000000e+00,-1.000000000000000000e+00
-1.000000000000000000e+00,-1.000000000000000000e+00,-1.000000000000000000e+00,-1.000000000000000000e+00,-1.000000000000000000e+00,-1.000000000000000000e+00,-1.000000000000000000e+00,-1.000000000000000000e+00,-1.000000000000000000e+00,-1.000000000000000000e+00,-1.000000000000000000e+00,-1.000000000000000000e+00,-1.000000000000000000e+00,-1.000000000000000000e+00,-1.000000000000000000e+00,-1.000000000000000000e+00,-1.000000000000000000e+00,-1.000000000000000000e+00,-1.000000000000000000e+00,-1.000000000000000000e+00,-1.000000000000000000e+00,-1.000000000000000000e+00,-1.000000000000000000e+00,-1.000000000000000000e+00,-1.000000000000000000e+00,-1.000000000000000000e+00,-1.000000000000000000e+00,-1.000000000000000000e+00,-1.000000000000000000e+00,-1.000000000000000000e+00,-1.000000000000000000e+00,-1.000000000000000000e+00,-1.000000000000000000e+00,-1.000000000000000000e+00,-1.000000000000000000e+00,-1.000000000000000000e+00,-1.000000000000000000e+00,-1.000000000000000000e+00,-1.000000000000000000e+00,-1.000000000000000000e+00,-1.000000000000000000e+00,-1.000000000000000000e+00,-1.000000000000000000e+00,-1.000000000000000000e+00,-1.000000000000000000e+00,-1.000000000000000000e+00,-8.082728268784376002e-01,-8.083059788188182715e-01,-8.084054581402735362e-01,-8.085713344343653519e-01,-8.088037191359348510e-01,-8.091027503819875344e-01,-8.094685431935280118e-01,-8.099010325240365571e-01,-8.103995041904263896e-01,-8.109612642404134819e-01,-8.115780693669374379e-01,-8.122271084552747933e-01,-8.128496573035390860e-01,-8.133040815023567793e-01,-8.132705193077824912e-01,-8.120754314555098663e-01,-8.084056923073499323e-01,-7.999158633919214445e-01,-7.828293551945795237e-01,-7.518124735100575329e-01,-7.006184810752430492e-01,-6.241077820050935365e-01,-5.220161696147649355e-01,-4.040622824979898109e-01,-2.943740450874674508e-01,-2.291920114929426600e-01,-2.291920115497778632e-01,-2.943740452547636277e-01,-4.040622827854014609e-01,-5.220161700113548076e-01,-6.241077825043626071e-01,-7.006184816534419824e-01,-7.518124741428150459e-01,-7.828293558587360312e-01,-7.999158640681183208e-01,-8.084056929917698975e-01,-8.120754321441789880e-01,-8.132705200079162200e-01,-8.133040822189332442e-01,-8.128496580444605213e-01,-8.122271092222197453e-01,-8.115780701571453370e-01,-8.109612650362483244e-01,-8.103995049874122003e-01,-8.099010333121964278e-01,-8.094685439744884192e-01,-8.091027511305742825e-01,-8.088037198321327281e-01,-8.085713351611147903e-01,-8.084054589130504898e-01,-8.083059795355083121e-01,-8.082728275750485913e-01,-1.000000000000000000e+00,-1.000000000000000000e+00,-1.000000000000000000e+00,-1.000000000000000000e+00,-1.000000000000000000e+00,-1.000000000000000000e+00,-1.000000000000000000e+00,-1.000000000000000000e+00,-1.000000000000000000e+00,-1.000000000000000000e+00,-1.000000000000000000e+00,-1.000000000000000000e+00,-1.000000000000000000e+00,-1.000000000000000000e+00,-1.000000000000000000e+00,-1.000000000000000000e+00,-1.000000000000000000e+00,-1.000000000000000000e+00,-1.000000000000000000e+00,-1.000000000000000000e+00,-1.000000000000000000e+00,-1.000000000000000000e+00,-1.000000000000000000e+00,-1.000000000000000000e+00,-1.000000000000000000e+00,-1.000000000000000000e+00,-1.000000000000000000e+00,-1.000000000000000000e+00,-1.000000000000000000e+00,-1.000000000000000000e+00,-1.000000000000000000e+00,-1.000000000000000000e+00,-1.000000000000000000e+00,-1.000000000000000000e+00,-1.000000000000000000e+00,-1.000000000000000000e+00,-1.000000000000000000e+00,-1.000000000000000000e+00,-1.000000000000000000e+00,-1.000000000000000000e+00,-1.000000000000000000e+00,-1.000000000000000000e+00,-1.000000000000000000e+00,-1.000000000000000000e+00,-1.000000000000000000e+00,-1.000000000000000000e+00
-1.000000000000000000e+00,-1.000000000000000000e+00,-1.000000000000000000e+00,-1.000000000000000000e+00,-1.000000000000000000e+00,-1.000000000000000000e+00,-1.000000000000000000e+00,-1.000000000000000000e+00,-1.000000000000000000e+00,-1.000000000000000000e+00,-1.000000000000000000e+00,-1.000000000000000000e+00,-1.000000000000000000e+00,-1.000000000000000000e+00,-1.000000000000000000e+00,-1.000000000000000000e+00,-1.000000000000000000e+00,-1.000000000000000000e+00,-1.000000000000000000e+00,-1.000000000000000000e+00,-1.000000000000000000e+00,-1.000000000000000000e+00,-1.000000000000000000e+00,-1.000000000000000000e+00,-1.000000000000000000e+00,-1.000000000000000000e+00,-1.000000000000000000e+00,-1.000000000000000000e+00,-1.000000000000000000e+00,-1.000000000000000000e+00,-1.000000000000000000e+00,-1.000000000000000000e+00,-1.000000000000000000e+00,-1.000000000000000000e+00,-1.000000000000000000e+00,-1.000000000000000000e+00,-1.000000000000000000e+00,-1.000000000000000000e+00,-1.000000000000000000e+00,-1.000000000000000000e+00,-1.000000000000000000e+00,-1.000000000000000000e+00,-1.000000000000000000e+00,-1.000000000000000000e+00,-1.000000000000000000e+00,-1.000000000000000000e+00,-8.083732045985253523e-01,-8.084063565242680660e-01,-8.085058357968457621e-01,-8.086717119285433686e-01,-8.089040962397440193e-01,-8.092031267254897742e-01,-8.095689181622176545e-01,-8.100014052995790914e-01,-8.104998737269614173e-01,-8.110616292765965296e-01,-8.116784286500924317e-01,-8.123274612908291115e-01,-8.129500050221166729e-01,-8.134044307866985513e-01,-8.133708895365482361e-01,-8.121758694165165382e-01,-8.085062993215976768e-01,-8.000168398809961445e-01,-7.829310641085257538e-01,-7.519155122807599234e-01,-7.007237298646527002e-01,-6.242163670957658894e-01,-5.221292587312988953e-01,-4.041806385807783508e-01,-2.944973500141825351e-01,-2.293182647170479704e-01,-2.293182647738536417e-01,-2.944973501895522539e-01,-4.041806388675426298e-01,-5.221292591164992114e-01,-6.242163675704162085e-01,-7.007237304221963781e-01,-7.519155129006621641e-01,-7.829310647726167582e-01,-8.000168405719570996e-01,-8.085063000152309387e-01,-8.121758701080648013e-01,-8.133708902232426041e-01,-8.134044314703194889e-01,-8.129500057088784315e-01,-8.123274619733964474e-01,-8.116784293288190621e-01,-8.110616299547729335e-01,-8.104998744149796153e-01,-8.100014060204627775e-01,-8.095689189115431450e-01,-8.092031275267443924e-01,-8.089040970418834853e-01,-8.086717126397204858e-01,-8.085058365370906275e-01,-8.084063572403882292e-01,-8.083732052936056789e-01,-1.000000000000000000e+00,-1.000000000000000000e+00,-1.000000000000000000e+00,-1.000000000000000000e+00,-1.000000000000000000e+00,-1.000000000000000000e+00,-1.000000000000000000e+00,-1.000000000000000000e+00,-1.000000000000000000e+00,-1.000000000000000000e+00,-1.000000000000000000e+00,-1.000000000000000000e+00,-1.000000000000000000e+00,-1.000000000000000000e+00,-1.000000000000000000e+00,-1.000000000000000000e+00,-1.000000000000000000e+00,-1.000000000000000000e+00,-1.000000000000000000e+00,-1.000000000000000000e+00,-1.000000000000000000e+00,-1.000000000000000000e+00,-1.000000000000000000e+00,-1.000000000000000000e+00,-1.000000000000000000e+00,-1.000000000000000000e+00,-1.000000000000000000e+00,-1.000000000000000000e+00,-1.000000000000000000e+00,-1.000000000000000000e+00,-1.000000000000000000e+00,-1.000000000000000000e+00,-1.000000000000000000e+00,-1.000000000000000000e+00,-1.000000000000000000e+00,-1.000000000000000000e+00,-1.000000000000000000e+00,-1.000000000000000000e+00,-1.000000000000000000e+00,-1.000000000000000000e+00,-1.000000000000000000e+00,-1.000000000000000000e+00,-1.000000000000000000e+00,-1.000000000000000000e+00,-1.000000000000000000e+00,-1.000000000000000000e+00
-1.000000000000000000e+00,-1.000000000000000000e+00,-1.000000000000000000e+00,-1.000000000000000000e+00,-1.000000000000000000e+00,-1.000000000000000000e+00,-1.000000000000000000e+00,-1.000000000000000000e+00,-1.000000000000000000e+00,-1.000000000000000000e+00,-1.000000000000000000e+00,-1.000000000000000000e+00,-1.000000000000000000e+00,-1.000000000000000000e+00,-1.000000000000000000e+00,-1.000000000000000000e+00,-1.000000000000000000e+00,-1.000000000000000000e+00,-1.000000000000000000e+00,-1.000000000000000000e+00,-1.000000000000000000e+00,-1.000000000000000000e+00,-1.000000000000000000e+00,-1.000000000000000000e+00,-1.000000000000000000e+00,-1.000000000000000000e+00,-1.000000000000000000e+00,-1.000000000000000000e+00,-1.000000000000000000e+00,-1.000000000000000000e+00,-1.000000000000000000e+00,-1.000000000000000000e+00,-1.000000000000000000e+00,-1.000000000000000000e+00,-1.000000000000000000e+00,-1.000000000000000000e+00,-1.000000000000000000e+00,-1.000000000000000000e+00,-1.000000000000000000e+00,-1.000000000000000000e+00,-1.000000000000000000e+00,-1.000000000000000000e+00,-1.000000000000000000e+00,-1.000000000000000000e+00,-1.000000000000000000e+00,-1.000000000000000000e+00,-8.085023290463853041e-01,-8.085354809928951836e-01,-8.086349603085268845e-01,-8.088008364165468755e-01,-8.090332204573738029e-01,-8.093322502550887032e-01,-8.096980403097844281e-01,-8.101305250454721163e-01,-8.106289897490912555e-01,-8.111907400029222392e-01,-8.118075325196170144e-01,-8.124565574428571635e-01,-8.130790951680327838e-01,-8.135335235191282210e-01,-8.135000097849803824e-01,-8.123050773941326019e-01,-8.086357254034765019e-01,-8.001467419655414748e-01,-7.830619092303098272e-01,-7.520480692074995588e-01,-7.008591311413983060e-01,-6.243560618886551117e-01,-5.222747494166496418e-01,-4.043329065631093844e-01,-2.946559856759169982e-01,-2.294806939046909466e-01,-2.294806939524424161e-01,-2.946559858264979903e-01,-4.043329068064591691e-01,-5.222747497552269191e-01,-6.243560623132569098e-01,-7.008591316547561068e-01,-7.520480697891687161e-01,-7.830619098560281932e-01,-8.001467426143451522e-01,-8.086357260489723808e-01,-8.123050780377429891e-01,-8.135000104316845171e-01,-8.135335241649072069e-01,-8.130790958193776508e-01,-8.124565580986473634e-01,-8.118075331845466813e-01,-8.111907406922289621e-01,-8.106289904448895633e-01,-8.101305257598817589e-01,-8.096980409720327954e-01,-8.093322509136700038e-01,-8.090332212157175240e-01,-8.088008371244631567e-01,-8.086349610311777125e-01,-8.085354817077988754e-01,-8.085023297471218839e-01,-1.000000000000000000e+00,-1.000000000000000000e+00,-1.000000000000000000e+00,-1.000000000000000000e+00,-1.000000000000000000e+00,-1.000000000000000000e+00,-1.000000000000000000e+00,-1.000000000000000000e+00,-1.000000000000000000e+00,-1.000000000000000000e+00,-1.000000000000000000e+00,-1.000000000000000000e+00,-1.000000000000000000e+00,-1.000000000000000000e+00,-1.000000000000000000e+00,-1.000000000000000000e+00,-1.000000000000000000e+00,-1.000000000000000000e+00,-1.000000000000000000e+00,-1.000000000000000000e+00,-1.000000000000000000e+00,-1.000000000000000000e+00,-1.000000000000000000e+00,-1.000000000000000000e+00,-1.000000000000000000e+00,-1.000000000000000000e+00,-1.000000000000000000e+00,-1.000000000000000000e+00,-1.000000000000000000e+00,-1.000000000000000000e+00,-1.000000000000000000e+00,-1.000000000000000000e+00,-1.000000000000000000e+00,-1.000000000000000000e+00,-1.000000000000000000e+00,-1.000000000000000000e+00,-1.000000000000000000e+00,-1.000000000000000000e+00,-1.000000000000000000e+00,-1.000000000000000000e+00,-1.000000000000000000e+00,-1.000000000000000000e+00,-1.000000000000000000e+00,-1.000000000000000000e+00,-1.000000000000000000e+00,-1.000000000000000000e+00
-1.000000000000000000e+00,-1.000000000000000000e+00,-1.000000000000000000e+00,-1.000000000000000000e+00,-1.000000000000000000e+00,-1.000000000000000000e+00,-1.000000000000000000e+00,-1.000000000000000000e+00,-1.000000000000000000e+00,-1.000000000000000000e+00,-1.000000000000000000e+00,-1.000000000000000000e+00,-1.000000000000000000e+00,-1.000000000000000000e+00,-1.000000000000000000e+00,-1.000000000000000000e+00,-1.000000000000000000e+00,-1.000000000000000000e+00,-1.000000000000000000e+00,-1.000000000000000000e+00,-1.000000000000000000e+00,-1.000000000000000000e+00,-1.000000000000000000e+00,-1.000000000000000000e+00,-1.000000000000000000e+00,-1.000000000000000000e+00,-1.000000000000000000e+00,-1.000000000000000000e+00,-1.000000000000000000e+00,-1.000000000000000000e+00,-1.000000000000000000e+00,-1.000000000000000000e+00,-1.000000000000000000e+00,-1.000000000000000000e+00,-1.000000000000000000e+00,-1.000000000000000000e+00,-1.000000000000000000e+00,-1.000000000000000000e+00,-1.000000000000000000e+00,-1.000000000000000000e+00,-1.000000000000000000e+00,-1.000000000000000000e+00,-1.000000000000000000e+00,-1.000000000000000000e+00,-1.000000000000000000e+00,-1.000000000000000000e+00,-8.086602506437599036e-01,-8.086934026800010056e-01,-8.087928822132393059e-01,-8.089587585750366294e-01,-8.091911426840434629e-01,-8.094901720932992095e-01,-8.098559610073250425e-01,-8.102884434653636614e-01,-8.107869043467891279e-01,-8.113486489041124017e-01,-8.119654338458098808e-01,-8.126144501862833103e-01,-8.132369814522730778e-01,-8.136914138767035176e-01,-8.136579347054897493e-01,-8.124631105409365617e-01,-8.087940262794696133e-01,-8.003056261072255539e-01,-7.832219480404631895e-01,-7.522102032436053243e-01,-7.010247460018342869e-01,-6.245269304439099445e-01,-5.224527094783376624e-01,-4.045191583913682054e-01,-2.948500277366581379e-01,-2.296793769171110444e-01,-2.296793769625491421e-01,-2.948500278762283822e-01,-4.045191586120960858e-01,-5.224527097861322300e-01,-6.245269308262733077e-01,-7.010247464645993354e-01,-7.522102037759361703e-01,-7.832219486254005103e-01,-8.003056267257222522e-01,-8.087940269124684889e-01,-8.124631111747898649e-01,-8.136579353373876167e-01,-8.136914144913056646e-01,-8.132369820480513933e-01,-8.126144507608074052e-01,-8.119654343919119333e-01,-8.113486494535551152e-01,-8.107869049030134168e-01,-8.102884441299409435e-01,-8.098559617454916815e-01,-8.094901727858500040e-01,-8.091911433901968209e-01,-8.089587592636821034e-01,-8.087928829159298783e-01,-8.086934033697507074e-01,-8.086602513320038099e-01,-1.000000000000000000e+00,-1.000000000000000000e+00,-1.000000000000000000e+00,-1.000000000000000000e+00,-1.000000000000000000e+00,-1.000000000000000000e+00,-1.000000000000000000e+00,-1.000000000000000000e+00,-1.000000000000000000e+00,-1.000000000000000000e+00,-1.000000000000000000e+00,-1.000000000000000000e+00,-1.000000000000000000e+00,-1.000000000000000000e+00,-1.000000000000000000e+00,-1.000000000000000000e+00,-1.000000000000000000e+00,-1.000000000000000000e+00,-1.000000000000000000e+00,-1.000000000000000000e+00,-1.000000000000000000e+00,-1.000000000000000000e+00,-1.000000000000000000e+00,-1.000000000000000000e+00,-1.000000000000000000e+00,-1.000000000000000000e+00,-1.000000000000000000e+00,-1.000000000000000000e+00,-1.000000000000000000e+00,-1.000000000000000000e+00,-1.000000000000000000e+00,-1.000000000000000000e+00,-1.000000000000000000e+00,-1.000000000000000000e+00,-1.000000000000000000e+00,-1.000000000000000000e+00,-1.000000000000000000e+00,-1.000000000000000000e+00,-1.000000000000000000e+00,-1.000000000000000000e+00,-1.000000000000000000e+00,-1.000000000000000000e+00,-1.000000000000000000e+00,-1.000000000000000000e+00,-1.000000000000000000e+00,-1.000000000000000000e+00
-1.000000000000000000e+00,-1.000000000000000000e+00,-1.000000000000000000e+00,-1.000000000000000000e+00,-1.000000000000000000e+00,-1.000000000000000000e+00,-1.000000000000000000e+00,-1.000000000000000000e+00,-1.000000000000000000e+00,-1.000000000000000000e+00,-1.000000000000000000e+00,-1.000000000000000000e+00,-1.000000000000000000e+00,-1.000000000000000000e+00,-1.000000000000000000e+00,-1.000000000000000000e+00,-1.000000000000000000e+00,-1.000000000000000000e+00,-1.000000000000000000e+00,-1.000000000000000000e+00,-1.000000000000000000e+00,-1.000000000000000000e+00,-1.000000000000000000e+00,-1.000000000000000000e+00,-1.000000000000000000e+00,-1.000000000000000000e+00,-1.000000000000000000e+00,-1.000000000000000000e+00,-1.000000000000000000e+00,-1.000000000000000000e+00,-1.000000000000000000e+00,-1.000000000000000000e+00,-1.000000000000000000e+00,-1.000000000000000000e+00,-1.000000000000000000e+00,-1.000000000000000000e+00,-1.000000000000000000e+00,-1.000000000000000000e+00,-1.000000000000000000e+00,-1.000000000000000000e+00,-1.000000000000000000e+00,-1.000000000000000000e+00,-1.000000000000000000e+00,-1.000000000000000000e+00,-1.000000000000000000e+00,-1.000000000000000000e+00,-8.088470309316089235e-01,-8.088801831647934870e-01,-8.089796632023025236e-01,-8.091455402439082789e-01,-8.093779249996460035e-01,-8.096769546609341450e-01,-8.100427430326626599e-01,-8.104752237064025699e-01,-8.109736810858223510e-01,-8.115354200335842538e-01,-8.121521972119041255e-01,-8.128012046434494042e-01,-8.134237295304733717e-01,-8.138781680568690780e-01,-8.138447310625875897e-01,-8.126500362320671078e-01,-8.089812700272467350e-01,-8.004935612830390568e-01,-7.834112507914461343e-01,-7.524019865103517279e-01,-7.012206492710117978e-01,-6.247290512864021039e-01,-5.226632220621694191e-01,-4.047394822555910876e-01,-2.950795688718752530e-01,-2.299144090615337088e-01,-2.299144090966245280e-01,-2.950795689858748405e-01,-4.047394824509551459e-01,-5.226632223476554984e-01,-6.247290516549436346e-01,-7.012206497173661957e-01,-7.524019870100157048e-01,-7.834112513223703278e-01,-8.004935618191302282e-01,-8.089812705594210396e-01,-8.126500367485764986e-01,-8.138447315692359796e-01,-8.138781685544121958e-01,-8.134237300268226667e-01,-8.128012051553440420e-01,-8.121521977411599869e-01,-8.115354206084148814e-01,-8.109736816449211183e-01,-8.104752242658261885e-01,-8.100427436781596491e-01,-8.096769553400364750e-01,-8.093779256654259902e-01,-8.091455409244960872e-01,-8.089796638947630569e-01,-8.088801838447373660e-01,-8.088470316310594210e-01,-1.000000000000000000e+00,-1.000000000000000000e+00,-1.000000000000000000e+00,-1.000000000000000000e+00,-1.000000000000000000e+00,-1.000000000000000000e+00,-1.000000000000000000e+00,-1.000000000000000000e+00,-1.000000000000000000e+00,-1.000000000000000000e+00,-1.000000000000000000e+00,-1.000000000000000000e+00,-1.000000000000000000e+00,-1.000000000000000000e+00,-1.000000000000000000e+00,-1.000000000000000000e+00,-1.000000000000000000e+00,-1.000000000000000000e+00,-1.000000000000000000e+00,-1.000000000000000000e+00,-1.000000000000000000e+00,-1.000000000000000000e+00,-1.000000000000000000e+00,-1.000000000000000000e+00,-1.000000000000000000e+00,-1.000000000000000000e+00,-1.000000000000000000e+00,-1.000000000000000000e+00,-1.000000000000000000e+00,-1.000000000000000000e+00,-1.000000000000000000e+00,-1.000000000000000000e+00,-1.000000000000000000e+00,-1.000000000000000000e+00,-1.000000000000000000e+00,-1.000000000000000000e+00,-1.000000000000000000e+00,-1.000000000000000000e+00,-1.000000000000000000e+00,-1.000000000000000000e+00,-1.000000000000000000e+00,-1.000000000000000000e+00,-1.000000000000000000e+00,-1.000000000000000000e+00,-1.000000000000000000e+00,-1.000000000000000000e+00
-1.000000000000000000e+00,-1.000000000000000000e+00,-1.000000000000000000e+00,-1.000000000000000000e+00,-1.000000000000000000e+00,-1.000000000000000000e+00,-1.000000000000000000e+00,-1.000000000000000000e+00,-1.000000000000000000e+00,-1.000000000000000000e+00,-1.000000000000000000e+00,-1.000000000000000000e+00,-1.000000000000000000e+00,-1.000000000000000000e+00,-1.000000000000000000e+00,-1.000000000000000000e+00,-1.000000000000000000e+00,-1.000000000000000000e+00,-1.000000000000000000e+00,-1.000000000000000000e+00,-1.000000000000000000e+00,-1.000000000000000000e+00,-1.000000000000000000e+00,-1.000000000000000000e+00,-1.000000000000000000e+00,-1.000000000000000000e+00,-1.000000000000000000e+00,-1.000000000000000000e+00,-1.000000000000000000e+00,-1.000000000000000000e+00,-1.000000000000000000e+00,-1.000000000000000000e+00,-1.000000000000000000e+00,-1.000000000000000000e+00,-1.000000000000000000e+00,-1.000000000000000000e+00,-1.000000000000000000e+00,-1.000000000000000000e+00,-1.000000000000000000e+00,-1.000000000000000000e+00,-1.000000000000000000e+00,-1.000000000000000000e+00,-1.000000000000000000e+00,-1.000000000000000000e+00,-1.000000000000000000e+00,-1.000000000000000000e+00,-8.090627424754901487e-01,-8.090958950454110177e-01,-8.091953760196041179e-01,-8.093612543900532419e-01,-8.095936406196082569e-01,-8.098926715191587800e-01,-8.102584604054802186e-01,-8.106909403116715485e-01,-8.111893950520548957e-01,-8.117511290343010222e-01,-8.123678988560436576e-01,-8.130168976944124326e-01,-8.136394169587410907e-01,-8.140938643057262780e-01,-8.140604778163194055e-01,-8.128659341960695617e-01,-8.091975372623070317e-01,-8.007106292116763502e-01,-7.836299007083455948e-01,-7.526235044064386592e-01,-7.014469294869298821e-01,-6.249625172803543460e-01,-5.229063854908435616e-01,-4.049939824945097966e-01,-2.953447187932864981e-01,-2.301859032215086698e-01,-2.301859032377256975e-01,-2.953447188563498305e-01,-4.049939826224848716e-01,-5.229063856917776087e-01,-6.249625175554109902e-01,-7.014469298239917050e-01,-7.526235047795221123e-01,-7.836299011121714564e-01,-8.007106296337931362e-01,-8.091975377010457438e-01,-8.128659346475362035e-01,-8.140604782720193278e-01,-8.140938647582934840e-01,-8.136394173955691089e-01,-8.130168981160862396e-01,-8.123678992629603801e-01,-8.117511294898913654e-01,-8.111893955987690141e-01,-8.106909408751178381e-01,-8.102584609919122327e-01,-8.098926721910069126e-01,-8.095936412918597336e-01,-8.093612550745959977e-01,-8.091953766998518649e-01,-8.090958957241047855e-01,-8.090627431836874273e-01,-1.000000000000000000e+00,-1.000000000000000000e+00,-1.000000000000000000e+00,-1.000000000000000000e+00,-1.000000000000000000e+00,-1.000000000000000000e+00,-1.000000000000000000e+00,-1.000000000000000000e+00,-1.000000000000000000e+00,-1.000000000000000000e+00,-1.000000000000000000e+00,-1.000000000000000000e+00,-1.000000000000000000e+00,-1.000000000000000000e+00,-1.000000000000000000e+00,-1.000000000000000000e+00,-1.000000000000000000e+00,-1.000000000000000000e+00,-1.000000000000000000e+00,-1.000000000000000000e+00,-1.000000000000000000e+00,-1.000000000000000000e+00,-1.000000000000000000e+00,-1.000000000000000000e+00,-1.000000000000000000e+00,-1.000000000000000000e+00,-1.000000000000000000e+00,-1.000000000000000000e+00,-1.000000000000000000e+00,-1.000000000000000000e+00,-1.000000000000000000e+00,-1.000000000000000000e+00,-1.000000000000000000e+00,-1.000000000000000000e+00,-1.000000000000000000e+00,-1.000000000000000000e+00,-1.000000000000000000e+00,-1.000000000000000000e+00,-1.000000000000000000e+00,-1.000000000000000000e+00,-1.000000000000000000e+00,-1.000000000000000000e+00,-1.000000000000000000e+00,-1.000000000000000000e+00,-1.000000000000000000e+00,-1.000000000000000000e+00
-1.000000000000000000e+00,-1.000000000000000000e+00,-1.000000000000000000e+00,-1.000000000000000000e+00,-1.000000000000000000e+00,-1.000000000000000000e+00,-1.000000000000000000e+00,-1.000000000000000000e+00,-1.000000000000000000e+00,-1.000000000000000000e+00,-1.000000000000000000e+00,-1.000000000000000000e+00,-1.000000000000000000e+00,-1.000000000000000000e+00,-1.000000000000000000e+00,-1.000000000000000000e+00,-1.000000000000000000e+00,-1.000000000000000000e+00,-1.000000000000000000e+00,-1.000000000000000000e+00,-1.000000000000000000e+00,-1.000000000000000000e+00,-1.000000000000000000e+00,-1.000000000000000000e+00,-1.000000000000000000e+00,-1.000000000000000000e+00,-1.000000000000000000e+00,-1.000000000000000000e+00,-1.000000000000000000e+00,-1.000000000000000000e+00,-1.000000000000000000e+00,-1.000000000000000000e+00,-1.000000000000000000e+00,-1.000000000000000000e+00,-1.000000000000000000e+00,-1.000000000000000000e+00,-1.000000000000000000e+00,-1.000000000000000000e+00,-1.000000000000000000e+00,-1.000000000000000000e+00,-1.000000000000000000e+00,-1.000000000000000000e+00,-1.000000000000000000e+00,-1.000000000000000000e+00,-1.000000000000000000e+00,-1.000000000000000000e+00,-8.093074687884462826e-01,-8.093406218664531693e-01,-8.094401043374801485e-01,-8.096059849731912506e-01,-8.098383738853374147e-01,-8.101374074323947072e-01,-8.105031983751163072e-01,-8.109356791097346306e-01,-8.114341327497992529e-01,-8.119958631400445714e-01,-8.126126267636196721e-01,-8.132616180844415288e-01,-8.138841332631239212e-01,-8.143385929451605332e-01,-8.143052661017349259e-01,-8.131108964197858446e-01,-8.094429209527829183e-01,-8.009569241231823122e-01,-7.838779937933124664e-01,-7.528748555257434028e-01,-7.017036889764118879e-01,-6.252274358372358343e-01,-5.231823135075569509e-01,-4.052827797799990472e-01,-2.956456043345943030e-01,-2.304939898599487336e-01,-2.304939898695063105e-01,-2.956456043765940400e-01,-4.052827798805715975e-01,-5.231823136791019513e-01,-6.252274360815677223e-01,-7.017036892735944997e-01,-7.528748558468858487e-01,-7.838779941274770513e-01,-8.009569244576592029e-01,-8.094429212678468932e-01,-8.131108967189017989e-01,-8.143052663763211685e-01,-8.143385932253749404e-01,-8.138841335829447576e-01,-8.132616184698739925e-01,-8.126126271893883146e-01,-8.119958635308519579e-01,-8.114341331922453326e-01,-8.109356796420891245e-01,-8.105031989241793244e-01,-8.101374080598209293e-01,-8.098383745300957726e-01,-8.096059856539403743e-01,-8.094401050420554355e-01,-8.093406225885333427e-01,-8.093074695220364712e-01,-1.000000000000000000e+00,-1.000000000000000000e+00,-1.000000000000000000e+00,-1.000000000000000000e+00,-1.000000000000000000e+00,-1.000000000000000000e+00,-1.000000000000000000e+00,-1.000000000000000000e+00,-1.000000000000000000e+00,-1.000000000000000000e+00,-1.000000000000000000e+00,-1.000000000000000000e+00,-1.000000000000000000e+00,-1.000000000000000000e+00,-1.000000000000000000e+00,-1.000000000000000000e+00,-1.000000000000000000e+00,-1.000000000000000000e+00,-1.000000000000000000e+00,-1.000000000000000000e+00,-1.000000000000000000e+00,-1.000000000000000000e+00,-1.000000000000000000e+00,-1.000000000000000000e+00,-1.000000000000000000e+00,-1.000000000000000000e+00,-1.000000000000000000e+00,-1.000000000000000000e+00,-1.000000000000000000e+00,-1.000000000000000000e+00,-1.000000000000000000e+00,-1.000000000000000000e+00,-1.000000000000000000e+00,-1.000000000000000000e+00,-1.000000000000000000e+00,-1.000000000000000000e+00,-1.000000000000000000e+00,-1.000000000000000000e+00,-1.000000000000000000e+00,-1.000000000000000000e+00,-1.000000000000000000e+00,-1.000000000000000000e+00,-1.000000000000000000e+00,-1.000000000000000000e+00,-1.000000000000000000e+00,-1.000000000000000000e+00
-1.000000000000000000e+00,-1.000000000000000000e+00,-1.000000000000000000e+00,-1.000000000000000000e+00,-1.000000000000000000e+00,-1.000000000000000000e+00,-1.000000000000000000e+00,-1.000000000000000000e+00,-1.000000000000000000e+00,-1.000000000000000000e+00,-1.000000000000000000e+00,-1.000000000000000000e+00,-1.000000000000000000e+00,-1.000000000000000000e+00,-1.000000000000000000e+00,-1.000000000000000000e+00,-1.000000000000000000e+00,-1.000000000000000000e+00,-1.000000000000000000e+00,-1.000000000000000000e+00,-1.000000000000000000e+00,-1.000000000000000000e+00,-1.000000000000000000e+00,-1.000000000000000000e+00,-1.000000000000000000e+00,-1.000000000000000000e+00,-1.000000000000000000e+00,-1.000000000000000000e+00,-1.000000000000000000e+00,-1.000000000000000000e+00,-1.000000000000000000e+00,-1.000000000000000000e+00,-1.000000000000000000e+00,-1.000000000000000000e+00,-1.000000000000000000e+00,-1.000000000000000000e+00,-1.000000000000000000e+00,-1.000000000000000000e+00,-1.000000000000000000e+00,-1.000000000000000000e+00,-1.000000000000000000e+00,-1.000000000000000000e+00,-1.000000000000000000e+00,-1.000000000000000000e+00,-1.000000000000000000e+00,-1.000000000000000000e+00,-8.095813042311408303e-01,-8.096144580741158059e-01,-8.097139427673777368e-01,-8.098798268598333960e-01,-8.101122200713234411e-01,-8.104112582198454984e-01,-8.107770533925534595e-01,-8.112095372308678609e-01,-8.117079920448949659e-01,-8.122697210155843672e-01,-8.128864804594088112e-01,-8.135354662291011119e-01,-8.141579797741854696e-01,-8.146124562502901068e-01,-8.145791991933062359e-01,-8.133850272537910264e-01,-8.097175266645212366e-01,-8.012325530820061381e-01,-7.841556391348638577e-01,-7.531561518661838983e-01,-7.019910439385618206e-01,-6.255239289391654189e-01,-5.234911353445412807e-01,-4.056060113030548475e-01,-2.959823697783464658e-01,-2.308388174231110757e-01,-2.308388174240008084e-01,-2.959823697897692174e-01,-4.056060113482775620e-01,-5.234911354396615257e-01,-6.255239290819575304e-01,-7.019910441135270851e-01,-7.531561520612523042e-01,-7.841556393397725033e-01,-8.012325533086944729e-01,-8.097175268969289963e-01,-8.133850275054305135e-01,-8.145791994357426402e-01,-8.146124564841900062e-01,-8.141579799978957421e-01,-8.135354664650071843e-01,-8.128864808056566194e-01,-8.122697213965340834e-01,-8.117079924213379538e-01,-8.112095376898984522e-01,-8.107770538962194573e-01,-8.104112588020997432e-01,-8.101122207059849867e-01,-8.098798275635826771e-01,-8.097139435059750312e-01,-8.096144588369338368e-01,-8.095813050001678945e-01,-1.000000000000000000e+00,-1.000000000000000000e+00,-1.000000000000000000e+00,-1.000000000000000000e+00,-1.000000000000000000e+00,-1.000000000000000000e+00,-1.000000000000000000e+00,-1.000000000000000000e+00,-1.000000000000000000e+00,-1.000000000000000000e+00,-1.000000000000000000e+00,-1.000000000000000000e+00,-1.000000000000000000e+00,-1.000000000000000000e+00,-1.000000000000000000e+00,-1.000000000000000000e+00,-1.000000000000000000e+00,-1.000000000000000000e+00,-1.000000000000000000e+00,-1.000000000000000000e+00,-1.000000000000000000e+00,-1.000000000000000000e+00,-1.000000000000000000e+00,-1.000000000000000000e+00,-1.000000000000000000e+00,-1.000000000000000000e+00,-1.000000000000000000e+00,-1.000000000000000000e+00,-1.000000000000000000e+00,-1.000000000000000000e+00,-1.000000000000000000e+00,-1.000000000000000000e+00,-1.000000000000000000e+00,-1.000000000000000000e+00,-1.000000000000000000e+00,-1.000000000000000000e+00,-1.000000000000000000e+00,-1.000000000000000000e+00,-1.000000000000000000e+00,-1.000000000000000000e+00,-1.000000000000000000e+00,-1.000000000000000000e+00,-1.000000000000000000e+00,-1.000000000000000000e+00,-1.000000000000000000e+00,-1.000000000000000000e+00
-1.000000000000000000e+00,-1.000000000000000000e+00,-1.000000000000000000e+00,-1.000000000000000000e+00,-1.000000000000000000e+00,-1.000000000000000000e+00,-1.000000000000000000e+00,-1.000000000000000000e+00,-1.000000000000000000e+00,-1.000000000000000000e+00,-1.000000000000000000e+00,-1.000000000000000000e+00,-1.000000000000000000e+00,-1.000000000000000000e+00,-1.000000000000000000e+00,-1.000000000000000000e+00,-1.000000000000000000e+00,-1.000000000000000000e+00,-1.000000000000000000e+00,-1.000000000000000000e+00,-1.000000000000000000e+00,-1.000000000000000000e+00,-1.000000000000000000e+00,-1.000000000000000000e+00,-1.000000000000000000e+00,-1.000000000000000000e+00,-1.000000000000000000e+00,-1.000000000000000000e+00,-1.000000000000000000e+00,-1.000000000000000000e+00,-1.000000000000000000e+00,-1.000000000000000000e+00,-1.000000000000000000e+00,-1.000000000000000000e+00,-1.000000000000000000e+00,-1.000000000000000000e+00,-1.000000000000000000e+00,-1.000000000000000000e+00,-1.000000000000000000e+00,-1.000000000000000000e+00,-1.000000000000000000e+00,-1.000000000000000000e+00,-1.000000000000000000e+00,-1.000000000000000000e+00,-1.000000000000000000e+00,-1.000000000000000000e+00,-8.098843538417441756e-01,-8.099175087909273874e-01,-8.100169966781084474e-01,-8.101828857720980714e-01,-8.104152853420504288e-01,-8.107143306014705786e-01,-8.110801328777167418e-01,-8.115126229231034438e-01,-8.120110821081943930e-01,-8.125728128162518216e-01,-8.131895711389253156e-01,-8.138385544041506492e-01,-8.144610698673732108e-01,-8.149155686931910392e-01,-8.148823926696463493e-01,-8.136884434485138762e-01,-8.100214724853088688e-01,-8.015376358685930569e-01,-7.844629588458216229e-01,-7.534675188927036915e-01,-7.023091246160819701e-01,-6.258521333289170929e-01,-5.238329958353891147e-01,-4.059638307306218108e-01,-2.963551766494063600e-01,-2.312205520596016806e-01,-2.312205520565921990e-01,-2.963551766472980464e-01,-4.059638307406393531e-01,-5.238329958707867995e-01,-6.258521333907091089e-01,-7.023091247002916093e-01,-7.534675190036368431e-01,-7.844629589616727294e-01,-8.015376359941911444e-01,-8.100214725867421750e-01,-8.136884435387989889e-01,-8.148823927531547717e-01,-8.149155688196398906e-01,-8.144610700618983845e-01,-8.138385545920998609e-01,-8.131895713753680699e-01,-8.125728131518885622e-01,-8.120110824741724187e-01,-8.115126233455240978e-01,-8.110801333705369709e-01,-8.107143311688882470e-01,-8.104152859699429445e-01,-8.101828864842625100e-01,-8.100169974336426382e-01,-8.099175095866545382e-01,-8.098843546509754132e-01,-1.000000000000000000e+00,-1.000000000000000000e+00,-1.000000000000000000e+00,-1.000000000000000000e+00,-1.000000000000000000e+00,-1.000000000000000000e+00,-1.000000000000000000e+00,-1.000000000000000000e+00,-1.000000000000000000e+00,-1.000000000000000000e+00,-1.000000000000000000e+00,-1.000000000000000000e+00,-1.000000000000000000e+00,-1.000000000000000000e+00,-1.000000000000000000e+00,-1.000000000000000000e+00,-1.000000000000000000e+00,-1.000000000000000000e+00,-1.000000000000000000e+00,-1.000000000000000000e+00,-1.000000000000000000e+00,-1.000000000000000000e+00,-1.000000000000000000e+00,-1.000000000000000000e+00,-1.000000000000000000e+00,-1.000000000000000000e+00,-1.000000000000000000e+00,-1.000000000000000000e+00,-1.000000000000000000e+00,-1.000000000000000000e+00,-1.000000000000000000e+00,-1.000000000000000000e+00,-1.000000000000000000e+00,-1.000000000000000000e+00,-1.000000000000000000e+00,-1.000000000000000000e+00,-1.000000000000000000e+00,-1.000000000000000000e+00,-1.000000000000000000e+00,-1.000000000000000000e+00,-1.000000000000000000e+00,-1.000000000000000000e+00,-1.000000000000000000e+00,-1.000000000000000000e+00,-1.000000000000000000e+00,-1.000000000000000000e+00
-1.000000000000000000e+00,-1.000000000000000000e+00,-1.000000000000000000e+00,-1.000000000000000000e+00,-1.000000000000000000e+00,-1.000000000000000000e+00,-1.000000000000000000e+00,-1.000000000000000000e+00,-1.000000000000000000e+00,-1.000000000000000000e+00,-1.000000000000000000e+00,-1.000000000000000000e+00,-1.000000000000000000e+00,-1.000000000000000000e+00,-1.000000000000000000e+00,-1.000000000000000000e+00,-1.000000000000000000e+00,-1.000000000000000000e+00,-1.000000000000000000e+00,-1.000000000000000000e+00,-1.000000000000000000e+00,-1.000000000000000000e+00,-1.000000000000000000e+00,-1.000000000000000000e+00,-1.000000000000000000e+00,-1.000000000000000000e+00,-1.000000000000000000e+00,-1.000000000000000000e+00,-1.000000000000000000e+00,-1.000000000000000000e+00,-1.000000000000000000e+00,-1.000000000000000000e+00,-1.000000000000000000e+00,-1.000000000000000000e+00,-1.000000000000000000e+00,-1.000000000000000000e+00,-1.000000000000000000e+00,-1.000000000000000000e+00,-1.000000000000000000e+00,-1.000000000000000000e+00,-1.000000000000000000e+00,-1.000000000000000000e+00,-1.000000000000000000e+00,-1.000000000000000000e+00,-1.000000000000000000e+00,-1.000000000000000000e+00,-8.102167333110019687e-01,-8.102498897547514289e-01,-8.103493820259934921e-01,-8.105152780908795318e-01,-8.107476866833168705e-01,-8.110467422903805401e-01,-8.114125553666112767e-01,-8.118450556431872078e-01,-8.123435234182372344e-01,-8.129052601219568519e-01,-8.135220215353428097e-01,-8.141710065332150581e-01,-8.147935286953364997e-01,-8.152480566988956623e-01,-8.152149742746341854e-01,-8.140212741515701067e-01,-8.103548891314595881e-01,-8.018723051093132881e-01,-7.848000881186051325e-01,-7.538090954806377919e-01,-7.026580751799976765e-01,-6.262122004384712559e-01,-5.242080555128001418e-01,-4.063564085566182538e-01,-2.967642042981871731e-01,-2.316393783263457351e-01,-2.316393783239151238e-01,-2.967642042975324745e-01,-4.063564085531728987e-01,-5.242080555064823066e-01,-6.262122004324660596e-01,-7.026580751691948734e-01,-7.538090954775120700e-01,-7.848000881192465084e-01,-8.018723051332904417e-01,-8.103548891670133703e-01,-8.140212741973553712e-01,-8.152149743002887750e-01,-8.152480567004485312e-01,-8.147935287615384325e-01,-8.141710066691845160e-01,-8.135220216797698356e-01,-8.129052603362032503e-01,-8.123435237167351275e-01,-8.118450559998215965e-01,-8.114125558139804184e-01,-8.110467428126042488e-01,-8.107476872757333197e-01,-8.105152788028852084e-01,-8.103493828196774995e-01,-8.102498906113111410e-01,-8.102167341870900596e-01,-1.000000000000000000e+00,-1.000000000000000000e+00,-1.000000000000000000e+00,-1.000000000000000000e+00,-1.000000000000000000e+00,-1.000000000000000000e+00,-1.000000000000000000e+00,-1.000000000000000000e+00,-1.000000000000000000e+00,-1.000000000000000000e+00,-1.000000000000000000e+00,-1.000000000000000000e+00,-1.000000000000000000e+00,-1.000000000000000000e+00,-1.000000000000000000e+00,-1.000000000000000000e+00,-1.000000000000000000e+00,-1.000000000000000000e+00,-1.000000000000000000e+00,-1.000000000000000000e+00,-1.000000000000000000e+00,-1.000000000000000000e+00,-1.000000000000000000e+00,-1.000000000000000000e+00,-1.000000000000000000e+00,-1.000000000000000000e+00,-1.000000000000000000e+00,-1.000000000000000000e+00,-1.000000000000000000e+00,-1.000000000000000000e+00,-1.000000000000000000e+00,-1.000000000000000000e+00,-1.000000000000000000e+00,-1.000000000000000000e+00,-1.000000000000000000e+00,-1.000000000000000000e+00,-1.000000000000000000e+00,-1.000000000000000000e+00,-1.000000000000000000e+00,-1.000000000000000000e+00,-1.000000000000000000e+00,-1.000000000000000000e+00,-1.000000000000000000e+00,-1.000000000000000000e+00,-1.000000000000000000e+00,-1.000000000000000000e+00
-1.000000000000000000e+00,-1.000000000000000000e+00,-1.000000000000000000e+00,-1.000000000000000000e+00,-1.000000000000000000e+00,-1.000000000000000000e+00,-1.000000000000000000e+00,-1.000000000000000000e+00,-1.000000000000000000e+00,-1.000000000000000000e+00,-1.000000000000000000e+00,-1.000000000000000000e+00,-1.000000000000000000e+00,-1.000000000000000000e+00,-1.000000000000000000e+00,-1.000000000000000000e+00,-1.000000000000000000e+00,-1.000000000000000000e+00,-1.000000000000000000e+00,-1.000000000000000000e+00,-1.000000000000000000e+00,-1.000000000000000000e+00,-1.000000000000000000e+00,-1.000000000000000000e+00,-1.000000000000000000e+00,-1.000000000000000000e+00,-1.000000000000000000e+00,-1.000000000000000000e+00,-1.000000000000000000e+00,-1.000000000000000000e+00,-1.000000000000000000e+00,-1.000000000000000000e+00,-1.000000000000000000e+00,-1.000000000000000000e+00,-1.000000000000000000e+00,-1.000000000000000000e+00,-1.000000000000000000e+00,-1.000000000000000000e+00,-1.000000000000000000e+00,-1.000000000000000000e+00,-1.000000000000000000e+00,-1.000000000000000000e+00,-1.000000000000000000e+00,-1.000000000000000000e+00,-1.000000000000000000e+00,-1.000000000000000000e+00,-8.105785687752566915e-01,-8.106117272173598565e-01,-8.107112253488366616e-01,-8.108771307757831615e-01,-8.111095516463242561e-01,-8.114086216177957001e-01,-8.117744501335694141e-01,-8.122069657383895747e-01,-8.127054475058842486e-01,-8.132671957567033649e-01,-8.138839658554384293e-01,-8.145329582601903429e-01,-8.151554933510205547e-01,-8.156100588113285310e-01,-8.155770840166459701e-01,-8.143836609184038622e-01,-8.107179199250216239e-01,-8.022367063320825498e-01,-7.851671754520104241e-01,-7.541810343221697632e-01,-7.030380542459019333e-01,-6.266042968775640265e-01,-5.246164909169124257e-01,-4.067839321553703424e-01,-2.972096497177173502e-01,-2.320954988605530289e-01,-2.320954988541729103e-01,-2.972096497023910544e-01,-4.067839321222386229e-01,-5.246164908613021316e-01,-6.266042968144005521e-01,-7.030380541751759527e-01,-7.541810342501714670e-01,-7.851671753742086590e-01,-8.022367062373871871e-01,-8.107179198234784057e-01,-8.143836608417995837e-01,-8.155770839967751984e-01,-8.156100587888805986e-01,-8.151554933032858496e-01,-8.145329582924567546e-01,-8.138839659490373357e-01,-8.132671959083309643e-01,-8.127054477740760507e-01,-8.122069660701860538e-01,-8.117744505561502733e-01,-8.114086221121366016e-01,-8.111095522093275667e-01,-8.108771314519016560e-01,-8.107112260973083906e-01,-8.106117280235849432e-01,-8.105785696049447875e-01,-1.000000000000000000e+00,-1.000000000000000000e+00,-1.000000000000000000e+00,-1.000000000000000000e+00,-1.000000000000000000e+00,-1.000000000000000000e+00,-1.000000000000000000e+00,-1.000000000000000000e+00,-1.000000000000000000e+00,-1.000000000000000000e+00,-1.000000000000000000e+00,-1.000000000000000000e+00,-1.000000000000000000e+00,-1.000000000000000000e+00,-1.000000000000000000e+00,-1.000000000000000000e+00,-1.000000000000000000e+00,-1.000000000000000000e+00,-1.000000000000000000e+00,-1.000000000000000000e+00,-1.000000000000000000e+00,-1.000000000000000000e+00,-1.000000000000000000e+00,-1.000000000000000000e+00,-1.000000000000000000e+00,-1.000000000000000000e+00,-1.000000000000000000e+00,-1.000000000000000000e+00,-1.000000000000000000e+00,-1.000000000000000000e+00,-1.000000000000000000e+00,-1.000000000000000000e+00,-1.000000000000000000e+00,-1.000000000000000000e+00,-1.000000000000000000e+00,-1.000000000000000000e+00,-1.000000000000000000e+00,-1.000000000000000000e+00,-1.000000000000000000e+00,-1.000000000000000000e+00,-1.000000000000000000e+00,-1.000000000000000000e+00,-1.000000000000000000e+00,-1.000000000000000000e+00,-1.000000000000000000e+00,-1.000000000000000000e+00
-1.000000000000000000e+00,-1.000000000000000000e+00,-1.000000000000000000e+00,-1.000000000000000000e+00,-1.000000000000000000e+00,-1.000000000000000000e+00,-1.000000000000000000e+00,-1.000000000000000000e+00,-1.000000000000000000e+00,-1.000000000000000000e+00,-1.000000000000000000e+00,-1.000000000000000000e+00,-1.000000000000000000e+00,-1.000000000000000000e+00,-1.000000000000000000e+00,-1.000000000000000000e+00,-1.000000000000000000e+00,-1.000000000000000000e+00,-1.000000000000000000e+00,-1.000000000000000000e+00,-1.000000000000000000e+00,-1.000000000000000000e+00,-1.000000000000000000e+00,-1.000000000000000000e+00,-1.000000000000000000e+00,-1.000000000000000000e+00,-1.000000000000000000e+00,-1.000000000000000000e+00,-1.000000000000000000e+00,-1.000000000000000000e+00,-1.000000000000000000e+00,-1.000000000000000000e+00,-1.000000000000000000e+00,-1.000000000000000000e+00,-1.000000000000000000e+00,-1.000000000000000000e+00,-1.000000000000000000e+00,-1.000000000000000000e+00,-1.000000000000000000e+00,-1.000000000000000000e+00,-1.000000000000000000e+00,-1.000000000000000000e+00,-1.000000000000000000e+00,-1.000000000000000000e+00,-1.000000000000000000e+00,-1.000000000000000000e+00,-8.109699964922725268e-01,-8.110031575379652580e-01,-8.111026633413651599e-01,-8.112685810907551698e-01,-8.115010182532387262e-01,-8.118001075415465229e-01,-8.121659572438305608e-01,-8.125984945375347435e-01,-8.130969970741499520e-01,-8.136587638799314126e-01,-8.142755497822464772e-01,-8.149245568641163562e-01,-8.155471127668392217e-01,-8.160017256649060302e-01,-8.159688742747237544e-01,-8.147757579380079385e-01,-8.111107210351214958e-01,-8.026309980921425558e-01,-7.855643825847566930e-01,-7.545835016725752631e-01,-7.034492345312706174e-01,-6.270286041730686044e-01,-5.250584945630085709e-01,-4.072466060475682381e-01,-2.976917280962467771e-01,-2.325891351190620959e-01,-2.325891351141482488e-01,-2.976917280765314366e-01,-4.072466060066198823e-01,-5.250584944869468584e-01,-6.270286040649569737e-01,-7.034492343934526382e-01,-7.545835015162030146e-01,-7.855643824395436292e-01,-8.026309979463946975e-01,-8.111107208920829148e-01,-8.147757577594152423e-01,-8.159688741160728842e-01,-8.160017255872495934e-01,-8.155471126836757456e-01,-8.149245568119839467e-01,-8.142755498194107489e-01,-8.136587639743944056e-01,-8.130969972836796789e-01,-8.125984948184248324e-01,-8.121659576162582050e-01,-8.118001079826577815e-01,-8.115010187675189002e-01,-8.112685817197953231e-01,-8.111026640577432278e-01,-8.110031583289569745e-01,-8.109699973183265298e-01,-1.000000000000000000e+00,-1.000000000000000000e+00,-1.000000000000000000e+00,-1.000000000000000000e+00,-1.000000000000000000e+00,-1.000000000000000000e+00,-1.000000000000000000e+00,-1.000000000000000000e+00,-1.000000000000000000e+00,-1.000000000000000000e+00,-1.000000000000000000e+00,-1.000000000000000000e+00,-1.000000000000000000e+00,-1.000000000000000000e+00,-1.000000000000000000e+00,-1.000000000000000000e+00,-1.000000000000000000e+00,-1.000000000000000000e+00,-1.000000000000000000e+00,-1.000000000000000000e+00,-1.000000000000000000e+00,-1.000000000000000000e+00,-1.000000000000000000e+00,-1.000000000000000000e+00,-1.000000000000000000e+00,-1.000000000000000000e+00,-1.000000000000000000e+00,-1.000000000000000000e+00,-1.000000000000000000e+00,-1.000000000000000000e+00,-1.000000000000000000e+00,-1.000000000000000000e+00,-1.000000000000000000e+00,-1.000000000000000000e+00,-1.000000000000000000e+00,-1.000000000000000000e+00,-1.000000000000000000e+00,-1.000000000000000000e+00,-1.000000000000000000e+00,-1.000000000000000000e+00,-1.000000000000000000e+00,-1.000000000000000000e+00,-1.000000000000000000e+00,-1.000000000000000000e+00,-1.000000000000000000e+00,-1.000000000000000000e+00
-1.000000000000000000e+00,-1.000000000000000000e+00,-1.000000000000000000e+00,-1.000000000000000000e+00,-1.000000000000000000e+00,-1.000000000000000000e+00,-1.000000000000000000e+00,-1.000000000000000000e+00,-1.000000000000000000e+00,-1.000000000000000000e+00,-1.000000000000000000e+00,-1.000000000000000000e+00,-1.000000000000000000e+00,-1.000000000000000000e+00,-1.000000000000000000e+00,-1.000000000000000000e+00,-1.000000000000000000e+00,-1.000000000000000000e+00,-1.000000000000000000e+00,-1.000000000000000000e+00,-1.000000000000000000e+00,-1.000000000000000000e+00,-1.000000000000000000e+00,-1.000000000000000000e+00,-1.000000000000000000e+00,-1.000000000000000000e+00,-1.000000000000000000e+00,-1.000000000000000000e+00,-1.000000000000000000e+00,-1.000000000000000000e+00,-1.000000000000000000e+00,-1.000000000000000000e+00,-1.000000000000000000e+00,-1.000000000000000000e+00,-1.000000000000000000e+00,-1.000000000000000000e+00,-1.000000000000000000e+00,-1.000000000000000000e+00,-1.000000000000000000e+00,-1.000000000000000000e+00,-1.000000000000000000e+00,-1.000000000000000000e+00,-1.000000000000000000e+00,-1.000000000000000000e+00,-1.000000000000000000e+00,-1.000000000000000000e+00,-8.113911628780865470e-01,-8.114243272553203212e-01,-8.115238429036059076e-01,-8.116897765375050700e-01,-8.119222348426511360e-01,-8.122213494498389252e-01,-8.125872273181705685e-01,-8.130197940729649853e-01,-8.135183257295000026e-01,-8.140801198083597034e-01,-8.146969304276702184e-01,-8.153459613012009610e-01,-8.159685477590711278e-01,-8.164232199385170752e-01,-8.163905096227950242e-01,-8.151977317872858286e-01,-8.115334612930041880e-01,-8.030553519755292413e-01,-7.859918847650965157e-01,-7.550166778773950149e-01,-7.038918035201777723e-01,-6.274853194101384091e-01,-5.255342754202327882e-01,-4.077446521304867177e-01,-2.982106727952388292e-01,-2.331205271879264185e-01,-2.331205271714947846e-01,-2.982106727371500732e-01,-4.077446520456042833e-01,-5.255342753127465460e-01,-6.274853192814083824e-01,-7.038918033684546938e-01,-7.550166776816344960e-01,-7.859918845424238576e-01,-8.030553517333018920e-01,-8.115334611091575834e-01,-8.151977316250644812e-01,-8.163905094125776252e-01,-8.164232197595261420e-01,-8.159685476204761034e-01,-8.153459611780017324e-01,-8.146969304001311363e-01,-8.140801198601297362e-01,-8.135183258952529695e-01,-8.130197943239678704e-01,-8.125872276679027006e-01,-8.122213498585434399e-01,-8.119222353137880432e-01,-8.116897770921480681e-01,-8.115238435175773368e-01,-8.114243279223914973e-01,-8.113911635737208750e-01,-1.000000000000000000e+00,-1.000000000000000000e+00,-1.000000000000000000e+00,-1.000000000000000000e+00,-1.000000000000000000e+00,-1.000000000000000000e+00,-1.000000000000000000e+00,-1.000000000000000000e+00,-1.000000000000000000e+00,-1.000000000000000000e+00,-1.000000000000000000e+00,-1.000000000000000000e+00,-1.000000000000000000e+00,-1.000000000000000000e+00,-1.000000000000000000e+00,-1.000000000000000000e+00,-1.000000000000000000e+00,-1.000000000000000000e+00,-1.000000000000000000e+00,-1.000000000000000000e+00,-1.000000000000000000e+00,-1.000000000000000000e+00,-1.000000000000000000e+00,-1.000000000000000000e+00,-1.000000000000000000e+00,-1.000000000000000000e+00,-1.000000000000000000e+00,-1.000000000000000000e+00,-1.000000000000000000e+00,-1.000000000000000000e+00,-1.000000000000000000e+00,-1.000000000000000000e+00,-1.000000000000000000e+00,-1.000000000000000000e+00,-1.000000000000000000e+00,-1.000000000000000000e+00,-1.000000000000000000e+00,-1.000000000000000000e+00,-1.000000000000000000e+00,-1.000000000000000000e+00,-1.000000000000000000e+00,-1.000000000000000000e+00,-1.000000000000000000e+00,-1.000000000000000000e+00,-1.000000000000000000e+00,-1.000000000000000000e+00
-1.000000000000000000e+00,-1.000000000000000000e+00,-1.000000000000000000e+00,-1.000000000000000000e+00,-1.000000000000000000e+00,-1.000000000000000000e+00,-1.000000000000000000e+00,-1.000000000000000000e+00,-1.000000000000000000e+00,-1.000000000000000000e+00,-1.000000000000000000e+00,-1.000000000000000000e+00,-1.000000000000000000e+00,-1.000000000000000000e+00,-1.000000000000000000e+00,-1.000000000000000000e+00,-1.000000000000000000e+00,-1.000000000000000000e+00,-1.000000000000000000e+00,-1.000000000000000000e+00,-1.000000000000000000e+00,-1.000000000000000000e+00,-1.000000000000000000e+00,-1.000000000000000000e+00,-1.000000000000000000e+00,-1.000000000000000000e+00,-1.000000000000000000e+00,-1.000000000000000000e+00,-1.000000000000000000e+00,-1.000000000000000000e+00,-1.000000000000000000e+00,-1.000000000000000000e+00,-1.000000000000000000e+00,-1.000000000000000000e+00,-1.000000000000000000e+00,-1.000000000000000000e+00,-1.000000000000000000e+00,-1.000000000000000000e+00,-1.000000000000000000e+00,-1.000000000000000000e+00,-1.000000000000000000e+00,-1.000000000000000000e+00,-1.000000000000000000e+00,-1.000000000000000000e+00,-1.000000000000000000e+00,-1.000000000000000000e+00,-8.118422240248877042e-01,-8.118753926161006440e-01,-8.119749207194979501e-01,-8.121408745058309453e-01,-8.123733597718809651e-01,-8.126725069277276337e-01,-8.130384213976266095e-01,-8.134710270264080556e-01,-8.139695979352462585e-01,-8.145314299072738962e-01,-8.151482761600101767e-01,-8.157973420311395163e-01,-8.164199709572403929e-01,-8.168747164818862538e-01,-8.168421671629072511e-01,-8.156497618822450280e-01,-8.119863226203147821e-01,-8.035099528641981292e-01,-7.864498707654193899e-01,-7.554807571694697188e-01,-7.043659631658207854e-01,-6.279746549941225275e-01,-5.260440588765105119e-01,-4.082783099277900174e-01,-2.987667358717014388e-01,-2.336899344971782311e-01,-2.336899344745089202e-01,-2.987667357930088308e-01,-4.082783098068556438e-01,-5.260440587201348217e-01,-6.279746548058560141e-01,-7.043659629660209420e-01,-7.554807569590196170e-01,-7.864498705536584477e-01,-8.035099526003122161e-01,-8.119863223347950631e-01,-8.156497616525498762e-01,-8.168421669447387679e-01,-8.168747162542627782e-01,-8.164199707966766084e-01,-8.157973419171180574e-01,-8.151482761276838129e-01,-8.145314299497147248e-01,-8.139695980552865695e-01,-8.134710272040537316e-01,-8.130384216610699877e-01,-8.126725072447632536e-01,-8.123733601583358332e-01,-8.121408749628853396e-01,-8.119749212252715953e-01,-8.118753931687558989e-01,-8.118422246036829382e-01,-1.000000000000000000e+00,-1.000000000000000000e+00,-1.000000000000000000e+00,-1.000000000000000000e+00,-1.000000000000000000e+00,-1.000000000000000000e+00,-1.000000000000000000e+00,-1.000000000000000000e+00,-1.000000000000000000e+00,-1.000000000000000000e+00,-1.000000000000000000e+00,-1.000000000000000000e+00,-1.000000000000000000e+00,-1.000000000000000000e+00,-1.000000000000000000e+00,-1.000000000000000000e+00,-1.000000000000000000e+00,-1.000000000000000000e+00,-1.000000000000000000e+00,-1.000000000000000000e+00,-1.000000000000000000e+00,-1.000000000000000000e+00,-1.000000000000000000e+00,-1.000000000000000000e+00,-1.000000000000000000e+00,-1.000000000000000000e+00,-1.000000000000000000e+00,-1.000000000000000000e+00,-1.000000000000000000e+00,-1.000000000000000000e+00,-1.000000000000000000e+00,-1.000000000000000000e+00,-1.000000000000000000e+00,-1.000000000000000000e+00,-1.000000000000000000e+00,-1.000000000000000000e+00,-1.000000000000000000e+00,-1.000000000000000000e+00,-1.000000000000000000e+00,-1.000000000000000000e+00,-1.000000000000000000e+00,-1.000000000000000000e+00,-1.000000000000000000e+00,-1.000000000000000000e+00,-1.000000000000000000e+00,-1.000000000000000000e+00
-1.000000000000000000e+00,-1.000000000000000000e+00,-1.000000000000000000e+00,-1.000000000000000000e+00,-1.000000000000000000e+00,-1.000000000000000000e+00,-1.000000000000000000e+00,-1.000000000000000000e+00,-1.000000000000000000e+00,-1.000000000000000000e+00,-1.000000000000000000e+00,-1.000000000000000000e+00,-1.000000000000000000e+00,-1.000000000000000000e+00,-1.000000000000000000e+00,-1.000000000000000000e+00,-1.000000000000000000e+00,-1.000000000000000000e+00,-1.000000000000000000e+00,-1.000000000000000000e+00,-1.000000000000000000e+00,-1.000000000000000000e+00,-1.000000000000000000e+00,-1.000000000000000000e+00,-1.000000000000000000e+00,-1.000000000000000000e+00,-1.000000000000000000e+00,-1.000000000000000000e+00,-1.000000000000000000e+00,-1.000000000000000000e+00,-1.000000000000000000e+00,-1.000000000000000000e+00,-1.000000000000000000e+00,-1.000000000000000000e+00,-1.000000000000000000e+00,-1.000000000000000000e+00,-1.000000000000000000e+00,-1.000000000000000000e+00,-1.000000000000000000e+00,-1.000000000000000000e+00,-1.000000000000000000e+00,-1.000000000000000000e+00,-1.000000000000000000e+00,-1.000000000000000000e+00,-1.000000000000000000e+00,-1.000000000000000000e+00,-8.123233455591025720e-01,-8.123565194095355713e-01,-8.124560630778723258e-01,-8.126220421069361155e-01,-8.128545612595914349e-01,-8.131537495621526945e-01,-8.135197106944094259e-01,-8.139523664833689942e-01,-8.144509888635318440e-01,-8.150128715944036095e-01,-8.156297667418294095e-01,-8.162788811959662549e-01,-8.169015668886057124e-01,-8.173564022164050424e-01,-8.173240362537923520e-01,-8.161320401355363074e-01,-8.124694997663359786e-01,-8.039949989032599831e-01,-7.869385431400164332e-01,-7.559759481750452093e-01,-7.048719305390144241e-01,-6.284968392982109853e-01,-5.265880872521147005e-01,-4.088478368972039423e-01,-2.993601881681315913e-01,-2.342976357360924133e-01,-2.342976356933729187e-01,-2.993601880499254797e-01,-4.088478367359007493e-01,-5.265880870728195662e-01,-6.284968390978027397e-01,-7.048719303025846594e-01,-7.559759478987665426e-01,-7.869385428783450820e-01,-8.039949986774921342e-01,-8.124694995060952607e-01,-8.161320398678060251e-01,-8.173240360356828216e-01,-8.173564019833376992e-01,-8.169015666919789975e-01,-8.162788810537116024e-01,-8.156297666547535075e-01,-8.150128715844875416e-01,-8.144509889331654762e-01,-8.139523666203549723e-01,-8.135197109209300059e-01,-8.131537498289806987e-01,-8.128545615708528960e-01,-8.126220424432581968e-01,-8.124560634312655294e-01,-8.123565197893320988e-01,-8.123233459572215542e-01,-1.000000000000000000e+00,-1.000000000000000000e+00,-1.000000000000000000e+00,-1.000000000000000000e+00,-1.000000000000000000e+00,-1.000000000000000000e+00,-1.000000000000000000e+00,-1.000000000000000000e+00,-1.000000000000000000e+00,-1.000000000000000000e+00,-1.000000000000000000e+00,-1.000000000000000000e+00,-1.000000000000000000e+00,-1.000000000000000000e+00,-1.000000000000000000e+00,-1.000000000000000000e+00,-1.000000000000000000e+00,-1.000000000000000000e+00,-1.000000000000000000e+00,-1.000000000000000000e+00,-1.000000000000000000e+00,-1.000000000000000000e+00,-1.000000000000000000e+00,-1.000000000000000000e+00,-1.000000000000000000e+00,-1.000000000000000000e+00,-1.000000000000000000e+00,-1.000000000000000000e+00,-1.000000000000000000e+00,-1.000000000000000000e+00,-1.000000000000000000e+00,-1.000000000000000000e+00,-1.000000000000000000e+00,-1.000000000000000000e+00,-1.000000000000000000e+00,-1.000000000000000000e+00,-1.000000000000000000e+00,-1.000000000000000000e+00,-1.000000000000000000e+00,-1.000000000000000000e+00,-1.000000000000000000e+00,-1.000000000000000000e+00,-1.000000000000000000e+00,-1.000000000000000000e+00,-1.000000000000000000e+00,-1.000000000000000000e+00
-1.000000000000000000e+00,-1.000000000000000000e+00,-1.000000000000000000e+00,-1.000000000000000000e+00,-1.000000000000000000e+00,-1.000000000000000000e+00,-1.000000000000000000e+00,-1.000000000000000000e+00,-1.000000000000000000e+00,-1.000000000000000000e+00,-1.000000000000000000e+00,-1.000000000000000000e+00,-1.000000000000000000e+00,-1.000000000000000000e+00,-1.000000000000000000e+00,-1.000000000000000000e+00,-1.000000000000000000e+00,-1.000000000000000000e+00,-1.000000000000000000e+00,-1.000000000000000000e+00,-1.000000000000000000e+00,-1.000000000000000000e+00,-1.000000000000000000e+00,-1.000000000000000000e+00,-1.000000000000000000e+00,-1.000000000000000000e+00,-1.000000000000000000e+00,-1.000000000000000000e+00,-1.000000000000000000e+00,-1.000000000000000000e+00,-1.000000000000000000e+00,-1.000000000000000000e+00,-1.000000000000000000e+00,-1.000000000000000000e+00,-1.000000000000000000e+00,-1.000000000000000000e+00,-1.000000000000000000e+00,-1.000000000000000000e+00,-1.000000000000000000e+00,-1.000000000000000000e+00,-1.000000000000000000e+00,-1.000000000000000000e+00,-1.000000000000000000e+00,-1.000000000000000000e+00,-1.000000000000000000e+00,-1.000000000000000000e+00,-8.128347022811382994e-01,-8.128678826184282391e-01,-8.129674455122894994e-01,-8.131334558026750425e-01,-8.133660170671402900e-01,-8.136652567376084777e-01,-8.140312764848806060e-01,-8.144639958325403661e-01,-8.149626842081227895e-01,-8.155246330309859903e-01,-8.161415929499143962e-01,-8.167907723028209332e-01,-8.174135318608627410e-01,-8.178684762810970454e-01,-8.178363188879591572e-01,-8.166447714525506552e-01,-8.129832007604778088e-01,-8.045107017844841391e-01,-7.874581182998965367e-01,-7.565024738130396997e-01,-7.054099376542641853e-01,-6.290521165555634786e-01,-5.271666198744431320e-01,-4.094535087555948305e-01,-2.999913199020929344e-01,-2.349439296490765106e-01,-2.349439295990742860e-01,-2.999913197672815501e-01,-4.094535085526312956e-01,-5.271666196393189896e-01,-6.290521163249279679e-01,-7.054099374311730841e-01,-7.565024735656350474e-01,-7.874581179885162818e-01,-8.045107014960082292e-01,-8.129832005037298526e-01,-8.166447711661553033e-01,-8.178363186484958192e-01,-8.178684760788903496e-01,-8.174135316976854915e-01,-8.167907722121350300e-01,-8.161415928942103992e-01,-8.155246330206461502e-01,-8.149626842250647929e-01,-8.144639958759808396e-01,-8.140312765811746898e-01,-8.136652568555219345e-01,-8.133660172283727618e-01,-8.131334559859521027e-01,-8.129674457160435130e-01,-8.128678828356226127e-01,-8.128347025016293692e-01,-1.000000000000000000e+00,-1.000000000000000000e+00,-1.000000000000000000e+00,-1.000000000000000000e+00,-1.000000000000000000e+00,-1.000000000000000000e+00,-1.000000000000000000e+00,-1.000000000000000000e+00,-1.000000000000000000e+00,-1.000000000000000000e+00,-1.000000000000000000e+00,-1.000000000000000000e+00,-1.000000000000000000e+00,-1.000000000000000000e+00,-1.000000000000000000e+00,-1.000000000000000000e+00,-1.000000000000000000e+00,-1.000000000000000000e+00,-1.000000000000000000e+00,-1.000000000000000000e+00,-1.000000000000000000e+00,-1.000000000000000000e+00,-1.000000000000000000e+00,-1.000000000000000000e+00,-1.000000000000000000e+00,-1.000000000000000000e+00,-1.000000000000000000e+00,-1.000000000000000000e+00,-1.000000000000000000e+00,-1.000000000000000000e+00,-1.000000000000000000e+00,-1.000000000000000000e+00,-1.000000000000000000e+00,-1.000000000000000000e+00,-1.000000000000000000e+00,-1.000000000000000000e+00,-1.000000000000000000e+00,-1.000000000000000000e+00,-1.000000000000000000e+00,-1.000000000000000000e+00,-1.000000000000000000e+00,-1.000000000000000000e+00,-1.000000000000000000e+00,-1.000000000000000000e+00,-1.000000000000000000e+00,-1.000000000000000000e+00
-1.000000000000000000e+00,-1.000000000000000000e+00,-1.000000000000000000e+00,-1.000000000000000000e+00,-1.000000000000000000e+00,-1.000000000000000000e+00,-1.000000000000000000e+00,-1.000000000000000000e+00,-1.000000000000000000e+00,-1.000000000000000000e+00,-1.000000000000000000e+00,-1.000000000000000000e+00,-1.000000000000000000e+00,-1.000000000000000000e+00,-1.000000000000000000e+00,-1.000000000000000000e+00,-1.000000000000000000e+00,-1.000000000000000000e+00,-1.000000000000000000e+00,-1.000000000000000000e+00,-1.000000000000000000e+00,-1.000000000000000000e+00,-1.000000000000000000e+00,-1.000000000000000000e+00,-1.000000000000000000e+00,-1.000000000000000000e+00,-1.000000000000000000e+00,-1.000000000000000000e+00,-1.000000000000000000e+00,-1.000000000000000000e+00,-1.000000000000000000e+00,-1.000000000000000000e+00,-1.000000000000000000e+00,-1.000000000000000000e+00,-1.000000000000000000e+00,-1.000000000000000000e+00,-1.000000000000000000e+00,-1.000000000000000000e+00,-1.000000000000000000e+00,-1.000000000000000000e+00,-1.000000000000000000e+00,-1.000000000000000000e+00,-1.000000000000000000e+00,-1.000000000000000000e+00,-1.000000000000000000e+00,-1.000000000000000000e+00,-8.133764777853708106e-01,-8.134096660645853127e-01,-8.135092525014644416e-01,-8.136753011192074947e-01,-8.139079141473106738e-01,-8.142072172013645748e-01,-8.145733096640908055e-01,-8.150061084270112666e-01,-8.155048800448769786e-01,-8.160669132031859174e-01,-8.166839567937980160e-01,-8.173332204383659816e-01,-8.179560740521427675e-01,-8.184111499449348015e-01,-8.183792294563572156e-01,-8.171881734659208751e-01,-8.135276467575486281e-01,-8.050572867982391800e-01,-7.880088268138205621e-01,-7.570605718146985463e-01,-7.059802321121239066e-01,-6.296407475087182348e-01,-5.277799336305905031e-01,-4.100956198496850114e-01,-3.006604408157140806e-01,-2.356291349847944305e-01,-2.356291349372291455e-01,-3.006604406924016093e-01,-4.100956196601970305e-01,-5.277799333884101163e-01,-6.296407472261957849e-01,-7.059802318155730116e-01,-7.570605715695268856e-01,-7.880088265443561113e-01,-8.050572864933427386e-01,-8.135276465091865195e-01,-8.171881732292627376e-01,-8.183792292440792426e-01,-8.184111497847510464e-01,-8.179560739011657589e-01,-8.173332203287084763e-01,-8.166839566920383042e-01,-8.160669131387712216e-01,-8.155048800010613608e-01,-8.150061084206741135e-01,-8.145733096943036378e-01,-8.142072172282449616e-01,-8.139079141834817399e-01,-8.136753011356676613e-01,-8.135092525178394540e-01,-8.134096660832288439e-01,-8.133764778069187962e-01,-1.000000000000000000e+00,-1.000000000000000000e+00,-1.000000000000000000e+00,-1.000000000000000000e+00,-1.000000000000000000e+00,-1.000000000000000000e+00,-1.000000000000000000e+00,-1.000000000000000000e+00,-1.000000000000000000e+00,-1.000000000000000000e+00,-1.000000000000000000e+00,-1.000000000000000000e+00,-1.000000000000000000e+00,-1.000000000000000000e+00,-1.000000000000000000e+00,-1.000000000000000000e+00,-1.000000000000000000e+00,-1.000000000000000000e+00,-1.000000000000000000e+00,-1.000000000000000000e+00,-1.000000000000000000e+00,-1.000000000000000000e+00,-1.000000000000000000e+00,-1.000000000000000000e+00,-1.000000000000000000e+00,-1.000000000000000000e+00,-1.000000000000000000e+00,-1.000000000000000000e+00,-1.000000000000000000e+00,-1.000000000000000000e+00,-1.000000000000000000e+00,-1.000000000000000000e+00,-1.000000000000000000e+00,-1.000000000000000000e+00,-1.000000000000000000e+00,-1.000000000000000000e+00,-1.000000000000000000e+00,-1.000000000000000000e+00,-1.000000000000000000e+00,-1.000000000000000000e+00,-1.000000000000000000e+00,-1.000000000000000000e+00,-1.000000000000000000e+00,-1.000000000000000000e+00,-1.000000000000000000e+00,-1.000000000000000000e+00
-1.000000000000000000e+00,-1.000000000000000000e+00,-1.000000000000000000e+00,-1.000000000000000000e+00,-1.000000000000000000e+00,-1.000000000000000000e+00,-1.000000000000000000e+00,-1.000000000000000000e+00,-1.000000000000000000e+00,-1.000000000000000000e+00,-1.000000000000000000e+00,-1.000000000000000000e+00,-1.000000000000000000e+00,-1.000000000000000000e+00,-1.000000000000000000e+00,-1.000000000000000000e+00,-1.000000000000000000e+00,-1.000000000000000000e+00,-1.000000000000000000e+00,-1.000000000000000000e+00,-1.000000000000000000e+00,-1.000000000000000000e+00,-1.000000000000000000e+00,-1.000000000000000000e+00,-1.000000000000000000e+00,-1.000000000000000000e+00,-1.000000000000000000e+00,-1.000000000000000000e+00,-1.000000000000000000e+00,-1.000000000000000000e+00,-1.000000000000000000e+00,-1.000000000000000000e+00,-1.000000000000000000e+00,-1.000000000000000000e+00,-1.000000000000000000e+00,-1.000000000000000000e+00,-1.000000000000000000e+00,-1.000000000000000000e+00,-1.000000000000000000e+00,-1.000000000000000000e+00,-1.000000000000000000e+00,-1.000000000000000000e+00,-1.000000000000000000e+00,-1.000000000000000000e+00,-1.000000000000000000e+00,-1.000000000000000000e+00,-8.139488640148093701e-01,-8.139820619259213741e-01,-8.140816769574793499e-01,-8.142477722075663893e-01,-8.144804483606377099e-01,-8.147798289317234044e-01,-8.151460106794259364e-01,-8.155789074693762242e-01,-8.160777825804501617e-01,-8.166399215415074408e-01,-8.172570711064865989e-01,-8.179064419638162331e-01,-8.185294134192524496e-01,-8.189846467722625700e-01,-8.189529951150167353e-01,-8.177624769785113434e-01,-8.141030724371739469e-01,-8.056349930953260463e-01,-7.885909134975046531e-01,-7.576504946798684470e-01,-7.065830770100565150e-01,-6.302630093800900557e-01,-5.284283231131475800e-01,-4.107744835695276153e-01,-3.013678808994282310e-01,-2.363535914630027213e-01,-2.363535914063643606e-01,-3.013678807493112011e-01,-4.107744833669870754e-01,-5.284283229061967901e-01,-6.302630091663746770e-01,-7.065830767288385772e-01,-7.576504943895892019e-01,-7.885909132353021711e-01,-8.056349927935166910e-01,-8.141030721499473710e-01,-8.177624767386413307e-01,-8.189529949079127347e-01,-8.189846466420678261e-01,-8.185294133203482314e-01,-8.179064419074701942e-01,-8.172570710396814819e-01,-8.166399214821693509e-01,-8.160777824907877731e-01,-8.155789073786359200e-01,-8.151460105756408447e-01,-8.147798288035059677e-01,-8.144804482351558628e-01,-8.142477720570290289e-01,-8.140816768039166318e-01,-8.139820617561790428e-01,-8.139488638332587067e-01,-1.000000000000000000e+00,-1.000000000000000000e+00,-1.000000000000000000e+00,-1.000000000000000000e+00,-1.000000000000000000e+00,-1.000000000000000000e+00,-1.000000000000000000e+00,-1.000000000000000000e+00,-1.000000000000000000e+00,-1.000000000000000000e+00,-1.000000000000000000e+00,-1.000000000000000000e+00,-1.000000000000000000e+00,-1.000000000000000000e+00,-1.000000000000000000e+00,-1.000000000000000000e+00,-1.000000000000000000e+00,-1.000000000000000000e+00,-1.000000000000000000e+00,-1.000000000000000000e+00,-1.000000000000000000e+00,-1.000000000000000000e+00,-1.000000000000000000e+00,-1.000000000000000000e+00,-1.000000000000000000e+00,-1.000000000000000000e+00,-1.000000000000000000e+00,-1.000000000000000000e+00,-1.000000000000000000e+00,-1.000000000000000000e+00,-1.000000000000000000e+00,-1.000000000000000000e+00,-1.000000000000000000e+00,-1.000000000000000000e+00,-1.000000000000000000e+00,-1.000000000000000000e+00,-1.000000000000000000e+00,-1.000000000000000000e+00,-1.000000000000000000e+00,-1.000000000000000000e+00,-1.000000000000000000e+00,-1.000000000000000000e+00,-1.000000000000000000e+00,-1.000000000000000000e+00,-1.000000000000000000e+00,-1.000000000000000000e+00
-1.000000000000000000e+00,-1.000000000000000000e+00,-1.000000000000000000e+00,-1.000000000000000000e+00,-1.000000000000000000e+00,-1.000000000000000000e+00,-1.000000000000000000e+00,-1.000000000000000000e+00,-1.000000000000000000e+00,-1.000000000000000000e+00,-1.000000000000000000e+00,-1.000000000000000000e+00,-1.000000000000000000e+00,-1.000000000000000000e+00,-1.000000000000000000e+00,-1.000000000000000000e+00,-1.000000000000000000e+00,-1.000000000000000000e+00,-1.000000000000000000e+00,-1.000000000000000000e+00,-1.000000000000000000e+00,-1.000000000000000000e+00,-1.000000000000000000e+00,-1.000000000000000000e+00,-1.000000000000000000e+00,-1.000000000000000000e+00,-1.000000000000000000e+00,-1.000000000000000000e+00,-1.000000000000000000e+00,-1.000000000000000000e+00,-1.000000000000000000e+00,-1.000000000000000000e+00,-1.000000000000000000e+00,-1.000000000000000000e+00,-1.000000000000000000e+00,-1.000000000000000000e+00,-1.000000000000000000e+00,-1.000000000000000000e+00,-1.000000000000000000e+00,-1.000000000000000000e+00,-1.000000000000000000e+00,-1.000000000000000000e+00,-1.000000000000000000e+00,-1.000000000000000000e+00,-1.000000000000000000e+00,-1.000000000000000000e+00,-8.145520608402265772e-01,-8.145852703696881969e-01,-8.146849198990011587e-01,-8.148510714508141461e-01,-8.150838239588270584e-01,-8.153832985360145447e-01,-8.157495889541704903e-01,-8.161826055984642281e-01,-8.166816079787891924e-01,-8.172438779576624013e-01,-8.178611596891081081e-01,-8.185106646414125331e-01,-8.191337817064168192e-01,-8.195892024951021426e-01,-8.195578555885280059e-01,-8.183679257915186245e-01,-8.147097259563227389e-01,-8.062440738395709738e-01,-7.892046377862313999e-01,-7.582725102401079997e-01,-7.072187516347644420e-01,-6.309191965932431367e-01,-5.291121012466687423e-01,-4.114904327591734079e-01,-3.021139905292966610e-01,-2.371176597487758553e-01,-2.371176597211230863e-01,-3.021139904282990063e-01,-4.114904325709387578e-01,-5.291121009946584408e-01,-6.309191963511615597e-01,-7.072187513933886338e-01,-7.582725099457937601e-01,-7.892046375161212435e-01,-8.062440735909576217e-01,-8.147097257124260583e-01,-8.183679256077782682e-01,-8.195578554404094884e-01,-8.195892023942050741e-01,-8.191337816193339227e-01,-8.185106645700699346e-01,-8.178611595868732209e-01,-8.172438778533558379e-01,-8.166816078328570372e-01,-8.161826054478477088e-01,-8.157495887692303160e-01,-8.153832983099309484e-01,-8.150838237042007384e-01,-8.148510711390741790e-01,-8.146849195619115802e-01,-8.145852700073680230e-01,-8.145520604703043732e-01,-1.000000000000000000e+00,-1.000000000000000000e+00,-1.000000000000000000e+00,-1.000000000000000000e+00,-1.000000000000000000e+00,-1.000000000000000000e+00,-1.000000000000000000e+00,-1.000000000000000000e+00,-1.000000000000000000e+00,-1.000000000000000000e+00,-1.000000000000000000e+00,-1.000000000000000000e+00,-1.000000000000000000e+00,-1.000000000000000000e+00,-1.000000000000000000e+00,-1.000000000000000000e+00,-1.000000000000000000e+00,-1.000000000000000000e+00,-1.000000000000000000e+00,-1.000000000000000000e+00,-1.000000000000000000e+00,-1.000000000000000000e+00,-1.000000000000000000e+00,-1.000000000000000000e+00,-1.000000000000000000e+00,-1.000000000000000000e+00,-1.000000000000000000e+00,-1.000000000000000000e+00,-1.000000000000000000e+00,-1.000000000000000000e+00,-1.000000000000000000e+00,-1.000000000000000000e+00,-1.000000000000000000e+00,-1.000000000000000000e+00,-1.000000000000000000e+00,-1.000000000000000000e+00,-1.000000000000000000e+00,-1.000000000000000000e+00,-1.000000000000000000e+00,-1.000000000000000000e+00,-1.000000000000000000e+00,-1.000000000000000000e+00,-1.000000000000000000e+00,-1.000000000000000000e+00,-1.000000000000000000e+00,-1.000000000000000000e+00
-1.000000000000000000e+00,-1.000000000000000000e+00,-1.000000000000000000e+00,-1.000000000000000000e+00,-1.000000000000000000e+00,-1.000000000000000000e+00,-1.000000000000000000e+00,-1.000000000000000000e+00,-1.000000000000000000e+00,-1.000000000000000000e+00,-1.000000000000000000e+00,-1.000000000000000000e+00,-1.000000000000000000e+00,-1.000000000000000000e+00,-1.000000000000000000e+00,-1.000000000000000000e+00,-1.000000000000000000e+00,-1.000000000000000000e+00,-1.000000000000000000e+00,-1.000000000000000000e+00,-1.000000000000000000e+00,-1.000000000000000000e+00,-1.000000000000000000e+00,-1.000000000000000000e+00,-1.000000000000000000e+00,-1.000000000000000000e+00,-1.000000000000000000e+00,-1.000000000000000000e+00,-1.000000000000000000e+00,-1.000000000000000000e+00,-1.000000000000000000e+00,-1.000000000000000000e+00,-1.000000000000000000e+00,-1.000000000000000000e+00,-1.000000000000000000e+00,-1.000000000000000000e+00,-1.000000000000000000e+00,-1.000000000000000000e+00,-1.000000000000000000e+00,-1.000000000000000000e+00,-1.000000000000000000e+00,-1.000000000000000000e+00,-1.000000000000000000e+00,-1.000000000000000000e+00,-1.000000000000000000e+00,-1.000000000000000000e+00,-8.151862753330443301e-01,-8.152194987924071823e-01,-8.153191897092728624e-01,-8.154854088697133241e-01,-8.157182531955973204e-01,-8.160178410249117054e-01,-8.163842627064807900e-01,-8.168174246375908831e-01,-8.173165820040537710e-01,-8.178790124285933993e-01,-8.184964569352746189e-01,-8.191461274118089220e-01,-8.197694224429594723e-01,-8.202250652169065237e-01,-8.201940635214679531e-01,-8.190047771140313015e-01,-8.153478693173623615e-01,-8.068847964661087779e-01,-7.898502738580468474e-01,-7.589269016577199212e-01,-7.078875514003215574e-01,-6.316096207683036257e-01,-5.298315994947553342e-01,-4.122438202680617225e-01,-3.028991413436423752e-01,-2.379217224383850526e-01,-2.379217224017798893e-01,-3.028991412474077993e-01,-4.122438201450212558e-01,-5.298315993139063318e-01,-6.316096205373539219e-01,-7.078875512025419869e-01,-7.589269014245738632e-01,-7.898502735876639091e-01,-8.068847962186959100e-01,-8.153478690688396036e-01,-8.190047769131697519e-01,-8.201940633759247090e-01,-8.202250651216252963e-01,-8.197694223833223992e-01,-8.191461273719274905e-01,-8.184964568675325847e-01,-8.178790123402837065e-01,-8.173165818425440765e-01,-8.168174244350370206e-01,-8.163842624334884945e-01,-8.160178406940745699e-01,-8.157182528162137958e-01,-8.154854084200777731e-01,-8.153191892117837014e-01,-8.152194982455049921e-01,-8.151862747692559807e-01,-1.000000000000000000e+00,-1.000000000000000000e+00,-1.000000000000000000e+00,-1.000000000000000000e+00,-1.000000000000000000e+00,-1.000000000000000000e+00,-1.000000000000000000e+00,-1.000000000000000000e+00,-1.000000000000000000e+00,-1.000000000000000000e+00,-1.000000000000000000e+00,-1.000000000000000000e+00,-1.000000000000000000e+00,-1.000000000000000000e+00,-1.000000000000000000e+00,-1.000000000000000000e+00,-1.000000000000000000e+00,-1.000000000000000000e+00,-1.000000000000000000e+00,-1.000000000000000000e+00,-1.000000000000000000e+00,-1.000000000000000000e+00,-1.000000000000000000e+00,-1.000000000000000000e+00,-1.000000000000000000e+00,-1.000000000000000000e+00,-1.000000000000000000e+00,-1.000000000000000000e+00,-1.000000000000000000e+00,-1.000000000000000000e+00,-1.000000000000000000e+00,-1.000000000000000000e+00,-1.000000000000000000e+00,-1.000000000000000000e+00,-1.000000000000000000e+00,-1.000000000000000000e+00,-1.000000000000000000e+00,-1.000000000000000000e+00,-1.000000000000000000e+00,-1.000000000000000000e+00,-1.000000000000000000e+00,-1.000000000000000000e+00,-1.000000000000000000e+00,-1.000000000000000000e+00,-1.000000000000000000e+00,-1.000000000000000000e+00
-1.000000000000000000e+00,-1.000000000000000000e+00,-1.000000000000000000e+00,-1.000000000000000000e+00,-1.000000000000000000e+00,-1.000000000000000000e+00,-1.000000000000000000e+00,-1.000000000000000000e+00,-1.000000000000000000e+00,-1.000000000000000000e+00,-1.000000000000000000e+00,-1.000000000000000000e+00,-1.000000000000000000e+00,-1.000000000000000000e+00,-1.000000000000000000e+00,-1.000000000000000000e+00,-1.000000000000000000e+00,-1.000000000000000000e+00,-1.000000000000000000e+00,-1.000000000000000000e+00,-1.000000000000000000e+00,-1.000000000000000000e+00,-1.000000000000000000e+00,-1.000000000000000000e+00,-1.000000000000000000e+00,-1.000000000000000000e+00,-1.000000000000000000e+00,-1.000000000000000000e+00,-1.000000000000000000e+00,-1.000000000000000000e+00,-1.000000000000000000e+00,-1.000000000000000000e+00,-1.000000000000000000e+00,-1.000000000000000000e+00,-1.000000000000000000e+00,-1.000000000000000000e+00,-1.000000000000000000e+00,-1.000000000000000000e+00,-1.000000000000000000e+00,-1.000000000000000000e+00,-1.000000000000000000e+00,-1.000000000000000000e+00,-1.000000000000000000e+00,-1.000000000000000000e+00,-1.000000000000000000e+00,-1.000000000000000000e+00,-8.158517212713487510e-01,-8.158849613522576316e-01,-8.159847016621821769e-01,-8.161510015531994178e-01,-8.163839556452795465e-01,-8.166836790996170325e-01,-8.170502583346859193e-01,-8.174835951681438395e-01,-8.179829398042642863e-01,-8.185455649431614411e-01,-8.191632078430330921e-01,-8.198130803733000294e-01,-8.204365908488373549e-01,-8.208924952486893467e-01,-8.208618842891193257e-01,-8.196733014273058782e-01,-8.160177783604758428e-01,-8.075574428556873130e-01,-7.905281110264374966e-01,-7.596139680380373793e-01,-7.085897886195067219e-01,-6.323346115198116291e-01,-5.305871685028845652e-01,-4.130350193390233127e-01,-3.037237264611423182e-01,-2.387661843470121337e-01,-2.387661843016133378e-01,-3.037237263338479210e-01,-4.130350191907844470e-01,-5.305871683562104479e-01,-6.323346112945821273e-01,-7.085897883757144022e-01,-7.596139678178712717e-01,-7.905281107919898131e-01,-8.075574426622575963e-01,-8.160177781971927891e-01,-8.196733012950498942e-01,-8.208618841998344129e-01,-8.208924951800561365e-01,-8.204365908018490527e-01,-8.198130803240730735e-01,-8.191632077693683511e-01,-8.185455648332131684e-01,-8.179829396132182184e-01,-8.174835949158729687e-01,-8.170502579856425696e-01,-8.166836786728690623e-01,-8.163839551434406427e-01,-8.161510009696646417e-01,-8.159847010244974941e-01,-8.158849606717186731e-01,-8.158517205771467218e-01,-1.000000000000000000e+00,-1.000000000000000000e+00,-1.000000000000000000e+00,-1.000000000000000000e+00,-1.000000000000000000e+00,-1.000000000000000000e+00,-1.000000000000000000e+00,-1.000000000000000000e+00,-1.000000000000000000e+00,-1.000000000000000000e+00,-1.000000000000000000e+00,-1.000000000000000000e+00,-1.000000000000000000e+00,-1.000000000000000000e+00,-1.000000000000000000e+00,-1.000000000000000000e+00,-1.000000000000000000e+00,-1.000000000000000000e+00,-1.000000000000000000e+00,-1.000000000000000000e+00,-1.000000000000000000e+00,-1.000000000000000000e+00,-1.000000000000000000e+00,-1.000000000000000000e+00,-1.000000000000000000e+00,-1.000000000000000000e+00,-1.000000000000000000e+00,-1.000000000000000000e+00,-1.000000000000000000e+00,-1.000000000000000000e+00,-1.000000000000000000e+00,-1.000000000000000000e+00,-1.000000000000000000e+00,-1.000000000000000000e+00,-1.000000000000000000e+00,-1.000000000000000000e+00,-1.000000000000000000e+00,-1.000000000000000000e+00,-1.000000000000000000e+00,-1.000000000000000000e+00,-1.000000000000000000e+00,-1.000000000000000000e+00,-1.000000000000000000e+00,-1.000000000000000000e+00,-1.000000000000000000e+00,-1.000000000000000000e+00
-1.000000000000000000e+00,-1.000000000000000000e+00,-1.000000000000000000e+00,-1.000000000000000000e+00,-1.000000000000000000e+00,-1.000000000000000000e+00,-1.000000000000000000e+00,-1.000000000000000000e+00,-1.000000000000000000e+00,-1.000000000000000000e+00,-1.000000000000000000e+00,-1.000000000000000000e+00,-1.000000000000000000e+00,-1.000000000000000000e+00,-1.000000000000000000e+00,-1.000000000000000000e+00,-1.000000000000000000e+00,-1.000000000000000000e+00,-1.000000000000000000e+00,-1.000000000000000000e+00,-1.000000000000000000e+00,-1.000000000000000000e+00,-1.000000000000000000e+00,-1.000000000000000000e+00,-1.000000000000000000e+00,-1.000000000000000000e+00,-1.000000000000000000e+00,-1.000000000000000000e+00,-1.000000000000000000e+00,-1.000000000000000000e+00,-1.000000000000000000e+00,-1.000000000000000000e+00,-1.000000000000000000e+00,-1.000000000000000000e+00,-1.000000000000000000e+00,-1.000000000000000000e+00,-1.000000000000000000e+00,-1.000000000000000000e+00,-1.000000000000000000e+00,-1.000000000000000000e+00,-1.000000000000000000e+00,-1.000000000000000000e+00,-1.000000000000000000e+00,-1.000000000000000000e+00,-1.000000000000000000e+00,-1.000000000000000000e+00,-8.165486181602038540e-01,-8.165818779881581779e-01,-8.166816769979410306e-01,-8.168480728902391963e-01,-8.170811576118628405e-01,-8.173810426678823626e-01,-8.177478099538491030e-01,-8.181813560314471490e-01,-8.186809253788512875e-01,-8.192437849985503284e-01,-8.198616676333911890e-01,-8.205117845835365742e-01,-8.211355538413509514e-01,-8.215917653071889148e-01,-8.215615963282058010e-01,-8.203737828751014316e-01,-8.167197431427728471e-01,-8.082623096301913002e-01,-7.912384538925278932e-01,-7.603340244324643393e-01,-7.093257924405214077e-01,-6.330945165114970630e-01,-5.313791784434431786e-01,-4.138644242501567927e-01,-3.045881612219667467e-01,-2.396514731081091920e-01,-2.396514731168969403e-01,-3.045881611929732724e-01,-4.138644241211828501e-01,-5.313791783027571602e-01,-6.330945163560566247e-01,-7.093257922361915213e-01,-7.603340242457836684e-01,-7.912384536899543797e-01,-8.082623094340433134e-01,-8.167197429771746453e-01,-8.203737827359001145e-01,-8.215615962382729620e-01,-8.215917652404353122e-01,-8.211355538097011575e-01,-8.205117845467637672e-01,-8.198616675876648774e-01,-8.192437849017828455e-01,-8.186809252008633297e-01,-8.181813557732395825e-01,-8.177478095746298914e-01,-8.173810421897134137e-01,-8.170811570289213677e-01,-8.168480722056098431e-01,-8.166816762441566624e-01,-8.165818771933988085e-01,-8.165486173542093606e-01,-1.000000000000000000e+00,-1.000000000000000000e+00,-1.000000000000000000e+00,-1.000000000000000000e+00,-1.000000000000000000e+00,-1.000000000000000000e+00,-1.000000000000000000e+00,-1.000000000000000000e+00,-1.000000000000000000e+00,-1.000000000000000000e+00,-1.000000000000000000e+00,-1.000000000000000000e+00,-1.000000000000000000e+00,-1.000000000000000000e+00,-1.000000000000000000e+00,-1.000000000000000000e+00,-1.000000000000000000e+00,-1.000000000000000000e+00,-1.000000000000000000e+00,-1.000000000000000000e+00,-1.000000000000000000e+00,-1.000000000000000000e+00,-1.000000000000000000e+00,-1.000000000000000000e+00,-1.000000000000000000e+00,-1.000000000000000000e+00,-1.000000000000000000e+00,-1.000000000000000000e+00,-1.000000000000000000e+00,-1.000000000000000000e+00,-1.000000000000000000e+00,-1.000000000000000000e+00,-1.000000000000000000e+00,-1.000000000000000000e+00,-1.000000000000000000e+00,-1.000000000000000000e+00,-1.000000000000000000e+00,-1.000000000000000000e+00,-1.000000000000000000e+00,-1.000000000000000000e+00,-1.000000000000000000e+00,-1.000000000000000000e+00,-1.000000000000000000e+00,-1.000000000000000000e+00,-1.000000000000000000e+00,-1.000000000000000000e+00
-1.000000000000000000e+00,-1.000000000000000000e+00,-1.000000000000000000e+00,-1.000000000000000000e+00,-1.000000000000000000e+00,-1.000000000000000000e+00,-1.000000000000000000e+00,-1.000000000000000000e+00,-1.000000000000000000e+00,-1.000000000000000000e+00,-1.000000000000000000e+00,-1.000000000000000000e+00,-1.000000000000000000e+00,-1.000000000000000000e+00,-1.000000000000000000e+00,-1.000000000000000000e+00,-1.000000000000000000e+00,-1.000000000000000000e+00,-1.000000000000000000e+00,-1.000000000000000000e+00,-1.000000000000000000e+00,-1.000000000000000000e+00,-1.000000000000000000e+00,-1.000000000000000000e+00,-1.000000000000000000e+00,-1.000000000000000000e+00,-1.000000000000000000e+00,-1.000000000000000000e+00,-1.000000000000000000e+00,-1.000000000000000000e+00,-1.000000000000000000e+00,-1.000000000000000000e+00,-1.000000000000000000e+00,-1.000000000000000000e+00,-1.000000000000000000e+00,-1.000000000000000000e+00,-1.000000000000000000e+00,-1.000000000000000000e+00,-1.000000000000000000e+00,-1.000000000000000000e+00,-1.000000000000000000e+00,-1.000000000000000000e+00,-1.000000000000000000e+00,-1.000000000000000000e+00,-1.000000000000000000e+00,-1.000000000000000000e+00,-8.172771904496225481e-01,-8.173104736437799556e-01,-8.174103421224534483e-01,-8.175768516956666287e-01,-8.178100912197644456e-01,-8.181101679894337009e-01,-8.184771586847741087e-01,-8.189109538126351229e-01,-8.194107912434798191e-01,-8.199739313778614536e-01,-8.205921015733336210e-01,-8.212425118809005831e-01,-8.218665898238813883e-01,-8.223231602783400707e-01,-8.222934909036740958e-01,-8.211065190725732599e-01,-8.174540678491032386e-01,-8.089997082473308065e-01,-7.919816226895864952e-01,-7.610874024327898280e-01,-7.100959095712231495e-01,-6.338897021299596535e-01,-5.322080195531933011e-01,-4.147324508176469804e-01,-3.054928838582551265e-01,-2.405780399844043016e-01,-2.405780399493934185e-01,-3.054928837881389914e-01,-4.147324506723062409e-01,-5.322080193581444352e-01,-6.338897019508002995e-01,-7.100959093586347581e-01,-7.610874022316358456e-01,-7.919816225154721057e-01,-8.089997081039707050e-01,-8.174540677508654873e-01,-8.211065190023294491e-01,-8.222934908712999924e-01,-8.223231602511928973e-01,-8.218665898238965983e-01,-8.212425118575555905e-01,-8.205921015402797281e-01,-8.199739312735434549e-01,-8.194107910523653615e-01,-8.189109535156507969e-01,-8.184771582451197958e-01,-8.181101674371451526e-01,-8.178100905543048693e-01,-8.175768509396069694e-01,-8.174103413086077907e-01,-8.173104728005758934e-01,-8.172771895907469109e-01,-1.000000000000000000e+00,-1.000000000000000000e+00,-1.000000000000000000e+00,-1.000000000000000000e+00,-1.000000000000000000e+00,-1.000000000000000000e+00,-1.000000000000000000e+00,-1.000000000000000000e+00,-1.000000000000000000e+00,-1.000000000000000000e+00,-1.000000000000000000e+00,-1.000000000000000000e+00,-1.000000000000000000e+00,-1.000000000000000000e+00,-1.000000000000000000e+00,-1.000000000000000000e+00,-1.000000000000000000e+00,-1.000000000000000000e+00,-1.000000000000000000e+00,-1.000000000000000000e+00,-1.000000000000000000e+00,-1.000000000000000000e+00,-1.000000000000000000e+00,-1.000000000000000000e+00,-1.000000000000000000e+00,-1.000000000000000000e+00,-1.000000000000000000e+00,-1.000000000000000000e+00,-1.000000000000000000e+00,-1.000000000000000000e+00,-1.000000000000000000e+00,-1.000000000000000000e+00,-1.000000000000000000e+00,-1.000000000000000000e+00,-1.000000000000000000e+00,-1.000000000000000000e+00,-1.000000000000000000e+00,-1.000000000000000000e+00,-1.000000000000000000e+00,-1.000000000000000000e+00,-1.000000000000000000e+00,-1.000000000000000000e+00,-1.000000000000000000e+00,-1.000000000000000000e+00,-1.000000000000000000e+00,-1.000000000000000000e+00
-1.000000000000000000e+00,-1.000000000000000000e+00,-1.000000000000000000e+00,-1.000000000000000000e+00,-1.000000000000000000e+00,-1.000000000000000000e+00,-1.000000000000000000e+00,-1.000000000000000000e+00,-1.000000000000000000e+00,-1.000000000000000000e+00,-1.000000000000000000e+00,-1.000000000000000000e+00,-1.000000000000000000e+00,-1.000000000000000000e+00,-1.000000000000000000e+00,-1.000000000000000000e+00,-1.000000000000000000e+00,-1.000000000000000000e+00,-1.000000000000000000e+00,-1.000000000000000000e+00,-1.000000000000000000e+00,-1.000000000000000000e+00,-1.000000000000000000e+00,-1.000000000000000000e+00,-1.000000000000000000e+00,-1.000000000000000000e+00,-1.000000000000000000e+00,-1.000000000000000000e+00,-1.000000000000000000e+00,-1.000000000000000000e+00,-1.000000000000000000e+00,-1.000000000000000000e+00,-1.000000000000000000e+00,-1.000000000000000000e+00,-1.000000000000000000e+00,-1.000000000000000000e+00,-1.000000000000000000e+00,-1.000000000000000000e+00,-1.000000000000000000e+00,-1.000000000000000000e+00,-1.000000000000000000e+00,-1.000000000000000000e+00,-1.000000000000000000e+00,-1.000000000000000000e+00,-1.000000000000000000e+00,-1.000000000000000000e+00,-8.180376662677818489e-01,-8.180709770305588657e-01,-8.181709274655873942e-01,-8.183375711996748736e-01,-8.185709935085685451e-01,-8.188712968226017352e-01,-8.192385518042638592e-01,-8.196726419888150650e-01,-8.201727976225864358e-01,-8.207362714456650776e-01,-8.213547844200569381e-01,-8.220055445180665110e-01,-8.226299885198190553e-01,-8.230869772405788876e-01,-8.230578722997311525e-01,-8.218718214185252169e-01,-8.182210711365043299e-01,-8.097699652687834204e-01,-7.927579533986589544e-01,-7.618744501731735674e-01,-7.109005043208669328e-01,-6.347205536958557825e-01,-5.330741024810309314e-01,-4.156395366852581041e-01,-3.064383556612606530e-01,-2.415463602288190348e-01,-2.415463601625139622e-01,-3.064383555724731201e-01,-4.156395366148259995e-01,-5.330741023402616463e-01,-6.347205535257858244e-01,-7.109005041395427549e-01,-7.618744499874890996e-01,-7.927579532362799553e-01,-8.097699651290133360e-01,-8.182210710253459141e-01,-8.218718213399214267e-01,-8.230578722679191550e-01,-8.230869772244137073e-01,-8.226299885353829389e-01,-8.220055444999017080e-01,-8.213547843847259777e-01,-8.207362713300164758e-01,-8.201727974294198420e-01,-8.196726416918500568e-01,-8.192385513723915436e-01,-8.188712962736153234e-01,-8.185709928300242133e-01,-8.183375704261810490e-01,-8.181709266329634245e-01,-8.180709761826663318e-01,-8.180376654182150986e-01,-1.000000000000000000e+00,-1.000000000000000000e+00,-1.000000000000000000e+00,-1.000000000000000000e+00,-1.000000000000000000e+00,-1.000000000000000000e+00,-1.000000000000000000e+00,-1.000000000000000000e+00,-1.000000000000000000e+00,-1.000000000000000000e+00,-1.000000000000000000e+00,-1.000000000000000000e+00,-1.000000000000000000e+00,-1.000000000000000000e+00,-1.000000000000000000e+00,-1.000000000000000000e+00,-1.000000000000000000e+00,-1.000000000000000000e+00,-1.000000000000000000e+00,-1.000000000000000000e+00,-1.000000000000000000e+00,-1.000000000000000000e+00,-1.000000000000000000e+00,-1.000000000000000000e+00,-1.000000000000000000e+00,-1.000000000000000000e+00,-1.000000000000000000e+00,-1.000000000000000000e+00,-1.000000000000000000e+00,-1.000000000000000000e+00,-1.000000000000000000e+00,-1.000000000000000000e+00,-1.000000000000000000e+00,-1.000000000000000000e+00,-1.000000000000000000e+00,-1.000000000000000000e+00,-1.000000000000000000e+00,-1.000000000000000000e+00,-1.000000000000000000e+00,-1.000000000000000000e+00,-1.000000000000000000e+00,-1.000000000000000000e+00,-1.000000000000000000e+00,-1.000000000000000000e+00,-1.000000000000000000e+00,-1.000000000000000000e+00
-1.000000000000000000e+00,-1.000000000000000000e+00,-1.000000000000000000e+00,-1.000000000000000000e+00,-1.000000000000000000e+00,-1.000000000000000000e+00,-1.000000000000000000e+00,-1.000000000000000000e+00,-1.000000000000000000e+00,-1.000000000000000000e+00,-1.000000000000000000e+00,-1.000000000000000000e+00,-1.000000000000000000e+00,-1.000000000000000000e+00,-1.000000000000000000e+00,-1.000000000000000000e+00,-1.000000000000000000e+00,-1.000000000000000000e+00,-1.000000000000000000e+00,-1.000000000000000000e+00,-1.000000000000000000e+00,-1.000000000000000000e+00,-1.000000000000000000e+00,-1.000000000000000000e+00,-1.000000000000000000e+00,-1.000000000000000000e+00,-1.000000000000000000e+00,-1.000000000000000000e+00,-1.000000000000000000e+00,-1.000000000000000000e+00,-1.000000000000000000e+00,-1.000000000000000000e+00,-1.000000000000000000e+00,-1.000000000000000000e+00,-1.000000000000000000e+00,-1.000000000000000000e+00,-1.000000000000000000e+00,-1.000000000000000000e+00,-1.000000000000000000e+00,-1.000000000000000000e+00,-1.000000000000000000e+00,-1.000000000000000000e+00,-1.000000000000000000e+00,-1.000000000000000000e+00,-1.000000000000000000e+00,-1.000000000000000000e+00,-8.188302761201554647e-01,-8.188636193086479276e-01,-8.189636661373228543e-01,-8.191304677070700979e-01,-8.193641051506763695e-01,-8.196646752706584493e-01,-8.200322417671492836e-01,-8.204666801244977492e-01,-8.209672117881370301e-01,-8.215310806002756872e-01,-8.221499999465455844e-01,-8.228011747301631207e-01,-8.234260505614804382e-01,-8.238835250474805250e-01,-8.238550573808162136e-01,-8.226700146665657520e-01,-8.190210858015947171e-01,-8.105734222303542236e-01,-7.935677978603870031e-01,-7.626955326009663416e-01,-7.117399589184120190e-01,-6.355874758336301777e-01,-5.339778588850779828e-01,-4.165861422520220625e-01,-3.074250619410570096e-01,-2.425569336283071031e-01,-2.425569336033575052e-01,-3.074250618413726377e-01,-4.165861421032374112e-01,-5.339778586790350223e-01,-6.355874756117954050e-01,-7.117399587399522165e-01,-7.626955324308106743e-01,-7.935677977110372483e-01,-8.105734221081970503e-01,-8.190210857085746810e-01,-8.226700146138871128e-01,-8.238550573711406200e-01,-8.238835250553849798e-01,-8.234260505947660347e-01,-8.228011747289623035e-01,-8.221499999184298524e-01,-8.215310804794109245e-01,-8.209672115784114599e-01,-8.204666797979340842e-01,-8.200322413112857145e-01,-8.196646747149480827e-01,-8.193641044888102520e-01,-8.191304669763808111e-01,-8.189636653504481778e-01,-8.188636184946653795e-01,-8.188302752948767305e-01,-1.000000000000000000e+00,-1.000000000000000000e+00,-1.000000000000000000e+00,-1.000000000000000000e+00,-1.000000000000000000e+00,-1.000000000000000000e+00,-1.000000000000000000e+00,-1.000000000000000000e+00,-1.000000000000000000e+00,-1.000000000000000000e+00,-1.000000000000000000e+00,-1.000000000000000000e+00,-1.000000000000000000e+00,-1.000000000000000000e+00,-1.000000000000000000e+00,-1.000000000000000000e+00,-1.000000000000000000e+00,-1.000000000000000000e+00,-1.000000000000000000e+00,-1.000000000000000000e+00,-1.000000000000000000e+00,-1.000000000000000000e+00,-1.000000000000000000e+00,-1.000000000000000000e+00,-1.000000000000000000e+00,-1.000000000000000000e+00,-1.000000000000000000e+00,-1.000000000000000000e+00,-1.000000000000000000e+00,-1.000000000000000000e+00,-1.000000000000000000e+00,-1.000000000000000000e+00,-1.000000000000000000e+00,-1.000000000000000000e+00,-1.000000000000000000e+00,-1.000000000000000000e+00,-1.000000000000000000e+00,-1.000000000000000000e+00,-1.000000000000000000e+00,-1.000000000000000000e+00,-1.000000000000000000e+00,-1.000000000000000000e+00,-1.000000000000000000e+00,-1.000000000000000000e+00,-1.000000000000000000e+00,-1.000000000000000000e+00
-1.000000000000000000e+00,-1.000000000000000000e+00,-1.000000000000000000e+00,-1.000000000000000000e+00,-1.000000000000000000e+00,-1.000000000000000000e+00,-1.000000000000000000e+00,-1.000000000000000000e+00,-1.000000000000000000e+00,-1.000000000000000000e+00,-1.000000000000000000e+00,-1.000000000000000000e+00,-1.000000000000000000e+00,-1.000000000000000000e+00,-1.000000000000000000e+00,-1.000000000000000000e+00,-1.000000000000000000e+00,-1.000000000000000000e+00,-1.000000000000000000e+00,-1.000000000000000000e+00,-1.000000000000000000e+00,-1.000000000000000000e+00,-1.000000000000000000e+00,-1.000000000000000000e+00,-1.000000000000000000e+00,-1.000000000000000000e+00,-1.000000000000000000e+00,-1.000000000000000000e+00,-1.000000000000000000e+00,-1.000000000000000000e+00,-1.000000000000000000e+00,-1.000000000000000000e+00,-1.000000000000000000e+00,-1.000000000000000000e+00,-1.000000000000000000e+00,-1.000000000000000000e+00,-1.000000000000000000e+00,-1.000000000000000000e+00,-1.000000000000000000e+00,-1.000000000000000000e+00,-1.000000000000000000e+00,-1.000000000000000000e+00,-1.000000000000000000e+00,-1.000000000000000000e+00,-1.000000000000000000e+00,-1.000000000000000000e+00,-8.196552511751795667e-01,-8.196886324292879111e-01,-8.197887923694052725e-01,-8.199557791333261791e-01,-8.201896690455403593e-01,-8.204905523976455672e-01,-8.208584848421165425e-01,-8.212933325538379625e-01,-8.217943068122818273e-01,-8.223586411272426622e-01,-8.229780399220052445e-01,-8.236297038616130495e-01,-8.242550867994322683e-01,-8.247131238631419947e-01,-8.246853753638825335e-01,-8.235014368793349693e-01,-8.198544588038497727e-01,-8.114104356391362849e-01,-7.944115237602983326e-01,-7.635510315331963671e-01,-7.126146736560470263e-01,-6.364908925398780060e-01,-5.349197412500115156e-01,-4.175727504262899403e-01,-3.084535121659232049e-01,-2.436102850424964883e-01,-2.436102850520318608e-01,-3.084535120648836948e-01,-4.175727502504054112e-01,-5.349197410958922427e-01,-6.364908923692556009e-01,-7.126146734841967145e-01,-7.635510313451645548e-01,-7.944115235887025950e-01,-8.114104354982889511e-01,-8.198544586942788648e-01,-8.235014368138321439e-01,-8.246853753376395257e-01,-8.247131238654675789e-01,-8.242550868152833665e-01,-8.236297038425005601e-01,-8.229780398627734028e-01,-8.223586409772570827e-01,-8.217943065856556650e-01,-8.212933322262211400e-01,-8.208584844035332617e-01,-8.204905518750029714e-01,-8.201896684312087737e-01,-8.199557784683736417e-01,-8.197887916693097354e-01,-8.196886317210863027e-01,-8.196552504648537685e-01,-1.000000000000000000e+00,-1.000000000000000000e+00,-1.000000000000000000e+00,-1.000000000000000000e+00,-1.000000000000000000e+00,-1.000000000000000000e+00,-1.000000000000000000e+00,-1.000000000000000000e+00,-1.000000000000000000e+00,-1.000000000000000000e+00,-1.000000000000000000e+00,-1.000000000000000000e+00,-1.000000000000000000e+00,-1.000000000000000000e+00,-1.000000000000000000e+00,-1.000000000000000000e+00,-1.000000000000000000e+00,-1.000000000000000000e+00,-1.000000000000000000e+00,-1.000000000000000000e+00,-1.000000000000000000e+00,-1.000000000000000000e+00,-1.000000000000000000e+00,-1.000000000000000000e+00,-1.000000000000000000e+00,-1.000000000000000000e+00,-1.000000000000000000e+00,-1.000000000000000000e+00,-1.000000000000000000e+00,-1.000000000000000000e+00,-1.000000000000000000e+00,-1.000000000000000000e+00,-1.000000000000000000e+00,-1.000000000000000000e+00,-1.000000000000000000e+00,-1.000000000000000000e+00,-1.000000000000000000e+00,-1.000000000000000000e+00,-1.000000000000000000e+00,-1.000000000000000000e+00,-1.000000000000000000e+00,-1.000000000000000000e+00,-1.000000000000000000e+00,-1.000000000000000000e+00,-1.000000000000000000e+00,-1.000000000000000000e+00
-1.000000000000000000e+00,-1.000000000000000000e+00,-1.000000000000000000e+00,-1.000000000000000000e+00,-1.000000000000000000e+00,-1.000000000000000000e+00,-1.000000000000000000e+00,-1.000000000000000000e+00,-1.000000000000000000e+00,-1.000000000000000000e+00,-1.000000000000000000e+00,-1.000000000000000000e+00,-1.000000000000000000e+00,-1.000000000000000000e+00,-1.000000000000000000e+00,-1.000000000000000000e+00,-1.000000000000000000e+00,-1.000000000000000000e+00,-1.000000000000000000e+00,-1.000000000000000000e+00,-1.000000000000000000e+00,-1.000000000000000000e+00,-1.000000000000000000e+00,-1.000000000000000000e+00,-1.000000000000000000e+00,-1.000000000000000000e+00,-1.000000000000000000e+00,-1.000000000000000000e+00,-1.000000000000000000e+00,-1.000000000000000000e+00,-1.000000000000000000e+00,-1.000000000000000000e+00,-1.000000000000000000e+00,-1.000000000000000000e+00,-1.000000000000000000e+00,-1.000000000000000000e+00,-1.000000000000000000e+00,-1.000000000000000000e+00,-1.000000000000000000e+00,-1.000000000000000000e+00,-1.000000000000000000e+00,-1.000000000000000000e+00,-1.000000000000000000e+00,-1.000000000000000000e+00,-1.000000000000000000e+00,-1.000000000000000000e+00,-8.205128211964372031e-01,-8.205462470752065141e-01,-8.206465394739931307e-01,-8.208137430300682658e-01,-8.210479284637142161e-01,-8.213491785161836090e-01,-8.217175395390857728e-01,-8.221528669450522964e-01,-8.226543602648433984e-01,-8.232192410270550154e-01,-8.238392030725555371e-01,-8.244914414344578502e-01,-8.251174174171902465e-01,-8.255761042579362607e-01,-8.255491668779466607e-01,-8.243664385081289625e-01,-8.207215504552631824e-01,-8.122813762970628737e-01,-7.952895140408161589e-01,-7.644413451540382765e-01,-7.135250666480217330e-01,-6.374312474619712177e-01,-5.359002236125907093e-01,-4.185998673249186064e-01,-3.095242404222203758e-01,-2.447069649752111609e-01,-2.447069649466487862e-01,-3.095242402968731987e-01,-4.185998671659227899e-01,-5.359002234577264767e-01,-6.374312472587242429e-01,-7.135250664460618397e-01,-7.644413449730841359e-01,-7.952895138825490928e-01,-8.122813761460595527e-01,-8.207215503149362101e-01,-8.243664384022880709e-01,-8.255491668002754579e-01,-8.255761042165929986e-01,-8.251174173800903677e-01,-8.244914413793511532e-01,-8.238392029842724895e-01,-8.232192408658780547e-01,-8.226543600403837253e-01,-8.221528666351202164e-01,-8.217175391452771205e-01,-8.213491780702836254e-01,-8.210479279570764843e-01,-8.208137424856770670e-01,-8.206465388939238048e-01,-8.205462464761953401e-01,-8.205128205937001207e-01,-1.000000000000000000e+00,-1.000000000000000000e+00,-1.000000000000000000e+00,-1.000000000000000000e+00,-1.000000000000000000e+00,-1.000000000000000000e+00,-1.000000000000000000e+00,-1.000000000000000000e+00,-1.000000000000000000e+00,-1.000000000000000000e+00,-1.000000000000000000e+00,-1.000000000000000000e+00,-1.000000000000000000e+00,-1.000000000000000000e+00,-1.000000000000000000e+00,-1.000000000000000000e+00,-1.000000000000000000e+00,-1.000000000000000000e+00,-1.000000000000000000e+00,-1.000000000000000000e+00,-1.000000000000000000e+00,-1.000000000000000000e+00,-1.000000000000000000e+00,-1.000000000000000000e+00,-1.000000000000000000e+00,-1.000000000000000000e+00,-1.000000000000000000e+00,-1.000000000000000000e+00,-1.000000000000000000e+00,-1.000000000000000000e+00,-1.000000000000000000e+00,-1.000000000000000000e+00,-1.000000000000000000e+00,-1.000000000000000000e+00,-1.000000000000000000e+00,-1.000000000000000000e+00,-1.000000000000000000e+00,-1.000000000000000000e+00,-1.000000000000000000e+00,-1.000000000000000000e+00,-1.000000000000000000e+00,-1.000000000000000000e+00,-1.000000000000000000e+00,-1.000000000000000000e+00,-1.000000000000000000e+00,-1.000000000000000000e+00
-1.000000000000000000e+00,-1.000000000000000000e+00,-1.000000000000000000e+00,-1.000000000000000000e+00,-1.000000000000000000e+00,-1.000000000000000000e+00,-1.000000000000000000e+00,-1.000000000000000000e+00,-1.000000000000000000e+00,-1.000000000000000000e+00,-1.000000000000000000e+00,-1.000000000000000000e+00,-1.000000000000000000e+00,-1.000000000000000000e+00,-1.000000000000000000e+00,-1.000000000000000000e+00,-1.000000000000000000e+00,-1.000000000000000000e+00,-1.000000000000000000e+00,-1.000000000000000000e+00,-1.000000000000000000e+00,-1.000000000000000000e+00,-1.000000000000000000e+00,-1.000000000000000000e+00,-1.000000000000000000e+00,-1.000000000000000000e+00,-1.000000000000000000e+00,-1.000000000000000000e+00,-1.000000000000000000e+00,-1.000000000000000000e+00,-1.000000000000000000e+00,-1.000000000000000000e+00,-1.000000000000000000e+00,-1.000000000000000000e+00,-1.000000000000000000e+00,-1.000000000000000000e+00,-1.000000000000000000e+00,-1.000000000000000000e+00,-1.000000000000000000e+00,-1.000000000000000000e+00,-1.000000000000000000e+00,-1.000000000000000000e+00,-1.000000000000000000e+00,-1.000000000000000000e+00,-1.000000000000000000e+00,-1.000000000000000000e+00,-8.214032121179509760e-01,-8.214366903628828043e-01,-8.215371377096793992e-01,-8.217045945549559249e-01,-8.219391250673067084e-01,-8.222408032440577941e-01,-8.226096646997536066e-01,-8.230455524226704123e-01,-8.235476523606242161e-01,-8.241131721648714548e-01,-8.247337932343514755e-01,-8.253867033598225600e-01,-8.260133702996247385e-01,-8.264728058214529938e-01,-8.264467828456925069e-01,-8.252653815022423789e-01,-8.216227337382067120e-01,-8.131866288687530364e-01,-7.962021667423155868e-01,-7.653668879862765007e-01,-7.144715736392875938e-01,-6.384090034920433254e-01,-5.369198013387546098e-01,-4.196680224989954855e-01,-3.106378057170697815e-01,-2.458475496891582290e-01,-2.458475496329539656e-01,-3.106378056265659549e-01,-4.196680223779212238e-01,-5.369198011400061477e-01,-6.384090032691422945e-01,-7.144715734374675886e-01,-7.653668877782202618e-01,-7.962021665230814005e-01,-8.131866286608155914e-01,-8.216227335653594199e-01,-8.252653813809915917e-01,-8.264467827434216485e-01,-8.264728057461414590e-01,-8.260133702094616392e-01,-8.253867032603143805e-01,-8.247337931086460294e-01,-8.241131719908347808e-01,-8.235476521410680650e-01,-8.230455521301329735e-01,-8.226096643428432165e-01,-8.222408028492047549e-01,-8.219391246415813645e-01,-8.217045941215548321e-01,-8.215371372690662977e-01,-8.214366899137905964e-01,-8.214032116605057832e-01,-1.000000000000000000e+00,-1.000000000000000000e+00,-1.000000000000000000e+00,-1.000000000000000000e+00,-1.000000000000000000e+00,-1.000000000000000000e+00,-1.000000000000000000e+00,-1.000000000000000000e+00,-1.000000000000000000e+00,-1.000000000000000000e+00,-1.000000000000000000e+00,-1.000000000000000000e+00,-1.000000000000000000e+00,-1.000000000000000000e+00,-1.000000000000000000e+00,-1.000000000000000000e+00,-1.000000000000000000e+00,-1.000000000000000000e+00,-1.000000000000000000e+00,-1.000000000000000000e+00,-1.000000000000000000e+00,-1.000000000000000000e+00,-1.000000000000000000e+00,-1.000000000000000000e+00,-1.000000000000000000e+00,-1.000000000000000000e+00,-1.000000000000000000e+00,-1.000000000000000000e+00,-1.000000000000000000e+00,-1.000000000000000000e+00,-1.000000000000000000e+00,-1.000000000000000000e+00,-1.000000000000000000e+00,-1.000000000000000000e+00,-1.000000000000000000e+00,-1.000000000000000000e+00,-1.000000000000000000e+00,-1.000000000000000000e+00,-1.000000000000000000e+00,-1.000000000000000000e+00,-1.000000000000000000e+00,-1.000000000000000000e+00,-1.000000000000000000e+00,-1.000000000000000000e+00,-1.000000000000000000e+00,-1.000000000000000000e+00
-1.000000000000000000e+00,-1.000000000000000000e+00,-1.000000000000000000e+00,-1.000000000000000000e+00,-1.000000000000000000e+00,-1.000000000000000000e+00,-1.000000000000000000e+00,-1.000000000000000000e+00,-1.000000000000000000e+00,-1.000000000000000000e+00,-1.000000000000000000e+00,-1.000000000000000000e+00,-1.000000000000000000e+00,-1.000000000000000000e+00,-1.000000000000000000e+00,-1.000000000000000000e+00,-1.000000000000000000e+00,-1.000000000000000000e+00,-1.000000000000000000e+00,-1.000000000000000000e+00,-1.000000000000000000e+00,-1.000000000000000000e+00,-1.000000000000000000e+00,-1.000000000000000000e+00,-1.000000000000000000e+00,-1.000000000000000000e+00,-1.000000000000000000e+00,-1.000000000000000000e+00,-1.000000000000000000e+00,-1.000000000000000000e+00,-1.000000000000000000e+00,-1.000000000000000000e+00,-1.000000000000000000e+00,-1.000000000000000000e+00,-1.000000000000000000e+00,-1.000000000000000000e+00,-1.000000000000000000e+00,-1.000000000000000000e+00,-1.000000000000000000e+00,-1.000000000000000000e+00,-1.000000000000000000e+00,-1.000000000000000000e+00,-1.000000000000000000e+00,-1.000000000000000000e+00,-1.000000000000000000e+00,-1.000000000000000000e+00,-8.223266431263059895e-01,-8.223601831438200893e-01,-8.224608118478324847e-01,-8.226285642721085090e-01,-8.228634968509482839e-01,-8.231656734983703316e-01,-8.235351174988749801e-01,-8.239716575723493586e-01,-8.244744640184940021e-01,-8.250407284472152103e-01,-8.256621176697193087e-01,-8.263158103525283238e-01,-8.269432794778528439e-01,-8.274035756027939836e-01,-8.273785829517030788e-01,-8.261986378433703315e-01,-8.225583928903987818e-01,-8.141265904989367641e-01,-7.971498937861559719e-01,-7.663280901863361860e-01,-7.154546480269738939e-01,-6.394246432474450792e-01,-5.379789917332968852e-01,-4.207777699091217460e-01,-3.117947935653636593e-01,-2.470326429645547384e-01,-2.470326429100905274e-01,-3.117947934949281130e-01,-4.207777697802075334e-01,-5.379789915437540593e-01,-6.394246430817938087e-01,-7.154546478316931024e-01,-7.663280899431562654e-01,-7.971498935407755893e-01,-8.141265902763281659e-01,-8.225583926750703601e-01,-8.261986376441726732e-01,-8.273785827459814168e-01,-8.274035754173527657e-01,-8.269432792790681885e-01,-8.263158101624695773e-01,-8.256621174721969769e-01,-8.250407282440799239e-01,-8.244744638185232954e-01,-8.239716573467231742e-01,-8.235351172598583958e-01,-8.231656732394682097e-01,-8.228634965716724592e-01,-8.226285639786521386e-01,-8.224608115485348980e-01,-8.223601828504609745e-01,-8.223266428390513250e-01,-1.000000000000000000e+00,-1.000000000000000000e+00,-1.000000000000000000e+00,-1.000000000000000000e+00,-1.000000000000000000e+00,-1.000000000000000000e+00,-1.000000000000000000e+00,-1.000000000000000000e+00,-1.000000000000000000e+00,-1.000000000000000000e+00,-1.000000000000000000e+00,-1.000000000000000000e+00,-1.000000000000000000e+00,-1.000000000000000000e+00,-1.000000000000000000e+00,-1.000000000000000000e+00,-1.000000000000000000e+00,-1.000000000000000000e+00,-1.000000000000000000e+00,-1.000000000000000000e+00,-1.000000000000000000e+00,-1.000000000000000000e+00,-1.000000000000000000e+00,-1.000000000000000000e+00,-1.000000000000000000e+00,-1.000000000000000000e+00,-1.000000000000000000e+00,-1.000000000000000000e+00,-1.000000000000000000e+00,-1.000000000000000000e+00,-1.000000000000000000e+00,-1.000000000000000000e+00,-1.000000000000000000e+00,-1.000000000000000000e+00,-1.000000000000000000e+00,-1.000000000000000000e+00,-1.000000000000000000e+00,-1.000000000000000000e+00,-1.000000000000000000e+00,-1.000000000000000000e+00,-1.000000000000000000e+00,-1.000000000000000000e+00,-1.000000000000000000e+00,-1.000000000000000000e+00,-1.000000000000000000e+00,-1.000000000000000000e+00
-1.000000000000000000e+00,-1.000000000000000000e+00,-1.000000000000000000e+00,-1.000000000000000000e+00,-1.000000000000000000e+00,-1.000000000000000000e+00,-1.000000000000000000e+00,-1.000000000000000000e+00,-1.000000000000000000e+00,-1.000000000000000000e+00,-1.000000000000000000e+00,-1.000000000000000000e+00,-1.000000000000000000e+00,-1.000000000000000000e+00,-1.000000000000000000e+00,-1.000000000000000000e+00,-1.000000000000000000e+00,-1.000000000000000000e+00,-1.000000000000000000e+00,-1.000000000000000000e+00,-1.000000000000000000e+00,-1.000000000000000000e+00,-1.000000000000000000e+00,-1.000000000000000000e+00,-1.000000000000000000e+00,-1.000000000000000000e+00,-1.000000000000000000e+00,-1.000000000000000000e+00,-1.000000000000000000e+00,-1.000000000000000000e+00,-1.000000000000000000e+00,-1.000000000000000000e+00,-1.000000000000000000e+00,-1.000000000000000000e+00,-1.000000000000000000e+00,-1.000000000000000000e+00,-1.000000000000000000e+00,-1.000000000000000000e+00,-1.000000000000000000e+00,-1.000000000000000000e+00,-1.000000000000000000e+00,-1.000000000000000000e+00,-1.000000000000000000e+00,-1.000000000000000000e+00,-1.000000000000000000e+00,-1.000000000000000000e+00,-8.232833236052966575e-01,-8.233169375916177257e-01,-8.234177794443999776e-01,-8.235858769016696224e-01,-8.238212771422764868e-01,-8.241240325750367468e-01,-8.244941524897847485e-01,-8.249314493462472919e-01,-8.254350755229280523e-01,-8.260022041854555575e-01,-8.266244851705881747e-01,-8.272790858991835306e-01,-8.279074831194508377e-01,-8.283687662547059016e-01,-8.283449340663842086e-01,-8.271665884209569164e-01,-8.235289229084665763e-01,-8.151016709740749322e-01,-7.981331215540112822e-01,-7.673253983055489114e-01,-7.164747620165465847e-01,-6.404786710207279743e-01,-5.390783366172604563e-01,-4.219296906822639359e-01,-3.129958190196671097e-01,-2.482628795053229975e-01,-2.482628794681231987e-01,-3.129958189328794216e-01,-4.219296905132324804e-01,-5.390783364186422233e-01,-6.404786707936802603e-01,-7.164747617178421901e-01,-7.673253980097133331e-01,-7.981331212790959695e-01,-8.151016707001484951e-01,-8.235289226263395879e-01,-8.271665881657288555e-01,-8.283449338183340727e-01,-8.283687660263474584e-01,-8.279074828787097440e-01,-8.272790856800610326e-01,-8.266244849597124134e-01,-8.260022039894893142e-01,-8.254350753427144305e-01,-8.249314491473649369e-01,-8.244941523049218457e-01,-8.241240323969876158e-01,-8.238212769864056151e-01,-8.235858767544959047e-01,-8.234177792971614229e-01,-8.233169374436453136e-01,-8.232833234561689473e-01,-1.000000000000000000e+00,-1.000000000000000000e+00,-1.000000000000000000e+00,-1.000000000000000000e+00,-1.000000000000000000e+00,-1.000000000000000000e+00,-1.000000000000000000e+00,-1.000000000000000000e+00,-1.000000000000000000e+00,-1.000000000000000000e+00,-1.000000000000000000e+00,-1.000000000000000000e+00,-1.000000000000000000e+00,-1.000000000000000000e+00,-1.000000000000000000e+00,-1.000000000000000000e+00,-1.000000000000000000e+00,-1.000000000000000000e+00,-1.000000000000000000e+00,-1.000000000000000000e+00,-1.000000000000000000e+00,-1.000000000000000000e+00,-1.000000000000000000e+00,-1.000000000000000000e+00,-1.000000000000000000e+00,-1.000000000000000000e+00,-1.000000000000000000e+00,-1.000000000000000000e+00,-1.000000000000000000e+00,-1.000000000000000000e+00,-1.000000000000000000e+00,-1.000000000000000000e+00,-1.000000000000000000e+00,-1.000000000000000000e+00,-1.000000000000000000e+00,-1.000000000000000000e+00,-1.000000000000000000e+00,-1.000000000000000000e+00,-1.000000000000000000e+00,-1.000000000000000000e+00,-1.000000000000000000e+00,-1.000000000000000000e+00,-1.000000000000000000e+00,-1.000000000000000000e+00,-1.000000000000000000e+00,-1.000000000000000000e+00
-1.000000000000000000e+00,-1.000000000000000000e+00,-1.000000000000000000e+00,-1.000000000000000000e+00,-1.000000000000000000e+00,-1.000000000000000000e+00,-1.000000000000000000e+00,-1.000000000000000000e+00,-1.000000000000000000e+00,-1.000000000000000000e+00,-1.000000000000000000e+00,-1.000000000000000000e+00,-1.000000000000000000e+00,-1.000000000000000000e+00,-1.000000000000000000e+00,-1.000000000000000000e+00,-1.000000000000000000e+00,-1.000000000000000000e+00,-1.000000000000000000e+00,-1.000000000000000000e+00,-1.000000000000000000e+00,-1.000000000000000000e+00,-1.000000000000000000e+00,-1.000000000000000000e+00,-1.000000000000000000e+00,-1.000000000000000000e+00,-1.000000000000000000e+00,-1.000000000000000000e+00,-1.000000000000000000e+00,-1.000000000000000000e+00,-1.000000000000000000e+00,-1.000000000000000000e+00,-1.000000000000000000e+00,-1.000000000000000000e+00,-1.000000000000000000e+00,-1.000000000000000000e+00,-1.000000000000000000e+00,-1.000000000000000000e+00,-1.000000000000000000e+00,-1.000000000000000000e+00,-1.000000000000000000e+00,-1.000000000000000000e+00,-1.000000000000000000e+00,-1.000000000000000000e+00,-1.000000000000000000e+00,-1.000000000000000000e+00,-8.242734502050136358e-01,-8.243071559340470200e-01,-8.244082512936503626e-01,-8.245767529387110217e-01,-8.248126967069918658e-01,-8.251161222130115602e-01,-8.254870233516151679e-01,-8.259251944427745684e-01,-8.264297676081638899e-01,-8.269978949751627395e-01,-8.276212067859731736e-01,-8.282768568646964313e-01,-8.289063240749814376e-01,-8.293687366144617545e-01,-8.293462109310292263e-01,-8.281696238647364705e-01,-8.245347306531460863e-01,-8.161122944679719549e-01,-7.991522937147323979e-01,-7.683592792343738598e-01,-7.175324114039085543e-01,-6.415716185673667749e-01,-5.402184096498924282e-01,-4.231244018618720570e-01,-3.142415363227082370e-01,-2.495389351544113898e-01,-2.495389351302126357e-01,-3.142415362216108843e-01,-4.231244017033843896e-01,-5.402184094752598975e-01,-6.415716183285474772e-01,-7.175324111383565295e-01,-7.683592789749902341e-01,-7.991522933999500866e-01,-8.161122941182968882e-01,-8.245347303094691105e-01,-8.281696235391150518e-01,-8.293462105910556215e-01,-8.293687362763115800e-01,-8.289063237279601370e-01,-8.282768565540135075e-01,-8.276212065069612489e-01,-8.269978947501857025e-01,-8.264297674517204761e-01,-8.259251943211023406e-01,-8.254870232843553035e-01,-8.251161221583245275e-01,-8.248126966726015974e-01,-8.245767529136169838e-01,-8.244082512919062022e-01,-8.243071559586973018e-01,-8.242734502367848881e-01,-1.000000000000000000e+00,-1.000000000000000000e+00,-1.000000000000000000e+00,-1.000000000000000000e+00,-1.000000000000000000e+00,-1.000000000000000000e+00,-1.000000000000000000e+00,-1.000000000000000000e+00,-1.000000000000000000e+00,-1.000000000000000000e+00,-1.000000000000000000e+00,-1.000000000000000000e+00,-1.000000000000000000e+00,-1.000000000000000000e+00,-1.000000000000000000e+00,-1.000000000000000000e+00,-1.000000000000000000e+00,-1.000000000000000000e+00,-1.000000000000000000e+00,-1.000000000000000000e+00,-1.000000000000000000e+00,-1.000000000000000000e+00,-1.000000000000000000e+00,-1.000000000000000000e+00,-1.000000000000000000e+00,-1.000000000000000000e+00,-1.000000000000000000e+00,-1.000000000000000000e+00,-1.000000000000000000e+00,-1.000000000000000000e+00,-1.000000000000000000e+00,-1.000000000000000000e+00,-1.000000000000000000e+00,-1.000000000000000000e+00,-1.000000000000000000e+00,-1.000000000000000000e+00,-1.000000000000000000e+00,-1.000000000000000000e+00,-1.000000000000000000e+00,-1.000000000000000000e+00,-1.000000000000000000e+00,-1.000000000000000000e+00,-1.000000000000000000e+00,-1.000000000000000000e+00,-1.000000000000000000e+00,-1.000000000000000000e+00
-1.000000000000000000e+00,-1.000000000000000000e+00,-1.000000000000000000e+00,-1.000000000000000000e+00,-1.000000000000000000e+00,-1.000000000000000000e+00,-1.000000000000000000e+00,-1.000000000000000000e+00,-1.000000000000000000e+00,-1.000000000000000000e+00,-1.000000000000000000e+00,-1.000000000000000000e+00,-1.000000000000000000e+00,-1.000000000000000000e+00,-1.000000000000000000e+00,-1.000000000000000000e+00,-1.000000000000000000e+00,-1.000000000000000000e+00,-1.000000000000000000e+00,-1.000000000000000000e+00,-1.000000000000000000e+00,-1.000000000000000000e+00,-1.000000000000000000e+00,-1.000000000000000000e+00,-1.000000000000000000e+00,-1.000000000000000000e+00,-1.000000000000000000e+00,-1.000000000000000000e+00,-1.000000000000000000e+00,-1.000000000000000000e+00,-1.000000000000000000e+00,-1.000000000000000000e+00,-1.000000000000000000e+00,-1.000000000000000000e+00,-1.000000000000000000e+00,-1.000000000000000000e+00,-1.000000000000000000e+00,-1.000000000000000000e+00,-1.000000000000000000e+00,-1.000000000000000000e+00,-1.000000000000000000e+00,-1.000000000000000000e+00,-1.000000000000000000e+00,-1.000000000000000000e+00,-1.000000000000000000e+00,-1.000000000000000000e+00,-8.252972048134434857e-01,-8.253310325831550998e-01,-8.254324376946295949e-01,-8.256014177943435950e-01,-8.258379943630413944e-01,-8.261421936159590862e-01,-8.265139936052592340e-01,-8.269531692630088804e-01,-8.274588304044933063e-01,-8.280281055783231814e-01,-8.286526027565523922e-01,-8.293094597084518238e-01,-8.299401556833346794e-01,-8.304038575206165174e-01,-8.303828025207077301e-01,-8.292081519666588685e-01,-8.255762435607947314e-01,-8.171589095209672582e-01,-8.002078826939764689e-01,-7.694302337538703185e-01,-7.186281314593525593e-01,-6.427040630298705981e-01,-5.413998363283853976e-01,-4.243625787164578833e-01,-3.155326630808976685e-01,-2.508615520837373936e-01,-2.508615520531870535e-01,-3.155326629539147998e-01,-4.243625785437785680e-01,-5.413998360994570769e-01,-6.427040627391927829e-01,-7.186281311688749174e-01,-7.694302334162796964e-01,-8.002078823089477932e-01,-8.171589091448444586e-01,-8.255762431826560999e-01,-8.292081515548908044e-01,-8.303828020934036491e-01,-8.304038571245122569e-01,-8.299401553144067911e-01,-8.293094593947974991e-01,-8.286526024799495405e-01,-8.280281053560469839e-01,-8.274588302480317958e-01,-8.269531691572823418e-01,-8.265139935862617637e-01,-8.261421936554186329e-01,-8.258379944663990502e-01,-8.256014179311382817e-01,-8.254324378643435045e-01,-8.253310327784166844e-01,-8.252972050206636156e-01,-1.000000000000000000e+00,-1.000000000000000000e+00,-1.000000000000000000e+00,-1.000000000000000000e+00,-1.000000000000000000e+00,-1.000000000000000000e+00,-1.000000000000000000e+00,-1.000000000000000000e+00,-1.000000000000000000e+00,-1.000000000000000000e+00,-1.000000000000000000e+00,-1.000000000000000000e+00,-1.000000000000000000e+00,-1.000000000000000000e+00,-1.000000000000000000e+00,-1.000000000000000000e+00,-1.000000000000000000e+00,-1.000000000000000000e+00,-1.000000000000000000e+00,-1.000000000000000000e+00,-1.000000000000000000e+00,-1.000000000000000000e+00,-1.000000000000000000e+00,-1.000000000000000000e+00,-1.000000000000000000e+00,-1.000000000000000000e+00,-1.000000000000000000e+00,-1.000000000000000000e+00,-1.000000000000000000e+00,-1.000000000000000000e+00,-1.000000000000000000e+00,-1.000000000000000000e+00,-1.000000000000000000e+00,-1.000000000000000000e+00,-1.000000000000000000e+00,-1.000000000000000000e+00,-1.000000000000000000e+00,-1.000000000000000000e+00,-1.000000000000000000e+00,-1.000000000000000000e+00,-1.000000000000000000e+00,-1.000000000000000000e+00,-1.000000000000000000e+00,-1.000000000000000000e+00,-1.000000000000000000e+00,-1.000000000000000000e+00
-1.000000000000000000e+00,-1.000000000000000000e+00,-1.000000000000000000e+00,-1.000000000000000000e+00,-1.000000000000000000e+00,-1.000000000000000000e+00,-1.000000000000000000e+00,-1.000000000000000000e+00,-1.000000000000000000e+00,-1.000000000000000000e+00,-1.000000000000000000e+00,-1.000000000000000000e+00,-1.000000000000000000e+00,-1.000000000000000000e+00,-1.000000000000000000e+00,-1.000000000000000000e+00,-1.000000000000000000e+00,-1.000000000000000000e+00,-1.000000000000000000e+00,-1.000000000000000000e+00,-1.000000000000000000e+00,-1.000000000000000000e+00,-1.000000000000000000e+00,-1.000000000000000000e+00,-1.000000000000000000e+00,-1.000000000000000000e+00,-1.000000000000000000e+00,-1.000000000000000000e+00,-1.000000000000000000e+00,-1.000000000000000000e+00,-1.000000000000000000e+00,-1.000000000000000000e+00,-1.000000000000000000e+00,-1.000000000000000000e+00,-1.000000000000000000e+00,-1.000000000000000000e+00,-1.000000000000000000e+00,-1.000000000000000000e+00,-1.000000000000000000e+00,-1.000000000000000000e+00,-1.000000000000000000e+00,-1.000000000000000000e+00,-1.000000000000000000e+00,-1.000000000000000000e+00,-1.000000000000000000e+00,-1.000000000000000000e+00,-8.263547543214364577e-01,-8.263887642986680326e-01,-8.264905686252616013e-01,-8.266601286840311591e-01,-8.268974470221148731e-01,-8.272025380906609104e-01,-8.275753664459097880e-01,-8.280156883589437911e-01,-8.285225903660881075e-01,-8.290931754027321965e-01,-8.297190267450929024e-01,-8.303772637815060031e-01,-8.310093645161451548e-01,-8.314745344161253993e-01,-8.314551350168558619e-01,-8.302826218072565378e-01,-8.266539359112984320e-01,-8.182420181125618086e-01,-8.013004216457599860e-01,-7.705388316339928378e-01,-7.197625360130716077e-01,-6.438766706789242900e-01,-5.426233424733689636e-01,-4.256450079487215099e-01,-3.168700375147284198e-01,-2.522315983290152053e-01,-2.522315982962380909e-01,-3.168700373984850716e-01,-4.256450077923085162e-01,-5.426233422359603153e-01,-6.438766704090054249e-01,-7.197625357116471667e-01,-7.705388312510195181e-01,-8.013004212567995665e-01,-8.182420176919563692e-01,-8.266539354406093887e-01,-8.302826213144748335e-01,-8.314551345512657399e-01,-8.314745339752958042e-01,-8.310093640865869880e-01,-8.303772634057546842e-01,-8.297190264304823426e-01,-8.290931751892388624e-01,-8.285225902517470153e-01,-8.280156883258913414e-01,-8.275753665038704243e-01,-8.272025382121881432e-01,-8.268974472167028855e-01,-8.266601289328340263e-01,-8.264905689289608892e-01,-8.263887646377241492e-01,-8.263547546697330715e-01,-1.000000000000000000e+00,-1.000000000000000000e+00,-1.000000000000000000e+00,-1.000000000000000000e+00,-1.000000000000000000e+00,-1.000000000000000000e+00,-1.000000000000000000e+00,-1.000000000000000000e+00,-1.000000000000000000e+00,-1.000000000000000000e+00,-1.000000000000000000e+00,-1.000000000000000000e+00,-1.000000000000000000e+00,-1.000000000000000000e+00,-1.000000000000000000e+00,-1.000000000000000000e+00,-1.000000000000000000e+00,-1.000000000000000000e+00,-1.000000000000000000e+00,-1.000000000000000000e+00,-1.000000000000000000e+00,-1.000000000000000000e+00,-1.000000000000000000e+00,-1.000000000000000000e+00,-1.000000000000000000e+00,-1.000000000000000000e+00,-1.000000000000000000e+00,-1.000000000000000000e+00,-1.000000000000000000e+00,-1.000000000000000000e+00,-1.000000000000000000e+00,-1.000000000000000000e+00,-1.000000000000000000e+00,-1.000000000000000000e+00,-1.000000000000000000e+00,-1.000000000000000000e+00,-1.000000000000000000e+00,-1.000000000000000000e+00,-1.000000000000000000e+00,-1.000000000000000000e+00,-1.000000000000000000e+00,-1.000000000000000000e+00,-1.000000000000000000e+00,-1.000000000000000000e+00,-1.000000000000000000e+00,-1.000000000000000000e+00
-1.000000000000000000e+00,-1.000000000000000000e+00,-1.000000000000000000e+00,-1.000000000000000000e+00,-1.000000000000000000e+00,-1.000000000000000000e+00,-1.000000000000000000e+00,-1.000000000000000000e+00,-1.000000000000000000e+00,-1.000000000000000000e+00,-1.000000000000000000e+00,-1.000000000000000000e+00,-1.000000000000000000e+00,-1.000000000000000000e+00,-1.000000000000000000e+00,-1.000000000000000000e+00,-1.000000000000000000e+00,-1.000000000000000000e+00,-1.000000000000000000e+00,-1.000000000000000000e+00,-1.000000000000000000e+00,-1.000000000000000000e+00,-1.000000000000000000e+00,-1.000000000000000000e+00,-1.000000000000000000e+00,-1.000000000000000000e+00,-1.000000000000000000e+00,-1.000000000000000000e+00,-1.000000000000000000e+00,-1.000000000000000000e+00,-1.000000000000000000e+00,-1.000000000000000000e+00,-1.000000000000000000e+00,-1.000000000000000000e+00,-1.000000000000000000e+00,-1.000000000000000000e+00,-1.000000000000000000e+00,-1.000000000000000000e+00,-1.000000000000000000e+00,-1.000000000000000000e+00,-1.000000000000000000e+00,-1.000000000000000000e+00,-1.000000000000000000e+00,-1.000000000000000000e+00,-1.000000000000000000e+00,-1.000000000000000000e+00,-8.274462509637212637e-01,-8.274805752913170220e-01,-8.275829418778707369e-01,-8.277532384632907414e-01,-8.279914416600528959e-01,-8.282975616537122665e-01,-8.286715586899742192e-01,-8.291131760085185265e-01,-8.296214787490627796e-01,-8.301935437599267109e-01,-8.308209281462913820e-01,-8.314807313102192676e-01,-8.321144290224649076e-01,-8.325812659502423996e-01,-8.325637317418985717e-01,-8.313935862486445671e-01,-8.277683950948672154e-01,-8.193622471488761771e-01,-8.024305823883043365e-01,-7.716857965273762332e-01,-7.209364098889908812e-01,-6.450902980719510627e-01,-5.438898649554455567e-01,-4.269727079420665428e-01,-3.182547468574812299e-01,-2.536502009275182212e-01,-2.536502008969030442e-01,-3.182547467634935234e-01,-4.269727077998636267e-01,-5.438898647330094871e-01,-6.450902978239383412e-01,-7.209364095686238150e-01,-7.716857961487461059e-01,-8.024305819988528654e-01,-8.193622466650180014e-01,-8.277683945847256197e-01,-8.313935857373930816e-01,-8.325637312311179317e-01,-8.325812654307698235e-01,-8.321144285352660708e-01,-8.314807309000765700e-01,-8.308209278005449505e-01,-8.301935435212528525e-01,-8.296214786123476959e-01,-8.291131759893024533e-01,-8.286715587931401394e-01,-8.282975618585902700e-01,-8.279914419663131353e-01,-8.277532388575634670e-01,-8.275829423564345921e-01,-8.274805758228001018e-01,-8.274462515080074354e-01,-1.000000000000000000e+00,-1.000000000000000000e+00,-1.000000000000000000e+00,-1.000000000000000000e+00,-1.000000000000000000e+00,-1.000000000000000000e+00,-1.000000000000000000e+00,-1.000000000000000000e+00,-1.000000000000000000e+00,-1.000000000000000000e+00,-1.000000000000000000e+00,-1.000000000000000000e+00,-1.000000000000000000e+00,-1.000000000000000000e+00,-1.000000000000000000e+00,-1.000000000000000000e+00,-1.000000000000000000e+00,-1.000000000000000000e+00,-1.000000000000000000e+00,-1.000000000000000000e+00,-1.000000000000000000e+00,-1.000000000000000000e+00,-1.000000000000000000e+00,-1.000000000000000000e+00,-1.000000000000000000e+00,-1.000000000000000000e+00,-1.000000000000000000e+00,-1.000000000000000000e+00,-1.000000000000000000e+00,-1.000000000000000000e+00,-1.000000000000000000e+00,-1.000000000000000000e+00,-1.000000000000000000e+00,-1.000000000000000000e+00,-1.000000000000000000e+00,-1.000000000000000000e+00,-1.000000000000000000e+00,-1.000000000000000000e+00,-1.000000000000000000e+00,-1.000000000000000000e+00,-1.000000000000000000e+00,-1.000000000000000000e+00,-1.000000000000000000e+00,-1.000000000000000000e+00,-1.000000000000000000e+00,-1.000000000000000000e+00
-1.000000000000000000e+00,-1.000000000000000000e+00,-1.000000000000000000e+00,-1.000000000000000000e+00,-1.000000000000000000e+00,-1.000000000000000000e+00,-1.000000000000000000e+00,-1.000000000000000000e+00,-1.000000000000000000e+00,-1.000000000000000000e+00,-1.000000000000000000e+00,-1.000000000000000000e+00,-1.000000000000000000e+00,-1.000000000000000000e+00,-1.000000000000000000e+00,-1.000000000000000000e+00,-1.000000000000000000e+00,-1.000000000000000000e+00,-1.000000000000000000e+00,-1.000000000000000000e+00,-1.000000000000000000e+00,-1.000000000000000000e+00,-1.000000000000000000e+00,-1.000000000000000000e+00,-1.000000000000000000e+00,-1.000000000000000000e+00,-1.000000000000000000e+00,-1.000000000000000000e+00,-1.000000000000000000e+00,-1.000000000000000000e+00,-1.000000000000000000e+00,-1.000000000000000000e+00,-1.000000000000000000e+00,-1.000000000000000000e+00,-1.000000000000000000e+00,-1.000000000000000000e+00,-1.000000000000000000e+00,-1.000000000000000000e+00,-1.000000000000000000e+00,-1.000000000000000000e+00,-1.000000000000000000e+00,-1.000000000000000000e+00,-1.000000000000000000e+00,-1.000000000000000000e+00,-1.000000000000000000e+00,-1.000000000000000000e+00,-8.285718266752681860e-01,-8.286067694901935177e-01,-8.287100273417900009e-01,-8.288813345391607967e-01,-8.291206318731886293e-01,-8.294279474364232296e-01,-8.298032624132620771e-01,-8.302463239713588905e-01,-8.307561843331998652e-01,-8.313298974644631745e-01,-8.319589950933012901e-01,-8.326205567512614536e-01,-8.332560565682158860e-01,-8.337247806394019189e-01,-8.337093521932612550e-01,-8.325418464372500438e-01,-8.289204739849773684e-01,-8.205205103882634576e-01,-8.035993487408545910e-01,-7.728721926316711732e-01,-7.221509104828199854e-01,-6.463462104740722580e-01,-5.452007888798906521e-01,-4.283471849882360960e-01,-3.196883998843371710e-01,-2.551190280388928588e-01,-2.551190280127374477e-01,-3.196883998130237714e-01,-4.283471848564799345e-01,-5.452007886759482336e-01,-6.463462102110781871e-01,-7.221509101218761550e-01,-7.728721922306049930e-01,-8.035993482846073288e-01,-8.205205098611084713e-01,-8.289204734819179965e-01,-8.325418458939695121e-01,-8.337093516290130513e-01,-8.337247800894411753e-01,-8.332560560743579314e-01,-8.326205563265856036e-01,-8.319589947391572426e-01,-8.313298972489899796e-01,-8.307561842388183626e-01,-8.302463240168320713e-01,-8.298032625882806324e-01,-8.294279477349980612e-01,-8.291206322851812915e-01,-8.288813350436724514e-01,-8.287100279156806026e-01,-8.286067701113966066e-01,-8.285718273183342308e-01,-1.000000000000000000e+00,-1.000000000000000000e+00,-1.000000000000000000e+00,-1.000000000000000000e+00,-1.000000000000000000e+00,-1.000000000000000000e+00,-1.000000000000000000e+00,-1.000000000000000000e+00,-1.000000000000000000e+00,-1.000000000000000000e+00,-1.000000000000000000e+00,-1.000000000000000000e+00,-1.000000000000000000e+00,-1.000000000000000000e+00,-1.000000000000000000e+00,-1.000000000000000000e+00,-1.000000000000000000e+00,-1.000000000000000000e+00,-1.000000000000000000e+00,-1.000000000000000000e+00,-1.000000000000000000e+00,-1.000000000000000000e+00,-1.000000000000000000e+00,-1.000000000000000000e+00,-1.000000000000000000e+00,-1.000000000000000000e+00,-1.000000000000000000e+00,-1.000000000000000000e+00,-1.000000000000000000e+00,-1.000000000000000000e+00,-1.000000000000000000e+00,-1.000000000000000000e+00,-1.000000000000000000e+00,-1.000000000000000000e+00,-1.000000000000000000e+00,-1.000000000000000000e+00,-1.000000000000000000e+00,-1.000000000000000000e+00,-1.000000000000000000e+00,-1.000000000000000000e+00,-1.000000000000000000e+00,-1.000000000000000000e+00,-1.000000000000000000e+00,-1.000000000000000000e+00,-1.000000000000000000e+00,-1.000000000000000000e+00
-1.000000000000000000e+00,-1.000000000000000000e+00,-1.000000000000000000e+00,-1.000000000000000000e+00,-1.000000000000000000e+00,-1.000000000000000000e+00,-1.000000000000000000e+00,-1.000000000000000000e+00,-1.000000000000000000e+00,-1.000000000000000000e+00,-1.000000000000000000e+00,-1.000000000000000000e+00,-1.000000000000000000e+00,-1.000000000000000000e+00,-1.000000000000000000e+00,-1.000000000000000000e+00,-1.000000000000000000e+00,-1.000000000000000000e+00,-1.000000000000000000e+00,-1.000000000000000000e+00,-1.000000000000000000e+00,-1.000000000000000000e+00,-1.000000000000000000e+00,-1.000000000000000000e+00,-1.000000000000000000e+00,-1.000000000000000000e+00,-1.000000000000000000e+00,-1.000000000000000000e+00,-1.000000000000000000e+00,-1.000000000000000000e+00,-1.000000000000000000e+00,-1.000000000000000000e+00,-1.000000000000000000e+00,-1.000000000000000000e+00,-1.000000000000000000e+00,-1.000000000000000000e+00,-1.000000000000000000e+00,-1.000000000000000000e+00,-1.000000000000000000e+00,-1.000000000000000000e+00,-1.000000000000000000e+00,-1.000000000000000000e+00,-1.000000000000000000e+00,-1.000000000000000000e+00,-1.000000000000000000e+00,-1.000000000000000000e+00,-8.297315539651914928e-01,-8.297678219500062013e-01,-8.298726717156007515e-01,-8.300455186690774978e-01,-8.302862569375926149e-01,-8.305949893851607424e-01,-8.309717793709131550e-01,-8.314164198622833180e-01,-8.319279730055881839e-01,-8.325034810725642220e-01,-8.331344561899431955e-01,-8.337979619558683053e-01,-8.344354748627111906e-01,-8.349063280821513722e-01,-8.348932875160036682e-01,-8.337287571754217197e-01,-8.301116117725528820e-01,-8.217183486695472938e-01,-8.048083789095700213e-01,-7.740998122723916630e-01,-7.234079841013199008e-01,-6.476465309111706370e-01,-5.465584332097608300e-01,-4.297709565649815433e-01,-3.211736826737304762e-01,-2.566408638360238026e-01,-2.566408638154299426e-01,-3.211736826293500879e-01,-4.297709564638920732e-01,-5.465584330620900655e-01,-6.476465306906773467e-01,-7.234079837992918316e-01,-7.740998119191979665e-01,-8.048083784553781150e-01,-8.217183481724541494e-01,-8.301116112571851335e-01,-8.337287565907234299e-01,-8.348932869579963612e-01,-8.349063275387016425e-01,-8.344354743253454831e-01,-8.337979614569348552e-01,-8.331344557870010714e-01,-8.325034808429637723e-01,-8.319279729245016020e-01,-8.314164199467612981e-01,-8.309717795922419992e-01,-8.305949897436890605e-01,-8.302862574242225735e-01,-8.300455192835507479e-01,-8.298726724262900367e-01,-8.297678227113183258e-01,-8.297315547372794420e-01,-1.000000000000000000e+00,-1.000000000000000000e+00,-1.000000000000000000e+00,-1.000000000000000000e+00,-1.000000000000000000e+00,-1.000000000000000000e+00,-1.000000000000000000e+00,-1.000000000000000000e+00,-1.000000000000000000e+00,-1.000000000000000000e+00,-1.000000000000000000e+00,-1.000000000000000000e+00,-1.000000000000000000e+00,-1.000000000000000000e+00,-1.000000000000000000e+00,-1.000000000000000000e+00,-1.000000000000000000e+00,-1.000000000000000000e+00,-1.000000000000000000e+00,-1.000000000000000000e+00,-1.000000000000000000e+00,-1.000000000000000000e+00,-1.000000000000000000e+00,-1.000000000000000000e+00,-1.000000000000000000e+00,-1.000000000000000000e+00,-1.000000000000000000e+00,-1.000000000000000000e+00,-1.000000000000000000e+00,-1.000000000000000000e+00,-1.000000000000000000e+00,-1.000000000000000000e+00,-1.000000000000000000e+00,-1.000000000000000000e+00,-1.000000000000000000e+00,-1.000000000000000000e+00,-1.000000000000000000e+00,-1.000000000000000000e+00,-1.000000000000000000e+00,-1.000000000000000000e+00,-1.000000000000000000e+00,-1.000000000000000000e+00,-1.000000000000000000e+00,-1.000000000000000000e+00,-1.000000000000000000e+00,-1.000000000000000000e+00
-1.000000000000000000e+00,-1.000000000000000000e+00,-1.000000000000000000e+00,-1.000000000000000000e+00,-1.000000000000000000e+00,-1.000000000000000000e+00,-1.000000000000000000e+00,-1.000000000000000000e+00,-1.000000000000000000e+00,-1.000000000000000000e+00,-1.000000000000000000e+00,-1.000000000000000000e+00,-1.000000000000000000e+00,-1.000000000000000000e+00,-1.000000000000000000e+00,-1.000000000000000000e+00,-1.000000000000000000e+00,-1.000000000000000000e+00,-1.000000000000000000e+00,-1.000000000000000000e+00,-1.000000000000000000e+00,-1.000000000000000000e+00,-1.000000000000000000e+00,-1.000000000000000000e+00,-1.000000000000000000e+00,-1.000000000000000000e+00,-1.000000000000000000e+00,-1.000000000000000000e+00,-1.000000000000000000e+00,-1.000000000000000000e+00,-1.000000000000000000e+00,-1.000000000000000000e+00,-1.000000000000000000e+00,-1.000000000000000000e+00,-1.000000000000000000e+00,-1.000000000000000000e+00,-1.000000000000000000e+00,-1.000000000000000000e+00,-1.000000000000000000e+00,-1.000000000000000000e+00,-1.000000000000000000e+00,-1.000000000000000000e+00,-1.000000000000000000e+00,-1.000000000000000000e+00,-1.000000000000000000e+00,-1.000000000000000000e+00,-8.309252986978341582e-01,-8.309645177649263026e-01,-8.310724772306312680e-01,-8.312479417793955383e-01,-8.314907579604715604e-01,-8.318012398223123549e-01,-8.321796724287231495e-01,-8.326259894109357962e-01,-8.331393156947022316e-01,-8.337167093533417450e-01,-8.343496786398243437e-01,-8.350152828668813143e-01,-8.356550121608865567e-01,-8.361282597751475976e-01,-8.361179508779568170e-01,-8.349568369168149928e-01,-8.313444731698007573e-01,-8.229586060084220778e-01,-8.060607241062347494e-01,-7.753719421663494149e-01,-7.247111863266259002e-01,-6.489951224592074297e-01,-5.479670024983875898e-01,-4.312485750377931248e-01,-3.227154448616422755e-01,-2.582207317115634559e-01,-2.582207316929261420e-01,-3.227154448302044232e-01,-4.312485749468377705e-01,-5.479670023618568031e-01,-6.489951222337122516e-01,-7.247111860288193430e-01,-7.753719417975111217e-01,-8.060607236523107400e-01,-8.229586055350307516e-01,-8.313444726352490211e-01,-8.349568363492279044e-01,-8.361179503390268053e-01,-8.361282592051505480e-01,-8.356550116209887635e-01,-8.350152824161144460e-01,-8.343496782989492377e-01,-8.337167091451578305e-01,-8.331393156184450088e-01,-8.326259895174956682e-01,-8.321796727036995245e-01,-8.318012402636723035e-01,-8.314907585273447754e-01,-8.312479424583513188e-01,-8.310724779937578299e-01,-8.309645185895403463e-01,-8.309252995413864973e-01,-1.000000000000000000e+00,-1.000000000000000000e+00,-1.000000000000000000e+00,-1.000000000000000000e+00,-1.000000000000000000e+00,-1.000000000000000000e+00,-1.000000000000000000e+00,-1.000000000000000000e+00,-1.000000000000000000e+00,-1.000000000000000000e+00,-1.000000000000000000e+00,-1.000000000000000000e+00,-1.000000000000000000e+00,-1.000000000000000000e+00,-1.000000000000000000e+00,-1.000000000000000000e+00,-1.000000000000000000e+00,-1.000000000000000000e+00,-1.000000000000000000e+00,-1.000000000000000000e+00,-1.000000000000000000e+00,-1.000000000000000000e+00,-1.000000000000000000e+00,-1.000000000000000000e+00,-1.000000000000000000e+00,-1.000000000000000000e+00,-1.000000000000000000e+00,-1.000000000000000000e+00,-1.000000000000000000e+00,-1.000000000000000000e+00,-1.000000000000000000e+00,-1.000000000000000000e+00,-1.000000000000000000e+00,-1.000000000000000000e+00,-1.000000000000000000e+00,-1.000000000000000000e+00,-1.000000000000000000e+00,-1.000000000000000000e+00,-1.000000000000000000e+00,-1.000000000000000000e+00,-1.000000000000000000e+00,-1.000000000000000000e+00,-1.000000000000000000e+00,-1.000000000000000000e+00,-1.000000000000000000e+00,-1.000000000000000000e+00
-1.000000000000000000e+00,-1.000000000000000000e+00,-1.000000000000000000e+00,-1.000000000000000000e+00,-1.000000000000000000e+00,-1.000000000000000000e+00,-1.000000000000000000e+00,-1.000000000000000000e+00,-1.000000000000000000e+00,-1.000000000000000000e+00,-1.000000000000000000e+00,-1.000000000000000000e+00,-1.000000000000000000e+00,-1.000000000000000000e+00,-1.000000000000000000e+00,-1.000000000000000000e+00,-1.000000000000000000e+00,-1.000000000000000000e+00,-1.000000000000000000e+00,-1.000000000000000000e+00,-1.000000000000000000e+00,-1.000000000000000000e+00,-1.000000000000000000e+00,-1.000000000000000000e+00,-1.000000000000000000e+00,-1.000000000000000000e+00,-1.000000000000000000e+00,-1.000000000000000000e+00,-1.000000000000000000e+00,-1.000000000000000000e+00,-1.000000000000000000e+00,-1.000000000000000000e+00,-1.000000000000000000e+00,-1.000000000000000000e+00,-1.000000000000000000e+00,-1.000000000000000000e+00,-1.000000000000000000e+00,-1.000000000000000000e+00,-1.000000000000000000e+00,-1.000000000000000000e+00,-1.000000000000000000e+00,-1.000000000000000000e+00,-1.000000000000000000e+00,-1.000000000000000000e+00,-1.000000000000000000e+00,-1.000000000000000000e+00,-8.321522742321183497e-01,-8.321981131452851344e-01,-8.323124543299326161e-01,-8.324927721718446971e-01,-8.327389107845997174e-01,-8.330517082633439596e-01,-8.334319763318448482e-01,-8.338799936515156608e-01,-8.343950617612888587e-01,-8.349743145430449376e-01,-8.356092914861507071e-01,-8.362770739103969619e-01,-8.369191908942961167e-01,-8.373951240117718520e-01,-8.373879905504679755e-01,-8.362309190140124748e-01,-8.326241556413158662e-01,-8.242467060868194917e-01,-8.073621844914152801e-01,-7.766948080715083691e-01,-7.260672268507353255e-01,-6.503992480549342092e-01,-5.494343763315262530e-01,-4.327885521707932615e-01,-3.243227422168695195e-01,-2.598680068402183796e-01,-2.598680068179021196e-01,-3.243227421786412101e-01,-4.327885520807837061e-01,-5.494343762079747506e-01,-6.503992478608180416e-01,-7.260672265965992800e-01,-7.766948077307150866e-01,-8.073621840759501733e-01,-8.242467056184138441e-01,-8.326241551010085118e-01,-8.362309184826446362e-01,-8.373879900113221364e-01,-8.373951234551044731e-01,-8.369191904184849484e-01,-8.362770734990426780e-01,-8.356092911603968387e-01,-8.349743143560974801e-01,-8.343950617383701918e-01,-8.338799938086943753e-01,-8.334319766407100039e-01,-8.330517087344337934e-01,-8.327389113927532449e-01,-8.324927729053535064e-01,-8.323124551473587429e-01,-8.321981140242049602e-01,-8.321522751299043064e-01,-1.000000000000000000e+00,-1.000000000000000000e+00,-1.000000000000000000e+00,-1.000000000000000000e+00,-1.000000000000000000e+00,-1.000000000000000000e+00,-1.000000000000000000e+00,-1.000000000000000000e+00,-1.000000000000000000e+00,-1.000000000000000000e+00,-1.000000000000000000e+00,-1.000000000000000000e+00,-1.000000000000000000e+00,-1.000000000000000000e+00,-1.000000000000000000e+00,-1.000000000000000000e+00,-1.000000000000000000e+00,-1.000000000000000000e+00,-1.000000000000000000e+00,-1.000000000000000000e+00,-1.000000000000000000e+00,-1.000000000000000000e+00,-1.000000000000000000e+00,-1.000000000000000000e+00,-1.000000000000000000e+00,-1.000000000000000000e+00,-1.000000000000000000e+00,-1.000000000000000000e+00,-1.000000000000000000e+00,-1.000000000000000000e+00,-1.000000000000000000e+00,-1.000000000000000000e+00,-1.000000000000000000e+00,-1.000000000000000000e+00,-1.000000000000000000e+00,-1.000000000000000000e+00,-1.000000000000000000e+00,-1.000000000000000000e+00,-1.000000000000000000e+00,-1.000000000000000000e+00,-1.000000000000000000e+00,-1.000000000000000000e+00,-1.000000000000000000e+00,-1.000000000000000000e+00,-1.000000000000000000e+00,-1.000000000000000000e+00
-1.000000000000000000e+00,-1.000000000000000000e+00,-1.000000000000000000e+00,-1.000000000000000000e+00,-1.000000000000000000e+00,-1.000000000000000000e+00,-1.000000000000000000e+00,-1.000000000000000000e+00,-1.000000000000000000e+00,-1.000000000000000000e+00,-1.000000000000000000e+00,-1.000000000000000000e+00,-1.000000000000000000e+00,-1.000000000000000000e+00,-1.000000000000000000e+00,-1.000000000000000000e+00,-1.000000000000000000e+00,-1.000000000000000000e+00,-1.000000000000000000e+00,-1.000000000000000000e+00,-1.000000000000000000e+00,-1.000000000000000000e+00,-1.000000000000000000e+00,-1.000000000000000000e+00,-1.000000000000000000e+00,-1.000000000000000000e+00,-1.000000000000000000e+00,-1.000000000000000000e+00,-1.000000000000000000e+00,-1.000000000000000000e+00,-1.000000000000000000e+00,-1.000000000000000000e+00,-1.000000000000000000e+00,-1.000000000000000000e+00,-1.000000000000000000e+00,-1.000000000000000000e+00,-1.000000000000000000e+00,-1.000000000000000000e+00,-1.000000000000000000e+00,-1.000000000000000000e+00,-1.000000000000000000e+00,-1.000000000000000000e+00,-1.000000000000000000e+00,-1.000000000000000000e+00,-1.000000000000000000e+00,-1.000000000000000000e+00,-8.334098690167185408e-01,-8.334704100964538398e-01,-8.335980726806970775e-01,-8.337878622518726246e-01,-8.340398123933903118e-01,-8.343559780283225091e-01,-8.347383426468832912e-01,-8.351879544776150688e-01,-8.357045258294395484e-01,-8.362853892249830778e-01,-8.369221874325311061e-01,-8.375920779441975439e-01,-8.382366807919781060e-01,-8.387156236716111213e-01,-8.387122823436663488e-01,-8.375602158189737745e-01,-8.339603588097693754e-01,-8.255929506657908590e-01,-8.087237538869498366e-01,-7.780801816481166533e-01,-7.274887582221354343e-01,-6.518725673706798895e-01,-5.509753413498913455e-01,-4.344068371470324319e-01,-3.260125306524810362e-01,-2.616002386357765275e-01,-2.616002386196971674e-01,-3.260125306165112535e-01,-4.344068370659176503e-01,-5.509753412301741093e-01,-6.518725671933365273e-01,-7.274887579959604667e-01,-7.780801813546465162e-01,-8.087237535383930975e-01,-8.255929502402679088e-01,-8.339603583248591523e-01,-8.375602153225627511e-01,-8.387122818211991682e-01,-8.387156231950145813e-01,-8.382366803967831181e-01,-8.375920775687001330e-01,-8.369221871561713932e-01,-8.362853890835802995e-01,-8.357045258231023954e-01,-8.351879546200777771e-01,-8.347383429428698598e-01,-8.343559784913395783e-01,-8.340398130014567979e-01,-8.337878629960335797e-01,-8.335980735142136666e-01,-8.334704109910748837e-01,-8.334098699235376051e-01,-1.000000000000000000e+00,-1.000000000000000000e+00,-1.000000000000000000e+00,-1.000000000000000000e+00,-1.000000000000000000e+00,-1.000000000000000000e+00,-1.000000000000000000e+00,-1.000000000000000000e+00,-1.000000000000000000e+00,-1.000000000000000000e+00,-1.000000000000000000e+00,-1.000000000000000000e+00,-1.000000000000000000e+00,-1.000000000000000000e+00,-1.000000000000000000e+00,-1.000000000000000000e+00,-1.000000000000000000e+00,-1.000000000000000000e+00,-1.000000000000000000e+00,-1.000000000000000000e+00,-1.000000000000000000e+00,-1.000000000000000000e+00,-1.000000000000000000e+00,-1.000000000000000000e+00,-1.000000000000000000e+00,-1.000000000000000000e+00,-1.000000000000000000e+00,-1.000000000000000000e+00,-1.000000000000000000e+00,-1.000000000000000000e+00,-1.000000000000000000e+00,-1.000000000000000000e+00,-1.000000000000000000e+00,-1.000000000000000000e+00,-1.000000000000000000e+00,-1.000000000000000000e+00,-1.000000000000000000e+00,-1.000000000000000000e+00,-1.000000000000000000e+00,-1.000000000000000000e+00,-1.000000000000000000e+00,-1.000000000000000000e+00,-1.000000000000000000e+00,-1.000000000000000000e+00,-1.000000000000000000e+00,-1.000000000000000000e+00
-1.000000000000000000e+00,-1.000000000000000000e+00,-1.000000000000000000e+00,-1.000000000000000000e+00,-1.000000000000000000e+00,-1.000000000000000000e+00,-1.000000000000000000e+00,-1.000000000000000000e+00,-1.000000000000000000e+00,-1.000000000000000000e+00,-1.000000000000000000e+00,-1.000000000000000000e+00,-1.000000000000000000e+00,-1.000000000000000000e+00,-1.000000000000000000e+00,-1.000000000000000000e+00,-1.000000000000000000e+00,-1.000000000000000000e+00,-1.000000000000000000e+00,-1.000000000000000000e+00,-1.000000000000000000e+00,-1.000000000000000000e+00,-1.000000000000000000e+00,-1.000000000000000000e+00,-1.000000000000000000e+00,-1.000000000000000000e+00,-1.000000000000000000e+00,-1.000000000000000000e+00,-1.000000000000000000e+00,-1.000000000000000000e+00,-1.000000000000000000e+00,-1.000000000000000000e+00,-1.000000000000000000e+00,-1.000000000000000000e+00,-1.000000000000000000e+00,-1.000000000000000000e+00,-1.000000000000000000e+00,-1.000000000000000000e+00,-1.000000000000000000e+00,-1.000000000000000000e+00,-1.000000000000000000e+00,-1.000000000000000000e+00,-1.000000000000000000e+00,-1.000000000000000000e+00,-1.000000000000000000e+00,-1.000000000000000000e+00,-8.346908446664615955e-01,-8.347834331036243505e-01,-8.349388148840625190e-01,-8.351474653043164942e-01,-8.354101973927265945e-01,-8.357317693040761108e-01,-8.361166619626516638e-01,-8.365675489926884811e-01,-8.370850193806198547e-01,-8.376668456472415869e-01,-8.383049140165852453e-01,-8.389765638344572896e-01,-8.396236086107147223e-01,-8.401059369121693932e-01,-8.401073155939925430e-01,-8.389618367793622022e-01,-8.353710953974822218e-01,-8.270164651628322261e-01,-8.101658287075610421e-01,-7.795498785018697419e-01,-7.289991958939229244e-01,-6.534403239035682098e-01,-5.526171932423382671e-01,-4.361328539736561982e-01,-3.278160873432764966e-01,-2.634498006158852990e-01,-2.634498005989684977e-01,-3.278160872819870786e-01,-4.361328538716255920e-01,-5.526171930981846891e-01,-6.534403237135097964e-01,-7.289991956576815646e-01,-7.795498782161871532e-01,-8.101658283721896447e-01,-8.270164647629705268e-01,-8.353710949670772878e-01,-8.389618363117969935e-01,-8.401073151239637493e-01,-8.401059364992430334e-01,-8.396236082535030176e-01,-8.389765635438226621e-01,-8.383049138621043728e-01,-8.376668455728033535e-01,-8.370850193960601704e-01,-8.365675491559082522e-01,-8.361166622977769247e-01,-8.357317697955007896e-01,-8.354101980031153341e-01,-8.351474660218325408e-01,-8.349388156803907446e-01,-8.347834339640375356e-01,-8.346908455481802935e-01,-1.000000000000000000e+00,-1.000000000000000000e+00,-1.000000000000000000e+00,-1.000000000000000000e+00,-1.000000000000000000e+00,-1.000000000000000000e+00,-1.000000000000000000e+00,-1.000000000000000000e+00,-1.000000000000000000e+00,-1.000000000000000000e+00,-1.000000000000000000e+00,-1.000000000000000000e+00,-1.000000000000000000e+00,-1.000000000000000000e+00,-1.000000000000000000e+00,-1.000000000000000000e+00,-1.000000000000000000e+00,-1.000000000000000000e+00,-1.000000000000000000e+00,-1.000000000000000000e+00,-1.000000000000000000e+00,-1.000000000000000000e+00,-1.000000000000000000e+00,-1.000000000000000000e+00,-1.000000000000000000e+00,-1.000000000000000000e+00,-1.000000000000000000e+00,-1.000000000000000000e+00,-1.000000000000000000e+00,-1.000000000000000000e+00,-1.000000000000000000e+00,-1.000000000000000000e+00,-1.000000000000000000e+00,-1.000000000000000000e+00,-1.000000000000000000e+00,-1.000000000000000000e+00,-1.000000000000000000e+00,-1.000000000000000000e+00,-1.000000000000000000e+00,-1.000000000000000000e+00,-1.000000000000000000e+00,-1.000000000000000000e+00,-1.000000000000000000e+00,-1.000000000000000000e+00,-1.000000000000000000e+00,-1.000000000000000000e+00
-1.000000000000000000e+00,-1.000000000000000000e+00,-1.000000000000000000e+00,-1.000000000000000000e+00,-1.000000000000000000e+00,-1.000000000000000000e+00,-1.000000000000000000e+00,-1.000000000000000000e+00,-1.000000000000000000e+00,-1.000000000000000000e+00,-1.000000000000000000e+00,-1.000000000000000000e+00,-1.000000000000000000e+00,-1.000000000000000000e+00,-1.000000000000000000e+00,-1.000000000000000000e+00,-1.000000000000000000e+00,-1.000000000000000000e+00,-1.000000000000000000e+00,-1.000000000000000000e+00,-1.000000000000000000e+00,-1.000000000000000000e+00,-1.000000000000000000e+00,-1.000000000000000000e+00,-1.000000000000000000e+00,-1.000000000000000000e+00,-1.000000000000000000e+00,-1.000000000000000000e+00,-1.000000000000000000e+00,-1.000000000000000000e+00,-1.000000000000000000e+00,-1.000000000000000000e+00,-1.000000000000000000e+00,-1.000000000000000000e+00,-1.000000000000000000e+00,-1.000000000000000000e+00,-1.000000000000000000e+00,-1.000000000000000000e+00,-1.000000000000000000e+00,-1.000000000000000000e+00,-1.000000000000000000e+00,-1.000000000000000000e+00,-1.000000000000000000e+00,-1.000000000000000000e+00,-1.000000000000000000e+00,-1.000000000000000000e+00,-8.359771345347797311e-01,-8.361379892554815507e-01,-8.363502259752439993e-01,-8.365964067522230208e-01,-8.368796931132980177e-01,-8.372106415246525213e-01,-8.375988801440545917e-01,-8.380503856373849869e-01,-8.385675242845330724e-01,-8.391489689596814960e-01,-8.397871134222995027e-01,-8.404596775854480395e-01,-8.411088639282043866e-01,-8.415950446078351854e-01,-8.416026389442312627e-01,-8.404664722470339688e-01,-8.368887203515193995e-01,-8.285516447712246713e-01,-8.117251176496170784e-01,-7.811431711232283970e-01,-7.306406862069841912e-01,-6.551479417177957787e-01,-5.544090431593046153e-01,-4.380195541333578024e-01,-3.297897232012908519e-01,-2.654749973033448951e-01,-2.654749972922959556e-01,-3.297897231340065627e-01,-4.380195540343509997e-01,-5.544090430176904505e-01,-6.551479415457948097e-01,-7.306406860009115878e-01,-7.811431708911134031e-01,-8.117251173672629383e-01,-8.285516444389234847e-01,-8.368887199856613890e-01,-8.404664718409313728e-01,-8.416026385700157153e-01,-8.415950442569003487e-01,-8.411088636216992320e-01,-8.404596773620107708e-01,-8.397871132917072989e-01,-8.391489688994659968e-01,-8.385675243578063487e-01,-8.380503858455687904e-01,-8.375988804645667640e-01,-8.372106419643390307e-01,-8.368796936827513910e-01,-8.365964074357632452e-01,-8.363502267317037830e-01,-8.361379900470591320e-01,-8.359771353335471167e-01,-1.000000000000000000e+00,-1.000000000000000000e+00,-1.000000000000000000e+00,-1.000000000000000000e+00,-1.000000000000000000e+00,-1.000000000000000000e+00,-1.000000000000000000e+00,-1.000000000000000000e+00,-1.000000000000000000e+00,-1.000000000000000000e+00,-1.000000000000000000e+00,-1.000000000000000000e+00,-1.000000000000000000e+00,-1.000000000000000000e+00,-1.000000000000000000e+00,-1.000000000000000000e+00,-1.000000000000000000e+00,-1.000000000000000000e+00,-1.000000000000000000e+00,-1.000000000000000000e+00,-1.000000000000000000e+00,-1.000000000000000000e+00,-1.000000000000000000e+00,-1.000000000000000000e+00,-1.000000000000000000e+00,-1.000000000000000000e+00,-1.000000000000000000e+00,-1.000000000000000000e+00,-1.000000000000000000e+00,-1.000000000000000000e+00,-1.000000000000000000e+00,-1.000000000000000000e+00,-1.000000000000000000e+00,-1.000000000000000000e+00,-1.000000000000000000e+00,-1.000000000000000000e+00,-1.000000000000000000e+00,-1.000000000000000000e+00,-1.000000000000000000e+00,-1.000000000000000000e+00,-1.000000000000000000e+00,-1.000000000000000000e+00,-1.000000000000000000e+00,-1.000000000000000000e+00,-1.000000000000000000e+00,-1.000000000000000000e+00
-1.000000000000000000e+00,-1.000000000000000000e+00,-1.000000000000000000e+00,-1.000000000000000000e+00,-1.000000000000000000e+00,-1.000000000000000000e+00,-1.000000000000000000e+00,-1.000000000000000000e+00,-1.000000000000000000e+00,-1.000000000000000000e+00,-1.000000000000000000e+00,-1.000000000000000000e+00,-1.000000000000000000e+00,-1.000000000000000000e+00,-1.000000000000000000e+00,-1.000000000000000000e+00,-1.000000000000000000e+00,-1.000000000000000000e+00,-1.000000000000000000e+00,-1.000000000000000000e+00,-1.000000000000000000e+00,-1.000000000000000000e+00,-1.000000000000000000e+00,-1.000000000000000000e+00,-1.000000000000000000e+00,-1.000000000000000000e+00,-1.000000000000000000e+00,-1.000000000000000000e+00,-1.000000000000000000e+00,-1.000000000000000000e+00,-1.000000000000000000e+00,-1.000000000000000000e+00,-1.000000000000000000e+00,-1.000000000000000000e+00,-1.000000000000000000e+00,-1.000000000000000000e+00,-1.000000000000000000e+00,-1.000000000000000000e+00,-1.000000000000000000e+00,-1.000000000000000000e+00,-1.000000000000000000e+00,-1.000000000000000000e+00,-1.000000000000000000e+00,-1.000000000000000000e+00,-1.000000000000000000e+00,-1.000000000000000000e+00,-8.372269789389661376e-01,-8.375296363958431023e-01,-8.378561476781345441e-01,-8.381760532309181499e-01,-8.384986735347867981e-01,-8.388466222385065896e-01,-8.392398293401461817e-01,-8.396907753578084499e-01,-8.402052976834722964e-01,-8.407838239047717988e-01,-8.414197405402825680e-01,-8.420915131449382418e-01,-8.427420965913595685e-01,-8.432327686553884316e-01,-8.432491065906350114e-01,-8.421270567045089361e-01,-8.385691961626501323e-01,-8.302581409278769753e-01,-8.134654219029799904e-01,-7.829284205981817957e-01,-7.324866664223237400e-01,-6.570746285968622757e-01,-5.564365945537566027e-01,-4.401594286798643507e-01,-3.320318900824920094e-01,-2.677778274662125924e-01,-2.677778274598110464e-01,-3.320318900198265810e-01,-4.401594285910931381e-01,-5.564365944161178135e-01,-6.570746284287692918e-01,-7.324866662190782085e-01,-7.829284203841615497e-01,-8.134654216563121931e-01,-8.302581406663620545e-01,-8.385691958637333521e-01,-8.421270563786755758e-01,-8.432491062839539975e-01,-8.432327683505311811e-01,-8.427420963656212516e-01,-8.420915129901187512e-01,-8.414197404510079803e-01,-8.407838239151979032e-01,-8.402052978184890719e-01,-8.396907755763725056e-01,-8.392398296509460121e-01,-8.388466226623050304e-01,-8.384986740658020299e-01,-8.381760538282351236e-01,-8.378561483220675621e-01,-8.375296370615690211e-01,-8.372269796082707494e-01,-1.000000000000000000e+00,-1.000000000000000000e+00,-1.000000000000000000e+00,-1.000000000000000000e+00,-1.000000000000000000e+00,-1.000000000000000000e+00,-1.000000000000000000e+00,-1.000000000000000000e+00,-1.000000000000000000e+00,-1.000000000000000000e+00,-1.000000000000000000e+00,-1.000000000000000000e+00,-1.000000000000000000e+00,-1.000000000000000000e+00,-1.000000000000000000e+00,-1.000000000000000000e+00,-1.000000000000000000e+00,-1.000000000000000000e+00,-1.000000000000000000e+00,-1.000000000000000000e+00,-1.000000000000000000e+00,-1.000000000000000000e+00,-1.000000000000000000e+00,-1.000000000000000000e+00,-1.000000000000000000e+00,-1.000000000000000000e+00,-1.000000000000000000e+00,-1.000000000000000000e+00,-1.000000000000000000e+00,-1.000000000000000000e+00,-1.000000000000000000e+00,-1.000000000000000000e+00,-1.000000000000000000e+00,-1.000000000000000000e+00,-1.000000000000000000e+00,-1.000000000000000000e+00,-1.000000000000000000e+00,-1.000000000000000000e+00,-1.000000000000000000e+00,-1.000000000000000000e+00,-1.000000000000000000e+00,-1.000000000000000000e+00,-1.000000000000000000e+00,-1.000000000000000000e+00,-1.000000000000000000e+00,-1.000000000000000000e+00
-1.000000000000000000e+00,-1.000000000000000000e+00,-1.000000000000000000e+00,-1.000000000000000000e+00,-1.000000000000000000e+00,-1.000000000000000000e+00,-1.000000000000000000e+00,-1.000000000000000000e+00,-1.000000000000000000e+00,-1.000000000000000000e+00,-1.000000000000000000e+00,-1.000000000000000000e+00,-1.000000000000000000e+00,-1.000000000000000000e+00,-1.000000000000000000e+00,-1.000000000000000000e+00,-1.000000000000000000e+00,-1.000000000000000000e+00,-1.000000000000000000e+00,-1.000000000000000000e+00,-1.000000000000000000e+00,-1.000000000000000000e+00,-1.000000000000000000e+00,-1.000000000000000000e+00,-1.000000000000000000e+00,-1.000000000000000000e+00,-1.000000000000000000e+00,-1.000000000000000000e+00,-1.000000000000000000e+00,-1.000000000000000000e+00,-1.000000000000000000e+00,-1.000000000000000000e+00,-1.000000000000000000e+00,-1.000000000000000000e+00,-1.000000000000000000e+00,-1.000000000000000000e+00,-1.000000000000000000e+00,-1.000000000000000000e+00,-1.000000000000000000e+00,-1.000000000000000000e+00,-1.000000000000000000e+00,-1.000000000000000000e+00,-1.000000000000000000e+00,-1.000000000000000000e+00,-1.000000000000000000e+00,-1.000000000000000000e+00,-8.383497475885928196e-01,-8.389393119960228962e-01,-8.394901999582962127e-01,-8.399521242117888864e-01,-8.403492184639532736e-01,-8.407284483997643498e-01,-8.411298028563654050e-01,-8.415782095617865277e-01,-8.420860783616040957e-01,-8.426571365208843645e-01,-8.432866340234018709e-01,-8.439544397095901651e-01,-8.446049234237960057e-01,-8.451010502287642501e-01,-8.451305104102138088e-01,-8.440311096132671054e-01,-8.405054531895878034e-01,-8.322354328498595688e-01,-8.154935256344725270e-01,-7.850203635875994124e-01,-7.346606536266517828e-01,-6.593538352407093406e-01,-5.588444728004040574e-01,-4.427088064101556419e-01,-3.347092283556154513e-01,-2.705310821093903639e-01,-2.705310820964085261e-01,-3.347092282872112801e-01,-4.427088063213008295e-01,-5.588444726760449788e-01,-6.593538350961294370e-01,-7.346606534443720360e-01,-7.850203633805838965e-01,-8.154935253861833599e-01,-8.322354325999298252e-01,-8.405054529149083020e-01,-8.440311093598165115e-01,-8.451305101586024104e-01,-8.451010499876090432e-01,-8.446049232571271048e-01,-8.439544395870688387e-01,-8.432866340070512834e-01,-8.426571366177983968e-01,-8.420860785272945570e-01,-8.415782098011246326e-01,-8.411298032051748308e-01,-8.407284488221431484e-01,-8.403492189391590372e-01,-8.399521247193100226e-01,-8.394902005046280813e-01,-8.389393125525096417e-01,-8.383497481455051137e-01,-1.000000000000000000e+00,-1.000000000000000000e+00,-1.000000000000000000e+00,-1.000000000000000000e+00,-1.000000000000000000e+00,-1.000000000000000000e+00,-1.000000000000000000e+00,-1.000000000000000000e+00,-1.000000000000000000e+00,-1.000000000000000000e+00,-1.000000000000000000e+00,-1.000000000000000000e+00,-1.000000000000000000e+00,-1.000000000000000000e+00,-1.000000000000000000e+00,-1.000000000000000000e+00,-1.000000000000000000e+00,-1.000000000000000000e+00,-1.000000000000000000e+00,-1.000000000000000000e+00,-1.000000000000000000e+00,-1.000000000000000000e+00,-1.000000000000000000e+00,-1.000000000000000000e+00,-1.000000000000000000e+00,-1.000000000000000000e+00,-1.000000000000000000e+00,-1.000000000000000000e+00,-1.000000000000000000e+00,-1.000000000000000000e+00,-1.000000000000000000e+00,-1.000000000000000000e+00,-1.000000000000000000e+00,-1.000000000000000000e+00,-1.000000000000000000e+00,-1.000000000000000000e+00,-1.000000000000000000e+00,-1.000000000000000000e+00,-1.000000000000000000e+00,-1.000000000000000000e+00,-1.000000000000000000e+00,-1.000000000000000000e+00,-1.000000000000000000e+00,-1.000000000000000000e+00,-1.000000000000000000e+00,-1.000000000000000000e+00
-1.000000000000000000e+00,-1.000000000000000000e+00,-1.000000000000000000e+00,-1.000000000000000000e+00,-1.000000000000000000e+00,-1.000000000000000000e+00,-1.000000000000000000e+00,-1.000000000000000000e+00,-1.000000000000000000e+00,-1.000000000000000000e+00,-1.000000000000000000e+00,-1.000000000000000000e+00,-1.000000000000000000e+00,-1.000000000000000000e+00,-1.000000000000000000e+00,-1.000000000000000000e+00,-1.000000000000000000e+00,-1.000000000000000000e+00,-1.000000000000000000e+00,-1.000000000000000000e+00,-1.000000000000000000e+00,-1.000000000000000000e+00,-1.000000000000000000e+00,-1.000000000000000000e+00,-1.000000000000000000e+00,-1.000000000000000000e+00,-1.000000000000000000e+00,-1.000000000000000000e+00,-1.000000000000000000e+00,-1.000000000000000000e+00,-1.000000000000000000e+00,-1.000000000000000000e+00,-1.000000000000000000e+00,-1.000000000000000000e+00,-1.000000000000000000e+00,-1.000000000000000000e+00,-1.000000000000000000e+00,-1.000000000000000000e+00,-1.000000000000000000e+00,-1.000000000000000000e+00,-1.000000000000000000e+00,-1.000000000000000000e+00,-1.000000000000000000e+00,-1.000000000000000000e+00,-1.000000000000000000e+00,-1.000000000000000000e+00,-8.391592752572546443e-01,-8.403139356168896068e-01,-8.412944840878535668e-01,-8.420236952010065057e-01,-8.425591389961512023e-01,-8.429956016402012642e-01,-8.434110968215622339e-01,-8.438537322411537867e-01,-8.443480138356590503e-01,-8.449036910794321953e-01,-8.455194054867848363e-01,-8.461775917392483359e-01,-8.468252205991102510e-01,-8.473283607610069268e-01,-8.473785747360534915e-01,-8.463168978595823067e-01,-8.428452239984254302e-01,-8.346426310106904722e-01,-8.179811187900637437e-01,-7.876042464676985544e-01,-7.373627199395469400e-01,-6.622023008474651196e-01,-5.618681298582131056e-01,-4.459227642760041910e-01,-3.380941535814387944e-01,-2.740175416124033259e-01,-2.740175416061561009e-01,-3.380941535469056403e-01,-4.459227642224103949e-01,-5.618681297734926527e-01,-6.622023007349628898e-01,-7.373627197942325129e-01,-7.876042462997709936e-01,-8.179811185901991744e-01,-8.346426308089818225e-01,-8.428452237701014038e-01,-8.463168976758896900e-01,-8.473785745522353086e-01,-8.473283606354633513e-01,-8.468252205217765560e-01,-8.461775916937203101e-01,-8.455194055536177089e-01,-8.449036912149712197e-01,-8.443480140283623481e-01,-8.438537325092378971e-01,-8.434110971365096354e-01,-8.429956019623476848e-01,-8.425591393707430043e-01,-8.420236956150289886e-01,-8.412944845141299144e-01,-8.403139360159364024e-01,-8.391592756454215873e-01,-1.000000000000000000e+00,-1.000000000000000000e+00,-1.000000000000000000e+00,-1.000000000000000000e+00,-1.000000000000000000e+00,-1.000000000000000000e+00,-1.000000000000000000e+00,-1.000000000000000000e+00,-1.000000000000000000e+00,-1.000000000000000000e+00,-1.000000000000000000e+00,-1.000000000000000000e+00,-1.000000000000000000e+00,-1.000000000000000000e+00,-1.000000000000000000e+00,-1.000000000000000000e+00,-1.000000000000000000e+00,-1.000000000000000000e+00,-1.000000000000000000e+00,-1.000000000000000000e+00,-1.000000000000000000e+00,-1.000000000000000000e+00,-1.000000000000000000e+00,-1.000000000000000000e+00,-1.000000000000000000e+00,-1.000000000000000000e+00,-1.000000000000000000e+00,-1.000000000000000000e+00,-1.000000000000000000e+00,-1.000000000000000000e+00,-1.000000000000000000e+00,-1.000000000000000000e+00,-1.000000000000000000e+00,-1.000000000000000000e+00,-1.000000000000000000e+00,-1.000000000000000000e+00,-1.000000000000000000e+00,-1.000000000000000000e+00,-1.000000000000000000e+00,-1.000000000000000000e+00,-1.000000000000000000e+00,-1.000000000000000000e+00,-1.000000000000000000e+00,-1.000000000000000000e+00,-1.000000000000000000e+00,-1.000000000000000000e+00
-1.000000000000000000e+00,-1.000000000000000000e+00,-1.000000000000000000e+00,-1.000000000000000000e+00,-1.000000000000000000e+00,-1.000000000000000000e+00,-1.000000000000000000e+00,-1.000000000000000000e+00,-1.000000000000000000e+00,-1.000000000000000000e+00,-1.000000000000000000e+00,-1.000000000000000000e+00,-1.000000000000000000e+00,-1.000000000000000000e+00,-1.000000000000000000e+00,-1.000000000000000000e+00,-1.000000000000000000e+00,-1.000000000000000000e+00,-1.000000000000000000e+00,-1.000000000000000000e+00,-1.000000000000000000e+00,-1.000000000000000000e+00,-1.000000000000000000e+00,-1.000000000000000000e+00,-1.000000000000000000e+00,-1.000000000000000000e+00,-1.000000000000000000e+00,-1.000000000000000000e+00,-1.000000000000000000e+00,-1.000000000000000000e+00,-1.000000000000000000e+00,-1.000000000000000000e+00,-1.000000000000000000e+00,-1.000000000000000000e+00,-1.000000000000000000e+00,-1.000000000000000000e+00,-1.000000000000000000e+00,-1.000000000000000000e+00,-1.000000000000000000e+00,-1.000000000000000000e+00,-1.000000000000000000e+00,-1.000000000000000000e+00,-1.000000000000000000e+00,-1.000000000000000000e+00,-1.000000000000000000e+00,-1.000000000000000000e+00,-8.392917800499242187e-01,-8.415296608030847780e-01,-8.433118534681866008e-01,-8.445314964674341951e-01,-8.453178835424252080e-01,-8.458571668571788216e-01,-8.462975540247454909e-01,-8.467291647828520951e-01,-8.471981566335531344e-01,-8.477249691395902786e-01,-8.483142578786393440e-01,-8.489530419498556579e-01,-8.495929767896709395e-01,-8.501057440871401250e-01,-8.501899321805256315e-01,-8.491922734751424784e-01,-8.458125294091753954e-01,-8.377230502814034807e-01,-8.211926481873038641e-01,-7.909670392668641803e-01,-7.409042009054886968e-01,-6.659585383849639939e-01,-5.658764935697149223e-01,-4.502021447829527290e-01,-3.426157694509818219e-01,-2.786832378810275568e-01,-2.786832378700274671e-01,-3.426157694229179373e-01,-4.502021447369769502e-01,-5.658764935128740570e-01,-6.659585382958768118e-01,-7.409042007826602827e-01,-7.909670391049130611e-01,-8.211926479993756356e-01,-8.377230500991267315e-01,-8.458125292238233284e-01,-8.491922733485359753e-01,-8.501899320636010504e-01,-8.501057440648942531e-01,-8.495929768084928835e-01,-8.489530420396342869e-01,-8.483142580433513658e-01,-8.477249693186256208e-01,-8.471981568749858971e-01,-8.467291650569161998e-01,-8.462975542913278026e-01,-8.458571671275396664e-01,-8.453178838426675945e-01,-8.445314967502609571e-01,-8.433118537349187926e-01,-8.415296610533220534e-01,-8.392917802941377570e-01,-1.000000000000000000e+00,-1.000000000000000000e+00,-1.000000000000000000e+00,-1.000000000000000000e+00,-1.000000000000000000e+00,-1.000000000000000000e+00,-1.000000000000000000e+00,-1.000000000000000000e+00,-1.000000000000000000e+00,-1.000000000000000000e+00,-1.000000000000000000e+00,-1.000000000000000000e+00,-1.000000000000000000e+00,-1.000000000000000000e+00,-1.000000000000000000e+00,-1.000000000000000000e+00,-1.000000000000000000e+00,-1.000000000000000000e+00,-1.000000000000000000e+00,-1.000000000000000000e+00,-1.000000000000000000e+00,-1.000000000000000000e+00,-1.000000000000000000e+00,-1.000000000000000000e+00,-1.000000000000000000e+00,-1.000000000000000000e+00,-1.000000000000000000e+00,-1.000000000000000000e+00,-1.000000000000000000e+00,-1.000000000000000000e+00,-1.000000000000000000e+00,-1.000000000000000000e+00,-1.000000000000000000e+00,-1.000000000000000000e+00,-1.000000000000000000e+00,-1.000000000000000000e+00,-1.000000000000000000e+00,-1.000000000000000000e+00,-1.000000000000000000e+00,-1.000000000000000000e+00,-1.000000000000000000e+00,-1.000000000000000000e+00,-1.000000000000000000e+00,-1.000000000000000000e+00,-1.000000000000000000e+00,-1.000000000000000000e+00
-1.000000000000000000e+00,-1.000000000000000000e+00,-1.000000000000000000e+00,-1.000000000000000000e+00,-1.000000000000000000e+00,-1.000000000000000000e+00,-1.000000000000000000e+00,-1.000000000000000000e+00,-1.000000000000000000e+00,-1.000000000000000000e+00,-1.000000000000000000e+00,-1.000000000000000000e+00,-1.000000000000000000e+00,-1.000000000000000000e+00,-1.000000000000000000e+00,-1.000000000000000000e+00,-1.000000000000000000e+00,-1.000000000000000000e+00,-1.000000000000000000e+00,-1.000000000000000000e+00,-1.000000000000000000e+00,-1.000000000000000000e+00,-1.000000000000000000e+00,-1.000000000000000000e+00,-1.000000000000000000e+00,-1.000000000000000000e+00,-1.000000000000000000e+00,-1.000000000000000000e+00,-1.000000000000000000e+00,-1.000000000000000000e+00,-1.000000000000000000e+00,-1.000000000000000000e+00,-1.000000000000000000e+00,-1.000000000000000000e+00,-1.000000000000000000e+00,-1.000000000000000000e+00,-1.000000000000000000e+00,-1.000000000000000000e+00,-1.000000000000000000e+00,-1.000000000000000000e+00,-1.000000000000000000e+00,-1.000000000000000000e+00,-1.000000000000000000e+00,-1.000000000000000000e+00,-1.000000000000000000e+00,-1.000000000000000000e+00,-8.380686753499005937e-01,-8.423274185859550567e-01,-8.455661017511101329e-01,-8.476618090941129280e-01,-8.488912425780816839e-01,-8.496105143736500942e-01,-8.500940104919868512e-01,-8.505059254413369629e-01,-8.509300918919180390e-01,-8.514054087955896799e-01,-8.519469412454359070e-01,-8.525497355270889033e-01,-8.531737250736783906e-01,-8.537005468493266136e-01,-8.538413069874556394e-01,-8.529527276298903837e-01,-8.497297721221355182e-01,-8.418309488195543366e-01,-8.255169072101081751e-01,-7.955339010827819912e-01,-7.457491140462748636e-01,-6.711295020138428047e-01,-5.714243540659600384e-01,-4.561519199180861239e-01,-3.489235692581021953e-01,-2.852043818765834793e-01,-2.852043818666780695e-01,-3.489235692400824984e-01,-4.561519198717070012e-01,-5.714243540089997131e-01,-6.711295019166110265e-01,-7.457491139276319903e-01,-7.955339009219044577e-01,-8.255169070332799564e-01,-8.418309486429729205e-01,-8.497297719682526118e-01,-8.529527275468060665e-01,-8.538413069463537397e-01,-8.537005469088534415e-01,-8.531737251643325415e-01,-8.525497357118563269e-01,-8.519469414664813112e-01,-8.514054090329972180e-01,-8.509300921660525319e-01,-8.505059256833682468e-01,-8.500940107229928433e-01,-8.496105146044236056e-01,-8.488912427754089496e-01,-8.476618092450103337e-01,-8.455661019019472535e-01,-8.423274187286531323e-01,-8.380686754772705971e-01,-1.000000000000000000e+00,-1.000000000000000000e+00,-1.000000000000000000e+00,-1.000000000000000000e+00,-1.000000000000000000e+00,-1.000000000000000000e+00,-1.000000000000000000e+00,-1.000000000000000000e+00,-1.000000000000000000e+00,-1.000000000000000000e+00,-1.000000000000000000e+00,-1.000000000000000000e+00,-1.000000000000000000e+00,-1.000000000000000000e+00,-1.000000000000000000e+00,-1.000000000000000000e+00,-1.000000000000000000e+00,-1.000000000000000000e+00,-1.000000000000000000e+00,-1.000000000000000000e+00,-1.000000000000000000e+00,-1.000000000000000000e+00,-1.000000000000000000e+00,-1.000000000000000000e+00,-1.000000000000000000e+00,-1.000000000000000000e+00,-1.000000000000000000e+00,-1.000000000000000000e+00,-1.000000000000000000e+00,-1.000000000000000000e+00,-1.000000000000000000e+00,-1.000000000000000000e+00,-1.000000000000000000e+00,-1.000000000000000000e+00,-1.000000000000000000e+00,-1.000000000000000000e+00,-1.000000000000000000e+00,-1.000000000000000000e+00,-1.000000000000000000e+00,-1.000000000000000000e+00,-1.000000000000000000e+00,-1.000000000000000000e+00,-1.000000000000000000e+00,-1.000000000000000000e+00,-1.000000000000000000e+00,-1.000000000000000000e+00
-1.000000000000000000e+00,-1.000000000000000000e+00,-1.000000000000000000e+00,-1.000000000000000000e+00,-1.000000000000000000e+00,-1.000000000000000000e+00,-1.000000000000000000e+00,-1.000000000000000000e+00,-1.000000000000000000e+00,-1.000000000000000000e+00,-1.000000000000000000e+00,-1.000000000000000000e+00,-1.000000000000000000e+00,-1.000000000000000000e+00,-1.000000000000000000e+00,-1.000000000000000000e+00,-1.000000000000000000e+00,-1.000000000000000000e+00,-1.000000000000000000e+00,-1.000000000000000000e+00,-1.000000000000000000e+00,-1.000000000000000000e+00,-1.000000000000000000e+00,-1.000000000000000000e+00,-1.000000000000000000e+00,-1.000000000000000000e+00,-1.000000000000000000e+00,-1.000000000000000000e+00,-1.000000000000000000e+00,-1.000000000000000000e+00,-1.000000000000000000e+00,-1.000000000000000000e+00,-1.000000000000000000e+00,-1.000000000000000000e+00,-1.000000000000000000e+00,-1.000000000000000000e+00,-1.000000000000000000e+00,-1.000000000000000000e+00,-1.000000000000000000e+00,-1.000000000000000000e+00,-1.000000000000000000e+00,-1.000000000000000000e+00,-1.000000000000000000e+00,-1.000000000000000000e+00,-1.000000000000000000e+00,-1.000000000000000000e+00,-8.342784391346141915e-01,-8.422078296261834573e-01,-8.480227129159865207e-01,-8.516402502517408379e-01,-8.536292306229362747e-01,-8.546538602799937934e-01,-8.552093525825308351e-01,-8.555868446644196990e-01,-8.559338143957615497e-01,-8.563201358537473329e-01,-8.567784649501128946e-01,-8.573176389627418237e-01,-8.579119476284297052e-01,-8.584603120127626275e-01,-8.586956252045205851e-01,-8.579917819235813869e-01,-8.550340417548676353e-01,-8.474545001305446856e-01,-8.314968145457433124e-01,-8.019046214287475216e-01,-7.525571747704131731e-01,-6.784403928869717770e-01,-5.793094494353651092e-01,-4.646458426807273945e-01,-3.579588485850280222e-01,-2.945628719542076057e-01,-2.945628719489218339e-01,-3.579588485801937781e-01,-4.646458426415125409e-01,-5.793094493727770633e-01,-6.784403927734004025e-01,-7.525571746480299584e-01,-8.019046212840036381e-01,-8.314968144257622873e-01,-8.474545000166198161e-01,-8.550340416798094534e-01,-8.579917819029231341e-01,-8.586956252534533318e-01,-8.584603121649934110e-01,-8.579119478255231579e-01,-8.573176392370968069e-01,-8.567784652250293176e-01,-8.563201361569359182e-01,-8.559338146839976513e-01,-8.555868449015004984e-01,-8.552093527954143237e-01,-8.546538604294046104e-01,-8.536292307031362325e-01,-8.516402503004866231e-01,-8.480227129361215255e-01,-8.422078296036833445e-01,-8.342784390991462296e-01,-1.000000000000000000e+00,-1.000000000000000000e+00,-1.000000000000000000e+00,-1.000000000000000000e+00,-1.000000000000000000e+00,-1.000000000000000000e+00,-1.000000000000000000e+00,-1.000000000000000000e+00,-1.000000000000000000e+00,-1.000000000000000000e+00,-1.000000000000000000e+00,-1.000000000000000000e+00,-1.000000000000000000e+00,-1.000000000000000000e+00,-1.000000000000000000e+00,-1.000000000000000000e+00,-1.000000000000000000e+00,-1.000000000000000000e+00,-1.000000000000000000e+00,-1.000000000000000000e+00,-1.000000000000000000e+00,-1.000000000000000000e+00,-1.000000000000000000e+00,-1.000000000000000000e+00,-1.000000000000000000e+00,-1.000000000000000000e+00,-1.000000000000000000e+00,-1.000000000000000000e+00,-1.000000000000000000e+00,-1.000000000000000000e+00,-1.000000000000000000e+00,-1.000000000000000000e+00,-1.000000000000000000e+00,-1.000000000000000000e+00,-1.000000000000000000e+00,-1.000000000000000000e+00,-1.000000000000000000e+00,-1.000000000000000000e+00,-1.000000000000000000e+00,-1.000000000000000000e+00,-1.000000000000000000e+00,-1.000000000000000000e+00,-1.000000000000000000e+00,-1.000000000000000000e+00,-1.000000000000000000e+00,-1.000000000000000000e+00
-1.000000000000000000e+00,-1.000000000000000000e+00,-1.000000000000000000e+00,-1.000000000000000000e+00,-1.000000000000000000e+00,-1.000000000000000000e+00,-1.000000000000000000e+00,-1.000000000000000000e+00,-1.000000000000000000e+00,-1.000000000000000000e+00,-1.000000000000000000e+00,-1.000000000000000000e+00,-1.000000000000000000e+00,-1.000000000000000000e+00,-1.000000000000000000e+00,-1.000000000000000000e+00,-1.000000000000000000e+00,-1.000000000000000000e+00,-1.000000000000000000e+00,-1.000000000000000000e+00,-1.000000000000000000e+00,-1.000000000000000000e+00,-1.000000000000000000e+00,-1.000000000000000000e+00,-1.000000000000000000e+00,-1.000000000000000000e+00,-1.000000000000000000e+00,-1.000000000000000000e+00,-1.000000000000000000e+00,-1.000000000000000000e+00,-1.000000000000000000e+00,-1.000000000000000000e+00,-1.000000000000000000e+00,-1.000000000000000000e+00,-1.000000000000000000e+00,-1.000000000000000000e+00,-1.000000000000000000e+00,-1.000000000000000000e+00,-1.000000000000000000e+00,-1.000000000000000000e+00,-1.000000000000000000e+00,-1.000000000000000000e+00,-1.000000000000000000e+00,-1.000000000000000000e+00,-1.000000000000000000e+00,-1.000000000000000000e+00,-8.258458772666368297e-01,-8.402721565391810810e-01,-8.505229031141686713e-01,-8.567085280632316113e-01,-8.599589628858215207e-01,-8.614833070415733873e-01,-8.621529520814447123e-01,-8.624701817012006000e-01,-8.626866308215821455e-01,-8.629225825545641104e-01,-8.632396980635439476e-01,-8.636700693847341181e-01,-8.642124179672048268e-01,-8.647949916135302395e-01,-8.651875838106291017e-01,-8.647927468744311952e-01,-8.622771501291961460e-01,-8.552248741479959726e-01,-8.398474271681235503e-01,-8.108800524817200150e-01,-7.622182045769241299e-01,-6.888770074106381758e-01,-5.906231261074099681e-01,-4.768856658190125941e-01,-3.710215728325525486e-01,-3.081178058557804134e-01,-3.081178058455996682e-01,-3.710215728144977687e-01,-4.768856657704125812e-01,-5.906231260367172942e-01,-6.888770072994145899e-01,-7.622182044575551707e-01,-8.108800523425324647e-01,-8.398474270788641727e-01,-8.552248740853405362e-01,-8.622771501471839795e-01,-8.647927469413394519e-01,-8.651875839514235889e-01,-8.647949918299415728e-01,-8.642124182467378901e-01,-8.636700697278015815e-01,-8.632396984098217319e-01,-8.629225829235789291e-01,-8.626866311365949391e-01,-8.624701819859453833e-01,-8.621529523007870344e-01,-8.614833071517888907e-01,-8.599589629185409034e-01,-8.567085280317912055e-01,-8.505229030050703853e-01,-8.402721563902946222e-01,-8.258458771174717050e-01,-1.000000000000000000e+00,-1.000000000000000000e+00,-1.000000000000000000e+00,-1.000000000000000000e+00,-1.000000000000000000e+00,-1.000000000000000000e+00,-1.000000000000000000e+00,-1.000000000000000000e+00,-1.000000000000000000e+00,-1.000000000000000000e+00,-1.000000000000000000e+00,-1.000000000000000000e+00,-1.000000000000000000e+00,-1.000000000000000000e+00,-1.000000000000000000e+00,-1.000000000000000000e+00,-1.000000000000000000e+00,-1.000000000000000000e+00,-1.000000000000000000e+00,-1.000000000000000000e+00,-1.000000000000000000e+00,-1.000000000000000000e+00,-1.000000000000000000e+00,-1.000000000000000000e+00,-1.000000000000000000e+00,-1.000000000000000000e+00,-1.000000000000000000e+00,-1.000000000000000000e+00,-1.000000000000000000e+00,-1.000000000000000000e+00,-1.000000000000000000e+00,-1.000000000000000000e+00,-1.000000000000000000e+00,-1.000000000000000000e+00,-1.000000000000000000e+00,-1.000000000000000000e+00,-1.000000000000000000e+00,-1.000000000000000000e+00,-1.000000000000000000e+00,-1.000000000000000000e+00,-1.000000000000000000e+00,-1.000000000000000000e+00,-1.000000000000000000e+00,-1.000000000000000000e+00,-1.000000000000000000e+00,-1.000000000000000000e+00
-1.000000000000000000e+00,-1.000000000000000000e+00,-1.000000000000000000e+00,-1.000000000000000000e+00,-1.000000000000000000e+00,-1.000000000000000000e+00,-1.000000000000000000e+00,-1.000000000000000000e+00,-1.000000000000000000e+00,-1.000000000000000000e+00,-1.000000000000000000e+00,-1.000000000000000000e+00,-1.000000000000000000e+00,-1.000000000000000000e+00,-1.000000000000000000e+00,-1.000000000000000000e+00,-1.000000000000000000e+00,-1.000000000000000000e+00,-1.000000000000000000e+00,-1.000000000000000000e+00,-1.000000000000000000e+00,-1.000000000000000000e+00,-1.000000000000000000e+00,-1.000000000000000000e+00,-1.000000000000000000e+00,-1.000000000000000000e+00,-1.000000000000000000e+00,-1.000000000000000000e+00,-1.000000000000000000e+00,-1.000000000000000000e+00,-1.000000000000000000e+00,-1.000000000000000000e+00,-1.000000000000000000e+00,-1.000000000000000000e+00,-1.000000000000000000e+00,-1.000000000000000000e+00,-1.000000000000000000e+00,-1.000000000000000000e+00,-1.000000000000000000e+00,-1.000000000000000000e+00,-1.000000000000000000e+00,-1.000000000000000000e+00,-1.000000000000000000e+00,-1.000000000000000000e+00,-1.000000000000000000e+00,-1.000000000000000000e+00,-8.093512587702968997e-01,-8.350002572093242481e-01,-8.526881188223176533e-01,-8.630787138070847853e-01,-8.683531130107948748e-01,-8.706620945017135016e-01,-8.715005470119017161e-01,-8.717109576399042492e-01,-8.717095868733939490e-01,-8.716960571266110236e-01,-8.717786508242836296e-01,-8.720279413615167341e-01,-8.724834223363425734e-01,-8.731218830933848984e-01,-8.737737179457907288e-01,-8.738875100802632190e-01,-8.720954483489778974e-01,-8.658975004147826393e-01,-8.514479041410111249e-01,-8.234635621194347221e-01,-7.758619950503214957e-01,-7.037034705711522342e-01,-6.067759657934088668e-01,-4.944347467546966746e-01,-3.898110994512973271e-01,-3.276505354649525970e-01,-3.276505354621086497e-01,-3.898110994409215158e-01,-4.944347467081694480e-01,-6.067759657030122877e-01,-7.037034704458231538e-01,-7.758619949254524917e-01,-8.234635620012988877e-01,-8.514479040885741812e-01,-8.658975003932184444e-01,-8.720954484217363634e-01,-8.738875102030927433e-01,-8.737737181551743504e-01,-8.731218833525835610e-01,-8.724834226570441498e-01,-8.720279417284662049e-01,-8.717786512143819166e-01,-8.716960575239682818e-01,-8.717095872100272258e-01,-8.717109579425532662e-01,-8.715005472023227284e-01,-8.706620945989823612e-01,-8.683531130150869970e-01,-8.630787136969599871e-01,-8.526881186346529917e-01,-8.350002569964389831e-01,-8.093512585268627380e-01,-1.000000000000000000e+00,-1.000000000000000000e+00,-1.000000000000000000e+00,-1.000000000000000000e+00,-1.000000000000000000e+00,-1.000000000000000000e+00,-1.000000000000000000e+00,-1.000000000000000000e+00,-1.000000000000000000e+00,-1.000000000000000000e+00,-1.000000000000000000e+00,-1.000000000000000000e+00,-1.000000000000000000e+00,-1.000000000000000000e+00,-1.000000000000000000e+00,-1.000000000000000000e+00,-1.000000000000000000e+00,-1.000000000000000000e+00,-1.000000000000000000e+00,-1.000000000000000000e+00,-1.000000000000000000e+00,-1.000000000000000000e+00,-1.000000000000000000e+00,-1.000000000000000000e+00,-1.000000000000000000e+00,-1.000000000000000000e+00,-1.000000000000000000e+00,-1.000000000000000000e+00,-1.000000000000000000e+00,-1.000000000000000000e+00,-1.000000000000000000e+00,-1.000000000000000000e+00,-1.000000000000000000e+00,-1.000000000000000000e+00,-1.000000000000000000e+00,-1.000000000000000000e+00,-1.000000000000000000e+00,-1.000000000000000000e+00,-1.000000000000000000e+00,-1.000000000000000000e+00,-1.000000000000000000e+00,-1.000000000000000000e+00,-1.000000000000000000e+00,-1.000000000000000000e+00,-1.000000000000000000e+00,-1.000000000000000000e+00
-1.000000000000000000e+00,-1.000000000000000000e+00,-1.000000000000000000e+00,-1.000000000000000000e+00,-1.000000000000000000e+00,-1.000000000000000000e+00,-1.000000000000000000e+00,-1.000000000000000000e+00,-1.000000000000000000e+00,-1.000000000000000000e+00,-1.000000000000000000e+00,-1.000000000000000000e+00,-1.000000000000000000e+00,-1.000000000000000000e+00,-1.000000000000000000e+00,-1.000000000000000000e+00,-1.000000000000000000e+00,-1.000000000000000000e+00,-1.000000000000000000e+00,-1.000000000000000000e+00,-1.000000000000000000e+00,-1.000000000000000000e+00,-1.000000000000000000e+00,-1.000000000000000000e+00,-1.000000000000000000e+00,-1.000000000000000000e+00,-1.000000000000000000e+00,-1.000000000000000000e+00,-1.000000000000000000e+00,-1.000000000000000000e+00,-1.000000000000000000e+00,-1.000000000000000000e+00,-1.000000000000000000e+00,-1.000000000000000000e+00,-1.000000000000000000e+00,-1.000000000000000000e+00,-1.000000000000000000e+00,-1.000000000000000000e+00,-1.000000000000000000e+00,-1.000000000000000000e+00,-1.000000000000000000e+00,-1.000000000000000000e+00,-1.000000000000000000e+00,-1.000000000000000000e+00,-1.000000000000000000e+00,-1.000000000000000000e+00,-7.793521633923008451e-01,-8.239685135644342351e-01,-8.538043551951348675e-01,-8.708662564416378427e-01,-8.792666101425549163e-01,-8.827492949082729190e-01,-8.838139570055202343e-01,-8.838325435860482360e-01,-8.834715608831787970e-01,-8.830509802244862483e-01,-8.827520697919934989e-01,-8.827078737402603847e-01,-8.830245270953424042e-01,-8.837570114541950517e-01,-8.848318294879015111e-01,-8.857680401742790144e-01,-8.851352504088355611e-01,-8.802906861985099196e-01,-8.672912685657472309e-01,-8.408195454888609532e-01,-7.948235150137378247e-01,-7.244327920910403895e-01,-6.294730628969941177e-01,-5.191977926617683536e-01,-4.164098604266617265e-01,-3.553507522482152181e-01,-3.553507522414325326e-01,-4.164098604047011820e-01,-5.191977926177413494e-01,-6.294730628169151743e-01,-7.244327919901392132e-01,-7.948235149037979896e-01,-8.408195453968031474e-01,-8.672912685400671062e-01,-8.802906862213820682e-01,-8.851352505263356818e-01,-8.857680403394732060e-01,-8.848318297472163030e-01,-8.837570117600070940e-01,-8.830245274583808923e-01,-8.827078741311835675e-01,-8.827520702067043201e-01,-8.830509806255909533e-01,-8.834715612413670538e-01,-8.838325438810329393e-01,-8.838139571684794360e-01,-8.827492949921332821e-01,-8.792666101005122137e-01,-8.708662562855571387e-01,-8.538043549639431351e-01,-8.239685132793811428e-01,-7.793521630511270892e-01,-1.000000000000000000e+00,-1.000000000000000000e+00,-1.000000000000000000e+00,-1.000000000000000000e+00,-1.000000000000000000e+00,-1.000000000000000000e+00,-1.000000000000000000e+00,-1.000000000000000000e+00,-1.000000000000000000e+00,-1.000000000000000000e+00,-1.000000000000000000e+00,-1.000000000000000000e+00,-1.000000000000000000e+00,-1.000000000000000000e+00,-1.000000000000000000e+00,-1.000000000000000000e+00,-1.000000000000000000e+00,-1.000000000000000000e+00,-1.000000000000000000e+00,-1.000000000000000000e+00,-1.000000000000000000e+00,-1.000000000000000000e+00,-1.000000000000000000e+00,-1.000000000000000000e+00,-1.000000000000000000e+00,-1.000000000000000000e+00,-1.000000000000000000e+00,-1.000000000000000000e+00,-1.000000000000000000e+00,-1.000000000000000000e+00,-1.000000000000000000e+00,-1.000000000000000000e+00,-1.000000000000000000e+00,-1.000000000000000000e+00,-1.000000000000000000e+00,-1.000000000000000000e+00,-1.000000000000000000e+00,-1.000000000000000000e+00,-1.000000000000000000e+00,-1.000000000000000000e+00,-1.000000000000000000e+00,-1.000000000000000000e+00,-1.000000000000000000e+00,-1.000000000000000000e+00,-1.000000000000000000e+00,-1.000000000000000000e+00
-1.000000000000000000e+00,-1.000000000000000000e+00,-1.000000000000000000e+00,-1.000000000000000000e+00,-1.000000000000000000e+00,-1.000000000000000000e+00,-1.000000000000000000e+00,-1.000000000000000000e+00,-1.000000000000000000e+00,-1.000000000000000000e+00,-1.000000000000000000e+00,-1.000000000000000000e+00,-1.000000000000000000e+00,-1.000000000000000000e+00,-1.000000000000000000e+00,-1.000000000000000000e+00,-1.000000000000000000e+00,-1.000000000000000000e+00,-1.000000000000000000e+00,-1.000000000000000000e+00,-1.000000000000000000e+00,-1.000000000000000000e+00,-1.000000000000000000e+00,-1.000000000000000000e+00,-1.000000000000000000e+00,-1.000000000000000000e+00,-1.000000000000000000e+00,-1.000000000000000000e+00,-1.000000000000000000e+00,-1.000000000000000000e+00,-1.000000000000000000e+00,-1.000000000000000000e+00,-1.000000000000000000e+00,-1.000000000000000000e+00,-1.000000000000000000e+00,-1.000000000000000000e+00,-1.000000000000000000e+00,-1.000000000000000000e+00,-1.000000000000000000e+00,-1.000000000000000000e+00,-1.000000000000000000e+00,-1.000000000000000000e+00,-1.000000000000000000e+00,-1.000000000000000000e+00,-1.000000000000000000e+00,-1.000000000000000000e+00,-7.274371286425704852e-01,-8.035334567575005416e-01,-8.527189035318466503e-01,-8.800168338121163725e-01,-8.930412579064064271e-01,-8.981789479333415205e-01,-8.995015255329351644e-01,-8.991735185856788437e-01,-8.982251845699845694e-01,-8.971517559017910814e-01,-8.962457786504717250e-01,-8.957397593907318045e-01,-8.958463100685734037e-01,-8.967425711456084025e-01,-8.985014356200177188e-01,-9.007434066100282744e-01,-9.019263486215203240e-01,-8.991723173867666175e-01,-8.883798919261456373e-01,-8.641735307772659969e-01,-8.205443306046324992e-01,-7.527272369462303381e-01,-6.606117773182371700e-01,-5.533152074043762303e-01,-4.531745144153311866e-01,-3.937056834015197904e-01,-3.937056833919070353e-01,-4.531745143856571456e-01,-5.533152073634559631e-01,-6.606117772540892608e-01,-7.527272368813766601e-01,-8.205443305250542663e-01,-8.641735307171170000e-01,-8.883798919125517335e-01,-8.991723174438617239e-01,-9.019263487788766742e-01,-9.007434068259229099e-01,-8.985014359173487675e-01,-8.967425714857434338e-01,-8.958463104642117036e-01,-8.957397598168920227e-01,-8.962457790956755987e-01,-8.971517563135343876e-01,-8.982251849442748348e-01,-8.991735188681376778e-01,-8.995015257023211142e-01,-8.981789480082068566e-01,-8.930412578419490988e-01,-8.800168336741048813e-01,-8.527189032989366257e-01,-8.035334564431020343e-01,-7.274371282932721172e-01,-1.000000000000000000e+00,-1.000000000000000000e+00,-1.000000000000000000e+00,-1.000000000000000000e+00,-1.000000000000000000e+00,-1.000000000000000000e+00,-1.000000000000000000e+00,-1.000000000000000000e+00,-1.000000000000000000e+00,-1.000000000000000000e+00,-1.000000000000000000e+00,-1.000000000000000000e+00,-1.000000000000000000e+00,-1.000000000000000000e+00,-1.000000000000000000e+00,-1.000000000000000000e+00,-1.000000000000000000e+00,-1.000000000000000000e+00,-1.000000000000000000e+00,-1.000000000000000000e+00,-1.000000000000000000e+00,-1.000000000000000000e+00,-1.000000000000000000e+00,-1.000000000000000000e+00,-1.000000000000000000e+00,-1.000000000000000000e+00,-1.000000000000000000e+00,-1.000000000000000000e+00,-1.000000000000000000e+00,-1.000000000000000000e+00,-1.000000000000000000e+00,-1.000000000000000000e+00,-1.000000000000000000e+00,-1.000000000000000000e+00,-1.000000000000000000e+00,-1.000000000000000000e+00,-1.000000000000000000e+00,-1.000000000000000000e+00,-1.000000000000000000e+00,-1.000000000000000000e+00,-1.000000000000000000e+00,-1.000000000000000000e+00,-1.000000000000000000e+00,-1.000000000000000000e+00,-1.000000000000000000e+00,-1.000000000000000000e+00
-1.000000000000000000e+00,-1.000000000000000000e+00,-1.000000000000000000e+00,-1.000000000000000000e+00,-1.000000000000000000e+00,-1.000000000000000000e+00,-1.000000000000000000e+00,-1.000000000000000000e+00,-1.000000000000000000e+00,-1.000000000000000000e+00,-1.000000000000000000e+00,-1.000000000000000000e+00,-1.000000000000000000e+00,-1.000000000000000000e+00,-1.000000000000000000e+00,-1.000000000000000000e+00,-1.000000000000000000e+00,-1.000000000000000000e+00,-1.000000000000000000e+00,-1.000000000000000000e+00,-1.000000000000000000e+00,-1.000000000000000000e+00,-1.000000000000000000e+00,-1.000000000000000000e+00,-1.000000000000000000e+00,-1.000000000000000000e+00,-1.000000000000000000e+00,-1.000000000000000000e+00,-1.000000000000000000e+00,-1.000000000000000000e+00,-1.000000000000000000e+00,-1.000000000000000000e+00,-1.000000000000000000e+00,-1.000000000000000000e+00,-1.000000000000000000e+00,-1.000000000000000000e+00,-1.000000000000000000e+00,-1.000000000000000000e+00,-1.000000000000000000e+00,-1.000000000000000000e+00,-1.000000000000000000e+00,-1.000000000000000000e+00,-1.000000000000000000e+00,-1.000000000000000000e+00,-1.000000000000000000e+00,-1.000000000000000000e+00,-6.408833017352538741e-01,-7.685438287854168271e-01,-8.478176394821166362e-01,-8.902620435916555053e-01,-9.097892093220122378e-01,-9.170891479921144951e-01,-9.186142424600676204e-01,-9.176629600681890375e-01,-9.157672044408066148e-01,-9.136663687542011525e-01,-9.118185057643463098e-01,-9.106113906440818084e-01,-9.104234289792669799e-01,-9.116158824251809900e-01,-9.144740815419626356e-01,-9.187526483873763583e-01,-9.227128455783897287e-01,-9.231005103456363381e-01,-9.155678855405312566e-01,-8.946499373508137731e-01,-8.544012448217680467e-01,-7.902146021896666594e-01,-7.020830619765308089e-01,-5.989480178172732483e-01,-5.025058962102599835e-01,-4.452608466753432692e-01,-4.452608466717409286e-01,-5.025058961941114566e-01,-5.989480177893016233e-01,-7.020830619202513834e-01,-7.902146021400378029e-01,-8.544012447654708575e-01,-8.946499373330151217e-01,-9.155678855541687922e-01,-9.231005104286351681e-01,-9.227128457431642561e-01,-9.187526486316027752e-01,-9.144740818654031322e-01,-9.116158827962955735e-01,-9.104234293926610766e-01,-9.106113910827731139e-01,-9.118185062118498996e-01,-9.136663691643848173e-01,-9.157672048069563919e-01,-9.176629603295000104e-01,-9.186142426342963629e-01,-9.170891480534021367e-01,-9.097892092636182815e-01,-8.902620434698684804e-01,-8.478176392586109777e-01,-7.685438284934473785e-01,-6.408833014198069833e-01,-1.000000000000000000e+00,-1.000000000000000000e+00,-1.000000000000000000e+00,-1.000000000000000000e+00,-1.000000000000000000e+00,-1.000000000000000000e+00,-1.000000000000000000e+00,-1.000000000000000000e+00,-1.000000000000000000e+00,-1.000000000000000000e+00,-1.000000000000000000e+00,-1.000000000000000000e+00,-1.000000000000000000e+00,-1.000000000000000000e+00,-1.000000000000000000e+00,-1.000000000000000000e+00,-1.000000000000000000e+00,-1.000000000000000000e+00,-1.000000000000000000e+00,-1.000000000000000000e+00,-1.000000000000000000e+00,-1.000000000000000000e+00,-1.000000000000000000e+00,-1.000000000000000000e+00,-1.000000000000000000e+00,-1.000000000000000000e+00,-1.000000000000000000e+00,-1.000000000000000000e+00,-1.000000000000000000e+00,-1.000000000000000000e+00,-1.000000000000000000e+00,-1.000000000000000000e+00,-1.000000000000000000e+00,-1.000000000000000000e+00,-1.000000000000000000e+00,-1.000000000000000000e+00,-1.000000000000000000e+00,-1.000000000000000000e+00,-1.000000000000000000e+00,-1.000000000000000000e+00,-1.000000000000000000e+00,-1.000000000000000000e+00,-1.000000000000000000e+00,-1.000000000000000000e+00,-1.000000000000000000e+00,-1.000000000000000000e+00
-1.000000000000000000e+00,-1.000000000000000000e+00,-1.000000000000000000e+00,-1.000000000000000000e+00,-1.000000000000000000e+00,-1.000000000000000000e+00,-1.000000000000000000e+00,-1.000000000000000000e+00,-1.000000000000000000e+00,-1.000000000000000000e+00,-1.000000000000000000e+00,-1.000000000000000000e+00,-1.000000000000000000e+00,-1.000000000000000000e+00,-1.000000000000000000e+00,-1.000000000000000000e+00,-1.000000000000000000e+00,-1.000000000000000000e+00,-1.000000000000000000e+00,-1.000000000000000000e+00,-1.000000000000000000e+00,-1.000000000000000000e+00,-1.000000000000000000e+00,-1.000000000000000000e+00,-1.000000000000000000e+00,-1.000000000000000000e+00,-1.000000000000000000e+00,-1.000000000000000000e+00,-1.000000000000000000e+00,-1.000000000000000000e+00,-1.000000000000000000e+00,-1.000000000000000000e+00,-1.000000000000000000e+00,-1.000000000000000000e+00,-1.000000000000000000e+00,-1.000000000000000000e+00,-1.000000000000000000e+00,-1.000000000000000000e+00,-1.000000000000000000e+00,-1.000000000000000000e+00,-1.000000000000000000e+00,-1.000000000000000000e+00,-1.000000000000000000e+00,-1.000000000000000000e+00,-1.000000000000000000e+00,-1.000000000000000000e+00,-5.006760774415591753e-01,-7.122039017522310278e-01,-8.371955814234064430e-01,-9.011570853017790705e-01,-9.292761477276270110e-01,-9.391112829573776688e-01,-9.405852350125775141e-01,-9.385313595115051255e-01,-9.351308884372083741e-01,-9.314481521942495901e-01,-9.281824274036215572e-01,-9.259590330657954116e-01,-9.254067101549281471e-01,-9.271521565231612971e-01,-9.317705913747137414e-01,-9.391718907967296914e-01,-9.472770408070299020e-01,-9.522484498096397409e-01,-9.493740605352728457e-01,-9.330648729141005626e-01,-8.974741927592546631e-01,-8.382279366617926275e-01,-7.554797998313702578e-01,-6.579527838316698851e-01,-5.664935010584657427e-01,-5.122458032381136395e-01,-5.122458032313864651e-01,-5.664935010420951711e-01,-6.579527838167226195e-01,-7.554797998033093709e-01,-8.382279366428992962e-01,-8.974741927234336503e-01,-9.330648729161888921e-01,-9.493740605725622395e-01,-9.522484499323996543e-01,-9.472770409980648676e-01,-9.391718910699992096e-01,-9.317705917122415249e-01,-9.271521569096680127e-01,-9.254067105712218133e-01,-9.259590334982694682e-01,-9.281824278305982334e-01,-9.314481525901332493e-01,-9.351308887831993877e-01,-9.385313597559302723e-01,-9.405852351703919423e-01,-9.391112829963749187e-01,-9.292761476806093990e-01,-9.011570851654965297e-01,-8.371955812093081484e-01,-7.122039014908911891e-01,-5.006760771230043261e-01,-1.000000000000000000e+00,-1.000000000000000000e+00,-1.000000000000000000e+00,-1.000000000000000000e+00,-1.000000000000000000e+00,-1.000000000000000000e+00,-1.000000000000000000e+00,-1.000000000000000000e+00,-1.000000000000000000e+00,-1.000000000000000000e+00,-1.000000000000000000e+00,-1.000000000000000000e+00,-1.000000000000000000e+00,-1.000000000000000000e+00,-1.000000000000000000e+00,-1.000000000000000000e+00,-1.000000000000000000e+00,-1.000000000000000000e+00,-1.000000000000000000e+00,-1.000000000000000000e+00,-1.000000000000000000e+00,-1.000000000000000000e+00,-1.000000000000000000e+00,-1.000000000000000000e+00,-1.000000000000000000e+00,-1.000000000000000000e+00,-1.000000000000000000e+00,-1.000000000000000000e+00,-1.000000000000000000e+00,-1.000000000000000000e+00,-1.000000000000000000e+00,-1.000000000000000000e+00,-1.000000000000000000e+00,-1.000000000000000000e+00,-1.000000000000000000e+00,-1.000000000000000000e+00,-1.000000000000000000e+00,-1.000000000000000000e+00,-1.000000000000000000e+00,-1.000000000000000000e+00,-1.000000000000000000e+00,-1.000000000000000000e+00,-1.000000000000000000e+00,-1.000000000000000000e+00,-1.000000000000000000e+00,-1.000000000000000000e+00
-1.000000000000000000e+00,-1.000000000000000000e+00,-1.000000000000000000e+00,-1.000000000000000000e+00,-1.000000000000000000e+00,-1.000000000000000000e+00,-1.000000000000000000e+00,-1.000000000000000000e+00,-1.000000000000000000e+00,-1.000000000000000000e+00,-1.000000000000000000e+00,-1.000000000000000000e+00,-1.000000000000000000e+00,-1.000000000000000000e+00,-1.000000000000000000e+00,-1.000000000000000000e+00,-1.000000000000000000e+00,-1.000000000000000000e+00,-1.000000000000000000e+00,-1.000000000000000000e+00,-1.000000000000000000e+00,-1.000000000000000000e+00,-1.000000000000000000e+00,-1.000000000000000000e+00,-1.000000000000000000e+00,-1.000000000000000000e+00,-1.000000000000000000e+00,-1.000000000000000000e+00,-1.000000000000000000e+00,-1.000000000000000000e+00,-1.000000000000000000e+00,-1.000000000000000000e+00,-1.000000000000000000e+00,-1.000000000000000000e+00,-1.000000000000000000e+00,-1.000000000000000000e+00,-1.000000000000000000e+00,-1.000000000000000000e+00,-1.000000000000000000e+00,-1.000000000000000000e+00,-1.000000000000000000e+00,-1.000000000000000000e+00,-1.000000000000000000e+00,-1.000000000000000000e+00,-1.000000000000000000e+00,-1.000000000000000000e+00,-2.784643200531091711e-01,-6.263208844558704191e-01,-8.191775756463764990e-01,-9.122530671005149028e-01,-9.508229844442482870e-01,-9.631371177725617239e-01,-9.639344066737814964e-01,-9.599813667029357678e-01,-9.542367470405046515e-01,-9.481800136112034094e-01,-9.428577942137345014e-01,-9.392510037645923626e-01,-9.383518255941102337e-01,-9.411475051446718254e-01,-9.485765075845581373e-01,-9.606861513320058554e-01,-9.748209105297258592e-01,-9.862697149749224401e-01,-9.898140621766388092e-01,-9.797169823974322123e-01,-9.502931853451603850e-01,-8.975071163887177184e-01,-8.217502342092151135e-01,-7.314846310490572545e-01,-6.464726903056747798e-01,-5.961030803289829594e-01,-5.961030803317459714e-01,-6.464726903114931256e-01,-7.314846310538078988e-01,-8.217502341979474600e-01,-8.975071163861561008e-01,-9.502931853370087945e-01,-9.797169824320716147e-01,-9.898140622510648301e-01,-9.862697151410343421e-01,-9.748209107593702738e-01,-9.606861516357144692e-01,-9.485765079361868635e-01,-9.411475055401291590e-01,-9.383518260164149805e-01,-9.392510042018145100e-01,-9.428577946314818936e-01,-9.481800139952633044e-01,-9.542367473692997537e-01,-9.599813669508244773e-01,-9.639344068302512225e-01,-9.631371178138546929e-01,-9.508229844136323328e-01,-9.122530669604188569e-01,-8.191775754498548112e-01,-6.263208841990536291e-01,-2.784643197013449978e-01,-1.000000000000000000e+00,-1.000000000000000000e+00,-1.000000000000000000e+00,-1.000000000000000000e+00,-1.000000000000000000e+00,-1.000000000000000000e+00,-1.000000000000000000e+00,-1.000000000000000000e+00,-1.000000000000000000e+00,-1.000000000000000000e+00,-1.000000000000000000e+00,-1.000000000000000000e+00,-1.000000000000000000e+00,-1.000000000000000000e+00,-1.000000000000000000e+00,-1.000000000000000000e+00,-1.000000000000000000e+00,-1.000000000000000000e+00,-1.000000000000000000e+00,-1.000000000000000000e+00,-1.000000000000000000e+00,-1.000000000000000000e+00,-1.000000000000000000e+00,-1.000000000000000000e+00,-1.000000000000000000e+00,-1.000000000000000000e+00,-1.000000000000000000e+00,-1.000000000000000000e+00,-1.000000000000000000e+00,-1.000000000000000000e+00,-1.000000000000000000e+00,-1.000000000000000000e+00,-1.000000000000000000e+00,-1.000000000000000000e+00,-1.000000000000000000e+00,-1.000000000000000000e+00,-1.000000000000000000e+00,-1.000000000000000000e+00,-1.000000000000000000e+00,-1.000000000000000000e+00,-1.000000000000000000e+00,-1.000000000000000000e+00,-1.000000000000000000e+00,-1.000000000000000000e+00,-1.000000000000000000e+00,-1.000000000000000000e+00
-1.000000000000000000e+00,-1.000000000000000000e+00,-1.000000000000000000e+00,-1.000000000000000000e+00,-1.000000000000000000e+00,-1.000000000000000000e+00,-1.000000000000000000e+00,-1.000000000000000000e+00,-1.000000000000000000e+00,-1.000000000000000000e+00,-1.000000000000000000e+00,-1.000000000000000000e+00,-1.000000000000000000e+00,-1.000000000000000000e+00,-1.000000000000000000e+00,-1.000000000000000000e+00,-1.000000000000000000e+00,-1.000000000000000000e+00,-1.000000000000000000e+00,-1.000000000000000000e+00,-1.000000000000000000e+00,-1.000000000000000000e+00,-1.000000000000000000e+00,-1.000000000000000000e+00,-1.000000000000000000e+00,-1.000000000000000000e+00,-1.000000000000000000e+00,-1.000000000000000000e+00,-1.000000000000000000e+00,-1.000000000000000000e+00,-1.000000000000000000e+00,-1.000000000000000000e+00,-1.000000000000000000e+00,-1.000000000000000000e+00,-1.000000000000000000e+00,-1.000000000000000000e+00,-1.000000000000000000e+00,-1.000000000000000000e+00,-1.000000000000000000e+00,-1.000000000000000000e+00,-1.000000000000000000e+00,-1.000000000000000000e+00,-1.000000000000000000e+00,-1.000000000000000000e+00,-1.000000000000000000e+00,-1.000000000000000000e+00,6.818616670079569175e-02,-5.023948364964853086e-01,-7.933685293456413934e-01,-9.234131139663198651e-01,-9.732216721570654538e-01,-9.870829998247604431e-01,-9.859728404191679951e-01,-9.788585684120226782e-01,-9.695452895784664182e-01,-9.600316301721006917e-01,-9.518637204684498032e-01,-9.465408575037791428e-01,-9.455547375297806978e-01,-9.503407981987471720e-01,-9.622348154868497483e-01,-9.813173797360447148e-01,-1.003984584109540945e+00,-1.024272225995259911e+00,-1.036313065928654353e+00,-1.034236173106701351e+00,-1.012626633775870033e+00,-9.679296923810397635e-01,-9.008704750259668437e-01,-8.196096047245421401e-01,-7.425824059320024206e-01,-6.970121152206582016e-01,-6.970121152308093038e-01,-7.425824059552971201e-01,-8.196096047460071921e-01,-9.008704750312489518e-01,-9.679296923924834983e-01,-1.012626633801388065e+00,-1.034236173183861851e+00,-1.036313066047340525e+00,-1.024272226189249846e+00,-1.003984584361451216e+00,-9.813173800552738024e-01,-9.622348158556320863e-01,-9.503407986013622244e-01,-9.455547379516259232e-01,-9.465408579365796049e-01,-9.518637208811644435e-01,-9.600316305537817119e-01,-9.695452899033354388e-01,-9.788585686723477730e-01,-9.859728405947345564e-01,-9.870829998977384001e-01,-9.732216721471889098e-01,-9.234131138558367979e-01,-7.933685291777401449e-01,-5.023948362377611554e-01,6.818616705117253041e-02,-1.000000000000000000e+00,-1.000000000000000000e+00,-1.000000000000000000e+00,-1.000000000000000000e+00,-1.000000000000000000e+00,-1.000000000000000000e+00,-1.000000000000000000e+00,-1.000000000000000000e+00,-1.000000000000000000e+00,-1.000000000000000000e+00,-1.000000000000000000e+00,-1.000000000000000000e+00,-1.000000000000000000e+00,-1.000000000000000000e+00,-1.000000000000000000e+00,-1.000000000000000000e+00,-1.000000000000000000e+00,-1.000000000000000000e+00,-1.000000000000000000e+00,-1.000000000000000000e+00,-1.000000000000000000e+00,-1.000000000000000000e+00,-1.000000000000000000e+00,-1.000000000000000000e+00,-1.000000000000000000e+00,-1.000000000000000000e+00,-1.000000000000000000e+00,-1.000000000000000000e+00,-1.000000000000000000e+00,-1.000000000000000000e+00,-1.000000000000000000e+00,-1.000000000000000000e+00,-1.000000000000000000e+00,-1.000000000000000000e+00,-1.000000000000000000e+00,-1.000000000000000000e+00,-1.000000000000000000e+00,-1.000000000000000000e+00,-1.000000000000000000e+00,-1.000000000000000000e+00,-1.000000000000000000e+00,-1.000000000000000000e+00,-1.000000000000000000e+00,-1.000000000000000000e+00,-1.000000000000000000e+00,-1.000000000000000000e+00
-1.000000000000000000e+00,-1.000000000000000000e+00,-1.000000000000000000e+00,-1.000000000000000000e+00,-1.000000000000000000e+00,-1.000000000000000000e+00,-1.000000000000000000e+00,-1.000000000000000000e+00,-1.000000000000000000e+00,-1.000000000000000000e+00,-1.000000000000000000e+00,-1.000000000000000000e+00,-1.000000000000000000e+00,-1.000000000000000000e+00,-1.000000000000000000e+00,-1.000000000000000000e+00,-1.000000000000000000e+00,-1.000000000000000000e+00,-1.000000000000000000e+00,-1.000000000000000000e+00,-1.000000000000000000e+00,-1.000000000000000000e+00,-1.000000000000000000e+00,-1.000000000000000000e+00,-1.000000000000000000e+00,-1.000000000000000000e+00,-1.000000000000000000e+00,-1.000000000000000000e+00,-1.000000000000000000e+00,-1.000000000000000000e+00,-1.000000000000000000e+00,-1.000000000000000000e+00,-1.000000000000000000e+00,-1.000000000000000000e+00,-1.000000000000000000e+00,-1.000000000000000000e+00,-1.000000000000000000e+00,-1.000000000000000000e+00,-1.000000000000000000e+00,-1.000000000000000000e+00,-1.000000000000000000e+00,-1.000000000000000000e+00,-1.000000000000000000e+00,-1.000000000000000000e+00,-1.000000000000000000e+00,-1.000000000000000000e+00,6.029036608468569813e-01,-3.344639129169815206e-01,-7.623599777498329955e-01,-9.351722224103400372e-01,-9.946242275671907107e-01,-1.007675825864904118e+00,-1.002555786427895335e+00,-9.903747829606729391e-01,-9.757669895626858159e-01,-9.613949786679470977e-01,-9.495281117271642257e-01,-9.423924201153324187e-01,-9.421091387627361646e-01,-9.505903149464384194e-01,-9.694990919174871769e-01,-9.986900225930360753e-01,-1.033061434471595597e+00,-1.064947532507630523e+00,-1.087744120246570079e+00,-1.095542313834119819e+00,-1.083374898806968911e+00,-1.048348581876985319e+00,-9.916283881469203365e-01,-9.210339892508259130e-01,-8.534450747198660814e-01,-8.135386744800963132e-01,-8.135386744861803354e-01,-8.534450747384042524e-01,-9.210339892784741300e-01,-9.916283881794950572e-01,-1.048348581916784594e+00,-1.083374898863736613e+00,-1.095542313935734313e+00,-1.087744120398383751e+00,-1.064947532724358048e+00,-1.033061434738075990e+00,-9.986900229055356570e-01,-9.694990922787496412e-01,-9.505903153379671178e-01,-9.421091391795172187e-01,-9.423924205383448216e-01,-9.495281121317047379e-01,-9.613949790407766427e-01,-9.757669898803665864e-01,-9.903747832145913810e-01,-1.002555786612185695e+00,-1.007675825973853634e+00,-9.946242275834185076e-01,-9.351722223438357906e-01,-7.623599776036240616e-01,-3.344639126633011106e-01,6.029036611613001195e-01,-1.000000000000000000e+00,-1.000000000000000000e+00,-1.000000000000000000e+00,-1.000000000000000000e+00,-1.000000000000000000e+00,-1.000000000000000000e+00,-1.000000000000000000e+00,-1.000000000000000000e+00,-1.000000000000000000e+00,-1.000000000000000000e+00,-1.000000000000000000e+00,-1.000000000000000000e+00,-1.000000000000000000e+00,-1.000000000000000000e+00,-1.000000000000000000e+00,-1.000000000000000000e+00,-1.000000000000000000e+00,-1.000000000000000000e+00,-1.000000000000000000e+00,-1.000000000000000000e+00,-1.000000000000000000e+00,-1.000000000000000000e+00,-1.000000000000000000e+00,-1.000000000000000000e+00,-1.000000000000000000e+00,-1.000000000000000000e+00,-1.000000000000000000e+00,-1.000000000000000000e+00,-1.000000000000000000e+00,-1.000000000000000000e+00,-1.000000000000000000e+00,-1.000000000000000000e+00,-1.000000000000000000e+00,-1.000000000000000000e+00,-1.000000000000000000e+00,-1.000000000000000000e+00,-1.000000000000000000e+00,-1.000000000000000000e+00,-1.000000000000000000e+00,-1.000000000000000000e+00,-1.000000000000000000e+00,-1.000000000000000000e+00,-1.000000000000000000e+00,-1.000000000000000000e+00,-1.000000000000000000e+00,-1.000000000000000000e+00
-1.000000000000000000e+00,-1.000000000000000000e+00,-1.000000000000000000e+00,-1.000000000000000000e+00,-1.000000000000000000e+00,-1.000000000000000000e+00,-1.000000000000000000e+00,-1.000000000000000000e+00,-1.000000000000000000e+00,-1.000000000000000000e+00,-1.000000000000000000e+00,-1.000000000000000000e+00,-1.000000000000000000e+00,-1.000000000000000000e+00,-1.000000000000000000e+00,-1.000000000000000000e+00,-1.000000000000000000e+00,-1.000000000000000000e+00,-1.000000000000000000e+00,-1.000000000000000000e+00,-1.000000000000000000e+00,-1.000000000000000000e+00,-1.000000000000000000e+00,-1.000000000000000000e+00,-1.000000000000000000e+00,-1.000000000000000000e+00,-1.000000000000000000e+00,-1.000000000000000000e+00,-1.000000000000000000e+00,-1.000000000000000000e+00,-1.000000000000000000e+00,-1.000000000000000000e+00,-1.000000000000000000e+00,-1.000000000000000000e+00,-1.000000000000000000e+00,-1.000000000000000000e+00,-1.000000000000000000e+00,-1.000000000000000000e+00,-1.000000000000000000e+00,-1.000000000000000000e+00,-1.000000000000000000e+00,-1.000000000000000000e+00,-1.000000000000000000e+00,-1.000000000000000000e+00,-1.000000000000000000e+00,-1.000000000000000000e+00,1.419845823464103152e+00,-1.253798474049596656e-01,-7.339452410408477956e-01,-9.488641035650948741e-01,-1.012356094806656337e+00,-1.020316477924673393e+00,-1.007949955824546162e+00,-9.879380090722466035e-01,-9.656836752669675228e-01,-9.447706232296620987e-01,-9.285172605817795244e-01,-9.200997666065038327e-01,-9.223121251783097385e-01,-9.374102060240735446e-01,-9.671124365237721010e-01,-1.010555848327430395e+00,-1.060401185218242448e+00,-1.106838801701633512e+00,-1.142585992536279349e+00,-1.161927643790992892e+00,-1.160604678919911148e+00,-1.136592939984344186e+00,-1.091595096081569238e+00,-1.033046810762491052e+00,-9.760832872141999017e-01,-9.425359246067038788e-01,-9.425359246147934078e-01,-9.760832872379648917e-01,-1.033046810794165049e+00,-1.091595096129339915e+00,-1.136592940051131650e+00,-1.160604679021957741e+00,-1.161927643930943166e+00,-1.142585992719624466e+00,-1.106838801928808680e+00,-1.060401185485896569e+00,-1.010555848631076836e+00,-9.671124368769851154e-01,-9.374102064076356156e-01,-9.223121255960197162e-01,-9.200997670211691348e-01,-9.285172609743225225e-01,-9.447706235805322095e-01,-9.656836755722377763e-01,-9.879380093150219588e-01,-1.007949956005467884e+00,-1.020316478049059006e+00,-1.012356094843730236e+00,-9.488641035305547256e-01,-7.339452409080313711e-01,-1.253798471655614977e-01,1.419845823772453386e+00,-1.000000000000000000e+00,-1.000000000000000000e+00,-1.000000000000000000e+00,-1.000000000000000000e+00,-1.000000000000000000e+00,-1.000000000000000000e+00,-1.000000000000000000e+00,-1.000000000000000000e+00,-1.000000000000000000e+00,-1.000000000000000000e+00,-1.000000000000000000e+00,-1.000000000000000000e+00,-1.000000000000000000e+00,-1.000000000000000000e+00,-1.000000000000000000e+00,-1.000000000000000000e+00,-1.000000000000000000e+00,-1.000000000000000000e+00,-1.000000000000000000e+00,-1.000000000000000000e+00,-1.000000000000000000e+00,-1.000000000000000000e+00,-1.000000000000000000e+00,-1.000000000000000000e+00,-1.000000000000000000e+00,-1.000000000000000000e+00,-1.000000000000000000e+00,-1.000000000000000000e+00,-1.000000000000000000e+00,-1.000000000000000000e+00,-1.000000000000000000e+00,-1.000000000000000000e+00,-1.000000000000000000e+00,-1.000000000000000000e+00,-1.000000000000000000e+00,-1.000000000000000000e+00,-1.000000000000000000e+00,-1.000000000000000000e+00,-1.000000000000000000e+00,-1.000000000000000000e+00,-1.000000000000000000e+00,-1.000000000000000000e+00,-1.000000000000000000e+00,-1.000000000000000000e+00,-1.000000000000000000e+00,-1.000000000000000000e+00
-1.000000000000000000e+00,-1.000000000000000000e+00,-1.000000000000000000e+00,-1.000000000000000000e+00,-1.000000000000000000e+00,-1.000000000000000000e+00,-1.000000000000000000e+00,-1.000000000000000000e+00,-1.000000000000000000e+00,-1.000000000000000000e+00,-1.000000000000000000e+00,-1.000000000000000000e+00,-1.000000000000000000e+00,-1.000000000000000000e+00,-1.000000000000000000e+00,-1.000000000000000000e+00,-1.000000000000000000e+00,-1.000000000000000000e+00,-1.000000000000000000e+00,-1.000000000000000000e+00,-1.000000000000000000e+00,-1.000000000000000000e+00,-1.000000000000000000e+00,-1.000000000000000000e+00,-1.000000000000000000e+00,-1.000000000000000000e+00,-1.000000000000000000e+00,-1.000000000000000000e+00,-1.000000000000000000e+00,-1.000000000000000000e+00,-1.000000000000000000e+00,-1.000000000000000000e+00,-1.000000000000000000e+00,-1.000000000000000000e+00,-1.000000000000000000e+00,-1.000000000000000000e+00,-1.000000000000000000e+00,-1.000000000000000000e+00,-1.000000000000000000e+00,-1.000000000000000000e+00,-1.000000000000000000e+00,-1.000000000000000000e+00,-1.000000000000000000e+00,-1.000000000000000000e+00,-1.000000000000000000e+00,-1.000000000000000000e+00,2.651927507212781698e+00,1.010855823116876273e-01,-7.228696366336353485e-01,-9.660570788229696504e-01,-1.022686553434699386e+00,-1.019122878045438885e+00,-9.948625555688871414e-01,-9.631017138116332310e-01,-9.301078278325946025e-01,-9.008793133994884572e-01,-8.802098573994708852e-01,-8.723461512455485956e-01,-8.805345371579341718e-01,-9.069171928578810826e-01,-9.526831586555534193e-01,-1.015485975879909297e+00,-1.084884078260444307e+00,-1.148642995029393266e+00,-1.199127590827559153e+00,-1.231223398160232296e+00,-1.241711819714461207e+00,-1.229640107222818912e+00,-1.197308946505964755e+00,-1.151716859819597705e+00,-1.106129910539433769e+00,-1.079363589511829868e+00,-1.079363589518109956e+00,-1.106129910564034535e+00,-1.151716859859480913e+00,-1.197308946576779221e+00,-1.229640107322137244e+00,-1.241711819859921517e+00,-1.231223398336237729e+00,-1.199127591038375407e+00,-1.148642995272272982e+00,-1.084884078543461694e+00,-1.015485976207086916e+00,-9.526831590290151253e-01,-9.069171932528213853e-01,-8.805345375803862451e-01,-8.723461516578470132e-01,-8.802098577953678671e-01,-9.008793137431113651e-01,-9.301078281297653350e-01,-9.631017140471930249e-01,-9.948625557433748989e-01,-1.019122878164561374e+00,-1.022686553484623229e+00,-9.660570788077148530e-01,-7.228696365279243530e-01,1.010855825128678109e-01,2.651927507574999954e+00,-1.000000000000000000e+00,-1.000000000000000000e+00,-1.000000000000000000e+00,-1.000000000000000000e+00,-1.000000000000000000e+00,-1.000000000000000000e+00,-1.000000000000000000e+00,-1.000000000000000000e+00,-1.000000000000000000e+00,-1.000000000000000000e+00,-1.000000000000000000e+00,-1.000000000000000000e+00,-1.000000000000000000e+00,-1.000000000000000000e+00,-1.000000000000000000e+00,-1.000000000000000000e+00,-1.000000000000000000e+00,-1.000000000000000000e+00,-1.000000000000000000e+00,-1.000000000000000000e+00,-1.000000000000000000e+00,-1.000000000000000000e+00,-1.000000000000000000e+00,-1.000000000000000000e+00,-1.000000000000000000e+00,-1.000000000000000000e+00,-1.000000000000000000e+00,-1.000000000000000000e+00,-1.000000000000000000e+00,-1.000000000000000000e+00,-1.000000000000000000e+00,-1.000000000000000000e+00,-1.000000000000000000e+00,-1.000000000000000000e+00,-1.000000000000000000e+00,-1.000000000000000000e+00,-1.000000000000000000e+00,-1.000000000000000000e+00,-1.000000000000000000e+00,-1.000000000000000000e+00,-1.000000000000000000e+00,-1.000000000000000000e+00,-1.000000000000000000e+00,-1.000000000000000000e+00,-1.000000000000000000e+00,-1.000000000000000000e+00
-1.000000000000000000e+00,-1.000000000000000000e+00,-1.000000000000000000e+00,-1.000000000000000000e+00,-1.000000000000000000e+00,-1.000000000000000000e+00,-1.000000000000000000e+00,-1.000000000000000000e+00,-1.000000000000000000e+00,-1.000000000000000000e+00,-1.000000000000000000e+00,-1.000000000000000000e+00,-1.000000000000000000e+00,-1.000000000000000000e+00,-1.000000000000000000e+00,-1.000000000000000000e+00,-1.000000000000000000e+00,-1.000000000000000000e+00,-1.000000000000000000e+00,-1.000000000000000000e+00,-1.000000000000000000e+00,-1.000000000000000000e+00,-1.000000000000000000e+00,-1.000000000000000000e+00,-1.000000000000000000e+00,-1.000000000000000000e+00,-1.000000000000000000e+00,-1.000000000000000000e+00,-1.000000000000000000e+00,-1.000000000000000000e+00,-1.000000000000000000e+00,-1.000000000000000000e+00,-1.000000000000000000e+00,-1.000000000000000000e+00,-1.000000000000000000e+00,-1.000000000000000000e+00,-1.000000000000000000e+00,-1.000000000000000000e+00,-1.000000000000000000e+00,-1.000000000000000000e+00,-1.000000000000000000e+00,-1.000000000000000000e+00,-1.000000000000000000e+00,-1.000000000000000000e+00,-1.000000000000000000e+00,-1.000000000000000000e+00,4.466162805344480624e+00,2.810710658237545179e-01,-7.493453157137788256e-01,-9.868645127228113934e-01,-1.020724677653359835e+00,-9.971605144143182997e-01,-9.544955730241543312e-01,-9.054999514936792337e-01,-8.579529459358328225e-01,-8.191047733111320728e-01,-7.956011860271866576e-01,-7.924698925777431402e-01,-8.126199656109842628e-01,-8.571133849888492584e-01,-9.256682289198409075e-01,-1.013488815487582961e+00,-1.106241969362066424e+00,-1.189379542125208022e+00,-1.255608439577646340e+00,-1.300978827874128108e+00,-1.323660362503498833e+00,-1.323914452541285591e+00,-1.304631629017530381e+00,-1.272307539855813241e+00,-1.238298726704001984e+00,-1.218394771553917399e+00,-1.218394771559260459e+00,-1.238298726731602128e+00,-1.272307539909465213e+00,-1.304631629113231606e+00,-1.323914452665454267e+00,-1.323660362668133139e+00,-1.300978828065804116e+00,-1.255608439810289134e+00,-1.189379542398240730e+00,-1.106241969674922832e+00,-1.013488815850370983e+00,-9.256682293254402394e-01,-8.571133854211737679e-01,-8.126199660608832698e-01,-7.924698930081736092e-01,-7.956011864396300703e-01,-8.191047736712359084e-01,-8.579529462415963481e-01,-9.054999517374738849e-01,-9.544955732094723144e-01,-9.971605145335976639e-01,-1.020724677713755302e+00,-9.868645127157654739e-01,-7.493453156416809424e-01,2.810710659651147747e-01,4.466162805745004682e+00,-1.000000000000000000e+00,-1.000000000000000000e+00,-1.000000000000000000e+00,-1.000000000000000000e+00,-1.000000000000000000e+00,-1.000000000000000000e+00,-1.000000000000000000e+00,-1.000000000000000000e+00,-1.000000000000000000e+00,-1.000000000000000000e+00,-1.000000000000000000e+00,-1.000000000000000000e+00,-1.000000000000000000e+00,-1.000000000000000000e+00,-1.000000000000000000e+00,-1.000000000000000000e+00,-1.000000000000000000e+00,-1.000000000000000000e+00,-1.000000000000000000e+00,-1.000000000000000000e+00,-1.000000000000000000e+00,-1.000000000000000000e+00,-1.000000000000000000e+00,-1.000000000000000000e+00,-1.000000000000000000e+00,-1.000000000000000000e+00,-1.000000000000000000e+00,-1.000000000000000000e+00,-1.000000000000000000e+00,-1.000000000000000000e+00,-1.000000000000000000e+00,-1.000000000000000000e+00,-1.000000000000000000e+00,-1.000000000000000000e+00,-1.000000000000000000e+00,-1.000000000000000000e+00,-1.000000000000000000e+00,-1.000000000000000000e+00,-1.000000000000000000e+00,-1.000000000000000000e+00,-1.000000000000000000e+00,-1.000000000000000000e+00,-1.000000000000000000e+00,-1.000000000000000000e+00,-1.000000000000000000e+00,-1.000000000000000000e+00
-1.000000000000000000e+00,-1.000000000000000000e+00,-1.000000000000000000e+00,-1.000000000000000000e+00,-1.000000000000000000e+00,-1.000000000000000000e+00,-1.000000000000000000e+00,-1.000000000000000000e+00,-1.000000000000000000e+00,-1.000000000000000000e+00,-1.000000000000000000e+00,-1.000000000000000000e+00,-1.000000000000000000e+00,-1.000000000000000000e+00,-1.000000000000000000e+00,-1.000000000000000000e+00,-1.000000000000000000e+00,-1.000000000000000000e+00,-1.000000000000000000e+00,-1.000000000000000000e+00,-1.000000000000000000e+00,-1.000000000000000000e+00,-1.000000000000000000e+00,-1.000000000000000000e+00,-1.000000000000000000e+00,-1.000000000000000000e+00,-1.000000000000000000e+00,-1.000000000000000000e+00,-1.000000000000000000e+00,-1.000000000000000000e+00,-1.000000000000000000e+00,-1.000000000000000000e+00,-1.000000000000000000e+00,-1.000000000000000000e+00,-1.000000000000000000e+00,-1.000000000000000000e+00,-1.000000000000000000e+00,-1.000000000000000000e+00,-1.000000000000000000e+00,-1.000000000000000000e+00,-1.000000000000000000e+00,-1.000000000000000000e+00,-1.000000000000000000e+00,-1.000000000000000000e+00,-1.000000000000000000e+00,-1.000000000000000000e+00,7.017727381544171195e+00,2.916020513768089462e-01,-8.292726399481618049e-01,-1.007289735272412612e+00,-1.000411265789577620e+00,-9.462803216852287980e-01,-8.760204474175502520e-01,-8.024540750825132074e-01,-7.364681882145657221e-01,-6.885737865065028052e-01,-6.670724230621936091e-01,-6.764969049247329114e-01,-7.177138281405062159e-01,-7.891947183425704893e-01,-8.880597178948548276e-01,-1.006181021122880326e+00,-1.124964999308937008e+00,-1.228278877395452495e+00,-1.310218794738183590e+00,-1.368600130254440606e+00,-1.403240923568509047e+00,-1.415641952818432303e+00,-1.409190424258873309e+00,-1.389809928180410603e+00,-1.367004002138327845e+00,-1.353691042108007281e+00,-1.353691042118923660e+00,-1.367004002177994781e+00,-1.389809928245939741e+00,-1.409190424360380334e+00,-1.415641952947771065e+00,-1.403240923735623147e+00,-1.368600130449576291e+00,-1.310218794975444245e+00,-1.228278877682925208e+00,-1.124964999646839825e+00,-1.006181021526976860e+00,-8.880597183432028530e-01,-7.891947188246171141e-01,-7.177138286219988395e-01,-6.764969053790631515e-01,-6.670724234841420852e-01,-6.885737868958857755e-01,-7.364681885533739258e-01,-8.024540753557612982e-01,-8.760204476232330562e-01,-9.462803218049947729e-01,-1.000411265847106268e+00,-1.007289735263342312e+00,-8.292726398948677691e-01,2.916020514485004878e-01,7.017727381872804315e+00,-1.000000000000000000e+00,-1.000000000000000000e+00,-1.000000000000000000e+00,-1.000000000000000000e+00,-1.000000000000000000e+00,-1.000000000000000000e+00,-1.000000000000000000e+00,-1.000000000000000000e+00,-1.000000000000000000e+00,-1.000000000000000000e+00,-1.000000000000000000e+00,-1.000000000000000000e+00,-1.000000000000000000e+00,-1.000000000000000000e+00,-1.000000000000000000e+00,-1.000000000000000000e+00,-1.000000000000000000e+00,-1.000000000000000000e+00,-1.000000000000000000e+00,-1.000000000000000000e+00,-1.000000000000000000e+00,-1.000000000000000000e+00,-1.000000000000000000e+00,-1.000000000000000000e+00,-1.000000000000000000e+00,-1.000000000000000000e+00,-1.000000000000000000e+00,-1.000000000000000000e+00,-1.000000000000000000e+00,-1.000000000000000000e+00,-1.000000000000000000e+00,-1.000000000000000000e+00,-1.000000000000000000e+00,-1.000000000000000000e+00,-1.000000000000000000e+00,-1.000000000000000000e+00,-1.000000000000000000e+00,-1.000000000000000000e+00,-1.000000000000000000e+00,-1.000000000000000000e+00,-1.000000000000000000e+00,-1.000000000000000000e+00,-1.000000000000000000e+00,-1.000000000000000000e+00,-1.000000000000000000e+00,-1.000000000000000000e+00
-1.000000000000000000e+00,-1.000000000000000000e+00,-1.000000000000000000e+00,-1.000000000000000000e+00,-1.000000000000000000e+00,-1.000000000000000000e+00,-1.000000000000000000e+00,-1.000000000000000000e+00,-1.000000000000000000e+00,-1.000000000000000000e+00,-1.000000000000000000e+00,-1.000000000000000000e+00,-1.000000000000000000e+00,-1.000000000000000000e+00,-1.000000000000000000e+00,-1.000000000000000000e+00,-1.000000000000000000e+00,-1.000000000000000000e+00,-1.000000000000000000e+00,-1.000000000000000000e+00,-1.000000000000000000e+00,-1.000000000000000000e+00,-1.000000000000000000e+00,-1.000000000000000000e+00,-1.000000000000000000e+00,-1.000000000000000000e+00,-1.000000000000000000e+00,-1.000000000000000000e+00,-1.000000000000000000e+00,-1.000000000000000000e+00,-1.000000000000000000e+00,-1.000000000000000000e+00,-1.000000000000000000e+00,-1.000000000000000000e+00,-1.000000000000000000e+00,-1.000000000000000000e+00,-1.000000000000000000e+00,-1.000000000000000000e+00,-1.000000000000000000e+00,-1.000000000000000000e+00,-1.000000000000000000e+00,-1.000000000000000000e+00,-1.000000000000000000e+00,-1.000000000000000000e+00,-1.000000000000000000e+00,-1.000000000000000000e+00,1.030958456652339450e+01,-3.401189740644872117e-02,-9.526303180832209616e-01,-1.016878176320456850e+00,-9.532871716545520124e-01,-8.549272125763871522e-01,-7.446560250850562390e-01,-6.384101315860996051e-01,-5.524475075191934703e-01,-5.007811300997042636e-01,-4.915432820516199008e-01,-5.258863712016434988e-01,-6.000281626235568488e-01,-7.082174705109431923e-01,-8.441682594889790003e-01,-9.961055149981644652e-01,-1.141609383998670513e+00,-1.264350039182374541e+00,-1.360969355418511162e+00,-1.431455381936709959e+00,-1.477320868876518478e+00,-1.501199434656030451e+00,-1.506817224439576330e+00,-1.499478738910625886e+00,-1.486989477858843500e+00,-1.479689887254133751e+00,-1.479689887267384485e+00,-1.486989477902253665e+00,-1.499478738980397630e+00,-1.506817224535947020e+00,-1.501199434775961183e+00,-1.477320869025884331e+00,-1.431455382114543928e+00,-1.360969355639940481e+00,-1.264350039463391084e+00,-1.141609384345353639e+00,-9.961055154247376864e-01,-8.441682599600403014e-01,-7.082174710211125435e-01,-6.000281631252748493e-01,-5.258863716927473231e-01,-4.915432824913018584e-01,-5.007811305132175983e-01,-5.524475078817023821e-01,-6.384101318903092626e-01,-7.446560253145515507e-01,-8.549272127057622184e-01,-9.532871716982903587e-01,-1.016878176288805280e+00,-9.526303179552669809e-01,-3.401189744328325659e-02,1.030958456669635659e+01,-1.000000000000000000e+00,-1.000000000000000000e+00,-1.000000000000000000e+00,-1.000000000000000000e+00,-1.000000000000000000e+00,-1.000000000000000000e+00,-1.000000000000000000e+00,-1.000000000000000000e+00,-1.000000000000000000e+00,-1.000000000000000000e+00,-1.000000000000000000e+00,-1.000000000000000000e+00,-1.000000000000000000e+00,-1.000000000000000000e+00,-1.000000000000000000e+00,-1.000000000000000000e+00,-1.000000000000000000e+00,-1.000000000000000000e+00,-1.000000000000000000e+00,-1.000000000000000000e+00,-1.000000000000000000e+00,-1.000000000000000000e+00,-1.000000000000000000e+00,-1.000000000000000000e+00,-1.000000000000000000e+00,-1.000000000000000000e+00,-1.000000000000000000e+00,-1.000000000000000000e+00,-1.000000000000000000e+00,-1.000000000000000000e+00,-1.000000000000000000e+00,-1.000000000000000000e+00,-1.000000000000000000e+00,-1.000000000000000000e+00,-1.000000000000000000e+00,-1.000000000000000000e+00,-1.000000000000000000e+00,-1.000000000000000000e+00,-1.000000000000000000e+00,-1.000000000000000000e+00,-1.000000000000000000e+00,-1.000000000000000000e+00,-1.000000000000000000e+00,-1.000000000000000000e+00,-1.000000000000000000e+00,-1.000000000000000000e+00
-1.000000000000000000e+00,-1.000000000000000000e+00,-1.000000000000000000e+00,-1.000000000000000000e+00,-1.000000000000000000e+00,-1.000000000000000000e+00,-1.000000000000000000e+00,-1.000000000000000000e+00,-1.000000000000000000e+00,-1.000000000000000000e+00,-1.000000000000000000e+00,-1.000000000000000000e+00,-1.000000000000000000e+00,-1.000000000000000000e+00,-1.000000000000000000e+00,-1.000000000000000000e+00,-1.000000000000000000e+00,-1.000000000000000000e+00,-1.000000000000000000e+00,-1.000000000000000000e+00,-1.000000000000000000e+00,-1.000000000000000000e+00,-1.000000000000000000e+00,-1.000000000000000000e+00,-1.000000000000000000e+00,-1.000000000000000000e+00,-1.000000000000000000e+00,-1.000000000000000000e+00,-1.000000000000000000e+00,-1.000000000000000000e+00,-1.000000000000000000e+00,-1.000000000000000000e+00,-1.000000000000000000e+00,-1.000000000000000000e+00,-1.000000000000000000e+00,-1.000000000000000000e+00,-1.000000000000000000e+00,-1.000000000000000000e+00,-1.000000000000000000e+00,-1.000000000000000000e+00,-1.000000000000000000e+00,-1.000000000000000000e+00,-1.000000000000000000e+00,-1.000000000000000000e+00,-1.000000000000000000e+00,-1.000000000000000000e+00,1.383977148874946828e+01,-7.446231999861421258e-01,-1.063251039495123118e+00,-9.974025535467155867e-01,-8.629331949775947974e-01,-7.029745790476810141e-01,-5.397847535891810988e-01,-3.969857109580001708e-01,-2.971769461297255610e-01,-2.554163240593985140e-01,-2.752315932272195731e-01,-3.502066549544038399e-01,-4.694489614582595394e-01,-6.222094971931293461e-01,-7.989018847268342105e-01,-9.848679942072582350e-01,-1.155378487188036596e+00,-1.295566755747771914e+00,-1.405387591207171383e+00,-1.486958270676597138e+00,-1.543081639577791986e+00,-1.577430321242423439e+00,-1.593930817168822234e+00,-1.597291175137410590e+00,-1.593859755797121469e+00,-1.591778162387754492e+00,-1.591778162401581653e+00,-1.593859755837070846e+00,-1.597291175200441504e+00,-1.593930817248587983e+00,-1.577430321339953423e+00,-1.543081639696091800e+00,-1.486958270825773587e+00,-1.405387591404885450e+00,-1.295566756003716735e+00,-1.155378487507904062e+00,-9.848679946027892873e-01,-7.989018851779381425e-01,-6.222094977086265466e-01,-4.694489619697774785e-01,-3.502066554672331744e-01,-2.752315936763588544e-01,-2.554163244783727027e-01,-2.971769464909155278e-01,-3.969857112870069926e-01,-5.397847538500641917e-01,-7.029745792169881380e-01,-8.629331950301541987e-01,-9.974025535037169821e-01,-1.063251039394615516e+00,-7.446231998411680930e-01,1.383977148929710488e+01,-1.000000000000000000e+00,-1.000000000000000000e+00,-1.000000000000000000e+00,-1.000000000000000000e+00,-1.000000000000000000e+00,-1.000000000000000000e+00,-1.000000000000000000e+00,-1.000000000000000000e+00,-1.000000000000000000e+00,-1.000000000000000000e+00,-1.000000000000000000e+00,-1.000000000000000000e+00,-1.000000000000000000e+00,-1.000000000000000000e+00,-1.000000000000000000e+00,-1.000000000000000000e+00,-1.000000000000000000e+00,-1.000000000000000000e+00,-1.000000000000000000e+00,-1.000000000000000000e+00,-1.000000000000000000e+00,-1.000000000000000000e+00,-1.000000000000000000e+00,-1.000000000000000000e+00,-1.000000000000000000e+00,-1.000000000000000000e+00,-1.000000000000000000e+00,-1.000000000000000000e+00,-1.000000000000000000e+00,-1.000000000000000000e+00,-1.000000000000000000e+00,-1.000000000000000000e+00,-1.000000000000000000e+00,-1.000000000000000000e+00,-1.000000000000000000e+00,-1.000000000000000000e+00,-1.000000000000000000e+00,-1.000000000000000000e+00,-1.000000000000000000e+00,-1.000000000000000000e+00,-1.000000000000000000e+00,-1.000000000000000000e+00,-1.000000000000000000e+00,-1.000000000000000000e+00,-1.000000000000000000e+00,-1.000000000000000000e+00
-1.000000000000000000e+00,-1.000000000000000000e+00,-1.000000000000000000e+00,-1.000000000000000000e+00,-1.000000000000000000e+00,-1.000000000000000000e+00,-1.000000000000000000e+00,-1.000000000000000000e+00,-1.000000000000000000e+00,-1.000000000000000000e+00,-1.000000000000000000e+00,-1.000000000000000000e+00,-1.000000000000000000e+00,-1.000000000000000000e+00,-1.000000000000000000e+00,-1.000000000000000000e+00,-1.000000000000000000e+00,-1.000000000000000000e+00,-1.000000000000000000e+00,-1.000000000000000000e+00,-1.000000000000000000e+00,-1.000000000000000000e+00,-1.000000000000000000e+00,-1.000000000000000000e+00,-1.000000000000000000e+00,-1.000000000000000000e+00,-1.000000000000000000e+00,-1.000000000000000000e+00,-1.000000000000000000e+00,-1.000000000000000000e+00,-1.000000000000000000e+00,-1.000000000000000000e+00,-1.000000000000000000e+00,-1.000000000000000000e+00,-1.000000000000000000e+00,-1.000000000000000000e+00,-1.000000000000000000e+00,-1.000000000000000000e+00,-1.000000000000000000e+00,-1.000000000000000000e+00,-1.000000000000000000e+00,-1.000000000000000000e+00,-1.000000000000000000e+00,-1.000000000000000000e+00,-1.000000000000000000e+00,-1.000000000000000000e+00,1.553420505032108423e+01,-1.097930925014872994e+00,-1.092726616711599652e+00,-9.174756961705545777e-01,-6.958310050199636443e-01,-4.599005154382490579e-01,-2.412725829404325228e-01,-7.265208430422864794e-02,2.096007272821198697e-02,3.004020637655324677e-02,-3.853353676366211289e-02,-1.679140572902195760e-01,-3.398793560867827690e-01,-5.395255125967870491e-01,-7.549068348638845460e-01,-9.701445578184936247e-01,-1.161390970157763158e+00,-1.316803531824219942e+00,-1.439103456752177213e+00,-1.532249491547312381e+00,-1.598150331198055385e+00,-1.641921265210966263e+00,-1.667857039803586572e+00,-1.680306939697296054e+00,-1.684472404028441561e+00,-1.686697463340131709e+00,-1.686697463352021975e+00,-1.684472404058966033e+00,-1.680306939744281358e+00,-1.667857039860098478e+00,-1.641921265283656339e+00,-1.598150331290239423e+00,-1.532249491668741026e+00,-1.439103456915191703e+00,-1.316803532033127055e+00,-1.161390970425651092e+00,-9.701445581563349352e-01,-7.549068352660998071e-01,-5.395255130787937059e-01,-3.398793565847296749e-01,-1.679140577946272028e-01,-3.853353722023022954e-02,3.004020595005507666e-02,2.096007237918495747e-02,-7.265208463213712609e-02,-2.412725832116271452e-01,-4.599005156629600855e-01,-6.958310051354834602e-01,-9.174756961743689709e-01,-1.092726616680026686e+00,-1.097930924678486075e+00,1.553420505175539645e+01,-1.000000000000000000e+00,-1.000000000000000000e+00,-1.000000000000000000e+00,-1.000000000000000000e+00,-1.000000000000000000e+00,-1.000000000000000000e+00,-1.000000000000000000e+00,-1.000000000000000000e+00,-1.000000000000000000e+00,-1.000000000000000000e+00,-1.000000000000000000e+00,-1.000000000000000000e+00,-1.000000000000000000e+00,-1.000000000000000000e+00,-1.000000000000000000e+00,-1.000000000000000000e+00,-1.000000000000000000e+00,-1.000000000000000000e+00,-1.000000000000000000e+00,-1.000000000000000000e+00,-1.000000000000000000e+00,-1.000000000000000000e+00,-1.000000000000000000e+00,-1.000000000000000000e+00,-1.000000000000000000e+00,-1.000000000000000000e+00,-1.000000000000000000e+00,-1.000000000000000000e+00,-1.000000000000000000e+00,-1.000000000000000000e+00,-1.000000000000000000e+00,-1.000000000000000000e+00,-1.000000000000000000e+00,-1.000000000000000000e+00,-1.000000000000000000e+00,-1.000000000000000000e+00,-1.000000000000000000e+00,-1.000000000000000000e+00,-1.000000000000000000e+00,-1.000000000000000000e+00,-1.000000000000000000e+00,-1.000000000000000000e+00,-1.000000000000000000e+00,-1.000000000000000000e+00,-1.000000000000000000e+00,-1.000000000000000000e+00
-1.000000000000000000e+00,-1.000000000000000000e+00,-1.000000000000000000e+00,-1.000000000000000000e+00,-1.000000000000000000e+00,-1.000000000000000000e+00,-1.000000000000000000e+00,-1.000000000000000000e+00,-1.000000000000000000e+00,-1.000000000000000000e+00,-1.000000000000000000e+00,-1.000000000000000000e+00,-1.000000000000000000e+00,-1.000000000000000000e+00,-1.000000000000000000e+00,-1.000000000000000000e+00,-1.000000000000000000e+00,-1.000000000000000000e+00,-1.000000000000000000e+00,-1.000000000000000000e+00,-1.000000000000000000e+00,-1.000000000000000000e+00,-1.000000000000000000e+00,-1.000000000000000000e+00,-1.000000000000000000e+00,-1.000000000000000000e+00,-1.000000000000000000e+00,-1.000000000000000000e+00,-1.000000000000000000e+00,-1.000000000000000000e+00,-1.000000000000000000e+00,-1.000000000000000000e+00,-1.000000000000000000e+00,-1.000000000000000000e+00,-1.000000000000000000e+00,-1.000000000000000000e+00,-1.000000000000000000e+00,-1.000000000000000000e+00,-1.000000000000000000e+00,-1.000000000000000000e+00,-1.000000000000000000e+00,-1.000000000000000000e+00,-1.000000000000000000e+00,-1.000000000000000000e+00,-1.000000000000000000e+00,-1.000000000000000000e+00,1.555859729473361952e+01,-1.228258310261692410e+00,-1.023931764770824815e+00,-7.312576196535489625e-01,-4.094229781783825795e-01,-9.866103939853787530e-02,1.579598263476069686e-01,3.239770957372207771e-01,3.807459382844220475e-01,3.319575591582393237e-01,1.984147728365051044e-01,6.870042391050823483e-03,-2.193990485065924201e-01,-4.635443626993749344e-01,-7.131280233983655625e-01,-9.530272203166947342e-01,-1.161371553674696688e+00,-1.329276229951351418e+00,-1.461722097660708819e+00,-1.563795501682126776e+00,-1.639856251085904493e+00,-1.693172305865343175e+00,-1.727103364425793597e+00,-1.746943849921845704e+00,-1.757200748148293190e+00,-1.762798767192775173e+00,-1.762798767199257099e+00,-1.757200748165862914e+00,-1.746943849951820171e+00,-1.727103364463448365e+00,-1.693172305916866405e+00,-1.639856251155519695e+00,-1.563795501774758012e+00,-1.461722097783507257e+00,-1.329276230110672863e+00,-1.161371553886823227e+00,-9.530272205856958889e-01,-7.131280237260867461e-01,-4.635443631019884325e-01,-2.193990489706501013e-01,6.870041903069612488e-03,1.984147723705851352e-01,3.319575587339425038e-01,3.807459379530588883e-01,3.239770954232443767e-01,1.579598260662076203e-01,-9.866103968754624809e-02,-4.094229784010574580e-01,-7.312576197698907876e-01,-1.023931764761858654e+00,-1.228258310046163260e+00,1.555859729684867077e+01,-1.000000000000000000e+00,-1.000000000000000000e+00,-1.000000000000000000e+00,-1.000000000000000000e+00,-1.000000000000000000e+00,-1.000000000000000000e+00,-1.000000000000000000e+00,-1.000000000000000000e+00,-1.000000000000000000e+00,-1.000000000000000000e+00,-1.000000000000000000e+00,-1.000000000000000000e+00,-1.000000000000000000e+00,-1.000000000000000000e+00,-1.000000000000000000e+00,-1.000000000000000000e+00,-1.000000000000000000e+00,-1.000000000000000000e+00,-1.000000000000000000e+00,-1.000000000000000000e+00,-1.000000000000000000e+00,-1.000000000000000000e+00,-1.000000000000000000e+00,-1.000000000000000000e+00,-1.000000000000000000e+00,-1.000000000000000000e+00,-1.000000000000000000e+00,-1.000000000000000000e+00,-1.000000000000000000e+00,-1.000000000000000000e+00,-1.000000000000000000e+00,-1.000000000000000000e+00,-1.000000000000000000e+00,-1.000000000000000000e+00,-1.000000000000000000e+00,-1.000000000000000000e+00,-1.000000000000000000e+00,-1.000000000000000000e+00,-1.000000000000000000e+00,-1.000000000000000000e+00,-1.000000000000000000e+00,-1.000000000000000000e+00,-1.000000000000000000e+00,-1.000000000000000000e+00,-1.000000000000000000e+00,-1.000000000000000000e+00
-1.000000000000000000e+00,-1.000000000000000000e+00,-1.000000000000000000e+00,-1.000000000000000000e+00,-1.000000000000000000e+00,-1.000000000000000000e+00,-1.000000000000000000e+00,-1.000000000000000000e+00,-1.000000000000000000e+00,-1.000000000000000000e+00,-1.000000000000000000e+00,-1.000000000000000000e+00,-1.000000000000000000e+00,-1.000000000000000000e+00,-1.000000000000000000e+00,-1.000000000000000000e+00,-1.000000000000000000e+00,-1.000000000000000000e+00,-1.000000000000000000e+00,-1.000000000000000000e+00,-1.000000000000000000e+00,-1.000000000000000000e+00,-1.000000000000000000e+00,-1.000000000000000000e+00,-1.000000000000000000e+00,-1.000000000000000000e+00,-1.000000000000000000e+00,-1.000000000000000000e+00,-1.000000000000000000e+00,-1.000000000000000000e+00,-1.000000000000000000e+00,-1.000000000000000000e+00,-1.000000000000000000e+00,-1.000000000000000000e+00,-1.000000000000000000e+00,-1.000000000000000000e+00,-1.000000000000000000e+00,-1.000000000000000000e+00,-1.000000000000000000e+00,-1.000000000000000000e+00,-1.000000000000000000e+00,-1.000000000000000000e+00,-1.000000000000000000e+00,-1.000000000000000000e+00,-1.000000000000000000e+00,-1.000000000000000000e+00,1.449702136675506203e+01,-1.168519267458346444e+00,-8.055572720836084999e-01,-3.915740394882658570e-01,2.106872764710310264e-02,3.794699113851092154e-01,6.354930182555380558e-01,7.594445364594910597e-01,7.482545557638029532e-01,6.229276940409673724e-01,4.169769961331100117e-01,1.632916739441605536e-01,-1.132835441707900070e-01,-3.962029338768063846e-01,-6.741701989515930249e-01,-9.338612266662951189e-01,-1.155938206842107796e+00,-1.334017728945705139e+00,-1.474911314751733649e+00,-1.584720040341408120e+00,-1.668415862138606487e+00,-1.730012556518656597e+00,-1.771562036532037920e+00,-1.797157495723314069e+00,-1.812072278892857380e+00,-1.820167211400799179e+00,-1.820167211403540097e+00,-1.812072278902037814e+00,-1.797157495739945432e+00,-1.771562036556358466e+00,-1.730012556553510050e+00,-1.668415862188587617e+00,-1.584720040409364872e+00,-1.474911314843360355e+00,-1.334017729062665136e+00,-1.155938206997021211e+00,-9.338612268613668554e-01,-6.741701992090507467e-01,-3.962029341991296638e-01,-1.132835445726992907e-01,1.632916735199048119e-01,4.169769956939020084e-01,6.229276936316998636e-01,7.482545554234596441e-01,7.594445361506225733e-01,6.354930179566651294e-01,3.794699110447783408e-01,2.106872730650821701e-02,-3.915740397652528459e-01,-8.055572722283960152e-01,-1.168519267393715921e+00,1.449702136922437212e+01,-1.000000000000000000e+00,-1.000000000000000000e+00,-1.000000000000000000e+00,-1.000000000000000000e+00,-1.000000000000000000e+00,-1.000000000000000000e+00,-1.000000000000000000e+00,-1.000000000000000000e+00,-1.000000000000000000e+00,-1.000000000000000000e+00,-1.000000000000000000e+00,-1.000000000000000000e+00,-1.000000000000000000e+00,-1.000000000000000000e+00,-1.000000000000000000e+00,-1.000000000000000000e+00,-1.000000000000000000e+00,-1.000000000000000000e+00,-1.000000000000000000e+00,-1.000000000000000000e+00,-1.000000000000000000e+00,-1.000000000000000000e+00,-1.000000000000000000e+00,-1.000000000000000000e+00,-1.000000000000000000e+00,-1.000000000000000000e+00,-1.000000000000000000e+00,-1.000000000000000000e+00,-1.000000000000000000e+00,-1.000000000000000000e+00,-1.000000000000000000e+00,-1.000000000000000000e+00,-1.000000000000000000e+00,-1.000000000000000000e+00,-1.000000000000000000e+00,-1.000000000000000000e+00,-1.000000000000000000e+00,-1.000000000000000000e+00,-1.000000000000000000e+00,-1.000000000000000000e+00,-1.000000000000000000e+00,-1.000000000000000000e+00,-1.000000000000000000e+00,-1.000000000000000000e+00,-1.000000000000000000e+00,-1.000000000000000000e+00
-1.000000000000000000e+00,-1.000000000000000000e+00,-1.000000000000000000e+00,-1.000000000000000000e+00,-1.000000000000000000e+00,-1.000000000000000000e+00,-1.000000000000000000e+00,-1.000000000000000000e+00,-1.000000000000000000e+00,-1.000000000000000000e+00,-1.000000000000000000e+00,-1.000000000000000000e+00,-1.000000000000000000e+00,-1.000000000000000000e+00,-1.000000000000000000e+00,-1.000000000000000000e+00,-1.000000000000000000e+00,-1.000000000000000000e+00,-1.000000000000000000e+00,-1.000000000000000000e+00,-1.000000000000000000e+00,-1.000000000000000000e+00,-1.000000000000000000e+00,-1.000000000000000000e+00,-1.000000000000000000e+00,-1.000000000000000000e+00,-1.000000000000000000e+00,-1.000000000000000000e+00,-1.000000000000000000e+00,-1.000000000000000000e+00,-1.000000000000000000e+00,-1.000000000000000000e+00,-1.000000000000000000e+00,-1.000000000000000000e+00,-1.000000000000000000e+00,-1.000000000000000000e+00,-1.000000000000000000e+00,-1.000000000000000000e+00,-1.000000000000000000e+00,-1.000000000000000000e+00,-1.000000000000000000e+00,-1.000000000000000000e+00,-1.000000000000000000e+00,-1.000000000000000000e+00,-1.000000000000000000e+00,-1.000000000000000000e+00,1.337504345578529907e+01,-9.169446484245582507e-01,-4.166099491411481281e-01,9.808602260879517587e-02,5.650539092658681817e-01,9.248884109916539753e-01,1.135421214473378182e+00,1.183404427081800048e+00,1.085548616799830945e+00,8.784135428886592489e-01,6.033101853510556278e-01,2.945893217073087822e-01,-2.426034922823727680e-02,-3.385413147691757052e-01,-6.389154068350375582e-01,-9.141366804445607563e-01,-1.147084216588725392e+00,-1.333308227841482729e+00,-1.480990587990288709e+00,-1.596977243614183806e+00,-1.686588700723038681e+00,-1.753944225600018836e+00,-1.802417230565040107e+00,-1.832418229825145239e+00,-1.850705456437843122e+00,-1.860537351291156938e+00,-1.860537351291679631e+00,-1.850705456441839036e+00,-1.832418229832922574e+00,-1.802417230581925489e+00,-1.753944225625071240e+00,-1.686588700759957593e+00,-1.596977243664226442e+00,-1.480990588056926960e+00,-1.333308227922933131e+00,-1.147084216702566106e+00,-9.141366805895240200e-01,-6.389154070360700821e-01,-3.385413150144169769e-01,-2.426034954259137510e-02,2.945893213761225926e-01,6.033101849620166046e-01,8.784135425058867686e-01,1.085548616436796898e+00,1.183404426777312501e+00,1.135421214155616809e+00,9.248884106229902091e-01,5.650539088317769743e-01,9.808602218257167493e-02,-4.166099494703203732e-01,-9.169446485599310748e-01,1.337504345803602135e+01,-1.000000000000000000e+00,-1.000000000000000000e+00,-1.000000000000000000e+00,-1.000000000000000000e+00,-1.000000000000000000e+00,-1.000000000000000000e+00,-1.000000000000000000e+00,-1.000000000000000000e+00,-1.000000000000000000e+00,-1.000000000000000000e+00,-1.000000000000000000e+00,-1.000000000000000000e+00,-1.000000000000000000e+00,-1.000000000000000000e+00,-1.000000000000000000e+00,-1.000000000000000000e+00,-1.000000000000000000e+00,-1.000000000000000000e+00,-1.000000000000000000e+00,-1.000000000000000000e+00,-1.000000000000000000e+00,-1.000000000000000000e+00,-1.000000000000000000e+00,-1.000000000000000000e+00,-1.000000000000000000e+00,-1.000000000000000000e+00,-1.000000000000000000e+00,-1.000000000000000000e+00,-1.000000000000000000e+00,-1.000000000000000000e+00,-1.000000000000000000e+00,-1.000000000000000000e+00,-1.000000000000000000e+00,-1.000000000000000000e+00,-1.000000000000000000e+00,-1.000000000000000000e+00,-1.000000000000000000e+00,-1.000000000000000000e+00,-1.000000000000000000e+00,-1.000000000000000000e+00,-1.000000000000000000e+00,-1.000000000000000000e+00,-1.000000000000000000e+00,-1.000000000000000000e+00,-1.000000000000000000e+00,-1.000000000000000000e+00
-1.000000000000000000e+00,-1.000000000000000000e+00,-1.000000000000000000e+00,-1.000000000000000000e+00,-1.000000000000000000e+00,-1.000000000000000000e+00,-1.000000000000000000e+00,-1.000000000000000000e+00,-1.000000000000000000e+00,-1.000000000000000000e+00,-1.000000000000000000e+00,-1.000000000000000000e+00,-1.000000000000000000e+00,-1.000000000000000000e+00,-1.000000000000000000e+00,-1.000000000000000000e+00,-1.000000000000000000e+00,-1.000000000000000000e+00,-1.000000000000000000e+00,-1.000000000000000000e+00,-1.000000000000000000e+00,-1.000000000000000000e+00,-1.000000000000000000e+00,-1.000000000000000000e+00,-1.000000000000000000e+00,-1.000000000000000000e+00,-1.000000000000000000e+00,-1.000000000000000000e+00,-1.000000000000000000e+00,-1.000000000000000000e+00,-1.000000000000000000e+00,-1.000000000000000000e+00,-1.000000000000000000e+00,-1.000000000000000000e+00,-1.000000000000000000e+00,-1.000000000000000000e+00,-1.000000000000000000e+00,-1.000000000000000000e+00,-1.000000000000000000e+00,-1.000000000000000000e+00,-1.000000000000000000e+00,-1.000000000000000000e+00,-1.000000000000000000e+00,-1.000000000000000000e+00,-1.000000000000000000e+00,-1.000000000000000000e+00,1.307908963896329269e+01,-5.234653236840741686e-01,8.028460106508505945e-02,6.545299723422834948e-01,1.129560024218837722e+00,1.449006507107551300e+00,1.585026731176286674e+00,1.544131539307448620e+00,1.360465422723870166e+00,1.080616161629449845e+00,7.483817049591252601e-01,3.963451446100276776e-01,4.528286081461918577e-02,-2.924127763187539530e-01,-6.094059481542788426e-01,-8.962539532166174938e-01,-1.137451107620312651e+00,-1.329886727489038245e+00,-1.482692976185152389e+00,-1.603257958020088525e+00,-1.697194882577011565e+00,-1.768778940397754962e+00,-1.821394799002818532e+00,-1.855302528968076015e+00,-1.875875685796421610e+00,-1.886828915249882499e+00,-1.886828915248688787e+00,-1.875875685795839853e+00,-1.855302528970868670e+00,-1.821394799016136323e+00,-1.768778940416791734e+00,-1.697194882605683963e+00,-1.603257958056253152e+00,-1.482692976233142002e+00,-1.329886727549681291e+00,-1.137451107713355558e+00,-8.962539533283792048e-01,-6.094059482939678807e-01,-2.924127764842190391e-01,4.528286058649921841e-02,3.963451443658623230e-01,7.483817046513749904e-01,1.080616161328816993e+00,1.360465422382633349e+00,1.544131539006304177e+00,1.585026730821399443e+00,1.449006506720858400e+00,1.129560023746580821e+00,6.545299718403281286e-01,8.028460060537989662e-02,-5.234653240063100732e-01,1.307908964024593423e+01,-1.000000000000000000e+00,-1.000000000000000000e+00,-1.000000000000000000e+00,-1.000000000000000000e+00,-1.000000000000000000e+00,-1.000000000000000000e+00,-1.000000000000000000e+00,-1.000000000000000000e+00,-1.000000000000000000e+00,-1.000000000000000000e+00,-1.000000000000000000e+00,-1.000000000000000000e+00,-1.000000000000000000e+00,-1.000000000000000000e+00,-1.000000000000000000e+00,-1.000000000000000000e+00,-1.000000000000000000e+00,-1.000000000000000000e+00,-1.000000000000000000e+00,-1.000000000000000000e+00,-1.000000000000000000e+00,-1.000000000000000000e+00,-1.000000000000000000e+00,-1.000000000000000000e+00,-1.000000000000000000e+00,-1.000000000000000000e+00,-1.000000000000000000e+00,-1.000000000000000000e+00,-1.000000000000000000e+00,-1.000000000000000000e+00,-1.000000000000000000e+00,-1.000000000000000000e+00,-1.000000000000000000e+00,-1.000000000000000000e+00,-1.000000000000000000e+00,-1.000000000000000000e+00,-1.000000000000000000e+00,-1.000000000000000000e+00,-1.000000000000000000e+00,-1.000000000000000000e+00,-1.000000000000000000e+00,-1.000000000000000000e+00,-1.000000000000000000e+00,-1.000000000000000000e+00,-1.000000000000000000e+00,-1.000000000000000000e+00
-1.000000000000000000e+00,-1.000000000000000000e+00,-1.000000000000000000e+00,-1.000000000000000000e+00,-1.000000000000000000e+00,-1.000000000000000000e+00,-1.000000000000000000e+00,-1.000000000000000000e+00,-1.000000000000000000e+00,-1.000000000000000000e+00,-1.000000000000000000e+00,-1.000000000000000000e+00,-1.000000000000000000e+00,-1.000000000000000000e+00,-1.000000000000000000e+00,-1.000000000000000000e+00,-1.000000000000000000e+00,-1.000000000000000000e+00,-1.000000000000000000e+00,-1.000000000000000000e+00,-1.000000000000000000e+00,-1.000000000000000000e+00,-1.000000000000000000e+00,-1.000000000000000000e+00,-1.000000000000000000e+00,-1.000000000000000000e+00,-1.000000000000000000e+00,-1.000000000000000000e+00,-1.000000000000000000e+00,-1.000000000000000000e+00,-1.000000000000000000e+00,-1.000000000000000000e+00,-1.000000000000000000e+00,-1.000000000000000000e+00,-1.000000000000000000e+00,-1.000000000000000000e+00,-1.000000000000000000e+00,-1.000000000000000000e+00,-1.000000000000000000e+00,-1.000000000000000000e+00,-1.000000000000000000e+00,-1.000000000000000000e+00,-1.000000000000000000e+00,-1.000000000000000000e+00,-1.000000000000000000e+00,-1.000000000000000000e+00,1.366745084523065223e+01,-1.186023102665680895e-01,5.458622469750882278e-01,1.140235369631259488e+00,1.593369906195597707e+00,1.857274239726034892e+00,1.919417983293647989e+00,1.802466204743591760e+00,1.551978769799001956e+00,1.219111276220468554e+00,8.470242297812293764e-01,4.656076090864726957e-01,9.307416273154367481e-02,-2.600950177304663935e-01,-5.880986164867154642e-01,-8.827548894235280885e-01,-1.129570771257608852e+00,-1.326251210081058174e+00,-1.482512698664331996e+00,-1.606089867566475426e+00,-1.702793294697438009e+00,-1.776986255190592612e+00,-1.832000210053890132e+00,-1.868711491555788529e+00,-1.890653625837514618e+00,-1.902253705717792176e+00,-1.902253705717624310e+00,-1.890653625835732932e+00,-1.868711491556444670e+00,-1.832000210064064882e+00,-1.776986255204602294e+00,-1.702793294720359896e+00,-1.606089867595035248e+00,-1.482512698705036991e+00,-1.326251210130624081e+00,-1.129570771325687728e+00,-8.827548894998610285e-01,-5.880986165784346520e-01,-2.600950178390354361e-01,9.307416259002865289e-02,4.656076089459799672e-01,8.470242295839183200e-01,1.219111276009363642e+00,1.551978769508951750e+00,1.802466204472913613e+00,1.919417982956446167e+00,1.857274239364823387e+00,1.593369905745051440e+00,1.140235369134229515e+00,5.458622464843230215e-01,-1.186023106750316858e-01,1.366745084530863963e+01,-1.000000000000000000e+00,-1.000000000000000000e+00,-1.000000000000000000e+00,-1.000000000000000000e+00,-1.000000000000000000e+00,-1.000000000000000000e+00,-1.000000000000000000e+00,-1.000000000000000000e+00,-1.000000000000000000e+00,-1.000000000000000000e+00,-1.000000000000000000e+00,-1.000000000000000000e+00,-1.000000000000000000e+00,-1.000000000000000000e+00,-1.000000000000000000e+00,-1.000000000000000000e+00,-1.000000000000000000e+00,-1.000000000000000000e+00,-1.000000000000000000e+00,-1.000000000000000000e+00,-1.000000000000000000e+00,-1.000000000000000000e+00,-1.000000000000000000e+00,-1.000000000000000000e+00,-1.000000000000000000e+00,-1.000000000000000000e+00,-1.000000000000000000e+00,-1.000000000000000000e+00,-1.000000000000000000e+00,-1.000000000000000000e+00,-1.000000000000000000e+00,-1.000000000000000000e+00,-1.000000000000000000e+00,-1.000000000000000000e+00,-1.000000000000000000e+00,-1.000000000000000000e+00,-1.000000000000000000e+00,-1.000000000000000000e+00,-1.000000000000000000e+00,-1.000000000000000000e+00,-1.000000000000000000e+00,-1.000000000000000000e+00,-1.000000000000000000e+00,-1.000000000000000000e+00,-1.000000000000000000e+00,-1.000000000000000000e+00
-1.000000000000000000e+00,-1.000000000000000000e+00,-1.000000000000000000e+00,-1.000000000000000000e+00,-1.000000000000000000e+00,-1.000000000000000000e+00,-1.000000000000000000e+00,-1.000000000000000000e+00,-1.000000000000000000e+00,-1.000000000000000000e+00,-1.000000000000000000e+00,-1.000000000000000000e+00,-1.000000000000000000e+00,-1.000000000000000000e+00,-1.000000000000000000e+00,-1.000000000000000000e+00,-1.000000000000000000e+00,-1.000000000000000000e+00,-1.000000000000000000e+00,-1.000000000000000000e+00,-1.000000000000000000e+00,-1.000000000000000000e+00,-1.000000000000000000e+00,-1.000000000000000000e+00,-1.000000000000000000e+00,-1.000000000000000000e+00,-1.000000000000000000e+00,-1.000000000000000000e+00,-1.000000000000000000e+00,-1.000000000000000000e+00,-1.000000000000000000e+00,-1.000000000000000000e+00,-1.000000000000000000e+00,-1.000000000000000000e+00,-1.000000000000000000e+00,-1.000000000000000000e+00,-1.000000000000000000e+00,-1.000000000000000000e+00,-1.000000000000000000e+00,-1.000000000000000000e+00,-1.000000000000000000e+00,-1.000000000000000000e+00,-1.000000000000000000e+00,-1.000000000000000000e+00,-1.000000000000000000e+00,-1.000000000000000000e+00,1.436390616238578311e+01,1.376048176134776480e-01,8.269874465084765536e-01,1.422192278056566561e+00,1.853336319446963198e+00,2.079033385560818292e+00,2.096187458137304116e+00,1.936114847707748332e+00,1.649594518671400056e+00,1.289132956685453024e+00,8.967766553770619709e-01,5.006213689531038291e-01,1.174009687636670130e-01,-2.434512606032759319e-01,-5.769464430676543021e-01,-8.755384159355238394e-01,-1.125214885272171284e+00,-1.324062129094027096e+00,-1.482070943230293869e+00,-1.607140708085155190e+00,-1.705178684540177514e+00,-1.780593342435869975e+00,-1.836709854022826827e+00,-1.874869564716082238e+00,-1.897437738509745841e+00,-1.909327179943655750e+00,-1.909327179946102682e+00,-1.897437738509910155e+00,-1.874869564717617010e+00,-1.836709854031512545e+00,-1.780593342447133409e+00,-1.705178684558591673e+00,-1.607140708108860894e+00,-1.482070943262328910e+00,-1.324062129127117737e+00,-1.125214885311271118e+00,-8.755384159785408738e-01,-5.769464431149093908e-01,-2.434512606544516622e-01,1.174009687082606668e-01,5.006213689008716106e-01,8.967766552825768844e-01,1.289132956558799670e+00,1.649594518478190608e+00,1.936114847505895575e+00,2.096187457875562377e+00,2.079033385262294864e+00,1.853336319084219141e+00,1.422192277660190296e+00,8.269874461109714137e-01,1.376048172600949915e-01,1.436390616151996724e+01,-1.000000000000000000e+00,-1.000000000000000000e+00,-1.000000000000000000e+00,-1.000000000000000000e+00,-1.000000000000000000e+00,-1.000000000000000000e+00,-1.000000000000000000e+00,-1.000000000000000000e+00,-1.000000000000000000e+00,-1.000000000000000000e+00,-1.000000000000000000e+00,-1.000000000000000000e+00,-1.000000000000000000e+00,-1.000000000000000000e+00,-1.000000000000000000e+00,-1.000000000000000000e+00,-1.000000000000000000e+00,-1.000000000000000000e+00,-1.000000000000000000e+00,-1.000000000000000000e+00,-1.000000000000000000e+00,-1.000000000000000000e+00,-1.000000000000000000e+00,-1.000000000000000000e+00,-1.000000000000000000e+00,-1.000000000000000000e+00,-1.000000000000000000e+00,-1.000000000000000000e+00,-1.000000000000000000e+00,-1.000000000000000000e+00,-1.000000000000000000e+00,-1.000000000000000000e+00,-1.000000000000000000e+00,-1.000000000000000000e+00,-1.000000000000000000e+00,-1.000000000000000000e+00,-1.000000000000000000e+00,-1.000000000000000000e+00,-1.000000000000000000e+00,-1.000000000000000000e+00,-1.000000000000000000e+00,-1.000000000000000000e+00,-1.000000000000000000e+00,-1.000000000000000000e+00,-1.000000000000000000e+00,-1.000000000000000000e+00
-1.000000000000000000e+00,-1.000000000000000000e+00,-1.000000000000000000e+00,-1.000000000000000000e+00,-1.000000000000000000e+00,-1.000000000000000000e+00,-1.000000000000000000e+00,-1.000000000000000000e+00,-1.000000000000000000e+00,-1.000000000000000000e+00,-1.000000000000000000e+00,-1.000000000000000000e+00,-1.000000000000000000e+00,-1.000000000000000000e+00,-1.000000000000000000e+00,-1.000000000000000000e+00,-1.000000000000000000e+00,-1.000000000000000000e+00,-1.000000000000000000e+00,-1.000000000000000000e+00,-1.000000000000000000e+00,-1.000000000000000000e+00,-1.000000000000000000e+00,-1.000000000000000000e+00,-1.000000000000000000e+00,-1.000000000000000000e+00,-1.000000000000000000e+00,-1.000000000000000000e+00,-1.000000000000000000e+00,-1.000000000000000000e+00,-1.000000000000000000e+00,-1.000000000000000000e+00,-1.000000000000000000e+00,-1.000000000000000000e+00,-1.000000000000000000e+00,-1.000000000000000000e+00,-1.000000000000000000e+00,-1.000000000000000000e+00,-1.000000000000000000e+00,-1.000000000000000000e+00,-1.000000000000000000e+00,-1.000000000000000000e+00,-1.000000000000000000e+00,-1.000000000000000000e+00,-1.000000000000000000e+00,-1.000000000000000000e+00,1.436390616237985363e+01,1.376048175204342972e-01,8.269874463967437084e-01,1.422192277935526938e+00,1.853336319328593440e+00,2.079033385467305095e+00,2.096187458049953989e+00,1.936114847634704539e+00,1.649594518575034918e+00,1.289132956605330005e+00,8.967766553059632884e-01,5.006213689105067921e-01,1.174009687200470164e-01,-2.434512606477277075e-01,-5.769464431061823717e-01,-8.755384159601385941e-01,-1.125214885289726130e+00,-1.324062129108294572e+00,-1.482070943240355376e+00,-1.607140708089586756e+00,-1.705178684542220546e+00,-1.780593342436564308e+00,-1.836709854023343080e+00,-1.874869564716656889e+00,-1.897437738511756233e+00,-1.909327179946765707e+00,-1.909327179950845110e+00,-1.897437738515331596e+00,-1.874869564723020909e+00,-1.836709854033028000e+00,-1.780593342446822991e+00,-1.705178684555517910e+00,-1.607140708104715099e+00,-1.482070943254708784e+00,-1.324062129118157793e+00,-1.125214885299879786e+00,-8.755384159652315201e-01,-5.769464430935347110e-01,-2.434512606317671413e-01,1.174009687367874033e-01,5.006213689245866405e-01,8.967766553229259419e-01,1.289132956593333379e+00,1.649594518525371534e+00,1.936114847523148441e+00,2.096187457899995277e+00,2.079033385280297797e+00,1.853336319131571486e+00,1.422192277724410481e+00,8.269874461813151445e-01,1.376048173203878733e-01,1.436390616116492325e+01,-1.000000000000000000e+00,-1.000000000000000000e+00,-1.000000000000000000e+00,-1.000000000000000000e+00,-1.000000000000000000e+00,-1.000000000000000000e+00,-1.000000000000000000e+00,-1.000000000000000000e+00,-1.000000000000000000e+00,-1.000000000000000000e+00,-1.000000000000000000e+00,-1.000000000000000000e+00,-1.000000000000000000e+00,-1.000000000000000000e+00,-1.000000000000000000e+00,-1.000000000000000000e+00,-1.000000000000000000e+00,-1.000000000000000000e+00,-1.000000000000000000e+00,-1.000000000000000000e+00,-1.000000000000000000e+00,-1.000000000000000000e+00,-1.000000000000000000e+00,-1.000000000000000000e+00,-1.000000000000000000e+00,-1.000000000000000000e+00,-1.000000000000000000e+00,-1.000000000000000000e+00,-1.000000000000000000e+00,-1.000000000000000000e+00,-1.000000000000000000e+00,-1.000000000000000000e+00,-1.000000000000000000e+00,-1.000000000000000000e+00,-1.000000000000000000e+00,-1.000000000000000000e+00,-1.000000000000000000e+00,-1.000000000000000000e+00,-1.000000000000000000e+00,-1.000000000000000000e+00,-1.000000000000000000e+00,-1.000000000000000000e+00,-1.000000000000000000e+00,-1.000000000000000000e+00,-1.000000000000000000e+00,-1.000000000000000000e+00
-1.000000000000000000e+00,-1.000000000000000000e+00,-1.000000000000000000e+00,-1.000000000000000000e+00,-1.000000000000000000e+00,-1.000000000000000000e+00,-1.000000000000000000e+00,-1.000000000000000000e+00,-1.000000000000000000e+00,-1.000000000000000000e+00,-1.000000000000000000e+00,-1.000000000000000000e+00,-1.000000000000000000e+00,-1.000000000000000000e+00,-1.000000000000000000e+00,-1.000000000000000000e+00,-1.000000000000000000e+00,-1.000000000000000000e+00,-1.000000000000000000e+00,-1.000000000000000000e+00,-1.000000000000000000e+00,-1.000000000000000000e+00,-1.000000000000000000e+00,-1.000000000000000000e+00,-1.000000000000000000e+00,-1.000000000000000000e+00,-1.000000000000000000e+00,-1.000000000000000000e+00,-1.000000000000000000e+00,-1.000000000000000000e+00,-1.000000000000000000e+00,-1.000000000000000000e+00,-1.000000000000000000e+00,-1.000000000000000000e+00,-1.000000000000000000e+00,-1.000000000000000000e+00,-1.000000000000000000e+00,-1.000000000000000000e+00,-1.000000000000000000e+00,-1.000000000000000000e+00,-1.000000000000000000e+00,-1.000000000000000000e+00,-1.000000000000000000e+00,-1.000000000000000000e+00,-1.000000000000000000e+00,-1.000000000000000000e+00,1.366745084490921691e+01,-1.186023105220521678e-01,5.458622466621763092e-01,1.140235369304002599e+00,1.593369905880224646e+00,1.857274239455058318e+00,1.919417983022254859e+00,1.802466204519871606e+00,1.551978769552989856e+00,1.219111276023580270e+00,8.470242295822967282e-01,4.656076089373741844e-01,9.307416259488032750e-02,-2.600950178392330558e-01,-5.880986165777526420e-01,-8.827548894939998281e-01,-1.129570771313891164e+00,-1.326251210118743806e+00,-1.482512698687800334e+00,-1.606089867579357122e+00,-1.702793294704681326e+00,-1.776986255193101272e+00,-1.832000210055061862e+00,-1.868711491555424598e+00,-1.890653625839100460e+00,-1.902253705723457866e+00,-1.902253705728762956e+00,-1.890653625847721120e+00,-1.868711491568943561e+00,-1.832000210067057377e+00,-1.776986255202581244e+00,-1.702793294711013150e+00,-1.606089867582421116e+00,-1.482512698683874142e+00,-1.326251210104337996e+00,-1.129570771286006137e+00,-8.827548894543807423e-01,-5.880986165170770663e-01,-2.600950177752294756e-01,9.307416268256685221e-02,4.656076090338703288e-01,8.470242297071559623e-01,1.219111276100456553e+00,1.551978769624180465e+00,1.802466204524035831e+00,1.919417983037948083e+00,1.857274239437798347e+00,1.593369905887737303e+00,1.140235369316178193e+00,5.458622466765870040e-01,-1.186023105217013374e-01,1.366745084436695734e+01,-1.000000000000000000e+00,-1.000000000000000000e+00,-1.000000000000000000e+00,-1.000000000000000000e+00,-1.000000000000000000e+00,-1.000000000000000000e+00,-1.000000000000000000e+00,-1.000000000000000000e+00,-1.000000000000000000e+00,-1.000000000000000000e+00,-1.000000000000000000e+00,-1.000000000000000000e+00,-1.000000000000000000e+00,-1.000000000000000000e+00,-1.000000000000000000e+00,-1.000000000000000000e+00,-1.000000000000000000e+00,-1.000000000000000000e+00,-1.000000000000000000e+00,-1.000000000000000000e+00,-1.000000000000000000e+00,-1.000000000000000000e+00,-1.000000000000000000e+00,-1.000000000000000000e+00,-1.000000000000000000e+00,-1.000000000000000000e+00,-1.000000000000000000e+00,-1.000000000000000000e+00,-1.000000000000000000e+00,-1.000000000000000000e+00,-1.000000000000000000e+00,-1.000000000000000000e+00,-1.000000000000000000e+00,-1.000000000000000000e+00,-1.000000000000000000e+00,-1.000000000000000000e+00,-1.000000000000000000e+00,-1.000000000000000000e+00,-1.000000000000000000e+00,-1.000000000000000000e+00,-1.000000000000000000e+00,-1.000000000000000000e+00,-1.000000000000000000e+00,-1.000000000000000000e+00,-1.000000000000000000e+00,-1.000000000000000000e+00
-1.000000000000000000e+00,-1.000000000000000000e+00,-1.000000000000000000e+00,-1.000000000000000000e+00,-1.000000000000000000e+00,-1.000000000000000000e+00,-1.000000000000000000e+00,-1.000000000000000000e+00,-1.000000000000000000e+00,-1.000000000000000000e+00,-1.000000000000000000e+00,-1.000000000000000000e+00,-1.000000000000000000e+00,-1.000000000000000000e+00,-1.000000000000000000e+00,-1.000000000000000000e+00,-1.000000000000000000e+00,-1.000000000000000000e+00,-1.000000000000000000e+00,-1.000000000000000000e+00,-1.000000000000000000e+00,-1.000000000000000000e+00,-1.000000000000000000e+00,-1.000000000000000000e+00,-1.000000000000000000e+00,-1.000000000000000000e+00,-1.000000000000000000e+00,-1.000000000000000000e+00,-1.000000000000000000e+00,-1.000000000000000000e+00,-1.000000000000000000e+00,-1.000000000000000000e+00,-1.000000000000000000e+00,-1.000000000000000000e+00,-1.000000000000000000e+00,-1.000000000000000000e+00,-1.000000000000000000e+00,-1.000000000000000000e+00,-1.000000000000000000e+00,-1.000000000000000000e+00,-1.000000000000000000e+00,-1.000000000000000000e+00,-1.000000000000000000e+00,-1.000000000000000000e+00,-1.000000000000000000e+00,-1.000000000000000000e+00,1.307908963788710466e+01,-5.234653240003408481e-01,8.028460064055065182e-02,6.545299718799726385e-01,1.129560023768747534e+00,1.449006506716650655e+00,1.585026730800345618e+00,1.544131538981238450e+00,1.360465422372567623e+00,1.080616161322041524e+00,7.483817046499916525e-01,3.963451443614471881e-01,4.528286059392505614e-02,-2.924127764839143939e-01,-6.094059482888878332e-01,-8.962539533226837607e-01,-1.137451107706163533e+00,-1.329886727543566183e+00,-1.482692976219057712e+00,-1.603257958042894726e+00,-1.697194882590945086e+00,-1.768778940403180844e+00,-1.821394799004534715e+00,-1.855302528965613984e+00,-1.875875685793410241e+00,-1.886828915252821481e+00,-1.886828915258890405e+00,-1.875875685804943460e+00,-1.855302528981741972e+00,-1.821394799016045063e+00,-1.768778940410126843e+00,-1.697194882589410314e+00,-1.603257958033449615e+00,-1.482692976197604651e+00,-1.329886727505313448e+00,-1.137451107644123827e+00,-8.962539532470272796e-01,-6.094059481867725170e-01,-2.924127763688790793e-01,4.528286075254972509e-02,3.963451445282204499e-01,7.483817048549714634e-01,1.080616161484333926e+00,1.360465422549606007e+00,1.544131539097064909e+00,1.585026730949572471e+00,1.449006506866194144e+00,1.129560023985677564e+00,6.545299721229256296e-01,8.028460087190469885e-02,-5.234653238358402128e-01,1.307908963892507082e+01,-1.000000000000000000e+00,-1.000000000000000000e+00,-1.000000000000000000e+00,-1.000000000000000000e+00,-1.000000000000000000e+00,-1.000000000000000000e+00,-1.000000000000000000e+00,-1.000000000000000000e+00,-1.000000000000000000e+00,-1.000000000000000000e+00,-1.000000000000000000e+00,-1.000000000000000000e+00,-1.000000000000000000e+00,-1.000000000000000000e+00,-1.000000000000000000e+00,-1.000000000000000000e+00,-1.000000000000000000e+00,-1.000000000000000000e+00,-1.000000000000000000e+00,-1.000000000000000000e+00,-1.000000000000000000e+00,-1.000000000000000000e+00,-1.000000000000000000e+00,-1.000000000000000000e+00,-1.000000000000000000e+00,-1.000000000000000000e+00,-1.000000000000000000e+00,-1.000000000000000000e+00,-1.000000000000000000e+00,-1.000000000000000000e+00,-1.000000000000000000e+00,-1.000000000000000000e+00,-1.000000000000000000e+00,-1.000000000000000000e+00,-1.000000000000000000e+00,-1.000000000000000000e+00,-1.000000000000000000e+00,-1.000000000000000000e+00,-1.000000000000000000e+00,-1.000000000000000000e+00,-1.000000000000000000e+00,-1.000000000000000000e+00,-1.000000000000000000e+00,-1.000000000000000000e+00,-1.000000000000000000e+00,-1.000000000000000000e+00
-1.000000000000000000e+00,-1.000000000000000000e+00,-1.000000000000000000e+00,-1.000000000000000000e+00,-1.000000000000000000e+00,-1.000000000000000000e+00,-1.000000000000000000e+00,-1.000000000000000000e+00,-1.000000000000000000e+00,-1.000000000000000000e+00,-1.000000000000000000e+00,-1.000000000000000000e+00,-1.000000000000000000e+00,-1.000000000000000000e+00,-1.000000000000000000e+00,-1.000000000000000000e+00,-1.000000000000000000e+00,-1.000000000000000000e+00,-1.000000000000000000e+00,-1.000000000000000000e+00,-1.000000000000000000e+00,-1.000000000000000000e+00,-1.000000000000000000e+00,-1.000000000000000000e+00,-1.000000000000000000e+00,-1.000000000000000000e+00,-1.000000000000000000e+00,-1.000000000000000000e+00,-1.000000000000000000e+00,-1.000000000000000000e+00,-1.000000000000000000e+00,-1.000000000000000000e+00,-1.000000000000000000e+00,-1.000000000000000000e+00,-1.000000000000000000e+00,-1.000000000000000000e+00,-1.000000000000000000e+00,-1.000000000000000000e+00,-1.000000000000000000e+00,-1.000000000000000000e+00,-1.000000000000000000e+00,-1.000000000000000000e+00,-1.000000000000000000e+00,-1.000000000000000000e+00,-1.000000000000000000e+00,-1.000000000000000000e+00,1.337504345332793854e+01,-9.169446487166875714e-01,-4.166099495799604480e-01,9.808602209899675017e-02,5.650539087501917912e-01,9.248884105371153463e-01,1.135421214071481888e+00,1.183404426711887059e+00,1.085548616394541810e+00,8.784135424811370108e-01,6.033101849602786615e-01,2.945893213891832563e-01,-2.426034951381517146e-02,-3.385413149999774163e-01,-6.389154070201872315e-01,-9.141366805732267231e-01,-1.147084216687529246e+00,-1.333308227913501343e+00,-1.480990588041469325e+00,-1.596977243649418732e+00,-1.686588700744246605e+00,-1.753944225608712992e+00,-1.802417230567839423e+00,-1.832418229824154920e+00,-1.850705456433397789e+00,-1.860537351289960117e+00,-1.860537351294367703e+00,-1.850705456441346319e+00,-1.832418229834054113e+00,-1.802417230573564844e+00,-1.753944225610633234e+00,-1.686588700734716006e+00,-1.596977243628843190e+00,-1.480990588004052588e+00,-1.333308227858444273e+00,-1.147084216610987584e+00,-9.141366804754696984e-01,-6.389154068773963413e-01,-3.385413148325616683e-01,-2.426034929964826503e-02,2.945893216128767644e-01,6.033101852343831784e-01,8.784135427308579214e-01,1.085548616640530373e+00,1.183404426917741503e+00,1.135421214328541595e+00,9.248884108558350636e-01,5.650539091523922863e-01,9.808602251951747952e-02,-4.166099492019450512e-01,-9.169446484512369100e-01,1.337504345670825678e+01,-1.000000000000000000e+00,-1.000000000000000000e+00,-1.000000000000000000e+00,-1.000000000000000000e+00,-1.000000000000000000e+00,-1.000000000000000000e+00,-1.000000000000000000e+00,-1.000000000000000000e+00,-1.000000000000000000e+00,-1.000000000000000000e+00,-1.000000000000000000e+00,-1.000000000000000000e+00,-1.000000000000000000e+00,-1.000000000000000000e+00,-1.000000000000000000e+00,-1.000000000000000000e+00,-1.000000000000000000e+00,-1.000000000000000000e+00,-1.000000000000000000e+00,-1.000000000000000000e+00,-1.000000000000000000e+00,-1.000000000000000000e+00,-1.000000000000000000e+00,-1.000000000000000000e+00,-1.000000000000000000e+00,-1.000000000000000000e+00,-1.000000000000000000e+00,-1.000000000000000000e+00,-1.000000000000000000e+00,-1.000000000000000000e+00,-1.000000000000000000e+00,-1.000000000000000000e+00,-1.000000000000000000e+00,-1.000000000000000000e+00,-1.000000000000000000e+00,-1.000000000000000000e+00,-1.000000000000000000e+00,-1.000000000000000000e+00,-1.000000000000000000e+00,-1.000000000000000000e+00,-1.000000000000000000e+00,-1.000000000000000000e+00,-1.000000000000000000e+00,-1.000000000000000000e+00,-1.000000000000000000e+00,-1.000000000000000000e+00
-1.000000000000000000e+00,-1.000000000000000000e+00,-1.000000000000000000e+00,-1.000000000000000000e+00,-1.000000000000000000e+00,-1.000000000000000000e+00,-1.000000000000000000e+00,-1.000000000000000000e+00,-1.000000000000000000e+00,-1.000000000000000000e+00,-1.000000000000000000e+00,-1.000000000000000000e+00,-1.000000000000000000e+00,-1.000000000000000000e+00,-1.000000000000000000e+00,-1.000000000000000000e+00,-1.000000000000000000e+00,-1.000000000000000000e+00,-1.000000000000000000e+00,-1.000000000000000000e+00,-1.000000000000000000e+00,-1.000000000000000000e+00,-1.000000000000000000e+00,-1.000000000000000000e+00,-1.000000000000000000e+00,-1.000000000000000000e+00,-1.000000000000000000e+00,-1.000000000000000000e+00,-1.000000000000000000e+00,-1.000000000000000000e+00,-1.000000000000000000e+00,-1.000000000000000000e+00,-1.000000000000000000e+00,-1.000000000000000000e+00,-1.000000000000000000e+00,-1.000000000000000000e+00,-1.000000000000000000e+00,-1.000000000000000000e+00,-1.000000000000000000e+00,-1.000000000000000000e+00,-1.000000000000000000e+00,-1.000000000000000000e+00,-1.000000000000000000e+00,-1.000000000000000000e+00,-1.000000000000000000e+00,-1.000000000000000000e+00,1.449702136230160399e+01,-1.168519267724491106e+00,-8.055572724894664027e-01,-3.915740399693277141e-01,2.106872713884122561e-02,3.794699109001229420e-01,6.354930178286335440e-01,7.594445360607180451e-01,7.482545553758119805e-01,6.229276936187169156e-01,4.169769957077125166e-01,1.632916735563445521e-01,-1.132835445146993525e-01,-3.962029341523696235e-01,-6.741701991697007790e-01,-9.338612268275098272e-01,-1.155938206969381543e+00,-1.334017729041863110e+00,-1.474911314821156338e+00,-1.584720040390504625e+00,-1.668415862170633757e+00,-1.730012556535177382e+00,-1.771562036541658447e+00,-1.797157495730667520e+00,-1.812072278894427235e+00,-1.820167211401126250e+00,-1.820167211401496843e+00,-1.812072278894844457e+00,-1.797157495729948762e+00,-1.771562036537287055e+00,-1.730012556528581324e+00,-1.668415862151787277e+00,-1.584720040360627635e+00,-1.474911314775371851e+00,-1.334017728978170281e+00,-1.155938206881403030e+00,-9.338612267100678821e-01,-6.741701990085471330e-01,-3.962029339571909725e-01,-1.132835442581900942e-01,1.632916738400920220e-01,4.169769960239386730e-01,6.229276939074015473e-01,7.482545556448285673e-01,7.594445363557575934e-01,6.354930181940168232e-01,3.794699113617425734e-01,2.106872765957912286e-02,-3.915740394471698416e-01,-8.055572720213608484e-01,-1.168519267376564530e+00,1.449702136838594946e+01,-1.000000000000000000e+00,-1.000000000000000000e+00,-1.000000000000000000e+00,-1.000000000000000000e+00,-1.000000000000000000e+00,-1.000000000000000000e+00,-1.000000000000000000e+00,-1.000000000000000000e+00,-1.000000000000000000e+00,-1.000000000000000000e+00,-1.000000000000000000e+00,-1.000000000000000000e+00,-1.000000000000000000e+00,-1.000000000000000000e+00,-1.000000000000000000e+00,-1.000000000000000000e+00,-1.000000000000000000e+00,-1.000000000000000000e+00,-1.000000000000000000e+00,-1.000000000000000000e+00,-1.000000000000000000e+00,-1.000000000000000000e+00,-1.000000000000000000e+00,-1.000000000000000000e+00,-1.000000000000000000e+00,-1.000000000000000000e+00,-1.000000000000000000e+00,-1.000000000000000000e+00,-1.000000000000000000e+00,-1.000000000000000000e+00,-1.000000000000000000e+00,-1.000000000000000000e+00,-1.000000000000000000e+00,-1.000000000000000000e+00,-1.000000000000000000e+00,-1.000000000000000000e+00,-1.000000000000000000e+00,-1.000000000000000000e+00,-1.000000000000000000e+00,-1.000000000000000000e+00,-1.000000000000000000e+00,-1.000000000000000000e+00,-1.000000000000000000e+00,-1.000000000000000000e+00,-1.000000000000000000e+00,-1.000000000000000000e+00
-1.000000000000000000e+00,-1.000000000000000000e+00,-1.000000000000000000e+00,-1.000000000000000000e+00,-1.000000000000000000e+00,-1.000000000000000000e+00,-1.000000000000000000e+00,-1.000000000000000000e+00,-1.000000000000000000e+00,-1.000000000000000000e+00,-1.000000000000000000e+00,-1.000000000000000000e+00,-1.000000000000000000e+00,-1.000000000000000000e+00,-1.000000000000000000e+00,-1.000000000000000000e+00,-1.000000000000000000e+00,-1.000000000000000000e+00,-1.000000000000000000e+00,-1.000000000000000000e+00,-1.000000000000000000e+00,-1.000000000000000000e+00,-1.000000000000000000e+00,-1.000000000000000000e+00,-1.000000000000000000e+00,-1.000000000000000000e+00,-1.000000000000000000e+00,-1.000000000000000000e+00,-1.000000000000000000e+00,-1.000000000000000000e+00,-1.000000000000000000e+00,-1.000000000000000000e+00,-1.000000000000000000e+00,-1.000000000000000000e+00,-1.000000000000000000e+00,-1.000000000000000000e+00,-1.000000000000000000e+00,-1.000000000000000000e+00,-1.000000000000000000e+00,-1.000000000000000000e+00,-1.000000000000000000e+00,-1.000000000000000000e+00,-1.000000000000000000e+00,-1.000000000000000000e+00,-1.000000000000000000e+00,-1.000000000000000000e+00,1.555859728854151314e+01,-1.228258310549020571e+00,-1.023931765166303576e+00,-7.312576200928661008e-01,-4.094229786525677151e-01,-9.866103987734375913e-02,1.579598259207499744e-01,3.239770953272886889e-01,3.807459379057338555e-01,3.319575587375669379e-01,1.984147724107130362e-01,6.870041971667850689e-03,-2.193990488879051792e-01,-4.635443630272930715e-01,-7.131280236633680270e-01,-9.530272205317590339e-01,-1.161371553850462313e+00,-1.329276230082600208e+00,-1.461722097756513961e+00,-1.563795501753770134e+00,-1.639856251137639331e+00,-1.693172305900528141e+00,-1.727103364453517642e+00,-1.746943849947850236e+00,-1.757200748168227911e+00,-1.762798767208837436e+00,-1.762798767204800665e+00,-1.757200748161511727e+00,-1.746943849937675930e+00,-1.727103364438408839e+00,-1.693172305881815110e+00,-1.639856251106821761e+00,-1.563795501711296110e+00,-1.461722097700060230e+00,-1.329276230006235737e+00,-1.161371553745567997e+00,-9.530272203964387234e-01,-7.131280234892620751e-01,-4.635443628010595951e-01,-2.193990486047889821e-01,6.870042286601485415e-03,1.984147727404745876e-01,3.319575590677088517e-01,3.807459382284614779e-01,3.239770957163603526e-01,1.579598263703521077e-01,-9.866103932784808794e-02,-4.094229780693516840e-01,-7.312576195133682067e-01,-1.023931764613293049e+00,-1.228258310094884953e+00,1.555859729681699122e+01,-1.000000000000000000e+00,-1.000000000000000000e+00,-1.000000000000000000e+00,-1.000000000000000000e+00,-1.000000000000000000e+00,-1.000000000000000000e+00,-1.000000000000000000e+00,-1.000000000000000000e+00,-1.000000000000000000e+00,-1.000000000000000000e+00,-1.000000000000000000e+00,-1.000000000000000000e+00,-1.000000000000000000e+00,-1.000000000000000000e+00,-1.000000000000000000e+00,-1.000000000000000000e+00,-1.000000000000000000e+00,-1.000000000000000000e+00,-1.000000000000000000e+00,-1.000000000000000000e+00,-1.000000000000000000e+00,-1.000000000000000000e+00,-1.000000000000000000e+00,-1.000000000000000000e+00,-1.000000000000000000e+00,-1.000000000000000000e+00,-1.000000000000000000e+00,-1.000000000000000000e+00,-1.000000000000000000e+00,-1.000000000000000000e+00,-1.000000000000000000e+00,-1.000000000000000000e+00,-1.000000000000000000e+00,-1.000000000000000000e+00,-1.000000000000000000e+00,-1.000000000000000000e+00,-1.000000000000000000e+00,-1.000000000000000000e+00,-1.000000000000000000e+00,-1.000000000000000000e+00,-1.000000000000000000e+00,-1.000000000000000000e+00,-1.000000000000000000e+00,-1.000000000000000000e+00,-1.000000000000000000e+00,-1.000000000000000000e+00
-1.000000000000000000e+00,-1.000000000000000000e+00,-1.000000000000000000e+00,-1.000000000000000000e+00,-1.000000000000000000e+00,-1.000000000000000000e+00,-1.000000000000000000e+00,-1.000000000000000000e+00,-1.000000000000000000e+00,-1.000000000000000000e+00,-1.000000000000000000e+00,-1.000000000000000000e+00,-1.000000000000000000e+00,-1.000000000000000000e+00,-1.000000000000000000e+00,-1.000000000000000000e+00,-1.000000000000000000e+00,-1.000000000000000000e+00,-1.000000000000000000e+00,-1.000000000000000000e+00,-1.000000000000000000e+00,-1.000000000000000000e+00,-1.000000000000000000e+00,-1.000000000000000000e+00,-1.000000000000000000e+00,-1.000000000000000000e+00,-1.000000000000000000e+00,-1.000000000000000000e+00,-1.000000000000000000e+00,-1.000000000000000000e+00,-1.000000000000000000e+00,-1.000000000000000000e+00,-1.000000000000000000e+00,-1.000000000000000000e+00,-1.000000000000000000e+00,-1.000000000000000000e+00,-1.000000000000000000e+00,-1.000000000000000000e+00,-1.000000000000000000e+00,-1.000000000000000000e+00,-1.000000000000000000e+00,-1.000000000000000000e+00,-1.000000000000000000e+00,-1.000000000000000000e+00,-1.000000000000000000e+00,-1.000000000000000000e+00,1.553420504317213968e+01,-1.097930925362876398e+00,-1.092726617211549289e+00,-9.174756966059592900e-01,-6.958310054741684292e-01,-4.599005159138338517e-01,-2.412725833872932935e-01,-7.265208473563100622e-02,2.096007233299257422e-02,3.004020595936540694e-02,-3.853353717057439454e-02,-1.679140577017048663e-01,-3.398793564786001253e-01,-5.395255129808316230e-01,-7.549068351884016259e-01,-9.701445580862827489e-01,-1.161390970382093268e+00,-1.316803532003414601e+00,-1.439103456891316579e+00,-1.532249491653029150e+00,-1.598150331278759939e+00,-1.641921265276252040e+00,-1.667857039861758262e+00,-1.680306939753803963e+00,-1.684472404078977359e+00,-1.686697463383344697e+00,-1.686697463377788253e+00,-1.684472404069353946e+00,-1.680306939738390959e+00,-1.667857039839458988e+00,-1.641921265245278150e+00,-1.598150331234193366e+00,-1.532249491591169299e+00,-1.439103456811030135e+00,-1.316803531902174917e+00,-1.161390970255866240e+00,-9.701445579325639335e-01,-7.549068349929705102e-01,-5.395255127240663473e-01,-3.398793561907522687e-01,-1.679140573703266082e-01,-3.853353681817073273e-02,3.004020635242987680e-02,2.096007274271638465e-02,-7.265208424364089090e-02,-2.412725828422429553e-01,-4.599005152941257890e-01,-6.958310048446827434e-01,-9.174756959694850833e-01,-1.092726616493415515e+00,-1.097930924778762973e+00,1.553420505262765161e+01,-1.000000000000000000e+00,-1.000000000000000000e+00,-1.000000000000000000e+00,-1.000000000000000000e+00,-1.000000000000000000e+00,-1.000000000000000000e+00,-1.000000000000000000e+00,-1.000000000000000000e+00,-1.000000000000000000e+00,-1.000000000000000000e+00,-1.000000000000000000e+00,-1.000000000000000000e+00,-1.000000000000000000e+00,-1.000000000000000000e+00,-1.000000000000000000e+00,-1.000000000000000000e+00,-1.000000000000000000e+00,-1.000000000000000000e+00,-1.000000000000000000e+00,-1.000000000000000000e+00,-1.000000000000000000e+00,-1.000000000000000000e+00,-1.000000000000000000e+00,-1.000000000000000000e+00,-1.000000000000000000e+00,-1.000000000000000000e+00,-1.000000000000000000e+00,-1.000000000000000000e+00,-1.000000000000000000e+00,-1.000000000000000000e+00,-1.000000000000000000e+00,-1.000000000000000000e+00,-1.000000000000000000e+00,-1.000000000000000000e+00,-1.000000000000000000e+00,-1.000000000000000000e+00,-1.000000000000000000e+00,-1.000000000000000000e+00,-1.000000000000000000e+00,-1.000000000000000000e+00,-1.000000000000000000e+00,-1.000000000000000000e+00,-1.000000000000000000e+00,-1.000000000000000000e+00,-1.000000000000000000e+00,-1.000000000000000000e+00
-1.000000000000000000e+00,-1.000000000000000000e+00,-1.000000000000000000e+00,-1.000000000000000000e+00,-1.000000000000000000e+00,-1.000000000000000000e+00,-1.000000000000000000e+00,-1.000000000000000000e+00,-1.000000000000000000e+00,-1.000000000000000000e+00,-1.000000000000000000e+00,-1.000000000000000000e+00,-1.000000000000000000e+00,-1.000000000000000000e+00,-1.000000000000000000e+00,-1.000000000000000000e+00,-1.000000000000000000e+00,-1.000000000000000000e+00,-1.000000000000000000e+00,-1.000000000000000000e+00,-1.000000000000000000e+00,-1.000000000000000000e+00,-1.000000000000000000e+00,-1.000000000000000000e+00,-1.000000000000000000e+00,-1.000000000000000000e+00,-1.000000000000000000e+00,-1.000000000000000000e+00,-1.000000000000000000e+00,-1.000000000000000000e+00,-1.000000000000000000e+00,-1.000000000000000000e+00,-1.000000000000000000e+00,-1.000000000000000000e+00,-1.000000000000000000e+00,-1.000000000000000000e+00,-1.000000000000000000e+00,-1.000000000000000000e+00,-1.000000000000000000e+00,-1.000000000000000000e+00,-1.000000000000000000e+00,-1.000000000000000000e+00,-1.000000000000000000e+00,-1.000000000000000000e+00,-1.000000000000000000e+00,-1.000000000000000000e+00,1.383977148154408887e+01,-7.446232007557420651e-01,-1.063251040039591810e+00,-9.974025540310670346e-01,-8.629331954491012979e-01,-7.029745795307831280e-01,-5.397847540688902601e-01,-3.969857114147162802e-01,-2.971769465436507884e-01,-2.554163244641074471e-01,-2.752315936228816318e-01,-3.502066553653746528e-01,-4.694489618501715977e-01,-6.222094975902960901e-01,-7.989018850866844712e-01,-9.848679945245385481e-01,-1.155378487461983017e+00,-1.295566755975663398e+00,-1.405387591391145108e+00,-1.486958270824543460e+00,-1.543081639699902974e+00,-1.577430321351213749e+00,-1.593930817268720102e+00,-1.597291175231209337e+00,-1.593859755881181117e+00,-1.591778162459645873e+00,-1.591778162456625179e+00,-1.593859755874069695e+00,-1.597291175215058034e+00,-1.593930817241674180e+00,-1.577430321307010219e+00,-1.543081639636981972e+00,-1.486958270735185828e+00,-1.405387591277791559e+00,-1.295566755838391204e+00,-1.155378487297731960e+00,-9.848679943317056873e-01,-7.989018848625482061e-01,-6.222094973172603849e-01,-4.694489615528327775e-01,-3.502066550006535106e-01,-2.752315932285784861e-01,-2.554163240032378823e-01,-2.971769460359735548e-01,-3.969857108231709120e-01,-5.397847534321096319e-01,-7.029745788560513020e-01,-8.629331947586496021e-01,-9.974025533032632174e-01,-1.063251039226096539e+00,-7.446231996555860988e-01,1.383977149109881566e+01,-1.000000000000000000e+00,-1.000000000000000000e+00,-1.000000000000000000e+00,-1.000000000000000000e+00,-1.000000000000000000e+00,-1.000000000000000000e+00,-1.000000000000000000e+00,-1.000000000000000000e+00,-1.000000000000000000e+00,-1.000000000000000000e+00,-1.000000000000000000e+00,-1.000000000000000000e+00,-1.000000000000000000e+00,-1.000000000000000000e+00,-1.000000000000000000e+00,-1.000000000000000000e+00,-1.000000000000000000e+00,-1.000000000000000000e+00,-1.000000000000000000e+00,-1.000000000000000000e+00,-1.000000000000000000e+00,-1.000000000000000000e+00,-1.000000000000000000e+00,-1.000000000000000000e+00,-1.000000000000000000e+00,-1.000000000000000000e+00,-1.000000000000000000e+00,-1.000000000000000000e+00,-1.000000000000000000e+00,-1.000000000000000000e+00,-1.000000000000000000e+00,-1.000000000000000000e+00,-1.000000000000000000e+00,-1.000000000000000000e+00,-1.000000000000000000e+00,-1.000000000000000000e+00,-1.000000000000000000e+00,-1.000000000000000000e+00,-1.000000000000000000e+00,-1.000000000000000000e+00,-1.000000000000000000e+00,-1.000000000000000000e+00,-1.000000000000000000e+00,-1.000000000000000000e+00,-1.000000000000000000e+00,-1.000000000000000000e+00
-1.000000000000000000e+00,-1.000000000000000000e+00,-1.000000000000000000e+00,-1.000000000000000000e+00,-1.000000000000000000e+00,-1.000000000000000000e+00,-1.000000000000000000e+00,-1.000000000000000000e+00,-1.000000000000000000e+00,-1.000000000000000000e+00,-1.000000000000000000e+00,-1.000000000000000000e+00,-1.000000000000000000e+00,-1.000000000000000000e+00,-1.000000000000000000e+00,-1.000000000000000000e+00,-1.000000000000000000e+00,-1.000000000000000000e+00,-1.000000000000000000e+00,-1.000000000000000000e+00,-1.000000000000000000e+00,-1.000000000000000000e+00,-1.000000000000000000e+00,-1.000000000000000000e+00,-1.000000000000000000e+00,-1.000000000000000000e+00,-1.000000000000000000e+00,-1.000000000000000000e+00,-1.000000000000000000e+00,-1.000000000000000000e+00,-1.000000000000000000e+00,-1.000000000000000000e+00,-1.000000000000000000e+00,-1.000000000000000000e+00,-1.000000000000000000e+00,-1.000000000000000000e+00,-1.000000000000000000e+00,-1.000000000000000000e+00,-1.000000000000000000e+00,-1.000000000000000000e+00,-1.000000000000000000e+00,-1.000000000000000000e+00,-1.000000000000000000e+00,-1.000000000000000000e+00,-1.000000000000000000e+00,-1.000000000000000000e+00,1.030958456071128637e+01,-3.401189870565757278e-02,-9.526303187018675400e-01,-1.016878176889221219e+00,-9.532871721859383918e-01,-8.549272130790980251e-01,-7.446560255778986726e-01,-6.384101320510824351e-01,-5.524475079576587344e-01,-5.007811305117476630e-01,-4.915432824426396730e-01,-5.258863715947006412e-01,-6.000281630091491847e-01,-7.082174709007462710e-01,-8.441682598597508580e-01,-9.961055153423986619e-01,-1.141609384301156771e+00,-1.264350039439081863e+00,-1.360969355637862144e+00,-1.431455382131641363e+00,-1.477320869050117835e+00,-1.501199434813154987e+00,-1.506817224580738301e+00,-1.499478739037542141e+00,-1.486989477972842311e+00,-1.479689887352980238e+00,-1.479689887352137134e+00,-1.486989477967327167e+00,-1.499478739021138374e+00,-1.506817224547495560e+00,-1.501199434752852113e+00,-1.477320868961967237e+00,-1.431455382009601207e+00,-1.360969355488251598e+00,-1.264350039261202374e+00,-1.141609384089604218e+00,-9.961055150995578034e-01,-8.441682595943886813e-01,-7.082174705906760792e-01,-6.000281626705733506e-01,-5.258863711919098405e-01,-4.915432819948808429e-01,-5.007811299755990930e-01,-5.524475073551798898e-01,-6.384101313852816872e-01,-7.446560248692715156e-01,-8.549272123425039061e-01,-9.532871713990808127e-01,-1.016878176039445414e+00,-9.526303177560393465e-01,-3.401189690607187011e-02,1.030958456868519413e+01,-1.000000000000000000e+00,-1.000000000000000000e+00,-1.000000000000000000e+00,-1.000000000000000000e+00,-1.000000000000000000e+00,-1.000000000000000000e+00,-1.000000000000000000e+00,-1.000000000000000000e+00,-1.000000000000000000e+00,-1.000000000000000000e+00,-1.000000000000000000e+00,-1.000000000000000000e+00,-1.000000000000000000e+00,-1.000000000000000000e+00,-1.000000000000000000e+00,-1.000000000000000000e+00,-1.000000000000000000e+00,-1.000000000000000000e+00,-1.000000000000000000e+00,-1.000000000000000000e+00,-1.000000000000000000e+00,-1.000000000000000000e+00,-1.000000000000000000e+00,-1.000000000000000000e+00,-1.000000000000000000e+00,-1.000000000000000000e+00,-1.000000000000000000e+00,-1.000000000000000000e+00,-1.000000000000000000e+00,-1.000000000000000000e+00,-1.000000000000000000e+00,-1.000000000000000000e+00,-1.000000000000000000e+00,-1.000000000000000000e+00,-1.000000000000000000e+00,-1.000000000000000000e+00,-1.000000000000000000e+00,-1.000000000000000000e+00,-1.000000000000000000e+00,-1.000000000000000000e+00,-1.000000000000000000e+00,-1.000000000000000000e+00,-1.000000000000000000e+00,-1.000000000000000000e+00,-1.000000000000000000e+00,-1.000000000000000000e+00
-1.000000000000000000e+00,-1.000000000000000000e+00,-1.000000000000000000e+00,-1.000000000000000000e+00,-1.000000000000000000e+00,-1.000000000000000000e+00,-1.000000000000000000e+00,-1.000000000000000000e+00,-1.000000000000000000e+00,-1.000000000000000000e+00,-1.000000000000000000e+00,-1.000000000000000000e+00,-1.000000000000000000e+00,-1.000000000000000000e+00,-1.000000000000000000e+00,-1.000000000000000000e+00,-1.000000000000000000e+00,-1.000000000000000000e+00,-1.000000000000000000e+00,-1.000000000000000000e+00,-1.000000000000000000e+00,-1.000000000000000000e+00,-1.000000000000000000e+00,-1.000000000000000000e+00,-1.000000000000000000e+00,-1.000000000000000000e+00,-1.000000000000000000e+00,-1.000000000000000000e+00,-1.000000000000000000e+00,-1.000000000000000000e+00,-1.000000000000000000e+00,-1.000000000000000000e+00,-1.000000000000000000e+00,-1.000000000000000000e+00,-1.000000000000000000e+00,-1.000000000000000000e+00,-1.000000000000000000e+00,-1.000000000000000000e+00,-1.000000000000000000e+00,-1.000000000000000000e+00,-1.000000000000000000e+00,-1.000000000000000000e+00,-1.000000000000000000e+00,-1.000000000000000000e+00,-1.000000000000000000e+00,-1.000000000000000000e+00,7.017727377402495748e+00,2.916020500199691945e-01,-8.292726407273818268e-01,-1.007289735915301687e+00,-1.000411266386209919e+00,-9.462803222336049203e-01,-8.760204479359966490e-01,-8.024540755545100934e-01,-7.364681886557231660e-01,-6.885737869160718505e-01,-6.670724234480523984e-01,-6.764969052896583346e-01,-7.177138285087519831e-01,-7.891947187088907967e-01,-8.880597182386720245e-01,-1.006181021440124779e+00,-1.124964999599580517e+00,-1.228278877658842916e+00,-1.310218794979270518e+00,-1.368600130479321830e+00,-1.403240923777513416e+00,-1.415641953008865528e+00,-1.409190424430005306e+00,-1.389809928330888233e+00,-1.367004002273241703e+00,-1.353691042226569330e+00,-1.353691042225780405e+00,-1.367004002264705420e+00,-1.389809928309023279e+00,-1.409190424384658691e+00,-1.415641952932743086e+00,-1.403240923668183315e+00,-1.368600130334740150e+00,-1.310218794799809849e+00,-1.228278877445561967e+00,-1.124964999350295036e+00,-1.006181021159154643e+00,-8.880597179292887278e-01,-7.891947183479480765e-01,-7.177138281152989352e-01,-6.764969048438557175e-01,-6.670724229377598125e-01,-6.885737863246523816e-01,-7.364681879980508050e-01,-8.024540748396933321e-01,-8.760204471580733676e-01,-9.462803214125802276e-01,-1.000411265494031809e+00,-1.007289734944387893e+00,-8.292726395541225592e-01,2.916020520068094424e-01,7.017727383411093811e+00,-1.000000000000000000e+00,-1.000000000000000000e+00,-1.000000000000000000e+00,-1.000000000000000000e+00,-1.000000000000000000e+00,-1.000000000000000000e+00,-1.000000000000000000e+00,-1.000000000000000000e+00,-1.000000000000000000e+00,-1.000000000000000000e+00,-1.000000000000000000e+00,-1.000000000000000000e+00,-1.000000000000000000e+00,-1.000000000000000000e+00,-1.000000000000000000e+00,-1.000000000000000000e+00,-1.000000000000000000e+00,-1.000000000000000000e+00,-1.000000000000000000e+00,-1.000000000000000000e+00,-1.000000000000000000e+00,-1.000000000000000000e+00,-1.000000000000000000e+00,-1.000000000000000000e+00,-1.000000000000000000e+00,-1.000000000000000000e+00,-1.000000000000000000e+00,-1.000000000000000000e+00,-1.000000000000000000e+00,-1.000000000000000000e+00,-1.000000000000000000e+00,-1.000000000000000000e+00,-1.000000000000000000e+00,-1.000000000000000000e+00,-1.000000000000000000e+00,-1.000000000000000000e+00,-1.000000000000000000e+00,-1.000000000000000000e+00,-1.000000000000000000e+00,-1.000000000000000000e+00,-1.000000000000000000e+00,-1.000000000000000000e+00,-1.000000000000000000e+00,-1.000000000000000000e+00,-1.000000000000000000e+00,-1.000000000000000000e+00
-1.000000000000000000e+00,-1.000000000000000000e+00,-1.000000000000000000e+00,-1.000000000000000000e+00,-1.000000000000000000e+00,-1.000000000000000000e+00,-1.000000000000000000e+00,-1.000000000000000000e+00,-1.000000000000000000e+00,-1.000000000000000000e+00,-1.000000000000000000e+00,-1.000000000000000000e+00,-1.000000000000000000e+00,-1.000000000000000000e+00,-1.000000000000000000e+00,-1.000000000000000000e+00,-1.000000000000000000e+00,-1.000000000000000000e+00,-1.000000000000000000e+00,-1.000000000000000000e+00,-1.000000000000000000e+00,-1.000000000000000000e+00,-1.000000000000000000e+00,-1.000000000000000000e+00,-1.000000000000000000e+00,-1.000000000000000000e+00,-1.000000000000000000e+00,-1.000000000000000000e+00,-1.000000000000000000e+00,-1.000000000000000000e+00,-1.000000000000000000e+00,-1.000000000000000000e+00,-1.000000000000000000e+00,-1.000000000000000000e+00,-1.000000000000000000e+00,-1.000000000000000000e+00,-1.000000000000000000e+00,-1.000000000000000000e+00,-1.000000000000000000e+00,-1.000000000000000000e+00,-1.000000000000000000e+00,-1.000000000000000000e+00,-1.000000000000000000e+00,-1.000000000000000000e+00,-1.000000000000000000e+00,-1.000000000000000000e+00,4.466162802407502852e+00,2.810710645207583624e-01,-7.493453165346047884e-01,-9.868645134049379708e-01,-1.020724678282078024e+00,-9.971605149946826119e-01,-9.544955735579495615e-01,-9.054999519693668342e-01,-8.579529463631239139e-01,-8.191047737026940778e-01,-7.956011864062723093e-01,-7.924698929230409306e-01,-8.126199659433106515e-01,-8.571133853020076465e-01,-9.256682292134179590e-01,-1.013488815758746497e+00,-1.106241969619353949e+00,-1.189379542369596532e+00,-1.255608439814070110e+00,-1.300978828097981488e+00,-1.323660362720469719e+00,-1.323914452742535719e+00,-1.304631629201014054e+00,-1.272307540017370231e+00,-1.238298726848981568e+00,-1.218394771685427758e+00,-1.218394771683195099e+00,-1.238298726832796959e+00,-1.272307539983973168e+00,-1.304631629139744398e+00,-1.323914452653215168e+00,-1.323660362597801843e+00,-1.300978827944196947e+00,-1.255608439619504413e+00,-1.189379542139944013e+00,-1.106241969348656040e+00,-1.013488815447043168e+00,-9.256682288618706123e-01,-8.571133849010912353e-01,-8.126199655008323752e-01,-7.924698924299165004e-01,-7.956011858447955554e-01,-8.191047730889968737e-01,-8.579529456833073775e-01,-9.054999512259104266e-01,-9.544955727393247269e-01,-9.971605141155198693e-01,-1.020724677326165564e+00,-9.868645123482632231e-01,-7.493453152540672235e-01,2.810710665258795427e-01,4.466162806903944293e+00,-1.000000000000000000e+00,-1.000000000000000000e+00,-1.000000000000000000e+00,-1.000000000000000000e+00,-1.000000000000000000e+00,-1.000000000000000000e+00,-1.000000000000000000e+00,-1.000000000000000000e+00,-1.000000000000000000e+00,-1.000000000000000000e+00,-1.000000000000000000e+00,-1.000000000000000000e+00,-1.000000000000000000e+00,-1.000000000000000000e+00,-1.000000000000000000e+00,-1.000000000000000000e+00,-1.000000000000000000e+00,-1.000000000000000000e+00,-1.000000000000000000e+00,-1.000000000000000000e+00,-1.000000000000000000e+00,-1.000000000000000000e+00,-1.000000000000000000e+00,-1.000000000000000000e+00,-1.000000000000000000e+00,-1.000000000000000000e+00,-1.000000000000000000e+00,-1.000000000000000000e+00,-1.000000000000000000e+00,-1.000000000000000000e+00,-1.000000000000000000e+00,-1.000000000000000000e+00,-1.000000000000000000e+00,-1.000000000000000000e+00,-1.000000000000000000e+00,-1.000000000000000000e+00,-1.000000000000000000e+00,-1.000000000000000000e+00,-1.000000000000000000e+00,-1.000000000000000000e+00,-1.000000000000000000e+00,-1.000000000000000000e+00,-1.000000000000000000e+00,-1.000000000000000000e+00,-1.000000000000000000e+00,-1.000000000000000000e+00
-1.000000000000000000e+00,-1.000000000000000000e+00,-1.000000000000000000e+00,-1.000000000000000000e+00,-1.000000000000000000e+00,-1.000000000000000000e+00,-1.000000000000000000e+00,-1.000000000000000000e+00,-1.000000000000000000e+00,-1.000000000000000000e+00,-1.000000000000000000e+00,-1.000000000000000000e+00,-1.000000000000000000e+00,-1.000000000000000000e+00,-1.000000000000000000e+00,-1.000000000000000000e+00,-1.000000000000000000e+00,-1.000000000000000000e+00,-1.000000000000000000e+00,-1.000000000000000000e+00,-1.000000000000000000e+00,-1.000000000000000000e+00,-1.000000000000000000e+00,-1.000000000000000000e+00,-1.000000000000000000e+00,-1.000000000000000000e+00,-1.000000000000000000e+00,-1.000000000000000000e+00,-1.000000000000000000e+00,-1.000000000000000000e+00,-1.000000000000000000e+00,-1.000000000000000000e+00,-1.000000000000000000e+00,-1.000000000000000000e+00,-1.000000000000000000e+00,-1.000000000000000000e+00,-1.000000000000000000e+00,-1.000000000000000000e+00,-1.000000000000000000e+00,-1.000000000000000000e+00,-1.000000000000000000e+00,-1.000000000000000000e+00,-1.000000000000000000e+00,-1.000000000000000000e+00,-1.000000000000000000e+00,-1.000000000000000000e+00,2.651927505048317535e+00,1.010855811465445342e-01,-7.228696374410561454e-01,-9.660570795178334835e-01,-1.022686554066541742e+00,-1.019122878636808061e+00,-9.948625561039835530e-01,-9.631017142962785549e-01,-9.301078282631564109e-01,-9.008793137795011452e-01,-8.802098577534780421e-01,-8.723461515656625309e-01,-8.805345374532815850e-01,-9.069171931237279827e-01,-9.526831589030528846e-01,-1.015485976108486454e+00,-1.084884078477452496e+00,-1.148642995235918507e+00,-1.199127591041037277e+00,-1.231223398365169475e+00,-1.241711819916276660e+00,-1.229640107407728555e+00,-1.197308946678014685e+00,-1.151716859983451746e+00,-1.106129910698094632e+00,-1.079363589660747635e+00,-1.079363589652841071e+00,-1.106129910667521754e+00,-1.151716859936678494e+00,-1.197308946606536528e+00,-1.229640107312800268e+00,-1.241711819788033688e+00,-1.231223398208546538e+00,-1.199127590842893554e+00,-1.148642995006160739e+00,-1.084884078197141166e+00,-1.015485975778636751e+00,-9.526831585238584310e-01,-9.069171926952533935e-01,-8.805345369712612724e-01,-8.723461510386448792e-01,-8.802098571690996076e-01,-9.008793131538245236e-01,-9.301078275671031959e-01,-9.631017135391053419e-01,-9.948625552791340310e-01,-1.019122877735501698e+00,-1.022686553091005424e+00,-9.660570784204819406e-01,-7.228696361327296982e-01,1.010855830242758380e-01,2.651927508485002249e+00,-1.000000000000000000e+00,-1.000000000000000000e+00,-1.000000000000000000e+00,-1.000000000000000000e+00,-1.000000000000000000e+00,-1.000000000000000000e+00,-1.000000000000000000e+00,-1.000000000000000000e+00,-1.000000000000000000e+00,-1.000000000000000000e+00,-1.000000000000000000e+00,-1.000000000000000000e+00,-1.000000000000000000e+00,-1.000000000000000000e+00,-1.000000000000000000e+00,-1.000000000000000000e+00,-1.000000000000000000e+00,-1.000000000000000000e+00,-1.000000000000000000e+00,-1.000000000000000000e+00,-1.000000000000000000e+00,-1.000000000000000000e+00,-1.000000000000000000e+00,-1.000000000000000000e+00,-1.000000000000000000e+00,-1.000000000000000000e+00,-1.000000000000000000e+00,-1.000000000000000000e+00,-1.000000000000000000e+00,-1.000000000000000000e+00,-1.000000000000000000e+00,-1.000000000000000000e+00,-1.000000000000000000e+00,-1.000000000000000000e+00,-1.000000000000000000e+00,-1.000000000000000000e+00,-1.000000000000000000e+00,-1.000000000000000000e+00,-1.000000000000000000e+00,-1.000000000000000000e+00,-1.000000000000000000e+00,-1.000000000000000000e+00,-1.000000000000000000e+00,-1.000000000000000000e+00,-1.000000000000000000e+00,-1.000000000000000000e+00
-1.000000000000000000e+00,-1.000000000000000000e+00,-1.000000000000000000e+00,-1.000000000000000000e+00,-1.000000000000000000e+00,-1.000000000000000000e+00,-1.000000000000000000e+00,-1.000000000000000000e+00,-1.000000000000000000e+00,-1.000000000000000000e+00,-1.000000000000000000e+00,-1.000000000000000000e+00,-1.000000000000000000e+00,-1.000000000000000000e+00,-1.000000000000000000e+00,-1.000000000000000000e+00,-1.000000000000000000e+00,-1.000000000000000000e+00,-1.000000000000000000e+00,-1.000000000000000000e+00,-1.000000000000000000e+00,-1.000000000000000000e+00,-1.000000000000000000e+00,-1.000000000000000000e+00,-1.000000000000000000e+00,-1.000000000000000000e+00,-1.000000000000000000e+00,-1.000000000000000000e+00,-1.000000000000000000e+00,-1.000000000000000000e+00,-1.000000000000000000e+00,-1.000000000000000000e+00,-1.000000000000000000e+00,-1.000000000000000000e+00,-1.000000000000000000e+00,-1.000000000000000000e+00,-1.000000000000000000e+00,-1.000000000000000000e+00,-1.000000000000000000e+00,-1.000000000000000000e+00,-1.000000000000000000e+00,-1.000000000000000000e+00,-1.000000000000000000e+00,-1.000000000000000000e+00,-1.000000000000000000e+00,-1.000000000000000000e+00,1.419845821798245034e+00,-1.253798484271201330e-01,-7.339452418169036818e-01,-9.488641042478198617e-01,-1.012356095427499270e+00,-1.020316478519342818e+00,-1.007949956360909338e+00,-9.879380095609693324e-01,-9.656836757021419748e-01,-9.447706236141645286e-01,-9.285172609198905080e-01,-9.200997669109322041e-01,-9.223121254507040678e-01,-9.374102062630054188e-01,-9.671124367336716432e-01,-1.010555848522554978e+00,-1.060401185411105951e+00,-1.106838801885350998e+00,-1.142585992723540000e+00,-1.161927643960724676e+00,-1.160604679084525026e+00,-1.136592940141240238e+00,-1.091595096242989671e+00,-1.033046810934006965e+00,-9.760832873893645623e-01,-9.425359247742998159e-01,-9.425359247619626846e-01,-9.760832873500582263e-01,-1.033046810876939281e+00,-1.091595096163796130e+00,-1.136592940044587108e+00,-1.160604678960651892e+00,-1.161927643808631894e+00,-1.142585992526635508e+00,-1.106838801652525017e+00,-1.060401185121388590e+00,-1.010555848188263495e+00,-9.671124363464466134e-01,-9.374102058228422907e-01,-9.223121249513631659e-01,-9.200997663688006423e-01,-9.285172603215562370e-01,-9.447706229646049003e-01,-9.656836749924071484e-01,-9.879380087975000446e-01,-1.007949955538504749e+00,-1.020316477613138595e+00,-1.012356094453954247e+00,-9.488641031448147301e-01,-7.339452405130633128e-01,-1.253798467018405471e-01,1.419845824527920186e+00,-1.000000000000000000e+00,-1.000000000000000000e+00,-1.000000000000000000e+00,-1.000000000000000000e+00,-1.000000000000000000e+00,-1.000000000000000000e+00,-1.000000000000000000e+00,-1.000000000000000000e+00,-1.000000000000000000e+00,-1.000000000000000000e+00,-1.000000000000000000e+00,-1.000000000000000000e+00,-1.000000000000000000e+00,-1.000000000000000000e+00,-1.000000000000000000e+00,-1.000000000000000000e+00,-1.000000000000000000e+00,-1.000000000000000000e+00,-1.000000000000000000e+00,-1.000000000000000000e+00,-1.000000000000000000e+00,-1.000000000000000000e+00,-1.000000000000000000e+00,-1.000000000000000000e+00,-1.000000000000000000e+00,-1.000000000000000000e+00,-1.000000000000000000e+00,-1.000000000000000000e+00,-1.000000000000000000e+00,-1.000000000000000000e+00,-1.000000000000000000e+00,-1.000000000000000000e+00,-1.000000000000000000e+00,-1.000000000000000000e+00,-1.000000000000000000e+00,-1.000000000000000000e+00,-1.000000000000000000e+00,-1.000000000000000000e+00,-1.000000000000000000e+00,-1.000000000000000000e+00,-1.000000000000000000e+00,-1.000000000000000000e+00,-1.000000000000000000e+00,-1.000000000000000000e+00,-1.000000000000000000e+00,-1.000000000000000000e+00
-1.000000000000000000e+00,-1.000000000000000000e+00,-1.000000000000000000e+00,-1.000000000000000000e+00,-1.000000000000000000e+00,-1.000000000000000000e+00,-1.000000000000000000e+00,-1.000000000000000000e+00,-1.000000000000000000e+00,-1.000000000000000000e+00,-1.000000000000000000e+00,-1.000000000000000000e+00,-1.000000000000000000e+00,-1.000000000000000000e+00,-1.000000000000000000e+00,-1.000000000000000000e+00,-1.000000000000000000e+00,-1.000000000000000000e+00,-1.000000000000000000e+00,-1.000000000000000000e+00,-1.000000000000000000e+00,-1.000000000000000000e+00,-1.000000000000000000e+00,-1.000000000000000000e+00,-1.000000000000000000e+00,-1.000000000000000000e+00,-1.000000000000000000e+00,-1.000000000000000000e+00,-1.000000000000000000e+00,-1.000000000000000000e+00,-1.000000000000000000e+00,-1.000000000000000000e+00,-1.000000000000000000e+00,-1.000000000000000000e+00,-1.000000000000000000e+00,-1.000000000000000000e+00,-1.000000000000000000e+00,-1.000000000000000000e+00,-1.000000000000000000e+00,-1.000000000000000000e+00,-1.000000000000000000e+00,-1.000000000000000000e+00,-1.000000000000000000e+00,-1.000000000000000000e+00,-1.000000000000000000e+00,-1.000000000000000000e+00,6.029036595846835045e-01,-3.344639138087670549e-01,-7.623599784910071175e-01,-9.351722230577651507e-01,-9.946242281570948363e-01,-1.007675826425862065e+00,-1.002555786945450000e+00,-9.903747834389885485e-01,-9.757669899894518828e-01,-9.613949790569796816e-01,-9.495281120624060600e-01,-9.423924204099781710e-01,-9.421091390159122003e-01,-9.505903151777911342e-01,-9.694990921242879756e-01,-9.986900227917130390e-01,-1.033061434664026335e+00,-1.064947532686031151e+00,-1.087744120412358129e+00,-1.095542313978298044e+00,-1.083374898948595622e+00,-1.048348582023549191e+00,-9.916283883124209497e-01,-9.210339894376390335e-01,-8.534450749136692771e-01,-8.135386746722375051e-01,-8.135386746574333472e-01,-8.534450748725391778e-01,-9.210339893723250571e-01,-9.916283882262010296e-01,-1.048348581920450995e+00,-1.083374898820011589e+00,-1.095542313817503333e+00,-1.087744120205689002e+00,-1.064947532436628208e+00,-1.033061434357410269e+00,-9.986900224421582095e-01,-9.694990917227040983e-01,-9.505903147311899337e-01,-9.421091385195085044e-01,-9.423924198640408756e-01,-9.495281114524928290e-01,-9.613949783825458395e-01,-9.757669892665942202e-01,-9.903747826589258674e-01,-1.002555786118684900e+00,-1.007675825532468927e+00,-9.946242271943138702e-01,-9.351722219712460538e-01,-7.623599772064639790e-01,-3.344639122220466332e-01,6.029036617835534795e-01,-1.000000000000000000e+00,-1.000000000000000000e+00,-1.000000000000000000e+00,-1.000000000000000000e+00,-1.000000000000000000e+00,-1.000000000000000000e+00,-1.000000000000000000e+00,-1.000000000000000000e+00,-1.000000000000000000e+00,-1.000000000000000000e+00,-1.000000000000000000e+00,-1.000000000000000000e+00,-1.000000000000000000e+00,-1.000000000000000000e+00,-1.000000000000000000e+00,-1.000000000000000000e+00,-1.000000000000000000e+00,-1.000000000000000000e+00,-1.000000000000000000e+00,-1.000000000000000000e+00,-1.000000000000000000e+00,-1.000000000000000000e+00,-1.000000000000000000e+00,-1.000000000000000000e+00,-1.000000000000000000e+00,-1.000000000000000000e+00,-1.000000000000000000e+00,-1.000000000000000000e+00,-1.000000000000000000e+00,-1.000000000000000000e+00,-1.000000000000000000e+00,-1.000000000000000000e+00,-1.000000000000000000e+00,-1.000000000000000000e+00,-1.000000000000000000e+00,-1.000000000000000000e+00,-1.000000000000000000e+00,-1.000000000000000000e+00,-1.000000000000000000e+00,-1.000000000000000000e+00,-1.000000000000000000e+00,-1.000000000000000000e+00,-1.000000000000000000e+00,-1.000000000000000000e+00,-1.000000000000000000e+00,-1.000000000000000000e+00
-1.000000000000000000e+00,-1.000000000000000000e+00,-1.000000000000000000e+00,-1.000000000000000000e+00,-1.000000000000000000e+00,-1.000000000000000000e+00,-1.000000000000000000e+00,-1.000000000000000000e+00,-1.000000000000000000e+00,-1.000000000000000000e+00,-1.000000000000000000e+00,-1.000000000000000000e+00,-1.000000000000000000e+00,-1.000000000000000000e+00,-1.000000000000000000e+00,-1.000000000000000000e+00,-1.000000000000000000e+00,-1.000000000000000000e+00,-1.000000000000000000e+00,-1.000000000000000000e+00,-1.000000000000000000e+00,-1.000000000000000000e+00,-1.000000000000000000e+00,-1.000000000000000000e+00,-1.000000000000000000e+00,-1.000000000000000000e+00,-1.000000000000000000e+00,-1.000000000000000000e+00,-1.000000000000000000e+00,-1.000000000000000000e+00,-1.000000000000000000e+00,-1.000000000000000000e+00,-1.000000000000000000e+00,-1.000000000000000000e+00,-1.000000000000000000e+00,-1.000000000000000000e+00,-1.000000000000000000e+00,-1.000000000000000000e+00,-1.000000000000000000e+00,-1.000000000000000000e+00,-1.000000000000000000e+00,-1.000000000000000000e+00,-1.000000000000000000e+00,-1.000000000000000000e+00,-1.000000000000000000e+00,-1.000000000000000000e+00,6.818616575037217409e-02,-5.023948372744141411e-01,-7.933685300283416231e-01,-9.234131145568419408e-01,-9.732216727068601081e-01,-9.870830003238549866e-01,-9.859728408937709077e-01,-9.788585688616981972e-01,-9.695452899841326966e-01,-9.600316305452466503e-01,-9.518637207964825153e-01,-9.465408577974526727e-01,-9.455547377830721967e-01,-9.503407984369851569e-01,-9.622348157070846897e-01,-9.813173799523139396e-01,-1.003984584303615257e+00,-1.024272226177405765e+00,-1.036313066089607160e+00,-1.034236173253533009e+00,-1.012626633920552743e+00,-9.679296925324900602e-01,-9.008704751991508664e-01,-8.196096049322678656e-01,-7.425824061544670229e-01,-6.970121154434740784e-01,-6.970121154239034000e-01,-7.425824061100736451e-01,-8.196096048585401750e-01,-9.008704751070486516e-01,-9.679296924139656477e-01,-1.012626633769041051e+00,-1.034236173063932895e+00,-1.036313065856734106e+00,-1.024272225896122990e+00,-1.003984583971595290e+00,-9.813173795729089877e-01,-9.622348152861875947e-01,-9.503407979827448449e-01,-9.455547372870863887e-01,-9.465408572451249336e-01,-9.518637201826898320e-01,-9.600316298606214049e-01,-9.695452892481591922e-01,-9.788585680635525366e-01,-9.859728400586755814e-01,-9.870829994436812749e-01,-9.732216717425034025e-01,-9.234131134957478393e-01,-7.933685287929739260e-01,-5.023948358146462789e-01,6.818616754880069131e-02,-1.000000000000000000e+00,-1.000000000000000000e+00,-1.000000000000000000e+00,-1.000000000000000000e+00,-1.000000000000000000e+00,-1.000000000000000000e+00,-1.000000000000000000e+00,-1.000000000000000000e+00,-1.000000000000000000e+00,-1.000000000000000000e+00,-1.000000000000000000e+00,-1.000000000000000000e+00,-1.000000000000000000e+00,-1.000000000000000000e+00,-1.000000000000000000e+00,-1.000000000000000000e+00,-1.000000000000000000e+00,-1.000000000000000000e+00,-1.000000000000000000e+00,-1.000000000000000000e+00,-1.000000000000000000e+00,-1.000000000000000000e+00,-1.000000000000000000e+00,-1.000000000000000000e+00,-1.000000000000000000e+00,-1.000000000000000000e+00,-1.000000000000000000e+00,-1.000000000000000000e+00,-1.000000000000000000e+00,-1.000000000000000000e+00,-1.000000000000000000e+00,-1.000000000000000000e+00,-1.000000000000000000e+00,-1.000000000000000000e+00,-1.000000000000000000e+00,-1.000000000000000000e+00,-1.000000000000000000e+00,-1.000000000000000000e+00,-1.000000000000000000e+00,-1.000000000000000000e+00,-1.000000000000000000e+00,-1.000000000000000000e+00,-1.000000000000000000e+00,-1.000000000000000000e+00,-1.000000000000000000e+00,-1.000000000000000000e+00
-1.000000000000000000e+00,-1.000000000000000000e+00,-1.000000000000000000e+00,-1.000000000000000000e+00,-1.000000000000000000e+00,-1.000000000000000000e+00,-1.000000000000000000e+00,-1.000000000000000000e+00,-1.000000000000000000e+00,-1.000000000000000000e+00,-1.000000000000000000e+00,-1.000000000000000000e+00,-1.000000000000000000e+00,-1.000000000000000000e+00,-1.000000000000000000e+00,-1.000000000000000000e+00,-1.000000000000000000e+00,-1.000000000000000000e+00,-1.000000000000000000e+00,-1.000000000000000000e+00,-1.000000000000000000e+00,-1.000000000000000000e+00,-1.000000000000000000e+00,-1.000000000000000000e+00,-1.000000000000000000e+00,-1.000000000000000000e+00,-1.000000000000000000e+00,-1.000000000000000000e+00,-1.000000000000000000e+00,-1.000000000000000000e+00,-1.000000000000000000e+00,-1.000000000000000000e+00,-1.000000000000000000e+00,-1.000000000000000000e+00,-1.000000000000000000e+00,-1.000000000000000000e+00,-1.000000000000000000e+00,-1.000000000000000000e+00,-1.000000000000000000e+00,-1.000000000000000000e+00,-1.000000000000000000e+00,-1.000000000000000000e+00,-1.000000000000000000e+00,-1.000000000000000000e+00,-1.000000000000000000e+00,-1.000000000000000000e+00,-2.784643208308332785e-01,-6.263208851595541971e-01,-8.191775762662247828e-01,-9.122530676425321117e-01,-9.508229849567427783e-01,-9.631371182146207799e-01,-9.639344070932925890e-01,-9.599813670948011968e-01,-9.542367474137072314e-01,-9.481800139589970922e-01,-9.428577945323296516e-01,-9.392510040566162122e-01,-9.383518258546721391e-01,-9.411475053828365356e-01,-9.485765078064639644e-01,-9.606861515593025924e-01,-9.748209107291185838e-01,-9.862697151674210128e-01,-9.898140623351409095e-01,-9.797169825456377712e-01,-9.502931854968793557e-01,-8.975071165625227998e-01,-8.217502344042124651e-01,-7.314846312734692990e-01,-6.464726905361226628e-01,-5.961030805615454842e-01,-5.961030805421890788e-01,-6.464726904974951172e-01,-7.314846311933703715e-01,-8.217502342950713246e-01,-8.975071164150715264e-01,-9.502931853185583311e-01,-9.797169823306594028e-01,-9.898140620794761979e-01,-9.862697148543341230e-01,-9.748209103741655168e-01,-9.606861511542810206e-01,-9.485765073768946953e-01,-9.411475049240113355e-01,-9.383518253587136426e-01,-9.392510035094069343e-01,-9.428577939310621714e-01,-9.481800132858089203e-01,-9.542367466792455177e-01,-9.599813663063363478e-01,-9.639344062543163671e-01,-9.631371173343826753e-01,-9.508229839863479027e-01,-9.122530666028322299e-01,-8.191775750967298375e-01,-6.263208838103723197e-01,-2.784643192944263879e-01,-1.000000000000000000e+00,-1.000000000000000000e+00,-1.000000000000000000e+00,-1.000000000000000000e+00,-1.000000000000000000e+00,-1.000000000000000000e+00,-1.000000000000000000e+00,-1.000000000000000000e+00,-1.000000000000000000e+00,-1.000000000000000000e+00,-1.000000000000000000e+00,-1.000000000000000000e+00,-1.000000000000000000e+00,-1.000000000000000000e+00,-1.000000000000000000e+00,-1.000000000000000000e+00,-1.000000000000000000e+00,-1.000000000000000000e+00,-1.000000000000000000e+00,-1.000000000000000000e+00,-1.000000000000000000e+00,-1.000000000000000000e+00,-1.000000000000000000e+00,-1.000000000000000000e+00,-1.000000000000000000e+00,-1.000000000000000000e+00,-1.000000000000000000e+00,-1.000000000000000000e+00,-1.000000000000000000e+00,-1.000000000000000000e+00,-1.000000000000000000e+00,-1.000000000000000000e+00,-1.000000000000000000e+00,-1.000000000000000000e+00,-1.000000000000000000e+00,-1.000000000000000000e+00,-1.000000000000000000e+00,-1.000000000000000000e+00,-1.000000000000000000e+00,-1.000000000000000000e+00,-1.000000000000000000e+00,-1.000000000000000000e+00,-1.000000000000000000e+00,-1.000000000000000000e+00,-1.000000000000000000e+00,-1.000000000000000000e+00
-1.000000000000000000e+00,-1.000000000000000000e+00,-1.000000000000000000e+00,-1.000000000000000000e+00,-1.000000000000000000e+00,-1.000000000000000000e+00,-1.000000000000000000e+00,-1.000000000000000000e+00,-1.000000000000000000e+00,-1.000000000000000000e+00,-1.000000000000000000e+00,-1.000000000000000000e+00,-1.000000000000000000e+00,-1.000000000000000000e+00,-1.000000000000000000e+00,-1.000000000000000000e+00,-1.000000000000000000e+00,-1.000000000000000000e+00,-1.000000000000000000e+00,-1.000000000000000000e+00,-1.000000000000000000e+00,-1.000000000000000000e+00,-1.000000000000000000e+00,-1.000000000000000000e+00,-1.000000000000000000e+00,-1.000000000000000000e+00,-1.000000000000000000e+00,-1.000000000000000000e+00,-1.000000000000000000e+00,-1.000000000000000000e+00,-1.000000000000000000e+00,-1.000000000000000000e+00,-1.000000000000000000e+00,-1.000000000000000000e+00,-1.000000000000000000e+00,-1.000000000000000000e+00,-1.000000000000000000e+00,-1.000000000000000000e+00,-1.000000000000000000e+00,-1.000000000000000000e+00,-1.000000000000000000e+00,-1.000000000000000000e+00,-1.000000000000000000e+00,-1.000000000000000000e+00,-1.000000000000000000e+00,-1.000000000000000000e+00,-5.006760781445738218e-01,-7.122039023993367302e-01,-8.371955819968599499e-01,-9.011570858241452209e-01,-9.292761481977217519e-01,-9.391112833625846479e-01,-9.405852353930609366e-01,-9.385313598465704343e-01,-9.351308887764888667e-01,-9.314481525136925066e-01,-9.281824277109409493e-01,-9.259590333457651257e-01,-9.254067104199683591e-01,-9.271521567668888908e-01,-9.317705916059784155e-01,-9.391718910284213573e-01,-9.472770410067560265e-01,-9.522484500050064637e-01,-9.493740606996269316e-01,-9.330648730816136771e-01,-8.974741929322288536e-01,-8.382279368622445048e-01,-7.554798000441684813e-01,-6.579527840623972113e-01,-5.664935012887870602e-01,-5.122458034758794465e-01,-5.122458034547558992e-01,-5.664935012475578180e-01,-6.579527839713178450e-01,-7.554797999154599930e-01,-8.382279366901818074e-01,-8.974741927290269539e-01,-9.330648728384421942e-01,-9.493740604251516002e-01,-9.522484496759544559e-01,-9.472770406476529459e-01,-9.391718906163140090e-01,-9.317705911733885626e-01,-9.271521563019823331e-01,-9.254067099259272178e-01,-9.259590328157228933e-01,-9.281824271321106323e-01,-9.314481518781557723e-01,-9.351308880732650541e-01,-9.385313590963061392e-01,-9.405852345571532602e-01,-9.391112824752758659e-01,-9.292761472352627505e-01,-9.011570847900572945e-01,-8.371955808855759962e-01,-7.122039011662297803e-01,-5.006760767875060303e-01,-1.000000000000000000e+00,-1.000000000000000000e+00,-1.000000000000000000e+00,-1.000000000000000000e+00,-1.000000000000000000e+00,-1.000000000000000000e+00,-1.000000000000000000e+00,-1.000000000000000000e+00,-1.000000000000000000e+00,-1.000000000000000000e+00,-1.000000000000000000e+00,-1.000000000000000000e+00,-1.000000000000000000e+00,-1.000000000000000000e+00,-1.000000000000000000e+00,-1.000000000000000000e+00,-1.000000000000000000e+00,-1.000000000000000000e+00,-1.000000000000000000e+00,-1.000000000000000000e+00,-1.000000000000000000e+00,-1.000000000000000000e+00,-1.000000000000000000e+00,-1.000000000000000000e+00,-1.000000000000000000e+00,-1.000000000000000000e+00,-1.000000000000000000e+00,-1.000000000000000000e+00,-1.000000000000000000e+00,-1.000000000000000000e+00,-1.000000000000000000e+00,-1.000000000000000000e+00,-1.000000000000000000e+00,-1.000000000000000000e+00,-1.000000000000000000e+00,-1.000000000000000000e+00,-1.000000000000000000e+00,-1.000000000000000000e+00,-1.000000000000000000e+00,-1.000000000000000000e+00,-1.000000000000000000e+00,-1.000000000000000000e+00,-1.000000000000000000e+00,-1.000000000000000000e+00,-1.000000000000000000e+00,-1.000000000000000000e+00
-1.000000000000000000e+00,-1.000000000000000000e+00,-1.000000000000000000e+00,-1.000000000000000000e+00,-1.000000000000000000e+00,-1.000000000000000000e+00,-1.000000000000000000e+00,-1.000000000000000000e+00,-1.000000000000000000e+00,-1.000000000000000000e+00,-1.000000000000000000e+00,-1.000000000000000000e+00,-1.000000000000000000e+00,-1.000000000000000000e+00,-1.000000000000000000e+00,-1.000000000000000000e+00,-1.000000000000000000e+00,-1.000000000000000000e+00,-1.000000000000000000e+00,-1.000000000000000000e+00,-1.000000000000000000e+00,-1.000000000000000000e+00,-1.000000000000000000e+00,-1.000000000000000000e+00,-1.000000000000000000e+00,-1.000000000000000000e+00,-1.000000000000000000e+00,-1.000000000000000000e+00,-1.000000000000000000e+00,-1.000000000000000000e+00,-1.000000000000000000e+00,-1.000000000000000000e+00,-1.000000000000000000e+00,-1.000000000000000000e+00,-1.000000000000000000e+00,-1.000000000000000000e+00,-1.000000000000000000e+00,-1.000000000000000000e+00,-1.000000000000000000e+00,-1.000000000000000000e+00,-1.000000000000000000e+00,-1.000000000000000000e+00,-1.000000000000000000e+00,-1.000000000000000000e+00,-1.000000000000000000e+00,-1.000000000000000000e+00,-6.408833023671665075e-01,-7.685438293571602575e-01,-8.478176400106313126e-01,-8.902620440940954838e-01,-9.097892097442134007e-01,-9.170891483726338889e-01,-9.186142428059098641e-01,-9.176629603630980236e-01,-9.157672047430359674e-01,-9.136663690391998438e-01,-9.118185060656205376e-01,-9.106113909249127225e-01,-9.104234292567713327e-01,-9.116158826805855764e-01,-9.144740817919108089e-01,-9.187526486273203119e-01,-9.227128457962968655e-01,-9.231005105588524495e-01,-9.155678857314603070e-01,-8.946499375527888764e-01,-8.544012450229863109e-01,-7.902146024107531419e-01,-7.020830622067258941e-01,-5.989480180663466768e-01,-5.025058964607300727e-01,-4.452608469253188650e-01,-4.452608468980195910e-01,-5.025058964000200801e-01,-5.989480179546478045e-01,-7.020830620550158052e-01,-7.902146022166498529e-01,-8.544012447950161127e-01,-8.946499372835580166e-01,-9.155678854429929459e-01,-9.231005102198818202e-01,-9.227128454324875495e-01,-9.187526482143203443e-01,-9.144740813549129266e-01,-9.116158822117165217e-01,-9.104234287575084794e-01,-9.106113903984230928e-01,-9.118185054965213254e-01,-9.136663684465176072e-01,-9.157672040820432624e-01,-9.176629596516263643e-01,-9.186142419906520029e-01,-9.170891474842171043e-01,-9.097892087988567189e-01,-8.902620430663875650e-01,-8.478176389470598595e-01,-7.685438282429193357e-01,-6.408833011649522904e-01,-1.000000000000000000e+00,-1.000000000000000000e+00,-1.000000000000000000e+00,-1.000000000000000000e+00,-1.000000000000000000e+00,-1.000000000000000000e+00,-1.000000000000000000e+00,-1.000000000000000000e+00,-1.000000000000000000e+00,-1.000000000000000000e+00,-1.000000000000000000e+00,-1.000000000000000000e+00,-1.000000000000000000e+00,-1.000000000000000000e+00,-1.000000000000000000e+00,-1.000000000000000000e+00,-1.000000000000000000e+00,-1.000000000000000000e+00,-1.000000000000000000e+00,-1.000000000000000000e+00,-1.000000000000000000e+00,-1.000000000000000000e+00,-1.000000000000000000e+00,-1.000000000000000000e+00,-1.000000000000000000e+00,-1.000000000000000000e+00,-1.000000000000000000e+00,-1.000000000000000000e+00,-1.000000000000000000e+00,-1.000000000000000000e+00,-1.000000000000000000e+00,-1.000000000000000000e+00,-1.000000000000000000e+00,-1.000000000000000000e+00,-1.000000000000000000e+00,-1.000000000000000000e+00,-1.000000000000000000e+00,-1.000000000000000000e+00,-1.000000000000000000e+00,-1.000000000000000000e+00,-1.000000000000000000e+00,-1.000000000000000000e+00,-1.000000000000000000e+00,-1.000000000000000000e+00,-1.000000000000000000e+00,-1.000000000000000000e+00
-1.000000000000000000e+00,-1.000000000000000000e+00,-1.000000000000000000e+00,-1.000000000000000000e+00,-1.000000000000000000e+00,-1.000000000000000000e+00,-1.000000000000000000e+00,-1.000000000000000000e+00,-1.000000000000000000e+00,-1.000000000000000000e+00,-1.000000000000000000e+00,-1.000000000000000000e+00,-1.000000000000000000e+00,-1.000000000000000000e+00,-1.000000000000000000e+00,-1.000000000000000000e+00,-1.000000000000000000e+00,-1.000000000000000000e+00,-1.000000000000000000e+00,-1.000000000000000000e+00,-1.000000000000000000e+00,-1.000000000000000000e+00,-1.000000000000000000e+00,-1.000000000000000000e+00,-1.000000000000000000e+00,-1.000000000000000000e+00,-1.000000000000000000e+00,-1.000000000000000000e+00,-1.000000000000000000e+00,-1.000000000000000000e+00,-1.000000000000000000e+00,-1.000000000000000000e+00,-1.000000000000000000e+00,-1.000000000000000000e+00,-1.000000000000000000e+00,-1.000000000000000000e+00,-1.000000000000000000e+00,-1.000000000000000000e+00,-1.000000000000000000e+00,-1.000000000000000000e+00,-1.000000000000000000e+00,-1.000000000000000000e+00,-1.000000000000000000e+00,-1.000000000000000000e+00,-1.000000000000000000e+00,-1.000000000000000000e+00,-7.274371291770467263e-01,-8.035334572600152381e-01,-8.527189040078603233e-01,-8.800168342504620655e-01,-8.930412582758716633e-01,-8.981789482778903544e-01,-8.995015258193023167e-01,-8.991735188455568517e-01,-8.982251848263965721e-01,-8.971517561421984421e-01,-8.962457789208946313e-01,-8.957397596576679444e-01,-8.958463103482759982e-01,-8.967425714088944622e-01,-8.985014358951110003e-01,-9.007434068711278607e-01,-9.019263488788974437e-01,-8.991723176309091015e-01,-8.883798921467588317e-01,-8.641735310005724813e-01,-8.205443308337750929e-01,-7.527272372004906176e-01,-6.606117775863864505e-01,-5.533152076822487331e-01,-4.531745146877561581e-01,-3.937056836618888500e-01,-3.937056836317178732e-01,-4.531745146043417716e-01,-5.533152075440126438e-01,-6.606117774015627386e-01,-7.527272369791024875e-01,-8.205443305855125713e-01,-8.641735307182435433e-01,-8.883798918455900751e-01,-8.991723172787815521e-01,-9.019263485026809413e-01,-9.007434064585361222e-01,-8.985014354499382128e-01,-8.967425709378872289e-01,-8.958463098383697698e-01,-8.957397591313570606e-01,-8.962457783630161101e-01,-8.971517555805413879e-01,-8.982251842014268295e-01,-8.991735181610152061e-01,-8.995015250501531279e-01,-8.981789474082371161e-01,-8.930412573548764943e-01,-8.800168332686503225e-01,-8.527189029975370538e-01,-8.035334562322518082e-01,-7.274371281136502443e-01,-1.000000000000000000e+00,-1.000000000000000000e+00,-1.000000000000000000e+00,-1.000000000000000000e+00,-1.000000000000000000e+00,-1.000000000000000000e+00,-1.000000000000000000e+00,-1.000000000000000000e+00,-1.000000000000000000e+00,-1.000000000000000000e+00,-1.000000000000000000e+00,-1.000000000000000000e+00,-1.000000000000000000e+00,-1.000000000000000000e+00,-1.000000000000000000e+00,-1.000000000000000000e+00,-1.000000000000000000e+00,-1.000000000000000000e+00,-1.000000000000000000e+00,-1.000000000000000000e+00,-1.000000000000000000e+00,-1.000000000000000000e+00,-1.000000000000000000e+00,-1.000000000000000000e+00,-1.000000000000000000e+00,-1.000000000000000000e+00,-1.000000000000000000e+00,-1.000000000000000000e+00,-1.000000000000000000e+00,-1.000000000000000000e+00,-1.000000000000000000e+00,-1.000000000000000000e+00,-1.000000000000000000e+00,-1.000000000000000000e+00,-1.000000000000000000e+00,-1.000000000000000000e+00,-1.000000000000000000e+00,-1.000000000000000000e+00,-1.000000000000000000e+00,-1.000000000000000000e+00,-1.000000000000000000e+00,-1.000000000000000000e+00,-1.000000000000000000e+00,-1.000000000000000000e+00,-1.000000000000000000e+00,-1.000000000000000000e+00
-1.000000000000000000e+00,-1.000000000000000000e+00,-1.000000000000000000e+00,-1.000000000000000000e+00,-1.000000000000000000e+00,-1.000000000000000000e+00,-1.000000000000000000e+00,-1.000000000000000000e+00,-1.000000000000000000e+00,-1.000000000000000000e+00,-1.000000000000000000e+00,-1.000000000000000000e+00,-1.000000000000000000e+00,-1.000000000000000000e+00,-1.000000000000000000e+00,-1.000000000000000000e+00,-1.000000000000000000e+00,-1.000000000000000000e+00,-1.000000000000000000e+00,-1.000000000000000000e+00,-1.000000000000000000e+00,-1.000000000000000000e+00,-1.000000000000000000e+00,-1.000000000000000000e+00,-1.000000000000000000e+00,-1.000000000000000000e+00,-1.000000000000000000e+00,-1.000000000000000000e+00,-1.000000000000000000e+00,-1.000000000000000000e+00,-1.000000000000000000e+00,-1.000000000000000000e+00,-1.000000000000000000e+00,-1.000000000000000000e+00,-1.000000000000000000e+00,-1.000000000000000000e+00,-1.000000000000000000e+00,-1.000000000000000000e+00,-1.000000000000000000e+00,-1.000000000000000000e+00,-1.000000000000000000e+00,-1.000000000000000000e+00,-1.000000000000000000e+00,-1.000000000000000000e+00,-1.000000000000000000e+00,-1.000000000000000000e+00,-7.793521638554603559e-01,-8.239685140305758049e-01,-8.538043556151503344e-01,-8.708662567993710191e-01,-8.792666104690585183e-01,-8.827492952037465646e-01,-8.838139572305087066e-01,-8.838325438070103734e-01,-8.834715610757787330e-01,-8.830509804172350652e-01,-8.827520700067350568e-01,-8.827078739758378312e-01,-8.830245273686223584e-01,-8.837570117271186243e-01,-8.848318297856448966e-01,-8.857680404486055759e-01,-8.851352506865308722e-01,-8.802906864614167270e-01,-8.672912688204157394e-01,-8.408195457342784174e-01,-7.948235152634910428e-01,-7.244327923582329909e-01,-6.294730631875994353e-01,-5.191977929676314663e-01,-4.164098607395929630e-01,-3.553507525362326058e-01,-3.553507524984453880e-01,-4.164098606218333831e-01,-5.191977927997706299e-01,-6.294730629802308686e-01,-7.244327921267654791e-01,-7.948235150052882503e-01,-8.408195454401865554e-01,-8.672912684979666720e-01,-8.802906861004802241e-01,-8.851352503037859254e-01,-8.857680400417805577e-01,-8.848318293341971286e-01,-8.837570112603689854e-01,-8.830245268589008711e-01,-8.827078734613845734e-01,-8.827520694703149262e-01,-8.830509798685731715e-01,-8.834715604887179996e-01,-8.838325431497938700e-01,-8.838139565178581014e-01,-8.827492943871475539e-01,-8.792666095931036541e-01,-8.708662558962371181e-01,-8.538043546774563008e-01,-8.239685130658519485e-01,-7.793521628973856252e-01,-1.000000000000000000e+00,-1.000000000000000000e+00,-1.000000000000000000e+00,-1.000000000000000000e+00,-1.000000000000000000e+00,-1.000000000000000000e+00,-1.000000000000000000e+00,-1.000000000000000000e+00,-1.000000000000000000e+00,-1.000000000000000000e+00,-1.000000000000000000e+00,-1.000000000000000000e+00,-1.000000000000000000e+00,-1.000000000000000000e+00,-1.000000000000000000e+00,-1.000000000000000000e+00,-1.000000000000000000e+00,-1.000000000000000000e+00,-1.000000000000000000e+00,-1.000000000000000000e+00,-1.000000000000000000e+00,-1.000000000000000000e+00,-1.000000000000000000e+00,-1.000000000000000000e+00,-1.000000000000000000e+00,-1.000000000000000000e+00,-1.000000000000000000e+00,-1.000000000000000000e+00,-1.000000000000000000e+00,-1.000000000000000000e+00,-1.000000000000000000e+00,-1.000000000000000000e+00,-1.000000000000000000e+00,-1.000000000000000000e+00,-1.000000000000000000e+00,-1.000000000000000000e+00,-1.000000000000000000e+00,-1.000000000000000000e+00,-1.000000000000000000e+00,-1.000000000000000000e+00,-1.000000000000000000e+00,-1.000000000000000000e+00,-1.000000000000000000e+00,-1.000000000000000000e+00,-1.000000000000000000e+00,-1.000000000000000000e+00
-1.000000000000000000e+00,-1.000000000000000000e+00,-1.000000000000000000e+00,-1.000000000000000000e+00,-1.000000000000000000e+00,-1.000000000000000000e+00,-1.000000000000000000e+00,-1.000000000000000000e+00,-1.000000000000000000e+00,-1.000000000000000000e+00,-1.000000000000000000e+00,-1.000000000000000000e+00,-1.000000000000000000e+00,-1.000000000000000000e+00,-1.000000000000000000e+00,-1.000000000000000000e+00,-1.000000000000000000e+00,-1.000000000000000000e+00,-1.000000000000000000e+00,-1.000000000000000000e+00,-1.000000000000000000e+00,-1.000000000000000000e+00,-1.000000000000000000e+00,-1.000000000000000000e+00,-1.000000000000000000e+00,-1.000000000000000000e+00,-1.000000000000000000e+00,-1.000000000000000000e+00,-1.000000000000000000e+00,-1.000000000000000000e+00,-1.000000000000000000e+00,-1.000000000000000000e+00,-1.000000000000000000e+00,-1.000000000000000000e+00,-1.000000000000000000e+00,-1.000000000000000000e+00,-1.000000000000000000e+00,-1.000000000000000000e+00,-1.000000000000000000e+00,-1.000000000000000000e+00,-1.000000000000000000e+00,-1.000000000000000000e+00,-1.000000000000000000e+00,-1.000000000000000000e+00,-1.000000000000000000e+00,-1.000000000000000000e+00,-8.093512592236198344e-01,-8.350002576514417019e-01,-8.526881191979476249e-01,-8.630787141306422994e-01,-8.683531133024948723e-01,-8.706620947398977517e-01,-8.715005472073735771e-01,-8.717109578272047576e-01,-8.717095870103832578e-01,-8.716960572938901031e-01,-8.717786509983247445e-01,-8.720279415785860966e-01,-8.724834225972664115e-01,-8.731218833697945714e-01,-8.737737182570157746e-01,-8.738875103754997209e-01,-8.720954486497876079e-01,-8.658975006915486938e-01,-8.514479044144354081e-01,-8.234635623742320165e-01,-7.758619953131304925e-01,-7.037034708471232580e-01,-6.067759661050303732e-01,-4.944347470827583635e-01,-3.898110997937559441e-01,-3.276505357665606688e-01,-3.276505357254982931e-01,-3.898110996574442044e-01,-4.944347469000359707e-01,-6.067759658834698255e-01,-7.037034706080300683e-01,-7.758619950457196213e-01,-8.234635620767130071e-01,-8.514479040813718314e-01,-8.658975003281949023e-01,-8.720954482502327743e-01,-8.738875099600790231e-01,-8.737737177991480308e-01,-8.731218829127083136e-01,-8.724834221042496729e-01,-8.720279410784517182e-01,-8.717786504853303198e-01,-8.716960567444007602e-01,-8.717095864534916139e-01,-8.717109571928177703e-01,-8.715005465293044207e-01,-8.706620939999681896e-01,-8.683531124992474037e-01,-8.630787132957615793e-01,-8.526881183375558670e-01,-8.350002567614317472e-01,-8.093512583329007803e-01,-1.000000000000000000e+00,-1.000000000000000000e+00,-1.000000000000000000e+00,-1.000000000000000000e+00,-1.000000000000000000e+00,-1.000000000000000000e+00,-1.000000000000000000e+00,-1.000000000000000000e+00,-1.000000000000000000e+00,-1.000000000000000000e+00,-1.000000000000000000e+00,-1.000000000000000000e+00,-1.000000000000000000e+00,-1.000000000000000000e+00,-1.000000000000000000e+00,-1.000000000000000000e+00,-1.000000000000000000e+00,-1.000000000000000000e+00,-1.000000000000000000e+00,-1.000000000000000000e+00,-1.000000000000000000e+00,-1.000000000000000000e+00,-1.000000000000000000e+00,-1.000000000000000000e+00,-1.000000000000000000e+00,-1.000000000000000000e+00,-1.000000000000000000e+00,-1.000000000000000000e+00,-1.000000000000000000e+00,-1.000000000000000000e+00,-1.000000000000000000e+00,-1.000000000000000000e+00,-1.000000000000000000e+00,-1.000000000000000000e+00,-1.000000000000000000e+00,-1.000000000000000000e+00,-1.000000000000000000e+00,-1.000000000000000000e+00,-1.000000000000000000e+00,-1.000000000000000000e+00,-1.000000000000000000e+00,-1.000000000000000000e+00,-1.000000000000000000e+00,-1.000000000000000000e+00,-1.000000000000000000e+00,-1.000000000000000000e+00
-1.000000000000000000e+00,-1.000000000000000000e+00,-1.000000000000000000e+00,-1.000000000000000000e+00,-1.000000000000000000e+00,-1.000000000000000000e+00,-1.000000000000000000e+00,-1.000000000000000000e+00,-1.000000000000000000e+00,-1.000000000000000000e+00,-1.000000000000000000e+00,-1.000000000000000000e+00,-1.000000000000000000e+00,-1.000000000000000000e+00,-1.000000000000000000e+00,-1.000000000000000000e+00,-1.000000000000000000e+00,-1.000000000000000000e+00,-1.000000000000000000e+00,-1.000000000000000000e+00,-1.000000000000000000e+00,-1.000000000000000000e+00,-1.000000000000000000e+00,-1.000000000000000000e+00,-1.000000000000000000e+00,-1.000000000000000000e+00,-1.000000000000000000e+00,-1.000000000000000000e+00,-1.000000000000000000e+00,-1.000000000000000000e+00,-1.000000000000000000e+00,-1.000000000000000000e+00,-1.000000000000000000e+00,-1.000000000000000000e+00,-1.000000000000000000e+00,-1.000000000000000000e+00,-1.000000000000000000e+00,-1.000000000000000000e+00,-1.000000000000000000e+00,-1.000000000000000000e+00,-1.000000000000000000e+00,-1.000000000000000000e+00,-1.000000000000000000e+00,-1.000000000000000000e+00,-1.000000000000000000e+00,-1.000000000000000000e+00,-8.258458776854954442e-01,-8.402721569259236079e-01,-8.505229034518274611e-01,-8.567085283627597914e-01,-8.599589631129187506e-01,-8.614833072131827807e-01,-8.621529522432755943e-01,-8.624701818343866178e-01,-8.626866309182373849e-01,-8.629225826916470110e-01,-8.632396981987147111e-01,-8.636700695904395708e-01,-8.642124182123724907e-01,-8.647949918948452108e-01,-8.651875841211762452e-01,-8.647927471780483266e-01,-8.622771504403994314e-01,-8.552248744349952858e-01,-8.398474274520156824e-01,-8.108800527507833422e-01,-7.622182048636777507e-01,-6.888770077104483525e-01,-5.906231264433050576e-01,-4.768856661547210551e-01,-3.710215731778415682e-01,-3.081178061586400396e-01,-3.081178061190479323e-01,-3.710215730427640635e-01,-4.768856659706424139e-01,-5.906231262131231841e-01,-6.888770074647659891e-01,-7.622182045876948475e-01,-8.108800524510793029e-01,-8.398474271079867659e-01,-8.552248740625336687e-01,-8.622771500220340890e-01,-8.647927467534031187e-01,-8.651875836600411152e-01,-8.647949914343575628e-01,-8.642124177358636583e-01,-8.636700690973566630e-01,-8.632396977136367333e-01,-8.629225821528883067e-01,-8.626866303777382949e-01,-8.624701812343221752e-01,-8.621529515978626490e-01,-8.614833065475097085e-01,-8.599589624030703483e-01,-8.567085275993382432e-01,-8.505229026693544858e-01,-8.402721561372892278e-01,-8.258458768860534871e-01,-1.000000000000000000e+00,-1.000000000000000000e+00,-1.000000000000000000e+00,-1.000000000000000000e+00,-1.000000000000000000e+00,-1.000000000000000000e+00,-1.000000000000000000e+00,-1.000000000000000000e+00,-1.000000000000000000e+00,-1.000000000000000000e+00,-1.000000000000000000e+00,-1.000000000000000000e+00,-1.000000000000000000e+00,-1.000000000000000000e+00,-1.000000000000000000e+00,-1.000000000000000000e+00,-1.000000000000000000e+00,-1.000000000000000000e+00,-1.000000000000000000e+00,-1.000000000000000000e+00,-1.000000000000000000e+00,-1.000000000000000000e+00,-1.000000000000000000e+00,-1.000000000000000000e+00,-1.000000000000000000e+00,-1.000000000000000000e+00,-1.000000000000000000e+00,-1.000000000000000000e+00,-1.000000000000000000e+00,-1.000000000000000000e+00,-1.000000000000000000e+00,-1.000000000000000000e+00,-1.000000000000000000e+00,-1.000000000000000000e+00,-1.000000000000000000e+00,-1.000000000000000000e+00,-1.000000000000000000e+00,-1.000000000000000000e+00,-1.000000000000000000e+00,-1.000000000000000000e+00,-1.000000000000000000e+00,-1.000000000000000000e+00,-1.000000000000000000e+00,-1.000000000000000000e+00,-1.000000000000000000e+00,-1.000000000000000000e+00
-1.000000000000000000e+00,-1.000000000000000000e+00,-1.000000000000000000e+00,-1.000000000000000000e+00,-1.000000000000000000e+00,-1.000000000000000000e+00,-1.000000000000000000e+00,-1.000000000000000000e+00,-1.000000000000000000e+00,-1.000000000000000000e+00,-1.000000000000000000e+00,-1.000000000000000000e+00,-1.000000000000000000e+00,-1.000000000000000000e+00,-1.000000000000000000e+00,-1.000000000000000000e+00,-1.000000000000000000e+00,-1.000000000000000000e+00,-1.000000000000000000e+00,-1.000000000000000000e+00,-1.000000000000000000e+00,-1.000000000000000000e+00,-1.000000000000000000e+00,-1.000000000000000000e+00,-1.000000000000000000e+00,-1.000000000000000000e+00,-1.000000000000000000e+00,-1.000000000000000000e+00,-1.000000000000000000e+00,-1.000000000000000000e+00,-1.000000000000000000e+00,-1.000000000000000000e+00,-1.000000000000000000e+00,-1.000000000000000000e+00,-1.000000000000000000e+00,-1.000000000000000000e+00,-1.000000000000000000e+00,-1.000000000000000000e+00,-1.000000000000000000e+00,-1.000000000000000000e+00,-1.000000000000000000e+00,-1.000000000000000000e+00,-1.000000000000000000e+00,-1.000000000000000000e+00,-1.000000000000000000e+00,-1.000000000000000000e+00,-8.342784395215943061e-01,-8.422078300003982276e-01,-8.480227132507331955e-01,-8.516402505099964770e-01,-8.536292307909992827e-01,-8.546538604045859078e-01,-8.552093526714035221e-01,-8.555868447118832876e-01,-8.559338144541663862e-01,-8.563201359334321472e-01,-8.567784650379312028e-01,-8.573176391309883515e-01,-8.579119478203794946e-01,-8.584603122643424955e-01,-8.586956254754209983e-01,-8.579917821981070114e-01,-8.550340420395377006e-01,-8.474545004118325675e-01,-8.314968148341796983e-01,-8.019046217151861722e-01,-7.525571750700360552e-01,-6.784403931932412313e-01,-5.793094497723059177e-01,-4.646458430152253793e-01,-3.579588489283149766e-01,-2.945628722563655710e-01,-2.945628722159937540e-01,-3.579588487994287416e-01,-4.646458428373528848e-01,-5.793094495495545448e-01,-6.784403929545370637e-01,-7.525571747949305612e-01,-8.019046214172889098e-01,-8.314968144897518787e-01,-8.474545000432978092e-01,-8.550340416262927068e-01,-8.579917817747564346e-01,-8.586956250224455633e-01,-8.584603118054517923e-01,-8.579119473792220507e-01,-8.573176386622743950e-01,-8.567784645902148943e-01,-8.563201354394628373e-01,-8.559338139397559830e-01,-8.555868441815278613e-01,-8.552093521027098744e-01,-8.546538598080649640e-01,-8.536292301746064570e-01,-8.516402498528213849e-01,-8.480227125578974068e-01,-8.422078292997783322e-01,-8.342784388225708003e-01,-1.000000000000000000e+00,-1.000000000000000000e+00,-1.000000000000000000e+00,-1.000000000000000000e+00,-1.000000000000000000e+00,-1.000000000000000000e+00,-1.000000000000000000e+00,-1.000000000000000000e+00,-1.000000000000000000e+00,-1.000000000000000000e+00,-1.000000000000000000e+00,-1.000000000000000000e+00,-1.000000000000000000e+00,-1.000000000000000000e+00,-1.000000000000000000e+00,-1.000000000000000000e+00,-1.000000000000000000e+00,-1.000000000000000000e+00,-1.000000000000000000e+00,-1.000000000000000000e+00,-1.000000000000000000e+00,-1.000000000000000000e+00,-1.000000000000000000e+00,-1.000000000000000000e+00,-1.000000000000000000e+00,-1.000000000000000000e+00,-1.000000000000000000e+00,-1.000000000000000000e+00,-1.000000000000000000e+00,-1.000000000000000000e+00,-1.000000000000000000e+00,-1.000000000000000000e+00,-1.000000000000000000e+00,-1.000000000000000000e+00,-1.000000000000000000e+00,-1.000000000000000000e+00,-1.000000000000000000e+00,-1.000000000000000000e+00,-1.000000000000000000e+00,-1.000000000000000000e+00,-1.000000000000000000e+00,-1.000000000000000000e+00,-1.000000000000000000e+00,-1.000000000000000000e+00,-1.000000000000000000e+00,-1.000000000000000000e+00
-1.000000000000000000e+00,-1.000000000000000000e+00,-1.000000000000000000e+00,-1.000000000000000000e+00,-1.000000000000000000e+00,-1.000000000000000000e+00,-1.000000000000000000e+00,-1.000000000000000000e+00,-1.000000000000000000e+00,-1.000000000000000000e+00,-1.000000000000000000e+00,-1.000000000000000000e+00,-1.000000000000000000e+00,-1.000000000000000000e+00,-1.000000000000000000e+00,-1.000000000000000000e+00,-1.000000000000000000e+00,-1.000000000000000000e+00,-1.000000000000000000e+00,-1.000000000000000000e+00,-1.000000000000000000e+00,-1.000000000000000000e+00,-1.000000000000000000e+00,-1.000000000000000000e+00,-1.000000000000000000e+00,-1.000000000000000000e+00,-1.000000000000000000e+00,-1.000000000000000000e+00,-1.000000000000000000e+00,-1.000000000000000000e+00,-1.000000000000000000e+00,-1.000000000000000000e+00,-1.000000000000000000e+00,-1.000000000000000000e+00,-1.000000000000000000e+00,-1.000000000000000000e+00,-1.000000000000000000e+00,-1.000000000000000000e+00,-1.000000000000000000e+00,-1.000000000000000000e+00,-1.000000000000000000e+00,-1.000000000000000000e+00,-1.000000000000000000e+00,-1.000000000000000000e+00,-1.000000000000000000e+00,-1.000000000000000000e+00,-8.380686757494169026e-01,-8.423274189745679763e-01,-8.455661020773916903e-01,-8.476618093274510546e-01,-8.488912427494038626e-01,-8.496105144857499791e-01,-8.500940105283525394e-01,-8.505059254498217314e-01,-8.509300919259749074e-01,-8.514054088205778026e-01,-8.519469413068361252e-01,-8.525497356448465958e-01,-8.531737251996094340e-01,-8.537005470443198574e-01,-8.538413072008690374e-01,-8.529527278715381966e-01,-8.497297723707325501e-01,-8.418309490743552947e-01,-8.255169074718591293e-01,-7.955339013608007104e-01,-7.457491143434544778e-01,-6.711295023266248272e-01,-5.714243543919034218e-01,-4.561519202314543442e-01,-3.489235695628861711e-01,-2.852043821482946884e-01,-2.852043821136546198e-01,-3.489235694569109425e-01,-4.561519200726096290e-01,-5.714243541861646625e-01,-6.711295020966299152e-01,-7.457491140823896414e-01,-7.955339010871340655e-01,-8.255169071609027576e-01,-8.418309487346988806e-01,-8.497297719846461650e-01,-8.529527274577902718e-01,-8.538413067746373208e-01,-8.537005466038902757e-01,-8.531737247945068159e-01,-8.525497352088231562e-01,-8.519469408852344827e-01,-8.514054083912405702e-01,-8.509300914614820188e-01,-8.505059249856045112e-01,-8.500940100451231940e-01,-8.496105139589003041e-01,-8.488912421976696487e-01,-8.476618087640099830e-01,-8.455661014850026636e-01,-8.423274183662874393e-01,-8.380686751409999191e-01,-1.000000000000000000e+00,-1.000000000000000000e+00,-1.000000000000000000e+00,-1.000000000000000000e+00,-1.000000000000000000e+00,-1.000000000000000000e+00,-1.000000000000000000e+00,-1.000000000000000000e+00,-1.000000000000000000e+00,-1.000000000000000000e+00,-1.000000000000000000e+00,-1.000000000000000000e+00,-1.000000000000000000e+00,-1.000000000000000000e+00,-1.000000000000000000e+00,-1.000000000000000000e+00,-1.000000000000000000e+00,-1.000000000000000000e+00,-1.000000000000000000e+00,-1.000000000000000000e+00,-1.000000000000000000e+00,-1.000000000000000000e+00,-1.000000000000000000e+00,-1.000000000000000000e+00,-1.000000000000000000e+00,-1.000000000000000000e+00,-1.000000000000000000e+00,-1.000000000000000000e+00,-1.000000000000000000e+00,-1.000000000000000000e+00,-1.000000000000000000e+00,-1.000000000000000000e+00,-1.000000000000000000e+00,-1.000000000000000000e+00,-1.000000000000000000e+00,-1.000000000000000000e+00,-1.000000000000000000e+00,-1.000000000000000000e+00,-1.000000000000000000e+00,-1.000000000000000000e+00,-1.000000000000000000e+00,-1.000000000000000000e+00,-1.000000000000000000e+00,-1.000000000000000000e+00,-1.000000000000000000e+00,-1.000000000000000000e+00
-1.000000000000000000e+00,-1.000000000000000000e+00,-1.000000000000000000e+00,-1.000000000000000000e+00,-1.000000000000000000e+00,-1.000000000000000000e+00,-1.000000000000000000e+00,-1.000000000000000000e+00,-1.000000000000000000e+00,-1.000000000000000000e+00,-1.000000000000000000e+00,-1.000000000000000000e+00,-1.000000000000000000e+00,-1.000000000000000000e+00,-1.000000000000000000e+00,-1.000000000000000000e+00,-1.000000000000000000e+00,-1.000000000000000000e+00,-1.000000000000000000e+00,-1.000000000000000000e+00,-1.000000000000000000e+00,-1.000000000000000000e+00,-1.000000000000000000e+00,-1.000000000000000000e+00,-1.000000000000000000e+00,-1.000000000000000000e+00,-1.000000000000000000e+00,-1.000000000000000000e+00,-1.000000000000000000e+00,-1.000000000000000000e+00,-1.000000000000000000e+00,-1.000000000000000000e+00,-1.000000000000000000e+00,-1.000000000000000000e+00,-1.000000000000000000e+00,-1.000000000000000000e+00,-1.000000000000000000e+00,-1.000000000000000000e+00,-1.000000000000000000e+00,-1.000000000000000000e+00,-1.000000000000000000e+00,-1.000000000000000000e+00,-1.000000000000000000e+00,-1.000000000000000000e+00,-1.000000000000000000e+00,-1.000000000000000000e+00,-8.392917804204456100e-01,-8.415296611504077262e-01,-8.433118537679682447e-01,-8.445314967067013567e-01,-8.453178837093017206e-01,-8.458571669188144071e-01,-8.462975540289757737e-01,-8.467291647748356187e-01,-8.471981566187508639e-01,-8.477249691183539326e-01,-8.483142579155769081e-01,-8.489530420113031717e-01,-8.495929768814904914e-01,-8.501057442392684349e-01,-8.501899323491781679e-01,-8.491922736920459736e-01,-8.458125296387821734e-01,-8.377230505344737121e-01,-8.211926484486422595e-01,-7.909670395479238003e-01,-7.409042011941582295e-01,-6.659585386911676119e-01,-5.658764938696642099e-01,-4.502021450753277421e-01,-3.426157697246903222e-01,-2.786832381334589659e-01,-2.786832380993629066e-01,-3.426157696276030951e-01,-4.502021449236879302e-01,-5.658764936829416836e-01,-6.659585384784233453e-01,-7.409042009609654311e-01,-7.909670392964727181e-01,-8.211926481610762885e-01,-8.377230502080033059e-01,-8.458125292758231772e-01,-8.491922732896097781e-01,-8.501899319466412752e-01,-8.501057438085071194e-01,-8.495929764750995705e-01,-8.489530415997756929e-01,-8.483142575025087728e-01,-8.477249687316015248e-01,-8.471981562172656854e-01,-8.467291643617264052e-01,-8.462975536135450838e-01,-8.458571664900880194e-01,-8.453178832404026899e-01,-8.445314962206501574e-01,-8.433118532777981180e-01,-8.415296606727253881e-01,-8.392917799440996474e-01,-1.000000000000000000e+00,-1.000000000000000000e+00,-1.000000000000000000e+00,-1.000000000000000000e+00,-1.000000000000000000e+00,-1.000000000000000000e+00,-1.000000000000000000e+00,-1.000000000000000000e+00,-1.000000000000000000e+00,-1.000000000000000000e+00,-1.000000000000000000e+00,-1.000000000000000000e+00,-1.000000000000000000e+00,-1.000000000000000000e+00,-1.000000000000000000e+00,-1.000000000000000000e+00,-1.000000000000000000e+00,-1.000000000000000000e+00,-1.000000000000000000e+00,-1.000000000000000000e+00,-1.000000000000000000e+00,-1.000000000000000000e+00,-1.000000000000000000e+00,-1.000000000000000000e+00,-1.000000000000000000e+00,-1.000000000000000000e+00,-1.000000000000000000e+00,-1.000000000000000000e+00,-1.000000000000000000e+00,-1.000000000000000000e+00,-1.000000000000000000e+00,-1.000000000000000000e+00,-1.000000000000000000e+00,-1.000000000000000000e+00,-1.000000000000000000e+00,-1.000000000000000000e+00,-1.000000000000000000e+00,-1.000000000000000000e+00,-1.000000000000000000e+00,-1.000000000000000000e+00,-1.000000000000000000e+00,-1.000000000000000000e+00,-1.000000000000000000e+00,-1.000000000000000000e+00,-1.000000000000000000e+00,-1.000000000000000000e+00
-1.000000000000000000e+00,-1.000000000000000000e+00,-1.000000000000000000e+00,-1.000000000000000000e+00,-1.000000000000000000e+00,-1.000000000000000000e+00,-1.000000000000000000e+00,-1.000000000000000000e+00,-1.000000000000000000e+00,-1.000000000000000000e+00,-1.000000000000000000e+00,-1.000000000000000000e+00,-1.000000000000000000e+00,-1.000000000000000000e+00,-1.000000000000000000e+00,-1.000000000000000000e+00,-1.000000000000000000e+00,-1.000000000000000000e+00,-1.000000000000000000e+00,-1.000000000000000000e+00,-1.000000000000000000e+00,-1.000000000000000000e+00,-1.000000000000000000e+00,-1.000000000000000000e+00,-1.000000000000000000e+00,-1.000000000000000000e+00,-1.000000000000000000e+00,-1.000000000000000000e+00,-1.000000000000000000e+00,-1.000000000000000000e+00,-1.000000000000000000e+00,-1.000000000000000000e+00,-1.000000000000000000e+00,-1.000000000000000000e+00,-1.000000000000000000e+00,-1.000000000000000000e+00,-1.000000000000000000e+00,-1.000000000000000000e+00,-1.000000000000000000e+00,-1.000000000000000000e+00,-1.000000000000000000e+00,-1.000000000000000000e+00,-1.000000000000000000e+00,-1.000000000000000000e+00,-1.000000000000000000e+00,-1.000000000000000000e+00,-8.391592756321339941e-01,-8.403139359761655491e-01,-8.412944844152545620e-01,-8.420236954524956685e-01,-8.425591391431805910e-01,-8.429956016806474661e-01,-8.434110968259969088e-01,-8.438537321941776970e-01,-8.443480137562869858e-01,-8.449036910204463791e-01,-8.455194054594322717e-01,-8.461775917152116744e-01,-8.468252206409234706e-01,-8.473283608518880072e-01,-8.473785748663126283e-01,-8.463168980445517908e-01,-8.428452242015063156e-01,-8.346426312442561946e-01,-8.179811190317611835e-01,-7.876042467270418790e-01,-7.373627201945673892e-01,-6.622023011213842292e-01,-5.618681301195269651e-01,-4.459227645462129352e-01,-3.380941538307782324e-01,-2.740175418496169080e-01,-2.740175418148447228e-01,-3.380941537384321016e-01,-4.459227644011903857e-01,-5.618681299527747974e-01,-6.622023009249083936e-01,-7.373627199870156357e-01,-7.876042464917792918e-01,-8.179811187688699192e-01,-8.346426309359324947e-01,-8.428452238634307481e-01,-8.463168976570181190e-01,-8.473785744745349069e-01,-8.473283604419403758e-01,-8.468252202376300719e-01,-8.461775913410749528e-01,-8.455194050753476187e-01,-8.449036906580437156e-01,-8.443480134201003517e-01,-8.438537318540837440e-01,-8.434110964715049175e-01,-8.429956013365319523e-01,-8.425591387767367157e-01,-8.420236950731088132e-01,-8.412944840303732130e-01,-8.403139356047678588e-01,-8.391592752670934408e-01,-1.000000000000000000e+00,-1.000000000000000000e+00,-1.000000000000000000e+00,-1.000000000000000000e+00,-1.000000000000000000e+00,-1.000000000000000000e+00,-1.000000000000000000e+00,-1.000000000000000000e+00,-1.000000000000000000e+00,-1.000000000000000000e+00,-1.000000000000000000e+00,-1.000000000000000000e+00,-1.000000000000000000e+00,-1.000000000000000000e+00,-1.000000000000000000e+00,-1.000000000000000000e+00,-1.000000000000000000e+00,-1.000000000000000000e+00,-1.000000000000000000e+00,-1.000000000000000000e+00,-1.000000000000000000e+00,-1.000000000000000000e+00,-1.000000000000000000e+00,-1.000000000000000000e+00,-1.000000000000000000e+00,-1.000000000000000000e+00,-1.000000000000000000e+00,-1.000000000000000000e+00,-1.000000000000000000e+00,-1.000000000000000000e+00,-1.000000000000000000e+00,-1.000000000000000000e+00,-1.000000000000000000e+00,-1.000000000000000000e+00,-1.000000000000000000e+00,-1.000000000000000000e+00,-1.000000000000000000e+00,-1.000000000000000000e+00,-1.000000000000000000e+00,-1.000000000000000000e+00,-1.000000000000000000e+00,-1.000000000000000000e+00,-1.000000000000000000e+00,-1.000000000000000000e+00,-1.000000000000000000e+00,-1.000000000000000000e+00
-1.000000000000000000e+00,-1.000000000000000000e+00,-1.000000000000000000e+00,-1.000000000000000000e+00,-1.000000000000000000e+00,-1.000000000000000000e+00,-1.000000000000000000e+00,-1.000000000000000000e+00,-1.000000000000000000e+00,-1.000000000000000000e+00,-1.000000000000000000e+00,-1.000000000000000000e+00,-1.000000000000000000e+00,-1.000000000000000000e+00,-1.000000000000000000e+00,-1.000000000000000000e+00,-1.000000000000000000e+00,-1.000000000000000000e+00,-1.000000000000000000e+00,-1.000000000000000000e+00,-1.000000000000000000e+00,-1.000000000000000000e+00,-1.000000000000000000e+00,-1.000000000000000000e+00,-1.000000000000000000e+00,-1.000000000000000000e+00,-1.000000000000000000e+00,-1.000000000000000000e+00,-1.000000000000000000e+00,-1.000000000000000000e+00,-1.000000000000000000e+00,-1.000000000000000000e+00,-1.000000000000000000e+00,-1.000000000000000000e+00,-1.000000000000000000e+00,-1.000000000000000000e+00,-1.000000000000000000e+00,-1.000000000000000000e+00,-1.000000000000000000e+00,-1.000000000000000000e+00,-1.000000000000000000e+00,-1.000000000000000000e+00,-1.000000000000000000e+00,-1.000000000000000000e+00,-1.000000000000000000e+00,-1.000000000000000000e+00,-8.383497480040749128e-01,-8.389393123896446980e-01,-8.394902002963827714e-01,-8.399521244595822278e-01,-8.403492186381091855e-01,-8.407284484904078425e-01,-8.411298028703064755e-01,-8.415782094843399230e-01,-8.420860782662684674e-01,-8.426571364381709728e-01,-8.432866339387170562e-01,-8.439544396521216907e-01,-8.446049234283886653e-01,-8.451010502604222596e-01,-8.451305105042714594e-01,-8.440311097458077505e-01,-8.405054533481043366e-01,-8.322354330287309310e-01,-8.154935258141576826e-01,-7.850203637777006804e-01,-7.346606538084807791e-01,-6.593538354405575896e-01,-5.588444729911787867e-01,-4.427088066211343209e-01,-3.347092285557778935e-01,-2.705310823200899328e-01,-2.705310822882028843e-01,-3.347092284769128678e-01,-4.427088064965865044e-01,-5.588444728567478759e-01,-6.593538352783303580e-01,-7.346606536451111280e-01,-7.850203635793545631e-01,-8.154935255922177717e-01,-8.322354327537215823e-01,-8.405054530420169590e-01,-8.440311094008547954e-01,-8.451305101401387354e-01,-8.451010498991209374e-01,-8.446049230486509796e-01,-8.439544392963899133e-01,-8.432866335954889436e-01,-8.426571361063242005e-01,-8.420860779658825290e-01,-8.415782092088484045e-01,-8.411298025787355970e-01,-8.407284481955632494e-01,-8.403492183408250993e-01,-8.399521241821648054e-01,-8.394902000213664284e-01,-8.389393121121693220e-01,-8.383497477247575658e-01,-1.000000000000000000e+00,-1.000000000000000000e+00,-1.000000000000000000e+00,-1.000000000000000000e+00,-1.000000000000000000e+00,-1.000000000000000000e+00,-1.000000000000000000e+00,-1.000000000000000000e+00,-1.000000000000000000e+00,-1.000000000000000000e+00,-1.000000000000000000e+00,-1.000000000000000000e+00,-1.000000000000000000e+00,-1.000000000000000000e+00,-1.000000000000000000e+00,-1.000000000000000000e+00,-1.000000000000000000e+00,-1.000000000000000000e+00,-1.000000000000000000e+00,-1.000000000000000000e+00,-1.000000000000000000e+00,-1.000000000000000000e+00,-1.000000000000000000e+00,-1.000000000000000000e+00,-1.000000000000000000e+00,-1.000000000000000000e+00,-1.000000000000000000e+00,-1.000000000000000000e+00,-1.000000000000000000e+00,-1.000000000000000000e+00,-1.000000000000000000e+00,-1.000000000000000000e+00,-1.000000000000000000e+00,-1.000000000000000000e+00,-1.000000000000000000e+00,-1.000000000000000000e+00,-1.000000000000000000e+00,-1.000000000000000000e+00,-1.000000000000000000e+00,-1.000000000000000000e+00,-1.000000000000000000e+00,-1.000000000000000000e+00,-1.000000000000000000e+00,-1.000000000000000000e+00,-1.000000000000000000e+00,-1.000000000000000000e+00
-1.000000000000000000e+00,-1.000000000000000000e+00,-1.000000000000000000e+00,-1.000000000000000000e+00,-1.000000000000000000e+00,-1.000000000000000000e+00,-1.000000000000000000e+00,-1.000000000000000000e+00,-1.000000000000000000e+00,-1.000000000000000000e+00,-1.000000000000000000e+00,-1.000000000000000000e+00,-1.000000000000000000e+00,-1.000000000000000000e+00,-1.000000000000000000e+00,-1.000000000000000000e+00,-1.000000000000000000e+00,-1.000000000000000000e+00,-1.000000000000000000e+00,-1.000000000000000000e+00,-1.000000000000000000e+00,-1.000000000000000000e+00,-1.000000000000000000e+00,-1.000000000000000000e+00,-1.000000000000000000e+00,-1.000000000000000000e+00,-1.000000000000000000e+00,-1.000000000000000000e+00,-1.000000000000000000e+00,-1.000000000000000000e+00,-1.000000000000000000e+00,-1.000000000000000000e+00,-1.000000000000000000e+00,-1.000000000000000000e+00,-1.000000000000000000e+00,-1.000000000000000000e+00,-1.000000000000000000e+00,-1.000000000000000000e+00,-1.000000000000000000e+00,-1.000000000000000000e+00,-1.000000000000000000e+00,-1.000000000000000000e+00,-1.000000000000000000e+00,-1.000000000000000000e+00,-1.000000000000000000e+00,-1.000000000000000000e+00,-8.372269793590719766e-01,-8.375296367938065423e-01,-8.378561480221622393e-01,-8.381760534921991468e-01,-8.384986737115494027e-01,-8.388466223043083980e-01,-8.392398293100935547e-01,-8.396907752732798436e-01,-8.402052975860276884e-01,-8.407838237688523009e-01,-8.414197404119962975e-01,-8.420915130796848835e-01,-8.427420965589835777e-01,-8.432327686585625592e-01,-8.432491066568350568e-01,-8.421270567843872623e-01,-8.385691962878629724e-01,-8.302581410670031303e-01,-8.134654220461332574e-01,-7.829284207345826863e-01,-7.324866665397968823e-01,-6.570746287189757062e-01,-5.564365946828428999e-01,-4.401594288448312797e-01,-3.320318902593490940e-01,-2.677778276662736712e-01,-2.677778276360029963e-01,-3.320318901907672871e-01,-4.401594287400136807e-01,-5.564365945776211797e-01,-6.570746285900203043e-01,-7.324866664049395348e-01,-7.829284205538161734e-01,-8.134654218345063192e-01,-8.302581408087359449e-01,-8.385691959951282470e-01,-8.421270564768910116e-01,-8.432491063088862759e-01,-8.432327683192025747e-01,-8.427420962103532309e-01,-8.420915127346082496e-01,-8.414197401073422178e-01,-8.407838234930888888e-01,-8.402052973124257695e-01,-8.396907750323177044e-01,-8.392398290920827231e-01,-8.388466220963783915e-01,-8.384986735048455264e-01,-8.381760533002005076e-01,-8.378561478424781939e-01,-8.375296366241515855e-01,-8.372269791930477822e-01,-1.000000000000000000e+00,-1.000000000000000000e+00,-1.000000000000000000e+00,-1.000000000000000000e+00,-1.000000000000000000e+00,-1.000000000000000000e+00,-1.000000000000000000e+00,-1.000000000000000000e+00,-1.000000000000000000e+00,-1.000000000000000000e+00,-1.000000000000000000e+00,-1.000000000000000000e+00,-1.000000000000000000e+00,-1.000000000000000000e+00,-1.000000000000000000e+00,-1.000000000000000000e+00,-1.000000000000000000e+00,-1.000000000000000000e+00,-1.000000000000000000e+00,-1.000000000000000000e+00,-1.000000000000000000e+00,-1.000000000000000000e+00,-1.000000000000000000e+00,-1.000000000000000000e+00,-1.000000000000000000e+00,-1.000000000000000000e+00,-1.000000000000000000e+00,-1.000000000000000000e+00,-1.000000000000000000e+00,-1.000000000000000000e+00,-1.000000000000000000e+00,-1.000000000000000000e+00,-1.000000000000000000e+00,-1.000000000000000000e+00,-1.000000000000000000e+00,-1.000000000000000000e+00,-1.000000000000000000e+00,-1.000000000000000000e+00,-1.000000000000000000e+00,-1.000000000000000000e+00,-1.000000000000000000e+00,-1.000000000000000000e+00,-1.000000000000000000e+00,-1.000000000000000000e+00,-1.000000000000000000e+00,-1.000000000000000000e+00
-1.000000000000000000e+00,-1.000000000000000000e+00,-1.000000000000000000e+00,-1.000000000000000000e+00,-1.000000000000000000e+00,-1.000000000000000000e+00,-1.000000000000000000e+00,-1.000000000000000000e+00,-1.000000000000000000e+00,-1.000000000000000000e+00,-1.000000000000000000e+00,-1.000000000000000000e+00,-1.000000000000000000e+00,-1.000000000000000000e+00,-1.000000000000000000e+00,-1.000000000000000000e+00,-1.000000000000000000e+00,-1.000000000000000000e+00,-1.000000000000000000e+00,-1.000000000000000000e+00,-1.000000000000000000e+00,-1.000000000000000000e+00,-1.000000000000000000e+00,-1.000000000000000000e+00,-1.000000000000000000e+00,-1.000000000000000000e+00,-1.000000000000000000e+00,-1.000000000000000000e+00,-1.000000000000000000e+00,-1.000000000000000000e+00,-1.000000000000000000e+00,-1.000000000000000000e+00,-1.000000000000000000e+00,-1.000000000000000000e+00,-1.000000000000000000e+00,-1.000000000000000000e+00,-1.000000000000000000e+00,-1.000000000000000000e+00,-1.000000000000000000e+00,-1.000000000000000000e+00,-1.000000000000000000e+00,-1.000000000000000000e+00,-1.000000000000000000e+00,-1.000000000000000000e+00,-1.000000000000000000e+00,-1.000000000000000000e+00,-8.359771349925054773e-01,-8.361379896936358413e-01,-8.363502263539751569e-01,-8.365964070339898528e-01,-8.368796932794636545e-01,-8.372106415883482367e-01,-8.375988801340877865e-01,-8.380503855731666896e-01,-8.385675241626402432e-01,-8.391489687926469987e-01,-8.397871132918441894e-01,-8.404596774838555273e-01,-8.411088638347754554e-01,-8.415950445797029111e-01,-8.416026389484104753e-01,-8.404664722603281124e-01,-8.368887204129147328e-01,-8.285516448315146665e-01,-8.117251177302722276e-01,-7.811431711941502209e-01,-7.306406862737463426e-01,-6.551479417824932483e-01,-5.544090432423012249e-01,-4.380195542491965854e-01,-3.297897233436444253e-01,-2.654749974771595245e-01,-2.654749974549780456e-01,-3.297897232962896386e-01,-4.380195541696124684e-01,-5.544090431529704599e-01,-6.551479416629966135e-01,-7.306406861336214309e-01,-7.811431710152363372e-01,-8.117251175152264686e-01,-8.285516445917375794e-01,-8.368887201271230092e-01,-8.404664719722807487e-01,-8.416026386239814361e-01,-8.415950442493793648e-01,-8.411088635317126583e-01,-8.404596771799394128e-01,-8.397871130080553081e-01,-8.391489685641841945e-01,-8.385675239486698462e-01,-8.380503853805167935e-01,-8.375988799680325059e-01,-8.372106414480512404e-01,-8.368796931603900147e-01,-8.365964069200046982e-01,-8.363502262472490845e-01,-8.361379895919061056e-01,-8.359771348919606826e-01,-1.000000000000000000e+00,-1.000000000000000000e+00,-1.000000000000000000e+00,-1.000000000000000000e+00,-1.000000000000000000e+00,-1.000000000000000000e+00,-1.000000000000000000e+00,-1.000000000000000000e+00,-1.000000000000000000e+00,-1.000000000000000000e+00,-1.000000000000000000e+00,-1.000000000000000000e+00,-1.000000000000000000e+00,-1.000000000000000000e+00,-1.000000000000000000e+00,-1.000000000000000000e+00,-1.000000000000000000e+00,-1.000000000000000000e+00,-1.000000000000000000e+00,-1.000000000000000000e+00,-1.000000000000000000e+00,-1.000000000000000000e+00,-1.000000000000000000e+00,-1.000000000000000000e+00,-1.000000000000000000e+00,-1.000000000000000000e+00,-1.000000000000000000e+00,-1.000000000000000000e+00,-1.000000000000000000e+00,-1.000000000000000000e+00,-1.000000000000000000e+00,-1.000000000000000000e+00,-1.000000000000000000e+00,-1.000000000000000000e+00,-1.000000000000000000e+00,-1.000000000000000000e+00,-1.000000000000000000e+00,-1.000000000000000000e+00,-1.000000000000000000e+00,-1.000000000000000000e+00,-1.000000000000000000e+00,-1.000000000000000000e+00,-1.000000000000000000e+00,-1.000000000000000000e+00,-1.000000000000000000e+00,-1.000000000000000000e+00
-1.000000000000000000e+00,-1.000000000000000000e+00,-1.000000000000000000e+00,-1.000000000000000000e+00,-1.000000000000000000e+00,-1.000000000000000000e+00,-1.000000000000000000e+00,-1.000000000000000000e+00,-1.000000000000000000e+00,-1.000000000000000000e+00,-1.000000000000000000e+00,-1.000000000000000000e+00,-1.000000000000000000e+00,-1.000000000000000000e+00,-1.000000000000000000e+00,-1.000000000000000000e+00,-1.000000000000000000e+00,-1.000000000000000000e+00,-1.000000000000000000e+00,-1.000000000000000000e+00,-1.000000000000000000e+00,-1.000000000000000000e+00,-1.000000000000000000e+00,-1.000000000000000000e+00,-1.000000000000000000e+00,-1.000000000000000000e+00,-1.000000000000000000e+00,-1.000000000000000000e+00,-1.000000000000000000e+00,-1.000000000000000000e+00,-1.000000000000000000e+00,-1.000000000000000000e+00,-1.000000000000000000e+00,-1.000000000000000000e+00,-1.000000000000000000e+00,-1.000000000000000000e+00,-1.000000000000000000e+00,-1.000000000000000000e+00,-1.000000000000000000e+00,-1.000000000000000000e+00,-1.000000000000000000e+00,-1.000000000000000000e+00,-1.000000000000000000e+00,-1.000000000000000000e+00,-1.000000000000000000e+00,-1.000000000000000000e+00,-8.346908451354945191e-01,-8.347834335466458588e-01,-8.349388152515744288e-01,-8.351474655840057659e-01,-8.354101975731822449e-01,-8.357317694104062777e-01,-8.361166619856266191e-01,-8.365675489353002758e-01,-8.370850192685528324e-01,-8.376668455302536120e-01,-8.383049139136520278e-01,-8.389765637001791454e-01,-8.396236084943392575e-01,-8.401059368432908236e-01,-8.401073155082507959e-01,-8.389618367316955538e-01,-8.353710953812663043e-01,-8.270164651413827173e-01,-8.101658287150028670e-01,-7.795498784854573149e-01,-7.289991958844094233e-01,-6.534403238853294660e-01,-5.526171932531037667e-01,-4.361328540186968361e-01,-3.278160874325966034e-01,-2.634498007417716003e-01,-2.634498007282151111e-01,-3.278160874041022854e-01,-4.361328539653517300e-01,-5.526171931828588457e-01,-6.534403237880009874e-01,-7.289991957528257904e-01,-7.795498783284384725e-01,-8.101658285046881014e-01,-8.270164649213687103e-01,-8.353710951139453611e-01,-8.389618364557066554e-01,-8.401073152328177862e-01,-8.401059365350443953e-01,-8.396236082129202583e-01,-8.389765634425622176e-01,-8.383049136499662879e-01,-8.376668453120881264e-01,-8.370850190923057044e-01,-8.365675487925858800e-01,-8.361166618657314142e-01,-8.357317693096719680e-01,-8.354101975024694759e-01,-8.351474655229920163e-01,-8.349388152017880316e-01,-8.347834334987178639e-01,-8.346908450878556263e-01,-1.000000000000000000e+00,-1.000000000000000000e+00,-1.000000000000000000e+00,-1.000000000000000000e+00,-1.000000000000000000e+00,-1.000000000000000000e+00,-1.000000000000000000e+00,-1.000000000000000000e+00,-1.000000000000000000e+00,-1.000000000000000000e+00,-1.000000000000000000e+00,-1.000000000000000000e+00,-1.000000000000000000e+00,-1.000000000000000000e+00,-1.000000000000000000e+00,-1.000000000000000000e+00,-1.000000000000000000e+00,-1.000000000000000000e+00,-1.000000000000000000e+00,-1.000000000000000000e+00,-1.000000000000000000e+00,-1.000000000000000000e+00,-1.000000000000000000e+00,-1.000000000000000000e+00,-1.000000000000000000e+00,-1.000000000000000000e+00,-1.000000000000000000e+00,-1.000000000000000000e+00,-1.000000000000000000e+00,-1.000000000000000000e+00,-1.000000000000000000e+00,-1.000000000000000000e+00,-1.000000000000000000e+00,-1.000000000000000000e+00,-1.000000000000000000e+00,-1.000000000000000000e+00,-1.000000000000000000e+00,-1.000000000000000000e+00,-1.000000000000000000e+00,-1.000000000000000000e+00,-1.000000000000000000e+00,-1.000000000000000000e+00,-1.000000000000000000e+00,-1.000000000000000000e+00,-1.000000000000000000e+00,-1.000000000000000000e+00
-1.000000000000000000e+00,-1.000000000000000000e+00,-1.000000000000000000e+00,-1.000000000000000000e+00,-1.000000000000000000e+00,-1.000000000000000000e+00,-1.000000000000000000e+00,-1.000000000000000000e+00,-1.000000000000000000e+00,-1.000000000000000000e+00,-1.000000000000000000e+00,-1.000000000000000000e+00,-1.000000000000000000e+00,-1.000000000000000000e+00,-1.000000000000000000e+00,-1.000000000000000000e+00,-1.000000000000000000e+00,-1.000000000000000000e+00,-1.000000000000000000e+00,-1.000000000000000000e+00,-1.000000000000000000e+00,-1.000000000000000000e+00,-1.000000000000000000e+00,-1.000000000000000000e+00,-1.000000000000000000e+00,-1.000000000000000000e+00,-1.000000000000000000e+00,-1.000000000000000000e+00,-1.000000000000000000e+00,-1.000000000000000000e+00,-1.000000000000000000e+00,-1.000000000000000000e+00,-1.000000000000000000e+00,-1.000000000000000000e+00,-1.000000000000000000e+00,-1.000000000000000000e+00,-1.000000000000000000e+00,-1.000000000000000000e+00,-1.000000000000000000e+00,-1.000000000000000000e+00,-1.000000000000000000e+00,-1.000000000000000000e+00,-1.000000000000000000e+00,-1.000000000000000000e+00,-1.000000000000000000e+00,-1.000000000000000000e+00,-8.334098694745434299e-01,-8.334704105424015630e-01,-8.335980730638090641e-01,-8.337878625515976472e-01,-8.340398125787971129e-01,-8.343559781221915328e-01,-8.347383426535809336e-01,-8.351879544406098921e-01,-8.357045257580018038e-01,-8.362853891150543451e-01,-8.369221872764718295e-01,-8.375920777606365997e-01,-8.382366806483393384e-01,-8.387156235304588092e-01,-8.387122821900958591e-01,-8.375602157276542670e-01,-8.339603587118802341e-01,-8.255929505840255977e-01,-8.087237538343666765e-01,-7.780801815753233264e-01,-7.274887581717398577e-01,-6.518725673110890018e-01,-5.509753413220136453e-01,-4.344068371446691001e-01,-3.260125306920774735e-01,-2.616002387006231000e-01,-2.616002386953159009e-01,-3.260125306751021634e-01,-4.344068371054718991e-01,-5.509753412475839607e-01,-6.518725672066103538e-01,-7.274887580164030032e-01,-7.780801814096307556e-01,-8.087237536153862871e-01,-8.255929503616346032e-01,-8.339603584660890689e-01,-8.375602154436684321e-01,-8.387122819330397050e-01,-8.387156232526669086e-01,-8.382366803763798835e-01,-8.375920775389364969e-01,-8.369221870701698540e-01,-8.362853889356963721e-01,-8.357045256073023509e-01,-8.351879543359561620e-01,-8.347383426059138412e-01,-8.343559781045086776e-01,-8.340398125767617410e-01,-8.337878625394092857e-01,-8.335980730482830392e-01,-8.334704105274217678e-01,-8.334098694711994382e-01,-1.000000000000000000e+00,-1.000000000000000000e+00,-1.000000000000000000e+00,-1.000000000000000000e+00,-1.000000000000000000e+00,-1.000000000000000000e+00,-1.000000000000000000e+00,-1.000000000000000000e+00,-1.000000000000000000e+00,-1.000000000000000000e+00,-1.000000000000000000e+00,-1.000000000000000000e+00,-1.000000000000000000e+00,-1.000000000000000000e+00,-1.000000000000000000e+00,-1.000000000000000000e+00,-1.000000000000000000e+00,-1.000000000000000000e+00,-1.000000000000000000e+00,-1.000000000000000000e+00,-1.000000000000000000e+00,-1.000000000000000000e+00,-1.000000000000000000e+00,-1.000000000000000000e+00,-1.000000000000000000e+00,-1.000000000000000000e+00,-1.000000000000000000e+00,-1.000000000000000000e+00,-1.000000000000000000e+00,-1.000000000000000000e+00,-1.000000000000000000e+00,-1.000000000000000000e+00,-1.000000000000000000e+00,-1.000000000000000000e+00,-1.000000000000000000e+00,-1.000000000000000000e+00,-1.000000000000000000e+00,-1.000000000000000000e+00,-1.000000000000000000e+00,-1.000000000000000000e+00,-1.000000000000000000e+00,-1.000000000000000000e+00,-1.000000000000000000e+00,-1.000000000000000000e+00,-1.000000000000000000e+00,-1.000000000000000000e+00
-1.000000000000000000e+00,-1.000000000000000000e+00,-1.000000000000000000e+00,-1.000000000000000000e+00,-1.000000000000000000e+00,-1.000000000000000000e+00,-1.000000000000000000e+00,-1.000000000000000000e+00,-1.000000000000000000e+00,-1.000000000000000000e+00,-1.000000000000000000e+00,-1.000000000000000000e+00,-1.000000000000000000e+00,-1.000000000000000000e+00,-1.000000000000000000e+00,-1.000000000000000000e+00,-1.000000000000000000e+00,-1.000000000000000000e+00,-1.000000000000000000e+00,-1.000000000000000000e+00,-1.000000000000000000e+00,-1.000000000000000000e+00,-1.000000000000000000e+00,-1.000000000000000000e+00,-1.000000000000000000e+00,-1.000000000000000000e+00,-1.000000000000000000e+00,-1.000000000000000000e+00,-1.000000000000000000e+00,-1.000000000000000000e+00,-1.000000000000000000e+00,-1.000000000000000000e+00,-1.000000000000000000e+00,-1.000000000000000000e+00,-1.000000000000000000e+00,-1.000000000000000000e+00,-1.000000000000000000e+00,-1.000000000000000000e+00,-1.000000000000000000e+00,-1.000000000000000000e+00,-1.000000000000000000e+00,-1.000000000000000000e+00,-1.000000000000000000e+00,-1.000000000000000000e+00,-1.000000000000000000e+00,-1.000000000000000000e+00,-8.321522746627709743e-01,-8.321981135663849560e-01,-8.323124546987997752e-01,-8.324927724686368435e-01,-8.327389109865288574e-01,-8.330517083925531585e-01,-8.334319763869149078e-01,-8.338799936692411485e-01,-8.343950617165520889e-01,-8.349743144347678836e-01,-8.356092913367882957e-01,-8.362770737333160564e-01,-8.369191906959041471e-01,-8.373951237813687110e-01,-8.373879903506333822e-01,-8.362309188524450487e-01,-8.326241554534554723e-01,-8.242467059384659400e-01,-8.073621843404763521e-01,-7.766948079191196008e-01,-7.260672267261619739e-01,-6.503992479300699792e-01,-5.494343762417291943e-01,-4.327885521003935754e-01,-3.243227421846952563e-01,-2.598680068282205324e-01,-2.598680068279837219e-01,-3.243227421681214029e-01,-4.327885520651229001e-01,-5.494343761568323270e-01,-6.503992478195314009e-01,-7.260672265610396137e-01,-7.766948077462729749e-01,-8.073621841305547164e-01,-8.242467056999386310e-01,-8.326241552216046005e-01,-8.362309185758800556e-01,-8.373879900953257183e-01,-8.373951235515961766e-01,-8.369191904677325544e-01,-8.362770735251928711e-01,-8.356092911489515496e-01,-8.349743142885581726e-01,-8.343950616069508719e-01,-8.338799936002336821e-01,-8.334319763753622601e-01,-8.330517084122437410e-01,-8.327389110247926940e-01,-8.324927725020953018e-01,-8.323124547248959004e-01,-8.321981135843916633e-01,-8.321522746849310259e-01,-1.000000000000000000e+00,-1.000000000000000000e+00,-1.000000000000000000e+00,-1.000000000000000000e+00,-1.000000000000000000e+00,-1.000000000000000000e+00,-1.000000000000000000e+00,-1.000000000000000000e+00,-1.000000000000000000e+00,-1.000000000000000000e+00,-1.000000000000000000e+00,-1.000000000000000000e+00,-1.000000000000000000e+00,-1.000000000000000000e+00,-1.000000000000000000e+00,-1.000000000000000000e+00,-1.000000000000000000e+00,-1.000000000000000000e+00,-1.000000000000000000e+00,-1.000000000000000000e+00,-1.000000000000000000e+00,-1.000000000000000000e+00,-1.000000000000000000e+00,-1.000000000000000000e+00,-1.000000000000000000e+00,-1.000000000000000000e+00,-1.000000000000000000e+00,-1.000000000000000000e+00,-1.000000000000000000e+00,-1.000000000000000000e+00,-1.000000000000000000e+00,-1.000000000000000000e+00,-1.000000000000000000e+00,-1.000000000000000000e+00,-1.000000000000000000e+00,-1.000000000000000000e+00,-1.000000000000000000e+00,-1.000000000000000000e+00,-1.000000000000000000e+00,-1.000000000000000000e+00,-1.000000000000000000e+00,-1.000000000000000000e+00,-1.000000000000000000e+00,-1.000000000000000000e+00,-1.000000000000000000e+00,-1.000000000000000000e+00
-1.000000000000000000e+00,-1.000000000000000000e+00,-1.000000000000000000e+00,-1.000000000000000000e+00,-1.000000000000000000e+00,-1.000000000000000000e+00,-1.000000000000000000e+00,-1.000000000000000000e+00,-1.000000000000000000e+00,-1.000000000000000000e+00,-1.000000000000000000e+00,-1.000000000000000000e+00,-1.000000000000000000e+00,-1.000000000000000000e+00,-1.000000000000000000e+00,-1.000000000000000000e+00,-1.000000000000000000e+00,-1.000000000000000000e+00,-1.000000000000000000e+00,-1.000000000000000000e+00,-1.000000000000000000e+00,-1.000000000000000000e+00,-1.000000000000000000e+00,-1.000000000000000000e+00,-1.000000000000000000e+00,-1.000000000000000000e+00,-1.000000000000000000e+00,-1.000000000000000000e+00,-1.000000000000000000e+00,-1.000000000000000000e+00,-1.000000000000000000e+00,-1.000000000000000000e+00,-1.000000000000000000e+00,-1.000000000000000000e+00,-1.000000000000000000e+00,-1.000000000000000000e+00,-1.000000000000000000e+00,-1.000000000000000000e+00,-1.000000000000000000e+00,-1.000000000000000000e+00,-1.000000000000000000e+00,-1.000000000000000000e+00,-1.000000000000000000e+00,-1.000000000000000000e+00,-1.000000000000000000e+00,-1.000000000000000000e+00,-8.309252990703721586e-01,-8.309645181314926354e-01,-8.310724775688518307e-01,-8.312479420634575344e-01,-8.314907581687434046e-01,-8.318012399658009093e-01,-8.321796724951300295e-01,-8.326259894286511809e-01,-8.331393156528164035e-01,-8.337167092764258269e-01,-8.343496785223541989e-01,-8.350152826797146988e-01,-8.356550119224817053e-01,-8.361282595321997135e-01,-8.361179506632134828e-01,-8.349568366835563582e-01,-8.313444729350125684e-01,-8.229586058054185749e-01,-8.060607238618058279e-01,-7.753719419434121907e-01,-7.247111861075600237e-01,-6.489951222501139094e-01,-5.479670023241698384e-01,-4.312485748818937203e-01,-3.227154447393589809e-01,-2.582207316006240871e-01,-2.582207316040110445e-01,-3.227154447213089750e-01,-4.312485748541703412e-01,-5.479670022434884880e-01,-6.489951221462936237e-01,-7.247111859553858615e-01,-7.753719417600407615e-01,-8.060607236691110788e-01,-8.229586055579427573e-01,-8.313444727029145609e-01,-8.349568364405111076e-01,-8.361179504111465599e-01,-8.361282593076699854e-01,-8.356550117229735175e-01,-8.350152824953943620e-01,-8.343496783472712508e-01,-8.337167091424082521e-01,-8.331393155757602642e-01,-8.326259894000836992e-01,-8.321796725185220955e-01,-8.318012400169547682e-01,-8.314907582404434949e-01,-8.312479421323532014e-01,-8.310724776343711984e-01,-8.309645181971805350e-01,-8.309252991376997466e-01,-1.000000000000000000e+00,-1.000000000000000000e+00,-1.000000000000000000e+00,-1.000000000000000000e+00,-1.000000000000000000e+00,-1.000000000000000000e+00,-1.000000000000000000e+00,-1.000000000000000000e+00,-1.000000000000000000e+00,-1.000000000000000000e+00,-1.000000000000000000e+00,-1.000000000000000000e+00,-1.000000000000000000e+00,-1.000000000000000000e+00,-1.000000000000000000e+00,-1.000000000000000000e+00,-1.000000000000000000e+00,-1.000000000000000000e+00,-1.000000000000000000e+00,-1.000000000000000000e+00,-1.000000000000000000e+00,-1.000000000000000000e+00,-1.000000000000000000e+00,-1.000000000000000000e+00,-1.000000000000000000e+00,-1.000000000000000000e+00,-1.000000000000000000e+00,-1.000000000000000000e+00,-1.000000000000000000e+00,-1.000000000000000000e+00,-1.000000000000000000e+00,-1.000000000000000000e+00,-1.000000000000000000e+00,-1.000000000000000000e+00,-1.000000000000000000e+00,-1.000000000000000000e+00,-1.000000000000000000e+00,-1.000000000000000000e+00,-1.000000000000000000e+00,-1.000000000000000000e+00,-1.000000000000000000e+00,-1.000000000000000000e+00,-1.000000000000000000e+00,-1.000000000000000000e+00,-1.000000000000000000e+00,-1.000000000000000000e+00
-1.000000000000000000e+00,-1.000000000000000000e+00,-1.000000000000000000e+00,-1.000000000000000000e+00,-1.000000000000000000e+00,-1.000000000000000000e+00,-1.000000000000000000e+00,-1.000000000000000000e+00,-1.000000000000000000e+00,-1.000000000000000000e+00,-1.000000000000000000e+00,-1.000000000000000000e+00,-1.000000000000000000e+00,-1.000000000000000000e+00,-1.000000000000000000e+00,-1.000000000000000000e+00,-1.000000000000000000e+00,-1.000000000000000000e+00,-1.000000000000000000e+00,-1.000000000000000000e+00,-1.000000000000000000e+00,-1.000000000000000000e+00,-1.000000000000000000e+00,-1.000000000000000000e+00,-1.000000000000000000e+00,-1.000000000000000000e+00,-1.000000000000000000e+00,-1.000000000000000000e+00,-1.000000000000000000e+00,-1.000000000000000000e+00,-1.000000000000000000e+00,-1.000000000000000000e+00,-1.000000000000000000e+00,-1.000000000000000000e+00,-1.000000000000000000e+00,-1.000000000000000000e+00,-1.000000000000000000e+00,-1.000000000000000000e+00,-1.000000000000000000e+00,-1.000000000000000000e+00,-1.000000000000000000e+00,-1.000000000000000000e+00,-1.000000000000000000e+00,-1.000000000000000000e+00,-1.000000000000000000e+00,-1.000000000000000000e+00,-8.297315542900390861e-01,-8.297678222717658203e-01,-8.298726720314439920e-01,-8.300455189418382007e-01,-8.302862571409025394e-01,-8.305949895223802004e-01,-8.309717794464249740e-01,-8.314164198999934863e-01,-8.319279729894859532e-01,-8.325034810043066003e-01,-8.331344560395997911e-01,-8.337979617321058523e-01,-8.344354746227442554e-01,-8.349063278309052372e-01,-8.348932872362130331e-01,-8.337287568708467989e-01,-8.301116114974802507e-01,-8.217183483873378158e-01,-8.048083785996579254e-01,-7.740998120069636501e-01,-7.234079838158615772e-01,-6.476465306527732224e-01,-5.465584329686699050e-01,-4.297709563329005222e-01,-3.211736824620017305e-01,-2.566408636274755128e-01,-2.566408636309533975e-01,-3.211736824367308341e-01,-4.297709562989232568e-01,-5.465584328824352189e-01,-6.476465305298708675e-01,-7.234079836601753355e-01,-7.740998117896563668e-01,-8.048083783923012380e-01,-8.217183481381423737e-01,-8.301116112431522476e-01,-8.337287566429054664e-01,-8.348932870145633345e-01,-8.349063276185733073e-01,-8.344354744376500932e-01,-8.337979615899898667e-01,-8.331344559240067005e-01,-8.325034809174405304e-01,-8.319279729524251543e-01,-8.314164199087106244e-01,-8.309717795069413437e-01,-8.305949896102728935e-01,-8.302862572442557543e-01,-8.300455190386271109e-01,-8.298726721288949282e-01,-8.297678223741131731e-01,-8.297315543857403108e-01,-1.000000000000000000e+00,-1.000000000000000000e+00,-1.000000000000000000e+00,-1.000000000000000000e+00,-1.000000000000000000e+00,-1.000000000000000000e+00,-1.000000000000000000e+00,-1.000000000000000000e+00,-1.000000000000000000e+00,-1.000000000000000000e+00,-1.000000000000000000e+00,-1.000000000000000000e+00,-1.000000000000000000e+00,-1.000000000000000000e+00,-1.000000000000000000e+00,-1.000000000000000000e+00,-1.000000000000000000e+00,-1.000000000000000000e+00,-1.000000000000000000e+00,-1.000000000000000000e+00,-1.000000000000000000e+00,-1.000000000000000000e+00,-1.000000000000000000e+00,-1.000000000000000000e+00,-1.000000000000000000e+00,-1.000000000000000000e+00,-1.000000000000000000e+00,-1.000000000000000000e+00,-1.000000000000000000e+00,-1.000000000000000000e+00,-1.000000000000000000e+00,-1.000000000000000000e+00,-1.000000000000000000e+00,-1.000000000000000000e+00,-1.000000000000000000e+00,-1.000000000000000000e+00,-1.000000000000000000e+00,-1.000000000000000000e+00,-1.000000000000000000e+00,-1.000000000000000000e+00,-1.000000000000000000e+00,-1.000000000000000000e+00,-1.000000000000000000e+00,-1.000000000000000000e+00,-1.000000000000000000e+00,-1.000000000000000000e+00
-1.000000000000000000e+00,-1.000000000000000000e+00,-1.000000000000000000e+00,-1.000000000000000000e+00,-1.000000000000000000e+00,-1.000000000000000000e+00,-1.000000000000000000e+00,-1.000000000000000000e+00,-1.000000000000000000e+00,-1.000000000000000000e+00,-1.000000000000000000e+00,-1.000000000000000000e+00,-1.000000000000000000e+00,-1.000000000000000000e+00,-1.000000000000000000e+00,-1.000000000000000000e+00,-1.000000000000000000e+00,-1.000000000000000000e+00,-1.000000000000000000e+00,-1.000000000000000000e+00,-1.000000000000000000e+00,-1.000000000000000000e+00,-1.000000000000000000e+00,-1.000000000000000000e+00,-1.000000000000000000e+00,-1.000000000000000000e+00,-1.000000000000000000e+00,-1.000000000000000000e+00,-1.000000000000000000e+00,-1.000000000000000000e+00,-1.000000000000000000e+00,-1.000000000000000000e+00,-1.000000000000000000e+00,-1.000000000000000000e+00,-1.000000000000000000e+00,-1.000000000000000000e+00,-1.000000000000000000e+00,-1.000000000000000000e+00,-1.000000000000000000e+00,-1.000000000000000000e+00,-1.000000000000000000e+00,-1.000000000000000000e+00,-1.000000000000000000e+00,-1.000000000000000000e+00,-1.000000000000000000e+00,-1.000000000000000000e+00,-8.285718268924378016e-01,-8.286067696972848617e-01,-8.287100275535761451e-01,-8.288813347422410160e-01,-8.291206320561755883e-01,-8.294279475801134005e-01,-8.298032625128928252e-01,-8.302463240253038501e-01,-8.307561843286634939e-01,-8.313298974133159769e-01,-8.319589949834202969e-01,-8.326205565919203577e-01,-8.332560563652496866e-01,-8.337247803574937555e-01,-8.337093518683671434e-01,-8.325418461166731454e-01,-8.289204736603197343e-01,-8.205205100229731041e-01,-8.035993483824279693e-01,-7.728721922816248480e-01,-7.221509100972742790e-01,-6.463462101235464274e-01,-5.452007885253871144e-01,-4.283471846496250679e-01,-3.196883995612337381e-01,-2.551190277215173996e-01,-2.551190277218937652e-01,-3.196883995325714434e-01,-4.283471846100437297e-01,-5.452007884538003779e-01,-6.463462100020372914e-01,-7.221509099603753423e-01,-7.728721920719366922e-01,-8.035993481576928499e-01,-8.205205097929096913e-01,-8.289204734141994990e-01,-8.325418458880564643e-01,-8.337093516768732115e-01,-8.337247801860889762e-01,-8.332560561967289336e-01,-8.326205564534114867e-01,-8.319589948868486573e-01,-8.313298973652866186e-01,-8.307561843415058878e-01,-8.302463240717844473e-01,-8.298032625894441461e-01,-8.294279476676289509e-01,-8.291206321584667638e-01,-8.288813348623882415e-01,-8.287100276998110582e-01,-8.286067698634289602e-01,-8.285718270497771654e-01,-1.000000000000000000e+00,-1.000000000000000000e+00,-1.000000000000000000e+00,-1.000000000000000000e+00,-1.000000000000000000e+00,-1.000000000000000000e+00,-1.000000000000000000e+00,-1.000000000000000000e+00,-1.000000000000000000e+00,-1.000000000000000000e+00,-1.000000000000000000e+00,-1.000000000000000000e+00,-1.000000000000000000e+00,-1.000000000000000000e+00,-1.000000000000000000e+00,-1.000000000000000000e+00,-1.000000000000000000e+00,-1.000000000000000000e+00,-1.000000000000000000e+00,-1.000000000000000000e+00,-1.000000000000000000e+00,-1.000000000000000000e+00,-1.000000000000000000e+00,-1.000000000000000000e+00,-1.000000000000000000e+00,-1.000000000000000000e+00,-1.000000000000000000e+00,-1.000000000000000000e+00,-1.000000000000000000e+00,-1.000000000000000000e+00,-1.000000000000000000e+00,-1.000000000000000000e+00,-1.000000000000000000e+00,-1.000000000000000000e+00,-1.000000000000000000e+00,-1.000000000000000000e+00,-1.000000000000000000e+00,-1.000000000000000000e+00,-1.000000000000000000e+00,-1.000000000000000000e+00,-1.000000000000000000e+00,-1.000000000000000000e+00,-1.000000000000000000e+00,-1.000000000000000000e+00,-1.000000000000000000e+00,-1.000000000000000000e+00
-1.000000000000000000e+00,-1.000000000000000000e+00,-1.000000000000000000e+00,-1.000000000000000000e+00,-1.000000000000000000e+00,-1.000000000000000000e+00,-1.000000000000000000e+00,-1.000000000000000000e+00,-1.000000000000000000e+00,-1.000000000000000000e+00,-1.000000000000000000e+00,-1.000000000000000000e+00,-1.000000000000000000e+00,-1.000000000000000000e+00,-1.000000000000000000e+00,-1.000000000000000000e+00,-1.000000000000000000e+00,-1.000000000000000000e+00,-1.000000000000000000e+00,-1.000000000000000000e+00,-1.000000000000000000e+00,-1.000000000000000000e+00,-1.000000000000000000e+00,-1.000000000000000000e+00,-1.000000000000000000e+00,-1.000000000000000000e+00,-1.000000000000000000e+00,-1.000000000000000000e+00,-1.000000000000000000e+00,-1.000000000000000000e+00,-1.000000000000000000e+00,-1.000000000000000000e+00,-1.000000000000000000e+00,-1.000000000000000000e+00,-1.000000000000000000e+00,-1.000000000000000000e+00,-1.000000000000000000e+00,-1.000000000000000000e+00,-1.000000000000000000e+00,-1.000000000000000000e+00,-1.000000000000000000e+00,-1.000000000000000000e+00,-1.000000000000000000e+00,-1.000000000000000000e+00,-1.000000000000000000e+00,-1.000000000000000000e+00,-8.274462511071876136e-01,-8.274805754340532893e-01,-8.275829420358469246e-01,-8.277532386162924638e-01,-8.279914418078828664e-01,-8.282975617747299069e-01,-8.286715587849615705e-01,-8.291131760595384925e-01,-8.296214787462821150e-01,-8.301935437103948878e-01,-8.308209280379887929e-01,-8.314807311377956367e-01,-8.321144287882755730e-01,-8.325812656532211031e-01,-8.325637314262825939e-01,-8.313935859031971187e-01,-8.277683947006828635e-01,-8.193622467548864474e-01,-8.024305820261432576e-01,-7.716857961332148630e-01,-7.209364094874320950e-01,-6.450902976785938270e-01,-5.438898645268169796e-01,-4.269727075205789202e-01,-3.182547464266307635e-01,-2.536502005033741680e-01,-2.536502004961480594e-01,-3.182547463970795132e-01,-4.269727074622196028e-01,-5.438898644508902702e-01,-6.450902975392808214e-01,-7.209364093230554715e-01,-7.716857959271459233e-01,-8.024305817755070791e-01,-8.193622465232883734e-01,-8.277683944893396983e-01,-8.313935856960543713e-01,-8.325637312405759216e-01,-8.325812655051584299e-01,-8.321144286657383704e-01,-8.314807310538635532e-01,-8.308209279967965211e-01,-8.301935437121774619e-01,-8.296214788029212528e-01,-8.291131761414136658e-01,-8.286715588918778241e-01,-8.282975618935060069e-01,-8.279914419350581367e-01,-8.277532387591629570e-01,-8.275829421952816123e-01,-8.274805756156350389e-01,-8.274462512862718055e-01,-1.000000000000000000e+00,-1.000000000000000000e+00,-1.000000000000000000e+00,-1.000000000000000000e+00,-1.000000000000000000e+00,-1.000000000000000000e+00,-1.000000000000000000e+00,-1.000000000000000000e+00,-1.000000000000000000e+00,-1.000000000000000000e+00,-1.000000000000000000e+00,-1.000000000000000000e+00,-1.000000000000000000e+00,-1.000000000000000000e+00,-1.000000000000000000e+00,-1.000000000000000000e+00,-1.000000000000000000e+00,-1.000000000000000000e+00,-1.000000000000000000e+00,-1.000000000000000000e+00,-1.000000000000000000e+00,-1.000000000000000000e+00,-1.000000000000000000e+00,-1.000000000000000000e+00,-1.000000000000000000e+00,-1.000000000000000000e+00,-1.000000000000000000e+00,-1.000000000000000000e+00,-1.000000000000000000e+00,-1.000000000000000000e+00,-1.000000000000000000e+00,-1.000000000000000000e+00,-1.000000000000000000e+00,-1.000000000000000000e+00,-1.000000000000000000e+00,-1.000000000000000000e+00,-1.000000000000000000e+00,-1.000000000000000000e+00,-1.000000000000000000e+00,-1.000000000000000000e+00,-1.000000000000000000e+00,-1.000000000000000000e+00,-1.000000000000000000e+00,-1.000000000000000000e+00,-1.000000000000000000e+00,-1.000000000000000000e+00
-1.000000000000000000e+00,-1.000000000000000000e+00,-1.000000000000000000e+00,-1.000000000000000000e+00,-1.000000000000000000e+00,-1.000000000000000000e+00,-1.000000000000000000e+00,-1.000000000000000000e+00,-1.000000000000000000e+00,-1.000000000000000000e+00,-1.000000000000000000e+00,-1.000000000000000000e+00,-1.000000000000000000e+00,-1.000000000000000000e+00,-1.000000000000000000e+00,-1.000000000000000000e+00,-1.000000000000000000e+00,-1.000000000000000000e+00,-1.000000000000000000e+00,-1.000000000000000000e+00,-1.000000000000000000e+00,-1.000000000000000000e+00,-1.000000000000000000e+00,-1.000000000000000000e+00,-1.000000000000000000e+00,-1.000000000000000000e+00,-1.000000000000000000e+00,-1.000000000000000000e+00,-1.000000000000000000e+00,-1.000000000000000000e+00,-1.000000000000000000e+00,-1.000000000000000000e+00,-1.000000000000000000e+00,-1.000000000000000000e+00,-1.000000000000000000e+00,-1.000000000000000000e+00,-1.000000000000000000e+00,-1.000000000000000000e+00,-1.000000000000000000e+00,-1.000000000000000000e+00,-1.000000000000000000e+00,-1.000000000000000000e+00,-1.000000000000000000e+00,-1.000000000000000000e+00,-1.000000000000000000e+00,-1.000000000000000000e+00,-8.263547543299134546e-01,-8.263887643043715814e-01,-8.264905686544878893e-01,-8.266601287440528134e-01,-8.268974471240436719e-01,-8.272025382036649610e-01,-8.275753665624649980e-01,-8.280156884415637020e-01,-8.285225903996853436e-01,-8.290931753744007482e-01,-8.297190266397327374e-01,-8.303772636050804623e-01,-8.310093642850937545e-01,-8.314745341273068746e-01,-8.314551346736855919e-01,-8.302826213991152393e-01,-8.266539354899624659e-01,-8.182420177181990439e-01,-8.013004212371757085e-01,-7.705388311884666663e-01,-7.197625355917116607e-01,-6.438766702198714942e-01,-5.426233419882192655e-01,-4.256450074657786020e-01,-3.168700370055108628e-01,-2.522315978358604660e-01,-2.522315978102165346e-01,-3.168700369606364253e-01,-4.256450073680179136e-01,-5.426233418771833072e-01,-6.438766700667417631e-01,-7.197625353900480860e-01,-7.705388309876753938e-01,-8.013004209999865513e-01,-8.182420174789153400e-01,-8.266539352882031899e-01,-8.302826212354117441e-01,-8.314551345284824091e-01,-8.314745340146828534e-01,-8.310093642064488861e-01,-8.303772635749508968e-01,-8.297190266576039974e-01,-8.290931754222446992e-01,-8.285225904876286629e-01,-8.280156885451315230e-01,-8.275753666785432561e-01,-8.272025383320877889e-01,-8.268974472579262436e-01,-8.266601289034519739e-01,-8.264905688387697014e-01,-8.263887645180609809e-01,-8.263547545431617625e-01,-1.000000000000000000e+00,-1.000000000000000000e+00,-1.000000000000000000e+00,-1.000000000000000000e+00,-1.000000000000000000e+00,-1.000000000000000000e+00,-1.000000000000000000e+00,-1.000000000000000000e+00,-1.000000000000000000e+00,-1.000000000000000000e+00,-1.000000000000000000e+00,-1.000000000000000000e+00,-1.000000000000000000e+00,-1.000000000000000000e+00,-1.000000000000000000e+00,-1.000000000000000000e+00,-1.000000000000000000e+00,-1.000000000000000000e+00,-1.000000000000000000e+00,-1.000000000000000000e+00,-1.000000000000000000e+00,-1.000000000000000000e+00,-1.000000000000000000e+00,-1.000000000000000000e+00,-1.000000000000000000e+00,-1.000000000000000000e+00,-1.000000000000000000e+00,-1.000000000000000000e+00,-1.000000000000000000e+00,-1.000000000000000000e+00,-1.000000000000000000e+00,-1.000000000000000000e+00,-1.000000000000000000e+00,-1.000000000000000000e+00,-1.000000000000000000e+00,-1.000000000000000000e+00,-1.000000000000000000e+00,-1.000000000000000000e+00,-1.000000000000000000e+00,-1.000000000000000000e+00,-1.000000000000000000e+00,-1.000000000000000000e+00,-1.000000000000000000e+00,-1.000000000000000000e+00,-1.000000000000000000e+00,-1.000000000000000000e+00
-1.000000000000000000e+00,-1.000000000000000000e+00,-1.000000000000000000e+00,-1.000000000000000000e+00,-1.000000000000000000e+00,-1.000000000000000000e+00,-1.000000000000000000e+00,-1.000000000000000000e+00,-1.000000000000000000e+00,-1.000000000000000000e+00,-1.000000000000000000e+00,-1.000000000000000000e+00,-1.000000000000000000e+00,-1.000000000000000000e+00,-1.000000000000000000e+00,-1.000000000000000000e+00,-1.000000000000000000e+00,-1.000000000000000000e+00,-1.000000000000000000e+00,-1.000000000000000000e+00,-1.000000000000000000e+00,-1.000000000000000000e+00,-1.000000000000000000e+00,-1.000000000000000000e+00,-1.000000000000000000e+00,-1.000000000000000000e+00,-1.000000000000000000e+00,-1.000000000000000000e+00,-1.000000000000000000e+00,-1.000000000000000000e+00,-1.000000000000000000e+00,-1.000000000000000000e+00,-1.000000000000000000e+00,-1.000000000000000000e+00,-1.000000000000000000e+00,-1.000000000000000000e+00,-1.000000000000000000e+00,-1.000000000000000000e+00,-1.000000000000000000e+00,-1.000000000000000000e+00,-1.000000000000000000e+00,-1.000000000000000000e+00,-1.000000000000000000e+00,-1.000000000000000000e+00,-1.000000000000000000e+00,-1.000000000000000000e+00,-8.252972047364298680e-01,-8.253310325102467537e-01,-8.254324376517058193e-01,-8.256014177958398426e-01,-8.258379944164345732e-01,-8.261421936904214114e-01,-8.265139936929575271e-01,-8.269531693195725230e-01,-8.274588304215055867e-01,-8.280281055432268111e-01,-8.286526026547289536e-01,-8.293094595487850995e-01,-8.299401554608804021e-01,-8.304038572245459049e-01,-8.303828021703116846e-01,-8.292081515811979830e-01,-8.255762431783595368e-01,-8.171589091066616684e-01,-8.002078822402212133e-01,-7.694302333068834265e-01,-7.186281310129222222e-01,-6.427040625118531914e-01,-5.413998358042872994e-01,-4.243625781600333102e-01,-3.155326624872980545e-01,-2.508615515124110740e-01,-2.508615514731921126e-01,-3.155326624351153519e-01,-4.243625780468501807e-01,-5.413998356569291737e-01,-6.427040623557672694e-01,-7.186281307980288968e-01,-7.694302330942206503e-01,-8.002078820380881252e-01,-8.171589089084638768e-01,-8.255762429914964562e-01,-8.292081514430857947e-01,-8.303828020652731512e-01,-8.304038571626390919e-01,-8.299401554293681649e-01,-8.293094595545815739e-01,-8.286526027091631885e-01,-8.280281056205398560e-01,-8.274588305327892357e-01,-8.269531694476400796e-01,-8.265139938244734363e-01,-8.261421938406690035e-01,-8.258379945706104674e-01,-8.256014179739140646e-01,-8.254324378470595525e-01,-8.253310327227327825e-01,-8.252972049448195069e-01,-1.000000000000000000e+00,-1.000000000000000000e+00,-1.000000000000000000e+00,-1.000000000000000000e+00,-1.000000000000000000e+00,-1.000000000000000000e+00,-1.000000000000000000e+00,-1.000000000000000000e+00,-1.000000000000000000e+00,-1.000000000000000000e+00,-1.000000000000000000e+00,-1.000000000000000000e+00,-1.000000000000000000e+00,-1.000000000000000000e+00,-1.000000000000000000e+00,-1.000000000000000000e+00,-1.000000000000000000e+00,-1.000000000000000000e+00,-1.000000000000000000e+00,-1.000000000000000000e+00,-1.000000000000000000e+00,-1.000000000000000000e+00,-1.000000000000000000e+00,-1.000000000000000000e+00,-1.000000000000000000e+00,-1.000000000000000000e+00,-1.000000000000000000e+00,-1.000000000000000000e+00,-1.000000000000000000e+00,-1.000000000000000000e+00,-1.000000000000000000e+00,-1.000000000000000000e+00,-1.000000000000000000e+00,-1.000000000000000000e+00,-1.000000000000000000e+00,-1.000000000000000000e+00,-1.000000000000000000e+00,-1.000000000000000000e+00,-1.000000000000000000e+00,-1.000000000000000000e+00,-1.000000000000000000e+00,-1.000000000000000000e+00,-1.000000000000000000e+00,-1.000000000000000000e+00,-1.000000000000000000e+00,-1.000000000000000000e+00
-1.000000000000000000e+00,-1.000000000000000000e+00,-1.000000000000000000e+00,-1.000000000000000000e+00,-1.000000000000000000e+00,-1.000000000000000000e+00,-1.000000000000000000e+00,-1.000000000000000000e+00,-1.000000000000000000e+00,-1.000000000000000000e+00,-1.000000000000000000e+00,-1.000000000000000000e+00,-1.000000000000000000e+00,-1.000000000000000000e+00,-1.000000000000000000e+00,-1.000000000000000000e+00,-1.000000000000000000e+00,-1.000000000000000000e+00,-1.000000000000000000e+00,-1.000000000000000000e+00,-1.000000000000000000e+00,-1.000000000000000000e+00,-1.000000000000000000e+00,-1.000000000000000000e+00,-1.000000000000000000e+00,-1.000000000000000000e+00,-1.000000000000000000e+00,-1.000000000000000000e+00,-1.000000000000000000e+00,-1.000000000000000000e+00,-1.000000000000000000e+00,-1.000000000000000000e+00,-1.000000000000000000e+00,-1.000000000000000000e+00,-1.000000000000000000e+00,-1.000000000000000000e+00,-1.000000000000000000e+00,-1.000000000000000000e+00,-1.000000000000000000e+00,-1.000000000000000000e+00,-1.000000000000000000e+00,-1.000000000000000000e+00,-1.000000000000000000e+00,-1.000000000000000000e+00,-1.000000000000000000e+00,-1.000000000000000000e+00,-8.242734500277495435e-01,-8.243071557649811476e-01,-8.244082511571346750e-01,-8.245767528636666066e-01,-8.248126967016683464e-01,-8.251161222547148677e-01,-8.254870234313635979e-01,-8.259251945069820966e-01,-8.264297676361012090e-01,-8.269978949409915181e-01,-8.276212066594104133e-01,-8.282768566668732291e-01,-8.289063238080009999e-01,-8.293687362972081978e-01,-8.293462105924381822e-01,-8.281696234890931763e-01,-8.245347302446198734e-01,-8.161122940146916527e-01,-7.991522932745696028e-01,-7.683592788078402736e-01,-7.175324109282334994e-01,-6.415716180555233183e-01,-5.402184091339548022e-01,-4.231244012802032328e-01,-3.142415357114556329e-01,-2.495389345447279750e-01,-2.495389344959392242e-01,-3.142415356261571979e-01,-4.231244011408850092e-01,-5.402184089349184593e-01,-6.415716178590167296e-01,-7.175324107149936292e-01,-7.683592785791757418e-01,-7.991522930707097849e-01,-8.161122938554730144e-01,-8.245347301027744491e-01,-8.281696233895550208e-01,-8.293462105237712212e-01,-8.293687362911944527e-01,-8.289063238522589305e-01,-8.282768567491163303e-01,-8.276212067812858120e-01,-8.269978950606129420e-01,-8.264297677630725314e-01,-8.259251946425233415e-01,-8.254870235649264254e-01,-8.251161224160291630e-01,-8.248126968675567605e-01,-8.245767530469441109e-01,-8.244082513520739619e-01,-8.243071559700996254e-01,-8.242734502299906563e-01,-1.000000000000000000e+00,-1.000000000000000000e+00,-1.000000000000000000e+00,-1.000000000000000000e+00,-1.000000000000000000e+00,-1.000000000000000000e+00,-1.000000000000000000e+00,-1.000000000000000000e+00,-1.000000000000000000e+00,-1.000000000000000000e+00,-1.000000000000000000e+00,-1.000000000000000000e+00,-1.000000000000000000e+00,-1.000000000000000000e+00,-1.000000000000000000e+00,-1.000000000000000000e+00,-1.000000000000000000e+00,-1.000000000000000000e+00,-1.000000000000000000e+00,-1.000000000000000000e+00,-1.000000000000000000e+00,-1.000000000000000000e+00,-1.000000000000000000e+00,-1.000000000000000000e+00,-1.000000000000000000e+00,-1.000000000000000000e+00,-1.000000000000000000e+00,-1.000000000000000000e+00,-1.000000000000000000e+00,-1.000000000000000000e+00,-1.000000000000000000e+00,-1.000000000000000000e+00,-1.000000000000000000e+00,-1.000000000000000000e+00,-1.000000000000000000e+00,-1.000000000000000000e+00,-1.000000000000000000e+00,-1.000000000000000000e+00,-1.000000000000000000e+00,-1.000000000000000000e+00,-1.000000000000000000e+00,-1.000000000000000000e+00,-1.000000000000000000e+00,-1.000000000000000000e+00,-1.000000000000000000e+00,-1.000000000000000000e+00
-1.000000000000000000e+00,-1.000000000000000000e+00,-1.000000000000000000e+00,-1.000000000000000000e+00,-1.000000000000000000e+00,-1.000000000000000000e+00,-1.000000000000000000e+00,-1.000000000000000000e+00,-1.000000000000000000e+00,-1.000000000000000000e+00,-1.000000000000000000e+00,-1.000000000000000000e+00,-1.000000000000000000e+00,-1.000000000000000000e+00,-1.000000000000000000e+00,-1.000000000000000000e+00,-1.000000000000000000e+00,-1.000000000000000000e+00,-1.000000000000000000e+00,-1.000000000000000000e+00,-1.000000000000000000e+00,-1.000000000000000000e+00,-1.000000000000000000e+00,-1.000000000000000000e+00,-1.000000000000000000e+00,-1.000000000000000000e+00,-1.000000000000000000e+00,-1.000000000000000000e+00,-1.000000000000000000e+00,-1.000000000000000000e+00,-1.000000000000000000e+00,-1.000000000000000000e+00,-1.000000000000000000e+00,-1.000000000000000000e+00,-1.000000000000000000e+00,-1.000000000000000000e+00,-1.000000000000000000e+00,-1.000000000000000000e+00,-1.000000000000000000e+00,-1.000000000000000000e+00,-1.000000000000000000e+00,-1.000000000000000000e+00,-1.000000000000000000e+00,-1.000000000000000000e+00,-1.000000000000000000e+00,-1.000000000000000000e+00,-8.232833233489913471e-01,-8.233169373491380227e-01,-8.234177792425950715e-01,-8.235858767691930371e-01,-8.238212770711363930e-01,-8.241240325401197886e-01,-8.244941524839172198e-01,-8.249314493376475044e-01,-8.254350755037023202e-01,-8.260022041367248713e-01,-8.266244850532250554e-01,-8.272790857360226013e-01,-8.279074828974521960e-01,-8.283687659874311437e-01,-8.283449337588819628e-01,-8.271665880521441583e-01,-8.235289225069650776e-01,-8.151016705480365054e-01,-7.981331211180529017e-01,-7.673253978191990621e-01,-7.164747614846231905e-01,-6.404786705011353831e-01,-5.390783360445070560e-01,-4.219296900500707492e-01,-3.129958183738188460e-01,-2.482628788265592856e-01,-2.482628787937618542e-01,-3.129958182739998040e-01,-4.219296899177107374e-01,-5.390783358646631385e-01,-6.404786702917170116e-01,-7.164747613010205018e-01,-7.673253976360470130e-01,-7.981331209406422600e-01,-8.151016704106863742e-01,-8.235289224050559298e-01,-8.271665880068059806e-01,-8.283449337438377746e-01,-8.283687660210850012e-01,-8.279074829695263205e-01,-8.272790858350100862e-01,-8.266244851891892953e-01,-8.260022042781750562e-01,-8.254350756581357862e-01,-8.249314495065709352e-01,-8.244941526445639379e-01,-8.241240327154299994e-01,-8.238212772432382813e-01,-8.235858769531221313e-01,-8.234177794396274619e-01,-8.233169375508533339e-01,-8.232833235465262245e-01,-1.000000000000000000e+00,-1.000000000000000000e+00,-1.000000000000000000e+00,-1.000000000000000000e+00,-1.000000000000000000e+00,-1.000000000000000000e+00,-1.000000000000000000e+00,-1.000000000000000000e+00,-1.000000000000000000e+00,-1.000000000000000000e+00,-1.000000000000000000e+00,-1.000000000000000000e+00,-1.000000000000000000e+00,-1.000000000000000000e+00,-1.000000000000000000e+00,-1.000000000000000000e+00,-1.000000000000000000e+00,-1.000000000000000000e+00,-1.000000000000000000e+00,-1.000000000000000000e+00,-1.000000000000000000e+00,-1.000000000000000000e+00,-1.000000000000000000e+00,-1.000000000000000000e+00,-1.000000000000000000e+00,-1.000000000000000000e+00,-1.000000000000000000e+00,-1.000000000000000000e+00,-1.000000000000000000e+00,-1.000000000000000000e+00,-1.000000000000000000e+00,-1.000000000000000000e+00,-1.000000000000000000e+00,-1.000000000000000000e+00,-1.000000000000000000e+00,-1.000000000000000000e+00,-1.000000000000000000e+00,-1.000000000000000000e+00,-1.000000000000000000e+00,-1.000000000000000000e+00,-1.000000000000000000e+00,-1.000000000000000000e+00,-1.000000000000000000e+00,-1.000000000000000000e+00,-1.000000000000000000e+00,-1.000000000000000000e+00
-1.000000000000000000e+00,-1.000000000000000000e+00,-1.000000000000000000e+00,-1.000000000000000000e+00,-1.000000000000000000e+00,-1.000000000000000000e+00,-1.000000000000000000e+00,-1.000000000000000000e+00,-1.000000000000000000e+00,-1.000000000000000000e+00,-1.000000000000000000e+00,-1.000000000000000000e+00,-1.000000000000000000e+00,-1.000000000000000000e+00,-1.000000000000000000e+00,-1.000000000000000000e+00,-1.000000000000000000e+00,-1.000000000000000000e+00,-1.000000000000000000e+00,-1.000000000000000000e+00,-1.000000000000000000e+00,-1.000000000000000000e+00,-1.000000000000000000e+00,-1.000000000000000000e+00,-1.000000000000000000e+00,-1.000000000000000000e+00,-1.000000000000000000e+00,-1.000000000000000000e+00,-1.000000000000000000e+00,-1.000000000000000000e+00,-1.000000000000000000e+00,-1.000000000000000000e+00,-1.000000000000000000e+00,-1.000000000000000000e+00,-1.000000000000000000e+00,-1.000000000000000000e+00,-1.000000000000000000e+00,-1.000000000000000000e+00,-1.000000000000000000e+00,-1.000000000000000000e+00,-1.000000000000000000e+00,-1.000000000000000000e+00,-1.000000000000000000e+00,-1.000000000000000000e+00,-1.000000000000000000e+00,-1.000000000000000000e+00,-8.223266428125136640e-01,-8.223601828431764682e-01,-8.224608115841230971e-01,-8.226285640716999303e-01,-8.228634967130993294e-01,-8.231656734137865472e-01,-8.235351174537328678e-01,-8.239716575357005635e-01,-8.244744639710890333e-01,-8.250407283674116021e-01,-8.256621175242253585e-01,-8.263158101685927903e-01,-8.269432792363142770e-01,-8.274035753256423487e-01,-8.273785826371499175e-01,-8.261986374909152664e-01,-8.225583925149151376e-01,-8.141265900836482938e-01,-7.971498933301544021e-01,-7.663280897059848717e-01,-7.154546475482798096e-01,-6.394246427473957439e-01,-5.379789911282834014e-01,-4.207777692753791321e-01,-3.117947928957959247e-01,-2.470326422241048148e-01,-2.470326422137145705e-01,-3.117947927894954008e-01,-4.207777691337712955e-01,-5.379789909796386382e-01,-6.394246425492672303e-01,-7.154546473653586869e-01,-7.663280895508604029e-01,-7.971498932041914953e-01,-8.141265899893355140e-01,-8.225583924515439405e-01,-8.261986374816479017e-01,-8.273785826729960213e-01,-8.274035754121731312e-01,-8.269432793652603531e-01,-8.263158103214305328e-01,-8.256621177026015612e-01,-8.250407285429989246e-01,-8.244744641433182641e-01,-8.239716577101779960e-01,-8.235351176158181019e-01,-8.231656735822510118e-01,-8.228634968818939743e-01,-8.226285642450864577e-01,-8.224608117642648875e-01,-8.223601830229659848e-01,-8.223266429894979801e-01,-1.000000000000000000e+00,-1.000000000000000000e+00,-1.000000000000000000e+00,-1.000000000000000000e+00,-1.000000000000000000e+00,-1.000000000000000000e+00,-1.000000000000000000e+00,-1.000000000000000000e+00,-1.000000000000000000e+00,-1.000000000000000000e+00,-1.000000000000000000e+00,-1.000000000000000000e+00,-1.000000000000000000e+00,-1.000000000000000000e+00,-1.000000000000000000e+00,-1.000000000000000000e+00,-1.000000000000000000e+00,-1.000000000000000000e+00,-1.000000000000000000e+00,-1.000000000000000000e+00,-1.000000000000000000e+00,-1.000000000000000000e+00,-1.000000000000000000e+00,-1.000000000000000000e+00,-1.000000000000000000e+00,-1.000000000000000000e+00,-1.000000000000000000e+00,-1.000000000000000000e+00,-1.000000000000000000e+00,-1.000000000000000000e+00,-1.000000000000000000e+00,-1.000000000000000000e+00,-1.000000000000000000e+00,-1.000000000000000000e+00,-1.000000000000000000e+00,-1.000000000000000000e+00,-1.000000000000000000e+00,-1.000000000000000000e+00,-1.000000000000000000e+00,-1.000000000000000000e+00,-1.000000000000000000e+00,-1.000000000000000000e+00,-1.000000000000000000e+00,-1.000000000000000000e+00,-1.000000000000000000e+00,-1.000000000000000000e+00
-1.000000000000000000e+00,-1.000000000000000000e+00,-1.000000000000000000e+00,-1.000000000000000000e+00,-1.000000000000000000e+00,-1.000000000000000000e+00,-1.000000000000000000e+00,-1.000000000000000000e+00,-1.000000000000000000e+00,-1.000000000000000000e+00,-1.000000000000000000e+00,-1.000000000000000000e+00,-1.000000000000000000e+00,-1.000000000000000000e+00,-1.000000000000000000e+00,-1.000000000000000000e+00,-1.000000000000000000e+00,-1.000000000000000000e+00,-1.000000000000000000e+00,-1.000000000000000000e+00,-1.000000000000000000e+00,-1.000000000000000000e+00,-1.000000000000000000e+00,-1.000000000000000000e+00,-1.000000000000000000e+00,-1.000000000000000000e+00,-1.000000000000000000e+00,-1.000000000000000000e+00,-1.000000000000000000e+00,-1.000000000000000000e+00,-1.000000000000000000e+00,-1.000000000000000000e+00,-1.000000000000000000e+00,-1.000000000000000000e+00,-1.000000000000000000e+00,-1.000000000000000000e+00,-1.000000000000000000e+00,-1.000000000000000000e+00,-1.000000000000000000e+00,-1.000000000000000000e+00,-1.000000000000000000e+00,-1.000000000000000000e+00,-1.000000000000000000e+00,-1.000000000000000000e+00,-1.000000000000000000e+00,-1.000000000000000000e+00,-8.214032117482467088e-01,-8.214366900073249989e-01,-8.215371373922650822e-01,-8.217045942940650605e-01,-8.219391248549381412e-01,-8.222408030741207297e-01,-8.226096645582616773e-01,-8.230455522995885342e-01,-8.235476522525558840e-01,-8.241131720546096551e-01,-8.247337930968370312e-01,-8.253867032077875088e-01,-8.260133701006220353e-01,-8.264728055960218756e-01,-8.264467825675827495e-01,-8.252653811749912638e-01,-8.216227333537512445e-01,-8.131866284361316533e-01,-7.962021662852583059e-01,-7.653668875246975034e-01,-7.144715731385307134e-01,-6.384090029204938510e-01,-5.369198007113460402e-01,-4.196680218559303288e-01,-3.106378050118354661e-01,-2.458475489293659999e-01,-2.458475489240561362e-01,-3.106378049263256447e-01,-4.196680217257425793e-01,-5.369198005874695756e-01,-6.384090027909530285e-01,-7.144715730100328344e-01,-7.653668874047327986e-01,-7.962021662015955625e-01,-8.131866283904156667e-01,-8.216227333489791729e-01,-8.252653812103111219e-01,-8.264467826457058131e-01,-8.264728057088926994e-01,-8.260133702499081743e-01,-8.253867033764822336e-01,-8.247337932911497083e-01,-8.241131722556895856e-01,-8.235476524531839537e-01,-8.230455525010436091e-01,-8.226096647438083664e-01,-8.222408032466660410e-01,-8.219391250197092269e-01,-8.217045944509995259e-01,-8.215371375535054366e-01,-8.214366901671734666e-01,-8.214032119040073354e-01,-1.000000000000000000e+00,-1.000000000000000000e+00,-1.000000000000000000e+00,-1.000000000000000000e+00,-1.000000000000000000e+00,-1.000000000000000000e+00,-1.000000000000000000e+00,-1.000000000000000000e+00,-1.000000000000000000e+00,-1.000000000000000000e+00,-1.000000000000000000e+00,-1.000000000000000000e+00,-1.000000000000000000e+00,-1.000000000000000000e+00,-1.000000000000000000e+00,-1.000000000000000000e+00,-1.000000000000000000e+00,-1.000000000000000000e+00,-1.000000000000000000e+00,-1.000000000000000000e+00,-1.000000000000000000e+00,-1.000000000000000000e+00,-1.000000000000000000e+00,-1.000000000000000000e+00,-1.000000000000000000e+00,-1.000000000000000000e+00,-1.000000000000000000e+00,-1.000000000000000000e+00,-1.000000000000000000e+00,-1.000000000000000000e+00,-1.000000000000000000e+00,-1.000000000000000000e+00,-1.000000000000000000e+00,-1.000000000000000000e+00,-1.000000000000000000e+00,-1.000000000000000000e+00,-1.000000000000000000e+00,-1.000000000000000000e+00,-1.000000000000000000e+00,-1.000000000000000000e+00,-1.000000000000000000e+00,-1.000000000000000000e+00,-1.000000000000000000e+00,-1.000000000000000000e+00,-1.000000000000000000e+00,-1.000000000000000000e+00
-1.000000000000000000e+00,-1.000000000000000000e+00,-1.000000000000000000e+00,-1.000000000000000000e+00,-1.000000000000000000e+00,-1.000000000000000000e+00,-1.000000000000000000e+00,-1.000000000000000000e+00,-1.000000000000000000e+00,-1.000000000000000000e+00,-1.000000000000000000e+00,-1.000000000000000000e+00,-1.000000000000000000e+00,-1.000000000000000000e+00,-1.000000000000000000e+00,-1.000000000000000000e+00,-1.000000000000000000e+00,-1.000000000000000000e+00,-1.000000000000000000e+00,-1.000000000000000000e+00,-1.000000000000000000e+00,-1.000000000000000000e+00,-1.000000000000000000e+00,-1.000000000000000000e+00,-1.000000000000000000e+00,-1.000000000000000000e+00,-1.000000000000000000e+00,-1.000000000000000000e+00,-1.000000000000000000e+00,-1.000000000000000000e+00,-1.000000000000000000e+00,-1.000000000000000000e+00,-1.000000000000000000e+00,-1.000000000000000000e+00,-1.000000000000000000e+00,-1.000000000000000000e+00,-1.000000000000000000e+00,-1.000000000000000000e+00,-1.000000000000000000e+00,-1.000000000000000000e+00,-1.000000000000000000e+00,-1.000000000000000000e+00,-1.000000000000000000e+00,-1.000000000000000000e+00,-1.000000000000000000e+00,-1.000000000000000000e+00,-8.205128207909564431e-01,-8.205462466768507213e-01,-8.206465391015240751e-01,-8.208137427087308646e-01,-8.210479281936694518e-01,-8.213491782987308865e-01,-8.217175393550133489e-01,-8.221528667797493029e-01,-8.226543601159314045e-01,-8.232192408714180676e-01,-8.238392029038082987e-01,-8.244914412629464895e-01,-8.251174172124825512e-01,-8.255761040364415493e-01,-8.255491665986867122e-01,-8.243664381913364814e-01,-8.207215500902651506e-01,-8.122813759117214483e-01,-7.952895136284612310e-01,-7.644413447012057272e-01,-7.135250661307848130e-01,-6.374312468918565955e-01,-5.359002230149243484e-01,-4.185998666288468506e-01,-3.095242396655770722e-01,-2.447069642224855013e-01,-2.447069641941299611e-01,-3.095242396116609784e-01,-4.185998665502693727e-01,-5.359002229026557096e-01,-6.374312468081209104e-01,-7.135250660694208991e-01,-7.644413446541373780e-01,-7.952895136062770876e-01,-8.122813759115774523e-01,-8.207215501326994289e-01,-8.243664382647921673e-01,-8.255491667186678484e-01,-8.255761041845963710e-01,-8.251174173984726634e-01,-8.244914414637614097e-01,-8.238392031261323467e-01,-8.232192410946431727e-01,-8.226543603255944692e-01,-8.221528669766051678e-01,-8.217175395265055027e-01,-8.213491784483097913e-01,-8.210479283423153252e-01,-8.208137428540127623e-01,-8.206465392561748118e-01,-8.205462468265362075e-01,-8.205128209304133335e-01,-1.000000000000000000e+00,-1.000000000000000000e+00,-1.000000000000000000e+00,-1.000000000000000000e+00,-1.000000000000000000e+00,-1.000000000000000000e+00,-1.000000000000000000e+00,-1.000000000000000000e+00,-1.000000000000000000e+00,-1.000000000000000000e+00,-1.000000000000000000e+00,-1.000000000000000000e+00,-1.000000000000000000e+00,-1.000000000000000000e+00,-1.000000000000000000e+00,-1.000000000000000000e+00,-1.000000000000000000e+00,-1.000000000000000000e+00,-1.000000000000000000e+00,-1.000000000000000000e+00,-1.000000000000000000e+00,-1.000000000000000000e+00,-1.000000000000000000e+00,-1.000000000000000000e+00,-1.000000000000000000e+00,-1.000000000000000000e+00,-1.000000000000000000e+00,-1.000000000000000000e+00,-1.000000000000000000e+00,-1.000000000000000000e+00,-1.000000000000000000e+00,-1.000000000000000000e+00,-1.000000000000000000e+00,-1.000000000000000000e+00,-1.000000000000000000e+00,-1.000000000000000000e+00,-1.000000000000000000e+00,-1.000000000000000000e+00,-1.000000000000000000e+00,-1.000000000000000000e+00,-1.000000000000000000e+00,-1.000000000000000000e+00,-1.000000000000000000e+00,-1.000000000000000000e+00,-1.000000000000000000e+00,-1.000000000000000000e+00
-1.000000000000000000e+00,-1.000000000000000000e+00,-1.000000000000000000e+00,-1.000000000000000000e+00,-1.000000000000000000e+00,-1.000000000000000000e+00,-1.000000000000000000e+00,-1.000000000000000000e+00,-1.000000000000000000e+00,-1.000000000000000000e+00,-1.000000000000000000e+00,-1.000000000000000000e+00,-1.000000000000000000e+00,-1.000000000000000000e+00,-1.000000000000000000e+00,-1.000000000000000000e+00,-1.000000000000000000e+00,-1.000000000000000000e+00,-1.000000000000000000e+00,-1.000000000000000000e+00,-1.000000000000000000e+00,-1.000000000000000000e+00,-1.000000000000000000e+00,-1.000000000000000000e+00,-1.000000000000000000e+00,-1.000000000000000000e+00,-1.000000000000000000e+00,-1.000000000000000000e+00,-1.000000000000000000e+00,-1.000000000000000000e+00,-1.000000000000000000e+00,-1.000000000000000000e+00,-1.000000000000000000e+00,-1.000000000000000000e+00,-1.000000000000000000e+00,-1.000000000000000000e+00,-1.000000000000000000e+00,-1.000000000000000000e+00,-1.000000000000000000e+00,-1.000000000000000000e+00,-1.000000000000000000e+00,-1.000000000000000000e+00,-1.000000000000000000e+00,-1.000000000000000000e+00,-1.000000000000000000e+00,-1.000000000000000000e+00,-8.196552507459511361e-01,-8.196886320041427698e-01,-8.197887919577260263e-01,-8.199557787607278936e-01,-8.201896687148585441e-01,-8.204905521192464857e-01,-8.208584846014423952e-01,-8.212933323357890503e-01,-8.217943066228255988e-01,-8.223586409384877616e-01,-8.229780397400507930e-01,-8.236297036837634256e-01,-8.242550865973968799e-01,-8.247131236450916392e-01,-8.246853750915267289e-01,-8.235014365764675714e-01,-8.198544584475162544e-01,-8.114104352512128138e-01,-7.944115233272950327e-01,-7.635510310626305586e-01,-7.126146731625524477e-01,-6.364908919942122711e-01,-5.349197406506062125e-01,-4.175727497225076856e-01,-3.084535114564940228e-01,-2.436102843589454947e-01,-2.436102843062513124e-01,-3.084535114004466338e-01,-4.175727496688488305e-01,-5.349197405670038652e-01,-6.364908919415437349e-01,-7.126146731317267724e-01,-7.635510310762966268e-01,-7.944115233780999485e-01,-8.114104353215362275e-01,-8.198544585501601478e-01,-8.235014366932627006e-01,-8.246853752474028187e-01,-8.247131238222979999e-01,-8.242550868169060685e-01,-8.236297039184767854e-01,-8.229780399933903645e-01,-8.223586411843377686e-01,-8.217943068407224105e-01,-8.212933325315165956e-01,-8.208584847665676421e-01,-8.204905522596903644e-01,-8.201896688532515078e-01,-8.199557788886400189e-01,-8.197887920871951284e-01,-8.196886321234611028e-01,-8.196552508517557234e-01,-1.000000000000000000e+00,-1.000000000000000000e+00,-1.000000000000000000e+00,-1.000000000000000000e+00,-1.000000000000000000e+00,-1.000000000000000000e+00,-1.000000000000000000e+00,-1.000000000000000000e+00,-1.000000000000000000e+00,-1.000000000000000000e+00,-1.000000000000000000e+00,-1.000000000000000000e+00,-1.000000000000000000e+00,-1.000000000000000000e+00,-1.000000000000000000e+00,-1.000000000000000000e+00,-1.000000000000000000e+00,-1.000000000000000000e+00,-1.000000000000000000e+00,-1.000000000000000000e+00,-1.000000000000000000e+00,-1.000000000000000000e+00,-1.000000000000000000e+00,-1.000000000000000000e+00,-1.000000000000000000e+00,-1.000000000000000000e+00,-1.000000000000000000e+00,-1.000000000000000000e+00,-1.000000000000000000e+00,-1.000000000000000000e+00,-1.000000000000000000e+00,-1.000000000000000000e+00,-1.000000000000000000e+00,-1.000000000000000000e+00,-1.000000000000000000e+00,-1.000000000000000000e+00,-1.000000000000000000e+00,-1.000000000000000000e+00,-1.000000000000000000e+00,-1.000000000000000000e+00,-1.000000000000000000e+00,-1.000000000000000000e+00,-1.000000000000000000e+00,-1.000000000000000000e+00,-1.000000000000000000e+00,-1.000000000000000000e+00
-1.000000000000000000e+00,-1.000000000000000000e+00,-1.000000000000000000e+00,-1.000000000000000000e+00,-1.000000000000000000e+00,-1.000000000000000000e+00,-1.000000000000000000e+00,-1.000000000000000000e+00,-1.000000000000000000e+00,-1.000000000000000000e+00,-1.000000000000000000e+00,-1.000000000000000000e+00,-1.000000000000000000e+00,-1.000000000000000000e+00,-1.000000000000000000e+00,-1.000000000000000000e+00,-1.000000000000000000e+00,-1.000000000000000000e+00,-1.000000000000000000e+00,-1.000000000000000000e+00,-1.000000000000000000e+00,-1.000000000000000000e+00,-1.000000000000000000e+00,-1.000000000000000000e+00,-1.000000000000000000e+00,-1.000000000000000000e+00,-1.000000000000000000e+00,-1.000000000000000000e+00,-1.000000000000000000e+00,-1.000000000000000000e+00,-1.000000000000000000e+00,-1.000000000000000000e+00,-1.000000000000000000e+00,-1.000000000000000000e+00,-1.000000000000000000e+00,-1.000000000000000000e+00,-1.000000000000000000e+00,-1.000000000000000000e+00,-1.000000000000000000e+00,-1.000000000000000000e+00,-1.000000000000000000e+00,-1.000000000000000000e+00,-1.000000000000000000e+00,-1.000000000000000000e+00,-1.000000000000000000e+00,-1.000000000000000000e+00,-8.188302756758345513e-01,-8.188636188673583671e-01,-8.189636657008686482e-01,-8.191304673019622618e-01,-8.193641047833364333e-01,-8.196646749540479338e-01,-8.200322414846441532e-01,-8.204666798624784541e-01,-8.209672115566507555e-01,-8.215310803670174966e-01,-8.221499997279699823e-01,-8.228011745132085553e-01,-8.234260503364152495e-01,-8.238835248170714998e-01,-8.238550571187599481e-01,-8.226700143817347044e-01,-8.190210854720161304e-01,-8.105734218710023420e-01,-7.935677974669780310e-01,-7.626955321643774655e-01,-7.117399584412703595e-01,-6.355874752613838163e-01,-5.339778582563201592e-01,-4.165861415964298153e-01,-3.074250612555748940e-01,-2.425569329303698396e-01,-2.425569329097615467e-01,-3.074250612215628786e-01,-4.165861415405578416e-01,-5.339778582229683934e-01,-6.355874752672036054e-01,-7.117399584616221908e-01,-7.626955322329718179e-01,-7.935677975667060347e-01,-8.105734219973897980e-01,-8.190210856252768679e-01,-8.226700145451957269e-01,-8.238550573142231492e-01,-8.238835250266579591e-01,-8.234260505822841303e-01,-8.228011747707636436e-01,-8.221499999966125349e-01,-8.215310806271522992e-01,-8.209672117797481850e-01,-8.204666800554155648e-01,-8.200322416367950007e-01,-8.196646750728933117e-01,-8.193641048977797769e-01,-8.191304674122958929e-01,-8.189636658193975016e-01,-8.188636189813475186e-01,-8.188302757773893159e-01,-1.000000000000000000e+00,-1.000000000000000000e+00,-1.000000000000000000e+00,-1.000000000000000000e+00,-1.000000000000000000e+00,-1.000000000000000000e+00,-1.000000000000000000e+00,-1.000000000000000000e+00,-1.000000000000000000e+00,-1.000000000000000000e+00,-1.000000000000000000e+00,-1.000000000000000000e+00,-1.000000000000000000e+00,-1.000000000000000000e+00,-1.000000000000000000e+00,-1.000000000000000000e+00,-1.000000000000000000e+00,-1.000000000000000000e+00,-1.000000000000000000e+00,-1.000000000000000000e+00,-1.000000000000000000e+00,-1.000000000000000000e+00,-1.000000000000000000e+00,-1.000000000000000000e+00,-1.000000000000000000e+00,-1.000000000000000000e+00,-1.000000000000000000e+00,-1.000000000000000000e+00,-1.000000000000000000e+00,-1.000000000000000000e+00,-1.000000000000000000e+00,-1.000000000000000000e+00,-1.000000000000000000e+00,-1.000000000000000000e+00,-1.000000000000000000e+00,-1.000000000000000000e+00,-1.000000000000000000e+00,-1.000000000000000000e+00,-1.000000000000000000e+00,-1.000000000000000000e+00,-1.000000000000000000e+00,-1.000000000000000000e+00,-1.000000000000000000e+00,-1.000000000000000000e+00,-1.000000000000000000e+00,-1.000000000000000000e+00
-1.000000000000000000e+00,-1.000000000000000000e+00,-1.000000000000000000e+00,-1.000000000000000000e+00,-1.000000000000000000e+00,-1.000000000000000000e+00,-1.000000000000000000e+00,-1.000000000000000000e+00,-1.000000000000000000e+00,-1.000000000000000000e+00,-1.000000000000000000e+00,-1.000000000000000000e+00,-1.000000000000000000e+00,-1.000000000000000000e+00,-1.000000000000000000e+00,-1.000000000000000000e+00,-1.000000000000000000e+00,-1.000000000000000000e+00,-1.000000000000000000e+00,-1.000000000000000000e+00,-1.000000000000000000e+00,-1.000000000000000000e+00,-1.000000000000000000e+00,-1.000000000000000000e+00,-1.000000000000000000e+00,-1.000000000000000000e+00,-1.000000000000000000e+00,-1.000000000000000000e+00,-1.000000000000000000e+00,-1.000000000000000000e+00,-1.000000000000000000e+00,-1.000000000000000000e+00,-1.000000000000000000e+00,-1.000000000000000000e+00,-1.000000000000000000e+00,-1.000000000000000000e+00,-1.000000000000000000e+00,-1.000000000000000000e+00,-1.000000000000000000e+00,-1.000000000000000000e+00,-1.000000000000000000e+00,-1.000000000000000000e+00,-1.000000000000000000e+00,-1.000000000000000000e+00,-1.000000000000000000e+00,-1.000000000000000000e+00,-8.180376658398482714e-01,-8.180709766025967555e-01,-8.181709270278945123e-01,-8.183375707768971719e-01,-8.185709931180504828e-01,-8.188712964831929009e-01,-8.192385514966491478e-01,-8.196726417060742342e-01,-8.201727973668695437e-01,-8.207362711812862255e-01,-8.213547841723998211e-01,-8.220055442615235020e-01,-8.226299882635618177e-01,-8.230869769749435960e-01,-8.230578720182526453e-01,-8.218718211162040488e-01,-8.182210708079686867e-01,-8.097699649068970107e-01,-7.927579530070418823e-01,-7.618744497282742278e-01,-7.109005038448577007e-01,-6.347205531818328472e-01,-5.330741019321836305e-01,-4.156395361347214878e-01,-3.064383550321431171e-01,-2.415463595644982142e-01,-2.415463595764646421e-01,-3.064383550085700847e-01,-4.156395360682857421e-01,-5.330741019075193599e-01,-6.347205531834937409e-01,-7.109005038964172352e-01,-7.618744498464244952e-01,-7.927579531594736162e-01,-8.097699650969460983e-01,-8.182210710150034094e-01,-8.218718213315007182e-01,-8.230578722564909633e-01,-8.230869772271626195e-01,-8.226299885434082970e-01,-8.220055445523901660e-01,-8.213547844560711297e-01,-8.207362714513402047e-01,-8.201727975870978238e-01,-8.196726418926575386e-01,-8.192385516456729411e-01,-8.188712965979955127e-01,-8.185709932227460683e-01,-8.183375708682196770e-01,-8.181709271119843585e-01,-8.180709766775675629e-01,-8.180376659066470602e-01,-1.000000000000000000e+00,-1.000000000000000000e+00,-1.000000000000000000e+00,-1.000000000000000000e+00,-1.000000000000000000e+00,-1.000000000000000000e+00,-1.000000000000000000e+00,-1.000000000000000000e+00,-1.000000000000000000e+00,-1.000000000000000000e+00,-1.000000000000000000e+00,-1.000000000000000000e+00,-1.000000000000000000e+00,-1.000000000000000000e+00,-1.000000000000000000e+00,-1.000000000000000000e+00,-1.000000000000000000e+00,-1.000000000000000000e+00,-1.000000000000000000e+00,-1.000000000000000000e+00,-1.000000000000000000e+00,-1.000000000000000000e+00,-1.000000000000000000e+00,-1.000000000000000000e+00,-1.000000000000000000e+00,-1.000000000000000000e+00,-1.000000000000000000e+00,-1.000000000000000000e+00,-1.000000000000000000e+00,-1.000000000000000000e+00,-1.000000000000000000e+00,-1.000000000000000000e+00,-1.000000000000000000e+00,-1.000000000000000000e+00,-1.000000000000000000e+00,-1.000000000000000000e+00,-1.000000000000000000e+00,-1.000000000000000000e+00,-1.000000000000000000e+00,-1.000000000000000000e+00,-1.000000000000000000e+00,-1.000000000000000000e+00,-1.000000000000000000e+00,-1.000000000000000000e+00,-1.000000000000000000e+00,-1.000000000000000000e+00
-1.000000000000000000e+00,-1.000000000000000000e+00,-1.000000000000000000e+00,-1.000000000000000000e+00,-1.000000000000000000e+00,-1.000000000000000000e+00,-1.000000000000000000e+00,-1.000000000000000000e+00,-1.000000000000000000e+00,-1.000000000000000000e+00,-1.000000000000000000e+00,-1.000000000000000000e+00,-1.000000000000000000e+00,-1.000000000000000000e+00,-1.000000000000000000e+00,-1.000000000000000000e+00,-1.000000000000000000e+00,-1.000000000000000000e+00,-1.000000000000000000e+00,-1.000000000000000000e+00,-1.000000000000000000e+00,-1.000000000000000000e+00,-1.000000000000000000e+00,-1.000000000000000000e+00,-1.000000000000000000e+00,-1.000000000000000000e+00,-1.000000000000000000e+00,-1.000000000000000000e+00,-1.000000000000000000e+00,-1.000000000000000000e+00,-1.000000000000000000e+00,-1.000000000000000000e+00,-1.000000000000000000e+00,-1.000000000000000000e+00,-1.000000000000000000e+00,-1.000000000000000000e+00,-1.000000000000000000e+00,-1.000000000000000000e+00,-1.000000000000000000e+00,-1.000000000000000000e+00,-1.000000000000000000e+00,-1.000000000000000000e+00,-1.000000000000000000e+00,-1.000000000000000000e+00,-1.000000000000000000e+00,-1.000000000000000000e+00,-8.172771900490662933e-01,-8.173104732460569899e-01,-8.174103417166531660e-01,-8.175768512968137891e-01,-8.178100908369270172e-01,-8.181101676332545036e-01,-8.184771583332367539e-01,-8.189109534778225008e-01,-8.194107909283337987e-01,-8.199739310591256380e-01,-8.205921012841801421e-01,-8.212425115839707690e-01,-8.218665895457457626e-01,-8.223231599975872053e-01,-8.222934906338391636e-01,-8.211065187887358618e-01,-8.174540675523598310e-01,-8.089997079034529914e-01,-7.919816223145961231e-01,-7.610874020104191340e-01,-7.100959091104905863e-01,-6.338897016582750732e-01,-5.322080190055228366e-01,-4.147324502465534746e-01,-3.054928832850958287e-01,-2.405780394097003505e-01,-2.405780394102432496e-01,-3.054928832613440504e-01,-4.147324502473634933e-01,-5.322080190424203217e-01,-6.338897016898972225e-01,-7.100959092025025399e-01,-7.610874021456875971e-01,-7.919816224860229958e-01,-8.089997081211595109e-01,-8.174540677902610852e-01,-8.211065190458746166e-01,-8.222934909055903407e-01,-8.223231602817510089e-01,-8.218665898376300571e-01,-8.212425118899144838e-01,-8.205921015729942258e-01,-8.199739313465783663e-01,-8.194107911685746259e-01,-8.189109536841637782e-01,-8.184771584992935889e-01,-8.181101677509292625e-01,-8.178100909309551358e-01,-8.175768513688014272e-01,-8.174103417771766411e-01,-8.173104733016683943e-01,-8.172771901036510744e-01,-1.000000000000000000e+00,-1.000000000000000000e+00,-1.000000000000000000e+00,-1.000000000000000000e+00,-1.000000000000000000e+00,-1.000000000000000000e+00,-1.000000000000000000e+00,-1.000000000000000000e+00,-1.000000000000000000e+00,-1.000000000000000000e+00,-1.000000000000000000e+00,-1.000000000000000000e+00,-1.000000000000000000e+00,-1.000000000000000000e+00,-1.000000000000000000e+00,-1.000000000000000000e+00,-1.000000000000000000e+00,-1.000000000000000000e+00,-1.000000000000000000e+00,-1.000000000000000000e+00,-1.000000000000000000e+00,-1.000000000000000000e+00,-1.000000000000000000e+00,-1.000000000000000000e+00,-1.000000000000000000e+00,-1.000000000000000000e+00,-1.000000000000000000e+00,-1.000000000000000000e+00,-1.000000000000000000e+00,-1.000000000000000000e+00,-1.000000000000000000e+00,-1.000000000000000000e+00,-1.000000000000000000e+00,-1.000000000000000000e+00,-1.000000000000000000e+00,-1.000000000000000000e+00,-1.000000000000000000e+00,-1.000000000000000000e+00,-1.000000000000000000e+00,-1.000000000000000000e+00,-1.000000000000000000e+00,-1.000000000000000000e+00,-1.000000000000000000e+00,-1.000000000000000000e+00,-1.000000000000000000e+00,-1.000000000000000000e+00
-1.000000000000000000e+00,-1.000000000000000000e+00,-1.000000000000000000e+00,-1.000000000000000000e+00,-1.000000000000000000e+00,-1.000000000000000000e+00,-1.000000000000000000e+00,-1.000000000000000000e+00,-1.000000000000000000e+00,-1.000000000000000000e+00,-1.000000000000000000e+00,-1.000000000000000000e+00,-1.000000000000000000e+00,-1.000000000000000000e+00,-1.000000000000000000e+00,-1.000000000000000000e+00,-1.000000000000000000e+00,-1.000000000000000000e+00,-1.000000000000000000e+00,-1.000000000000000000e+00,-1.000000000000000000e+00,-1.000000000000000000e+00,-1.000000000000000000e+00,-1.000000000000000000e+00,-1.000000000000000000e+00,-1.000000000000000000e+00,-1.000000000000000000e+00,-1.000000000000000000e+00,-1.000000000000000000e+00,-1.000000000000000000e+00,-1.000000000000000000e+00,-1.000000000000000000e+00,-1.000000000000000000e+00,-1.000000000000000000e+00,-1.000000000000000000e+00,-1.000000000000000000e+00,-1.000000000000000000e+00,-1.000000000000000000e+00,-1.000000000000000000e+00,-1.000000000000000000e+00,-1.000000000000000000e+00,-1.000000000000000000e+00,-1.000000000000000000e+00,-1.000000000000000000e+00,-1.000000000000000000e+00,-1.000000000000000000e+00,-8.165486178189490518e-01,-8.165818776431930104e-01,-8.166816766376403525e-01,-8.168480725238267404e-01,-8.170811572477315599e-01,-8.173810423168961226e-01,-8.177478095932927404e-01,-8.181813556797543630e-01,-8.186809250329216692e-01,-8.192437846479303509e-01,-8.198616673121555953e-01,-8.205117842534764838e-01,-8.211355535400719496e-01,-8.215917650004850303e-01,-8.215615960381781324e-01,-8.203737825657078098e-01,-8.167197428268200277e-01,-8.082623092792182717e-01,-7.912384535215963854e-01,-7.603340240462136412e-01,-7.093257920052711274e-01,-6.330945160809170469e-01,-5.313791779768326506e-01,-4.138644237523672054e-01,-3.045881607463457597e-01,-2.396514726228166081e-01,-2.396514726134596485e-01,-3.045881607331873964e-01,-4.138644237787312274e-01,-5.313791780090002526e-01,-6.330945161402725674e-01,-7.093257921363735896e-01,-7.603340242004091865e-01,-7.912384537280627850e-01,-8.082623095224770182e-01,-8.167197430921881995e-01,-8.203737828559189982e-01,-8.215615963361779794e-01,-8.215917653160318412e-01,-8.211355538469364834e-01,-8.205117845765494966e-01,-8.198616676053669394e-01,-8.192437849413316542e-01,-8.186809252799348569e-01,-8.181813558935688846e-01,-8.177478097735721985e-01,-8.173810424497709448e-01,-8.170811573558003360e-01,-8.168480726016134064e-01,-8.166816766928399751e-01,-8.165818776841887727e-01,-8.165486178551364382e-01,-1.000000000000000000e+00,-1.000000000000000000e+00,-1.000000000000000000e+00,-1.000000000000000000e+00,-1.000000000000000000e+00,-1.000000000000000000e+00,-1.000000000000000000e+00,-1.000000000000000000e+00,-1.000000000000000000e+00,-1.000000000000000000e+00,-1.000000000000000000e+00,-1.000000000000000000e+00,-1.000000000000000000e+00,-1.000000000000000000e+00,-1.000000000000000000e+00,-1.000000000000000000e+00,-1.000000000000000000e+00,-1.000000000000000000e+00,-1.000000000000000000e+00,-1.000000000000000000e+00,-1.000000000000000000e+00,-1.000000000000000000e+00,-1.000000000000000000e+00,-1.000000000000000000e+00,-1.000000000000000000e+00,-1.000000000000000000e+00,-1.000000000000000000e+00,-1.000000000000000000e+00,-1.000000000000000000e+00,-1.000000000000000000e+00,-1.000000000000000000e+00,-1.000000000000000000e+00,-1.000000000000000000e+00,-1.000000000000000000e+00,-1.000000000000000000e+00,-1.000000000000000000e+00,-1.000000000000000000e+00,-1.000000000000000000e+00,-1.000000000000000000e+00,-1.000000000000000000e+00,-1.000000000000000000e+00,-1.000000000000000000e+00,-1.000000000000000000e+00,-1.000000000000000000e+00,-1.000000000000000000e+00,-1.000000000000000000e+00
-1.000000000000000000e+00,-1.000000000000000000e+00,-1.000000000000000000e+00,-1.000000000000000000e+00,-1.000000000000000000e+00,-1.000000000000000000e+00,-1.000000000000000000e+00,-1.000000000000000000e+00,-1.000000000000000000e+00,-1.000000000000000000e+00,-1.000000000000000000e+00,-1.000000000000000000e+00,-1.000000000000000000e+00,-1.000000000000000000e+00,-1.000000000000000000e+00,-1.000000000000000000e+00,-1.000000000000000000e+00,-1.000000000000000000e+00,-1.000000000000000000e+00,-1.000000000000000000e+00,-1.000000000000000000e+00,-1.000000000000000000e+00,-1.000000000000000000e+00,-1.000000000000000000e+00,-1.000000000000000000e+00,-1.000000000000000000e+00,-1.000000000000000000e+00,-1.000000000000000000e+00,-1.000000000000000000e+00,-1.000000000000000000e+00,-1.000000000000000000e+00,-1.000000000000000000e+00,-1.000000000000000000e+00,-1.000000000000000000e+00,-1.000000000000000000e+00,-1.000000000000000000e+00,-1.000000000000000000e+00,-1.000000000000000000e+00,-1.000000000000000000e+00,-1.000000000000000000e+00,-1.000000000000000000e+00,-1.000000000000000000e+00,-1.000000000000000000e+00,-1.000000000000000000e+00,-1.000000000000000000e+00,-1.000000000000000000e+00,-8.158517209975788553e-01,-8.158849610758295290e-01,-8.159847013743931621e-01,-8.161510012456476559e-01,-8.163839553158197537e-01,-8.166836787504325734e-01,-8.170502579476355276e-01,-8.174835947713260387e-01,-8.179829394010990073e-01,-8.185455645440111727e-01,-8.191632074820773823e-01,-8.198130800242022787e-01,-8.204365905460118125e-01,-8.208924949520326475e-01,-8.208618840173744768e-01,-8.196733011436591054e-01,-8.160177780664140679e-01,-8.075574425374223431e-01,-7.905281106612399578e-01,-7.596139676633897331e-01,-7.085897881986549240e-01,-6.323346110811565168e-01,-5.305871680816434122e-01,-4.130350188833947778e-01,-3.037237259800849021e-01,-2.387661838844998830e-01,-2.387661839020988053e-01,-3.037237260301870467e-01,-4.130350189477366429e-01,-5.305871681500379244e-01,-6.323346112108749750e-01,-7.085897883536576014e-01,-7.596139678249982374e-01,-7.905281108770310095e-01,-8.075574427670867417e-01,-8.160177783292268394e-01,-8.196733014325935374e-01,-8.208618843128110409e-01,-8.208924952712498557e-01,-8.204365908545354635e-01,-8.198130803598044913e-01,-8.191632077965440573e-01,-8.185455648645106885e-01,-8.179829396809810138e-01,-8.174835950124634820e-01,-8.170502581547262055e-01,-8.166836789072601244e-01,-8.163839554447451796e-01,-8.161510013399414509e-01,-8.159847014419358002e-01,-8.158849611298751858e-01,-8.158517210475955128e-01,-1.000000000000000000e+00,-1.000000000000000000e+00,-1.000000000000000000e+00,-1.000000000000000000e+00,-1.000000000000000000e+00,-1.000000000000000000e+00,-1.000000000000000000e+00,-1.000000000000000000e+00,-1.000000000000000000e+00,-1.000000000000000000e+00,-1.000000000000000000e+00,-1.000000000000000000e+00,-1.000000000000000000e+00,-1.000000000000000000e+00,-1.000000000000000000e+00,-1.000000000000000000e+00,-1.000000000000000000e+00,-1.000000000000000000e+00,-1.000000000000000000e+00,-1.000000000000000000e+00,-1.000000000000000000e+00,-1.000000000000000000e+00,-1.000000000000000000e+00,-1.000000000000000000e+00,-1.000000000000000000e+00,-1.000000000000000000e+00,-1.000000000000000000e+00,-1.000000000000000000e+00,-1.000000000000000000e+00,-1.000000000000000000e+00,-1.000000000000000000e+00,-1.000000000000000000e+00,-1.000000000000000000e+00,-1.000000000000000000e+00,-1.000000000000000000e+00,-1.000000000000000000e+00,-1.000000000000000000e+00,-1.000000000000000000e+00,-1.000000000000000000e+00,-1.000000000000000000e+00,-1.000000000000000000e+00,-1.000000000000000000e+00,-1.000000000000000000e+00,-1.000000000000000000e+00,-1.000000000000000000e+00,-1.000000000000000000e+00
-1.000000000000000000e+00,-1.000000000000000000e+00,-1.000000000000000000e+00,-1.000000000000000000e+00,-1.000000000000000000e+00,-1.000000000000000000e+00,-1.000000000000000000e+00,-1.000000000000000000e+00,-1.000000000000000000e+00,-1.000000000000000000e+00,-1.000000000000000000e+00,-1.000000000000000000e+00,-1.000000000000000000e+00,-1.000000000000000000e+00,-1.000000000000000000e+00,-1.000000000000000000e+00,-1.000000000000000000e+00,-1.000000000000000000e+00,-1.000000000000000000e+00,-1.000000000000000000e+00,-1.000000000000000000e+00,-1.000000000000000000e+00,-1.000000000000000000e+00,-1.000000000000000000e+00,-1.000000000000000000e+00,-1.000000000000000000e+00,-1.000000000000000000e+00,-1.000000000000000000e+00,-1.000000000000000000e+00,-1.000000000000000000e+00,-1.000000000000000000e+00,-1.000000000000000000e+00,-1.000000000000000000e+00,-1.000000000000000000e+00,-1.000000000000000000e+00,-1.000000000000000000e+00,-1.000000000000000000e+00,-1.000000000000000000e+00,-1.000000000000000000e+00,-1.000000000000000000e+00,-1.000000000000000000e+00,-1.000000000000000000e+00,-1.000000000000000000e+00,-1.000000000000000000e+00,-1.000000000000000000e+00,-1.000000000000000000e+00,-8.151862751481492309e-01,-8.152194986000891319e-01,-8.153191894933858874e-01,-8.154854086066833929e-01,-8.157182528909365793e-01,-8.160178406800098205e-01,-8.163842623182954172e-01,-8.168174242389860673e-01,-8.173165815936580536e-01,-8.178790120259129548e-01,-8.184964565651958734e-01,-8.191461270649882387e-01,-8.197694221380282809e-01,-8.202250649214539724e-01,-8.201940632367904493e-01,-8.190047768200849898e-01,-8.153478689974922311e-01,-8.068847961508827105e-01,-7.898502735054041546e-01,-7.589269013090436111e-01,-7.078875510544815342e-01,-6.316096203676937471e-01,-5.298315990927195962e-01,-4.122438198670380638e-01,-3.028991409393694267e-01,-2.379217220667626531e-01,-2.379217220757987583e-01,-3.028991409732778584e-01,-4.122438199284208515e-01,-5.298315992060145252e-01,-6.316096205363336269e-01,-7.078875512147300153e-01,-7.589269015052755307e-01,-7.898502737353113590e-01,-8.068847963793954747e-01,-8.153478692657987192e-01,-8.190047771017844314e-01,-8.201940635276740998e-01,-8.202250652319433843e-01,-8.197694224424217913e-01,-8.191461273954290245e-01,-8.184964568866176515e-01,-8.178790123527351907e-01,-8.173165818921359627e-01,-8.168174244990775712e-01,-8.163842625539021736e-01,-8.160178408737763789e-01,-8.157182530621733818e-01,-8.154854087525748030e-01,-8.153191896101580349e-01,-8.152194986963862133e-01,-8.151862752343380647e-01,-1.000000000000000000e+00,-1.000000000000000000e+00,-1.000000000000000000e+00,-1.000000000000000000e+00,-1.000000000000000000e+00,-1.000000000000000000e+00,-1.000000000000000000e+00,-1.000000000000000000e+00,-1.000000000000000000e+00,-1.000000000000000000e+00,-1.000000000000000000e+00,-1.000000000000000000e+00,-1.000000000000000000e+00,-1.000000000000000000e+00,-1.000000000000000000e+00,-1.000000000000000000e+00,-1.000000000000000000e+00,-1.000000000000000000e+00,-1.000000000000000000e+00,-1.000000000000000000e+00,-1.000000000000000000e+00,-1.000000000000000000e+00,-1.000000000000000000e+00,-1.000000000000000000e+00,-1.000000000000000000e+00,-1.000000000000000000e+00,-1.000000000000000000e+00,-1.000000000000000000e+00,-1.000000000000000000e+00,-1.000000000000000000e+00,-1.000000000000000000e+00,-1.000000000000000000e+00,-1.000000000000000000e+00,-1.000000000000000000e+00,-1.000000000000000000e+00,-1.000000000000000000e+00,-1.000000000000000000e+00,-1.000000000000000000e+00,-1.000000000000000000e+00,-1.000000000000000000e+00,-1.000000000000000000e+00,-1.000000000000000000e+00,-1.000000000000000000e+00,-1.000000000000000000e+00,-1.000000000000000000e+00,-1.000000000000000000e+00
-1.000000000000000000e+00,-1.000000000000000000e+00,-1.000000000000000000e+00,-1.000000000000000000e+00,-1.000000000000000000e+00,-1.000000000000000000e+00,-1.000000000000000000e+00,-1.000000000000000000e+00,-1.000000000000000000e+00,-1.000000000000000000e+00,-1.000000000000000000e+00,-1.000000000000000000e+00,-1.000000000000000000e+00,-1.000000000000000000e+00,-1.000000000000000000e+00,-1.000000000000000000e+00,-1.000000000000000000e+00,-1.000000000000000000e+00,-1.000000000000000000e+00,-1.000000000000000000e+00,-1.000000000000000000e+00,-1.000000000000000000e+00,-1.000000000000000000e+00,-1.000000000000000000e+00,-1.000000000000000000e+00,-1.000000000000000000e+00,-1.000000000000000000e+00,-1.000000000000000000e+00,-1.000000000000000000e+00,-1.000000000000000000e+00,-1.000000000000000000e+00,-1.000000000000000000e+00,-1.000000000000000000e+00,-1.000000000000000000e+00,-1.000000000000000000e+00,-1.000000000000000000e+00,-1.000000000000000000e+00,-1.000000000000000000e+00,-1.000000000000000000e+00,-1.000000000000000000e+00,-1.000000000000000000e+00,-1.000000000000000000e+00,-1.000000000000000000e+00,-1.000000000000000000e+00,-1.000000000000000000e+00,-1.000000000000000000e+00,-8.145520607421217196e-01,-8.145852702611217078e-01,-8.146849197563083012e-01,-8.148510712397777356e-01,-8.150838236922788305e-01,-8.153832982075468472e-01,-8.157495885740608799e-01,-8.161826052012641775e-01,-8.166816075590812574e-01,-8.172438775509536235e-01,-8.178611593106679400e-01,-8.185106643027086903e-01,-8.191337814073079704e-01,-8.195892022246933362e-01,-8.195578553206408490e-01,-8.183679255324247670e-01,-8.147097256615067895e-01,-8.062440735518319190e-01,-7.892046374712837764e-01,-7.582725098824932841e-01,-7.072187512896386252e-01,-6.309191962188895886e-01,-5.291121008507465584e-01,-4.114904323790060658e-01,-3.021139901801378480e-01,-2.371176594420026928e-01,-2.371176594591992703e-01,-3.021139902415120870e-01,-4.114904324871546670e-01,-5.291121010043589035e-01,-6.309191963860873997e-01,-7.072187514665897456e-01,-7.582725101087675057e-01,-7.892046376799963792e-01,-8.062440737668499224e-01,-8.147097259032182182e-01,-8.183679257731504286e-01,-8.195578555858978875e-01,-8.195892025076003673e-01,-8.191337817103792052e-01,-8.185106646334225911e-01,-8.178611596524807403e-01,-8.172438778932724635e-01,-8.166816078876957263e-01,-8.161826054917566964e-01,-8.157495888496929526e-01,-8.153832984478021073e-01,-8.150838239052657919e-01,-8.148510714333354610e-01,-8.146849199221126714e-01,-8.145852704137052092e-01,-8.145520608906877680e-01,-1.000000000000000000e+00,-1.000000000000000000e+00,-1.000000000000000000e+00,-1.000000000000000000e+00,-1.000000000000000000e+00,-1.000000000000000000e+00,-1.000000000000000000e+00,-1.000000000000000000e+00,-1.000000000000000000e+00,-1.000000000000000000e+00,-1.000000000000000000e+00,-1.000000000000000000e+00,-1.000000000000000000e+00,-1.000000000000000000e+00,-1.000000000000000000e+00,-1.000000000000000000e+00,-1.000000000000000000e+00,-1.000000000000000000e+00,-1.000000000000000000e+00,-1.000000000000000000e+00,-1.000000000000000000e+00,-1.000000000000000000e+00,-1.000000000000000000e+00,-1.000000000000000000e+00,-1.000000000000000000e+00,-1.000000000000000000e+00,-1.000000000000000000e+00,-1.000000000000000000e+00,-1.000000000000000000e+00,-1.000000000000000000e+00,-1.000000000000000000e+00,-1.000000000000000000e+00,-1.000000000000000000e+00,-1.000000000000000000e+00,-1.000000000000000000e+00,-1.000000000000000000e+00,-1.000000000000000000e+00,-1.000000000000000000e+00,-1.000000000000000000e+00,-1.000000000000000000e+00,-1.000000000000000000e+00,-1.000000000000000000e+00,-1.000000000000000000e+00,-1.000000000000000000e+00,-1.000000000000000000e+00,-1.000000000000000000e+00
-1.000000000000000000e+00,-1.000000000000000000e+00,-1.000000000000000000e+00,-1.000000000000000000e+00,-1.000000000000000000e+00,-1.000000000000000000e+00,-1.000000000000000000e+00,-1.000000000000000000e+00,-1.000000000000000000e+00,-1.000000000000000000e+00,-1.000000000000000000e+00,-1.000000000000000000e+00,-1.000000000000000000e+00,-1.000000000000000000e+00,-1.000000000000000000e+00,-1.000000000000000000e+00,-1.000000000000000000e+00,-1.000000000000000000e+00,-1.000000000000000000e+00,-1.000000000000000000e+00,-1.000000000000000000e+00,-1.000000000000000000e+00,-1.000000000000000000e+00,-1.000000000000000000e+00,-1.000000000000000000e+00,-1.000000000000000000e+00,-1.000000000000000000e+00,-1.000000000000000000e+00,-1.000000000000000000e+00,-1.000000000000000000e+00,-1.000000000000000000e+00,-1.000000000000000000e+00,-1.000000000000000000e+00,-1.000000000000000000e+00,-1.000000000000000000e+00,-1.000000000000000000e+00,-1.000000000000000000e+00,-1.000000000000000000e+00,-1.000000000000000000e+00,-1.000000000000000000e+00,-1.000000000000000000e+00,-1.000000000000000000e+00,-1.000000000000000000e+00,-1.000000000000000000e+00,-1.000000000000000000e+00,-1.000000000000000000e+00,-8.139488640129138863e-01,-8.139820619090674114e-01,-8.140816768927396918e-01,-8.142477720511389627e-01,-8.144804481275882413e-01,-8.147798286165854886e-01,-8.151460103114788192e-01,-8.155789070904064797e-01,-8.160777821861400216e-01,-8.166399211799715285e-01,-8.172570707670769874e-01,-8.179064416662035208e-01,-8.185294131371976256e-01,-8.189846465162048395e-01,-8.189529948375438018e-01,-8.177624767140195816e-01,-8.141030721483035748e-01,-8.056349928012953576e-01,-7.885909132262112209e-01,-7.576504943724069463e-01,-7.065830766890807135e-01,-6.302630090687098008e-01,-5.284283227870021360e-01,-4.107744832340248786e-01,-3.013678805783398529e-01,-2.363535911884275809e-01,-2.363535912085303892e-01,-3.013678806393214060e-01,-4.107744833299233900e-01,-5.284283229180847252e-01,-6.302630092285801400e-01,-7.065830768916253612e-01,-7.576504945894463328e-01,-7.885909134134844178e-01,-8.056349930291630823e-01,-8.141030723732631813e-01,-8.177624769361659940e-01,-8.189529950852501017e-01,-8.189846467612044156e-01,-8.185294134155346457e-01,-8.179064419617030346e-01,-8.172570710964941476e-01,-8.166399215156314728e-01,-8.160777825409217812e-01,-8.155789074231569735e-01,-8.151460106449845977e-01,-8.147798289255727688e-01,-8.144804484042265091e-01,-8.142477723108348941e-01,-8.140816771239395289e-01,-8.139820621278046620e-01,-8.139488642307370903e-01,-1.000000000000000000e+00,-1.000000000000000000e+00,-1.000000000000000000e+00,-1.000000000000000000e+00,-1.000000000000000000e+00,-1.000000000000000000e+00,-1.000000000000000000e+00,-1.000000000000000000e+00,-1.000000000000000000e+00,-1.000000000000000000e+00,-1.000000000000000000e+00,-1.000000000000000000e+00,-1.000000000000000000e+00,-1.000000000000000000e+00,-1.000000000000000000e+00,-1.000000000000000000e+00,-1.000000000000000000e+00,-1.000000000000000000e+00,-1.000000000000000000e+00,-1.000000000000000000e+00,-1.000000000000000000e+00,-1.000000000000000000e+00,-1.000000000000000000e+00,-1.000000000000000000e+00,-1.000000000000000000e+00,-1.000000000000000000e+00,-1.000000000000000000e+00,-1.000000000000000000e+00,-1.000000000000000000e+00,-1.000000000000000000e+00,-1.000000000000000000e+00,-1.000000000000000000e+00,-1.000000000000000000e+00,-1.000000000000000000e+00,-1.000000000000000000e+00,-1.000000000000000000e+00,-1.000000000000000000e+00,-1.000000000000000000e+00,-1.000000000000000000e+00,-1.000000000000000000e+00,-1.000000000000000000e+00,-1.000000000000000000e+00,-1.000000000000000000e+00,-1.000000000000000000e+00,-1.000000000000000000e+00,-1.000000000000000000e+00
-1.000000000000000000e+00,-1.000000000000000000e+00,-1.000000000000000000e+00,-1.000000000000000000e+00,-1.000000000000000000e+00,-1.000000000000000000e+00,-1.000000000000000000e+00,-1.000000000000000000e+00,-1.000000000000000000e+00,-1.000000000000000000e+00,-1.000000000000000000e+00,-1.000000000000000000e+00,-1.000000000000000000e+00,-1.000000000000000000e+00,-1.000000000000000000e+00,-1.000000000000000000e+00,-1.000000000000000000e+00,-1.000000000000000000e+00,-1.000000000000000000e+00,-1.000000000000000000e+00,-1.000000000000000000e+00,-1.000000000000000000e+00,-1.000000000000000000e+00,-1.000000000000000000e+00,-1.000000000000000000e+00,-1.000000000000000000e+00,-1.000000000000000000e+00,-1.000000000000000000e+00,-1.000000000000000000e+00,-1.000000000000000000e+00,-1.000000000000000000e+00,-1.000000000000000000e+00,-1.000000000000000000e+00,-1.000000000000000000e+00,-1.000000000000000000e+00,-1.000000000000000000e+00,-1.000000000000000000e+00,-1.000000000000000000e+00,-1.000000000000000000e+00,-1.000000000000000000e+00,-1.000000000000000000e+00,-1.000000000000000000e+00,-1.000000000000000000e+00,-1.000000000000000000e+00,-1.000000000000000000e+00,-1.000000000000000000e+00,-8.133764778638058468e-01,-8.134096661208403134e-01,-8.135092525000244823e-01,-8.136753010255809437e-01,-8.139079139771840943e-01,-8.142072169462793996e-01,-8.145733093494891275e-01,-8.150061080894042131e-01,-8.155048796814603485e-01,-8.160669128739170830e-01,-8.166839564720294042e-01,-8.173332201612035774e-01,-8.179560737814564053e-01,-8.184111497104904487e-01,-8.183792292126721435e-01,-8.171881732328017955e-01,-8.135276465304106530e-01,-8.050572865316579785e-01,-7.880088265599174413e-01,-7.570605715576541606e-01,-7.059802318085423023e-01,-6.296407471898129993e-01,-5.277799333096813150e-01,-4.100956195518085101e-01,-3.006604405644702771e-01,-2.356291347925478785e-01,-2.356291348118080275e-01,-3.006604406225293902e-01,-4.100956196456342351e-01,-5.277799334414836618e-01,-6.296407473521679066e-01,-7.059802319881600674e-01,-7.570605717275755708e-01,-7.880088267419166348e-01,-8.050572867434515612e-01,-8.135276467036162140e-01,-8.171881734218091609e-01,-8.183792294218533714e-01,-8.184111499253101663e-01,-8.179560740502417326e-01,-8.173332204435026505e-01,-8.166839568037156383e-01,-8.160669132097344569e-01,-8.155048800571779166e-01,-8.150061084570034975e-01,-8.145733097276883772e-01,-8.142072173102637977e-01,-8.139079143088340240e-01,-8.136753013452200367e-01,-8.135092527985541278e-01,-8.134096664126919674e-01,-8.133764781596106719e-01,-1.000000000000000000e+00,-1.000000000000000000e+00,-1.000000000000000000e+00,-1.000000000000000000e+00,-1.000000000000000000e+00,-1.000000000000000000e+00,-1.000000000000000000e+00,-1.000000000000000000e+00,-1.000000000000000000e+00,-1.000000000000000000e+00,-1.000000000000000000e+00,-1.000000000000000000e+00,-1.000000000000000000e+00,-1.000000000000000000e+00,-1.000000000000000000e+00,-1.000000000000000000e+00,-1.000000000000000000e+00,-1.000000000000000000e+00,-1.000000000000000000e+00,-1.000000000000000000e+00,-1.000000000000000000e+00,-1.000000000000000000e+00,-1.000000000000000000e+00,-1.000000000000000000e+00,-1.000000000000000000e+00,-1.000000000000000000e+00,-1.000000000000000000e+00,-1.000000000000000000e+00,-1.000000000000000000e+00,-1.000000000000000000e+00,-1.000000000000000000e+00,-1.000000000000000000e+00,-1.000000000000000000e+00,-1.000000000000000000e+00,-1.000000000000000000e+00,-1.000000000000000000e+00,-1.000000000000000000e+00,-1.000000000000000000e+00,-1.000000000000000000e+00,-1.000000000000000000e+00,-1.000000000000000000e+00,-1.000000000000000000e+00,-1.000000000000000000e+00,-1.000000000000000000e+00,-1.000000000000000000e+00,-1.000000000000000000e+00
-1.000000000000000000e+00,-1.000000000000000000e+00,-1.000000000000000000e+00,-1.000000000000000000e+00,-1.000000000000000000e+00,-1.000000000000000000e+00,-1.000000000000000000e+00,-1.000000000000000000e+00,-1.000000000000000000e+00,-1.000000000000000000e+00,-1.000000000000000000e+00,-1.000000000000000000e+00,-1.000000000000000000e+00,-1.000000000000000000e+00,-1.000000000000000000e+00,-1.000000000000000000e+00,-1.000000000000000000e+00,-1.000000000000000000e+00,-1.000000000000000000e+00,-1.000000000000000000e+00,-1.000000000000000000e+00,-1.000000000000000000e+00,-1.000000000000000000e+00,-1.000000000000000000e+00,-1.000000000000000000e+00,-1.000000000000000000e+00,-1.000000000000000000e+00,-1.000000000000000000e+00,-1.000000000000000000e+00,-1.000000000000000000e+00,-1.000000000000000000e+00,-1.000000000000000000e+00,-1.000000000000000000e+00,-1.000000000000000000e+00,-1.000000000000000000e+00,-1.000000000000000000e+00,-1.000000000000000000e+00,-1.000000000000000000e+00,-1.000000000000000000e+00,-1.000000000000000000e+00,-1.000000000000000000e+00,-1.000000000000000000e+00,-1.000000000000000000e+00,-1.000000000000000000e+00,-1.000000000000000000e+00,-1.000000000000000000e+00,-8.128347024399698029e-01,-8.128678827561333087e-01,-8.129674455882953676e-01,-8.131334557836905619e-01,-8.133660169563455833e-01,-8.136652565264940185e-01,-8.140312762021123527e-01,-8.144639955253313301e-01,-8.149626838890864367e-01,-8.155246327638479009e-01,-8.161415926922482855e-01,-8.167907720851799169e-01,-8.174135316306898602e-01,-8.178684760620419381e-01,-8.178363186727405365e-01,-8.166447712178601659e-01,-8.129832005565165165e-01,-8.045107015600607703e-01,-7.874581180511943668e-01,-7.565024735842460490e-01,-7.054099374208990803e-01,-6.290521163076928657e-01,-5.271666196112750891e-01,-4.094535084939923131e-01,-2.999913196660025649e-01,-2.349439294631292530e-01,-2.349439294814235080e-01,-2.999913197219933325e-01,-4.094535085763508775e-01,-5.271666197094335704e-01,-6.290521164178081159e-01,-7.054099375429662144e-01,-7.565024737308132519e-01,-7.874581182372888399e-01,-8.045107017337107536e-01,-8.129832007120860737e-01,-8.166447714016231707e-01,-8.178363188420758600e-01,-8.178684762448820145e-01,-8.174135318563008346e-01,-8.167907723255194430e-01,-8.161415929993884877e-01,-8.155246330927243825e-01,-8.149626842832952134e-01,-8.144639959360335801e-01,-8.140312766365078723e-01,-8.136652569604421181e-01,-8.133660173632430990e-01,-8.131334561800842575e-01,-8.129674459652452834e-01,-8.128678831221797241e-01,-8.128347028104604410e-01,-1.000000000000000000e+00,-1.000000000000000000e+00,-1.000000000000000000e+00,-1.000000000000000000e+00,-1.000000000000000000e+00,-1.000000000000000000e+00,-1.000000000000000000e+00,-1.000000000000000000e+00,-1.000000000000000000e+00,-1.000000000000000000e+00,-1.000000000000000000e+00,-1.000000000000000000e+00,-1.000000000000000000e+00,-1.000000000000000000e+00,-1.000000000000000000e+00,-1.000000000000000000e+00,-1.000000000000000000e+00,-1.000000000000000000e+00,-1.000000000000000000e+00,-1.000000000000000000e+00,-1.000000000000000000e+00,-1.000000000000000000e+00,-1.000000000000000000e+00,-1.000000000000000000e+00,-1.000000000000000000e+00,-1.000000000000000000e+00,-1.000000000000000000e+00,-1.000000000000000000e+00,-1.000000000000000000e+00,-1.000000000000000000e+00,-1.000000000000000000e+00,-1.000000000000000000e+00,-1.000000000000000000e+00,-1.000000000000000000e+00,-1.000000000000000000e+00,-1.000000000000000000e+00,-1.000000000000000000e+00,-1.000000000000000000e+00,-1.000000000000000000e+00,-1.000000000000000000e+00,-1.000000000000000000e+00,-1.000000000000000000e+00,-1.000000000000000000e+00,-1.000000000000000000e+00,-1.000000000000000000e+00,-1.000000000000000000e+00
-1.000000000000000000e+00,-1.000000000000000000e+00,-1.000000000000000000e+00,-1.000000000000000000e+00,-1.000000000000000000e+00,-1.000000000000000000e+00,-1.000000000000000000e+00,-1.000000000000000000e+00,-1.000000000000000000e+00,-1.000000000000000000e+00,-1.000000000000000000e+00,-1.000000000000000000e+00,-1.000000000000000000e+00,-1.000000000000000000e+00,-1.000000000000000000e+00,-1.000000000000000000e+00,-1.000000000000000000e+00,-1.000000000000000000e+00,-1.000000000000000000e+00,-1.000000000000000000e+00,-1.000000000000000000e+00,-1.000000000000000000e+00,-1.000000000000000000e+00,-1.000000000000000000e+00,-1.000000000000000000e+00,-1.000000000000000000e+00,-1.000000000000000000e+00,-1.000000000000000000e+00,-1.000000000000000000e+00,-1.000000000000000000e+00,-1.000000000000000000e+00,-1.000000000000000000e+00,-1.000000000000000000e+00,-1.000000000000000000e+00,-1.000000000000000000e+00,-1.000000000000000000e+00,-1.000000000000000000e+00,-1.000000000000000000e+00,-1.000000000000000000e+00,-1.000000000000000000e+00,-1.000000000000000000e+00,-1.000000000000000000e+00,-1.000000000000000000e+00,-1.000000000000000000e+00,-1.000000000000000000e+00,-1.000000000000000000e+00,-8.123233457921954503e-01,-8.123565196159593382e-01,-8.124560632114943282e-01,-8.126220421514109837e-01,-8.128545612188655678e-01,-8.131537494328983096e-01,-8.135197104998476147e-01,-8.139523662536982673e-01,-8.144509886081627847e-01,-8.150128713654161139e-01,-8.156297665073980463e-01,-8.162788809877321583e-01,-8.169015666854098079e-01,-8.173564020211027126e-01,-8.173240361058625725e-01,-8.161320399632956413e-01,-8.124694995984917956e-01,-8.039949987445180746e-01,-7.869385429414182953e-01,-7.559759479500444135e-01,-7.048719303050363649e-01,-6.284968390543960171e-01,-5.265880870093850863e-01,-4.088478366659995533e-01,-2.993601879704993474e-01,-2.342976355982393510e-01,-2.342976356107859814e-01,-2.993601880112770619e-01,-4.088478367226283661e-01,-5.265880870753630871e-01,-6.284968391361084317e-01,-7.048719304043185030e-01,-7.559759480671737197e-01,-7.869385430674560311e-01,-8.039949988523811264e-01,-8.124694997368044902e-01,-8.161320401087988063e-01,-8.173240362336777753e-01,-8.173564021964265791e-01,-8.169015668909993533e-01,-8.162788812278112260e-01,-8.156297668124462552e-01,-8.150128717002533829e-01,-8.144509890041149447e-01,-8.139523666736427909e-01,-8.135197109486926870e-01,-8.131537499051380014e-01,-8.128545616900253457e-01,-8.126220426312286138e-01,-8.124560636818487502e-01,-8.123565200715019419e-01,-8.123233462502238433e-01,-1.000000000000000000e+00,-1.000000000000000000e+00,-1.000000000000000000e+00,-1.000000000000000000e+00,-1.000000000000000000e+00,-1.000000000000000000e+00,-1.000000000000000000e+00,-1.000000000000000000e+00,-1.000000000000000000e+00,-1.000000000000000000e+00,-1.000000000000000000e+00,-1.000000000000000000e+00,-1.000000000000000000e+00,-1.000000000000000000e+00,-1.000000000000000000e+00,-1.000000000000000000e+00,-1.000000000000000000e+00,-1.000000000000000000e+00,-1.000000000000000000e+00,-1.000000000000000000e+00,-1.000000000000000000e+00,-1.000000000000000000e+00,-1.000000000000000000e+00,-1.000000000000000000e+00,-1.000000000000000000e+00,-1.000000000000000000e+00,-1.000000000000000000e+00,-1.000000000000000000e+00,-1.000000000000000000e+00,-1.000000000000000000e+00,-1.000000000000000000e+00,-1.000000000000000000e+00,-1.000000000000000000e+00,-1.000000000000000000e+00,-1.000000000000000000e+00,-1.000000000000000000e+00,-1.000000000000000000e+00,-1.000000000000000000e+00,-1.000000000000000000e+00,-1.000000000000000000e+00,-1.000000000000000000e+00,-1.000000000000000000e+00,-1.000000000000000000e+00,-1.000000000000000000e+00,-1.000000000000000000e+00,-1.000000000000000000e+00
-1.000000000000000000e+00,-1.000000000000000000e+00,-1.000000000000000000e+00,-1.000000000000000000e+00,-1.000000000000000000e+00,-1.000000000000000000e+00,-1.000000000000000000e+00,-1.000000000000000000e+00,-1.000000000000000000e+00,-1.000000000000000000e+00,-1.000000000000000000e+00,-1.000000000000000000e+00,-1.000000000000000000e+00,-1.000000000000000000e+00,-1.000000000000000000e+00,-1.000000000000000000e+00,-1.000000000000000000e+00,-1.000000000000000000e+00,-1.000000000000000000e+00,-1.000000000000000000e+00,-1.000000000000000000e+00,-1.000000000000000000e+00,-1.000000000000000000e+00,-1.000000000000000000e+00,-1.000000000000000000e+00,-1.000000000000000000e+00,-1.000000000000000000e+00,-1.000000000000000000e+00,-1.000000000000000000e+00,-1.000000000000000000e+00,-1.000000000000000000e+00,-1.000000000000000000e+00,-1.000000000000000000e+00,-1.000000000000000000e+00,-1.000000000000000000e+00,-1.000000000000000000e+00,-1.000000000000000000e+00,-1.000000000000000000e+00,-1.000000000000000000e+00,-1.000000000000000000e+00,-1.000000000000000000e+00,-1.000000000000000000e+00,-1.000000000000000000e+00,-1.000000000000000000e+00,-1.000000000000000000e+00,-1.000000000000000000e+00,-8.118422243216621981e-01,-8.118753928893649441e-01,-8.119749209203077633e-01,-8.121408746159702874e-01,-8.123733597823681318e-01,-8.126725068419180520e-01,-8.130384212537247191e-01,-8.134710268482808759e-01,-8.139695977496028689e-01,-8.145314297477803667e-01,-8.151482760098673896e-01,-8.157973418873915028e-01,-8.164199708305910352e-01,-8.168747163332784611e-01,-8.168421670449308447e-01,-8.156497617606093264e-01,-8.119863224594834339e-01,-8.035099526971536399e-01,-7.864498706003661965e-01,-7.554807569915891197e-01,-7.043659629807269562e-01,-6.279746547880107332e-01,-5.260440586613437386e-01,-4.082783097071102096e-01,-2.987667356632286442e-01,-2.336899343255791628e-01,-2.336899343378764371e-01,-2.987667356998926493e-01,-4.082783097505606751e-01,-5.260440587038974769e-01,-6.279746548298839048e-01,-7.043659630288954254e-01,-7.554807570508065284e-01,-7.864498706833646935e-01,-8.035099528032801919e-01,-8.119863225884340618e-01,-8.156497618599994892e-01,-8.168421671535736062e-01,-8.168747164826359874e-01,-8.164199709858341869e-01,-8.157973421020960902e-01,-8.151482762814052929e-01,-8.145314300782422468e-01,-8.139695981495673749e-01,-8.134710272969053468e-01,-8.130384217408131997e-01,-8.126725073728944260e-01,-8.123733603242039303e-01,-8.121408751720435859e-01,-8.119749214690228367e-01,-8.118753934216399459e-01,-8.118422248581833589e-01,-1.000000000000000000e+00,-1.000000000000000000e+00,-1.000000000000000000e+00,-1.000000000000000000e+00,-1.000000000000000000e+00,-1.000000000000000000e+00,-1.000000000000000000e+00,-1.000000000000000000e+00,-1.000000000000000000e+00,-1.000000000000000000e+00,-1.000000000000000000e+00,-1.000000000000000000e+00,-1.000000000000000000e+00,-1.000000000000000000e+00,-1.000000000000000000e+00,-1.000000000000000000e+00,-1.000000000000000000e+00,-1.000000000000000000e+00,-1.000000000000000000e+00,-1.000000000000000000e+00,-1.000000000000000000e+00,-1.000000000000000000e+00,-1.000000000000000000e+00,-1.000000000000000000e+00,-1.000000000000000000e+00,-1.000000000000000000e+00,-1.000000000000000000e+00,-1.000000000000000000e+00,-1.000000000000000000e+00,-1.000000000000000000e+00,-1.000000000000000000e+00,-1.000000000000000000e+00,-1.000000000000000000e+00,-1.000000000000000000e+00,-1.000000000000000000e+00,-1.000000000000000000e+00,-1.000000000000000000e+00,-1.000000000000000000e+00,-1.000000000000000000e+00,-1.000000000000000000e+00,-1.000000000000000000e+00,-1.000000000000000000e+00,-1.000000000000000000e+00,-1.000000000000000000e+00,-1.000000000000000000e+00,-1.000000000000000000e+00
-1.000000000000000000e+00,-1.000000000000000000e+00,-1.000000000000000000e+00,-1.000000000000000000e+00,-1.000000000000000000e+00,-1.000000000000000000e+00,-1.000000000000000000e+00,-1.000000000000000000e+00,-1.000000000000000000e+00,-1.000000000000000000e+00,-1.000000000000000000e+00,-1.000000000000000000e+00,-1.000000000000000000e+00,-1.000000000000000000e+00,-1.000000000000000000e+00,-1.000000000000000000e+00,-1.000000000000000000e+00,-1.000000000000000000e+00,-1.000000000000000000e+00,-1.000000000000000000e+00,-1.000000000000000000e+00,-1.000000000000000000e+00,-1.000000000000000000e+00,-1.000000000000000000e+00,-1.000000000000000000e+00,-1.000000000000000000e+00,-1.000000000000000000e+00,-1.000000000000000000e+00,-1.000000000000000000e+00,-1.000000000000000000e+00,-1.000000000000000000e+00,-1.000000000000000000e+00,-1.000000000000000000e+00,-1.000000000000000000e+00,-1.000000000000000000e+00,-1.000000000000000000e+00,-1.000000000000000000e+00,-1.000000000000000000e+00,-1.000000000000000000e+00,-1.000000000000000000e+00,-1.000000000000000000e+00,-1.000000000000000000e+00,-1.000000000000000000e+00,-1.000000000000000000e+00,-1.000000000000000000e+00,-1.000000000000000000e+00,-8.113911632249413142e-01,-8.114243275791586107e-01,-8.115238431509980144e-01,-8.116897766909483281e-01,-8.119222348997110483e-01,-8.122213494288290647e-01,-8.125872272675036534e-01,-8.130197939838104126e-01,-8.135183256319535872e-01,-8.140801196985900656e-01,-8.146969303257665107e-01,-8.153459611861160194e-01,-8.159685476830533801e-01,-8.164232198646783623e-01,-8.163905095455753491e-01,-8.151977317370959764e-01,-8.115334612192717234e-01,-8.030553518499707888e-01,-7.859918846154703154e-01,-7.550166776979418959e-01,-7.038918033257670626e-01,-6.274853191947802333e-01,-5.255342751957812197e-01,-4.077446519008707249e-01,-2.982106725754338772e-01,-2.331205269911490463e-01,-2.331205269979202965e-01,-2.982106725953579396e-01,-4.077446519232883482e-01,-5.255342752197972311e-01,-6.274853192137661573e-01,-7.038918033521337492e-01,-7.550166777304343491e-01,-7.859918846632827361e-01,-8.030553519108535321e-01,-8.115334612768870803e-01,-8.151977318040313225e-01,-8.163905096595452937e-01,-8.164232199870408158e-01,-8.159685478229500299e-01,-8.153459614016975721e-01,-8.146969305823335006e-01,-8.140801200304220719e-01,-8.135183260180742781e-01,-8.130197944314023761e-01,-8.125872277569903268e-01,-8.122213499889598953e-01,-8.119222354918559370e-01,-8.116897773142837114e-01,-8.115238437784797476e-01,-8.114243281955249021e-01,-8.113911638478590316e-01,-1.000000000000000000e+00,-1.000000000000000000e+00,-1.000000000000000000e+00,-1.000000000000000000e+00,-1.000000000000000000e+00,-1.000000000000000000e+00,-1.000000000000000000e+00,-1.000000000000000000e+00,-1.000000000000000000e+00,-1.000000000000000000e+00,-1.000000000000000000e+00,-1.000000000000000000e+00,-1.000000000000000000e+00,-1.000000000000000000e+00,-1.000000000000000000e+00,-1.000000000000000000e+00,-1.000000000000000000e+00,-1.000000000000000000e+00,-1.000000000000000000e+00,-1.000000000000000000e+00,-1.000000000000000000e+00,-1.000000000000000000e+00,-1.000000000000000000e+00,-1.000000000000000000e+00,-1.000000000000000000e+00,-1.000000000000000000e+00,-1.000000000000000000e+00,-1.000000000000000000e+00,-1.000000000000000000e+00,-1.000000000000000000e+00,-1.000000000000000000e+00,-1.000000000000000000e+00,-1.000000000000000000e+00,-1.000000000000000000e+00,-1.000000000000000000e+00,-1.000000000000000000e+00,-1.000000000000000000e+00,-1.000000000000000000e+00,-1.000000000000000000e+00,-1.000000000000000000e+00,-1.000000000000000000e+00,-1.000000000000000000e+00,-1.000000000000000000e+00,-1.000000000000000000e+00,-1.000000000000000000e+00,-1.000000000000000000e+00
-1.000000000000000000e+00,-1.000000000000000000e+00,-1.000000000000000000e+00,-1.000000000000000000e+00,-1.000000000000000000e+00,-1.000000000000000000e+00,-1.000000000000000000e+00,-1.000000000000000000e+00,-1.000000000000000000e+00,-1.000000000000000000e+00,-1.000000000000000000e+00,-1.000000000000000000e+00,-1.000000000000000000e+00,-1.000000000000000000e+00,-1.000000000000000000e+00,-1.000000000000000000e+00,-1.000000000000000000e+00,-1.000000000000000000e+00,-1.000000000000000000e+00,-1.000000000000000000e+00,-1.000000000000000000e+00,-1.000000000000000000e+00,-1.000000000000000000e+00,-1.000000000000000000e+00,-1.000000000000000000e+00,-1.000000000000000000e+00,-1.000000000000000000e+00,-1.000000000000000000e+00,-1.000000000000000000e+00,-1.000000000000000000e+00,-1.000000000000000000e+00,-1.000000000000000000e+00,-1.000000000000000000e+00,-1.000000000000000000e+00,-1.000000000000000000e+00,-1.000000000000000000e+00,-1.000000000000000000e+00,-1.000000000000000000e+00,-1.000000000000000000e+00,-1.000000000000000000e+00,-1.000000000000000000e+00,-1.000000000000000000e+00,-1.000000000000000000e+00,-1.000000000000000000e+00,-1.000000000000000000e+00,-1.000000000000000000e+00,-8.109699968855590413e-01,-8.110031579092678022e-01,-8.111026636432685510e-01,-8.112685813048053918e-01,-8.115010183723116999e-01,-8.118001075806763334e-01,-8.121659572601075405e-01,-8.125984945082906918e-01,-8.130969970578962869e-01,-8.136587638449497284e-01,-8.142755497791748232e-01,-8.149245568530033568e-01,-8.155471127683824317e-01,-8.160017256861931134e-01,-8.159688742441937315e-01,-8.147757578761921637e-01,-8.111107209620735947e-01,-8.026309979907373382e-01,-7.855643824689179100e-01,-7.545835015279898084e-01,-7.034492343601100872e-01,-6.270286039692993807e-01,-5.250584943258675974e-01,-4.072466057799323247e-01,-2.976917278136879119e-01,-2.325891348332067565e-01,-2.325891348415012327e-01,-2.976917278345320161e-01,-4.072466058005987932e-01,-5.250584943423858286e-01,-6.270286039713737214e-01,-7.034492343629692446e-01,-7.545835015301521898e-01,-7.855643824802532871e-01,-8.026309980212240625e-01,-8.111107210055354955e-01,-8.147757579541161643e-01,-8.159688743272617284e-01,-8.160017257540654878e-01,-8.155471128862007424e-01,-8.149245570265001293e-01,-8.142755500006731983e-01,-8.136587641687529349e-01,-8.130969974437701753e-01,-8.125984949882583130e-01,-8.121659577866141566e-01,-8.118001081861572210e-01,-8.115010190060151229e-01,-8.112685819661941133e-01,-8.111026643156021843e-01,-8.110031585837335077e-01,-8.109699975756980983e-01,-1.000000000000000000e+00,-1.000000000000000000e+00,-1.000000000000000000e+00,-1.000000000000000000e+00,-1.000000000000000000e+00,-1.000000000000000000e+00,-1.000000000000000000e+00,-1.000000000000000000e+00,-1.000000000000000000e+00,-1.000000000000000000e+00,-1.000000000000000000e+00,-1.000000000000000000e+00,-1.000000000000000000e+00,-1.000000000000000000e+00,-1.000000000000000000e+00,-1.000000000000000000e+00,-1.000000000000000000e+00,-1.000000000000000000e+00,-1.000000000000000000e+00,-1.000000000000000000e+00,-1.000000000000000000e+00,-1.000000000000000000e+00,-1.000000000000000000e+00,-1.000000000000000000e+00,-1.000000000000000000e+00,-1.000000000000000000e+00,-1.000000000000000000e+00,-1.000000000000000000e+00,-1.000000000000000000e+00,-1.000000000000000000e+00,-1.000000000000000000e+00,-1.000000000000000000e+00,-1.000000000000000000e+00,-1.000000000000000000e+00,-1.000000000000000000e+00,-1.000000000000000000e+00,-1.000000000000000000e+00,-1.000000000000000000e+00,-1.000000000000000000e+00,-1.000000000000000000e+00,-1.000000000000000000e+00,-1.000000000000000000e+00,-1.000000000000000000e+00,-1.000000000000000000e+00,-1.000000000000000000e+00,-1.000000000000000000e+00
-1.000000000000000000e+00,-1.000000000000000000e+00,-1.000000000000000000e+00,-1.000000000000000000e+00,-1.000000000000000000e+00,-1.000000000000000000e+00,-1.000000000000000000e+00,-1.000000000000000000e+00,-1.000000000000000000e+00,-1.000000000000000000e+00,-1.000000000000000000e+00,-1.000000000000000000e+00,-1.000000000000000000e+00,-1.000000000000000000e+00,-1.000000000000000000e+00,-1.000000000000000000e+00,-1.000000000000000000e+00,-1.000000000000000000e+00,-1.000000000000000000e+00,-1.000000000000000000e+00,-1.000000000000000000e+00,-1.000000000000000000e+00,-1.000000000000000000e+00,-1.000000000000000000e+00,-1.000000000000000000e+00,-1.000000000000000000e+00,-1.000000000000000000e+00,-1.000000000000000000e+00,-1.000000000000000000e+00,-1.000000000000000000e+00,-1.000000000000000000e+00,-1.000000000000000000e+00,-1.000000000000000000e+00,-1.000000000000000000e+00,-1.000000000000000000e+00,-1.000000000000000000e+00,-1.000000000000000000e+00,-1.000000000000000000e+00,-1.000000000000000000e+00,-1.000000000000000000e+00,-1.000000000000000000e+00,-1.000000000000000000e+00,-1.000000000000000000e+00,-1.000000000000000000e+00,-1.000000000000000000e+00,-1.000000000000000000e+00,-8.105785691529504566e-01,-8.106117275753327300e-01,-8.107112256536705974e-01,-8.108771310187770087e-01,-8.111095518185549302e-01,-8.114086217322356021e-01,-8.117744502447282740e-01,-8.122069658034530848e-01,-8.127054475897949049e-01,-8.132671958072832386e-01,-8.138839659250010072e-01,-8.145329583395191086e-01,-8.151554934019639154e-01,-8.156100588841295185e-01,-8.155770840797795795e-01,-8.143836609328086729e-01,-8.107179199006003811e-01,-8.022367062658558590e-01,-7.851671753451744395e-01,-7.541810341726520317e-01,-7.030380540501315334e-01,-6.266042966406579762e-01,-5.246164906374704007e-01,-4.067839318371393453e-01,-2.972096493724043498e-01,-2.320954985016182581e-01,-2.320954985094090262e-01,-2.972096493906892789e-01,-4.067839318548222005e-01,-5.246164906467781774e-01,-6.266042966359625099e-01,-7.030380540395225752e-01,-7.541810341593921940e-01,-7.851671753413111965e-01,-8.022367062807309601e-01,-8.107179199278230497e-01,-8.143836609801538007e-01,-8.155770841217685474e-01,-8.156100589598778150e-01,-8.151554935351210673e-01,-8.145329584881746410e-01,-8.138839661427127448e-01,-8.132671961156792140e-01,-8.127054479564246314e-01,-8.122069662782218646e-01,-8.117744507692087330e-01,-8.114086223467988912e-01,-8.111095524763392017e-01,-8.108771317170480053e-01,-8.107112263815365871e-01,-8.106117283143071672e-01,-8.105785699054910420e-01,-1.000000000000000000e+00,-1.000000000000000000e+00,-1.000000000000000000e+00,-1.000000000000000000e+00,-1.000000000000000000e+00,-1.000000000000000000e+00,-1.000000000000000000e+00,-1.000000000000000000e+00,-1.000000000000000000e+00,-1.000000000000000000e+00,-1.000000000000000000e+00,-1.000000000000000000e+00,-1.000000000000000000e+00,-1.000000000000000000e+00,-1.000000000000000000e+00,-1.000000000000000000e+00,-1.000000000000000000e+00,-1.000000000000000000e+00,-1.000000000000000000e+00,-1.000000000000000000e+00,-1.000000000000000000e+00,-1.000000000000000000e+00,-1.000000000000000000e+00,-1.000000000000000000e+00,-1.000000000000000000e+00,-1.000000000000000000e+00,-1.000000000000000000e+00,-1.000000000000000000e+00,-1.000000000000000000e+00,-1.000000000000000000e+00,-1.000000000000000000e+00,-1.000000000000000000e+00,-1.000000000000000000e+00,-1.000000000000000000e+00,-1.000000000000000000e+00,-1.000000000000000000e+00,-1.000000000000000000e+00,-1.000000000000000000e+00,-1.000000000000000000e+00,-1.000000000000000000e+00,-1.000000000000000000e+00,-1.000000000000000000e+00,-1.000000000000000000e+00,-1.000000000000000000e+00,-1.000000000000000000e+00,-1.000000000000000000e+00
-1.000000000000000000e+00,-1.000000000000000000e+00,-1.000000000000000000e+00,-1.000000000000000000e+00,-1.000000000000000000e+00,-1.000000000000000000e+00,-1.000000000000000000e+00,-1.000000000000000000e+00,-1.000000000000000000e+00,-1.000000000000000000e+00,-1.000000000000000000e+00,-1.000000000000000000e+00,-1.000000000000000000e+00,-1.000000000000000000e+00,-1.000000000000000000e+00,-1.000000000000000000e+00,-1.000000000000000000e+00,-1.000000000000000000e+00,-1.000000000000000000e+00,-1.000000000000000000e+00,-1.000000000000000000e+00,-1.000000000000000000e+00,-1.000000000000000000e+00,-1.000000000000000000e+00,-1.000000000000000000e+00,-1.000000000000000000e+00,-1.000000000000000000e+00,-1.000000000000000000e+00,-1.000000000000000000e+00,-1.000000000000000000e+00,-1.000000000000000000e+00,-1.000000000000000000e+00,-1.000000000000000000e+00,-1.000000000000000000e+00,-1.000000000000000000e+00,-1.000000000000000000e+00,-1.000000000000000000e+00,-1.000000000000000000e+00,-1.000000000000000000e+00,-1.000000000000000000e+00,-1.000000000000000000e+00,-1.000000000000000000e+00,-1.000000000000000000e+00,-1.000000000000000000e+00,-1.000000000000000000e+00,-1.000000000000000000e+00,-8.102167337069086095e-01,-8.102498901374286522e-01,-8.103493823675891328e-01,-8.105152783854709941e-01,-8.107476869193991353e-01,-8.110467424828066152e-01,-8.114125555538400647e-01,-8.118450557804570700e-01,-8.123435235694451695e-01,-8.129052602616302359e-01,-8.135220216754222022e-01,-8.141710067100407233e-01,-8.147935288454934977e-01,-8.152480568056243992e-01,-8.152149743582043362e-01,-8.140212741954827580e-01,-8.103548891353449246e-01,-8.018723050761065174e-01,-7.848000880381387212e-01,-7.538090953631424451e-01,-7.026580750061941494e-01,-6.262122002075537486e-01,-5.242080552114930514e-01,-4.063564081834719621e-01,-2.967642038655099457e-01,-2.316393778630615463e-01,-2.316393778725454045e-01,-2.967642038863524956e-01,-4.063564082064994309e-01,-5.242080552199688270e-01,-6.262122002043082336e-01,-7.026580749907679335e-01,-7.538090953451990206e-01,-7.848000880295907811e-01,-8.018723050790996787e-01,-8.103548891532716958e-01,-8.140212742345281915e-01,-8.152149744114687291e-01,-8.152480568920281723e-01,-8.147935289401336822e-01,-8.141710068277843160e-01,-8.135220218914231971e-01,-8.129052605460365122e-01,-8.123435239353229420e-01,-8.118450562597436804e-01,-8.114125560927715197e-01,-8.110467431103431935e-01,-8.107476875991679321e-01,-8.105152791058228834e-01,-8.103493831314469986e-01,-8.102498909235109625e-01,-8.102167345079893668e-01,-1.000000000000000000e+00,-1.000000000000000000e+00,-1.000000000000000000e+00,-1.000000000000000000e+00,-1.000000000000000000e+00,-1.000000000000000000e+00,-1.000000000000000000e+00,-1.000000000000000000e+00,-1.000000000000000000e+00,-1.000000000000000000e+00,-1.000000000000000000e+00,-1.000000000000000000e+00,-1.000000000000000000e+00,-1.000000000000000000e+00,-1.000000000000000000e+00,-1.000000000000000000e+00,-1.000000000000000000e+00,-1.000000000000000000e+00,-1.000000000000000000e+00,-1.000000000000000000e+00,-1.000000000000000000e+00,-1.000000000000000000e+00,-1.000000000000000000e+00,-1.000000000000000000e+00,-1.000000000000000000e+00,-1.000000000000000000e+00,-1.000000000000000000e+00,-1.000000000000000000e+00,-1.000000000000000000e+00,-1.000000000000000000e+00,-1.000000000000000000e+00,-1.000000000000000000e+00,-1.000000000000000000e+00,-1.000000000000000000e+00,-1.000000000000000000e+00,-1.000000000000000000e+00,-1.000000000000000000e+00,-1.000000000000000000e+00,-1.000000000000000000e+00,-1.000000000000000000e+00,-1.000000000000000000e+00,-1.000000000000000000e+00,-1.000000000000000000e+00,-1.000000000000000000e+00,-1.000000000000000000e+00,-1.000000000000000000e+00
-1.000000000000000000e+00,-1.000000000000000000e+00,-1.000000000000000000e+00,-1.000000000000000000e+00,-1.000000000000000000e+00,-1.000000000000000000e+00,-1.000000000000000000e+00,-1.000000000000000000e+00,-1.000000000000000000e+00,-1.000000000000000000e+00,-1.000000000000000000e+00,-1.000000000000000000e+00,-1.000000000000000000e+00,-1.000000000000000000e+00,-1.000000000000000000e+00,-1.000000000000000000e+00,-1.000000000000000000e+00,-1.000000000000000000e+00,-1.000000000000000000e+00,-1.000000000000000000e+00,-1.000000000000000000e+00,-1.000000000000000000e+00,-1.000000000000000000e+00,-1.000000000000000000e+00,-1.000000000000000000e+00,-1.000000000000000000e+00,-1.000000000000000000e+00,-1.000000000000000000e+00,-1.000000000000000000e+00,-1.000000000000000000e+00,-1.000000000000000000e+00,-1.000000000000000000e+00,-1.000000000000000000e+00,-1.000000000000000000e+00,-1.000000000000000000e+00,-1.000000000000000000e+00,-1.000000000000000000e+00,-1.000000000000000000e+00,-1.000000000000000000e+00,-1.000000000000000000e+00,-1.000000000000000000e+00,-1.000000000000000000e+00,-1.000000000000000000e+00,-1.000000000000000000e+00,-1.000000000000000000e+00,-1.000000000000000000e+00,-8.098843541972283733e-01,-8.099175091296049178e-01,-8.100169969865420594e-01,-8.101828860783908404e-01,-8.104152856326554133e-01,-8.107143308890931710e-01,-8.110801331656197766e-01,-8.115126231831865100e-01,-8.120110823627377794e-01,-8.125728130806447735e-01,-8.131895713628014555e-01,-8.138385546103626966e-01,-8.144610700729765229e-01,-8.149155688523185281e-01,-8.148823927913090293e-01,-8.136884435348196165e-01,-8.100214725249038628e-01,-8.015376358614106911e-01,-7.844629587732948606e-01,-7.534675187699341192e-01,-7.023091244265331490e-01,-6.258521330782398362e-01,-5.238329955046078235e-01,-4.059638303166133166e-01,-2.963551761661489259e-01,-2.312205515448908510e-01,-2.312205515566720937e-01,-2.963551761873567392e-01,-4.059638303416082117e-01,-5.238329955080309741e-01,-6.258521330695082652e-01,-7.023091244042376502e-01,-7.534675187482673397e-01,-7.844629587646603230e-01,-8.015376358651946642e-01,-8.100214725525395343e-01,-8.136884435830654683e-01,-8.148823928636600433e-01,-8.149155689451084150e-01,-8.144610701818042475e-01,-8.138385547796317399e-01,-8.131895715856860551e-01,-8.125728133373579798e-01,-8.120110827195983205e-01,-8.115126236309302410e-01,-8.110801336953834539e-01,-8.107143315096219105e-01,-8.104152863358295988e-01,-8.101828868339117085e-01,-8.100169977980570257e-01,-8.099175099579242199e-01,-8.098843550284475779e-01,-1.000000000000000000e+00,-1.000000000000000000e+00,-1.000000000000000000e+00,-1.000000000000000000e+00,-1.000000000000000000e+00,-1.000000000000000000e+00,-1.000000000000000000e+00,-1.000000000000000000e+00,-1.000000000000000000e+00,-1.000000000000000000e+00,-1.000000000000000000e+00,-1.000000000000000000e+00,-1.000000000000000000e+00,-1.000000000000000000e+00,-1.000000000000000000e+00,-1.000000000000000000e+00,-1.000000000000000000e+00,-1.000000000000000000e+00,-1.000000000000000000e+00,-1.000000000000000000e+00,-1.000000000000000000e+00,-1.000000000000000000e+00,-1.000000000000000000e+00,-1.000000000000000000e+00,-1.000000000000000000e+00,-1.000000000000000000e+00,-1.000000000000000000e+00,-1.000000000000000000e+00,-1.000000000000000000e+00,-1.000000000000000000e+00,-1.000000000000000000e+00,-1.000000000000000000e+00,-1.000000000000000000e+00,-1.000000000000000000e+00,-1.000000000000000000e+00,-1.000000000000000000e+00,-1.000000000000000000e+00,-1.000000000000000000e+00,-1.000000000000000000e+00,-1.000000000000000000e+00,-1.000000000000000000e+00,-1.000000000000000000e+00,-1.000000000000000000e+00,-1.000000000000000000e+00,-1.000000000000000000e+00,-1.000000000000000000e+00
-1.000000000000000000e+00,-1.000000000000000000e+00,-1.000000000000000000e+00,-1.000000000000000000e+00,-1.000000000000000000e+00,-1.000000000000000000e+00,-1.000000000000000000e+00,-1.000000000000000000e+00,-1.000000000000000000e+00,-1.000000000000000000e+00,-1.000000000000000000e+00,-1.000000000000000000e+00,-1.000000000000000000e+00,-1.000000000000000000e+00,-1.000000000000000000e+00,-1.000000000000000000e+00,-1.000000000000000000e+00,-1.000000000000000000e+00,-1.000000000000000000e+00,-1.000000000000000000e+00,-1.000000000000000000e+00,-1.000000000000000000e+00,-1.000000000000000000e+00,-1.000000000000000000e+00,-1.000000000000000000e+00,-1.000000000000000000e+00,-1.000000000000000000e+00,-1.000000000000000000e+00,-1.000000000000000000e+00,-1.000000000000000000e+00,-1.000000000000000000e+00,-1.000000000000000000e+00,-1.000000000000000000e+00,-1.000000000000000000e+00,-1.000000000000000000e+00,-1.000000000000000000e+00,-1.000000000000000000e+00,-1.000000000000000000e+00,-1.000000000000000000e+00,-1.000000000000000000e+00,-1.000000000000000000e+00,-1.000000000000000000e+00,-1.000000000000000000e+00,-1.000000000000000000e+00,-1.000000000000000000e+00,-1.000000000000000000e+00,-8.095813045748536663e-01,-8.096144584162107138e-01,-8.097139430962979612e-01,-8.098798271994198661e-01,-8.101122203929653764e-01,-8.104112585572906813e-01,-8.107770537207124040e-01,-8.112095375633981975e-01,-8.117079923456377299e-01,-8.122697213354895807e-01,-8.128864807721700725e-01,-8.135354664809474334e-01,-8.141579800035816383e-01,-8.146124564463510520e-01,-8.145791993553236354e-01,-8.133850273824722033e-01,-8.097175267399808751e-01,-8.012325531071153861e-01,-7.841556390984119052e-01,-7.531561517767728642e-01,-7.019910437806026193e-01,-6.255239287081235666e-01,-5.234911350084198167e-01,-4.056060108579038204e-01,-2.959823692409155882e-01,-2.308388168366490856e-01,-2.308388168462796042e-01,-2.959823692512014714e-01,-4.056060108762529204e-01,-5.234911350143898190e-01,-6.255239287101574952e-01,-7.019910437759078192e-01,-7.531561517722675791e-01,-7.841556391033857043e-01,-8.012325531236613729e-01,-8.097175267849560099e-01,-8.133850274474979658e-01,-8.145791994561540905e-01,-8.146124565730974432e-01,-8.141579801601178668e-01,-8.135354666768651599e-01,-8.128864809723592710e-01,-8.122697215998880838e-01,-8.117079927123169725e-01,-8.112095379884007862e-01,-8.107770542500886135e-01,-8.104112591609400340e-01,-8.101122211003217721e-01,-8.098798279609159545e-01,-8.097139439229200653e-01,-8.096144592633830461e-01,-8.095813054186556945e-01,-1.000000000000000000e+00,-1.000000000000000000e+00,-1.000000000000000000e+00,-1.000000000000000000e+00,-1.000000000000000000e+00,-1.000000000000000000e+00,-1.000000000000000000e+00,-1.000000000000000000e+00,-1.000000000000000000e+00,-1.000000000000000000e+00,-1.000000000000000000e+00,-1.000000000000000000e+00,-1.000000000000000000e+00,-1.000000000000000000e+00,-1.000000000000000000e+00,-1.000000000000000000e+00,-1.000000000000000000e+00,-1.000000000000000000e+00,-1.000000000000000000e+00,-1.000000000000000000e+00,-1.000000000000000000e+00,-1.000000000000000000e+00,-1.000000000000000000e+00,-1.000000000000000000e+00,-1.000000000000000000e+00,-1.000000000000000000e+00,-1.000000000000000000e+00,-1.000000000000000000e+00,-1.000000000000000000e+00,-1.000000000000000000e+00,-1.000000000000000000e+00,-1.000000000000000000e+00,-1.000000000000000000e+00,-1.000000000000000000e+00,-1.000000000000000000e+00,-1.000000000000000000e+00,-1.000000000000000000e+00,-1.000000000000000000e+00,-1.000000000000000000e+00,-1.000000000000000000e+00,-1.000000000000000000e+00,-1.000000000000000000e+00,-1.000000000000000000e+00,-1.000000000000000000e+00,-1.000000000000000000e+00,-1.000000000000000000e+00
-1.000000000000000000e+00,-1.000000000000000000e+00,-1.000000000000000000e+00,-1.000000000000000000e+00,-1.000000000000000000e+00,-1.000000000000000000e+00,-1.000000000000000000e+00,-1.000000000000000000e+00,-1.000000000000000000e+00,-1.000000000000000000e+00,-1.000000000000000000e+00,-1.000000000000000000e+00,-1.000000000000000000e+00,-1.000000000000000000e+00,-1.000000000000000000e+00,-1.000000000000000000e+00,-1.000000000000000000e+00,-1.000000000000000000e+00,-1.000000000000000000e+00,-1.000000000000000000e+00,-1.000000000000000000e+00,-1.000000000000000000e+00,-1.000000000000000000e+00,-1.000000000000000000e+00,-1.000000000000000000e+00,-1.000000000000000000e+00,-1.000000000000000000e+00,-1.000000000000000000e+00,-1.000000000000000000e+00,-1.000000000000000000e+00,-1.000000000000000000e+00,-1.000000000000000000e+00,-1.000000000000000000e+00,-1.000000000000000000e+00,-1.000000000000000000e+00,-1.000000000000000000e+00,-1.000000000000000000e+00,-1.000000000000000000e+00,-1.000000000000000000e+00,-1.000000000000000000e+00,-1.000000000000000000e+00,-1.000000000000000000e+00,-1.000000000000000000e+00,-1.000000000000000000e+00,-1.000000000000000000e+00,-1.000000000000000000e+00,-8.093074691460683256e-01,-8.093406222177218501e-01,-8.094401046753216811e-01,-8.096059853378895221e-01,-8.098383742544854602e-01,-8.101374078595466877e-01,-8.105031987854277586e-01,-8.109356795408271257e-01,-8.114341331338283947e-01,-8.119958634823556398e-01,-8.126126271052682704e-01,-8.132616183742930049e-01,-8.138841334995914334e-01,-8.143385931387028265e-01,-8.143052662572383138e-01,-8.131108965467231942e-01,-8.094429210378297768e-01,-8.009569241644074467e-01,-7.838779937832671685e-01,-7.528748554605060317e-01,-7.017036888434315944e-01,-6.252274356227891516e-01,-5.231823131854024256e-01,-4.052827793528477329e-01,-2.956456038202583958e-01,-2.304939892922783784e-01,-2.304939892998327799e-01,-2.956456038228492122e-01,-4.052827793618509755e-01,-5.231823131890347423e-01,-6.252274356248153087e-01,-7.017036888464062150e-01,-7.528748554683186711e-01,-7.838779938045450368e-01,-8.009569242034622061e-01,-8.094429211129822166e-01,-8.131108966520681491e-01,-8.143052664055574486e-01,-8.143385933123087339e-01,-8.138841336950188854e-01,-8.132616185889831595e-01,-8.126126273400293698e-01,-8.119958637949789004e-01,-8.114341334888836021e-01,-8.109356799457243525e-01,-8.105031993127855827e-01,-8.101374084492005689e-01,-8.098383749704157752e-01,-8.096059861061497553e-01,-8.094401055072125706e-01,-8.093406230696592596e-01,-8.093074699953308748e-01,-1.000000000000000000e+00,-1.000000000000000000e+00,-1.000000000000000000e+00,-1.000000000000000000e+00,-1.000000000000000000e+00,-1.000000000000000000e+00,-1.000000000000000000e+00,-1.000000000000000000e+00,-1.000000000000000000e+00,-1.000000000000000000e+00,-1.000000000000000000e+00,-1.000000000000000000e+00,-1.000000000000000000e+00,-1.000000000000000000e+00,-1.000000000000000000e+00,-1.000000000000000000e+00,-1.000000000000000000e+00,-1.000000000000000000e+00,-1.000000000000000000e+00,-1.000000000000000000e+00,-1.000000000000000000e+00,-1.000000000000000000e+00,-1.000000000000000000e+00,-1.000000000000000000e+00,-1.000000000000000000e+00,-1.000000000000000000e+00,-1.000000000000000000e+00,-1.000000000000000000e+00,-1.000000000000000000e+00,-1.000000000000000000e+00,-1.000000000000000000e+00,-1.000000000000000000e+00,-1.000000000000000000e+00,-1.000000000000000000e+00,-1.000000000000000000e+00,-1.000000000000000000e+00,-1.000000000000000000e+00,-1.000000000000000000e+00,-1.000000000000000000e+00,-1.000000000000000000e+00,-1.000000000000000000e+00,-1.000000000000000000e+00,-1.000000000000000000e+00,-1.000000000000000000e+00,-1.000000000000000000e+00,-1.000000000000000000e+00
-1.000000000000000000e+00,-1.000000000000000000e+00,-1.000000000000000000e+00,-1.000000000000000000e+00,-1.000000000000000000e+00,-1.000000000000000000e+00,-1.000000000000000000e+00,-1.000000000000000000e+00,-1.000000000000000000e+00,-1.000000000000000000e+00,-1.000000000000000000e+00,-1.000000000000000000e+00,-1.000000000000000000e+00,-1.000000000000000000e+00,-1.000000000000000000e+00,-1.000000000000000000e+00,-1.000000000000000000e+00,-1.000000000000000000e+00,-1.000000000000000000e+00,-1.000000000000000000e+00,-1.000000000000000000e+00,-1.000000000000000000e+00,-1.000000000000000000e+00,-1.000000000000000000e+00,-1.000000000000000000e+00,-1.000000000000000000e+00,-1.000000000000000000e+00,-1.000000000000000000e+00,-1.000000000000000000e+00,-1.000000000000000000e+00,-1.000000000000000000e+00,-1.000000000000000000e+00,-1.000000000000000000e+00,-1.000000000000000000e+00,-1.000000000000000000e+00,-1.000000000000000000e+00,-1.000000000000000000e+00,-1.000000000000000000e+00,-1.000000000000000000e+00,-1.000000000000000000e+00,-1.000000000000000000e+00,-1.000000000000000000e+00,-1.000000000000000000e+00,-1.000000000000000000e+00,-1.000000000000000000e+00,-1.000000000000000000e+00,-8.090627428628129891e-01,-8.090958954183397056e-01,-8.091953763996593274e-01,-8.093612548149392572e-01,-8.095936410491819668e-01,-8.098926720042707306e-01,-8.102584608561586021e-01,-8.106909407664014688e-01,-8.111893955041269422e-01,-8.117511294291362978e-01,-8.123678992089428119e-01,-8.130168980108060106e-01,-8.136394172301466554e-01,-8.140938645429235399e-01,-8.140604780088220860e-01,-8.128659343470570064e-01,-8.091975373673856442e-01,-8.007106292678980441e-01,-7.836299007183409326e-01,-7.526235043616067433e-01,-7.014469293770051461e-01,-6.249625170826728082e-01,-5.229063851890711767e-01,-4.049939820856934825e-01,-2.953447182935728943e-01,-2.301859026578336742e-01,-2.301859026559965882e-01,-2.953447182810003957e-01,-4.049939820770396270e-01,-5.229063851897761683e-01,-6.249625170952660680e-01,-7.014469294048162329e-01,-7.526235044024673915e-01,-7.836299007766747149e-01,-8.007106293459951285e-01,-8.091975374781044117e-01,-8.128659344916535634e-01,-8.140604781928079126e-01,-8.140938647583515486e-01,-8.136394174777392685e-01,-8.130168982868932748e-01,-8.123678995178915674e-01,-8.117511297722677099e-01,-8.111893958594446064e-01,-8.106909411990043113e-01,-8.102584613744225894e-01,-8.098926725648039060e-01,-8.095936417352054271e-01,-8.093612555495846017e-01,-8.091953771962984154e-01,-8.090958962334229287e-01,-8.090627436692745533e-01,-1.000000000000000000e+00,-1.000000000000000000e+00,-1.000000000000000000e+00,-1.000000000000000000e+00,-1.000000000000000000e+00,-1.000000000000000000e+00,-1.000000000000000000e+00,-1.000000000000000000e+00,-1.000000000000000000e+00,-1.000000000000000000e+00,-1.000000000000000000e+00,-1.000000000000000000e+00,-1.000000000000000000e+00,-1.000000000000000000e+00,-1.000000000000000000e+00,-1.000000000000000000e+00,-1.000000000000000000e+00,-1.000000000000000000e+00,-1.000000000000000000e+00,-1.000000000000000000e+00,-1.000000000000000000e+00,-1.000000000000000000e+00,-1.000000000000000000e+00,-1.000000000000000000e+00,-1.000000000000000000e+00,-1.000000000000000000e+00,-1.000000000000000000e+00,-1.000000000000000000e+00,-1.000000000000000000e+00,-1.000000000000000000e+00,-1.000000000000000000e+00,-1.000000000000000000e+00,-1.000000000000000000e+00,-1.000000000000000000e+00,-1.000000000000000000e+00,-1.000000000000000000e+00,-1.000000000000000000e+00,-1.000000000000000000e+00,-1.000000000000000000e+00,-1.000000000000000000e+00,-1.000000000000000000e+00,-1.000000000000000000e+00,-1.000000000000000000e+00,-1.000000000000000000e+00,-1.000000000000000000e+00,-1.000000000000000000e+00
-1.000000000000000000e+00,-1.000000000000000000e+00,-1.000000000000000000e+00,-1.000000000000000000e+00,-1.000000000000000000e+00,-1.000000000000000000e+00,-1.000000000000000000e+00,-1.000000000000000000e+00,-1.000000000000000000e+00,-1.000000000000000000e+00,-1.000000000000000000e+00,-1.000000000000000000e+00,-1.000000000000000000e+00,-1.000000000000000000e+00,-1.000000000000000000e+00,-1.000000000000000000e+00,-1.000000000000000000e+00,-1.000000000000000000e+00,-1.000000000000000000e+00,-1.000000000000000000e+00,-1.000000000000000000e+00,-1.000000000000000000e+00,-1.000000000000000000e+00,-1.000000000000000000e+00,-1.000000000000000000e+00,-1.000000000000000000e+00,-1.000000000000000000e+00,-1.000000000000000000e+00,-1.000000000000000000e+00,-1.000000000000000000e+00,-1.000000000000000000e+00,-1.000000000000000000e+00,-1.000000000000000000e+00,-1.000000000000000000e+00,-1.000000000000000000e+00,-1.000000000000000000e+00,-1.000000000000000000e+00,-1.000000000000000000e+00,-1.000000000000000000e+00,-1.000000000000000000e+00,-1.000000000000000000e+00,-1.000000000000000000e+00,-1.000000000000000000e+00,-1.000000000000000000e+00,-1.000000000000000000e+00,-1.000000000000000000e+00,-8.088470313450082383e-01,-8.088801835736523227e-01,-8.089796636419719356e-01,-8.091455407133443245e-01,-8.093779254738259210e-01,-8.096769551860255598e-01,-8.100427435581438740e-01,-8.104752241831412185e-01,-8.109736815378030261e-01,-8.115354204516791459e-01,-8.121521975737183707e-01,-8.128012049696281549e-01,-8.134237298086886003e-01,-8.138781682955278374e-01,-8.138447312519575538e-01,-8.126500363809872063e-01,-8.089812701441658760e-01,-8.004935613696415597e-01,-7.834112508496435812e-01,-7.524019865168660726e-01,-7.012206492090298227e-01,-6.247290511311404115e-01,-5.226632218144446895e-01,-4.047394819121310494e-01,-2.950795684512710348e-01,-2.299144085795636894e-01,-2.299144085735713716e-01,-2.950795684439968536e-01,-4.047394819075598171e-01,-5.226632218260671703e-01,-6.247290511598422302e-01,-7.012206492583700213e-01,-7.524019865873956547e-01,-7.834112509477392239e-01,-8.004935615030674967e-01,-8.089812703156264995e-01,-8.126500365900499734e-01,-8.138447314897410134e-01,-8.138781685582332504e-01,-8.134237300972996243e-01,-8.128012052803503806e-01,-8.121521979126165025e-01,-8.115354208110283629e-01,-8.109736819367691085e-01,-8.104752246442509245e-01,-8.100427440412829583e-01,-8.096769557303060694e-01,-8.093779261225506616e-01,-8.091455414090226173e-01,-8.089796643979113577e-01,-8.088801843579087603e-01,-8.088470321200722513e-01,-1.000000000000000000e+00,-1.000000000000000000e+00,-1.000000000000000000e+00,-1.000000000000000000e+00,-1.000000000000000000e+00,-1.000000000000000000e+00,-1.000000000000000000e+00,-1.000000000000000000e+00,-1.000000000000000000e+00,-1.000000000000000000e+00,-1.000000000000000000e+00,-1.000000000000000000e+00,-1.000000000000000000e+00,-1.000000000000000000e+00,-1.000000000000000000e+00,-1.000000000000000000e+00,-1.000000000000000000e+00,-1.000000000000000000e+00,-1.000000000000000000e+00,-1.000000000000000000e+00,-1.000000000000000000e+00,-1.000000000000000000e+00,-1.000000000000000000e+00,-1.000000000000000000e+00,-1.000000000000000000e+00,-1.000000000000000000e+00,-1.000000000000000000e+00,-1.000000000000000000e+00,-1.000000000000000000e+00,-1.000000000000000000e+00,-1.000000000000000000e+00,-1.000000000000000000e+00,-1.000000000000000000e+00,-1.000000000000000000e+00,-1.000000000000000000e+00,-1.000000000000000000e+00,-1.000000000000000000e+00,-1.000000000000000000e+00,-1.000000000000000000e+00,-1.000000000000000000e+00,-1.000000000000000000e+00,-1.000000000000000000e+00,-1.000000000000000000e+00,-1.000000000000000000e+00,-1.000000000000000000e+00,-1.000000000000000000e+00
-1.000000000000000000e+00,-1.000000000000000000e+00,-1.000000000000000000e+00,-1.000000000000000000e+00,-1.000000000000000000e+00,-1.000000000000000000e+00,-1.000000000000000000e+00,-1.000000000000000000e+00,-1.000000000000000000e+00,-1.000000000000000000e+00,-1.000000000000000000e+00,-1.000000000000000000e+00,-1.000000000000000000e+00,-1.000000000000000000e+00,-1.000000000000000000e+00,-1.000000000000000000e+00,-1.000000000000000000e+00,-1.000000000000000000e+00,-1.000000000000000000e+00,-1.000000000000000000e+00,-1.000000000000000000e+00,-1.000000000000000000e+00,-1.000000000000000000e+00,-1.000000000000000000e+00,-1.000000000000000000e+00,-1.000000000000000000e+00,-1.000000000000000000e+00,-1.000000000000000000e+00,-1.000000000000000000e+00,-1.000000000000000000e+00,-1.000000000000000000e+00,-1.000000000000000000e+00,-1.000000000000000000e+00,-1.000000000000000000e+00,-1.000000000000000000e+00,-1.000000000000000000e+00,-1.000000000000000000e+00,-1.000000000000000000e+00,-1.000000000000000000e+00,-1.000000000000000000e+00,-1.000000000000000000e+00,-1.000000000000000000e+00,-1.000000000000000000e+00,-1.000000000000000000e+00,-1.000000000000000000e+00,-1.000000000000000000e+00,-8.086602511018272654e-01,-8.086934031452432947e-01,-8.087928827143022747e-01,-8.089587590837246101e-01,-8.091911432230763923e-01,-8.094901726347178972e-01,-8.098559615748315288e-01,-8.102884439834776575e-01,-8.107869047907148019e-01,-8.113486493141891520e-01,-8.119654342054569707e-01,-8.126144505127788076e-01,-8.132369817346631891e-01,-8.136914141188461569e-01,-8.136579348991570537e-01,-8.124631106900768174e-01,-8.087940263892958725e-01,-8.003056261870391541e-01,-7.832219480977462567e-01,-7.522102032622107748e-01,-7.010247459750049703e-01,-6.245269303492323454e-01,-5.224527093149113899e-01,-4.045191581470173325e-01,-2.948500274184486791e-01,-2.296793765344604665e-01,-2.296793765256008868e-01,-2.948500274157137557e-01,-4.045191581426937910e-01,-5.224527093299204950e-01,-6.245269303862608368e-01,-7.010247460415810483e-01,-7.522102033652080522e-01,-7.832219482352522633e-01,-8.003056263669988679e-01,-8.087940266036799386e-01,-8.124631109384603533e-01,-8.136579351763612022e-01,-8.136914144272964222e-01,-8.132369820792049175e-01,-8.126144508917967357e-01,-8.119654346176532478e-01,-8.113486497428917810e-01,-8.107869052422483902e-01,-8.102884444380326068e-01,-8.098559620474696796e-01,-8.094901731972017345e-01,-8.091911438335799289e-01,-8.089587597405695218e-01,-8.087928834049867843e-01,-8.086934038654061130e-01,-8.086602518203480638e-01,-1.000000000000000000e+00,-1.000000000000000000e+00,-1.000000000000000000e+00,-1.000000000000000000e+00,-1.000000000000000000e+00,-1.000000000000000000e+00,-1.000000000000000000e+00,-1.000000000000000000e+00,-1.000000000000000000e+00,-1.000000000000000000e+00,-1.000000000000000000e+00,-1.000000000000000000e+00,-1.000000000000000000e+00,-1.000000000000000000e+00,-1.000000000000000000e+00,-1.000000000000000000e+00,-1.000000000000000000e+00,-1.000000000000000000e+00,-1.000000000000000000e+00,-1.000000000000000000e+00,-1.000000000000000000e+00,-1.000000000000000000e+00,-1.000000000000000000e+00,-1.000000000000000000e+00,-1.000000000000000000e+00,-1.000000000000000000e+00,-1.000000000000000000e+00,-1.000000000000000000e+00,-1.000000000000000000e+00,-1.000000000000000000e+00,-1.000000000000000000e+00,-1.000000000000000000e+00,-1.000000000000000000e+00,-1.000000000000000000e+00,-1.000000000000000000e+00,-1.000000000000000000e+00,-1.000000000000000000e+00,-1.000000000000000000e+00,-1.000000000000000000e+00,-1.000000000000000000e+00,-1.000000000000000000e+00,-1.000000000000000000e+00,-1.000000000000000000e+00,-1.000000000000000000e+00,-1.000000000000000000e+00,-1.000000000000000000e+00
-1.000000000000000000e+00,-1.000000000000000000e+00,-1.000000000000000000e+00,-1.000000000000000000e+00,-1.000000000000000000e+00,-1.000000000000000000e+00,-1.000000000000000000e+00,-1.000000000000000000e+00,-1.000000000000000000e+00,-1.000000000000000000e+00,-1.000000000000000000e+00,-1.000000000000000000e+00,-1.000000000000000000e+00,-1.000000000000000000e+00,-1.000000000000000000e+00,-1.000000000000000000e+00,-1.000000000000000000e+00,-1.000000000000000000e+00,-1.000000000000000000e+00,-1.000000000000000000e+00,-1.000000000000000000e+00,-1.000000000000000000e+00,-1.000000000000000000e+00,-1.000000000000000000e+00,-1.000000000000000000e+00,-1.000000000000000000e+00,-1.000000000000000000e+00,-1.000000000000000000e+00,-1.000000000000000000e+00,-1.000000000000000000e+00,-1.000000000000000000e+00,-1.000000000000000000e+00,-1.000000000000000000e+00,-1.000000000000000000e+00,-1.000000000000000000e+00,-1.000000000000000000e+00,-1.000000000000000000e+00,-1.000000000000000000e+00,-1.000000000000000000e+00,-1.000000000000000000e+00,-1.000000000000000000e+00,-1.000000000000000000e+00,-1.000000000000000000e+00,-1.000000000000000000e+00,-1.000000000000000000e+00,-1.000000000000000000e+00,-8.085023295441715607e-01,-8.085354814961059899e-01,-8.086349608486059770e-01,-8.088008369545846010e-01,-8.090332210595327922e-01,-8.093322508014468841e-01,-8.096980408462867151e-01,-8.101305255779476244e-01,-8.106289902240698675e-01,-8.111907404372070696e-01,-8.118075328972209626e-01,-8.124565577729245813e-01,-8.130790954518627434e-01,-8.135335237548115828e-01,-8.135000099677323071e-01,-8.123050775325807438e-01,-8.086357255091253249e-01,-8.001467420556268584e-01,-7.830619093091578664e-01,-7.520480692594516681e-01,-7.008591311587999417e-01,-6.243560618487684621e-01,-5.222747493149865194e-01,-4.043329063977613158e-01,-2.946559854456141103e-01,-2.294806936201482239e-01,-2.294806936184562440e-01,-2.946559854638117759e-01,-4.043329064189732369e-01,-5.222747493591342050e-01,-6.243560619119006283e-01,-7.008591312498837489e-01,-7.520480693967999120e-01,-7.830619094899229360e-01,-8.001467422938385310e-01,-8.086357257928442621e-01,-8.123050778527742821e-01,-8.135000103182790099e-01,-8.135335241291983266e-01,-8.130790958526299406e-01,-8.124565581997342800e-01,-8.118075333442081876e-01,-8.111907408964641464e-01,-8.106289906987135252e-01,-8.101305260577515988e-01,-8.096980413665879617e-01,-8.093322513599271462e-01,-8.090332216141769006e-01,-8.088008375883306567e-01,-8.086349614962231591e-01,-8.085354821710180051e-01,-8.085023302151844726e-01,-1.000000000000000000e+00,-1.000000000000000000e+00,-1.000000000000000000e+00,-1.000000000000000000e+00,-1.000000000000000000e+00,-1.000000000000000000e+00,-1.000000000000000000e+00,-1.000000000000000000e+00,-1.000000000000000000e+00,-1.000000000000000000e+00,-1.000000000000000000e+00,-1.000000000000000000e+00,-1.000000000000000000e+00,-1.000000000000000000e+00,-1.000000000000000000e+00,-1.000000000000000000e+00,-1.000000000000000000e+00,-1.000000000000000000e+00,-1.000000000000000000e+00,-1.000000000000000000e+00,-1.000000000000000000e+00,-1.000000000000000000e+00,-1.000000000000000000e+00,-1.000000000000000000e+00,-1.000000000000000000e+00,-1.000000000000000000e+00,-1.000000000000000000e+00,-1.000000000000000000e+00,-1.000000000000000000e+00,-1.000000000000000000e+00,-1.000000000000000000e+00,-1.000000000000000000e+00,-1.000000000000000000e+00,-1.000000000000000000e+00,-1.000000000000000000e+00,-1.000000000000000000e+00,-1.000000000000000000e+00,-1.000000000000000000e+00,-1.000000000000000000e+00,-1.000000000000000000e+00,-1.000000000000000000e+00,-1.000000000000000000e+00,-1.000000000000000000e+00,-1.000000000000000000e+00,-1.000000000000000000e+00,-1.000000000000000000e+00
-1.000000000000000000e+00,-1.000000000000000000e+00,-1.000000000000000000e+00,-1.000000000000000000e+00,-1.000000000000000000e+00,-1.000000000000000000e+00,-1.000000000000000000e+00,-1.000000000000000000e+00,-1.000000000000000000e+00,-1.000000000000000000e+00,-1.000000000000000000e+00,-1.000000000000000000e+00,-1.000000000000000000e+00,-1.000000000000000000e+00,-1.000000000000000000e+00,-1.000000000000000000e+00,-1.000000000000000000e+00,-1.000000000000000000e+00,-1.000000000000000000e+00,-1.000000000000000000e+00,-1.000000000000000000e+00,-1.000000000000000000e+00,-1.000000000000000000e+00,-1.000000000000000000e+00,-1.000000000000000000e+00,-1.000000000000000000e+00,-1.000000000000000000e+00,-1.000000000000000000e+00,-1.000000000000000000e+00,-1.000000000000000000e+00,-1.000000000000000000e+00,-1.000000000000000000e+00,-1.000000000000000000e+00,-1.000000000000000000e+00,-1.000000000000000000e+00,-1.000000000000000000e+00,-1.000000000000000000e+00,-1.000000000000000000e+00,-1.000000000000000000e+00,-1.000000000000000000e+00,-1.000000000000000000e+00,-1.000000000000000000e+00,-1.000000000000000000e+00,-1.000000000000000000e+00,-1.000000000000000000e+00,-1.000000000000000000e+00,-8.083732051520966522e-01,-8.084063570752536565e-01,-8.085058363900667899e-01,-8.086717124870592688e-01,-8.089040968492025030e-01,-8.092031273178532658e-01,-8.095689187226398076e-01,-8.100014058379584325e-01,-8.104998742046670701e-01,-8.110616297013448772e-01,-8.116784290224174914e-01,-8.123274616080875532e-01,-8.129500052913398722e-01,-8.134044310028570868e-01,-8.133708897032471130e-01,-8.121758695429750485e-01,-8.085062994186988927e-01,-8.000168399644400630e-01,-7.829310641904524415e-01,-7.519155123617865533e-01,-7.007237299426436472e-01,-6.242163671514339152e-01,-5.221292587427130982e-01,-4.041806385406312430e-01,-2.944973499041786402e-01,-2.293182645493561100e-01,-2.293182645552751531e-01,-2.944973499344077927e-01,-4.041806385791211209e-01,-5.221292588074871732e-01,-6.242163672416469744e-01,-7.007237300710702499e-01,-7.519155125472426482e-01,-7.829310644230156324e-01,-8.000168402503099463e-01,-8.085062997456828882e-01,-8.121758699028083228e-01,-8.133708901017191462e-01,-8.134044314373070073e-01,-8.129500057636775967e-01,-8.123274621090883496e-01,-8.116784295321927134e-01,-8.110616302128339505e-01,-8.104998747155309768e-01,-8.100014063510549978e-01,-8.095689192603625628e-01,-8.092031278548852402e-01,-8.089040974033347986e-01,-8.086717131110005008e-01,-8.085058369899528197e-01,-8.084063577079264595e-01,-8.083732057740213861e-01,-1.000000000000000000e+00,-1.000000000000000000e+00,-1.000000000000000000e+00,-1.000000000000000000e+00,-1.000000000000000000e+00,-1.000000000000000000e+00,-1.000000000000000000e+00,-1.000000000000000000e+00,-1.000000000000000000e+00,-1.000000000000000000e+00,-1.000000000000000000e+00,-1.000000000000000000e+00,-1.000000000000000000e+00,-1.000000000000000000e+00,-1.000000000000000000e+00,-1.000000000000000000e+00,-1.000000000000000000e+00,-1.000000000000000000e+00,-1.000000000000000000e+00,-1.000000000000000000e+00,-1.000000000000000000e+00,-1.000000000000000000e+00,-1.000000000000000000e+00,-1.000000000000000000e+00,-1.000000000000000000e+00,-1.000000000000000000e+00,-1.000000000000000000e+00,-1.000000000000000000e+00,-1.000000000000000000e+00,-1.000000000000000000e+00,-1.000000000000000000e+00,-1.000000000000000000e+00,-1.000000000000000000e+00,-1.000000000000000000e+00,-1.000000000000000000e+00,-1.000000000000000000e+00,-1.000000000000000000e+00,-1.000000000000000000e+00,-1.000000000000000000e+00,-1.000000000000000000e+00,-1.000000000000000000e+00,-1.000000000000000000e+00,-1.000000000000000000e+00,-1.000000000000000000e+00,-1.000000000000000000e+00,-1.000000000000000000e+00
-1.000000000000000000e+00,-1.000000000000000000e+00,-1.000000000000000000e+00,-1.000000000000000000e+00,-1.000000000000000000e+00,-1.000000000000000000e+00,-1.000000000000000000e+00,-1.000000000000000000e+00,-1.000000000000000000e+00,-1.000000000000000000e+00,-1.000000000000000000e+00,-1.000000000000000000e+00,-1.000000000000000000e+00,-1.000000000000000000e+00,-1.000000000000000000e+00,-1.000000000000000000e+00,-1.000000000000000000e+00,-1.000000000000000000e+00,-1.000000000000000000e+00,-1.000000000000000000e+00,-1.000000000000000000e+00,-1.000000000000000000e+00,-1.000000000000000000e+00,-1.000000000000000000e+00,-1.000000000000000000e+00,-1.000000000000000000e+00,-1.000000000000000000e+00,-1.000000000000000000e+00,-1.000000000000000000e+00,-1.000000000000000000e+00,-1.000000000000000000e+00,-1.000000000000000000e+00,-1.000000000000000000e+00,-1.000000000000000000e+00,-1.000000000000000000e+00,-1.000000000000000000e+00,-1.000000000000000000e+00,-1.000000000000000000e+00,-1.000000000000000000e+00,-1.000000000000000000e+00,-1.000000000000000000e+00,-1.000000000000000000e+00,-1.000000000000000000e+00,-1.000000000000000000e+00,-1.000000000000000000e+00,-1.000000000000000000e+00,-8.082728274653470102e-01,-8.083059793930860160e-01,-8.084054587674052161e-01,-8.085713350300288704e-01,-8.088037197151263236e-01,-8.091027509713131227e-01,-8.094685437586340848e-01,-8.099010330632685495e-01,-8.103995046939355129e-01,-8.109612646983401785e-01,-8.115780697697974055e-01,-8.122271087795598365e-01,-8.128496575611663388e-01,-8.133040816993547528e-01,-8.132705194644331836e-01,-8.120754315799829648e-01,-8.084056924140901046e-01,-7.999158634930738643e-01,-7.828293553080820644e-01,-7.518124736405701336e-01,-7.006184812161022624e-01,-6.241077821409359849e-01,-5.220161697138331336e-01,-4.040622825503072946e-01,-2.943740450761361815e-01,-2.291920114324343949e-01,-2.291920114435594957e-01,-2.943740451095864241e-01,-4.040622825966657672e-01,-5.220161697812258916e-01,-6.241077822377510964e-01,-7.006184813603708594e-01,-7.518124738480874703e-01,-7.828293555721138608e-01,-7.999158638103966990e-01,-8.084056927751287480e-01,-8.120754319800724819e-01,-8.132705199104608429e-01,-8.133040821887469463e-01,-8.128496580883701750e-01,-8.122271093283615073e-01,-8.115780703204761304e-01,-8.109612652479212258e-01,-8.103995052398185184e-01,-8.099010336110162855e-01,-8.094685443197160435e-01,-8.091027515435542661e-01,-8.088037203145242993e-01,-8.085713356290397114e-01,-8.084054593398487532e-01,-8.083059800111142001e-01,-8.082728280646476193e-01,-1.000000000000000000e+00,-1.000000000000000000e+00,-1.000000000000000000e+00,-1.000000000000000000e+00,-1.000000000000000000e+00,-1.000000000000000000e+00,-1.000000000000000000e+00,-1.000000000000000000e+00,-1.000000000000000000e+00,-1.000000000000000000e+00,-1.000000000000000000e+00,-1.000000000000000000e+00,-1.000000000000000000e+00,-1.000000000000000000e+00,-1.000000000000000000e+00,-1.000000000000000000e+00,-1.000000000000000000e+00,-1.000000000000000000e+00,-1.000000000000000000e+00,-1.000000000000000000e+00,-1.000000000000000000e+00,-1.000000000000000000e+00,-1.000000000000000000e+00,-1.000000000000000000e+00,-1.000000000000000000e+00,-1.000000000000000000e+00,-1.000000000000000000e+00,-1.000000000000000000e+00,-1.000000000000000000e+00,-1.000000000000000000e+00,-1.000000000000000000e+00,-1.000000000000000000e+00,-1.000000000000000000e+00,-1.000000000000000000e+00,-1.000000000000000000e+00,-1.000000000000000000e+00,-1.000000000000000000e+00,-1.000000000000000000e+00,-1.000000000000000000e+00,-1.000000000000000000e+00,-1.000000000000000000e+00,-1.000000000000000000e+00,-1.000000000000000000e+00,-1.000000000000000000e+00,-1.000000000000000000e+00,-1.000000000000000000e+00
-1.000000000000000000e+00,-1.000000000000000000e+00,-1.000000000000000000e+00,-1.000000000000000000e+00,-1.000000000000000000e+00,-1.000000000000000000e+00,-1.000000000000000000e+00,-1.000000000000000000e+00,-1.000000000000000000e+00,-1.000000000000000000e+00,-1.000000000000000000e+00,-1.000000000000000000e+00,-1.000000000000000000e+00,-1.000000000000000000e+00,-1.000000000000000000e+00,-1.000000000000000000e+00,-1.000000000000000000e+00,-1.000000000000000000e+00,-1.000000000000000000e+00,-1.000000000000000000e+00,-1.000000000000000000e+00,-1.000000000000000000e+00,-1.000000000000000000e+00,-1.000000000000000000e+00,-1.000000000000000000e+00,-1.000000000000000000e+00,-1.000000000000000000e+00,-1.000000000000000000e+00,-1.000000000000000000e+00,-1.000000000000000000e+00,-1.000000000000000000e+00,-1.000000000000000000e+00,-1.000000000000000000e+00,-1.000000000000000000e+00,-1.000000000000000000e+00,-1.000000000000000000e+00,-1.000000000000000000e+00,-1.000000000000000000e+00,-1.000000000000000000e+00,-1.000000000000000000e+00,-1.000000000000000000e+00,-1.000000000000000000e+00,-1.000000000000000000e+00,-1.000000000000000000e+00,-1.000000000000000000e+00,-1.000000000000000000e+00,-8.082011572153108281e-01,-8.082343091593063855e-01,-8.083337885760250030e-01,-8.084996650819222808e-01,-8.087320501310455434e-01,-8.090310820454746921e-01,-8.093968759643612731e-01,-8.098293670016940560e-01,-8.103278411497991662e-01,-8.108896045797325813e-01,-8.115064139744145866e-01,-8.121554578052120332e-01,-8.127780104667009509e-01,-8.132324337250160795e-01,-8.131988567881504038e-01,-8.120037207968427984e-01,-8.083338611957944231e-01,-7.998437687647488303e-01,-7.827567379827296001e-01,-7.517389072508531278e-01,-7.005433374506684352e-01,-6.240302569709271774e-01,-5.219354294767499791e-01,-4.039777824865233846e-01,-2.942860121718235966e-01,-2.291018738056133097e-01,-2.291018738147763134e-01,-2.942860121935266804e-01,-4.039777825266663847e-01,-5.219354295401495980e-01,-6.240302570789274528e-01,-7.005433376222016673e-01,-7.517389074925882042e-01,-7.827567382863800383e-01,-7.998437691122142201e-01,-8.083338615757627021e-01,-8.120037212129854742e-01,-8.131988572511952285e-01,-8.132324342439898324e-01,-8.127780110330486973e-01,-8.121554583962833362e-01,-8.115064145664158124e-01,-8.108896051615197553e-01,-8.103278417264245803e-01,-8.098293675814369763e-01,-8.093968765470884730e-01,-8.090310826342741457e-01,-8.087320507202927500e-01,-8.084996656621329381e-01,-8.083337891775530526e-01,-8.082343097722834990e-01,-8.082011578029870691e-01,-1.000000000000000000e+00,-1.000000000000000000e+00,-1.000000000000000000e+00,-1.000000000000000000e+00,-1.000000000000000000e+00,-1.000000000000000000e+00,-1.000000000000000000e+00,-1.000000000000000000e+00,-1.000000000000000000e+00,-1.000000000000000000e+00,-1.000000000000000000e+00,-1.000000000000000000e+00,-1.000000000000000000e+00,-1.000000000000000000e+00,-1.000000000000000000e+00,-1.000000000000000000e+00,-1.000000000000000000e+00,-1.000000000000000000e+00,-1.000000000000000000e+00,-1.000000000000000000e+00,-1.000000000000000000e+00,-1.000000000000000000e+00,-1.000000000000000000e+00,-1.000000000000000000e+00,-1.000000000000000000e+00,-1.000000000000000000e+00,-1.000000000000000000e+00,-1.000000000000000000e+00,-1.000000000000000000e+00,-1.000000000000000000e+00,-1.000000000000000000e+00,-1.000000000000000000e+00,-1.000000000000000000e+00,-1.000000000000000000e+00,-1.000000000000000000e+00,-1.000000000000000000e+00,-1.000000000000000000e+00,-1.000000000000000000e+00,-1.000000000000000000e+00,-1.000000000000000000e+00,-1.000000000000000000e+00,-1.000000000000000000e+00,-1.000000000000000000e+00,-1.000000000000000000e+00,-1.000000000000000000e+00,-1.000000000000000000e+00
-1.000000000000000000e+00,-1.000000000000000000e+00,-1.000000000000000000e+00,-1.000000000000000000e+00,-1.000000000000000000e+00,-1.000000000000000000e+00,-1.000000000000000000e+00,-1.000000000000000000e+00,-1.000000000000000000e+00,-1.000000000000000000e+00,-1.000000000000000000e+00,-1.000000000000000000e+00,-1.000000000000000000e+00,-1.000000000000000000e+00,-1.000000000000000000e+00,-1.000000000000000000e+00,-1.000000000000000000e+00,-1.000000000000000000e+00,-1.000000000000000000e+00,-1.000000000000000000e+00,-1.000000000000000000e+00,-1.000000000000000000e+00,-1.000000000000000000e+00,-1.000000000000000000e+00,-1.000000000000000000e+00,-1.000000000000000000e+00,-1.000000000000000000e+00,-1.000000000000000000e+00,-1.000000000000000000e+00,-1.000000000000000000e+00,-1.000000000000000000e+00,-1.000000000000000000e+00,-1.000000000000000000e+00,-1.000000000000000000e+00,-1.000000000000000000e+00,-1.000000000000000000e+00,-1.000000000000000000e+00,-1.000000000000000000e+00,-1.000000000000000000e+00,-1.000000000000000000e+00,-1.000000000000000000e+00,-1.000000000000000000e+00,-1.000000000000000000e+00,-1.000000000000000000e+00,-1.000000000000000000e+00,-1.000000000000000000e+00,-8.081581663101350399e-01,-8.081913183149682656e-01,-8.082907977414324208e-01,-8.084566743755097207e-01,-8.086890596982241330e-01,-8.089880920575415191e-01,-8.093538867137434201e-01,-8.097863788658474782e-01,-8.102848546080293479e-01,-8.108466201876046719e-01,-8.114634322671882005e-01,-8.121124790795417603e-01,-8.127350341563027714e-01,-8.131894569749784640e-01,-8.131558713140868422e-01,-8.119607065677364455e-01,-8.082907748342751386e-01,-7.998005244617965026e-01,-7.827131803458984294e-01,-7.516947805027998086e-01,-7.004982647577182586e-01,-6.239837560938779060e-01,-5.218870003926869838e-01,-4.039270984188267910e-01,-2.942332092128683296e-01,-2.290478084921112600e-01,-2.290478085002292108e-01,-2.942332092261221721e-01,-4.039270984480830551e-01,-5.218870004427472731e-01,-6.239837561935825949e-01,-7.004982649280657725e-01,-7.516947807518387092e-01,-7.827131806640980072e-01,-7.998005248272405110e-01,-8.082907752318759798e-01,-8.119607070011849448e-01,-8.131558717888215382e-01,-8.131894575051747953e-01,-8.127350347333548441e-01,-8.121124796853742556e-01,-8.114634328834666732e-01,-8.108466207956060989e-01,-8.102848552149524153e-01,-8.097863794774737833e-01,-8.093538873312846604e-01,-8.089880926809198680e-01,-8.086890603016991808e-01,-8.084566749850546907e-01,-8.082907983570644106e-01,-8.081913188889686683e-01,-8.081581669038767624e-01,-1.000000000000000000e+00,-1.000000000000000000e+00,-1.000000000000000000e+00,-1.000000000000000000e+00,-1.000000000000000000e+00,-1.000000000000000000e+00,-1.000000000000000000e+00,-1.000000000000000000e+00,-1.000000000000000000e+00,-1.000000000000000000e+00,-1.000000000000000000e+00,-1.000000000000000000e+00,-1.000000000000000000e+00,-1.000000000000000000e+00,-1.000000000000000000e+00,-1.000000000000000000e+00,-1.000000000000000000e+00,-1.000000000000000000e+00,-1.000000000000000000e+00,-1.000000000000000000e+00,-1.000000000000000000e+00,-1.000000000000000000e+00,-1.000000000000000000e+00,-1.000000000000000000e+00,-1.000000000000000000e+00,-1.000000000000000000e+00,-1.000000000000000000e+00,-1.000000000000000000e+00,-1.000000000000000000e+00,-1.000000000000000000e+00,-1.000000000000000000e+00,-1.000000000000000000e+00,-1.000000000000000000e+00,-1.000000000000000000e+00,-1.000000000000000000e+00,-1.000000000000000000e+00,-1.000000000000000000e+00,-1.000000000000000000e+00,-1.000000000000000000e+00,-1.000000000000000000e+00,-1.000000000000000000e+00,-1.000000000000000000e+00,-1.000000000000000000e+00,-1.000000000000000000e+00,-1.000000000000000000e+00,-1.000000000000000000e+00
-1.000000000000000000e+00,-1.000000000000000000e+00,-1.000000000000000000e+00,-1.000000000000000000e+00,-1.000000000000000000e+00,-1.000000000000000000e+00,-1.000000000000000000e+00,-1.000000000000000000e+00,-1.000000000000000000e+00,-1.000000000000000000e+00,-1.000000000000000000e+00,-1.000000000000000000e+00,-1.000000000000000000e+00,-1.000000000000000000e+00,-1.000000000000000000e+00,-1.000000000000000000e+00,-1.000000000000000000e+00,-1.000000000000000000e+00,-1.000000000000000000e+00,-1.000000000000000000e+00,-1.000000000000000000e+00,-1.000000000000000000e+00,-1.000000000000000000e+00,-1.000000000000000000e+00,-1.000000000000000000e+00,-1.000000000000000000e+00,-1.000000000000000000e+00,-1.000000000000000000e+00,-1.000000000000000000e+00,-1.000000000000000000e+00,-1.000000000000000000e+00,-1.000000000000000000e+00,-1.000000000000000000e+00,-1.000000000000000000e+00,-1.000000000000000000e+00,-1.000000000000000000e+00,-1.000000000000000000e+00,-1.000000000000000000e+00,-1.000000000000000000e+00,-1.000000000000000000e+00,-1.000000000000000000e+00,-1.000000000000000000e+00,-1.000000000000000000e+00,-1.000000000000000000e+00,-1.000000000000000000e+00,-1.000000000000000000e+00,-8.081438378076901685e-01,-8.081769898844565203e-01,-8.082764693568491587e-01,-8.084423460277051499e-01,-8.086747314494815431e-01,-8.089737639679748238e-01,-8.093395588772051008e-01,-8.097720514101897082e-01,-8.102705276911434940e-01,-8.108322940003707124e-01,-8.114491069909440801e-01,-8.120981548143471063e-01,-8.127207107144298615e-01,-8.131751334026084965e-01,-8.131415448499970111e-01,-8.119463705358984651e-01,-8.082764147767871332e-01,-7.997861117815849852e-01,-7.826986632547922040e-01,-7.516800737572110203e-01,-7.004832427774823067e-01,-6.239682581644021564e-01,-5.218708598718282410e-01,-4.039102063948931676e-01,-2.942156110283964399e-01,-2.290297896003510303e-01,-2.290297896051731730e-01,-2.942156110331245467e-01,-4.039102064143715864e-01,-5.218708599185382102e-01,-6.239682582668354405e-01,-7.004832429540099881e-01,-7.516800740170831441e-01,-7.826986635805593950e-01,-7.997861121549293406e-01,-8.082764151812776854e-01,-8.119463709753232949e-01,-8.131415453291921391e-01,-8.131751339366213305e-01,-8.127207112945709078e-01,-8.120981554251099910e-01,-8.114491076200027742e-01,-8.108322946309307611e-01,-8.102705283247926271e-01,-8.097720520369164898e-01,-8.093395595007992771e-01,-8.089737645952341794e-01,-8.086747320493123947e-01,-8.084423466388421797e-01,-8.082764699592387414e-01,-8.081769904644392488e-01,-8.081438384740863290e-01,-1.000000000000000000e+00,-1.000000000000000000e+00,-1.000000000000000000e+00,-1.000000000000000000e+00,-1.000000000000000000e+00,-1.000000000000000000e+00,-1.000000000000000000e+00,-1.000000000000000000e+00,-1.000000000000000000e+00,-1.000000000000000000e+00,-1.000000000000000000e+00,-1.000000000000000000e+00,-1.000000000000000000e+00,-1.000000000000000000e+00,-1.000000000000000000e+00,-1.000000000000000000e+00,-1.000000000000000000e+00,-1.000000000000000000e+00,-1.000000000000000000e+00,-1.000000000000000000e+00,-1.000000000000000000e+00,-1.000000000000000000e+00,-1.000000000000000000e+00,-1.000000000000000000e+00,-1.000000000000000000e+00,-1.000000000000000000e+00,-1.000000000000000000e+00,-1.000000000000000000e+00,-1.000000000000000000e+00,-1.000000000000000000e+00,-1.000000000000000000e+00,-1.000000000000000000e+00,-1.000000000000000000e+00,-1.000000000000000000e+00,-1.000000000000000000e+00,-1.000000000000000000e+00,-1.000000000000000000e+00,-1.000000000000000000e+00,-1.000000000000000000e+00,-1.000000000000000000e+00,-1.000000000000000000e+00,-1.000000000000000000e+00,-1.000000000000000000e+00,-1.000000000000000000e+00,-1.000000000000000000e+00,-1.000000000000000000e+00
