-1.000000000000000000e+00,-1.000000000000000000e+00,-1.000000000000000000e+00,-1.000000000000000000e+00,-1.000000000000000000e+00,-1.000000000000000000e+00,-1.000000000000000000e+00,-1.000000000000000000e+00,-1.000000000000000000e+00,-1.000000000000000000e+00,-1.000000000000000000e+00,-1.000000000000000000e+00,-1.000000000000000000e+00,-1.000000000000000000e+00,-1.000000000000000000e+00,-1.000000000000000000e+00,-1.000000000000000000e+00,-1.000000000000000000e+00,-1.000000000000000000e+00,-1.000000000000000000e+00,-1.000000000000000000e+00,-1.000000000000000000e+00,-1.000000000000000000e+00,-1.000000000000000000e+00,-1.000000000000000000e+00,-1.000000000000000000e+00,-1.000000000000000000e+00,-1.000000000000000000e+00,-1.000000000000000000e+00,-1.000000000000000000e+00,-1.000000000000000000e+00,-1.000000000000000000e+00,-1.000000000000000000e+00,-1.000000000000000000e+00,-1.000000000000000000e+00,-1.000000000000000000e+00,-1.000000000000000000e+00,-1.000000000000000000e+00,-1.000000000000000000e+00,-1.000000000000000000e+00,-1.000000000000000000e+00,-1.000000000000000000e+00,-1.000000000000000000e+00,-1.000000000000000000e+00,-1.000000000000000000e+00,-1.000000000000000000e+00,-1.378557526383528131e+00,-1.378566239957146333e+00,-1.378589870177729715e+00,-1.378619681474144709e+00,-1.378636751949036343e+00,-1.378603893118686141e+00,-1.378450983182584189e+00,-1.378049816806816263e+00,-1.377172611824839743e+00,-1.375426178111964104e+00,-1.372151725369709752e+00,-1.366279153143745262e+00,-1.356125916921876673e+00,-1.339136156815918355e+00,-1.311568385561616701e+00,-1.268162485052002353e+00,-1.201852394706256266e+00,-1.103644245386495415e+00,-9.628605867630426474e-01,-7.680820353367647790e-01,-5.093410129111966000e-01,-1.824886265071351543e-01,2.028951925509232534e-01,6.108314891709916150e-01,9.642412824698507468e-01,1.150838205253266633e+00,1.150838039800005319e+00,9.642408064312548710e-01,6.108307586296077840e-01,2.028942817823151668e-01,-1.824896447015942336e-01,-5.093420804798212131e-01,-7.680831142677815304e-01,-9.628616575722065418e-01,-1.103645302682862539e+00,-1.201853442053354648e+00,-1.268163530731237998e+00,-1.311569439406297111e+00,-1.339137227902804650e+00,-1.356127011964221918e+00,-1.366280277034133794e+00,-1.372152879710593076e+00,-1.375427363654813773e+00,-1.377173827895177727e+00,-1.378051063735413528e+00,-1.378452262134858941e+00,-1.378605206360366875e+00,-1.378638097270633134e+00,-1.378621051508693629e+00,-1.378591262623795721e+00,-1.378567649734763867e+00,-1.378558942143906396e+00,-1.000000000000000000e+00,-1.000000000000000000e+00,-1.000000000000000000e+00,-1.000000000000000000e+00,-1.000000000000000000e+00,-1.000000000000000000e+00,-1.000000000000000000e+00,-1.000000000000000000e+00,-1.000000000000000000e+00,-1.000000000000000000e+00,-1.000000000000000000e+00,-1.000000000000000000e+00,-1.000000000000000000e+00,-1.000000000000000000e+00,-1.000000000000000000e+00,-1.000000000000000000e+00,-1.000000000000000000e+00,-1.000000000000000000e+00,-1.000000000000000000e+00,-1.000000000000000000e+00,-1.000000000000000000e+00,-1.000000000000000000e+00,-1.000000000000000000e+00,-1.000000000000000000e+00,-1.000000000000000000e+00,-1.000000000000000000e+00,-1.000000000000000000e+00,-1.000000000000000000e+00,-1.000000000000000000e+00,-1.000000000000000000e+00,-1.000000000000000000e+00,-1.000000000000000000e+00,-1.000000000000000000e+00,-1.000000000000000000e+00,-1.000000000000000000e+00,-1.000000000000000000e+00,-1.000000000000000000e+00,-1.000000000000000000e+00,-1.000000000000000000e+00,-1.000000000000000000e+00,-1.000000000000000000e+00,-1.000000000000000000e+00,-1.000000000000000000e+00,-1.000000000000000000e+00,-1.000000000000000000e+00,-1.000000000000000000e+00
-1.000000000000000000e+00,-1.000000000000000000e+00,-1.000000000000000000e+00,-1.000000000000000000e+00,-1.000000000000000000e+00,-1.000000000000000000e+00,-1.000000000000000000e+00,-1.000000000000000000e+00,-1.000000000000000000e+00,-1.000000000000000000e+00,-1.000000000000000000e+00,-1.000000000000000000e+00,-1.000000000000000000e+00,-1.000000000000000000e+00,-1.000000000000000000e+00,-1.000000000000000000e+00,-1.000000000000000000e+00,-1.000000000000000000e+00,-1.000000000000000000e+00,-1.000000000000000000e+00,-1.000000000000000000e+00,-1.000000000000000000e+00,-1.000000000000000000e+00,-1.000000000000000000e+00,-1.000000000000000000e+00,-1.000000000000000000e+00,-1.000000000000000000e+00,-1.000000000000000000e+00,-1.000000000000000000e+00,-1.000000000000000000e+00,-1.000000000000000000e+00,-1.000000000000000000e+00,-1.000000000000000000e+00,-1.000000000000000000e+00,-1.000000000000000000e+00,-1.000000000000000000e+00,-1.000000000000000000e+00,-1.000000000000000000e+00,-1.000000000000000000e+00,-1.000000000000000000e+00,-1.000000000000000000e+00,-1.000000000000000000e+00,-1.000000000000000000e+00,-1.000000000000000000e+00,-1.000000000000000000e+00,-1.000000000000000000e+00,-1.378556310252141426e+00,-1.378565024380292270e+00,-1.378588652218362132e+00,-1.378618465694376072e+00,-1.378635540761887990e+00,-1.378602680043220952e+00,-1.378449767479127175e+00,-1.378048600997335615e+00,-1.377171398726939167e+00,-1.375424970671022873e+00,-1.372150527038083156e+00,-1.366277968088458472e+00,-1.356124752169496794e+00,-1.339135024152179110e+00,-1.311567303177381794e+00,-1.268161478692501731e+00,-1.201851498755976522e+00,-1.103643504210426007e+00,-9.628600548865501318e-01,-7.680817744002934599e-01,-5.093410846365314937e-01,-1.824890812248245453e-01,2.028943312008282263e-01,6.108302418314361937e-01,9.642397282045218621e-01,1.150836481436761094e+00,1.150836311595636818e+00,9.642392407142306165e-01,6.108294970141578961e-01,2.028934071995966981e-01,-1.824901091256542207e-01,-5.093421574437748678e-01,-7.680828544221968146e-01,-9.628611234611944569e-01,-1.103644556988439662e+00,-1.201852540647801781e+00,-1.268162519571496949e+00,-1.311568353894233097e+00,-1.339136093752329337e+00,-1.356125846959121306e+00,-1.366279092968204267e+00,-1.372151684001813976e+00,-1.375426160713201229e+00,-1.377172620342471676e+00,-1.378049853159873495e+00,-1.378451049373647042e+00,-1.378603991842592524e+00,-1.378636881359313504e+00,-1.378619834407365019e+00,-1.378590044594705910e+00,-1.378566431052852259e+00,-1.378557722475156622e+00,-1.000000000000000000e+00,-1.000000000000000000e+00,-1.000000000000000000e+00,-1.000000000000000000e+00,-1.000000000000000000e+00,-1.000000000000000000e+00,-1.000000000000000000e+00,-1.000000000000000000e+00,-1.000000000000000000e+00,-1.000000000000000000e+00,-1.000000000000000000e+00,-1.000000000000000000e+00,-1.000000000000000000e+00,-1.000000000000000000e+00,-1.000000000000000000e+00,-1.000000000000000000e+00,-1.000000000000000000e+00,-1.000000000000000000e+00,-1.000000000000000000e+00,-1.000000000000000000e+00,-1.000000000000000000e+00,-1.000000000000000000e+00,-1.000000000000000000e+00,-1.000000000000000000e+00,-1.000000000000000000e+00,-1.000000000000000000e+00,-1.000000000000000000e+00,-1.000000000000000000e+00,-1.000000000000000000e+00,-1.000000000000000000e+00,-1.000000000000000000e+00,-1.000000000000000000e+00,-1.000000000000000000e+00,-1.000000000000000000e+00,-1.000000000000000000e+00,-1.000000000000000000e+00,-1.000000000000000000e+00,-1.000000000000000000e+00,-1.000000000000000000e+00,-1.000000000000000000e+00,-1.000000000000000000e+00,-1.000000000000000000e+00,-1.000000000000000000e+00,-1.000000000000000000e+00,-1.000000000000000000e+00,-1.000000000000000000e+00
-1.000000000000000000e+00,-1.000000000000000000e+00,-1.000000000000000000e+00,-1.000000000000000000e+00,-1.000000000000000000e+00,-1.000000000000000000e+00,-1.000000000000000000e+00,-1.000000000000000000e+00,-1.000000000000000000e+00,-1.000000000000000000e+00,-1.000000000000000000e+00,-1.000000000000000000e+00,-1.000000000000000000e+00,-1.000000000000000000e+00,-1.000000000000000000e+00,-1.000000000000000000e+00,-1.000000000000000000e+00,-1.000000000000000000e+00,-1.000000000000000000e+00,-1.000000000000000000e+00,-1.000000000000000000e+00,-1.000000000000000000e+00,-1.000000000000000000e+00,-1.000000000000000000e+00,-1.000000000000000000e+00,-1.000000000000000000e+00,-1.000000000000000000e+00,-1.000000000000000000e+00,-1.000000000000000000e+00,-1.000000000000000000e+00,-1.000000000000000000e+00,-1.000000000000000000e+00,-1.000000000000000000e+00,-1.000000000000000000e+00,-1.000000000000000000e+00,-1.000000000000000000e+00,-1.000000000000000000e+00,-1.000000000000000000e+00,-1.000000000000000000e+00,-1.000000000000000000e+00,-1.000000000000000000e+00,-1.000000000000000000e+00,-1.000000000000000000e+00,-1.000000000000000000e+00,-1.000000000000000000e+00,-1.000000000000000000e+00,-1.378552655634625479e+00,-1.378561373667615886e+00,-1.378585004153668692e+00,-1.378614815079834965e+00,-1.378631890002943283e+00,-1.378599029480500837e+00,-1.378446118491638783e+00,-1.378044956842781943e+00,-1.377167763431367931e+00,-1.375421349357649703e+00,-1.372146928641070129e+00,-1.366274407597254603e+00,-1.356121253303729901e+00,-1.339131622632501184e+00,-1.311564051740067738e+00,-1.268158453150175724e+00,-1.201848803265249233e+00,-1.103641274019341978e+00,-9.628584549246504976e-01,-7.680809899464741131e-01,-5.093413009007898840e-01,-1.824904491636475390e-01,2.028917413039568185e-01,6.108264931001412545e-01,9.642350597655886535e-01,1.150831308474252967e+00,1.150831131931744356e+00,9.642345552766853345e-01,6.108257283527898096e-01,2.028908003884464240e-01,-1.824914880439789666e-01,-5.093423783726767073e-01,-7.680820695446508584e-01,-9.628595197545044559e-01,-1.103642321501798307e+00,-1.201849839730693814e+00,-1.268159489698427844e+00,-1.311565100153286867e+00,-1.339132692692158066e+00,-1.356122351742257592e+00,-1.366275539101259762e+00,-1.372148094201472546e+00,-1.375422548788268751e+00,-1.377168994540242108e+00,-1.378046218540199375e+00,-1.378447408905312699e+00,-1.378600347234623325e+00,-1.378633233980446793e+00,-1.378616185003874284e+00,-1.378586393568864255e+00,-1.378562779504704405e+00,-1.378554069835095763e+00,-1.000000000000000000e+00,-1.000000000000000000e+00,-1.000000000000000000e+00,-1.000000000000000000e+00,-1.000000000000000000e+00,-1.000000000000000000e+00,-1.000000000000000000e+00,-1.000000000000000000e+00,-1.000000000000000000e+00,-1.000000000000000000e+00,-1.000000000000000000e+00,-1.000000000000000000e+00,-1.000000000000000000e+00,-1.000000000000000000e+00,-1.000000000000000000e+00,-1.000000000000000000e+00,-1.000000000000000000e+00,-1.000000000000000000e+00,-1.000000000000000000e+00,-1.000000000000000000e+00,-1.000000000000000000e+00,-1.000000000000000000e+00,-1.000000000000000000e+00,-1.000000000000000000e+00,-1.000000000000000000e+00,-1.000000000000000000e+00,-1.000000000000000000e+00,-1.000000000000000000e+00,-1.000000000000000000e+00,-1.000000000000000000e+00,-1.000000000000000000e+00,-1.000000000000000000e+00,-1.000000000000000000e+00,-1.000000000000000000e+00,-1.000000000000000000e+00,-1.000000000000000000e+00,-1.000000000000000000e+00,-1.000000000000000000e+00,-1.000000000000000000e+00,-1.000000000000000000e+00,-1.000000000000000000e+00,-1.000000000000000000e+00,-1.000000000000000000e+00,-1.000000000000000000e+00,-1.000000000000000000e+00,-1.000000000000000000e+00
-1.000000000000000000e+00,-1.000000000000000000e+00,-1.000000000000000000e+00,-1.000000000000000000e+00,-1.000000000000000000e+00,-1.000000000000000000e+00,-1.000000000000000000e+00,-1.000000000000000000e+00,-1.000000000000000000e+00,-1.000000000000000000e+00,-1.000000000000000000e+00,-1.000000000000000000e+00,-1.000000000000000000e+00,-1.000000000000000000e+00,-1.000000000000000000e+00,-1.000000000000000000e+00,-1.000000000000000000e+00,-1.000000000000000000e+00,-1.000000000000000000e+00,-1.000000000000000000e+00,-1.000000000000000000e+00,-1.000000000000000000e+00,-1.000000000000000000e+00,-1.000000000000000000e+00,-1.000000000000000000e+00,-1.000000000000000000e+00,-1.000000000000000000e+00,-1.000000000000000000e+00,-1.000000000000000000e+00,-1.000000000000000000e+00,-1.000000000000000000e+00,-1.000000000000000000e+00,-1.000000000000000000e+00,-1.000000000000000000e+00,-1.000000000000000000e+00,-1.000000000000000000e+00,-1.000000000000000000e+00,-1.000000000000000000e+00,-1.000000000000000000e+00,-1.000000000000000000e+00,-1.000000000000000000e+00,-1.000000000000000000e+00,-1.000000000000000000e+00,-1.000000000000000000e+00,-1.000000000000000000e+00,-1.000000000000000000e+00,-1.378546567424980829e+00,-1.378555284458426122e+00,-1.378578914181853854e+00,-1.378608726109054716e+00,-1.378625801645625870e+00,-1.378592943402614734e+00,-1.378440037606520896e+00,-1.378038884193341751e+00,-1.377161704619853211e+00,-1.375415314262157684e+00,-1.372140932371616717e+00,-1.366268474260297072e+00,-1.356115421181982583e+00,-1.339125951363320466e+00,-1.311558629895834827e+00,-1.268153407365715246e+00,-1.201844307239426701e+00,-1.103637553314855468e+00,-9.628557843472761446e-01,-7.680796780899348253e-01,-5.093416565965027676e-01,-1.824927250311949578e-01,2.028874269834044508e-01,6.108202450363806602e-01,9.642272775509070915e-01,1.150822686817098095e+00,1.150822502922233426e+00,9.642267543856017920e-01,6.108194581914989651e-01,2.028864669529659714e-01,-1.824937768073862099e-01,-5.093427399232899333e-01,-7.680807572409947825e-01,-9.628568444043156260e-01,-1.103638594102053005e+00,-1.201845336758181171e+00,-1.268154437664629430e+00,-1.311559673405882975e+00,-1.339127018506320432e+00,-1.356116518764278744e+00,-1.366269606782850143e+00,-1.372142101117937774e+00,-1.375416518948460176e+00,-1.377162942359184683e+00,-1.378040152711867528e+00,-1.378441334529842521e+00,-1.378594266960762926e+00,-1.378627149634259696e+00,-1.378610097773522725e+00,-1.378580303690861264e+00,-1.378556688998976654e+00,-1.378547980072001078e+00,-1.000000000000000000e+00,-1.000000000000000000e+00,-1.000000000000000000e+00,-1.000000000000000000e+00,-1.000000000000000000e+00,-1.000000000000000000e+00,-1.000000000000000000e+00,-1.000000000000000000e+00,-1.000000000000000000e+00,-1.000000000000000000e+00,-1.000000000000000000e+00,-1.000000000000000000e+00,-1.000000000000000000e+00,-1.000000000000000000e+00,-1.000000000000000000e+00,-1.000000000000000000e+00,-1.000000000000000000e+00,-1.000000000000000000e+00,-1.000000000000000000e+00,-1.000000000000000000e+00,-1.000000000000000000e+00,-1.000000000000000000e+00,-1.000000000000000000e+00,-1.000000000000000000e+00,-1.000000000000000000e+00,-1.000000000000000000e+00,-1.000000000000000000e+00,-1.000000000000000000e+00,-1.000000000000000000e+00,-1.000000000000000000e+00,-1.000000000000000000e+00,-1.000000000000000000e+00,-1.000000000000000000e+00,-1.000000000000000000e+00,-1.000000000000000000e+00,-1.000000000000000000e+00,-1.000000000000000000e+00,-1.000000000000000000e+00,-1.000000000000000000e+00,-1.000000000000000000e+00,-1.000000000000000000e+00,-1.000000000000000000e+00,-1.000000000000000000e+00,-1.000000000000000000e+00,-1.000000000000000000e+00,-1.000000000000000000e+00
-1.000000000000000000e+00,-1.000000000000000000e+00,-1.000000000000000000e+00,-1.000000000000000000e+00,-1.000000000000000000e+00,-1.000000000000000000e+00,-1.000000000000000000e+00,-1.000000000000000000e+00,-1.000000000000000000e+00,-1.000000000000000000e+00,-1.000000000000000000e+00,-1.000000000000000000e+00,-1.000000000000000000e+00,-1.000000000000000000e+00,-1.000000000000000000e+00,-1.000000000000000000e+00,-1.000000000000000000e+00,-1.000000000000000000e+00,-1.000000000000000000e+00,-1.000000000000000000e+00,-1.000000000000000000e+00,-1.000000000000000000e+00,-1.000000000000000000e+00,-1.000000000000000000e+00,-1.000000000000000000e+00,-1.000000000000000000e+00,-1.000000000000000000e+00,-1.000000000000000000e+00,-1.000000000000000000e+00,-1.000000000000000000e+00,-1.000000000000000000e+00,-1.000000000000000000e+00,-1.000000000000000000e+00,-1.000000000000000000e+00,-1.000000000000000000e+00,-1.000000000000000000e+00,-1.000000000000000000e+00,-1.000000000000000000e+00,-1.000000000000000000e+00,-1.000000000000000000e+00,-1.000000000000000000e+00,-1.000000000000000000e+00,-1.000000000000000000e+00,-1.000000000000000000e+00,-1.000000000000000000e+00,-1.000000000000000000e+00,-1.378538031650682338e+00,-1.378546749658186465e+00,-1.378570379582039873e+00,-1.378600194038194005e+00,-1.378617271701776392e+00,-1.378584416878802621e+00,-1.378431518142554602e+00,-1.378030376584853833e+00,-1.377153216223385046e+00,-1.375406858204178073e+00,-1.372132529700279546e+00,-1.366260159155361809e+00,-1.356107247453416376e+00,-1.339118002678443942e+00,-1.311551030964273501e+00,-1.268146336042339062e+00,-1.201838006426182215e+00,-1.103632338023376569e+00,-9.628520385203737098e-01,-7.680778332888910098e-01,-5.093421450266113482e-01,-1.824959008797779614e-01,2.028813974728647107e-01,6.108115087694729883e-01,9.642163957117551032e-01,1.150810634255096332e+00,1.150810444917531594e+00,9.642158585118452141e-01,6.108107047560586977e-01,2.028804217764708095e-01,-1.824969641193283643e-01,-5.093432343358914594e-01,-7.680789129393885695e-01,-9.628530953394741632e-01,-1.103633374528573352e+00,-1.201839032865697154e+00,-1.268147365733060639e+00,-1.311552076751945517e+00,-1.339119074880123383e+00,-1.356108352083005286e+00,-1.366261300067269202e+00,-1.372133708302028854e+00,-1.375408073923374275e+00,-1.377154465619866652e+00,-1.378031656561187424e+00,-1.378432826314788473e+00,-1.378585750210118199e+00,-1.378618626343897091e+00,-1.378601570584617519e+00,-1.378571773540803846e+00,-1.378548156031955019e+00,-1.378539446781052558e+00,-1.000000000000000000e+00,-1.000000000000000000e+00,-1.000000000000000000e+00,-1.000000000000000000e+00,-1.000000000000000000e+00,-1.000000000000000000e+00,-1.000000000000000000e+00,-1.000000000000000000e+00,-1.000000000000000000e+00,-1.000000000000000000e+00,-1.000000000000000000e+00,-1.000000000000000000e+00,-1.000000000000000000e+00,-1.000000000000000000e+00,-1.000000000000000000e+00,-1.000000000000000000e+00,-1.000000000000000000e+00,-1.000000000000000000e+00,-1.000000000000000000e+00,-1.000000000000000000e+00,-1.000000000000000000e+00,-1.000000000000000000e+00,-1.000000000000000000e+00,-1.000000000000000000e+00,-1.000000000000000000e+00,-1.000000000000000000e+00,-1.000000000000000000e+00,-1.000000000000000000e+00,-1.000000000000000000e+00,-1.000000000000000000e+00,-1.000000000000000000e+00,-1.000000000000000000e+00,-1.000000000000000000e+00,-1.000000000000000000e+00,-1.000000000000000000e+00,-1.000000000000000000e+00,-1.000000000000000000e+00,-1.000000000000000000e+00,-1.000000000000000000e+00,-1.000000000000000000e+00,-1.000000000000000000e+00,-1.000000000000000000e+00,-1.000000000000000000e+00,-1.000000000000000000e+00,-1.000000000000000000e+00,-1.000000000000000000e+00
-1.000000000000000000e+00,-1.000000000000000000e+00,-1.000000000000000000e+00,-1.000000000000000000e+00,-1.000000000000000000e+00,-1.000000000000000000e+00,-1.000000000000000000e+00,-1.000000000000000000e+00,-1.000000000000000000e+00,-1.000000000000000000e+00,-1.000000000000000000e+00,-1.000000000000000000e+00,-1.000000000000000000e+00,-1.000000000000000000e+00,-1.000000000000000000e+00,-1.000000000000000000e+00,-1.000000000000000000e+00,-1.000000000000000000e+00,-1.000000000000000000e+00,-1.000000000000000000e+00,-1.000000000000000000e+00,-1.000000000000000000e+00,-1.000000000000000000e+00,-1.000000000000000000e+00,-1.000000000000000000e+00,-1.000000000000000000e+00,-1.000000000000000000e+00,-1.000000000000000000e+00,-1.000000000000000000e+00,-1.000000000000000000e+00,-1.000000000000000000e+00,-1.000000000000000000e+00,-1.000000000000000000e+00,-1.000000000000000000e+00,-1.000000000000000000e+00,-1.000000000000000000e+00,-1.000000000000000000e+00,-1.000000000000000000e+00,-1.000000000000000000e+00,-1.000000000000000000e+00,-1.000000000000000000e+00,-1.000000000000000000e+00,-1.000000000000000000e+00,-1.000000000000000000e+00,-1.000000000000000000e+00,-1.000000000000000000e+00,-1.378527052160914090e+00,-1.378535769032296354e+00,-1.378559398906476829e+00,-1.378589214898608528e+00,-1.378606295025985418e+00,-1.378573445611761539e+00,-1.378420556042830869e+00,-1.378019430130970502e+00,-1.377142295052662613e+00,-1.375395978443486156e+00,-1.372121717965281817e+00,-1.366249459832476809e+00,-1.356096730634361869e+00,-1.339107775853899840e+00,-1.311541253549089792e+00,-1.268137235655260930e+00,-1.201829894418305011e+00,-1.103625618859013890e+00,-9.628472058532424604e-01,-7.680754428771432440e-01,-5.093427538723735992e-01,-1.824999654874923660e-01,2.028736631163721160e-01,6.108002948396646925e-01,9.642024262056743122e-01,1.150795164376038571e+00,1.150794972088360346e+00,9.642018807199013164e-01,6.107994787612316401e-01,2.028726733821926143e-01,-1.825010427163870075e-01,-5.093438548094680884e-01,-7.680765298597800328e-01,-9.628482654406846919e-01,-1.103626655024646741e+00,-1.201830919698731126e+00,-1.268138265299683098e+00,-1.311542301669408328e+00,-1.339108853585667225e+00,-1.356097843991311613e+00,-1.366250611940904580e+00,-1.372122909375364852e+00,-1.375397207721271275e+00,-1.377143558397433409e+00,-1.378020723929441749e+00,-1.378421878167373382e+00,-1.378574792058233633e+00,-1.378607660163810200e+00,-1.378590599426516849e+00,-1.378560800752795412e+00,-1.378537180894148451e+00,-1.378528470009990459e+00,-1.000000000000000000e+00,-1.000000000000000000e+00,-1.000000000000000000e+00,-1.000000000000000000e+00,-1.000000000000000000e+00,-1.000000000000000000e+00,-1.000000000000000000e+00,-1.000000000000000000e+00,-1.000000000000000000e+00,-1.000000000000000000e+00,-1.000000000000000000e+00,-1.000000000000000000e+00,-1.000000000000000000e+00,-1.000000000000000000e+00,-1.000000000000000000e+00,-1.000000000000000000e+00,-1.000000000000000000e+00,-1.000000000000000000e+00,-1.000000000000000000e+00,-1.000000000000000000e+00,-1.000000000000000000e+00,-1.000000000000000000e+00,-1.000000000000000000e+00,-1.000000000000000000e+00,-1.000000000000000000e+00,-1.000000000000000000e+00,-1.000000000000000000e+00,-1.000000000000000000e+00,-1.000000000000000000e+00,-1.000000000000000000e+00,-1.000000000000000000e+00,-1.000000000000000000e+00,-1.000000000000000000e+00,-1.000000000000000000e+00,-1.000000000000000000e+00,-1.000000000000000000e+00,-1.000000000000000000e+00,-1.000000000000000000e+00,-1.000000000000000000e+00,-1.000000000000000000e+00,-1.000000000000000000e+00,-1.000000000000000000e+00,-1.000000000000000000e+00,-1.000000000000000000e+00,-1.000000000000000000e+00,-1.000000000000000000e+00
-1.000000000000000000e+00,-1.000000000000000000e+00,-1.000000000000000000e+00,-1.000000000000000000e+00,-1.000000000000000000e+00,-1.000000000000000000e+00,-1.000000000000000000e+00,-1.000000000000000000e+00,-1.000000000000000000e+00,-1.000000000000000000e+00,-1.000000000000000000e+00,-1.000000000000000000e+00,-1.000000000000000000e+00,-1.000000000000000000e+00,-1.000000000000000000e+00,-1.000000000000000000e+00,-1.000000000000000000e+00,-1.000000000000000000e+00,-1.000000000000000000e+00,-1.000000000000000000e+00,-1.000000000000000000e+00,-1.000000000000000000e+00,-1.000000000000000000e+00,-1.000000000000000000e+00,-1.000000000000000000e+00,-1.000000000000000000e+00,-1.000000000000000000e+00,-1.000000000000000000e+00,-1.000000000000000000e+00,-1.000000000000000000e+00,-1.000000000000000000e+00,-1.000000000000000000e+00,-1.000000000000000000e+00,-1.000000000000000000e+00,-1.000000000000000000e+00,-1.000000000000000000e+00,-1.000000000000000000e+00,-1.000000000000000000e+00,-1.000000000000000000e+00,-1.000000000000000000e+00,-1.000000000000000000e+00,-1.000000000000000000e+00,-1.000000000000000000e+00,-1.000000000000000000e+00,-1.000000000000000000e+00,-1.000000000000000000e+00,-1.378513616832350408e+00,-1.378522333122560450e+00,-1.378545964269225710e+00,-1.378575782066379318e+00,-1.378592865271980772e+00,-1.378560022960575004e+00,-1.378407144195376022e+00,-1.378006036682052349e+00,-1.377128932603847389e+00,-1.375382667446190865e+00,-1.372108491371150096e+00,-1.366236371636269098e+00,-1.356083866241243108e+00,-1.339095265933184731e+00,-1.311529291589648372e+00,-1.268126098453951744e+00,-1.201819961669834624e+00,-1.103617385176222765e+00,-9.628412756332344058e-01,-7.680724966633014628e-01,-5.093434730893781071e-01,-1.825049073789484222e-01,2.028642387935770675e-01,6.107866226425582301e-01,9.641853923888223932e-01,1.150776302335053014e+00,1.150776109056167673e+00,9.641848431216966109e-01,6.107857984127205153e-01,2.028632359618312009e-01,-1.825060015415175263e-01,-5.093445922756114630e-01,-7.680736000753261017e-01,-9.628423474014079497e-01,-1.103618428531713880e+00,-1.201820990295962233e+00,-1.268127129611602122e+00,-1.311530341726678817e+00,-1.339096348436241701e+00,-1.356084988431863536e+00,-1.366237536416096354e+00,-1.372109698402444344e+00,-1.375383914595277091e+00,-1.377130215304060989e+00,-1.378007349333469467e+00,-1.378408483569733001e+00,-1.378561385602333544e+00,-1.378594245706611154e+00,-1.378577178445355766e+00,-1.378547377042070643e+00,-1.378523755927927308e+00,-1.378515044355401287e+00,-1.000000000000000000e+00,-1.000000000000000000e+00,-1.000000000000000000e+00,-1.000000000000000000e+00,-1.000000000000000000e+00,-1.000000000000000000e+00,-1.000000000000000000e+00,-1.000000000000000000e+00,-1.000000000000000000e+00,-1.000000000000000000e+00,-1.000000000000000000e+00,-1.000000000000000000e+00,-1.000000000000000000e+00,-1.000000000000000000e+00,-1.000000000000000000e+00,-1.000000000000000000e+00,-1.000000000000000000e+00,-1.000000000000000000e+00,-1.000000000000000000e+00,-1.000000000000000000e+00,-1.000000000000000000e+00,-1.000000000000000000e+00,-1.000000000000000000e+00,-1.000000000000000000e+00,-1.000000000000000000e+00,-1.000000000000000000e+00,-1.000000000000000000e+00,-1.000000000000000000e+00,-1.000000000000000000e+00,-1.000000000000000000e+00,-1.000000000000000000e+00,-1.000000000000000000e+00,-1.000000000000000000e+00,-1.000000000000000000e+00,-1.000000000000000000e+00,-1.000000000000000000e+00,-1.000000000000000000e+00,-1.000000000000000000e+00,-1.000000000000000000e+00,-1.000000000000000000e+00,-1.000000000000000000e+00,-1.000000000000000000e+00,-1.000000000000000000e+00,-1.000000000000000000e+00,-1.000000000000000000e+00,-1.000000000000000000e+00
-1.000000000000000000e+00,-1.000000000000000000e+00,-1.000000000000000000e+00,-1.000000000000000000e+00,-1.000000000000000000e+00,-1.000000000000000000e+00,-1.000000000000000000e+00,-1.000000000000000000e+00,-1.000000000000000000e+00,-1.000000000000000000e+00,-1.000000000000000000e+00,-1.000000000000000000e+00,-1.000000000000000000e+00,-1.000000000000000000e+00,-1.000000000000000000e+00,-1.000000000000000000e+00,-1.000000000000000000e+00,-1.000000000000000000e+00,-1.000000000000000000e+00,-1.000000000000000000e+00,-1.000000000000000000e+00,-1.000000000000000000e+00,-1.000000000000000000e+00,-1.000000000000000000e+00,-1.000000000000000000e+00,-1.000000000000000000e+00,-1.000000000000000000e+00,-1.000000000000000000e+00,-1.000000000000000000e+00,-1.000000000000000000e+00,-1.000000000000000000e+00,-1.000000000000000000e+00,-1.000000000000000000e+00,-1.000000000000000000e+00,-1.000000000000000000e+00,-1.000000000000000000e+00,-1.000000000000000000e+00,-1.000000000000000000e+00,-1.000000000000000000e+00,-1.000000000000000000e+00,-1.000000000000000000e+00,-1.000000000000000000e+00,-1.000000000000000000e+00,-1.000000000000000000e+00,-1.000000000000000000e+00,-1.000000000000000000e+00,-1.378497717127152189e+00,-1.378506432599600595e+00,-1.378530065287428386e+00,-1.378559885417208086e+00,-1.378576972878745144e+00,-1.378544139430227577e+00,-1.378391274654469978e+00,-1.377990189997778225e+00,-1.377113123511907622e+00,-1.375366920127241821e+00,-1.372092845174011977e+00,-1.366220889819246942e+00,-1.356068648327696691e+00,-1.339080464818701133e+00,-1.311515134853580289e+00,-1.268112912917856105e+00,-1.201808196434323239e+00,-1.103607625980518536e+00,-9.628342382883646744e-01,-7.680689862080064545e-01,-5.093442938727863467e-01,-1.825107150477872642e-01,2.028531408285945137e-01,6.107705139710646325e-01,9.641653201954090147e-01,1.150754075499090145e+00,1.150753882405851858e+00,9.641647700592901327e-01,6.107696847661345796e-01,2.028521270364649354e-01,-1.825118261457390201e-01,-5.093454344779511089e-01,-7.680701127400962891e-01,-9.628353313546939019e-01,-1.103608685895490549e+00,-1.201809235964154787e+00,-1.268113950286444913e+00,-1.311516188819058293e+00,-1.339081551539401671e+00,-1.356069777579176794e+00,-1.366222065487465054e+00,-1.372094066841492488e+00,-1.375368185476466110e+00,-1.377114427639632988e+00,-1.377991525281835994e+00,-1.378392635513054243e+00,-1.378545523022417507e+00,-1.378578375381944277e+00,-1.378561301671500372e+00,-1.378531495459161427e+00,-1.378507872077467500e+00,-1.378499159969029719e+00,-1.000000000000000000e+00,-1.000000000000000000e+00,-1.000000000000000000e+00,-1.000000000000000000e+00,-1.000000000000000000e+00,-1.000000000000000000e+00,-1.000000000000000000e+00,-1.000000000000000000e+00,-1.000000000000000000e+00,-1.000000000000000000e+00,-1.000000000000000000e+00,-1.000000000000000000e+00,-1.000000000000000000e+00,-1.000000000000000000e+00,-1.000000000000000000e+00,-1.000000000000000000e+00,-1.000000000000000000e+00,-1.000000000000000000e+00,-1.000000000000000000e+00,-1.000000000000000000e+00,-1.000000000000000000e+00,-1.000000000000000000e+00,-1.000000000000000000e+00,-1.000000000000000000e+00,-1.000000000000000000e+00,-1.000000000000000000e+00,-1.000000000000000000e+00,-1.000000000000000000e+00,-1.000000000000000000e+00,-1.000000000000000000e+00,-1.000000000000000000e+00,-1.000000000000000000e+00,-1.000000000000000000e+00,-1.000000000000000000e+00,-1.000000000000000000e+00,-1.000000000000000000e+00,-1.000000000000000000e+00,-1.000000000000000000e+00,-1.000000000000000000e+00,-1.000000000000000000e+00,-1.000000000000000000e+00,-1.000000000000000000e+00,-1.000000000000000000e+00,-1.000000000000000000e+00,-1.000000000000000000e+00,-1.000000000000000000e+00
-1.000000000000000000e+00,-1.000000000000000000e+00,-1.000000000000000000e+00,-1.000000000000000000e+00,-1.000000000000000000e+00,-1.000000000000000000e+00,-1.000000000000000000e+00,-1.000000000000000000e+00,-1.000000000000000000e+00,-1.000000000000000000e+00,-1.000000000000000000e+00,-1.000000000000000000e+00,-1.000000000000000000e+00,-1.000000000000000000e+00,-1.000000000000000000e+00,-1.000000000000000000e+00,-1.000000000000000000e+00,-1.000000000000000000e+00,-1.000000000000000000e+00,-1.000000000000000000e+00,-1.000000000000000000e+00,-1.000000000000000000e+00,-1.000000000000000000e+00,-1.000000000000000000e+00,-1.000000000000000000e+00,-1.000000000000000000e+00,-1.000000000000000000e+00,-1.000000000000000000e+00,-1.000000000000000000e+00,-1.000000000000000000e+00,-1.000000000000000000e+00,-1.000000000000000000e+00,-1.000000000000000000e+00,-1.000000000000000000e+00,-1.000000000000000000e+00,-1.000000000000000000e+00,-1.000000000000000000e+00,-1.000000000000000000e+00,-1.000000000000000000e+00,-1.000000000000000000e+00,-1.000000000000000000e+00,-1.000000000000000000e+00,-1.000000000000000000e+00,-1.000000000000000000e+00,-1.000000000000000000e+00,-1.000000000000000000e+00,-1.378479347434532265e+00,-1.378488062666944902e+00,-1.378511696787035667e+00,-1.378541520115373675e+00,-1.378558613557633983e+00,-1.378525790301378784e+00,-1.378372942052010108e+00,-1.377971884537603220e+00,-1.377094862330591862e+00,-1.375348730508101358e+00,-1.372074771826694572e+00,-1.366203004852506009e+00,-1.356051065451529425e+00,-1.339063359513718021e+00,-1.311498769490308414e+00,-1.268097665453876477e+00,-1.201794586483867056e+00,-1.103596330738204179e+00,-9.628260842718582291e-01,-7.680649012999649639e-01,-5.093452033203946794e-01,-1.825173711590120096e-01,2.028403919363654939e-01,6.107519967149546147e-01,9.641422411383777646e-01,1.150728516359709630e+00,1.150728323424026645e+00,9.641416902250619092e-01,6.107511630400559444e-01,2.028393681720210839e-01,-1.825184983117394966e-01,-5.093463658914756387e-01,-7.680660542986241790e-01,-9.628272051822467370e-01,-1.103597416028317513e+00,-1.201795646222345804e+00,-1.268098717105514694e+00,-1.311499832866179327e+00,-1.339064453030472945e+00,-1.356052202095284764e+00,-1.366204190797112750e+00,-1.372076007205048631e+00,-1.375350012475335948e+00,-1.377096186079410423e+00,-1.377973242611316262e+00,-1.378374326719725040e+00,-1.378527197174890473e+00,-1.378560040191187941e+00,-1.378542960666553352e+00,-1.378513149481381372e+00,-1.378489523091409374e+00,-1.378480809617935510e+00,-1.000000000000000000e+00,-1.000000000000000000e+00,-1.000000000000000000e+00,-1.000000000000000000e+00,-1.000000000000000000e+00,-1.000000000000000000e+00,-1.000000000000000000e+00,-1.000000000000000000e+00,-1.000000000000000000e+00,-1.000000000000000000e+00,-1.000000000000000000e+00,-1.000000000000000000e+00,-1.000000000000000000e+00,-1.000000000000000000e+00,-1.000000000000000000e+00,-1.000000000000000000e+00,-1.000000000000000000e+00,-1.000000000000000000e+00,-1.000000000000000000e+00,-1.000000000000000000e+00,-1.000000000000000000e+00,-1.000000000000000000e+00,-1.000000000000000000e+00,-1.000000000000000000e+00,-1.000000000000000000e+00,-1.000000000000000000e+00,-1.000000000000000000e+00,-1.000000000000000000e+00,-1.000000000000000000e+00,-1.000000000000000000e+00,-1.000000000000000000e+00,-1.000000000000000000e+00,-1.000000000000000000e+00,-1.000000000000000000e+00,-1.000000000000000000e+00,-1.000000000000000000e+00,-1.000000000000000000e+00,-1.000000000000000000e+00,-1.000000000000000000e+00,-1.000000000000000000e+00,-1.000000000000000000e+00,-1.000000000000000000e+00,-1.000000000000000000e+00,-1.000000000000000000e+00,-1.000000000000000000e+00,-1.000000000000000000e+00
-1.000000000000000000e+00,-1.000000000000000000e+00,-1.000000000000000000e+00,-1.000000000000000000e+00,-1.000000000000000000e+00,-1.000000000000000000e+00,-1.000000000000000000e+00,-1.000000000000000000e+00,-1.000000000000000000e+00,-1.000000000000000000e+00,-1.000000000000000000e+00,-1.000000000000000000e+00,-1.000000000000000000e+00,-1.000000000000000000e+00,-1.000000000000000000e+00,-1.000000000000000000e+00,-1.000000000000000000e+00,-1.000000000000000000e+00,-1.000000000000000000e+00,-1.000000000000000000e+00,-1.000000000000000000e+00,-1.000000000000000000e+00,-1.000000000000000000e+00,-1.000000000000000000e+00,-1.000000000000000000e+00,-1.000000000000000000e+00,-1.000000000000000000e+00,-1.000000000000000000e+00,-1.000000000000000000e+00,-1.000000000000000000e+00,-1.000000000000000000e+00,-1.000000000000000000e+00,-1.000000000000000000e+00,-1.000000000000000000e+00,-1.000000000000000000e+00,-1.000000000000000000e+00,-1.000000000000000000e+00,-1.000000000000000000e+00,-1.000000000000000000e+00,-1.000000000000000000e+00,-1.000000000000000000e+00,-1.000000000000000000e+00,-1.000000000000000000e+00,-1.000000000000000000e+00,-1.000000000000000000e+00,-1.000000000000000000e+00,-1.378458496105575026e+00,-1.378467212383190477e+00,-1.378490848036775906e+00,-1.378520675650144689e+00,-1.378537776786540991e+00,-1.378504965578323471e+00,-1.378352136643021364e+00,-1.377951110390293499e+00,-1.377074138865610919e+00,-1.375328088230205692e+00,-1.372054260274553794e+00,-1.366182704356861288e+00,-1.356031103892081369e+00,-1.339043935622336479e+00,-1.311480181392726596e+00,-1.268080343135216781e+00,-1.201779120652442634e+00,-1.103583489608494173e+00,-9.628168034448575385e-01,-7.680602293625488075e-01,-5.093461847274000087e-01,-1.825248541680859482e-01,2.028260185007566552e-01,6.107311017226559891e-01,9.641161894594880710e-01,1.150699660380082534e+00,1.150699466689695694e+00,9.641156356804934102e-01,6.107302616862539946e-01,2.028249840256441949e-01,-1.825259969115842207e-01,-5.093473684244507194e-01,-7.680614090724615650e-01,-9.628179550026311206e-01,-1.103584606290074266e+00,-1.201780209154861501e+00,-1.268081418478710587e+00,-1.311481262353313415e+00,-1.339045041209086406e+00,-1.356032249933148082e+00,-1.366183900364126735e+00,-1.372055508490626075e+00,-1.375329386017498212e+00,-1.377075481401793144e+00,-1.377952491023648918e+00,-1.378353547053063455e+00,-1.378506398814022482e+00,-1.378539229812300038e+00,-1.378522143799263411e+00,-1.378492328285792601e+00,-1.378468699711345113e+00,-1.378459985197206805e+00,-1.000000000000000000e+00,-1.000000000000000000e+00,-1.000000000000000000e+00,-1.000000000000000000e+00,-1.000000000000000000e+00,-1.000000000000000000e+00,-1.000000000000000000e+00,-1.000000000000000000e+00,-1.000000000000000000e+00,-1.000000000000000000e+00,-1.000000000000000000e+00,-1.000000000000000000e+00,-1.000000000000000000e+00,-1.000000000000000000e+00,-1.000000000000000000e+00,-1.000000000000000000e+00,-1.000000000000000000e+00,-1.000000000000000000e+00,-1.000000000000000000e+00,-1.000000000000000000e+00,-1.000000000000000000e+00,-1.000000000000000000e+00,-1.000000000000000000e+00,-1.000000000000000000e+00,-1.000000000000000000e+00,-1.000000000000000000e+00,-1.000000000000000000e+00,-1.000000000000000000e+00,-1.000000000000000000e+00,-1.000000000000000000e+00,-1.000000000000000000e+00,-1.000000000000000000e+00,-1.000000000000000000e+00,-1.000000000000000000e+00,-1.000000000000000000e+00,-1.000000000000000000e+00,-1.000000000000000000e+00,-1.000000000000000000e+00,-1.000000000000000000e+00,-1.000000000000000000e+00,-1.000000000000000000e+00,-1.000000000000000000e+00,-1.000000000000000000e+00,-1.000000000000000000e+00,-1.000000000000000000e+00,-1.000000000000000000e+00
-1.000000000000000000e+00,-1.000000000000000000e+00,-1.000000000000000000e+00,-1.000000000000000000e+00,-1.000000000000000000e+00,-1.000000000000000000e+00,-1.000000000000000000e+00,-1.000000000000000000e+00,-1.000000000000000000e+00,-1.000000000000000000e+00,-1.000000000000000000e+00,-1.000000000000000000e+00,-1.000000000000000000e+00,-1.000000000000000000e+00,-1.000000000000000000e+00,-1.000000000000000000e+00,-1.000000000000000000e+00,-1.000000000000000000e+00,-1.000000000000000000e+00,-1.000000000000000000e+00,-1.000000000000000000e+00,-1.000000000000000000e+00,-1.000000000000000000e+00,-1.000000000000000000e+00,-1.000000000000000000e+00,-1.000000000000000000e+00,-1.000000000000000000e+00,-1.000000000000000000e+00,-1.000000000000000000e+00,-1.000000000000000000e+00,-1.000000000000000000e+00,-1.000000000000000000e+00,-1.000000000000000000e+00,-1.000000000000000000e+00,-1.000000000000000000e+00,-1.000000000000000000e+00,-1.000000000000000000e+00,-1.000000000000000000e+00,-1.000000000000000000e+00,-1.000000000000000000e+00,-1.000000000000000000e+00,-1.000000000000000000e+00,-1.000000000000000000e+00,-1.000000000000000000e+00,-1.000000000000000000e+00,-1.000000000000000000e+00,-1.378435154553035780e+00,-1.378443872259078606e+00,-1.378467510252094463e+00,-1.378497343134327924e+00,-1.378514452915224897e+00,-1.378481655382328031e+00,-1.378328848694251318e+00,-1.377927857700783409e+00,-1.377050942207286965e+00,-1.375304980925819986e+00,-1.372031296829831382e+00,-1.366159973690996843e+00,-1.356008748611723380e+00,-1.339022178526211082e+00,-1.311459357250124302e+00,-1.268060934256976635e+00,-1.201761788259269270e+00,-1.103569091461426899e+00,-9.628063822919954440e-01,-7.680549528299616124e-01,-5.093472156976177612e-01,-1.825331369501853596e-01,2.028100519668631918e-01,6.107078643620136305e-01,9.640872036473300266e-01,1.150667547339534469e+00,1.150667351242860015e+00,9.640866428465368898e-01,6.107070131041665295e-01,2.028090027060556189e-01,-1.825342977414132761e-01,-5.093484211250534077e-01,-7.680561586329501811e-01,-9.628075642516666921e-01,-1.103570241496318660e+00,-1.201762910642084403e+00,-1.268062041207409063e+00,-1.311460464995573005e+00,-1.339023304450312590e+00,-1.356009909276266745e+00,-1.366161181394819124e+00,-1.372032557319088353e+00,-1.375306293643993039e+00,-1.377052303199291838e+00,-1.377929260677998036e+00,-1.378330285541834233e+00,-1.378483117302304883e+00,-1.378515934245706065e+00,-1.378498840048058449e+00,-1.378469019687620367e+00,-1.378445389295588352e+00,-1.378436674520167937e+00,-1.000000000000000000e+00,-1.000000000000000000e+00,-1.000000000000000000e+00,-1.000000000000000000e+00,-1.000000000000000000e+00,-1.000000000000000000e+00,-1.000000000000000000e+00,-1.000000000000000000e+00,-1.000000000000000000e+00,-1.000000000000000000e+00,-1.000000000000000000e+00,-1.000000000000000000e+00,-1.000000000000000000e+00,-1.000000000000000000e+00,-1.000000000000000000e+00,-1.000000000000000000e+00,-1.000000000000000000e+00,-1.000000000000000000e+00,-1.000000000000000000e+00,-1.000000000000000000e+00,-1.000000000000000000e+00,-1.000000000000000000e+00,-1.000000000000000000e+00,-1.000000000000000000e+00,-1.000000000000000000e+00,-1.000000000000000000e+00,-1.000000000000000000e+00,-1.000000000000000000e+00,-1.000000000000000000e+00,-1.000000000000000000e+00,-1.000000000000000000e+00,-1.000000000000000000e+00,-1.000000000000000000e+00,-1.000000000000000000e+00,-1.000000000000000000e+00,-1.000000000000000000e+00,-1.000000000000000000e+00,-1.000000000000000000e+00,-1.000000000000000000e+00,-1.000000000000000000e+00,-1.000000000000000000e+00,-1.000000000000000000e+00,-1.000000000000000000e+00,-1.000000000000000000e+00,-1.000000000000000000e+00,-1.000000000000000000e+00
-1.000000000000000000e+00,-1.000000000000000000e+00,-1.000000000000000000e+00,-1.000000000000000000e+00,-1.000000000000000000e+00,-1.000000000000000000e+00,-1.000000000000000000e+00,-1.000000000000000000e+00,-1.000000000000000000e+00,-1.000000000000000000e+00,-1.000000000000000000e+00,-1.000000000000000000e+00,-1.000000000000000000e+00,-1.000000000000000000e+00,-1.000000000000000000e+00,-1.000000000000000000e+00,-1.000000000000000000e+00,-1.000000000000000000e+00,-1.000000000000000000e+00,-1.000000000000000000e+00,-1.000000000000000000e+00,-1.000000000000000000e+00,-1.000000000000000000e+00,-1.000000000000000000e+00,-1.000000000000000000e+00,-1.000000000000000000e+00,-1.000000000000000000e+00,-1.000000000000000000e+00,-1.000000000000000000e+00,-1.000000000000000000e+00,-1.000000000000000000e+00,-1.000000000000000000e+00,-1.000000000000000000e+00,-1.000000000000000000e+00,-1.000000000000000000e+00,-1.000000000000000000e+00,-1.000000000000000000e+00,-1.000000000000000000e+00,-1.000000000000000000e+00,-1.000000000000000000e+00,-1.000000000000000000e+00,-1.000000000000000000e+00,-1.000000000000000000e+00,-1.000000000000000000e+00,-1.000000000000000000e+00,-1.000000000000000000e+00,-1.378409311811786608e+00,-1.378418030045383436e+00,-1.378441671111099831e+00,-1.378471510156726199e+00,-1.378488629713286784e+00,-1.378455847559246772e+00,-1.378303065924921800e+00,-1.377902114065762795e+00,-1.377025259397094192e+00,-1.375279394403649658e+00,-1.372005865829903026e+00,-1.366134796278049235e+00,-1.355983983226346279e+00,-1.338998073082065421e+00,-1.311436283715361473e+00,-1.268039426794253188e+00,-1.201742577150754832e+00,-1.103553122285648946e+00,-9.627948035764402057e-01,-7.680490505118922062e-01,-5.093482708092980094e-01,-1.825421897386683145e-01,2.027925265232828345e-01,6.106823231789213491e-01,9.640553259357462768e-01,1.150632221327983373e+00,1.150632020848712411e+00,9.640547529128491444e-01,6.106814539997187374e-01,2.027914558969663439e-01,-1.825433737239388066e-01,-5.093495006563495409e-01,-7.680502824236514758e-01,-9.627960143567581008e-01,-1.103554304500726557e+00,-1.201743734491282689e+00,-1.268040569593083866e+00,-1.311437425421666747e+00,-1.338999227991990448e+00,-1.355985166197881231e+00,-1.366136020381260474e+00,-1.372007139902514439e+00,-1.375280721337638790e+00,-1.377026637795029318e+00,-1.377903538850439258e+00,-1.378304529245452326e+00,-1.378457339790990721e+00,-1.378490142099133564e+00,-1.378473038695219977e+00,-1.378443212551077046e+00,-1.378419579667195638e+00,-1.378410864556085524e+00,-1.000000000000000000e+00,-1.000000000000000000e+00,-1.000000000000000000e+00,-1.000000000000000000e+00,-1.000000000000000000e+00,-1.000000000000000000e+00,-1.000000000000000000e+00,-1.000000000000000000e+00,-1.000000000000000000e+00,-1.000000000000000000e+00,-1.000000000000000000e+00,-1.000000000000000000e+00,-1.000000000000000000e+00,-1.000000000000000000e+00,-1.000000000000000000e+00,-1.000000000000000000e+00,-1.000000000000000000e+00,-1.000000000000000000e+00,-1.000000000000000000e+00,-1.000000000000000000e+00,-1.000000000000000000e+00,-1.000000000000000000e+00,-1.000000000000000000e+00,-1.000000000000000000e+00,-1.000000000000000000e+00,-1.000000000000000000e+00,-1.000000000000000000e+00,-1.000000000000000000e+00,-1.000000000000000000e+00,-1.000000000000000000e+00,-1.000000000000000000e+00,-1.000000000000000000e+00,-1.000000000000000000e+00,-1.000000000000000000e+00,-1.000000000000000000e+00,-1.000000000000000000e+00,-1.000000000000000000e+00,-1.000000000000000000e+00,-1.000000000000000000e+00,-1.000000000000000000e+00,-1.000000000000000000e+00,-1.000000000000000000e+00,-1.000000000000000000e+00,-1.000000000000000000e+00,-1.000000000000000000e+00,-1.000000000000000000e+00
-1.000000000000000000e+00,-1.000000000000000000e+00,-1.000000000000000000e+00,-1.000000000000000000e+00,-1.000000000000000000e+00,-1.000000000000000000e+00,-1.000000000000000000e+00,-1.000000000000000000e+00,-1.000000000000000000e+00,-1.000000000000000000e+00,-1.000000000000000000e+00,-1.000000000000000000e+00,-1.000000000000000000e+00,-1.000000000000000000e+00,-1.000000000000000000e+00,-1.000000000000000000e+00,-1.000000000000000000e+00,-1.000000000000000000e+00,-1.000000000000000000e+00,-1.000000000000000000e+00,-1.000000000000000000e+00,-1.000000000000000000e+00,-1.000000000000000000e+00,-1.000000000000000000e+00,-1.000000000000000000e+00,-1.000000000000000000e+00,-1.000000000000000000e+00,-1.000000000000000000e+00,-1.000000000000000000e+00,-1.000000000000000000e+00,-1.000000000000000000e+00,-1.000000000000000000e+00,-1.000000000000000000e+00,-1.000000000000000000e+00,-1.000000000000000000e+00,-1.000000000000000000e+00,-1.000000000000000000e+00,-1.000000000000000000e+00,-1.000000000000000000e+00,-1.000000000000000000e+00,-1.000000000000000000e+00,-1.000000000000000000e+00,-1.000000000000000000e+00,-1.000000000000000000e+00,-1.000000000000000000e+00,-1.000000000000000000e+00,-1.378380954545038506e+00,-1.378389672893055806e+00,-1.378413317931592053e+00,-1.378443163895217705e+00,-1.378460294643205186e+00,-1.378427529802411122e+00,-1.378274775283282461e+00,-1.377873864905754697e+00,-1.376997074249399766e+00,-1.375251311169221724e+00,-1.371977949130164243e+00,-1.366107154349118336e+00,-1.355956791480940504e+00,-1.338971605117911245e+00,-1.311410948230952833e+00,-1.268015808341786510e+00,-1.201721473272785001e+00,-1.103535565071565250e+00,-9.627820468879432214e-01,-7.680424985784412018e-01,-5.093493225094649635e-01,-1.825519805327885381e-01,2.027734794020188414e-01,6.106545209646787598e-01,9.640206040102314855e-01,1.150593732831832749e+00,1.150593526191642457e+00,9.640200139106289701e-01,6.106536271474258815e-01,2.027723801350562738e-01,-1.825531942356648507e-01,-5.093505812484553363e-01,-7.680437582390455820e-01,-9.627832855750434460e-01,-1.103536777261547641e+00,-1.201722663741982222e+00,-1.268016987083498526e+00,-1.311412127036143405e+00,-1.338972795373086999e+00,-1.355958004759644009e+00,-1.366108402126071208e+00,-1.371979241939176308e+00,-1.375252654952915154e+00,-1.376998470468774327e+00,-1.377875310726254021e+00,-1.378276263592794315e+00,-1.378429051445814180e+00,-1.378461839028270575e+00,-1.378444726215120042e+00,-1.378414893976015465e+00,-1.378391258029736388e+00,-1.378382542105133446e+00,-1.000000000000000000e+00,-1.000000000000000000e+00,-1.000000000000000000e+00,-1.000000000000000000e+00,-1.000000000000000000e+00,-1.000000000000000000e+00,-1.000000000000000000e+00,-1.000000000000000000e+00,-1.000000000000000000e+00,-1.000000000000000000e+00,-1.000000000000000000e+00,-1.000000000000000000e+00,-1.000000000000000000e+00,-1.000000000000000000e+00,-1.000000000000000000e+00,-1.000000000000000000e+00,-1.000000000000000000e+00,-1.000000000000000000e+00,-1.000000000000000000e+00,-1.000000000000000000e+00,-1.000000000000000000e+00,-1.000000000000000000e+00,-1.000000000000000000e+00,-1.000000000000000000e+00,-1.000000000000000000e+00,-1.000000000000000000e+00,-1.000000000000000000e+00,-1.000000000000000000e+00,-1.000000000000000000e+00,-1.000000000000000000e+00,-1.000000000000000000e+00,-1.000000000000000000e+00,-1.000000000000000000e+00,-1.000000000000000000e+00,-1.000000000000000000e+00,-1.000000000000000000e+00,-1.000000000000000000e+00,-1.000000000000000000e+00,-1.000000000000000000e+00,-1.000000000000000000e+00,-1.000000000000000000e+00,-1.000000000000000000e+00,-1.000000000000000000e+00,-1.000000000000000000e+00,-1.000000000000000000e+00,-1.000000000000000000e+00
-1.000000000000000000e+00,-1.000000000000000000e+00,-1.000000000000000000e+00,-1.000000000000000000e+00,-1.000000000000000000e+00,-1.000000000000000000e+00,-1.000000000000000000e+00,-1.000000000000000000e+00,-1.000000000000000000e+00,-1.000000000000000000e+00,-1.000000000000000000e+00,-1.000000000000000000e+00,-1.000000000000000000e+00,-1.000000000000000000e+00,-1.000000000000000000e+00,-1.000000000000000000e+00,-1.000000000000000000e+00,-1.000000000000000000e+00,-1.000000000000000000e+00,-1.000000000000000000e+00,-1.000000000000000000e+00,-1.000000000000000000e+00,-1.000000000000000000e+00,-1.000000000000000000e+00,-1.000000000000000000e+00,-1.000000000000000000e+00,-1.000000000000000000e+00,-1.000000000000000000e+00,-1.000000000000000000e+00,-1.000000000000000000e+00,-1.000000000000000000e+00,-1.000000000000000000e+00,-1.000000000000000000e+00,-1.000000000000000000e+00,-1.000000000000000000e+00,-1.000000000000000000e+00,-1.000000000000000000e+00,-1.000000000000000000e+00,-1.000000000000000000e+00,-1.000000000000000000e+00,-1.000000000000000000e+00,-1.000000000000000000e+00,-1.000000000000000000e+00,-1.000000000000000000e+00,-1.000000000000000000e+00,-1.000000000000000000e+00,-1.378350067285772251e+00,-1.378358786470581743e+00,-1.378382436467995520e+00,-1.378412289990904815e+00,-1.378429433106966195e+00,-1.378396687368068640e+00,-1.378243961582599209e+00,-1.377843094032967564e+00,-1.376966369486929853e+00,-1.375220713281728013e+00,-1.371947528976797948e+00,-1.366077031180531698e+00,-1.355927158060855842e+00,-1.338942760250034336e+00,-1.311383336078201900e+00,-1.267990062388858252e+00,-1.201698457310219403e+00,-1.103516397514730185e+00,-9.627680873046916554e-01,-7.680352697076406887e-01,-5.093503405800594575e-01,-1.825624750233132421e-01,2.027529503535416833e-01,6.106245036853092945e-01,9.639830895795695742e-01,1.150552137127454522e+00,1.150551923273970711e+00,9.639824793360043387e-01,6.106235804991773097e-01,2.027518166138506661e-01,-1.825637246125164648e-01,-5.093516337709038666e-01,-7.680365611756720945e-01,-9.627693559418787350e-01,-1.103517639726175448e+00,-1.201699679536207377e+00,-1.267991275457953648e+00,-1.311384551783188801e+00,-1.338943988549800457e+00,-1.355928407424666027e+00,-1.366078309943556057e+00,-1.371948847027397944e+00,-1.375222078220914579e+00,-1.376967785018198498e+00,-1.377844560173246968e+00,-1.378245473075305982e+00,-1.378398236679692967e+00,-1.378431009122266904e+00,-1.378413886714979775e+00,-1.378384048455842059e+00,-1.378360409475413828e+00,-1.378351692715426235e+00,-1.000000000000000000e+00,-1.000000000000000000e+00,-1.000000000000000000e+00,-1.000000000000000000e+00,-1.000000000000000000e+00,-1.000000000000000000e+00,-1.000000000000000000e+00,-1.000000000000000000e+00,-1.000000000000000000e+00,-1.000000000000000000e+00,-1.000000000000000000e+00,-1.000000000000000000e+00,-1.000000000000000000e+00,-1.000000000000000000e+00,-1.000000000000000000e+00,-1.000000000000000000e+00,-1.000000000000000000e+00,-1.000000000000000000e+00,-1.000000000000000000e+00,-1.000000000000000000e+00,-1.000000000000000000e+00,-1.000000000000000000e+00,-1.000000000000000000e+00,-1.000000000000000000e+00,-1.000000000000000000e+00,-1.000000000000000000e+00,-1.000000000000000000e+00,-1.000000000000000000e+00,-1.000000000000000000e+00,-1.000000000000000000e+00,-1.000000000000000000e+00,-1.000000000000000000e+00,-1.000000000000000000e+00,-1.000000000000000000e+00,-1.000000000000000000e+00,-1.000000000000000000e+00,-1.000000000000000000e+00,-1.000000000000000000e+00,-1.000000000000000000e+00,-1.000000000000000000e+00,-1.000000000000000000e+00,-1.000000000000000000e+00,-1.000000000000000000e+00,-1.000000000000000000e+00,-1.000000000000000000e+00,-1.000000000000000000e+00
-1.000000000000000000e+00,-1.000000000000000000e+00,-1.000000000000000000e+00,-1.000000000000000000e+00,-1.000000000000000000e+00,-1.000000000000000000e+00,-1.000000000000000000e+00,-1.000000000000000000e+00,-1.000000000000000000e+00,-1.000000000000000000e+00,-1.000000000000000000e+00,-1.000000000000000000e+00,-1.000000000000000000e+00,-1.000000000000000000e+00,-1.000000000000000000e+00,-1.000000000000000000e+00,-1.000000000000000000e+00,-1.000000000000000000e+00,-1.000000000000000000e+00,-1.000000000000000000e+00,-1.000000000000000000e+00,-1.000000000000000000e+00,-1.000000000000000000e+00,-1.000000000000000000e+00,-1.000000000000000000e+00,-1.000000000000000000e+00,-1.000000000000000000e+00,-1.000000000000000000e+00,-1.000000000000000000e+00,-1.000000000000000000e+00,-1.000000000000000000e+00,-1.000000000000000000e+00,-1.000000000000000000e+00,-1.000000000000000000e+00,-1.000000000000000000e+00,-1.000000000000000000e+00,-1.000000000000000000e+00,-1.000000000000000000e+00,-1.000000000000000000e+00,-1.000000000000000000e+00,-1.000000000000000000e+00,-1.000000000000000000e+00,-1.000000000000000000e+00,-1.000000000000000000e+00,-1.000000000000000000e+00,-1.000000000000000000e+00,-1.378316634840248245e+00,-1.378325356194649576e+00,-1.378349012104998161e+00,-1.378378873704197982e+00,-1.378396029673801149e+00,-1.378363303278925978e+00,-1.378210605963171131e+00,-1.377809780915813853e+00,-1.376933123694706440e+00,-1.375187579607772159e+00,-1.371914585751688564e+00,-1.366044409343686983e+00,-1.355895067295287637e+00,-1.338911523175945195e+00,-1.311353430738846804e+00,-1.267962170165489511e+00,-1.201673508008999747e+00,-1.103495596077496810e+00,-9.627528990553301247e-01,-7.680273354666620200e-01,-5.093512928745489443e-01,-1.825736358069232068e-01,2.027309835541111216e-01,6.105923230059124851e-01,9.639428409650017127e-01,1.150507496389317375e+00,1.150507274702218474e+00,9.639422086139723955e-01,6.105913671008698085e-01,2.027298108887884975e-01,-1.825749263701357261e-01,-5.093526256854805645e-01,-7.680286632081584353e-01,-9.627542004969679157e-01,-1.103496869025641702e+00,-1.201674760785209184e+00,-1.267963415164781171e+00,-1.311354680775383752e+00,-1.338912788604128101e+00,-1.355896355595146208e+00,-1.366045725876604333e+00,-1.371915937246042994e+00,-1.375188972946382204e+00,-1.376934563400697531e+00,-1.377811269423371732e+00,-1.378212140580287626e+00,-1.378364878672495797e+00,-1.378397635314783987e+00,-1.378380502801538121e+00,-1.378350658313565846e+00,-1.378327016321137855e+00,-1.378318299040316219e+00,-1.000000000000000000e+00,-1.000000000000000000e+00,-1.000000000000000000e+00,-1.000000000000000000e+00,-1.000000000000000000e+00,-1.000000000000000000e+00,-1.000000000000000000e+00,-1.000000000000000000e+00,-1.000000000000000000e+00,-1.000000000000000000e+00,-1.000000000000000000e+00,-1.000000000000000000e+00,-1.000000000000000000e+00,-1.000000000000000000e+00,-1.000000000000000000e+00,-1.000000000000000000e+00,-1.000000000000000000e+00,-1.000000000000000000e+00,-1.000000000000000000e+00,-1.000000000000000000e+00,-1.000000000000000000e+00,-1.000000000000000000e+00,-1.000000000000000000e+00,-1.000000000000000000e+00,-1.000000000000000000e+00,-1.000000000000000000e+00,-1.000000000000000000e+00,-1.000000000000000000e+00,-1.000000000000000000e+00,-1.000000000000000000e+00,-1.000000000000000000e+00,-1.000000000000000000e+00,-1.000000000000000000e+00,-1.000000000000000000e+00,-1.000000000000000000e+00,-1.000000000000000000e+00,-1.000000000000000000e+00,-1.000000000000000000e+00,-1.000000000000000000e+00,-1.000000000000000000e+00,-1.000000000000000000e+00,-1.000000000000000000e+00,-1.000000000000000000e+00,-1.000000000000000000e+00,-1.000000000000000000e+00,-1.000000000000000000e+00
-1.000000000000000000e+00,-1.000000000000000000e+00,-1.000000000000000000e+00,-1.000000000000000000e+00,-1.000000000000000000e+00,-1.000000000000000000e+00,-1.000000000000000000e+00,-1.000000000000000000e+00,-1.000000000000000000e+00,-1.000000000000000000e+00,-1.000000000000000000e+00,-1.000000000000000000e+00,-1.000000000000000000e+00,-1.000000000000000000e+00,-1.000000000000000000e+00,-1.000000000000000000e+00,-1.000000000000000000e+00,-1.000000000000000000e+00,-1.000000000000000000e+00,-1.000000000000000000e+00,-1.000000000000000000e+00,-1.000000000000000000e+00,-1.000000000000000000e+00,-1.000000000000000000e+00,-1.000000000000000000e+00,-1.000000000000000000e+00,-1.000000000000000000e+00,-1.000000000000000000e+00,-1.000000000000000000e+00,-1.000000000000000000e+00,-1.000000000000000000e+00,-1.000000000000000000e+00,-1.000000000000000000e+00,-1.000000000000000000e+00,-1.000000000000000000e+00,-1.000000000000000000e+00,-1.000000000000000000e+00,-1.000000000000000000e+00,-1.000000000000000000e+00,-1.000000000000000000e+00,-1.000000000000000000e+00,-1.000000000000000000e+00,-1.000000000000000000e+00,-1.000000000000000000e+00,-1.000000000000000000e+00,-1.000000000000000000e+00,-1.378280640829088188e+00,-1.378289364892426816e+00,-1.378313026442539391e+00,-1.378342895899225429e+00,-1.378360064947424357e+00,-1.378327357655629193e+00,-1.378174687933061859e+00,-1.377773904799320714e+00,-1.376897316612421429e+00,-1.375151891176514596e+00,-1.371879102087923519e+00,-1.366009272537500596e+00,-1.355860502621180519e+00,-1.338877875614094215e+00,-1.311321211359330885e+00,-1.267932108350823039e+00,-1.201646600209528071e+00,-1.103473134149034696e+00,-9.627364538060484422e-01,-7.680186648749496303e-01,-5.093521443228163914e-01,-1.825854219282272428e-01,2.027076275630899094e-01,6.105580359176274730e-01,9.638999225871265342e-01,1.150459879129498653e+00,1.150459649115546323e+00,9.638992665328340870e-01,6.105570445158534643e-01,2.027064122646906608e-01,-1.825867577922585250e-01,-5.093535215028327512e-01,-7.680200335514584253e-01,-9.627377916253386791e-01,-1.103474439469309898e+00,-1.201647883144084883e+00,-1.267933383300545280e+00,-1.311322492890666824e+00,-1.338879175625523388e+00,-1.355861829282899667e+00,-1.366010629755141759e+00,-1.371880492754807612e+00,-1.375153319362001803e+00,-1.376898785986354179e+00,-1.377775418982471578e+00,-1.378176246941616778e+00,-1.378328958817128580e+00,-1.378361699383109595e+00,-1.378344556405061816e+00,-1.378314705191076239e+00,-1.378291059584223044e+00,-1.378282341517532261e+00,-1.000000000000000000e+00,-1.000000000000000000e+00,-1.000000000000000000e+00,-1.000000000000000000e+00,-1.000000000000000000e+00,-1.000000000000000000e+00,-1.000000000000000000e+00,-1.000000000000000000e+00,-1.000000000000000000e+00,-1.000000000000000000e+00,-1.000000000000000000e+00,-1.000000000000000000e+00,-1.000000000000000000e+00,-1.000000000000000000e+00,-1.000000000000000000e+00,-1.000000000000000000e+00,-1.000000000000000000e+00,-1.000000000000000000e+00,-1.000000000000000000e+00,-1.000000000000000000e+00,-1.000000000000000000e+00,-1.000000000000000000e+00,-1.000000000000000000e+00,-1.000000000000000000e+00,-1.000000000000000000e+00,-1.000000000000000000e+00,-1.000000000000000000e+00,-1.000000000000000000e+00,-1.000000000000000000e+00,-1.000000000000000000e+00,-1.000000000000000000e+00,-1.000000000000000000e+00,-1.000000000000000000e+00,-1.000000000000000000e+00,-1.000000000000000000e+00,-1.000000000000000000e+00,-1.000000000000000000e+00,-1.000000000000000000e+00,-1.000000000000000000e+00,-1.000000000000000000e+00,-1.000000000000000000e+00,-1.000000000000000000e+00,-1.000000000000000000e+00,-1.000000000000000000e+00,-1.000000000000000000e+00,-1.000000000000000000e+00
-1.000000000000000000e+00,-1.000000000000000000e+00,-1.000000000000000000e+00,-1.000000000000000000e+00,-1.000000000000000000e+00,-1.000000000000000000e+00,-1.000000000000000000e+00,-1.000000000000000000e+00,-1.000000000000000000e+00,-1.000000000000000000e+00,-1.000000000000000000e+00,-1.000000000000000000e+00,-1.000000000000000000e+00,-1.000000000000000000e+00,-1.000000000000000000e+00,-1.000000000000000000e+00,-1.000000000000000000e+00,-1.000000000000000000e+00,-1.000000000000000000e+00,-1.000000000000000000e+00,-1.000000000000000000e+00,-1.000000000000000000e+00,-1.000000000000000000e+00,-1.000000000000000000e+00,-1.000000000000000000e+00,-1.000000000000000000e+00,-1.000000000000000000e+00,-1.000000000000000000e+00,-1.000000000000000000e+00,-1.000000000000000000e+00,-1.000000000000000000e+00,-1.000000000000000000e+00,-1.000000000000000000e+00,-1.000000000000000000e+00,-1.000000000000000000e+00,-1.000000000000000000e+00,-1.000000000000000000e+00,-1.000000000000000000e+00,-1.000000000000000000e+00,-1.000000000000000000e+00,-1.000000000000000000e+00,-1.000000000000000000e+00,-1.000000000000000000e+00,-1.000000000000000000e+00,-1.000000000000000000e+00,-1.000000000000000000e+00,-1.378242067301165941e+00,-1.378250793960306364e+00,-1.378274460431655246e+00,-1.378304336871281288e+00,-1.378321518120319666e+00,-1.378288828263773080e+00,-1.378136184173516243e+00,-1.377735442289524936e+00,-1.376858925918110099e+00,-1.375113627455279541e+00,-1.371841058928963353e+00,-1.365971601949366399e+00,-1.355823444066563521e+00,-1.338841795582424110e+00,-1.311286653956414305e+00,-1.267899851543337286e+00,-1.201617707588925388e+00,-1.103448984398883281e+00,-9.627187223701152430e-01,-7.680092254321208012e-01,-5.093528572963377243e-01,-1.825977886519960514e-01,2.026829360008537417e-01,6.105217056902498829e-01,9.638544060436817773e-01,1.150409361320535062e+00,1.150409122322553657e+00,9.638537243719966785e-01,6.105206758796664079e-01,2.026816746507755784e-01,-1.825991733617229329e-01,-5.093542825109229621e-01,-7.680106387877896346e-01,-9.627200997857590092e-01,-1.103450323859919813e+00,-1.201619020464516963e+00,-1.267901154488551896e+00,-1.311287964076023327e+00,-1.338843127064416327e+00,-1.355824806408723049e+00,-1.365972999239813523e+00,-1.371842491550750553e+00,-1.375115095946648491e+00,-1.376860431369334670e+00,-1.377736987271058755e+00,-1.378137770280380980e+00,-1.378290455439032947e+00,-1.378323180194527708e+00,-1.378306027142079948e+00,-1.378276169282684371e+00,-1.378252519514187702e+00,-1.378243799840535910e+00,-1.000000000000000000e+00,-1.000000000000000000e+00,-1.000000000000000000e+00,-1.000000000000000000e+00,-1.000000000000000000e+00,-1.000000000000000000e+00,-1.000000000000000000e+00,-1.000000000000000000e+00,-1.000000000000000000e+00,-1.000000000000000000e+00,-1.000000000000000000e+00,-1.000000000000000000e+00,-1.000000000000000000e+00,-1.000000000000000000e+00,-1.000000000000000000e+00,-1.000000000000000000e+00,-1.000000000000000000e+00,-1.000000000000000000e+00,-1.000000000000000000e+00,-1.000000000000000000e+00,-1.000000000000000000e+00,-1.000000000000000000e+00,-1.000000000000000000e+00,-1.000000000000000000e+00,-1.000000000000000000e+00,-1.000000000000000000e+00,-1.000000000000000000e+00,-1.000000000000000000e+00,-1.000000000000000000e+00,-1.000000000000000000e+00,-1.000000000000000000e+00,-1.000000000000000000e+00,-1.000000000000000000e+00,-1.000000000000000000e+00,-1.000000000000000000e+00,-1.000000000000000000e+00,-1.000000000000000000e+00,-1.000000000000000000e+00,-1.000000000000000000e+00,-1.000000000000000000e+00,-1.000000000000000000e+00,-1.000000000000000000e+00,-1.000000000000000000e+00,-1.000000000000000000e+00,-1.000000000000000000e+00,-1.000000000000000000e+00
-1.000000000000000000e+00,-1.000000000000000000e+00,-1.000000000000000000e+00,-1.000000000000000000e+00,-1.000000000000000000e+00,-1.000000000000000000e+00,-1.000000000000000000e+00,-1.000000000000000000e+00,-1.000000000000000000e+00,-1.000000000000000000e+00,-1.000000000000000000e+00,-1.000000000000000000e+00,-1.000000000000000000e+00,-1.000000000000000000e+00,-1.000000000000000000e+00,-1.000000000000000000e+00,-1.000000000000000000e+00,-1.000000000000000000e+00,-1.000000000000000000e+00,-1.000000000000000000e+00,-1.000000000000000000e+00,-1.000000000000000000e+00,-1.000000000000000000e+00,-1.000000000000000000e+00,-1.000000000000000000e+00,-1.000000000000000000e+00,-1.000000000000000000e+00,-1.000000000000000000e+00,-1.000000000000000000e+00,-1.000000000000000000e+00,-1.000000000000000000e+00,-1.000000000000000000e+00,-1.000000000000000000e+00,-1.000000000000000000e+00,-1.000000000000000000e+00,-1.000000000000000000e+00,-1.000000000000000000e+00,-1.000000000000000000e+00,-1.000000000000000000e+00,-1.000000000000000000e+00,-1.000000000000000000e+00,-1.000000000000000000e+00,-1.000000000000000000e+00,-1.000000000000000000e+00,-1.000000000000000000e+00,-1.000000000000000000e+00,-1.378200891079781831e+00,-1.378209619250529538e+00,-1.378233289392365446e+00,-1.378263171875688808e+00,-1.378280364135905822e+00,-1.378247689875091053e+00,-1.378095069994575539e+00,-1.377694370221883347e+00,-1.376817930398391399e+00,-1.375072768648904376e+00,-1.371800436519641897e+00,-1.365931376350589366e+00,-1.355783868075770560e+00,-1.338803257339222341e+00,-1.311249731294969578e+00,-1.267865371636101912e+00,-1.201586801350867706e+00,-1.103423116936996573e+00,-9.626996727263320563e-01,-7.679989814031420448e-01,-5.093533904305397320e-01,-1.826106869521613163e-01,2.026569673614300182e-01,6.104834010955026979e-01,9.638063690754052892e-01,1.150356025570796970e+00,1.150355777011536240e+00,9.638056601761326725e-01,6.104823305258846311e-01,2.026556572428357406e-01,-1.826121232616226830e-01,-5.093548664473470655e-01,-7.680004424372849359e-01,-9.627010928190892214e-01,-1.103424492909730104e+00,-1.201588145140810804e+00,-1.267866702008422219e+00,-1.311251067855437658e+00,-1.338804616739149411e+00,-1.355785261536091912e+00,-1.365932809253682656e+00,-1.371801908976770790e+00,-1.375074278726988064e+00,-1.376819475995679776e+00,-1.377695950876571818e+00,-1.378096686810512228e+00,-1.378249344340418236e+00,-1.378282053255481143e+00,-1.378264890661941466e+00,-1.378235026914885530e+00,-1.378211373309937038e+00,-1.378202651659699463e+00,-1.000000000000000000e+00,-1.000000000000000000e+00,-1.000000000000000000e+00,-1.000000000000000000e+00,-1.000000000000000000e+00,-1.000000000000000000e+00,-1.000000000000000000e+00,-1.000000000000000000e+00,-1.000000000000000000e+00,-1.000000000000000000e+00,-1.000000000000000000e+00,-1.000000000000000000e+00,-1.000000000000000000e+00,-1.000000000000000000e+00,-1.000000000000000000e+00,-1.000000000000000000e+00,-1.000000000000000000e+00,-1.000000000000000000e+00,-1.000000000000000000e+00,-1.000000000000000000e+00,-1.000000000000000000e+00,-1.000000000000000000e+00,-1.000000000000000000e+00,-1.000000000000000000e+00,-1.000000000000000000e+00,-1.000000000000000000e+00,-1.000000000000000000e+00,-1.000000000000000000e+00,-1.000000000000000000e+00,-1.000000000000000000e+00,-1.000000000000000000e+00,-1.000000000000000000e+00,-1.000000000000000000e+00,-1.000000000000000000e+00,-1.000000000000000000e+00,-1.000000000000000000e+00,-1.000000000000000000e+00,-1.000000000000000000e+00,-1.000000000000000000e+00,-1.000000000000000000e+00,-1.000000000000000000e+00,-1.000000000000000000e+00,-1.000000000000000000e+00,-1.000000000000000000e+00,-1.000000000000000000e+00,-1.000000000000000000e+00
-1.000000000000000000e+00,-1.000000000000000000e+00,-1.000000000000000000e+00,-1.000000000000000000e+00,-1.000000000000000000e+00,-1.000000000000000000e+00,-1.000000000000000000e+00,-1.000000000000000000e+00,-1.000000000000000000e+00,-1.000000000000000000e+00,-1.000000000000000000e+00,-1.000000000000000000e+00,-1.000000000000000000e+00,-1.000000000000000000e+00,-1.000000000000000000e+00,-1.000000000000000000e+00,-1.000000000000000000e+00,-1.000000000000000000e+00,-1.000000000000000000e+00,-1.000000000000000000e+00,-1.000000000000000000e+00,-1.000000000000000000e+00,-1.000000000000000000e+00,-1.000000000000000000e+00,-1.000000000000000000e+00,-1.000000000000000000e+00,-1.000000000000000000e+00,-1.000000000000000000e+00,-1.000000000000000000e+00,-1.000000000000000000e+00,-1.000000000000000000e+00,-1.000000000000000000e+00,-1.000000000000000000e+00,-1.000000000000000000e+00,-1.000000000000000000e+00,-1.000000000000000000e+00,-1.000000000000000000e+00,-1.000000000000000000e+00,-1.000000000000000000e+00,-1.000000000000000000e+00,-1.000000000000000000e+00,-1.000000000000000000e+00,-1.000000000000000000e+00,-1.000000000000000000e+00,-1.000000000000000000e+00,-1.000000000000000000e+00,-1.378157086512233453e+00,-1.378165815020093721e+00,-1.378189487677151437e+00,-1.378219375009277492e+00,-1.378236576305268413e+00,-1.378203915590937134e+00,-1.378051319319063772e+00,-1.377650664134702163e+00,-1.376774306991078500e+00,-1.375029291935895515e+00,-1.371757210920026004e+00,-1.365888569856318346e+00,-1.355741746889279620e+00,-1.338762231966497573e+00,-1.311210413964566834e+00,-1.267828638923043760e+00,-1.201553851144687490e+00,-1.103395499957156689e+00,-9.626792703502317083e-01,-7.679878938164865776e-01,-5.093536982738797736e-01,-1.826240628551132339e-01,2.026297858137391383e-01,6.104431971431465431e-01,9.637558961075429753e-01,1.150299961465837573e+00,1.150299702940549285e+00,9.637551588831074767e-01,6.104420842332844988e-01,2.026284250194245740e-01,-1.826255527538498402e-01,-5.093552268927834525e-01,-7.679894042447334979e-01,-9.626807351545784153e-01,-1.103396914770996773e+00,-1.201555227825818584e+00,-1.267829997594463798e+00,-1.311211775967594750e+00,-1.338763615989023048e+00,-1.355743166206259787e+00,-1.365890031724984688e+00,-1.371758717000088001e+00,-1.375030839835319263e+00,-1.376775892368394594e+00,-1.377652282920961868e+00,-1.378052970016988343e+00,-1.378205598941791621e+00,-1.378238291427682505e+00,-1.378221119166715969e+00,-1.378191250054574768e+00,-1.378167593393056833e+00,-1.378158870204809539e+00,-1.000000000000000000e+00,-1.000000000000000000e+00,-1.000000000000000000e+00,-1.000000000000000000e+00,-1.000000000000000000e+00,-1.000000000000000000e+00,-1.000000000000000000e+00,-1.000000000000000000e+00,-1.000000000000000000e+00,-1.000000000000000000e+00,-1.000000000000000000e+00,-1.000000000000000000e+00,-1.000000000000000000e+00,-1.000000000000000000e+00,-1.000000000000000000e+00,-1.000000000000000000e+00,-1.000000000000000000e+00,-1.000000000000000000e+00,-1.000000000000000000e+00,-1.000000000000000000e+00,-1.000000000000000000e+00,-1.000000000000000000e+00,-1.000000000000000000e+00,-1.000000000000000000e+00,-1.000000000000000000e+00,-1.000000000000000000e+00,-1.000000000000000000e+00,-1.000000000000000000e+00,-1.000000000000000000e+00,-1.000000000000000000e+00,-1.000000000000000000e+00,-1.000000000000000000e+00,-1.000000000000000000e+00,-1.000000000000000000e+00,-1.000000000000000000e+00,-1.000000000000000000e+00,-1.000000000000000000e+00,-1.000000000000000000e+00,-1.000000000000000000e+00,-1.000000000000000000e+00,-1.000000000000000000e+00,-1.000000000000000000e+00,-1.000000000000000000e+00,-1.000000000000000000e+00,-1.000000000000000000e+00,-1.000000000000000000e+00
-1.000000000000000000e+00,-1.000000000000000000e+00,-1.000000000000000000e+00,-1.000000000000000000e+00,-1.000000000000000000e+00,-1.000000000000000000e+00,-1.000000000000000000e+00,-1.000000000000000000e+00,-1.000000000000000000e+00,-1.000000000000000000e+00,-1.000000000000000000e+00,-1.000000000000000000e+00,-1.000000000000000000e+00,-1.000000000000000000e+00,-1.000000000000000000e+00,-1.000000000000000000e+00,-1.000000000000000000e+00,-1.000000000000000000e+00,-1.000000000000000000e+00,-1.000000000000000000e+00,-1.000000000000000000e+00,-1.000000000000000000e+00,-1.000000000000000000e+00,-1.000000000000000000e+00,-1.000000000000000000e+00,-1.000000000000000000e+00,-1.000000000000000000e+00,-1.000000000000000000e+00,-1.000000000000000000e+00,-1.000000000000000000e+00,-1.000000000000000000e+00,-1.000000000000000000e+00,-1.000000000000000000e+00,-1.000000000000000000e+00,-1.000000000000000000e+00,-1.000000000000000000e+00,-1.000000000000000000e+00,-1.000000000000000000e+00,-1.000000000000000000e+00,-1.000000000000000000e+00,-1.000000000000000000e+00,-1.000000000000000000e+00,-1.000000000000000000e+00,-1.000000000000000000e+00,-1.000000000000000000e+00,-1.000000000000000000e+00,-1.378110621885822784e+00,-1.378119349861926413e+00,-1.378143024037907116e+00,-1.378172915127268361e+00,-1.378190123712221382e+00,-1.378157475837660240e+00,-1.378004904605954373e+00,-1.377604298126752891e+00,-1.376728030100008215e+00,-1.374983170549080036e+00,-1.371711353397596422e+00,-1.365843151930646648e+00,-1.355697048884952682e+00,-1.338718687502603144e+00,-1.311168670019839277e+00,-1.267789621293813562e+00,-1.201518824029411903e+00,-1.103366098674686047e+00,-9.626574772696404603e-01,-7.679759197489064437e-01,-5.093537308391424823e-01,-1.826378571670900230e-01,2.026014614808566705e-01,6.104011755143010642e-01,9.637030788478364585e-01,1.150241266189225176e+00,1.150240997377878216e+00,9.637023124485013525e-01,6.104000190407885551e-01,2.026000484217311826e-01,-1.826394024348523271e-01,-5.093553134146938666e-01,-7.679774800773381260e-01,-9.626589870907034108e-01,-1.103367553490716801e+00,-1.201520235387073754e+00,-1.267791009478412390e+00,-1.311170057195207184e+00,-1.338720093677560063e+00,-1.355698489312189281e+00,-1.365844635782140104e+00,-1.371712884482361838e+00,-1.374984747684670161e+00,-1.376729648581096699e+00,-1.377605951563399600e+00,-1.378006588420678025e+00,-1.378159188149109315e+00,-1.378191863682244778e+00,-1.378174681239420885e+00,-1.378144806618501361e+00,-1.378121147241520017e+00,-1.378112423083552862e+00,-1.000000000000000000e+00,-1.000000000000000000e+00,-1.000000000000000000e+00,-1.000000000000000000e+00,-1.000000000000000000e+00,-1.000000000000000000e+00,-1.000000000000000000e+00,-1.000000000000000000e+00,-1.000000000000000000e+00,-1.000000000000000000e+00,-1.000000000000000000e+00,-1.000000000000000000e+00,-1.000000000000000000e+00,-1.000000000000000000e+00,-1.000000000000000000e+00,-1.000000000000000000e+00,-1.000000000000000000e+00,-1.000000000000000000e+00,-1.000000000000000000e+00,-1.000000000000000000e+00,-1.000000000000000000e+00,-1.000000000000000000e+00,-1.000000000000000000e+00,-1.000000000000000000e+00,-1.000000000000000000e+00,-1.000000000000000000e+00,-1.000000000000000000e+00,-1.000000000000000000e+00,-1.000000000000000000e+00,-1.000000000000000000e+00,-1.000000000000000000e+00,-1.000000000000000000e+00,-1.000000000000000000e+00,-1.000000000000000000e+00,-1.000000000000000000e+00,-1.000000000000000000e+00,-1.000000000000000000e+00,-1.000000000000000000e+00,-1.000000000000000000e+00,-1.000000000000000000e+00,-1.000000000000000000e+00,-1.000000000000000000e+00,-1.000000000000000000e+00,-1.000000000000000000e+00,-1.000000000000000000e+00,-1.000000000000000000e+00
-1.000000000000000000e+00,-1.000000000000000000e+00,-1.000000000000000000e+00,-1.000000000000000000e+00,-1.000000000000000000e+00,-1.000000000000000000e+00,-1.000000000000000000e+00,-1.000000000000000000e+00,-1.000000000000000000e+00,-1.000000000000000000e+00,-1.000000000000000000e+00,-1.000000000000000000e+00,-1.000000000000000000e+00,-1.000000000000000000e+00,-1.000000000000000000e+00,-1.000000000000000000e+00,-1.000000000000000000e+00,-1.000000000000000000e+00,-1.000000000000000000e+00,-1.000000000000000000e+00,-1.000000000000000000e+00,-1.000000000000000000e+00,-1.000000000000000000e+00,-1.000000000000000000e+00,-1.000000000000000000e+00,-1.000000000000000000e+00,-1.000000000000000000e+00,-1.000000000000000000e+00,-1.000000000000000000e+00,-1.000000000000000000e+00,-1.000000000000000000e+00,-1.000000000000000000e+00,-1.000000000000000000e+00,-1.000000000000000000e+00,-1.000000000000000000e+00,-1.000000000000000000e+00,-1.000000000000000000e+00,-1.000000000000000000e+00,-1.000000000000000000e+00,-1.000000000000000000e+00,-1.000000000000000000e+00,-1.000000000000000000e+00,-1.000000000000000000e+00,-1.000000000000000000e+00,-1.000000000000000000e+00,-1.000000000000000000e+00,-1.378061461098356144e+00,-1.378070188276647290e+00,-1.378093863238785133e+00,-1.378123757217279977e+00,-1.378140972083536919e+00,-1.378108338031536872e+00,-1.377955794943704459e+00,-1.377555241814667708e+00,-1.376679068462650202e+00,-1.374934371506504771e+00,-1.371662829368554881e+00,-1.365795087156578713e+00,-1.355649738553309724e+00,-1.338672588745115632e+00,-1.311124464538648171e+00,-1.267748283676377152e+00,-1.201481683971904690e+00,-1.103334874958258993e+00,-9.626342518132682269e-01,-7.679630121592978531e-01,-5.093534334913113470e-01,-1.826520053095990193e-01,2.025720708214586718e-01,6.103574252487011798e-01,9.636480172013490719e-01,1.150180045474284984e+00,1.150179765964670864e+00,9.636472206194863777e-01,6.103562240020117269e-01,2.025706041919925759e-01,-1.826536073592135434e-01,-5.093550711718994872e-01,-7.679646226812950616e-01,-9.626358060974998798e-01,-1.103336369183461674e+00,-1.201483129841881103e+00,-1.267749701049460942e+00,-1.311125875762414683e+00,-1.338674014518199673e+00,-1.355651195536258236e+00,-1.365796586096126308e+00,-1.371664375910954359e+00,-1.374935966395227194e+00,-1.376680708152963728e+00,-1.377556919593076135e+00,-1.377957504283353618e+00,-1.378110074098009008e+00,-1.378142732383300206e+00,-1.378125539488692652e+00,-1.378095659040845522e+00,-1.378071996746571326e+00,-1.378063271734212281e+00,-1.000000000000000000e+00,-1.000000000000000000e+00,-1.000000000000000000e+00,-1.000000000000000000e+00,-1.000000000000000000e+00,-1.000000000000000000e+00,-1.000000000000000000e+00,-1.000000000000000000e+00,-1.000000000000000000e+00,-1.000000000000000000e+00,-1.000000000000000000e+00,-1.000000000000000000e+00,-1.000000000000000000e+00,-1.000000000000000000e+00,-1.000000000000000000e+00,-1.000000000000000000e+00,-1.000000000000000000e+00,-1.000000000000000000e+00,-1.000000000000000000e+00,-1.000000000000000000e+00,-1.000000000000000000e+00,-1.000000000000000000e+00,-1.000000000000000000e+00,-1.000000000000000000e+00,-1.000000000000000000e+00,-1.000000000000000000e+00,-1.000000000000000000e+00,-1.000000000000000000e+00,-1.000000000000000000e+00,-1.000000000000000000e+00,-1.000000000000000000e+00,-1.000000000000000000e+00,-1.000000000000000000e+00,-1.000000000000000000e+00,-1.000000000000000000e+00,-1.000000000000000000e+00,-1.000000000000000000e+00,-1.000000000000000000e+00,-1.000000000000000000e+00,-1.000000000000000000e+00,-1.000000000000000000e+00,-1.000000000000000000e+00,-1.000000000000000000e+00,-1.000000000000000000e+00,-1.000000000000000000e+00,-1.000000000000000000e+00
-1.000000000000000000e+00,-1.000000000000000000e+00,-1.000000000000000000e+00,-1.000000000000000000e+00,-1.000000000000000000e+00,-1.000000000000000000e+00,-1.000000000000000000e+00,-1.000000000000000000e+00,-1.000000000000000000e+00,-1.000000000000000000e+00,-1.000000000000000000e+00,-1.000000000000000000e+00,-1.000000000000000000e+00,-1.000000000000000000e+00,-1.000000000000000000e+00,-1.000000000000000000e+00,-1.000000000000000000e+00,-1.000000000000000000e+00,-1.000000000000000000e+00,-1.000000000000000000e+00,-1.000000000000000000e+00,-1.000000000000000000e+00,-1.000000000000000000e+00,-1.000000000000000000e+00,-1.000000000000000000e+00,-1.000000000000000000e+00,-1.000000000000000000e+00,-1.000000000000000000e+00,-1.000000000000000000e+00,-1.000000000000000000e+00,-1.000000000000000000e+00,-1.000000000000000000e+00,-1.000000000000000000e+00,-1.000000000000000000e+00,-1.000000000000000000e+00,-1.000000000000000000e+00,-1.000000000000000000e+00,-1.000000000000000000e+00,-1.000000000000000000e+00,-1.000000000000000000e+00,-1.000000000000000000e+00,-1.000000000000000000e+00,-1.000000000000000000e+00,-1.000000000000000000e+00,-1.000000000000000000e+00,-1.000000000000000000e+00,-1.378009560408768319e+00,-1.378018287047573454e+00,-1.378041962524155117e+00,-1.378071859652906017e+00,-1.378089081645890168e+00,-1.378056464248041957e+00,-1.377903953240619650e+00,-1.377503457544304144e+00,-1.376627383049180420e+00,-1.374882854510815822e+00,-1.371611598005249677e+00,-1.365744335006040977e+00,-1.355599776112095478e+00,-1.338623896642361366e+00,-1.311077758830714757e+00,-1.267704587126540883e+00,-1.201442390884974287e+00,-1.103301786388442229e+00,-9.626095477456433347e-01,-7.679491191537888284e-01,-5.093527463854510273e-01,-1.826664369090249540e-01,2.025416969874767048e-01,6.103120431730297835e-01,9.635908198593752250e-01,1.150116414387643449e+00,1.150116123597721085e+00,9.635899916812735722e-01,6.103107956061599726e-01,2.025401756079756588e-01,-1.826680964644780136e-01,-5.093544396194680246e-01,-7.679507800667845219e-01,-9.626111458943744648e-01,-1.103303318141771516e+00,-1.201443868574250340e+00,-1.267706030571114750e+00,-1.311079190502176361e+00,-1.338625337581779817e+00,-1.355601243621554541e+00,-1.365745840877928829e+00,-1.371613149106472029e+00,-1.374884453437862586e+00,-1.376629028016771450e+00,-1.377505142994354781e+00,-1.377905672400046022e+00,-1.378058210491900804e+00,-1.378090850630980135e+00,-1.378073646982249656e+00,-1.378043760532228212e+00,-1.378020095073107631e+00,-1.378011369122689400e+00,-1.000000000000000000e+00,-1.000000000000000000e+00,-1.000000000000000000e+00,-1.000000000000000000e+00,-1.000000000000000000e+00,-1.000000000000000000e+00,-1.000000000000000000e+00,-1.000000000000000000e+00,-1.000000000000000000e+00,-1.000000000000000000e+00,-1.000000000000000000e+00,-1.000000000000000000e+00,-1.000000000000000000e+00,-1.000000000000000000e+00,-1.000000000000000000e+00,-1.000000000000000000e+00,-1.000000000000000000e+00,-1.000000000000000000e+00,-1.000000000000000000e+00,-1.000000000000000000e+00,-1.000000000000000000e+00,-1.000000000000000000e+00,-1.000000000000000000e+00,-1.000000000000000000e+00,-1.000000000000000000e+00,-1.000000000000000000e+00,-1.000000000000000000e+00,-1.000000000000000000e+00,-1.000000000000000000e+00,-1.000000000000000000e+00,-1.000000000000000000e+00,-1.000000000000000000e+00,-1.000000000000000000e+00,-1.000000000000000000e+00,-1.000000000000000000e+00,-1.000000000000000000e+00,-1.000000000000000000e+00,-1.000000000000000000e+00,-1.000000000000000000e+00,-1.000000000000000000e+00,-1.000000000000000000e+00,-1.000000000000000000e+00,-1.000000000000000000e+00,-1.000000000000000000e+00,-1.000000000000000000e+00,-1.000000000000000000e+00
-1.000000000000000000e+00,-1.000000000000000000e+00,-1.000000000000000000e+00,-1.000000000000000000e+00,-1.000000000000000000e+00,-1.000000000000000000e+00,-1.000000000000000000e+00,-1.000000000000000000e+00,-1.000000000000000000e+00,-1.000000000000000000e+00,-1.000000000000000000e+00,-1.000000000000000000e+00,-1.000000000000000000e+00,-1.000000000000000000e+00,-1.000000000000000000e+00,-1.000000000000000000e+00,-1.000000000000000000e+00,-1.000000000000000000e+00,-1.000000000000000000e+00,-1.000000000000000000e+00,-1.000000000000000000e+00,-1.000000000000000000e+00,-1.000000000000000000e+00,-1.000000000000000000e+00,-1.000000000000000000e+00,-1.000000000000000000e+00,-1.000000000000000000e+00,-1.000000000000000000e+00,-1.000000000000000000e+00,-1.000000000000000000e+00,-1.000000000000000000e+00,-1.000000000000000000e+00,-1.000000000000000000e+00,-1.000000000000000000e+00,-1.000000000000000000e+00,-1.000000000000000000e+00,-1.000000000000000000e+00,-1.000000000000000000e+00,-1.000000000000000000e+00,-1.000000000000000000e+00,-1.000000000000000000e+00,-1.000000000000000000e+00,-1.000000000000000000e+00,-1.000000000000000000e+00,-1.000000000000000000e+00,-1.000000000000000000e+00,-1.377954866750389140e+00,-1.377963593554925925e+00,-1.377987270198665071e+00,-1.378017172356960973e+00,-1.378034404171109673e+00,-1.378001807228583120e+00,-1.377849332070498090e+00,-1.377448897030713937e+00,-1.376572924889486238e+00,-1.374828570637620206e+00,-1.371557611179000435e+00,-1.365690848631909260e+00,-1.355547116077060021e+00,-1.338572566784521634e+00,-1.311028509022617028e+00,-1.267658487603785300e+00,-1.201400899636586361e+00,-1.103266785501638259e+00,-9.625833136753860764e-01,-7.679341834113992959e-01,-5.093516037853038636e-01,-1.826810750177207954e-01,2.025104305535472271e-01,6.102651344167171477e-01,9.635316046397948142e-01,1.150050497821234696e+00,1.150050195429670463e+00,9.635307439874765123e-01,6.102638394241195474e-01,2.025088536035148934e-01,-1.826827923110605489e-01,-5.093533523272003594e-01,-7.679358941437913755e-01,-9.625849543321435275e-01,-1.103268351689409510e+00,-1.201402404159807924e+00,-1.267659950904279409e+00,-1.311029953994176767e+00,-1.338574014770688159e+00,-1.355548584498361686e+00,-1.365692349820961216e+00,-1.371559152644285628e+00,-1.374830156360135724e+00,-1.376574554807043604e+00,-1.377450567407868309e+00,-1.377851037171134996e+00,-1.378003540191964360e+00,-1.378036159719476794e+00,-1.378018943862776791e+00,-1.377989050653469993e+00,-1.377965381653459387e+00,-1.377956654813311088e+00,-1.000000000000000000e+00,-1.000000000000000000e+00,-1.000000000000000000e+00,-1.000000000000000000e+00,-1.000000000000000000e+00,-1.000000000000000000e+00,-1.000000000000000000e+00,-1.000000000000000000e+00,-1.000000000000000000e+00,-1.000000000000000000e+00,-1.000000000000000000e+00,-1.000000000000000000e+00,-1.000000000000000000e+00,-1.000000000000000000e+00,-1.000000000000000000e+00,-1.000000000000000000e+00,-1.000000000000000000e+00,-1.000000000000000000e+00,-1.000000000000000000e+00,-1.000000000000000000e+00,-1.000000000000000000e+00,-1.000000000000000000e+00,-1.000000000000000000e+00,-1.000000000000000000e+00,-1.000000000000000000e+00,-1.000000000000000000e+00,-1.000000000000000000e+00,-1.000000000000000000e+00,-1.000000000000000000e+00,-1.000000000000000000e+00,-1.000000000000000000e+00,-1.000000000000000000e+00,-1.000000000000000000e+00,-1.000000000000000000e+00,-1.000000000000000000e+00,-1.000000000000000000e+00,-1.000000000000000000e+00,-1.000000000000000000e+00,-1.000000000000000000e+00,-1.000000000000000000e+00,-1.000000000000000000e+00,-1.000000000000000000e+00,-1.000000000000000000e+00,-1.000000000000000000e+00,-1.000000000000000000e+00,-1.000000000000000000e+00
-1.000000000000000000e+00,-1.000000000000000000e+00,-1.000000000000000000e+00,-1.000000000000000000e+00,-1.000000000000000000e+00,-1.000000000000000000e+00,-1.000000000000000000e+00,-1.000000000000000000e+00,-1.000000000000000000e+00,-1.000000000000000000e+00,-1.000000000000000000e+00,-1.000000000000000000e+00,-1.000000000000000000e+00,-1.000000000000000000e+00,-1.000000000000000000e+00,-1.000000000000000000e+00,-1.000000000000000000e+00,-1.000000000000000000e+00,-1.000000000000000000e+00,-1.000000000000000000e+00,-1.000000000000000000e+00,-1.000000000000000000e+00,-1.000000000000000000e+00,-1.000000000000000000e+00,-1.000000000000000000e+00,-1.000000000000000000e+00,-1.000000000000000000e+00,-1.000000000000000000e+00,-1.000000000000000000e+00,-1.000000000000000000e+00,-1.000000000000000000e+00,-1.000000000000000000e+00,-1.000000000000000000e+00,-1.000000000000000000e+00,-1.000000000000000000e+00,-1.000000000000000000e+00,-1.000000000000000000e+00,-1.000000000000000000e+00,-1.000000000000000000e+00,-1.000000000000000000e+00,-1.000000000000000000e+00,-1.000000000000000000e+00,-1.000000000000000000e+00,-1.000000000000000000e+00,-1.000000000000000000e+00,-1.000000000000000000e+00,-1.377897312840041355e+00,-1.377906041035486417e+00,-1.377929720980769712e+00,-1.377959631841071841e+00,-1.377976877568432901e+00,-1.377944305131203251e+00,-1.377791869286258741e+00,-1.377391498097267020e+00,-1.376515632637325126e+00,-1.374771460239752052e+00,-1.371500811418144172e+00,-1.365634572812918002e+00,-1.355491705243238476e+00,-1.338518547507236978e+00,-1.310976664332387021e+00,-1.267609934425680596e+00,-1.201357158681242820e+00,-1.103229818603552292e+00,-9.625554920186368824e-01,-7.679181412065944068e-01,-5.093499330654640556e-01,-1.826958350590892621e-01,2.024783706625112867e-01,6.102168136461678660e-01,9.634704996286460599e-01,1.149982431254418458e+00,1.149982117218435462e+00,9.634696062457184240e-01,6.102154707304987546e-01,2.024767378471095114e-01,-1.826976096974310959e-01,-5.093517355992033258e-01,-7.679198993026886688e-01,-9.625571714552493274e-01,-1.103231413772598035e+00,-1.201358682401336475e+00,-1.267611407959020831e+00,-1.310978111118508815e+00,-1.338519989241272690e+00,-1.355493159317272323e+00,-1.365636051766297987e+00,-1.371502322952068420e+00,-1.374773009106172506e+00,-1.376517220209004133e+00,-1.377393122648036483e+00,-1.377793526832723936e+00,-1.377945989825227757e+00,-1.377978584417076213e+00,-1.377961352972145281e+00,-1.377931450643809397e+00,-1.377907776777202553e+00,-1.377899048865225851e+00,-1.000000000000000000e+00,-1.000000000000000000e+00,-1.000000000000000000e+00,-1.000000000000000000e+00,-1.000000000000000000e+00,-1.000000000000000000e+00,-1.000000000000000000e+00,-1.000000000000000000e+00,-1.000000000000000000e+00,-1.000000000000000000e+00,-1.000000000000000000e+00,-1.000000000000000000e+00,-1.000000000000000000e+00,-1.000000000000000000e+00,-1.000000000000000000e+00,-1.000000000000000000e+00,-1.000000000000000000e+00,-1.000000000000000000e+00,-1.000000000000000000e+00,-1.000000000000000000e+00,-1.000000000000000000e+00,-1.000000000000000000e+00,-1.000000000000000000e+00,-1.000000000000000000e+00,-1.000000000000000000e+00,-1.000000000000000000e+00,-1.000000000000000000e+00,-1.000000000000000000e+00,-1.000000000000000000e+00,-1.000000000000000000e+00,-1.000000000000000000e+00,-1.000000000000000000e+00,-1.000000000000000000e+00,-1.000000000000000000e+00,-1.000000000000000000e+00,-1.000000000000000000e+00,-1.000000000000000000e+00,-1.000000000000000000e+00,-1.000000000000000000e+00,-1.000000000000000000e+00,-1.000000000000000000e+00,-1.000000000000000000e+00,-1.000000000000000000e+00,-1.000000000000000000e+00,-1.000000000000000000e+00,-1.000000000000000000e+00
-1.000000000000000000e+00,-1.000000000000000000e+00,-1.000000000000000000e+00,-1.000000000000000000e+00,-1.000000000000000000e+00,-1.000000000000000000e+00,-1.000000000000000000e+00,-1.000000000000000000e+00,-1.000000000000000000e+00,-1.000000000000000000e+00,-1.000000000000000000e+00,-1.000000000000000000e+00,-1.000000000000000000e+00,-1.000000000000000000e+00,-1.000000000000000000e+00,-1.000000000000000000e+00,-1.000000000000000000e+00,-1.000000000000000000e+00,-1.000000000000000000e+00,-1.000000000000000000e+00,-1.000000000000000000e+00,-1.000000000000000000e+00,-1.000000000000000000e+00,-1.000000000000000000e+00,-1.000000000000000000e+00,-1.000000000000000000e+00,-1.000000000000000000e+00,-1.000000000000000000e+00,-1.000000000000000000e+00,-1.000000000000000000e+00,-1.000000000000000000e+00,-1.000000000000000000e+00,-1.000000000000000000e+00,-1.000000000000000000e+00,-1.000000000000000000e+00,-1.000000000000000000e+00,-1.000000000000000000e+00,-1.000000000000000000e+00,-1.000000000000000000e+00,-1.000000000000000000e+00,-1.000000000000000000e+00,-1.000000000000000000e+00,-1.000000000000000000e+00,-1.000000000000000000e+00,-1.000000000000000000e+00,-1.000000000000000000e+00,-1.377836811059664601e+00,-1.377845542402722057e+00,-1.377869229187276279e+00,-1.377899153622428985e+00,-1.377916418236765139e+00,-1.377883874830577948e+00,-1.377731482695864873e+00,-1.377331180440328318e+00,-1.376455428844190143e+00,-1.374711449336749602e+00,-1.371441128326320147e+00,-1.365575440471648694e+00,-1.355433479405936392e+00,-1.338461776907910572e+00,-1.310922164468437678e+00,-1.267558868093701330e+00,-1.201311108293866781e+00,-1.103190824335433362e+00,-9.625260177956009855e-01,-7.679009213453796834e-01,-5.093476537345015265e-01,-1.827106239134163035e-01,2.024456259746416631e-01,6.101672062371428229e-01,9.634076446856660869e-01,1.149912362490857376e+00,1.149912037081603167e+00,9.634067190270347858e-01,6.101658155471876288e-01,2.024439374735518271e-01,-1.827124547227293450e-01,-5.093495072984108862e-01,-7.679027215667605377e-01,-9.625277283985428367e-01,-1.103192438643818107e+00,-1.201312638938262900e+00,-1.267560337004425275e+00,-1.310923595501254812e+00,-1.338463192031970506e+00,-1.355434895965501818e+00,-1.365576870985446334e+00,-1.371442580335081152e+00,-1.374712927702184340e+00,-1.376456935922020008e+00,-1.377332716424593428e+00,-1.377733045765061171e+00,-1.377885461114487065e+00,-1.377918024157336330e+00,-1.377900771578558281e+00,-1.377870855783862813e+00,-1.377847174214326120e+00,-1.377838444299129161e+00,-1.000000000000000000e+00,-1.000000000000000000e+00,-1.000000000000000000e+00,-1.000000000000000000e+00,-1.000000000000000000e+00,-1.000000000000000000e+00,-1.000000000000000000e+00,-1.000000000000000000e+00,-1.000000000000000000e+00,-1.000000000000000000e+00,-1.000000000000000000e+00,-1.000000000000000000e+00,-1.000000000000000000e+00,-1.000000000000000000e+00,-1.000000000000000000e+00,-1.000000000000000000e+00,-1.000000000000000000e+00,-1.000000000000000000e+00,-1.000000000000000000e+00,-1.000000000000000000e+00,-1.000000000000000000e+00,-1.000000000000000000e+00,-1.000000000000000000e+00,-1.000000000000000000e+00,-1.000000000000000000e+00,-1.000000000000000000e+00,-1.000000000000000000e+00,-1.000000000000000000e+00,-1.000000000000000000e+00,-1.000000000000000000e+00,-1.000000000000000000e+00,-1.000000000000000000e+00,-1.000000000000000000e+00,-1.000000000000000000e+00,-1.000000000000000000e+00,-1.000000000000000000e+00,-1.000000000000000000e+00,-1.000000000000000000e+00,-1.000000000000000000e+00,-1.000000000000000000e+00,-1.000000000000000000e+00,-1.000000000000000000e+00,-1.000000000000000000e+00,-1.000000000000000000e+00,-1.000000000000000000e+00,-1.000000000000000000e+00
-1.000000000000000000e+00,-1.000000000000000000e+00,-1.000000000000000000e+00,-1.000000000000000000e+00,-1.000000000000000000e+00,-1.000000000000000000e+00,-1.000000000000000000e+00,-1.000000000000000000e+00,-1.000000000000000000e+00,-1.000000000000000000e+00,-1.000000000000000000e+00,-1.000000000000000000e+00,-1.000000000000000000e+00,-1.000000000000000000e+00,-1.000000000000000000e+00,-1.000000000000000000e+00,-1.000000000000000000e+00,-1.000000000000000000e+00,-1.000000000000000000e+00,-1.000000000000000000e+00,-1.000000000000000000e+00,-1.000000000000000000e+00,-1.000000000000000000e+00,-1.000000000000000000e+00,-1.000000000000000000e+00,-1.000000000000000000e+00,-1.000000000000000000e+00,-1.000000000000000000e+00,-1.000000000000000000e+00,-1.000000000000000000e+00,-1.000000000000000000e+00,-1.000000000000000000e+00,-1.000000000000000000e+00,-1.000000000000000000e+00,-1.000000000000000000e+00,-1.000000000000000000e+00,-1.000000000000000000e+00,-1.000000000000000000e+00,-1.000000000000000000e+00,-1.000000000000000000e+00,-1.000000000000000000e+00,-1.000000000000000000e+00,-1.000000000000000000e+00,-1.000000000000000000e+00,-1.000000000000000000e+00,-1.000000000000000000e+00,-1.377773243193945563e+00,-1.377781979838327509e+00,-1.377805678002447021e+00,-1.377835621739763372e+00,-1.377852911529611424e+00,-1.377820403696563778e+00,-1.377668062913812719e+00,-1.377267839102294777e+00,-1.376392213756616467e+00,-1.374648443688371025e+00,-1.371378473049913671e+00,-1.365513367685875057e+00,-1.355372358972101399e+00,-1.338402179033363115e+00,-1.310864936334767528e+00,-1.267505217444166110e+00,-1.201262678071437051e+00,-1.103149731440713710e+00,-9.624948166379460046e-01,-7.678824434053904691e-01,-5.093446758364303939e-01,-1.827253383546192378e-01,2.024123162694710931e-01,6.101164498856845864e-01,9.633431929468452282e-01,1.149840452888384768e+00,1.149840116462683692e+00,9.633422359071333041e-01,6.101150125318752782e-01,2.024105736023846802e-01,-1.827272223670093343e-01,-5.093465749770895723e-01,-7.678842771510709930e-01,-9.624965462174194242e-01,-1.103151349179937402e+00,-1.201264196372958892e+00,-1.267506658712466372e+00,-1.310866324683618078e+00,-1.338403536525611282e+00,-1.355373702874376196e+00,-1.365514710390495878e+00,-1.371379821786314679e+00,-1.374649802908424867e+00,-1.376393586179631034e+00,-1.377269226343365016e+00,-1.377669465336010646e+00,-1.377821820112669515e+00,-1.377854340819965495e+00,-1.377837058392429759e+00,-1.377807122424723474e+00,-1.377783428713994063e+00,-1.377774695130291605e+00,-1.000000000000000000e+00,-1.000000000000000000e+00,-1.000000000000000000e+00,-1.000000000000000000e+00,-1.000000000000000000e+00,-1.000000000000000000e+00,-1.000000000000000000e+00,-1.000000000000000000e+00,-1.000000000000000000e+00,-1.000000000000000000e+00,-1.000000000000000000e+00,-1.000000000000000000e+00,-1.000000000000000000e+00,-1.000000000000000000e+00,-1.000000000000000000e+00,-1.000000000000000000e+00,-1.000000000000000000e+00,-1.000000000000000000e+00,-1.000000000000000000e+00,-1.000000000000000000e+00,-1.000000000000000000e+00,-1.000000000000000000e+00,-1.000000000000000000e+00,-1.000000000000000000e+00,-1.000000000000000000e+00,-1.000000000000000000e+00,-1.000000000000000000e+00,-1.000000000000000000e+00,-1.000000000000000000e+00,-1.000000000000000000e+00,-1.000000000000000000e+00,-1.000000000000000000e+00,-1.000000000000000000e+00,-1.000000000000000000e+00,-1.000000000000000000e+00,-1.000000000000000000e+00,-1.000000000000000000e+00,-1.000000000000000000e+00,-1.000000000000000000e+00,-1.000000000000000000e+00,-1.000000000000000000e+00,-1.000000000000000000e+00,-1.000000000000000000e+00,-1.000000000000000000e+00,-1.000000000000000000e+00,-1.000000000000000000e+00
-1.000000000000000000e+00,-1.000000000000000000e+00,-1.000000000000000000e+00,-1.000000000000000000e+00,-1.000000000000000000e+00,-1.000000000000000000e+00,-1.000000000000000000e+00,-1.000000000000000000e+00,-1.000000000000000000e+00,-1.000000000000000000e+00,-1.000000000000000000e+00,-1.000000000000000000e+00,-1.000000000000000000e+00,-1.000000000000000000e+00,-1.000000000000000000e+00,-1.000000000000000000e+00,-1.000000000000000000e+00,-1.000000000000000000e+00,-1.000000000000000000e+00,-1.000000000000000000e+00,-1.000000000000000000e+00,-1.000000000000000000e+00,-1.000000000000000000e+00,-1.000000000000000000e+00,-1.000000000000000000e+00,-1.000000000000000000e+00,-1.000000000000000000e+00,-1.000000000000000000e+00,-1.000000000000000000e+00,-1.000000000000000000e+00,-1.000000000000000000e+00,-1.000000000000000000e+00,-1.000000000000000000e+00,-1.000000000000000000e+00,-1.000000000000000000e+00,-1.000000000000000000e+00,-1.000000000000000000e+00,-1.000000000000000000e+00,-1.000000000000000000e+00,-1.000000000000000000e+00,-1.000000000000000000e+00,-1.000000000000000000e+00,-1.000000000000000000e+00,-1.000000000000000000e+00,-1.000000000000000000e+00,-1.000000000000000000e+00,-1.377706444870530067e+00,-1.377715189062105328e+00,-1.377738904004019993e+00,-1.377768874407471422e+00,-1.377786198899840775e+00,-1.377753738036286091e+00,-1.377601462650523523e+00,-1.377201334317422088e+00,-1.376325855678062204e+00,-1.374582319749621417e+00,-1.371312729946969178e+00,-1.365448246190439585e+00,-1.355308242379421824e+00,-1.338339658234613427e+00,-1.310804889282030095e+00,-1.267448895700294065e+00,-1.201211783635267816e+00,-1.103106455948263509e+00,-9.624618023163055147e-01,-7.678626155338280634e-01,-5.093408979879782139e-01,-1.827398633229180280e-01,2.023785740153678514e-01,6.100646963228457675e-01,9.632773130770850845e-01,1.149766880049505335e+00,1.149766532480851478e+00,9.632763249433597963e-01,6.100632141771098471e-01,2.023767812192514004e-01,-1.827417940077108449e-01,-5.093428330481610811e-01,-7.678644692987532938e-01,-9.624635326499996202e-01,-1.103108053695132318e+00,-1.201213260758454249e+00,-1.267450274842582658e+00,-1.310806194637197608e+00,-1.338340911668675526e+00,-1.355309460927222709e+00,-1.365449442044709638e+00,-1.371313910102460953e+00,-1.374583488126915443e+00,-1.376327014897860801e+00,-1.377202486708541285e+00,-1.377602610345751044e+00,-1.377754882795378943e+00,-1.377787342894640998e+00,-1.377770016137410458e+00,-1.377740049344811091e+00,-1.377716336834929223e+00,-1.377707597307289644e+00,-1.000000000000000000e+00,-1.000000000000000000e+00,-1.000000000000000000e+00,-1.000000000000000000e+00,-1.000000000000000000e+00,-1.000000000000000000e+00,-1.000000000000000000e+00,-1.000000000000000000e+00,-1.000000000000000000e+00,-1.000000000000000000e+00,-1.000000000000000000e+00,-1.000000000000000000e+00,-1.000000000000000000e+00,-1.000000000000000000e+00,-1.000000000000000000e+00,-1.000000000000000000e+00,-1.000000000000000000e+00,-1.000000000000000000e+00,-1.000000000000000000e+00,-1.000000000000000000e+00,-1.000000000000000000e+00,-1.000000000000000000e+00,-1.000000000000000000e+00,-1.000000000000000000e+00,-1.000000000000000000e+00,-1.000000000000000000e+00,-1.000000000000000000e+00,-1.000000000000000000e+00,-1.000000000000000000e+00,-1.000000000000000000e+00,-1.000000000000000000e+00,-1.000000000000000000e+00,-1.000000000000000000e+00,-1.000000000000000000e+00,-1.000000000000000000e+00,-1.000000000000000000e+00,-1.000000000000000000e+00,-1.000000000000000000e+00,-1.000000000000000000e+00,-1.000000000000000000e+00,-1.000000000000000000e+00,-1.000000000000000000e+00,-1.000000000000000000e+00,-1.000000000000000000e+00,-1.000000000000000000e+00,-1.000000000000000000e+00
-1.000000000000000000e+00,-1.000000000000000000e+00,-1.000000000000000000e+00,-1.000000000000000000e+00,-1.000000000000000000e+00,-1.000000000000000000e+00,-1.000000000000000000e+00,-1.000000000000000000e+00,-1.000000000000000000e+00,-1.000000000000000000e+00,-1.000000000000000000e+00,-1.000000000000000000e+00,-1.000000000000000000e+00,-1.000000000000000000e+00,-1.000000000000000000e+00,-1.000000000000000000e+00,-1.000000000000000000e+00,-1.000000000000000000e+00,-1.000000000000000000e+00,-1.000000000000000000e+00,-1.000000000000000000e+00,-1.000000000000000000e+00,-1.000000000000000000e+00,-1.000000000000000000e+00,-1.000000000000000000e+00,-1.000000000000000000e+00,-1.000000000000000000e+00,-1.000000000000000000e+00,-1.000000000000000000e+00,-1.000000000000000000e+00,-1.000000000000000000e+00,-1.000000000000000000e+00,-1.000000000000000000e+00,-1.000000000000000000e+00,-1.000000000000000000e+00,-1.000000000000000000e+00,-1.000000000000000000e+00,-1.000000000000000000e+00,-1.000000000000000000e+00,-1.000000000000000000e+00,-1.000000000000000000e+00,-1.000000000000000000e+00,-1.000000000000000000e+00,-1.000000000000000000e+00,-1.000000000000000000e+00,-1.000000000000000000e+00,-1.377636182874446114e+00,-1.377644936919504737e+00,-1.377668675759683437e+00,-1.377698684093309645e+00,-1.377716059376925983e+00,-1.377683665704029670e+00,-1.377531480280290710e+00,-1.377131476070996285e+00,-1.376256176667614683e+00,-1.374512911637682633e+00,-1.371243744874642623e+00,-1.365379933011823477e+00,-1.355240997074168119e+00,-1.338274091428061308e+00,-1.310741908510308029e+00,-1.267389794839997030e+00,-1.201158321831692577e+00,-1.103060897113670835e+00,-9.624268732874373677e-01,-7.678413313552795438e-01,-5.093362043869666955e-01,-1.827540689872328983e-01,2.023445469389875129e-01,6.100121131200966218e-01,9.632101905050081125e-01,1.149691839512665847e+00,1.149691480922600206e+00,9.632091723442057773e-01,6.100105898194858600e-01,2.023427112617495194e-01,-1.827560352527255461e-01,-5.093381598429586044e-01,-7.678431843244324373e-01,-9.624285772835222685e-01,-1.103062440647641473e+00,-1.201159715851489285e+00,-1.267391061654035367e+00,-1.310743071967186424e+00,-1.338275172764379795e+00,-1.355242012752072567e+00,-1.365380894762793451e+00,-1.371244659458786597e+00,-1.374513782627957648e+00,-1.376257006620942525e+00,-1.377132267757483097e+00,-1.377532237274699645e+00,-1.377684392700748051e+00,-1.377716762371853365e+00,-1.377699367295613486e+00,-1.377669352125440838e+00,-1.377645610130253218e+00,-1.377636861204992069e+00,-1.000000000000000000e+00,-1.000000000000000000e+00,-1.000000000000000000e+00,-1.000000000000000000e+00,-1.000000000000000000e+00,-1.000000000000000000e+00,-1.000000000000000000e+00,-1.000000000000000000e+00,-1.000000000000000000e+00,-1.000000000000000000e+00,-1.000000000000000000e+00,-1.000000000000000000e+00,-1.000000000000000000e+00,-1.000000000000000000e+00,-1.000000000000000000e+00,-1.000000000000000000e+00,-1.000000000000000000e+00,-1.000000000000000000e+00,-1.000000000000000000e+00,-1.000000000000000000e+00,-1.000000000000000000e+00,-1.000000000000000000e+00,-1.000000000000000000e+00,-1.000000000000000000e+00,-1.000000000000000000e+00,-1.000000000000000000e+00,-1.000000000000000000e+00,-1.000000000000000000e+00,-1.000000000000000000e+00,-1.000000000000000000e+00,-1.000000000000000000e+00,-1.000000000000000000e+00,-1.000000000000000000e+00,-1.000000000000000000e+00,-1.000000000000000000e+00,-1.000000000000000000e+00,-1.000000000000000000e+00,-1.000000000000000000e+00,-1.000000000000000000e+00,-1.000000000000000000e+00,-1.000000000000000000e+00,-1.000000000000000000e+00,-1.000000000000000000e+00,-1.000000000000000000e+00,-1.000000000000000000e+00,-1.000000000000000000e+00
-1.000000000000000000e+00,-1.000000000000000000e+00,-1.000000000000000000e+00,-1.000000000000000000e+00,-1.000000000000000000e+00,-1.000000000000000000e+00,-1.000000000000000000e+00,-1.000000000000000000e+00,-1.000000000000000000e+00,-1.000000000000000000e+00,-1.000000000000000000e+00,-1.000000000000000000e+00,-1.000000000000000000e+00,-1.000000000000000000e+00,-1.000000000000000000e+00,-1.000000000000000000e+00,-1.000000000000000000e+00,-1.000000000000000000e+00,-1.000000000000000000e+00,-1.000000000000000000e+00,-1.000000000000000000e+00,-1.000000000000000000e+00,-1.000000000000000000e+00,-1.000000000000000000e+00,-1.000000000000000000e+00,-1.000000000000000000e+00,-1.000000000000000000e+00,-1.000000000000000000e+00,-1.000000000000000000e+00,-1.000000000000000000e+00,-1.000000000000000000e+00,-1.000000000000000000e+00,-1.000000000000000000e+00,-1.000000000000000000e+00,-1.000000000000000000e+00,-1.000000000000000000e+00,-1.000000000000000000e+00,-1.000000000000000000e+00,-1.000000000000000000e+00,-1.000000000000000000e+00,-1.000000000000000000e+00,-1.000000000000000000e+00,-1.000000000000000000e+00,-1.000000000000000000e+00,-1.000000000000000000e+00,-1.000000000000000000e+00,-1.377562122992315174e+00,-1.377570889956093225e+00,-1.377594663811553488e+00,-1.377624728973137147e+00,-1.377642182296579643e+00,-1.377609890042099217e+00,-1.377457835158099275e+00,-1.377058001057013481e+00,-1.376182931416310540e+00,-1.374439992111797348e+00,-1.371171308316811999e+00,-1.365308235675565474e+00,-1.355170446681392527e+00,-1.338205317086493373e+00,-1.310675845702036435e+00,-1.267327777652175413e+00,-1.201102163978110093e+00,-1.103012931682079811e+00,-9.623899079087541164e-01,-7.678184661129178190e-01,-5.093304616584912736e-01,-1.827678077551114777e-01,2.023104013966243730e-01,6.099588873458441363e-01,9.631420305509170721e-01,1.149615546931408883e+00,1.149615178383333269e+00,9.631409856999497698e-01,6.099573294530411527e-01,2.023085341117845104e-01,-1.827697925584239602e-01,-5.093324136987925632e-01,-7.678202867313138613e-01,-9.623915454606167819e-01,-1.103014371349431810e+00,-1.201103414618346577e+00,-1.267328860025909831e+00,-1.310676782382722116e+00,-1.338206127988291527e+00,-1.355171147124468067e+00,-1.365308836329482745e+00,-1.371171815297905106e+00,-1.374440408696139704e+00,-1.376183260473182290e+00,-1.377058246296537725e+00,-1.377458002041977547e+00,-1.377609986627921890e+00,-1.377642219132630519e+00,-1.377624717573926683e+00,-1.377594625771600079e+00,-1.377570836952089373e+00,-1.377562072806159943e+00,-1.000000000000000000e+00,-1.000000000000000000e+00,-1.000000000000000000e+00,-1.000000000000000000e+00,-1.000000000000000000e+00,-1.000000000000000000e+00,-1.000000000000000000e+00,-1.000000000000000000e+00,-1.000000000000000000e+00,-1.000000000000000000e+00,-1.000000000000000000e+00,-1.000000000000000000e+00,-1.000000000000000000e+00,-1.000000000000000000e+00,-1.000000000000000000e+00,-1.000000000000000000e+00,-1.000000000000000000e+00,-1.000000000000000000e+00,-1.000000000000000000e+00,-1.000000000000000000e+00,-1.000000000000000000e+00,-1.000000000000000000e+00,-1.000000000000000000e+00,-1.000000000000000000e+00,-1.000000000000000000e+00,-1.000000000000000000e+00,-1.000000000000000000e+00,-1.000000000000000000e+00,-1.000000000000000000e+00,-1.000000000000000000e+00,-1.000000000000000000e+00,-1.000000000000000000e+00,-1.000000000000000000e+00,-1.000000000000000000e+00,-1.000000000000000000e+00,-1.000000000000000000e+00,-1.000000000000000000e+00,-1.000000000000000000e+00,-1.000000000000000000e+00,-1.000000000000000000e+00,-1.000000000000000000e+00,-1.000000000000000000e+00,-1.000000000000000000e+00,-1.000000000000000000e+00,-1.000000000000000000e+00,-1.000000000000000000e+00
-1.000000000000000000e+00,-1.000000000000000000e+00,-1.000000000000000000e+00,-1.000000000000000000e+00,-1.000000000000000000e+00,-1.000000000000000000e+00,-1.000000000000000000e+00,-1.000000000000000000e+00,-1.000000000000000000e+00,-1.000000000000000000e+00,-1.000000000000000000e+00,-1.000000000000000000e+00,-1.000000000000000000e+00,-1.000000000000000000e+00,-1.000000000000000000e+00,-1.000000000000000000e+00,-1.000000000000000000e+00,-1.000000000000000000e+00,-1.000000000000000000e+00,-1.000000000000000000e+00,-1.000000000000000000e+00,-1.000000000000000000e+00,-1.000000000000000000e+00,-1.000000000000000000e+00,-1.000000000000000000e+00,-1.000000000000000000e+00,-1.000000000000000000e+00,-1.000000000000000000e+00,-1.000000000000000000e+00,-1.000000000000000000e+00,-1.000000000000000000e+00,-1.000000000000000000e+00,-1.000000000000000000e+00,-1.000000000000000000e+00,-1.000000000000000000e+00,-1.000000000000000000e+00,-1.000000000000000000e+00,-1.000000000000000000e+00,-1.000000000000000000e+00,-1.000000000000000000e+00,-1.000000000000000000e+00,-1.000000000000000000e+00,-1.000000000000000000e+00,-1.000000000000000000e+00,-1.000000000000000000e+00,-1.000000000000000000e+00,-1.377483783981753973e+00,-1.377492569101754771e+00,-1.377516396589899550e+00,-1.377546550282258142e+00,-1.377564126350887097e+00,-1.377531991008606571e+00,-1.377380131237534666e+00,-1.376980539109442514e+00,-1.376105776729050323e+00,-1.374363245272351319e+00,-1.371095131341566464e+00,-1.365232891310953045e+00,-1.355096353005792453e+00,-1.338133119829773676e+00,-1.310606505924257537e+00,-1.267262666702777762e+00,-1.201043146599693134e+00,-1.102962406009398766e+00,-9.623507575836837136e-01,-7.677938706861622276e-01,-5.093235138516813976e-01,-1.827809103667926705e-01,2.022763254673862754e-01,6.099052287214796753e-01,9.630730624042262988e-01,1.149538242409303912e+00,1.149537865982028784e+00,9.630719972597558964e-01,6.099036475558818893e-01,2.022744441502597468e-01,-1.827828882523480081e-01,-5.093254275084582172e-01,-7.677956129601357649e-01,-9.623522706002032301e-01,-1.102963670329511148e+00,-1.201044167426110976e+00,-1.267263461414973147e+00,-1.310607094219314650e+00,-1.338133519035046071e+00,-1.355096576272550202e+00,-1.365232947266898034e+00,-1.371095024620412328e+00,-1.374362978496740384e+00,-1.376105353347480076e+00,-1.376979964724297067e+00,-1.377379414587289741e+00,-1.377531145093850551e+00,-1.377563168140073069e+00,-1.377545500896804942e+00,-1.377515288429990603e+00,-1.377491425592807683e+00,-1.377482636822474182e+00,-1.000000000000000000e+00,-1.000000000000000000e+00,-1.000000000000000000e+00,-1.000000000000000000e+00,-1.000000000000000000e+00,-1.000000000000000000e+00,-1.000000000000000000e+00,-1.000000000000000000e+00,-1.000000000000000000e+00,-1.000000000000000000e+00,-1.000000000000000000e+00,-1.000000000000000000e+00,-1.000000000000000000e+00,-1.000000000000000000e+00,-1.000000000000000000e+00,-1.000000000000000000e+00,-1.000000000000000000e+00,-1.000000000000000000e+00,-1.000000000000000000e+00,-1.000000000000000000e+00,-1.000000000000000000e+00,-1.000000000000000000e+00,-1.000000000000000000e+00,-1.000000000000000000e+00,-1.000000000000000000e+00,-1.000000000000000000e+00,-1.000000000000000000e+00,-1.000000000000000000e+00,-1.000000000000000000e+00,-1.000000000000000000e+00,-1.000000000000000000e+00,-1.000000000000000000e+00,-1.000000000000000000e+00,-1.000000000000000000e+00,-1.000000000000000000e+00,-1.000000000000000000e+00,-1.000000000000000000e+00,-1.000000000000000000e+00,-1.000000000000000000e+00,-1.000000000000000000e+00,-1.000000000000000000e+00,-1.000000000000000000e+00,-1.000000000000000000e+00,-1.000000000000000000e+00,-1.000000000000000000e+00,-1.000000000000000000e+00
-1.000000000000000000e+00,-1.000000000000000000e+00,-1.000000000000000000e+00,-1.000000000000000000e+00,-1.000000000000000000e+00,-1.000000000000000000e+00,-1.000000000000000000e+00,-1.000000000000000000e+00,-1.000000000000000000e+00,-1.000000000000000000e+00,-1.000000000000000000e+00,-1.000000000000000000e+00,-1.000000000000000000e+00,-1.000000000000000000e+00,-1.000000000000000000e+00,-1.000000000000000000e+00,-1.000000000000000000e+00,-1.000000000000000000e+00,-1.000000000000000000e+00,-1.000000000000000000e+00,-1.000000000000000000e+00,-1.000000000000000000e+00,-1.000000000000000000e+00,-1.000000000000000000e+00,-1.000000000000000000e+00,-1.000000000000000000e+00,-1.000000000000000000e+00,-1.000000000000000000e+00,-1.000000000000000000e+00,-1.000000000000000000e+00,-1.000000000000000000e+00,-1.000000000000000000e+00,-1.000000000000000000e+00,-1.000000000000000000e+00,-1.000000000000000000e+00,-1.000000000000000000e+00,-1.000000000000000000e+00,-1.000000000000000000e+00,-1.000000000000000000e+00,-1.000000000000000000e+00,-1.000000000000000000e+00,-1.000000000000000000e+00,-1.000000000000000000e+00,-1.000000000000000000e+00,-1.000000000000000000e+00,-1.000000000000000000e+00,-1.377400471085441502e+00,-1.377409283795948181e+00,-1.377433195839836699e+00,-1.377463489587990031e+00,-1.377481259402810299e+00,-1.377449368246238759e+00,-1.377297804052443508e+00,-1.376898564565543159e+00,-1.376024227543488632e+00,-1.374282227346003804e+00,-1.371014811111997522e+00,-1.365153536690025149e+00,-1.355018390265171124e+00,-1.338057208448086399e+00,-1.310533629037827108e+00,-1.267194228767801301e+00,-1.200981058548641567e+00,-1.102909125521593703e+00,-9.623092381433009379e-01,-7.677673643857532149e-01,-5.093151761001444289e-01,-1.827931800520574690e-01,2.022425342404805537e-01,6.098513741041540204e-01,9.630035431942303159e-01,1.149460194976115179e+00,1.149459814005802105e+00,9.630024681830102740e-01,6.098497876768806947e-01,2.022406654680928284e-01,-1.827951137194641085e-01,-5.093170009874827819e-01,-7.677689626401049683e-01,-9.623105438251768895e-01,-1.102910112524675634e+00,-1.200981726153591111e+00,-1.267194588511347586e+00,-1.310533695342525062e+00,-1.338056993812958950e+00,-1.355017903716131844e+00,-1.365152783206517562e+00,-1.371013792636841755e+00,-1.374280945180036184e+00,-1.376022685719766825e+00,-1.376896771560434773e+00,-1.377295773889613884e+00,-1.377447121742854774e+00,-1.377478823619997517e+00,-1.377460899310623876e+00,-1.377430498326847497e+00,-1.377406519684645225e+00,-1.377397691942884750e+00,-1.000000000000000000e+00,-1.000000000000000000e+00,-1.000000000000000000e+00,-1.000000000000000000e+00,-1.000000000000000000e+00,-1.000000000000000000e+00,-1.000000000000000000e+00,-1.000000000000000000e+00,-1.000000000000000000e+00,-1.000000000000000000e+00,-1.000000000000000000e+00,-1.000000000000000000e+00,-1.000000000000000000e+00,-1.000000000000000000e+00,-1.000000000000000000e+00,-1.000000000000000000e+00,-1.000000000000000000e+00,-1.000000000000000000e+00,-1.000000000000000000e+00,-1.000000000000000000e+00,-1.000000000000000000e+00,-1.000000000000000000e+00,-1.000000000000000000e+00,-1.000000000000000000e+00,-1.000000000000000000e+00,-1.000000000000000000e+00,-1.000000000000000000e+00,-1.000000000000000000e+00,-1.000000000000000000e+00,-1.000000000000000000e+00,-1.000000000000000000e+00,-1.000000000000000000e+00,-1.000000000000000000e+00,-1.000000000000000000e+00,-1.000000000000000000e+00,-1.000000000000000000e+00,-1.000000000000000000e+00,-1.000000000000000000e+00,-1.000000000000000000e+00,-1.000000000000000000e+00,-1.000000000000000000e+00,-1.000000000000000000e+00,-1.000000000000000000e+00,-1.000000000000000000e+00,-1.000000000000000000e+00,-1.000000000000000000e+00
-1.000000000000000000e+00,-1.000000000000000000e+00,-1.000000000000000000e+00,-1.000000000000000000e+00,-1.000000000000000000e+00,-1.000000000000000000e+00,-1.000000000000000000e+00,-1.000000000000000000e+00,-1.000000000000000000e+00,-1.000000000000000000e+00,-1.000000000000000000e+00,-1.000000000000000000e+00,-1.000000000000000000e+00,-1.000000000000000000e+00,-1.000000000000000000e+00,-1.000000000000000000e+00,-1.000000000000000000e+00,-1.000000000000000000e+00,-1.000000000000000000e+00,-1.000000000000000000e+00,-1.000000000000000000e+00,-1.000000000000000000e+00,-1.000000000000000000e+00,-1.000000000000000000e+00,-1.000000000000000000e+00,-1.000000000000000000e+00,-1.000000000000000000e+00,-1.000000000000000000e+00,-1.000000000000000000e+00,-1.000000000000000000e+00,-1.000000000000000000e+00,-1.000000000000000000e+00,-1.000000000000000000e+00,-1.000000000000000000e+00,-1.000000000000000000e+00,-1.000000000000000000e+00,-1.000000000000000000e+00,-1.000000000000000000e+00,-1.000000000000000000e+00,-1.000000000000000000e+00,-1.000000000000000000e+00,-1.000000000000000000e+00,-1.000000000000000000e+00,-1.000000000000000000e+00,-1.000000000000000000e+00,-1.000000000000000000e+00,-1.377311177971691780e+00,-1.377320034392516934e+00,-1.377344080692895378e+00,-1.377374595876220909e+00,-1.377392669890058041e+00,-1.377361157872249553e+00,-1.377210043740439316e+00,-1.376811326080558340e+00,-1.375937593786135782e+00,-1.374196310595869885e+00,-1.370929781678256854e+00,-1.365069665580942671e+00,-1.354936108563695729e+00,-1.337977184955850163e+00,-1.310456863728980403e+00,-1.267122153215237246e+00,-1.200915623113360642e+00,-1.102852839920299255e+00,-9.622651175981550287e-01,-7.677387249438810679e-01,-5.093052267066024985e-01,-1.828043861446495555e-01,2.022092758116675881e-01,6.097975936986028689e-01,9.629337639204800237e-01,1.149381708008621050e+00,1.149381327345909920e+00,9.629326941141476137e-01,6.097960282441701185e-01,2.022074586256030759e-01,-1.828062211139763749e-01,-5.093068904837307898e-01,-7.677400862666308168e-01,-9.622660992181285566e-01,-1.102853405492711492e+00,-1.200915762472193560e+00,-1.267121868661162054e+00,-1.310456160952953031e+00,-1.337976068048134737e+00,-1.354934579002422979e+00,-1.365067721903699516e+00,-1.370927421228252729e+00,-1.374193532376946747e+00,-1.375934402333522488e+00,-1.376807733839837233e+00,-1.377206072599701514e+00,-1.377356840632271817e+00,-1.377388049465439357e+00,-1.377369727328993765e+00,-1.377339033350693409e+00,-1.377314874721745186e+00,-1.377305986282029160e+00,-1.000000000000000000e+00,-1.000000000000000000e+00,-1.000000000000000000e+00,-1.000000000000000000e+00,-1.000000000000000000e+00,-1.000000000000000000e+00,-1.000000000000000000e+00,-1.000000000000000000e+00,-1.000000000000000000e+00,-1.000000000000000000e+00,-1.000000000000000000e+00,-1.000000000000000000e+00,-1.000000000000000000e+00,-1.000000000000000000e+00,-1.000000000000000000e+00,-1.000000000000000000e+00,-1.000000000000000000e+00,-1.000000000000000000e+00,-1.000000000000000000e+00,-1.000000000000000000e+00,-1.000000000000000000e+00,-1.000000000000000000e+00,-1.000000000000000000e+00,-1.000000000000000000e+00,-1.000000000000000000e+00,-1.000000000000000000e+00,-1.000000000000000000e+00,-1.000000000000000000e+00,-1.000000000000000000e+00,-1.000000000000000000e+00,-1.000000000000000000e+00,-1.000000000000000000e+00,-1.000000000000000000e+00,-1.000000000000000000e+00,-1.000000000000000000e+00,-1.000000000000000000e+00,-1.000000000000000000e+00,-1.000000000000000000e+00,-1.000000000000000000e+00,-1.000000000000000000e+00,-1.000000000000000000e+00,-1.000000000000000000e+00,-1.000000000000000000e+00,-1.000000000000000000e+00,-1.000000000000000000e+00,-1.000000000000000000e+00
-1.000000000000000000e+00,-1.000000000000000000e+00,-1.000000000000000000e+00,-1.000000000000000000e+00,-1.000000000000000000e+00,-1.000000000000000000e+00,-1.000000000000000000e+00,-1.000000000000000000e+00,-1.000000000000000000e+00,-1.000000000000000000e+00,-1.000000000000000000e+00,-1.000000000000000000e+00,-1.000000000000000000e+00,-1.000000000000000000e+00,-1.000000000000000000e+00,-1.000000000000000000e+00,-1.000000000000000000e+00,-1.000000000000000000e+00,-1.000000000000000000e+00,-1.000000000000000000e+00,-1.000000000000000000e+00,-1.000000000000000000e+00,-1.000000000000000000e+00,-1.000000000000000000e+00,-1.000000000000000000e+00,-1.000000000000000000e+00,-1.000000000000000000e+00,-1.000000000000000000e+00,-1.000000000000000000e+00,-1.000000000000000000e+00,-1.000000000000000000e+00,-1.000000000000000000e+00,-1.000000000000000000e+00,-1.000000000000000000e+00,-1.000000000000000000e+00,-1.000000000000000000e+00,-1.000000000000000000e+00,-1.000000000000000000e+00,-1.000000000000000000e+00,-1.000000000000000000e+00,-1.000000000000000000e+00,-1.000000000000000000e+00,-1.000000000000000000e+00,-1.000000000000000000e+00,-1.000000000000000000e+00,-1.000000000000000000e+00,-1.377214442703717179e+00,-1.377223368883593313e+00,-1.377247627161636734e+00,-1.377278489817472806e+00,-1.377297037704247051e+00,-1.377266111496244116e+00,-1.377115683419248615e+00,-1.376717745193776876e+00,-1.375844889497459089e+00,-1.374104602937951780e+00,-1.370839243710544775e+00,-1.364980568042518216e+00,-1.354848882068244720e+00,-1.337892500854978017e+00,-1.310375730989540077e+00,-1.267046021870759098e+00,-1.200846473525363001e+00,-1.102793223563993896e+00,-9.622181003541218081e-01,-7.677076753104411511e-01,-5.092933957368863673e-01,-1.828142546603567231e-01,2.021768386410423002e-01,6.097441974754687077e-01,9.628640558735332977e-01,1.149303125566336625e+00,1.149302752120093807e+00,9.628630125155586139e-01,6.097426904020544214e-01,2.021751292352809148e-01,-1.828159132171552903e-01,-5.092947962471022771e-01,-7.677086690205719988e-01,-9.622185936622209557e-01,-1.102793164679975790e+00,-1.200845837628172985e+00,-1.267044796882087709e+00,-1.310373908528828402e+00,-1.337890071085715116e+00,-1.354845833521427068e+00,-1.364976888166430369e+00,-1.370834921887904567e+00,-1.374099634084302135e+00,-1.375839278475976091e+00,-1.376711510024477558e+00,-1.377108857510300988e+00,-1.377258745528738171e+00,-1.377289198748593790e+00,-1.377270263212672541e+00,-1.377239115925563695e+00,-1.377214678683437832e+00,-1.377205696243233302e+00,-1.000000000000000000e+00,-1.000000000000000000e+00,-1.000000000000000000e+00,-1.000000000000000000e+00,-1.000000000000000000e+00,-1.000000000000000000e+00,-1.000000000000000000e+00,-1.000000000000000000e+00,-1.000000000000000000e+00,-1.000000000000000000e+00,-1.000000000000000000e+00,-1.000000000000000000e+00,-1.000000000000000000e+00,-1.000000000000000000e+00,-1.000000000000000000e+00,-1.000000000000000000e+00,-1.000000000000000000e+00,-1.000000000000000000e+00,-1.000000000000000000e+00,-1.000000000000000000e+00,-1.000000000000000000e+00,-1.000000000000000000e+00,-1.000000000000000000e+00,-1.000000000000000000e+00,-1.000000000000000000e+00,-1.000000000000000000e+00,-1.000000000000000000e+00,-1.000000000000000000e+00,-1.000000000000000000e+00,-1.000000000000000000e+00,-1.000000000000000000e+00,-1.000000000000000000e+00,-1.000000000000000000e+00,-1.000000000000000000e+00,-1.000000000000000000e+00,-1.000000000000000000e+00,-1.000000000000000000e+00,-1.000000000000000000e+00,-1.000000000000000000e+00,-1.000000000000000000e+00,-1.000000000000000000e+00,-1.000000000000000000e+00,-1.000000000000000000e+00,-1.000000000000000000e+00,-1.000000000000000000e+00,-1.000000000000000000e+00
-1.000000000000000000e+00,-1.000000000000000000e+00,-1.000000000000000000e+00,-1.000000000000000000e+00,-1.000000000000000000e+00,-1.000000000000000000e+00,-1.000000000000000000e+00,-1.000000000000000000e+00,-1.000000000000000000e+00,-1.000000000000000000e+00,-1.000000000000000000e+00,-1.000000000000000000e+00,-1.000000000000000000e+00,-1.000000000000000000e+00,-1.000000000000000000e+00,-1.000000000000000000e+00,-1.000000000000000000e+00,-1.000000000000000000e+00,-1.000000000000000000e+00,-1.000000000000000000e+00,-1.000000000000000000e+00,-1.000000000000000000e+00,-1.000000000000000000e+00,-1.000000000000000000e+00,-1.000000000000000000e+00,-1.000000000000000000e+00,-1.000000000000000000e+00,-1.000000000000000000e+00,-1.000000000000000000e+00,-1.000000000000000000e+00,-1.000000000000000000e+00,-1.000000000000000000e+00,-1.000000000000000000e+00,-1.000000000000000000e+00,-1.000000000000000000e+00,-1.000000000000000000e+00,-1.000000000000000000e+00,-1.000000000000000000e+00,-1.000000000000000000e+00,-1.000000000000000000e+00,-1.000000000000000000e+00,-1.000000000000000000e+00,-1.000000000000000000e+00,-1.000000000000000000e+00,-1.000000000000000000e+00,-1.000000000000000000e+00,-1.377108136008835082e+00,-1.377117172519447541e+00,-1.377141762289136651e+00,-1.377173165535040988e+00,-1.377192446288654226e+00,-1.377162420780795316e+00,-1.377013037781195104e+00,-1.376616269993381270e+00,-1.375744702059605418e+00,-1.374005832695794460e+00,-1.370742064287604700e+00,-1.364885244421655042e+00,-1.354755836164056815e+00,-1.337802396197445454e+00,-1.310289573643106831e+00,-1.266965267446162446e+00,-1.200773118888091240e+00,-1.102729847953521469e+00,-9.621678056845882621e-01,-7.676738671284597526e-01,-5.092793515979182617e-01,-1.828224563784702772e-01,2.021455618397818288e-01,6.096915433419878294e-01,9.627947975371133893e-01,1.149224839098599293e+00,1.149224482803564928e+00,9.627938109352658369e-01,6.096901476626062077e-01,2.021440391449960128e-01,-1.828238300915809855e-01,-5.092803459162881241e-01,-7.676743097992519971e-01,-9.621675801874928213e-01,-1.102728879918146276e+00,-1.200771360850179770e+00,-1.266962684631879998e+00,-1.310286135126372375e+00,-1.337798069886334318e+00,-1.354750589637989666e+00,-1.364879046876350088e+00,-1.370734891458342153e+00,-1.373997671907524643e+00,-1.375735557695854760e+00,-1.376606167826023075e+00,-1.377002028093995190e+00,-1.377150580764483490e+00,-1.377179879254989414e+00,-1.377160002049917953e+00,-1.377128156876841869e+00,-1.377103290193207874e+00,-1.377094162670620348e+00,-1.000000000000000000e+00,-1.000000000000000000e+00,-1.000000000000000000e+00,-1.000000000000000000e+00,-1.000000000000000000e+00,-1.000000000000000000e+00,-1.000000000000000000e+00,-1.000000000000000000e+00,-1.000000000000000000e+00,-1.000000000000000000e+00,-1.000000000000000000e+00,-1.000000000000000000e+00,-1.000000000000000000e+00,-1.000000000000000000e+00,-1.000000000000000000e+00,-1.000000000000000000e+00,-1.000000000000000000e+00,-1.000000000000000000e+00,-1.000000000000000000e+00,-1.000000000000000000e+00,-1.000000000000000000e+00,-1.000000000000000000e+00,-1.000000000000000000e+00,-1.000000000000000000e+00,-1.000000000000000000e+00,-1.000000000000000000e+00,-1.000000000000000000e+00,-1.000000000000000000e+00,-1.000000000000000000e+00,-1.000000000000000000e+00,-1.000000000000000000e+00,-1.000000000000000000e+00,-1.000000000000000000e+00,-1.000000000000000000e+00,-1.000000000000000000e+00,-1.000000000000000000e+00,-1.000000000000000000e+00,-1.000000000000000000e+00,-1.000000000000000000e+00,-1.000000000000000000e+00,-1.000000000000000000e+00,-1.000000000000000000e+00,-1.000000000000000000e+00,-1.000000000000000000e+00,-1.000000000000000000e+00,-1.000000000000000000e+00
-1.000000000000000000e+00,-1.000000000000000000e+00,-1.000000000000000000e+00,-1.000000000000000000e+00,-1.000000000000000000e+00,-1.000000000000000000e+00,-1.000000000000000000e+00,-1.000000000000000000e+00,-1.000000000000000000e+00,-1.000000000000000000e+00,-1.000000000000000000e+00,-1.000000000000000000e+00,-1.000000000000000000e+00,-1.000000000000000000e+00,-1.000000000000000000e+00,-1.000000000000000000e+00,-1.000000000000000000e+00,-1.000000000000000000e+00,-1.000000000000000000e+00,-1.000000000000000000e+00,-1.000000000000000000e+00,-1.000000000000000000e+00,-1.000000000000000000e+00,-1.000000000000000000e+00,-1.000000000000000000e+00,-1.000000000000000000e+00,-1.000000000000000000e+00,-1.000000000000000000e+00,-1.000000000000000000e+00,-1.000000000000000000e+00,-1.000000000000000000e+00,-1.000000000000000000e+00,-1.000000000000000000e+00,-1.000000000000000000e+00,-1.000000000000000000e+00,-1.000000000000000000e+00,-1.000000000000000000e+00,-1.000000000000000000e+00,-1.000000000000000000e+00,-1.000000000000000000e+00,-1.000000000000000000e+00,-1.000000000000000000e+00,-1.000000000000000000e+00,-1.000000000000000000e+00,-1.000000000000000000e+00,-1.000000000000000000e+00,-1.376989152188448529e+00,-1.376998361049587061e+00,-1.377023464496969885e+00,-1.377055702522333558e+00,-1.377076110081484117e+00,-1.377047463589349707e+00,-1.376899670239866813e+00,-1.376504664684213619e+00,-1.375635004786267768e+00,-1.373898184057626093e+00,-1.370636634404788889e+00,-1.364782283578979794e+00,-1.354655744753264113e+00,-1.337705814188632880e+00,-1.310197486402735700e+00,-1.266879117054350967e+00,-1.200694898896256024e+00,-1.102662145286570139e+00,-9.621137382847521069e-01,-7.676368576137532207e-01,-5.092626837717726396e-01,-1.828285935973811283e-01,2.021158463837997576e-01,6.096400465987967809e-01,9.627264224264837633e-01,1.149147294608694914e+00,1.149146969473141766e+00,9.627255352702033253e-01,6.096388362905504898e-01,2.021146197288110624e-01,-1.828295321208914803e-01,-5.092630730014182650e-01,-7.676364937648973985e-01,-9.621124727873603399e-01,-1.102659870524404173e+00,-1.200691532746886780e+00,-1.266874589392462225e+00,-1.310191730740566829e+00,-1.337698763418358805e+00,-1.354647333372736240e+00,-1.364772451611064197e+00,-1.370625334924254535e+00,-1.373885390692173303e+00,-1.375620719270417736e+00,-1.376488923002026521e+00,-1.376882547025734649e+00,-1.377029075149580617e+00,-1.377056613787377648e+00,-1.377035296622567184e+00,-1.377002381934624431e+00,-1.376976856343462119e+00,-1.376967505969294070e+00,-1.000000000000000000e+00,-1.000000000000000000e+00,-1.000000000000000000e+00,-1.000000000000000000e+00,-1.000000000000000000e+00,-1.000000000000000000e+00,-1.000000000000000000e+00,-1.000000000000000000e+00,-1.000000000000000000e+00,-1.000000000000000000e+00,-1.000000000000000000e+00,-1.000000000000000000e+00,-1.000000000000000000e+00,-1.000000000000000000e+00,-1.000000000000000000e+00,-1.000000000000000000e+00,-1.000000000000000000e+00,-1.000000000000000000e+00,-1.000000000000000000e+00,-1.000000000000000000e+00,-1.000000000000000000e+00,-1.000000000000000000e+00,-1.000000000000000000e+00,-1.000000000000000000e+00,-1.000000000000000000e+00,-1.000000000000000000e+00,-1.000000000000000000e+00,-1.000000000000000000e+00,-1.000000000000000000e+00,-1.000000000000000000e+00,-1.000000000000000000e+00,-1.000000000000000000e+00,-1.000000000000000000e+00,-1.000000000000000000e+00,-1.000000000000000000e+00,-1.000000000000000000e+00,-1.000000000000000000e+00,-1.000000000000000000e+00,-1.000000000000000000e+00,-1.000000000000000000e+00,-1.000000000000000000e+00,-1.000000000000000000e+00,-1.000000000000000000e+00,-1.000000000000000000e+00,-1.000000000000000000e+00,-1.000000000000000000e+00
-1.000000000000000000e+00,-1.000000000000000000e+00,-1.000000000000000000e+00,-1.000000000000000000e+00,-1.000000000000000000e+00,-1.000000000000000000e+00,-1.000000000000000000e+00,-1.000000000000000000e+00,-1.000000000000000000e+00,-1.000000000000000000e+00,-1.000000000000000000e+00,-1.000000000000000000e+00,-1.000000000000000000e+00,-1.000000000000000000e+00,-1.000000000000000000e+00,-1.000000000000000000e+00,-1.000000000000000000e+00,-1.000000000000000000e+00,-1.000000000000000000e+00,-1.000000000000000000e+00,-1.000000000000000000e+00,-1.000000000000000000e+00,-1.000000000000000000e+00,-1.000000000000000000e+00,-1.000000000000000000e+00,-1.000000000000000000e+00,-1.000000000000000000e+00,-1.000000000000000000e+00,-1.000000000000000000e+00,-1.000000000000000000e+00,-1.000000000000000000e+00,-1.000000000000000000e+00,-1.000000000000000000e+00,-1.000000000000000000e+00,-1.000000000000000000e+00,-1.000000000000000000e+00,-1.000000000000000000e+00,-1.000000000000000000e+00,-1.000000000000000000e+00,-1.000000000000000000e+00,-1.000000000000000000e+00,-1.000000000000000000e+00,-1.000000000000000000e+00,-1.000000000000000000e+00,-1.000000000000000000e+00,-1.000000000000000000e+00,-1.376852959528552578e+00,-1.376862434804499546e+00,-1.376888328541282513e+00,-1.376921848129166293e+00,-1.376943980309071947e+00,-1.376917437700853508e+00,-1.376772057867451826e+00,-1.376379707757875881e+00,-1.375512889145475093e+00,-1.373779063102515963e+00,-1.370520667594696373e+00,-1.364669692050974881e+00,-1.354546887248951448e+00,-1.337601282928122970e+00,-1.310098219259451024e+00,-1.266786514407579167e+00,-1.200610922333977371e+00,-1.102589360686593078e+00,-9.620552511641232707e-01,-7.675960803057737536e-01,-5.092428803360546929e-01,-1.828321841042459539e-01,2.020881663676878937e-01,6.095901884096319723e-01,9.626594256940448346e-01,1.149070998354060791e+00,1.149070723636336666e+00,9.626586968832768765e-01,6.095892653438703679e-01,2.020873862999024162e-01,-1.828324799461550354e-01,-5.092423899190976488e-01,-7.675945568513869999e-01,-9.620525001625229722e-01,-1.102585225521789170e+00,-1.200605268946340454e+00,-1.266779218557332554e+00,-1.310089159057023611e+00,-1.337590336508313493e+00,-1.354533937269705390e+00,-1.364654632578682802e+00,-1.370503415140753134e+00,-1.373759567774015533e+00,-1.375491145709433871e+00,-1.376355764819241490e+00,-1.376746024443847638e+00,-1.376889487300135606e+00,-1.376914350530458409e+00,-1.376890838487247137e+00,-1.376856290767730417e+00,-1.376829758116417501e+00,-1.376820067048059926e+00,-1.000000000000000000e+00,-1.000000000000000000e+00,-1.000000000000000000e+00,-1.000000000000000000e+00,-1.000000000000000000e+00,-1.000000000000000000e+00,-1.000000000000000000e+00,-1.000000000000000000e+00,-1.000000000000000000e+00,-1.000000000000000000e+00,-1.000000000000000000e+00,-1.000000000000000000e+00,-1.000000000000000000e+00,-1.000000000000000000e+00,-1.000000000000000000e+00,-1.000000000000000000e+00,-1.000000000000000000e+00,-1.000000000000000000e+00,-1.000000000000000000e+00,-1.000000000000000000e+00,-1.000000000000000000e+00,-1.000000000000000000e+00,-1.000000000000000000e+00,-1.000000000000000000e+00,-1.000000000000000000e+00,-1.000000000000000000e+00,-1.000000000000000000e+00,-1.000000000000000000e+00,-1.000000000000000000e+00,-1.000000000000000000e+00,-1.000000000000000000e+00,-1.000000000000000000e+00,-1.000000000000000000e+00,-1.000000000000000000e+00,-1.000000000000000000e+00,-1.000000000000000000e+00,-1.000000000000000000e+00,-1.000000000000000000e+00,-1.000000000000000000e+00,-1.000000000000000000e+00,-1.000000000000000000e+00,-1.000000000000000000e+00,-1.000000000000000000e+00,-1.000000000000000000e+00,-1.000000000000000000e+00,-1.000000000000000000e+00
-1.000000000000000000e+00,-1.000000000000000000e+00,-1.000000000000000000e+00,-1.000000000000000000e+00,-1.000000000000000000e+00,-1.000000000000000000e+00,-1.000000000000000000e+00,-1.000000000000000000e+00,-1.000000000000000000e+00,-1.000000000000000000e+00,-1.000000000000000000e+00,-1.000000000000000000e+00,-1.000000000000000000e+00,-1.000000000000000000e+00,-1.000000000000000000e+00,-1.000000000000000000e+00,-1.000000000000000000e+00,-1.000000000000000000e+00,-1.000000000000000000e+00,-1.000000000000000000e+00,-1.000000000000000000e+00,-1.000000000000000000e+00,-1.000000000000000000e+00,-1.000000000000000000e+00,-1.000000000000000000e+00,-1.000000000000000000e+00,-1.000000000000000000e+00,-1.000000000000000000e+00,-1.000000000000000000e+00,-1.000000000000000000e+00,-1.000000000000000000e+00,-1.000000000000000000e+00,-1.000000000000000000e+00,-1.000000000000000000e+00,-1.000000000000000000e+00,-1.000000000000000000e+00,-1.000000000000000000e+00,-1.000000000000000000e+00,-1.000000000000000000e+00,-1.000000000000000000e+00,-1.000000000000000000e+00,-1.000000000000000000e+00,-1.000000000000000000e+00,-1.000000000000000000e+00,-1.000000000000000000e+00,-1.000000000000000000e+00,-1.376692950165733453e+00,-1.376702834121069419e+00,-1.376729937214656418e+00,-1.376765415366516532e+00,-1.376790177426563400e+00,-1.376766834750359436e+00,-1.376625111755054753e+00,-1.376236761652770202e+00,-1.375374184649692966e+00,-1.373644767169127201e+00,-1.370390916684241844e+00,-1.364544655091827652e+00,-1.354426850049295972e+00,-1.337486752966894787e+00,-1.309990046463918034e+00,-1.266686015407070265e+00,-1.200519984731484247e+00,-1.102510488451723170e+00,-9.619914978608081757e-01,-7.675508100798531519e-01,-5.092193025230697945e-01,-1.828326438470371240e-01,2.020630790309081437e-01,6.095425204119193641e-01,9.625943652016513141e-01,1.148996516267907442e+00,1.148996318104155367e+00,9.625938749431581787e-01,6.095420236344091247e-01,2.020629515968488388e-01,-1.828320126586715499e-01,-5.092175559484674041e-01,-7.675476412832835660e-01,-9.619866460116657247e-01,-1.102503725126742884e+00,-1.200511098438794777e+00,-1.266674799790458827e+00,-1.309976294706827638e+00,-1.337470258609576801e+00,-1.354407415024096117e+00,-1.364522101350736483e+00,-1.370365102386458922e+00,-1.373615603218928172e+00,-1.375341651223168649e+00,-1.376200922214523281e+00,-1.376586123289666563e+00,-1.376724953784981942e+00,-1.376745759922700874e+00,-1.376718911810872470e+00,-1.376681878197983488e+00,-1.376653811162395380e+00,-1.376643601019274854e+00,-1.000000000000000000e+00,-1.000000000000000000e+00,-1.000000000000000000e+00,-1.000000000000000000e+00,-1.000000000000000000e+00,-1.000000000000000000e+00,-1.000000000000000000e+00,-1.000000000000000000e+00,-1.000000000000000000e+00,-1.000000000000000000e+00,-1.000000000000000000e+00,-1.000000000000000000e+00,-1.000000000000000000e+00,-1.000000000000000000e+00,-1.000000000000000000e+00,-1.000000000000000000e+00,-1.000000000000000000e+00,-1.000000000000000000e+00,-1.000000000000000000e+00,-1.000000000000000000e+00,-1.000000000000000000e+00,-1.000000000000000000e+00,-1.000000000000000000e+00,-1.000000000000000000e+00,-1.000000000000000000e+00,-1.000000000000000000e+00,-1.000000000000000000e+00,-1.000000000000000000e+00,-1.000000000000000000e+00,-1.000000000000000000e+00,-1.000000000000000000e+00,-1.000000000000000000e+00,-1.000000000000000000e+00,-1.000000000000000000e+00,-1.000000000000000000e+00,-1.000000000000000000e+00,-1.000000000000000000e+00,-1.000000000000000000e+00,-1.000000000000000000e+00,-1.000000000000000000e+00,-1.000000000000000000e+00,-1.000000000000000000e+00,-1.000000000000000000e+00,-1.000000000000000000e+00,-1.000000000000000000e+00,-1.000000000000000000e+00
-1.000000000000000000e+00,-1.000000000000000000e+00,-1.000000000000000000e+00,-1.000000000000000000e+00,-1.000000000000000000e+00,-1.000000000000000000e+00,-1.000000000000000000e+00,-1.000000000000000000e+00,-1.000000000000000000e+00,-1.000000000000000000e+00,-1.000000000000000000e+00,-1.000000000000000000e+00,-1.000000000000000000e+00,-1.000000000000000000e+00,-1.000000000000000000e+00,-1.000000000000000000e+00,-1.000000000000000000e+00,-1.000000000000000000e+00,-1.000000000000000000e+00,-1.000000000000000000e+00,-1.000000000000000000e+00,-1.000000000000000000e+00,-1.000000000000000000e+00,-1.000000000000000000e+00,-1.000000000000000000e+00,-1.000000000000000000e+00,-1.000000000000000000e+00,-1.000000000000000000e+00,-1.000000000000000000e+00,-1.000000000000000000e+00,-1.000000000000000000e+00,-1.000000000000000000e+00,-1.000000000000000000e+00,-1.000000000000000000e+00,-1.000000000000000000e+00,-1.000000000000000000e+00,-1.000000000000000000e+00,-1.000000000000000000e+00,-1.000000000000000000e+00,-1.000000000000000000e+00,-1.000000000000000000e+00,-1.000000000000000000e+00,-1.000000000000000000e+00,-1.000000000000000000e+00,-1.000000000000000000e+00,-1.000000000000000000e+00,-1.376499505967488712e+00,-1.376510013507943775e+00,-1.376538959729538103e+00,-1.376577420021326770e+00,-1.376606179401325125e+00,-1.376587689604245046e+00,-1.376451494587691560e+00,-1.376069162739274709e+00,-1.375212922631883439e+00,-1.373490021201858369e+00,-1.370242779282783818e+00,-1.364403206181810102e+00,-1.354292253857354744e+00,-1.337359375743526257e+00,-1.309870589486179737e+00,-1.266575649353789634e+00,-1.200420461520016024e+00,-1.102424191005284770e+00,-9.619213726222192173e-01,-7.675001216573293927e-01,-5.091911584647229594e-01,-1.828292729388460991e-01,2.020412279811181211e-01,6.094976586074405400e-01,9.625318485709131178e-01,1.148924457687293010e+00,1.148924371411513157e+00,9.625317053877189277e-01,6.094977766553386633e-01,2.020420331648433709e-01,-1.828273277685604770e-01,-5.091876420666802128e-01,-7.674946423543910212e-01,-9.619135741195937728e-01,-1.102413739539054971e+00,-1.200407030229666105e+00,-1.266558908591344901e+00,-1.309850204011940411e+00,-1.337335009654028406e+00,-1.354263584245137153e+00,-1.364369942410760927e+00,-1.370204687018361733e+00,-1.373446947098081017e+00,-1.375164819230105140e+00,-1.376016109990832570e+00,-1.376393715966368170e+00,-1.376525561529102770e+00,-1.376540231669100445e+00,-1.376508327305810520e+00,-1.376467520464401240e+00,-1.376437122280832259e+00,-1.376426123405700697e+00,-1.000000000000000000e+00,-1.000000000000000000e+00,-1.000000000000000000e+00,-1.000000000000000000e+00,-1.000000000000000000e+00,-1.000000000000000000e+00,-1.000000000000000000e+00,-1.000000000000000000e+00,-1.000000000000000000e+00,-1.000000000000000000e+00,-1.000000000000000000e+00,-1.000000000000000000e+00,-1.000000000000000000e+00,-1.000000000000000000e+00,-1.000000000000000000e+00,-1.000000000000000000e+00,-1.000000000000000000e+00,-1.000000000000000000e+00,-1.000000000000000000e+00,-1.000000000000000000e+00,-1.000000000000000000e+00,-1.000000000000000000e+00,-1.000000000000000000e+00,-1.000000000000000000e+00,-1.000000000000000000e+00,-1.000000000000000000e+00,-1.000000000000000000e+00,-1.000000000000000000e+00,-1.000000000000000000e+00,-1.000000000000000000e+00,-1.000000000000000000e+00,-1.000000000000000000e+00,-1.000000000000000000e+00,-1.000000000000000000e+00,-1.000000000000000000e+00,-1.000000000000000000e+00,-1.000000000000000000e+00,-1.000000000000000000e+00,-1.000000000000000000e+00,-1.000000000000000000e+00,-1.000000000000000000e+00,-1.000000000000000000e+00,-1.000000000000000000e+00,-1.000000000000000000e+00,-1.000000000000000000e+00,-1.000000000000000000e+00
-1.000000000000000000e+00,-1.000000000000000000e+00,-1.000000000000000000e+00,-1.000000000000000000e+00,-1.000000000000000000e+00,-1.000000000000000000e+00,-1.000000000000000000e+00,-1.000000000000000000e+00,-1.000000000000000000e+00,-1.000000000000000000e+00,-1.000000000000000000e+00,-1.000000000000000000e+00,-1.000000000000000000e+00,-1.000000000000000000e+00,-1.000000000000000000e+00,-1.000000000000000000e+00,-1.000000000000000000e+00,-1.000000000000000000e+00,-1.000000000000000000e+00,-1.000000000000000000e+00,-1.000000000000000000e+00,-1.000000000000000000e+00,-1.000000000000000000e+00,-1.000000000000000000e+00,-1.000000000000000000e+00,-1.000000000000000000e+00,-1.000000000000000000e+00,-1.000000000000000000e+00,-1.000000000000000000e+00,-1.000000000000000000e+00,-1.000000000000000000e+00,-1.000000000000000000e+00,-1.000000000000000000e+00,-1.000000000000000000e+00,-1.000000000000000000e+00,-1.000000000000000000e+00,-1.000000000000000000e+00,-1.000000000000000000e+00,-1.000000000000000000e+00,-1.000000000000000000e+00,-1.000000000000000000e+00,-1.000000000000000000e+00,-1.000000000000000000e+00,-1.000000000000000000e+00,-1.000000000000000000e+00,-1.000000000000000000e+00,-1.376258668131576490e+00,-1.376270123314506488e+00,-1.376301868824530095e+00,-1.376344854619948155e+00,-1.376379670884970707e+00,-1.376368519219826947e+00,-1.376240659306165126e+00,-1.375867365437687173e+00,-1.375020587277822726e+00,-1.373307333476761816e+00,-1.370069752985966449e+00,-1.364239774263622751e+00,-1.354138383918391586e+00,-1.337215206678828983e+00,-1.309736582416960449e+00,-1.266452737044349242e+00,-1.200310170863281067e+00,-1.102328699101709830e+00,-9.618434409182307077e-01,-7.674428454432749014e-01,-5.091574813621004836e-01,-1.828212534090336572e-01,2.020233278688983170e-01,6.094562520501309866e-01,9.624724892727118952e-01,1.148855425021853449e+00,1.148855498250780816e+00,9.624728392897370366e-01,6.094572389880683616e-01,2.020254434260102538e-01,-1.828174710358948518e-01,-5.091514980668071511e-01,-7.674341493743336295e-01,-9.618315384616876740e-01,-1.102313102123164246e+00,-1.200290381852132438e+00,-1.266428242629103806e+00,-1.309706854114226715e+00,-1.337179712006381749e+00,-1.354096609001389728e+00,-1.364191254358383842e+00,-1.370014108265958042e+00,-1.373244306439955986e+00,-1.374950080699281374e+00,-1.375789475580525112e+00,-1.376155701292206324e+00,-1.376277042062300282e+00,-1.376282458929295904e+00,-1.376242914300747522e+00,-1.376196397785668379e+00,-1.376162468748685752e+00,-1.376150274819119224e+00,-1.000000000000000000e+00,-1.000000000000000000e+00,-1.000000000000000000e+00,-1.000000000000000000e+00,-1.000000000000000000e+00,-1.000000000000000000e+00,-1.000000000000000000e+00,-1.000000000000000000e+00,-1.000000000000000000e+00,-1.000000000000000000e+00,-1.000000000000000000e+00,-1.000000000000000000e+00,-1.000000000000000000e+00,-1.000000000000000000e+00,-1.000000000000000000e+00,-1.000000000000000000e+00,-1.000000000000000000e+00,-1.000000000000000000e+00,-1.000000000000000000e+00,-1.000000000000000000e+00,-1.000000000000000000e+00,-1.000000000000000000e+00,-1.000000000000000000e+00,-1.000000000000000000e+00,-1.000000000000000000e+00,-1.000000000000000000e+00,-1.000000000000000000e+00,-1.000000000000000000e+00,-1.000000000000000000e+00,-1.000000000000000000e+00,-1.000000000000000000e+00,-1.000000000000000000e+00,-1.000000000000000000e+00,-1.000000000000000000e+00,-1.000000000000000000e+00,-1.000000000000000000e+00,-1.000000000000000000e+00,-1.000000000000000000e+00,-1.000000000000000000e+00,-1.000000000000000000e+00,-1.000000000000000000e+00,-1.000000000000000000e+00,-1.000000000000000000e+00,-1.000000000000000000e+00,-1.000000000000000000e+00,-1.000000000000000000e+00
-1.000000000000000000e+00,-1.000000000000000000e+00,-1.000000000000000000e+00,-1.000000000000000000e+00,-1.000000000000000000e+00,-1.000000000000000000e+00,-1.000000000000000000e+00,-1.000000000000000000e+00,-1.000000000000000000e+00,-1.000000000000000000e+00,-1.000000000000000000e+00,-1.000000000000000000e+00,-1.000000000000000000e+00,-1.000000000000000000e+00,-1.000000000000000000e+00,-1.000000000000000000e+00,-1.000000000000000000e+00,-1.000000000000000000e+00,-1.000000000000000000e+00,-1.000000000000000000e+00,-1.000000000000000000e+00,-1.000000000000000000e+00,-1.000000000000000000e+00,-1.000000000000000000e+00,-1.000000000000000000e+00,-1.000000000000000000e+00,-1.000000000000000000e+00,-1.000000000000000000e+00,-1.000000000000000000e+00,-1.000000000000000000e+00,-1.000000000000000000e+00,-1.000000000000000000e+00,-1.000000000000000000e+00,-1.000000000000000000e+00,-1.000000000000000000e+00,-1.000000000000000000e+00,-1.000000000000000000e+00,-1.000000000000000000e+00,-1.000000000000000000e+00,-1.000000000000000000e+00,-1.000000000000000000e+00,-1.000000000000000000e+00,-1.000000000000000000e+00,-1.000000000000000000e+00,-1.000000000000000000e+00,-1.000000000000000000e+00,-1.375950264704466797e+00,-1.375963154772233077e+00,-1.375999137217541746e+00,-1.376048967221236818e+00,-1.376092930759383437e+00,-1.376092839731384743e+00,-1.375977510223097111e+00,-1.375617755371868256e+00,-1.374785082574593753e+00,-1.373086112508960399e+00,-1.369862693849747570e+00,-1.364046572161122572e+00,-1.353958695028689263e+00,-1.337048812785861518e+00,-1.309583567774996737e+00,-1.266313660306559452e+00,-1.200186204248320010e+00,-1.102221693870079955e+00,-9.617558650446217383e-01,-7.673775300977312419e-01,-5.091171251453232571e-01,-1.828076760316090787e-01,2.020101078450522447e-01,6.094188984483934757e-01,9.624167994289813954e-01,1.148789894501454079e+00,1.148790190934159128e+00,9.624178380108419084e-01,6.094210942383078145e-01,2.020140400380039392e-01,-1.828013531606659248e-01,-5.091077342304445308e-01,-7.673643890009793633e-01,-9.617382827359705066e-01,-1.102198957293377246e+00,-1.200157565287008454e+00,-1.266278332905261372e+00,-1.309540734229025505e+00,-1.336997644849715616e+00,-1.353898389471211550e+00,-1.363976397182889544e+00,-1.369782042859172488e+00,-1.372994561475263442e+00,-1.374682448117255928e+00,-1.375504146066798716e+00,-1.375853366496015973e+00,-1.375958958000771393e+00,-1.375950466847317699e+00,-1.375899416724993607e+00,-1.375844290155598504e+00,-1.375805031746964113e+00,-1.375791033314266443e+00,-1.000000000000000000e+00,-1.000000000000000000e+00,-1.000000000000000000e+00,-1.000000000000000000e+00,-1.000000000000000000e+00,-1.000000000000000000e+00,-1.000000000000000000e+00,-1.000000000000000000e+00,-1.000000000000000000e+00,-1.000000000000000000e+00,-1.000000000000000000e+00,-1.000000000000000000e+00,-1.000000000000000000e+00,-1.000000000000000000e+00,-1.000000000000000000e+00,-1.000000000000000000e+00,-1.000000000000000000e+00,-1.000000000000000000e+00,-1.000000000000000000e+00,-1.000000000000000000e+00,-1.000000000000000000e+00,-1.000000000000000000e+00,-1.000000000000000000e+00,-1.000000000000000000e+00,-1.000000000000000000e+00,-1.000000000000000000e+00,-1.000000000000000000e+00,-1.000000000000000000e+00,-1.000000000000000000e+00,-1.000000000000000000e+00,-1.000000000000000000e+00,-1.000000000000000000e+00,-1.000000000000000000e+00,-1.000000000000000000e+00,-1.000000000000000000e+00,-1.000000000000000000e+00,-1.000000000000000000e+00,-1.000000000000000000e+00,-1.000000000000000000e+00,-1.000000000000000000e+00,-1.000000000000000000e+00,-1.000000000000000000e+00,-1.000000000000000000e+00,-1.000000000000000000e+00,-1.000000000000000000e+00,-1.000000000000000000e+00
-1.000000000000000000e+00,-1.000000000000000000e+00,-1.000000000000000000e+00,-1.000000000000000000e+00,-1.000000000000000000e+00,-1.000000000000000000e+00,-1.000000000000000000e+00,-1.000000000000000000e+00,-1.000000000000000000e+00,-1.000000000000000000e+00,-1.000000000000000000e+00,-1.000000000000000000e+00,-1.000000000000000000e+00,-1.000000000000000000e+00,-1.000000000000000000e+00,-1.000000000000000000e+00,-1.000000000000000000e+00,-1.000000000000000000e+00,-1.000000000000000000e+00,-1.000000000000000000e+00,-1.000000000000000000e+00,-1.000000000000000000e+00,-1.000000000000000000e+00,-1.000000000000000000e+00,-1.000000000000000000e+00,-1.000000000000000000e+00,-1.000000000000000000e+00,-1.000000000000000000e+00,-1.000000000000000000e+00,-1.000000000000000000e+00,-1.000000000000000000e+00,-1.000000000000000000e+00,-1.000000000000000000e+00,-1.000000000000000000e+00,-1.000000000000000000e+00,-1.000000000000000000e+00,-1.000000000000000000e+00,-1.000000000000000000e+00,-1.000000000000000000e+00,-1.000000000000000000e+00,-1.000000000000000000e+00,-1.000000000000000000e+00,-1.000000000000000000e+00,-1.000000000000000000e+00,-1.000000000000000000e+00,-1.000000000000000000e+00,-1.375545315073163799e+00,-1.375560369393641791e+00,-1.375602740304806781e+00,-1.375662881691137152e+00,-1.375720607677745733e+00,-1.375737126608400640e+00,-1.375640567839480077e+00,-1.375301029472728143e+00,-1.374489329568350016e+00,-1.372811475694070360e+00,-1.369608824342948727e+00,-1.363812786825743473e+00,-1.353744163839221804e+00,-1.336852766022058603e+00,-1.309405511099776653e+00,-1.266153579163324494e+00,-1.200044728589829912e+00,-1.102100179493349597e+00,-9.616563375685088788e-01,-7.673024301247993728e-01,-5.090688027393625026e-01,-1.827876289649401631e-01,2.020021720755091899e-01,6.093859554334026818e-01,9.623649598727122001e-01,1.148727964111893485e+00,1.148728568149988138e+00,9.623669460369046469e-01,6.093898116091702732e-01,2.020085950156893517e-01,-1.827778258691101776e-01,-5.090547421670379435e-01,-7.672831888702167369e-01,-9.616309414879619100e-01,-1.102067589810248993e+00,-1.200003831097914198e+00,-1.266103185626481720e+00,-1.309344374754519702e+00,-1.336779617223024630e+00,-1.353657763842039286e+00,-1.363711997751706040e+00,-1.369492690470303531e+00,-1.372679310998870639e+00,-1.374340806301789231e+00,-1.375136257482438173e+00,-1.375460157305859132e+00,-1.375542226857079386e+00,-1.375512914325895064e+00,-1.375444608203816088e+00,-1.375376551053399954e+00,-1.375329281861563890e+00,-1.375312569923978101e+00,-1.000000000000000000e+00,-1.000000000000000000e+00,-1.000000000000000000e+00,-1.000000000000000000e+00,-1.000000000000000000e+00,-1.000000000000000000e+00,-1.000000000000000000e+00,-1.000000000000000000e+00,-1.000000000000000000e+00,-1.000000000000000000e+00,-1.000000000000000000e+00,-1.000000000000000000e+00,-1.000000000000000000e+00,-1.000000000000000000e+00,-1.000000000000000000e+00,-1.000000000000000000e+00,-1.000000000000000000e+00,-1.000000000000000000e+00,-1.000000000000000000e+00,-1.000000000000000000e+00,-1.000000000000000000e+00,-1.000000000000000000e+00,-1.000000000000000000e+00,-1.000000000000000000e+00,-1.000000000000000000e+00,-1.000000000000000000e+00,-1.000000000000000000e+00,-1.000000000000000000e+00,-1.000000000000000000e+00,-1.000000000000000000e+00,-1.000000000000000000e+00,-1.000000000000000000e+00,-1.000000000000000000e+00,-1.000000000000000000e+00,-1.000000000000000000e+00,-1.000000000000000000e+00,-1.000000000000000000e+00,-1.000000000000000000e+00,-1.000000000000000000e+00,-1.000000000000000000e+00,-1.000000000000000000e+00,-1.000000000000000000e+00,-1.000000000000000000e+00,-1.000000000000000000e+00,-1.000000000000000000e+00,-1.000000000000000000e+00
-1.000000000000000000e+00,-1.000000000000000000e+00,-1.000000000000000000e+00,-1.000000000000000000e+00,-1.000000000000000000e+00,-1.000000000000000000e+00,-1.000000000000000000e+00,-1.000000000000000000e+00,-1.000000000000000000e+00,-1.000000000000000000e+00,-1.000000000000000000e+00,-1.000000000000000000e+00,-1.000000000000000000e+00,-1.000000000000000000e+00,-1.000000000000000000e+00,-1.000000000000000000e+00,-1.000000000000000000e+00,-1.000000000000000000e+00,-1.000000000000000000e+00,-1.000000000000000000e+00,-1.000000000000000000e+00,-1.000000000000000000e+00,-1.000000000000000000e+00,-1.000000000000000000e+00,-1.000000000000000000e+00,-1.000000000000000000e+00,-1.000000000000000000e+00,-1.000000000000000000e+00,-1.000000000000000000e+00,-1.000000000000000000e+00,-1.000000000000000000e+00,-1.000000000000000000e+00,-1.000000000000000000e+00,-1.000000000000000000e+00,-1.000000000000000000e+00,-1.000000000000000000e+00,-1.000000000000000000e+00,-1.000000000000000000e+00,-1.000000000000000000e+00,-1.000000000000000000e+00,-1.000000000000000000e+00,-1.000000000000000000e+00,-1.000000000000000000e+00,-1.000000000000000000e+00,-1.000000000000000000e+00,-1.000000000000000000e+00,-1.375002504518085811e+00,-1.375020808386073101e+00,-1.375072767996366130e+00,-1.375148373541177360e+00,-1.375226712334106427e+00,-1.375268064228835074e+00,-1.375199503545712520e+00,-1.374890030170816013e+00,-1.374109401688879517e+00,-1.372462676440139973e+00,-1.369290434520016309e+00,-1.363523530930253358e+00,-1.353482463244884970e+00,-1.336617010574485676e+00,-1.309194332012110884e+00,-1.265966101148257250e+00,-1.199880771852394945e+00,-1.101960366750982079e+00,-9.615420501948959142e-01,-7.672155539354899023e-01,-5.090112125189188985e-01,-1.827604062182355271e-01,2.019997044461621094e-01,6.093571583065811037e-01,9.623163637839369233e-01,1.148668857070475280e+00,1.148669879616732725e+00,9.623196383136702892e-01,6.093632702930305012e-01,2.020095097588383570e-01,-1.827458754070478975e-01,-5.089908001016982819e-01,-7.671879962831364974e-01,-9.615059689045426516e-01,-1.101914254066669541e+00,-1.199822982054939091e+00,-1.265894858003267176e+00,-1.309107757913956060e+00,-1.336513182081518369e+00,-1.353359491679303694e+00,-1.363379667643157322e+00,-1.369124192956971298e+00,-1.372272964622261782e+00,-1.373895656923821651e+00,-1.374652341357561092e+00,-1.374938709217695676e+00,-1.374985814476903823e+00,-1.374925482687867628e+00,-1.374831424312034089e+00,-1.374744045383725854e+00,-1.374684795689925965e+00,-1.374664023944906610e+00,-1.000000000000000000e+00,-1.000000000000000000e+00,-1.000000000000000000e+00,-1.000000000000000000e+00,-1.000000000000000000e+00,-1.000000000000000000e+00,-1.000000000000000000e+00,-1.000000000000000000e+00,-1.000000000000000000e+00,-1.000000000000000000e+00,-1.000000000000000000e+00,-1.000000000000000000e+00,-1.000000000000000000e+00,-1.000000000000000000e+00,-1.000000000000000000e+00,-1.000000000000000000e+00,-1.000000000000000000e+00,-1.000000000000000000e+00,-1.000000000000000000e+00,-1.000000000000000000e+00,-1.000000000000000000e+00,-1.000000000000000000e+00,-1.000000000000000000e+00,-1.000000000000000000e+00,-1.000000000000000000e+00,-1.000000000000000000e+00,-1.000000000000000000e+00,-1.000000000000000000e+00,-1.000000000000000000e+00,-1.000000000000000000e+00,-1.000000000000000000e+00,-1.000000000000000000e+00,-1.000000000000000000e+00,-1.000000000000000000e+00,-1.000000000000000000e+00,-1.000000000000000000e+00,-1.000000000000000000e+00,-1.000000000000000000e+00,-1.000000000000000000e+00,-1.000000000000000000e+00,-1.000000000000000000e+00,-1.000000000000000000e+00,-1.000000000000000000e+00,-1.000000000000000000e+00,-1.000000000000000000e+00,-1.000000000000000000e+00
-1.000000000000000000e+00,-1.000000000000000000e+00,-1.000000000000000000e+00,-1.000000000000000000e+00,-1.000000000000000000e+00,-1.000000000000000000e+00,-1.000000000000000000e+00,-1.000000000000000000e+00,-1.000000000000000000e+00,-1.000000000000000000e+00,-1.000000000000000000e+00,-1.000000000000000000e+00,-1.000000000000000000e+00,-1.000000000000000000e+00,-1.000000000000000000e+00,-1.000000000000000000e+00,-1.000000000000000000e+00,-1.000000000000000000e+00,-1.000000000000000000e+00,-1.000000000000000000e+00,-1.000000000000000000e+00,-1.000000000000000000e+00,-1.000000000000000000e+00,-1.000000000000000000e+00,-1.000000000000000000e+00,-1.000000000000000000e+00,-1.000000000000000000e+00,-1.000000000000000000e+00,-1.000000000000000000e+00,-1.000000000000000000e+00,-1.000000000000000000e+00,-1.000000000000000000e+00,-1.000000000000000000e+00,-1.000000000000000000e+00,-1.000000000000000000e+00,-1.000000000000000000e+00,-1.000000000000000000e+00,-1.000000000000000000e+00,-1.000000000000000000e+00,-1.000000000000000000e+00,-1.000000000000000000e+00,-1.000000000000000000e+00,-1.000000000000000000e+00,-1.000000000000000000e+00,-1.000000000000000000e+00,-1.000000000000000000e+00,-1.374263519074084616e+00,-1.374286674860729640e+00,-1.374352946207858084e+00,-1.374451614471000171e+00,-1.374560656045231033e+00,-1.374638933451043821e+00,-1.374611913366451832e+00,-1.374346924473370146e+00,-1.373612111273537550e+00,-1.372011085101329186e+00,-1.368883232004411088e+00,-1.363158528251107615e+00,-1.353156945433646730e+00,-1.336328104232811231e+00,-1.308939364723992860e+00,-1.265742925527083784e+00,-1.199688022524247666e+00,-1.101797606419068432e+00,-9.614097477017152782e-01,-7.671148345656958467e-01,-5.089433309591515631e-01,-1.827259339630687984e-01,2.020018953970887932e-01,6.093308958109229234e-01,9.622687616414373757e-01,1.148609995208680346e+00,1.148611580931645726e+00,9.622737696505085925e-01,6.093400429970314836e-01,2.020162537707665962e-01,-1.827050314029745604e-01,-5.089143404040716856e-01,-7.670760136844354538e-01,-9.613591443302307304e-01,-1.101733042079478642e+00,-1.199607085892254510e+00,-1.265642988607840413e+00,-1.308817630554810485e+00,-1.336181690256753152e+00,-1.352983003854642874e+00,-1.362954402638732132e+00,-1.368646639094214912e+00,-1.371740314353533385e+00,-1.373306228599832091e+00,-1.374005959016757705e+00,-1.374237009119803954e+00,-1.374232446969502197e+00,-1.374126181840741090e+00,-1.373993927397341164e+00,-1.373877855690592398e+00,-1.373800800649044973e+00,-1.373773992834838031e+00,-1.000000000000000000e+00,-1.000000000000000000e+00,-1.000000000000000000e+00,-1.000000000000000000e+00,-1.000000000000000000e+00,-1.000000000000000000e+00,-1.000000000000000000e+00,-1.000000000000000000e+00,-1.000000000000000000e+00,-1.000000000000000000e+00,-1.000000000000000000e+00,-1.000000000000000000e+00,-1.000000000000000000e+00,-1.000000000000000000e+00,-1.000000000000000000e+00,-1.000000000000000000e+00,-1.000000000000000000e+00,-1.000000000000000000e+00,-1.000000000000000000e+00,-1.000000000000000000e+00,-1.000000000000000000e+00,-1.000000000000000000e+00,-1.000000000000000000e+00,-1.000000000000000000e+00,-1.000000000000000000e+00,-1.000000000000000000e+00,-1.000000000000000000e+00,-1.000000000000000000e+00,-1.000000000000000000e+00,-1.000000000000000000e+00,-1.000000000000000000e+00,-1.000000000000000000e+00,-1.000000000000000000e+00,-1.000000000000000000e+00,-1.000000000000000000e+00,-1.000000000000000000e+00,-1.000000000000000000e+00,-1.000000000000000000e+00,-1.000000000000000000e+00,-1.000000000000000000e+00,-1.000000000000000000e+00,-1.000000000000000000e+00,-1.000000000000000000e+00,-1.000000000000000000e+00,-1.000000000000000000e+00,-1.000000000000000000e+00
-1.000000000000000000e+00,-1.000000000000000000e+00,-1.000000000000000000e+00,-1.000000000000000000e+00,-1.000000000000000000e+00,-1.000000000000000000e+00,-1.000000000000000000e+00,-1.000000000000000000e+00,-1.000000000000000000e+00,-1.000000000000000000e+00,-1.000000000000000000e+00,-1.000000000000000000e+00,-1.000000000000000000e+00,-1.000000000000000000e+00,-1.000000000000000000e+00,-1.000000000000000000e+00,-1.000000000000000000e+00,-1.000000000000000000e+00,-1.000000000000000000e+00,-1.000000000000000000e+00,-1.000000000000000000e+00,-1.000000000000000000e+00,-1.000000000000000000e+00,-1.000000000000000000e+00,-1.000000000000000000e+00,-1.000000000000000000e+00,-1.000000000000000000e+00,-1.000000000000000000e+00,-1.000000000000000000e+00,-1.000000000000000000e+00,-1.000000000000000000e+00,-1.000000000000000000e+00,-1.000000000000000000e+00,-1.000000000000000000e+00,-1.000000000000000000e+00,-1.000000000000000000e+00,-1.000000000000000000e+00,-1.000000000000000000e+00,-1.000000000000000000e+00,-1.000000000000000000e+00,-1.000000000000000000e+00,-1.000000000000000000e+00,-1.000000000000000000e+00,-1.000000000000000000e+00,-1.000000000000000000e+00,-1.000000000000000000e+00,-1.373247082279632103e+00,-1.373277432531956777e+00,-1.373364917823495901e+00,-1.373497745400309666e+00,-1.373652209141973390e+00,-1.373785027624121025e+00,-1.373819240165728539e+00,-1.373619656775545206e+00,-1.372951994933523157e+00,-1.371417689655136662e+00,-1.368354325170090036e+00,-1.362690534781672902e+00,-1.352745449808365752e+00,-1.335968361149812544e+00,-1.308626786041563461e+00,-1.265473511624354508e+00,-1.199458702224754703e+00,-1.101606442166510380e+00,-9.612559501066144652e-01,-7.669985243535961672e-01,-5.088649969366171311e-01,-1.826855715003374847e-01,2.020058961207156223e-01,6.093029077844975827e-01,9.622167342448368910e-01,1.148545348185037174e+00,1.148547684338531383e+00,9.622240525291554381e-01,6.093161021611894768e-01,2.020263322512652060e-01,-1.826561478881341127e-01,-5.088245050347737219e-01,-7.669445527128302409e-01,-9.611857383367315988e-01,-1.101516860407205867e+00,-1.199346246585198728e+00,-1.265334332287944896e+00,-1.308456759946800441e+00,-1.335763215241192459e+00,-1.352500938703221411e+00,-1.362402670814245820e+00,-1.368019647804440853e+00,-1.371033563786929088e+00,-1.372516915743615895e+00,-1.373133531813819586e+00,-1.373283621033150048e+00,-1.373203261573175959e+00,-1.373029482727327499e+00,-1.372841003211881405e+00,-1.372682648837979524e+00,-1.372579335891085828e+00,-1.372543623239505406e+00,-1.000000000000000000e+00,-1.000000000000000000e+00,-1.000000000000000000e+00,-1.000000000000000000e+00,-1.000000000000000000e+00,-1.000000000000000000e+00,-1.000000000000000000e+00,-1.000000000000000000e+00,-1.000000000000000000e+00,-1.000000000000000000e+00,-1.000000000000000000e+00,-1.000000000000000000e+00,-1.000000000000000000e+00,-1.000000000000000000e+00,-1.000000000000000000e+00,-1.000000000000000000e+00,-1.000000000000000000e+00,-1.000000000000000000e+00,-1.000000000000000000e+00,-1.000000000000000000e+00,-1.000000000000000000e+00,-1.000000000000000000e+00,-1.000000000000000000e+00,-1.000000000000000000e+00,-1.000000000000000000e+00,-1.000000000000000000e+00,-1.000000000000000000e+00,-1.000000000000000000e+00,-1.000000000000000000e+00,-1.000000000000000000e+00,-1.000000000000000000e+00,-1.000000000000000000e+00,-1.000000000000000000e+00,-1.000000000000000000e+00,-1.000000000000000000e+00,-1.000000000000000000e+00,-1.000000000000000000e+00,-1.000000000000000000e+00,-1.000000000000000000e+00,-1.000000000000000000e+00,-1.000000000000000000e+00,-1.000000000000000000e+00,-1.000000000000000000e+00,-1.000000000000000000e+00,-1.000000000000000000e+00,-1.000000000000000000e+00
-1.000000000000000000e+00,-1.000000000000000000e+00,-1.000000000000000000e+00,-1.000000000000000000e+00,-1.000000000000000000e+00,-1.000000000000000000e+00,-1.000000000000000000e+00,-1.000000000000000000e+00,-1.000000000000000000e+00,-1.000000000000000000e+00,-1.000000000000000000e+00,-1.000000000000000000e+00,-1.000000000000000000e+00,-1.000000000000000000e+00,-1.000000000000000000e+00,-1.000000000000000000e+00,-1.000000000000000000e+00,-1.000000000000000000e+00,-1.000000000000000000e+00,-1.000000000000000000e+00,-1.000000000000000000e+00,-1.000000000000000000e+00,-1.000000000000000000e+00,-1.000000000000000000e+00,-1.000000000000000000e+00,-1.000000000000000000e+00,-1.000000000000000000e+00,-1.000000000000000000e+00,-1.000000000000000000e+00,-1.000000000000000000e+00,-1.000000000000000000e+00,-1.000000000000000000e+00,-1.000000000000000000e+00,-1.000000000000000000e+00,-1.000000000000000000e+00,-1.000000000000000000e+00,-1.000000000000000000e+00,-1.000000000000000000e+00,-1.000000000000000000e+00,-1.000000000000000000e+00,-1.000000000000000000e+00,-1.000000000000000000e+00,-1.000000000000000000e+00,-1.000000000000000000e+00,-1.000000000000000000e+00,-1.000000000000000000e+00,-1.371841679237429723e+00,-1.371882607110598284e+00,-1.372001271541300138e+00,-1.372184269709211257e+00,-1.372405375116878101e+00,-1.372618098359247973e+00,-1.372741852834568732e+00,-1.372637693246864687e+00,-1.372067726044444491e+00,-1.370630154140871637e+00,-1.367659886193582253e+00,-1.362083551469921439e+00,-1.352219001736228776e+00,-1.335514970561904935e+00,-1.308239092407669668e+00,-1.265144860857960296e+00,-1.199183611450524767e+00,-1.101380895823002248e+00,-9.610774734836904365e-01,-7.668659690287732422e-01,-5.087779779597654262e-01,-1.826435233970208349e-01,2.020050068352081674e-01,6.092640493424719139e-01,9.621490828893917158e-01,1.148462616629071675e+00,1.148465943445816873e+00,9.621594522614025369e-01,6.092825933367564950e-01,2.020334890213006940e-01,-1.826027935199967533e-01,-5.087221801523073017e-01,-7.667917636801433456e-01,-9.609809716993155115e-01,-1.101257631345128996e+00,-1.199028537788725091e+00,-1.264952395111235361e+00,-1.308003222141877142e+00,-1.335229433800061205e+00,-1.351877545590708163e+00,-1.361680267137098221e+00,-1.367189605212533188e+00,-1.370088888719503517e+00,-1.371453119966253631e+00,-1.371949442733064295e+00,-1.371982054642002513e+00,-1.371791479667927138e+00,-1.371519364530198404e+00,-1.371248883063895807e+00,-1.371028801280548048e+00,-1.370887130345315175e+00,-1.370838405127017268e+00,-1.000000000000000000e+00,-1.000000000000000000e+00,-1.000000000000000000e+00,-1.000000000000000000e+00,-1.000000000000000000e+00,-1.000000000000000000e+00,-1.000000000000000000e+00,-1.000000000000000000e+00,-1.000000000000000000e+00,-1.000000000000000000e+00,-1.000000000000000000e+00,-1.000000000000000000e+00,-1.000000000000000000e+00,-1.000000000000000000e+00,-1.000000000000000000e+00,-1.000000000000000000e+00,-1.000000000000000000e+00,-1.000000000000000000e+00,-1.000000000000000000e+00,-1.000000000000000000e+00,-1.000000000000000000e+00,-1.000000000000000000e+00,-1.000000000000000000e+00,-1.000000000000000000e+00,-1.000000000000000000e+00,-1.000000000000000000e+00,-1.000000000000000000e+00,-1.000000000000000000e+00,-1.000000000000000000e+00,-1.000000000000000000e+00,-1.000000000000000000e+00,-1.000000000000000000e+00,-1.000000000000000000e+00,-1.000000000000000000e+00,-1.000000000000000000e+00,-1.000000000000000000e+00,-1.000000000000000000e+00,-1.000000000000000000e+00,-1.000000000000000000e+00,-1.000000000000000000e+00,-1.000000000000000000e+00,-1.000000000000000000e+00,-1.000000000000000000e+00,-1.000000000000000000e+00,-1.000000000000000000e+00,-1.000000000000000000e+00
-1.000000000000000000e+00,-1.000000000000000000e+00,-1.000000000000000000e+00,-1.000000000000000000e+00,-1.000000000000000000e+00,-1.000000000000000000e+00,-1.000000000000000000e+00,-1.000000000000000000e+00,-1.000000000000000000e+00,-1.000000000000000000e+00,-1.000000000000000000e+00,-1.000000000000000000e+00,-1.000000000000000000e+00,-1.000000000000000000e+00,-1.000000000000000000e+00,-1.000000000000000000e+00,-1.000000000000000000e+00,-1.000000000000000000e+00,-1.000000000000000000e+00,-1.000000000000000000e+00,-1.000000000000000000e+00,-1.000000000000000000e+00,-1.000000000000000000e+00,-1.000000000000000000e+00,-1.000000000000000000e+00,-1.000000000000000000e+00,-1.000000000000000000e+00,-1.000000000000000000e+00,-1.000000000000000000e+00,-1.000000000000000000e+00,-1.000000000000000000e+00,-1.000000000000000000e+00,-1.000000000000000000e+00,-1.000000000000000000e+00,-1.000000000000000000e+00,-1.000000000000000000e+00,-1.000000000000000000e+00,-1.000000000000000000e+00,-1.000000000000000000e+00,-1.000000000000000000e+00,-1.000000000000000000e+00,-1.000000000000000000e+00,-1.000000000000000000e+00,-1.000000000000000000e+00,-1.000000000000000000e+00,-1.000000000000000000e+00,-1.369897245680820053e+00,-1.369953565071394763e+00,-1.370117584975895753e+00,-1.370373520952811841e+00,-1.370691420190750520e+00,-1.371020054497274820e+00,-1.371273488690084585e+00,-1.371307247393618312e+00,-1.370878130175861243e+00,-1.369579600493219695e+00,-1.366742651258833430e+00,-1.361290978339503299e+00,-1.351540546991544689e+00,-1.334939234939132913e+00,-1.307754769870633105e+00,-1.264741558948711653e+00,-1.198852502201344761e+00,-1.101115152363727701e+00,-9.608724386590060673e-01,-7.667189837977267386e-01,-5.086877887298163481e-01,-1.826091974643634375e-01,2.019856848960794871e-01,6.091966198431011392e-01,9.620445564219546331e-01,1.148338625158284998e+00,1.148343247823115920e+00,9.620589190620816300e-01,6.092221734708320735e-01,2.020247295503865281e-01,-1.825535872025327855e-01,-5.086117823670316396e-01,-7.666179659783631806e-01,-9.607409607594984413e-01,-1.100946891945692840e+00,-1.198640261237002624e+00,-1.264477328319453919e+00,-1.307429883575970120e+00,-1.334544629589755171e+00,-1.351067134140166104e+00,-1.360730128476695056e+00,-1.366086769834443659e+00,-1.368822768859127681e+00,-1.370016763959996720e+00,-1.370340713975526814e+00,-1.370204619142801450e+00,-1.369855483642621774e+00,-1.369441696250500051e+00,-1.369052944846405051e+00,-1.368743762934920172e+00,-1.368546694956568777e+00,-1.368479171900037317e+00,-1.000000000000000000e+00,-1.000000000000000000e+00,-1.000000000000000000e+00,-1.000000000000000000e+00,-1.000000000000000000e+00,-1.000000000000000000e+00,-1.000000000000000000e+00,-1.000000000000000000e+00,-1.000000000000000000e+00,-1.000000000000000000e+00,-1.000000000000000000e+00,-1.000000000000000000e+00,-1.000000000000000000e+00,-1.000000000000000000e+00,-1.000000000000000000e+00,-1.000000000000000000e+00,-1.000000000000000000e+00,-1.000000000000000000e+00,-1.000000000000000000e+00,-1.000000000000000000e+00,-1.000000000000000000e+00,-1.000000000000000000e+00,-1.000000000000000000e+00,-1.000000000000000000e+00,-1.000000000000000000e+00,-1.000000000000000000e+00,-1.000000000000000000e+00,-1.000000000000000000e+00,-1.000000000000000000e+00,-1.000000000000000000e+00,-1.000000000000000000e+00,-1.000000000000000000e+00,-1.000000000000000000e+00,-1.000000000000000000e+00,-1.000000000000000000e+00,-1.000000000000000000e+00,-1.000000000000000000e+00,-1.000000000000000000e+00,-1.000000000000000000e+00,-1.000000000000000000e+00,-1.000000000000000000e+00,-1.000000000000000000e+00,-1.000000000000000000e+00,-1.000000000000000000e+00,-1.000000000000000000e+00,-1.000000000000000000e+00
-1.000000000000000000e+00,-1.000000000000000000e+00,-1.000000000000000000e+00,-1.000000000000000000e+00,-1.000000000000000000e+00,-1.000000000000000000e+00,-1.000000000000000000e+00,-1.000000000000000000e+00,-1.000000000000000000e+00,-1.000000000000000000e+00,-1.000000000000000000e+00,-1.000000000000000000e+00,-1.000000000000000000e+00,-1.000000000000000000e+00,-1.000000000000000000e+00,-1.000000000000000000e+00,-1.000000000000000000e+00,-1.000000000000000000e+00,-1.000000000000000000e+00,-1.000000000000000000e+00,-1.000000000000000000e+00,-1.000000000000000000e+00,-1.000000000000000000e+00,-1.000000000000000000e+00,-1.000000000000000000e+00,-1.000000000000000000e+00,-1.000000000000000000e+00,-1.000000000000000000e+00,-1.000000000000000000e+00,-1.000000000000000000e+00,-1.000000000000000000e+00,-1.000000000000000000e+00,-1.000000000000000000e+00,-1.000000000000000000e+00,-1.000000000000000000e+00,-1.000000000000000000e+00,-1.000000000000000000e+00,-1.000000000000000000e+00,-1.000000000000000000e+00,-1.000000000000000000e+00,-1.000000000000000000e+00,-1.000000000000000000e+00,-1.000000000000000000e+00,-1.000000000000000000e+00,-1.000000000000000000e+00,-1.000000000000000000e+00,-1.367216601857029534e+00,-1.367295040942887452e+00,-1.367524227379891322e+00,-1.367884909372361735e+00,-1.368341710457886107e+00,-1.368836508241195293e+00,-1.369275593029573024e+00,-1.369506461111734685e+00,-1.369278220648129984e+00,-1.368177479895518411e+00,-1.365529581512202606e+00,-1.360253998370715589e+00,-1.350663981046790862e+00,-1.334206164769383474e+00,-1.307148380062188142e+00,-1.264246294250018332e+00,-1.198454994407274432e+00,-1.100804873068063294e+00,-9.606420209585133652e-01,-7.665641259125782758e-01,-5.086066178271844151e-01,-1.826009476548116073e-01,2.019228301348072740e-01,6.090685999169418441e-01,9.618651558984290251e-01,1.148132108743931568e+00,1.148138410825217282e+00,9.618846973135581901e-01,6.091032564073148858e-01,2.019756198285456161e-01,-1.825259206199656425e-01,-5.085041559093281816e-01,-7.664278789811301840e-01,-9.604644098758121640e-01,-1.100577030374743748e+00,-1.198166762895832349e+00,-1.263886319375418177e+00,-1.306704329872443004e+00,-1.333665099828224454e+00,-1.350012885752101877e+00,-1.359480473309871096e+00,-1.364622669381579723e+00,-1.367128584842302708e+00,-1.368082053585647273e+00,-1.368161926653904681e+00,-1.367786524589382768e+00,-1.367212156863435668e+00,-1.366596904148077440e+00,-1.366039825400200414e+00,-1.365603755510609307e+00,-1.365327765461500809e+00,-1.365233456750157170e+00,-1.000000000000000000e+00,-1.000000000000000000e+00,-1.000000000000000000e+00,-1.000000000000000000e+00,-1.000000000000000000e+00,-1.000000000000000000e+00,-1.000000000000000000e+00,-1.000000000000000000e+00,-1.000000000000000000e+00,-1.000000000000000000e+00,-1.000000000000000000e+00,-1.000000000000000000e+00,-1.000000000000000000e+00,-1.000000000000000000e+00,-1.000000000000000000e+00,-1.000000000000000000e+00,-1.000000000000000000e+00,-1.000000000000000000e+00,-1.000000000000000000e+00,-1.000000000000000000e+00,-1.000000000000000000e+00,-1.000000000000000000e+00,-1.000000000000000000e+00,-1.000000000000000000e+00,-1.000000000000000000e+00,-1.000000000000000000e+00,-1.000000000000000000e+00,-1.000000000000000000e+00,-1.000000000000000000e+00,-1.000000000000000000e+00,-1.000000000000000000e+00,-1.000000000000000000e+00,-1.000000000000000000e+00,-1.000000000000000000e+00,-1.000000000000000000e+00,-1.000000000000000000e+00,-1.000000000000000000e+00,-1.000000000000000000e+00,-1.000000000000000000e+00,-1.000000000000000000e+00,-1.000000000000000000e+00,-1.000000000000000000e+00,-1.000000000000000000e+00,-1.000000000000000000e+00,-1.000000000000000000e+00,-1.000000000000000000e+00
-1.000000000000000000e+00,-1.000000000000000000e+00,-1.000000000000000000e+00,-1.000000000000000000e+00,-1.000000000000000000e+00,-1.000000000000000000e+00,-1.000000000000000000e+00,-1.000000000000000000e+00,-1.000000000000000000e+00,-1.000000000000000000e+00,-1.000000000000000000e+00,-1.000000000000000000e+00,-1.000000000000000000e+00,-1.000000000000000000e+00,-1.000000000000000000e+00,-1.000000000000000000e+00,-1.000000000000000000e+00,-1.000000000000000000e+00,-1.000000000000000000e+00,-1.000000000000000000e+00,-1.000000000000000000e+00,-1.000000000000000000e+00,-1.000000000000000000e+00,-1.000000000000000000e+00,-1.000000000000000000e+00,-1.000000000000000000e+00,-1.000000000000000000e+00,-1.000000000000000000e+00,-1.000000000000000000e+00,-1.000000000000000000e+00,-1.000000000000000000e+00,-1.000000000000000000e+00,-1.000000000000000000e+00,-1.000000000000000000e+00,-1.000000000000000000e+00,-1.000000000000000000e+00,-1.000000000000000000e+00,-1.000000000000000000e+00,-1.000000000000000000e+00,-1.000000000000000000e+00,-1.000000000000000000e+00,-1.000000000000000000e+00,-1.000000000000000000e+00,-1.000000000000000000e+00,-1.000000000000000000e+00,-1.000000000000000000e+00,-1.363548169435945923e+00,-1.363657932670417017e+00,-1.363979387770555274e+00,-1.364488328922062177e+00,-1.365141629997755013e+00,-1.365871317207233204e+00,-1.366572573343872721e+00,-1.367081429602038822e+00,-1.367136020451516387e+00,-1.366313187524252903e+00,-1.363930239919139975e+00,-1.358900663968656497e+00,-1.349533878923359298e+00,-1.333274782450931673e+00,-1.306391375769463403e+00,-1.263641141011706104e+00,-1.197982314244586233e+00,-1.100449420056914596e+00,-9.603932478581739263e-01,-7.664162161391172567e-01,-5.085577857901437682e-01,-1.826517229739541559e-01,2.017727042418502315e-01,6.088250188187125378e-01,9.615461182989035738e-01,1.147772926478305866e+00,1.147781384421844741e+00,9.615723126216049188e-01,6.088713863495993639e-01,2.018432155250295956e-01,-1.825515923951054331e-01,-5.084210093815716425e-01,-7.662341138701095344e-01,-9.601553695327260662e-01,-1.100143459766583343e+00,-1.197594109213171221e+00,-1.263154803187262587e+00,-1.305789603367508045e+00,-1.332539382921867466e+00,-1.348646520694370077e+00,-1.357843855114676757e+00,-1.362688495145698564e+00,-1.364874324628867708e+00,-1.365492489697474721e+00,-1.365231557032460907e+00,-1.364521587206830144e+00,-1.363632025679802240e+00,-1.362734636259755439e+00,-1.361941705904893052e+00,-1.361327784352010628e+00,-1.360941149479583112e+00,-1.360809284752673376e+00,-1.000000000000000000e+00,-1.000000000000000000e+00,-1.000000000000000000e+00,-1.000000000000000000e+00,-1.000000000000000000e+00,-1.000000000000000000e+00,-1.000000000000000000e+00,-1.000000000000000000e+00,-1.000000000000000000e+00,-1.000000000000000000e+00,-1.000000000000000000e+00,-1.000000000000000000e+00,-1.000000000000000000e+00,-1.000000000000000000e+00,-1.000000000000000000e+00,-1.000000000000000000e+00,-1.000000000000000000e+00,-1.000000000000000000e+00,-1.000000000000000000e+00,-1.000000000000000000e+00,-1.000000000000000000e+00,-1.000000000000000000e+00,-1.000000000000000000e+00,-1.000000000000000000e+00,-1.000000000000000000e+00,-1.000000000000000000e+00,-1.000000000000000000e+00,-1.000000000000000000e+00,-1.000000000000000000e+00,-1.000000000000000000e+00,-1.000000000000000000e+00,-1.000000000000000000e+00,-1.000000000000000000e+00,-1.000000000000000000e+00,-1.000000000000000000e+00,-1.000000000000000000e+00,-1.000000000000000000e+00,-1.000000000000000000e+00,-1.000000000000000000e+00,-1.000000000000000000e+00,-1.000000000000000000e+00,-1.000000000000000000e+00,-1.000000000000000000e+00,-1.000000000000000000e+00,-1.000000000000000000e+00,-1.000000000000000000e+00
-1.000000000000000000e+00,-1.000000000000000000e+00,-1.000000000000000000e+00,-1.000000000000000000e+00,-1.000000000000000000e+00,-1.000000000000000000e+00,-1.000000000000000000e+00,-1.000000000000000000e+00,-1.000000000000000000e+00,-1.000000000000000000e+00,-1.000000000000000000e+00,-1.000000000000000000e+00,-1.000000000000000000e+00,-1.000000000000000000e+00,-1.000000000000000000e+00,-1.000000000000000000e+00,-1.000000000000000000e+00,-1.000000000000000000e+00,-1.000000000000000000e+00,-1.000000000000000000e+00,-1.000000000000000000e+00,-1.000000000000000000e+00,-1.000000000000000000e+00,-1.000000000000000000e+00,-1.000000000000000000e+00,-1.000000000000000000e+00,-1.000000000000000000e+00,-1.000000000000000000e+00,-1.000000000000000000e+00,-1.000000000000000000e+00,-1.000000000000000000e+00,-1.000000000000000000e+00,-1.000000000000000000e+00,-1.000000000000000000e+00,-1.000000000000000000e+00,-1.000000000000000000e+00,-1.000000000000000000e+00,-1.000000000000000000e+00,-1.000000000000000000e+00,-1.000000000000000000e+00,-1.000000000000000000e+00,-1.000000000000000000e+00,-1.000000000000000000e+00,-1.000000000000000000e+00,-1.000000000000000000e+00,-1.000000000000000000e+00,-1.358582535662482105e+00,-1.358735896897373063e+00,-1.359185766183523825e+00,-1.359901015510011746e+00,-1.360827683391176546e+00,-1.361884011385046778e+00,-1.362949628496034737e+00,-1.363844501455593772e+00,-1.364291385072746277e+00,-1.363853437706545879e+00,-1.361836725851204744e+00,-1.357146378105074769e+00,-1.348086494824567660e+00,-1.332099606699272076e+00,-1.305454043072507897e+00,-1.262909952673556546e+00,-1.197430169250267351e+00,-1.100055298940840309e+00,-9.601431666901663053e-01,-7.663034725718048668e-01,-5.085821676170038108e-01,-1.828171539698466574e-01,2.014628289393707306e-01,6.083756607094599200e-01,9.609816661038386165e-01,1.147146721927370550e+00,1.147157919799944192e+00,9.610163222017427120e-01,6.084369456784002317e-01,2.015559627040159896e-01,-1.826848907710970638e-01,-5.084013331761707555e-01,-7.660623016963410414e-01,-9.598273993631070145e-01,-1.099648060729690568e+00,-1.196911972880238650e+00,-1.262258886903506738e+00,-1.304646212940077543e+00,-1.331109868512473149e+00,-1.346889510014541713e+00,-1.355717978607558827e+00,-1.360155536564376488e+00,-1.361902668522679605e+00,-1.362060655742148407e+00,-1.361331535834920059e+00,-1.360161639112019261e+00,-1.358838597333527964e+00,-1.357553094001457072e+00,-1.356435680898504748e+00,-1.355577061697746499e+00,-1.355038194907870253e+00,-1.354854658580373794e+00,-1.000000000000000000e+00,-1.000000000000000000e+00,-1.000000000000000000e+00,-1.000000000000000000e+00,-1.000000000000000000e+00,-1.000000000000000000e+00,-1.000000000000000000e+00,-1.000000000000000000e+00,-1.000000000000000000e+00,-1.000000000000000000e+00,-1.000000000000000000e+00,-1.000000000000000000e+00,-1.000000000000000000e+00,-1.000000000000000000e+00,-1.000000000000000000e+00,-1.000000000000000000e+00,-1.000000000000000000e+00,-1.000000000000000000e+00,-1.000000000000000000e+00,-1.000000000000000000e+00,-1.000000000000000000e+00,-1.000000000000000000e+00,-1.000000000000000000e+00,-1.000000000000000000e+00,-1.000000000000000000e+00,-1.000000000000000000e+00,-1.000000000000000000e+00,-1.000000000000000000e+00,-1.000000000000000000e+00,-1.000000000000000000e+00,-1.000000000000000000e+00,-1.000000000000000000e+00,-1.000000000000000000e+00,-1.000000000000000000e+00,-1.000000000000000000e+00,-1.000000000000000000e+00,-1.000000000000000000e+00,-1.000000000000000000e+00,-1.000000000000000000e+00,-1.000000000000000000e+00,-1.000000000000000000e+00,-1.000000000000000000e+00,-1.000000000000000000e+00,-1.000000000000000000e+00,-1.000000000000000000e+00,-1.000000000000000000e+00
-1.000000000000000000e+00,-1.000000000000000000e+00,-1.000000000000000000e+00,-1.000000000000000000e+00,-1.000000000000000000e+00,-1.000000000000000000e+00,-1.000000000000000000e+00,-1.000000000000000000e+00,-1.000000000000000000e+00,-1.000000000000000000e+00,-1.000000000000000000e+00,-1.000000000000000000e+00,-1.000000000000000000e+00,-1.000000000000000000e+00,-1.000000000000000000e+00,-1.000000000000000000e+00,-1.000000000000000000e+00,-1.000000000000000000e+00,-1.000000000000000000e+00,-1.000000000000000000e+00,-1.000000000000000000e+00,-1.000000000000000000e+00,-1.000000000000000000e+00,-1.000000000000000000e+00,-1.000000000000000000e+00,-1.000000000000000000e+00,-1.000000000000000000e+00,-1.000000000000000000e+00,-1.000000000000000000e+00,-1.000000000000000000e+00,-1.000000000000000000e+00,-1.000000000000000000e+00,-1.000000000000000000e+00,-1.000000000000000000e+00,-1.000000000000000000e+00,-1.000000000000000000e+00,-1.000000000000000000e+00,-1.000000000000000000e+00,-1.000000000000000000e+00,-1.000000000000000000e+00,-1.000000000000000000e+00,-1.000000000000000000e+00,-1.000000000000000000e+00,-1.000000000000000000e+00,-1.000000000000000000e+00,-1.000000000000000000e+00,-1.351956633341033109e+00,-1.352169464560845746e+00,-1.352794507203449070e+00,-1.353791212476099570e+00,-1.355090852271255475e+00,-1.356592847693885773e+00,-1.358155549235875448e+00,-1.359576902352058525e+00,-1.360558541545113798e+00,-1.360644810130240412e+00,-1.359126308693713980e+00,-1.354896679743743393e+00,-1.346252748473242278e+00,-1.330633879589357527e+00,-1.304309012080506092e+00,-1.262042219124016817e+00,-1.196803055567292828e+00,-1.099641083846233158e+00,-9.599246421594297418e-01,-7.662745382021798335e-01,-5.087469086068787671e-01,-1.831864775699252323e-01,2.008783706707479855e-01,6.075785172284084990e-01,9.600058412964480592e-01,1.146074300193029583e+00,1.146088943380727532e+00,9.600511456440672386e-01,6.076586016840459514e-01,2.010000732538570478e-01,-1.830135326655918382e-01,-5.085101371199742815e-01,-7.659581546861232715e-01,-9.595094182665525606e-01,-1.099104188548186478e+00,-1.196118067854696987e+00,-1.261179403489948392e+00,-1.303235941311943868e+00,-1.329316463034273754e+00,-1.344656694906720240e+00,-1.352989375835043973e+00,-1.356879034000301854e+00,-1.358035157705736129e+00,-1.357572854179793342e+00,-1.356212503865272812e+00,-1.354422533455834188e+00,-1.352515200633597869e+00,-1.350706728159289494e+00,-1.349152247812217764e+00,-1.347964142303936352e+00,-1.347220348324261741e+00,-1.346967264078362092e+00,-1.000000000000000000e+00,-1.000000000000000000e+00,-1.000000000000000000e+00,-1.000000000000000000e+00,-1.000000000000000000e+00,-1.000000000000000000e+00,-1.000000000000000000e+00,-1.000000000000000000e+00,-1.000000000000000000e+00,-1.000000000000000000e+00,-1.000000000000000000e+00,-1.000000000000000000e+00,-1.000000000000000000e+00,-1.000000000000000000e+00,-1.000000000000000000e+00,-1.000000000000000000e+00,-1.000000000000000000e+00,-1.000000000000000000e+00,-1.000000000000000000e+00,-1.000000000000000000e+00,-1.000000000000000000e+00,-1.000000000000000000e+00,-1.000000000000000000e+00,-1.000000000000000000e+00,-1.000000000000000000e+00,-1.000000000000000000e+00,-1.000000000000000000e+00,-1.000000000000000000e+00,-1.000000000000000000e+00,-1.000000000000000000e+00,-1.000000000000000000e+00,-1.000000000000000000e+00,-1.000000000000000000e+00,-1.000000000000000000e+00,-1.000000000000000000e+00,-1.000000000000000000e+00,-1.000000000000000000e+00,-1.000000000000000000e+00,-1.000000000000000000e+00,-1.000000000000000000e+00,-1.000000000000000000e+00,-1.000000000000000000e+00,-1.000000000000000000e+00,-1.000000000000000000e+00,-1.000000000000000000e+00,-1.000000000000000000e+00
-1.000000000000000000e+00,-1.000000000000000000e+00,-1.000000000000000000e+00,-1.000000000000000000e+00,-1.000000000000000000e+00,-1.000000000000000000e+00,-1.000000000000000000e+00,-1.000000000000000000e+00,-1.000000000000000000e+00,-1.000000000000000000e+00,-1.000000000000000000e+00,-1.000000000000000000e+00,-1.000000000000000000e+00,-1.000000000000000000e+00,-1.000000000000000000e+00,-1.000000000000000000e+00,-1.000000000000000000e+00,-1.000000000000000000e+00,-1.000000000000000000e+00,-1.000000000000000000e+00,-1.000000000000000000e+00,-1.000000000000000000e+00,-1.000000000000000000e+00,-1.000000000000000000e+00,-1.000000000000000000e+00,-1.000000000000000000e+00,-1.000000000000000000e+00,-1.000000000000000000e+00,-1.000000000000000000e+00,-1.000000000000000000e+00,-1.000000000000000000e+00,-1.000000000000000000e+00,-1.000000000000000000e+00,-1.000000000000000000e+00,-1.000000000000000000e+00,-1.000000000000000000e+00,-1.000000000000000000e+00,-1.000000000000000000e+00,-1.000000000000000000e+00,-1.000000000000000000e+00,-1.000000000000000000e+00,-1.000000000000000000e+00,-1.000000000000000000e+00,-1.000000000000000000e+00,-1.000000000000000000e+00,-1.000000000000000000e+00,-1.343270453307561452e+00,-1.343562527901705828e+00,-1.344421037210295600e+00,-1.345793007385706064e+00,-1.347590187418187924e+00,-1.349687033812905890e+00,-1.351913564999382089e+00,-1.354038289827487640e+00,-1.355734502523322504e+00,-1.356521211975012742e+00,-1.355668137577912491e+00,-1.352053393512454571e+00,-1.343963991941931724e+00,-1.328835113246388477e+00,-1.302936741920278418e+00,-1.261038662652996356e+00,-1.196120176467710516e+00,-1.099243938307292279e+00,-9.597938562130083895e-01,-7.664074532974243237e-01,-5.091564773137308153e-01,-1.838963457073530261e-01,1.998449607472898570e-01,6.062189300344247300e-01,9.583683653954764292e-01,1.144285664646612855e+00,1.144304590644859232e+00,9.584269158164540059e-01,6.063224324254936626e-01,2.000023183046641950e-01,-1.836725132139103156e-01,-5.088495649239368479e-01,-7.659965303570668294e-01,-9.592533404798558871e-01,-1.098543395346293750e+00,-1.195224363274722368e+00,-1.259907936878964074e+00,-1.301527945555067234e+00,-1.327103005029884653e+00,-1.341863257100405882e+00,-1.349541189800883334e+00,-1.352707058086686454e+00,-1.353082470350345901e+00,-1.351801080433120195e+00,-1.349607754503118429e+00,-1.347000256737877599e+00,-1.344323357849792622e+00,-1.341826811410389286e+00,-1.339697848937189129e+00,-1.338077029260939188e+00,-1.337064268087209129e+00,-1.336719931299379382e+00,-1.000000000000000000e+00,-1.000000000000000000e+00,-1.000000000000000000e+00,-1.000000000000000000e+00,-1.000000000000000000e+00,-1.000000000000000000e+00,-1.000000000000000000e+00,-1.000000000000000000e+00,-1.000000000000000000e+00,-1.000000000000000000e+00,-1.000000000000000000e+00,-1.000000000000000000e+00,-1.000000000000000000e+00,-1.000000000000000000e+00,-1.000000000000000000e+00,-1.000000000000000000e+00,-1.000000000000000000e+00,-1.000000000000000000e+00,-1.000000000000000000e+00,-1.000000000000000000e+00,-1.000000000000000000e+00,-1.000000000000000000e+00,-1.000000000000000000e+00,-1.000000000000000000e+00,-1.000000000000000000e+00,-1.000000000000000000e+00,-1.000000000000000000e+00,-1.000000000000000000e+00,-1.000000000000000000e+00,-1.000000000000000000e+00,-1.000000000000000000e+00,-1.000000000000000000e+00,-1.000000000000000000e+00,-1.000000000000000000e+00,-1.000000000000000000e+00,-1.000000000000000000e+00,-1.000000000000000000e+00,-1.000000000000000000e+00,-1.000000000000000000e+00,-1.000000000000000000e+00,-1.000000000000000000e+00,-1.000000000000000000e+00,-1.000000000000000000e+00,-1.000000000000000000e+00,-1.000000000000000000e+00,-1.000000000000000000e+00
-1.000000000000000000e+00,-1.000000000000000000e+00,-1.000000000000000000e+00,-1.000000000000000000e+00,-1.000000000000000000e+00,-1.000000000000000000e+00,-1.000000000000000000e+00,-1.000000000000000000e+00,-1.000000000000000000e+00,-1.000000000000000000e+00,-1.000000000000000000e+00,-1.000000000000000000e+00,-1.000000000000000000e+00,-1.000000000000000000e+00,-1.000000000000000000e+00,-1.000000000000000000e+00,-1.000000000000000000e+00,-1.000000000000000000e+00,-1.000000000000000000e+00,-1.000000000000000000e+00,-1.000000000000000000e+00,-1.000000000000000000e+00,-1.000000000000000000e+00,-1.000000000000000000e+00,-1.000000000000000000e+00,-1.000000000000000000e+00,-1.000000000000000000e+00,-1.000000000000000000e+00,-1.000000000000000000e+00,-1.000000000000000000e+00,-1.000000000000000000e+00,-1.000000000000000000e+00,-1.000000000000000000e+00,-1.000000000000000000e+00,-1.000000000000000000e+00,-1.000000000000000000e+00,-1.000000000000000000e+00,-1.000000000000000000e+00,-1.000000000000000000e+00,-1.000000000000000000e+00,-1.000000000000000000e+00,-1.000000000000000000e+00,-1.000000000000000000e+00,-1.000000000000000000e+00,-1.000000000000000000e+00,-1.000000000000000000e+00,-1.332121860788804790e+00,-1.332516694391804313e+00,-1.333678079728836341e+00,-1.335537268166502756e+00,-1.337981121037839172e+00,-1.340852095993243509e+00,-1.343943667000045084e+00,-1.346986120808335796e+00,-1.349615709817616693e+00,-1.351318121119700510e+00,-1.351335453382453533e+00,-1.348525187913100165e+00,-1.341161277482451286e+00,-1.326673408720029368e+00,-1.301333215589046022e+00,-1.259918635334847492e+00,-1.195422897683389385e+00,-1.098927546143737111e+00,-9.598392274769798060e-01,-7.668201949975322895e-01,-5.099655726664029665e-01,-1.851469083809259564e-01,1.981087120976556815e-01,6.039853530108287849e-01,9.557066110539109705e-01,1.141389890679330943e+00,1.141414074374809573e+00,9.557814331235301442e-01,6.041176571695026087e-01,1.983099940716988030e-01,-1.848602663872317420e-01,-5.095719167752171819e-01,-7.662921409214886737e-01,-9.591432424994904560e-01,-1.098023718693456718e+00,-1.194265050991228039e+00,-1.258454944654776142e+00,-1.299507465690839192e+00,-1.324426979793231762e+00,-1.338435876496144150e+00,-1.345266244349521356e+00,-1.347495993662534808e+00,-1.346862836622169990e+00,-1.344524865492800147e+00,-1.341258927622691388e+00,-1.337600761069376754e+00,-1.333936839317072298e+00,-1.330559539545518088e+00,-1.327696550131135966e+00,-1.325523668509074771e+00,-1.324168122213509768e+00,-1.323707553534507753e+00,-1.000000000000000000e+00,-1.000000000000000000e+00,-1.000000000000000000e+00,-1.000000000000000000e+00,-1.000000000000000000e+00,-1.000000000000000000e+00,-1.000000000000000000e+00,-1.000000000000000000e+00,-1.000000000000000000e+00,-1.000000000000000000e+00,-1.000000000000000000e+00,-1.000000000000000000e+00,-1.000000000000000000e+00,-1.000000000000000000e+00,-1.000000000000000000e+00,-1.000000000000000000e+00,-1.000000000000000000e+00,-1.000000000000000000e+00,-1.000000000000000000e+00,-1.000000000000000000e+00,-1.000000000000000000e+00,-1.000000000000000000e+00,-1.000000000000000000e+00,-1.000000000000000000e+00,-1.000000000000000000e+00,-1.000000000000000000e+00,-1.000000000000000000e+00,-1.000000000000000000e+00,-1.000000000000000000e+00,-1.000000000000000000e+00,-1.000000000000000000e+00,-1.000000000000000000e+00,-1.000000000000000000e+00,-1.000000000000000000e+00,-1.000000000000000000e+00,-1.000000000000000000e+00,-1.000000000000000000e+00,-1.000000000000000000e+00,-1.000000000000000000e+00,-1.000000000000000000e+00,-1.000000000000000000e+00,-1.000000000000000000e+00,-1.000000000000000000e+00,-1.000000000000000000e+00,-1.000000000000000000e+00,-1.000000000000000000e+00
-1.000000000000000000e+00,-1.000000000000000000e+00,-1.000000000000000000e+00,-1.000000000000000000e+00,-1.000000000000000000e+00,-1.000000000000000000e+00,-1.000000000000000000e+00,-1.000000000000000000e+00,-1.000000000000000000e+00,-1.000000000000000000e+00,-1.000000000000000000e+00,-1.000000000000000000e+00,-1.000000000000000000e+00,-1.000000000000000000e+00,-1.000000000000000000e+00,-1.000000000000000000e+00,-1.000000000000000000e+00,-1.000000000000000000e+00,-1.000000000000000000e+00,-1.000000000000000000e+00,-1.000000000000000000e+00,-1.000000000000000000e+00,-1.000000000000000000e+00,-1.000000000000000000e+00,-1.000000000000000000e+00,-1.000000000000000000e+00,-1.000000000000000000e+00,-1.000000000000000000e+00,-1.000000000000000000e+00,-1.000000000000000000e+00,-1.000000000000000000e+00,-1.000000000000000000e+00,-1.000000000000000000e+00,-1.000000000000000000e+00,-1.000000000000000000e+00,-1.000000000000000000e+00,-1.000000000000000000e+00,-1.000000000000000000e+00,-1.000000000000000000e+00,-1.000000000000000000e+00,-1.000000000000000000e+00,-1.000000000000000000e+00,-1.000000000000000000e+00,-1.000000000000000000e+00,-1.000000000000000000e+00,-1.000000000000000000e+00,-1.318164574071615691e+00,-1.318688496926817111e+00,-1.320230635768051553e+00,-1.322703145435828676e+00,-1.325962553943921929e+00,-1.329811970317646974e+00,-1.333999475789041433e+00,-1.338207378543565529e+00,-1.342024945942148717e+00,-1.344895171763424546e+00,-1.346024429278613876e+00,-1.344243282780845927e+00,-1.337808533537440558e+00,-1.324142671034683527e+00,-1.299519731049441074e+00,-1.258729003914456301e+00,-1.194783251167438110e+00,-1.098790800385570199e+00,-9.601909270667029483e-01,-7.676817606117752879e-01,-5.113926105806015920e-01,-1.872185777799667550e-01,1.953154139333543871e-01,6.004441439204324382e-01,9.515164862356098041e-01,1.136843864093536549e+00,1.136874414136405331e+00,9.516110216354203288e-01,6.006113767560681271e-01,1.955700346158026903e-01,-1.868555531494181521e-01,-5.108933190220807941e-01,-7.670109027374119037e-01,-9.593052613594593714e-01,-1.097638914219966955e+00,-1.193305813454879738e+00,-1.256859703735738298e+00,-1.297187068555398337e+00,-1.321272694607648734e+00,-1.334328509351904168e+00,-1.340086145616480540e+00,-1.341133724087643087e+00,-1.339230072313668085e+00,-1.335564875796128037e+00,-1.330955765332902718e+00,-1.325986246307753413e+00,-1.321094530401750067e+00,-1.316625152266563958e+00,-1.312854651535447559e+00,-1.310000858418557401e+00,-1.308223241911472767e+00,-1.307619684409508043e+00,-1.000000000000000000e+00,-1.000000000000000000e+00,-1.000000000000000000e+00,-1.000000000000000000e+00,-1.000000000000000000e+00,-1.000000000000000000e+00,-1.000000000000000000e+00,-1.000000000000000000e+00,-1.000000000000000000e+00,-1.000000000000000000e+00,-1.000000000000000000e+00,-1.000000000000000000e+00,-1.000000000000000000e+00,-1.000000000000000000e+00,-1.000000000000000000e+00,-1.000000000000000000e+00,-1.000000000000000000e+00,-1.000000000000000000e+00,-1.000000000000000000e+00,-1.000000000000000000e+00,-1.000000000000000000e+00,-1.000000000000000000e+00,-1.000000000000000000e+00,-1.000000000000000000e+00,-1.000000000000000000e+00,-1.000000000000000000e+00,-1.000000000000000000e+00,-1.000000000000000000e+00,-1.000000000000000000e+00,-1.000000000000000000e+00,-1.000000000000000000e+00,-1.000000000000000000e+00,-1.000000000000000000e+00,-1.000000000000000000e+00,-1.000000000000000000e+00,-1.000000000000000000e+00,-1.000000000000000000e+00,-1.000000000000000000e+00,-1.000000000000000000e+00,-1.000000000000000000e+00,-1.000000000000000000e+00,-1.000000000000000000e+00,-1.000000000000000000e+00,-1.000000000000000000e+00,-1.000000000000000000e+00,-1.000000000000000000e+00
-1.000000000000000000e+00,-1.000000000000000000e+00,-1.000000000000000000e+00,-1.000000000000000000e+00,-1.000000000000000000e+00,-1.000000000000000000e+00,-1.000000000000000000e+00,-1.000000000000000000e+00,-1.000000000000000000e+00,-1.000000000000000000e+00,-1.000000000000000000e+00,-1.000000000000000000e+00,-1.000000000000000000e+00,-1.000000000000000000e+00,-1.000000000000000000e+00,-1.000000000000000000e+00,-1.000000000000000000e+00,-1.000000000000000000e+00,-1.000000000000000000e+00,-1.000000000000000000e+00,-1.000000000000000000e+00,-1.000000000000000000e+00,-1.000000000000000000e+00,-1.000000000000000000e+00,-1.000000000000000000e+00,-1.000000000000000000e+00,-1.000000000000000000e+00,-1.000000000000000000e+00,-1.000000000000000000e+00,-1.000000000000000000e+00,-1.000000000000000000e+00,-1.000000000000000000e+00,-1.000000000000000000e+00,-1.000000000000000000e+00,-1.000000000000000000e+00,-1.000000000000000000e+00,-1.000000000000000000e+00,-1.000000000000000000e+00,-1.000000000000000000e+00,-1.000000000000000000e+00,-1.000000000000000000e+00,-1.000000000000000000e+00,-1.000000000000000000e+00,-1.000000000000000000e+00,-1.000000000000000000e+00,-1.000000000000000000e+00,-1.301191837848181709e+00,-1.301871960264645800e+00,-1.303875335175806116e+00,-1.307092396051029448e+00,-1.311344769814048572e+00,-1.316389623639161677e+00,-1.321921181032410075e+00,-1.327563885991531745e+00,-1.332849429849005229e+00,-1.337167689944332105e+00,-1.339679950333335201e+00,-1.339182338421725627e+00,-1.333909426874916759e+00,-1.321274268463221269e+00,-1.297554128467415691e+00,-1.257553668149143711e+00,-1.194312440265490549e+00,-1.098975991827833232e+00,-9.610294767152407491e-01,-7.692219500880812522e-01,-5.137315091504033315e-01,-1.904866281942032558e-01,1.909924383643333279e-01,5.950176771476058946e-01,9.451272103134180647e-01,1.129925259568914875e+00,1.129963401753243613e+00,9.452452643519000386e-01,5.952266119129754340e-01,1.913108002008219177e-01,-1.900322391596903637e-01,-5.131057692771399115e-01,-7.683800920510347465e-01,-9.599167213276066368e-01,-1.097527382902611981e+00,-1.192453347766732952e+00,-1.255201214709778856e+00,-1.294619733010323070e+00,-1.317667390297968311e+00,-1.329542433958354142e+00,-1.333976231996137685e+00,-1.333570495110758092e+00,-1.330111355746403046e+00,-1.324828513929716234e+00,-1.318590256741825728e+00,-1.312038262192019911e+00,-1.305672483017076280e+00,-1.299898413570577782e+00,-1.295048517199128169e+00,-1.291387804873692424e+00,-1.289111318872685263e+00,-1.288338985542203385e+00,-1.000000000000000000e+00,-1.000000000000000000e+00,-1.000000000000000000e+00,-1.000000000000000000e+00,-1.000000000000000000e+00,-1.000000000000000000e+00,-1.000000000000000000e+00,-1.000000000000000000e+00,-1.000000000000000000e+00,-1.000000000000000000e+00,-1.000000000000000000e+00,-1.000000000000000000e+00,-1.000000000000000000e+00,-1.000000000000000000e+00,-1.000000000000000000e+00,-1.000000000000000000e+00,-1.000000000000000000e+00,-1.000000000000000000e+00,-1.000000000000000000e+00,-1.000000000000000000e+00,-1.000000000000000000e+00,-1.000000000000000000e+00,-1.000000000000000000e+00,-1.000000000000000000e+00,-1.000000000000000000e+00,-1.000000000000000000e+00,-1.000000000000000000e+00,-1.000000000000000000e+00,-1.000000000000000000e+00,-1.000000000000000000e+00,-1.000000000000000000e+00,-1.000000000000000000e+00,-1.000000000000000000e+00,-1.000000000000000000e+00,-1.000000000000000000e+00,-1.000000000000000000e+00,-1.000000000000000000e+00,-1.000000000000000000e+00,-1.000000000000000000e+00,-1.000000000000000000e+00,-1.000000000000000000e+00,-1.000000000000000000e+00,-1.000000000000000000e+00,-1.000000000000000000e+00,-1.000000000000000000e+00,-1.000000000000000000e+00
-1.000000000000000000e+00,-1.000000000000000000e+00,-1.000000000000000000e+00,-1.000000000000000000e+00,-1.000000000000000000e+00,-1.000000000000000000e+00,-1.000000000000000000e+00,-1.000000000000000000e+00,-1.000000000000000000e+00,-1.000000000000000000e+00,-1.000000000000000000e+00,-1.000000000000000000e+00,-1.000000000000000000e+00,-1.000000000000000000e+00,-1.000000000000000000e+00,-1.000000000000000000e+00,-1.000000000000000000e+00,-1.000000000000000000e+00,-1.000000000000000000e+00,-1.000000000000000000e+00,-1.000000000000000000e+00,-1.000000000000000000e+00,-1.000000000000000000e+00,-1.000000000000000000e+00,-1.000000000000000000e+00,-1.000000000000000000e+00,-1.000000000000000000e+00,-1.000000000000000000e+00,-1.000000000000000000e+00,-1.000000000000000000e+00,-1.000000000000000000e+00,-1.000000000000000000e+00,-1.000000000000000000e+00,-1.000000000000000000e+00,-1.000000000000000000e+00,-1.000000000000000000e+00,-1.000000000000000000e+00,-1.000000000000000000e+00,-1.000000000000000000e+00,-1.000000000000000000e+00,-1.000000000000000000e+00,-1.000000000000000000e+00,-1.000000000000000000e+00,-1.000000000000000000e+00,-1.000000000000000000e+00,-1.000000000000000000e+00,-1.281242923545085954e+00,-1.282103711007962721e+00,-1.284641503521786854e+00,-1.288724108726565065e+00,-1.294136036239561527e+00,-1.300584345399879549e+00,-1.307702947289619111e+00,-1.315049802790429823e+00,-1.322088838308678405e+00,-1.328146006090301645e+00,-1.332327192573363295e+00,-1.333385376042975690e+00,-1.329526714434280388e+00,-1.318151864902193049e+00,-1.295542081383774358e+00,-1.256522209072980623e+00,-1.194167669154198252e+00,-1.099674582840244552e+00,-9.625911833244584770e-01,-7.717371384100984999e-01,-5.173584303410014851e-01,-1.954294628810091528e-01,1.845385359895341804e-01,5.869720582320943070e-01,9.356872589663947082e-01,1.119717606903647855e+00,1.119764650118702409e+00,9.358328934403179478e-01,5.872299186049498854e-01,1.849317163473354064e-01,-1.948677948051626974e-01,-5.165842149006455442e-01,-7.706945939253220246e-01,-9.612122314626760922e-01,-1.097878852947726358e+00,-1.191863419455487350e+00,-1.253608474363929970e+00,-1.291912259874855140e+00,-1.313698789058275196e+00,-1.324149018748188134e+00,-1.326994709655634708e+00,-1.324855589093442809e+00,-1.319552568072581256e+00,-1.312364912537544281e+00,-1.304222015219536734e+00,-1.295833814051001287e+00,-1.287770594128357482e+00,-1.280505123983796345e+00,-1.274429568886292774e+00,-1.269857666110410843e+00,-1.267020093047012352e+00,-1.266058332393239727e+00,-1.000000000000000000e+00,-1.000000000000000000e+00,-1.000000000000000000e+00,-1.000000000000000000e+00,-1.000000000000000000e+00,-1.000000000000000000e+00,-1.000000000000000000e+00,-1.000000000000000000e+00,-1.000000000000000000e+00,-1.000000000000000000e+00,-1.000000000000000000e+00,-1.000000000000000000e+00,-1.000000000000000000e+00,-1.000000000000000000e+00,-1.000000000000000000e+00,-1.000000000000000000e+00,-1.000000000000000000e+00,-1.000000000000000000e+00,-1.000000000000000000e+00,-1.000000000000000000e+00,-1.000000000000000000e+00,-1.000000000000000000e+00,-1.000000000000000000e+00,-1.000000000000000000e+00,-1.000000000000000000e+00,-1.000000000000000000e+00,-1.000000000000000000e+00,-1.000000000000000000e+00,-1.000000000000000000e+00,-1.000000000000000000e+00,-1.000000000000000000e+00,-1.000000000000000000e+00,-1.000000000000000000e+00,-1.000000000000000000e+00,-1.000000000000000000e+00,-1.000000000000000000e+00,-1.000000000000000000e+00,-1.000000000000000000e+00,-1.000000000000000000e+00,-1.000000000000000000e+00,-1.000000000000000000e+00,-1.000000000000000000e+00,-1.000000000000000000e+00,-1.000000000000000000e+00,-1.000000000000000000e+00,-1.000000000000000000e+00
-1.000000000000000000e+00,-1.000000000000000000e+00,-1.000000000000000000e+00,-1.000000000000000000e+00,-1.000000000000000000e+00,-1.000000000000000000e+00,-1.000000000000000000e+00,-1.000000000000000000e+00,-1.000000000000000000e+00,-1.000000000000000000e+00,-1.000000000000000000e+00,-1.000000000000000000e+00,-1.000000000000000000e+00,-1.000000000000000000e+00,-1.000000000000000000e+00,-1.000000000000000000e+00,-1.000000000000000000e+00,-1.000000000000000000e+00,-1.000000000000000000e+00,-1.000000000000000000e+00,-1.000000000000000000e+00,-1.000000000000000000e+00,-1.000000000000000000e+00,-1.000000000000000000e+00,-1.000000000000000000e+00,-1.000000000000000000e+00,-1.000000000000000000e+00,-1.000000000000000000e+00,-1.000000000000000000e+00,-1.000000000000000000e+00,-1.000000000000000000e+00,-1.000000000000000000e+00,-1.000000000000000000e+00,-1.000000000000000000e+00,-1.000000000000000000e+00,-1.000000000000000000e+00,-1.000000000000000000e+00,-1.000000000000000000e+00,-1.000000000000000000e+00,-1.000000000000000000e+00,-1.000000000000000000e+00,-1.000000000000000000e+00,-1.000000000000000000e+00,-1.000000000000000000e+00,-1.000000000000000000e+00,-1.000000000000000000e+00,-1.258720762041444896e+00,-1.259779147250971398e+00,-1.262903063407059934e+00,-1.267939865590351323e+00,-1.274639039545059749e+00,-1.282658045091025878e+00,-1.291568277446363933e+00,-1.300855850435664873e+00,-1.309908705152827979e+00,-1.317978743438122713e+00,-1.324105788975224574e+00,-1.326989960531653523e+00,-1.324801631431428817e+00,-1.314925175599786389e+00,-1.293646305498184823e+00,-1.255815527805953735e+00,-1.194555060941560942e+00,-1.101128112788670288e+00,-9.651675861066982831e-01,-7.755886532758887730e-01,-5.227293040662481793e-01,-2.026253346995049442e-01,1.752279976909600911e-01,5.754222924214487112e-01,9.221705616077431333e-01,1.105117228162904031e+00,1.105174508730060623e+00,9.223479200896846919e-01,5.757364347219458001e-01,1.757072450731320679e-01,-2.019402961712415401e-01,-5.217844756759595359e-01,-7.743158331655458637e-01,-9.634838850927306408e-01,-1.098936288402294847e+00,-1.191745091838858128e+00,-1.252267792901941235e+00,-1.289236581696516337e+00,-1.309531417715391388e+00,-1.318312166907059657e+00,-1.319312369879092062e+00,-1.315175446935603620e+00,-1.307765846515556829e+00,-1.298422734961370173e+00,-1.288146816507200976e+00,-1.277724695334585769e+00,-1.267802280299726636e+00,-1.258921149221972069e+00,-1.251531176099047737e+00,-1.245990384086602454e+00,-1.242559883564152923e+00,-1.241398601411891400e+00,-1.000000000000000000e+00,-1.000000000000000000e+00,-1.000000000000000000e+00,-1.000000000000000000e+00,-1.000000000000000000e+00,-1.000000000000000000e+00,-1.000000000000000000e+00,-1.000000000000000000e+00,-1.000000000000000000e+00,-1.000000000000000000e+00,-1.000000000000000000e+00,-1.000000000000000000e+00,-1.000000000000000000e+00,-1.000000000000000000e+00,-1.000000000000000000e+00,-1.000000000000000000e+00,-1.000000000000000000e+00,-1.000000000000000000e+00,-1.000000000000000000e+00,-1.000000000000000000e+00,-1.000000000000000000e+00,-1.000000000000000000e+00,-1.000000000000000000e+00,-1.000000000000000000e+00,-1.000000000000000000e+00,-1.000000000000000000e+00,-1.000000000000000000e+00,-1.000000000000000000e+00,-1.000000000000000000e+00,-1.000000000000000000e+00,-1.000000000000000000e+00,-1.000000000000000000e+00,-1.000000000000000000e+00,-1.000000000000000000e+00,-1.000000000000000000e+00,-1.000000000000000000e+00,-1.000000000000000000e+00,-1.000000000000000000e+00,-1.000000000000000000e+00,-1.000000000000000000e+00,-1.000000000000000000e+00,-1.000000000000000000e+00,-1.000000000000000000e+00,-1.000000000000000000e+00,-1.000000000000000000e+00,-1.000000000000000000e+00
-1.000000000000000000e+00,-1.000000000000000000e+00,-1.000000000000000000e+00,-1.000000000000000000e+00,-1.000000000000000000e+00,-1.000000000000000000e+00,-1.000000000000000000e+00,-1.000000000000000000e+00,-1.000000000000000000e+00,-1.000000000000000000e+00,-1.000000000000000000e+00,-1.000000000000000000e+00,-1.000000000000000000e+00,-1.000000000000000000e+00,-1.000000000000000000e+00,-1.000000000000000000e+00,-1.000000000000000000e+00,-1.000000000000000000e+00,-1.000000000000000000e+00,-1.000000000000000000e+00,-1.000000000000000000e+00,-1.000000000000000000e+00,-1.000000000000000000e+00,-1.000000000000000000e+00,-1.000000000000000000e+00,-1.000000000000000000e+00,-1.000000000000000000e+00,-1.000000000000000000e+00,-1.000000000000000000e+00,-1.000000000000000000e+00,-1.000000000000000000e+00,-1.000000000000000000e+00,-1.000000000000000000e+00,-1.000000000000000000e+00,-1.000000000000000000e+00,-1.000000000000000000e+00,-1.000000000000000000e+00,-1.000000000000000000e+00,-1.000000000000000000e+00,-1.000000000000000000e+00,-1.000000000000000000e+00,-1.000000000000000000e+00,-1.000000000000000000e+00,-1.000000000000000000e+00,-1.000000000000000000e+00,-1.000000000000000000e+00,-1.234497095479258011e+00,-1.235756490551990439e+00,-1.239479342574664411e+00,-1.245499308383370085e+00,-1.253539427763593839e+00,-1.263215296913461572e+00,-1.274040494472842511e+00,-1.285429651822561192e+00,-1.296690535053704796e+00,-1.306993063487553286e+00,-1.315300905599391834e+00,-1.320251031481812776e+00,-1.319969515755976763e+00,-1.311819442632066846e+00,-1.292090885078857720e+00,-1.255665901349656277e+00,-1.195726143610046588e+00,-1.103621583478115786e+00,-9.690959283971899429e-01,-7.811901981760913660e-01,-5.303637386792827701e-01,-2.127320147494299318e-01,1.622360333445900249e-01,5.593632075436836271e-01,9.034125335419502800e-01,1.084872341804623996e+00,1.084941143291762611e+00,9.036255903358998420e-01,5.597406664651358721e-01,1.628120528797558642e-01,-2.119083984643679308e-01,-5.292275784203087641e-01,-7.796597705758084862e-01,-9.670724859780357452e-01,-1.100990240968687583e+00,-1.192358414245050069e+00,-1.251424296588801166e+00,-1.286835763019629875e+00,-1.305417926362029357e+00,-1.312305839151744813e+00,-1.311237186148953349e+00,-1.304886102095935474e+00,-1.295170408490400771e+00,-1.283499630554052473e+00,-1.270954530530993942e+00,-1.258403307687735007e+00,-1.246567197553394957e+00,-1.236050763047348955e+00,-1.227351222556601451e+00,-1.220858114191062604e+00,-1.216850652008609979e+00,-1.215496261512583720e+00,-1.000000000000000000e+00,-1.000000000000000000e+00,-1.000000000000000000e+00,-1.000000000000000000e+00,-1.000000000000000000e+00,-1.000000000000000000e+00,-1.000000000000000000e+00,-1.000000000000000000e+00,-1.000000000000000000e+00,-1.000000000000000000e+00,-1.000000000000000000e+00,-1.000000000000000000e+00,-1.000000000000000000e+00,-1.000000000000000000e+00,-1.000000000000000000e+00,-1.000000000000000000e+00,-1.000000000000000000e+00,-1.000000000000000000e+00,-1.000000000000000000e+00,-1.000000000000000000e+00,-1.000000000000000000e+00,-1.000000000000000000e+00,-1.000000000000000000e+00,-1.000000000000000000e+00,-1.000000000000000000e+00,-1.000000000000000000e+00,-1.000000000000000000e+00,-1.000000000000000000e+00,-1.000000000000000000e+00,-1.000000000000000000e+00,-1.000000000000000000e+00,-1.000000000000000000e+00,-1.000000000000000000e+00,-1.000000000000000000e+00,-1.000000000000000000e+00,-1.000000000000000000e+00,-1.000000000000000000e+00,-1.000000000000000000e+00,-1.000000000000000000e+00,-1.000000000000000000e+00,-1.000000000000000000e+00,-1.000000000000000000e+00,-1.000000000000000000e+00,-1.000000000000000000e+00,-1.000000000000000000e+00,-1.000000000000000000e+00
-1.000000000000000000e+00,-1.000000000000000000e+00,-1.000000000000000000e+00,-1.000000000000000000e+00,-1.000000000000000000e+00,-1.000000000000000000e+00,-1.000000000000000000e+00,-1.000000000000000000e+00,-1.000000000000000000e+00,-1.000000000000000000e+00,-1.000000000000000000e+00,-1.000000000000000000e+00,-1.000000000000000000e+00,-1.000000000000000000e+00,-1.000000000000000000e+00,-1.000000000000000000e+00,-1.000000000000000000e+00,-1.000000000000000000e+00,-1.000000000000000000e+00,-1.000000000000000000e+00,-1.000000000000000000e+00,-1.000000000000000000e+00,-1.000000000000000000e+00,-1.000000000000000000e+00,-1.000000000000000000e+00,-1.000000000000000000e+00,-1.000000000000000000e+00,-1.000000000000000000e+00,-1.000000000000000000e+00,-1.000000000000000000e+00,-1.000000000000000000e+00,-1.000000000000000000e+00,-1.000000000000000000e+00,-1.000000000000000000e+00,-1.000000000000000000e+00,-1.000000000000000000e+00,-1.000000000000000000e+00,-1.000000000000000000e+00,-1.000000000000000000e+00,-1.000000000000000000e+00,-1.000000000000000000e+00,-1.000000000000000000e+00,-1.000000000000000000e+00,-1.000000000000000000e+00,-1.000000000000000000e+00,-1.000000000000000000e+00,-1.209968626179996010e+00,-1.211412890248440677e+00,-1.215690943561809734e+00,-1.222635274800061955e+00,-1.231959281621962221e+00,-1.243253855643826400e+00,-1.255988893263187522e+00,-1.269516263120368915e+00,-1.283065810275185958e+00,-1.295721677379453318e+00,-1.306363206117078457e+00,-1.313554107207865584e+00,-1.315366765971659468e+00,-1.309136774355973420e+00,-1.291157623384149966e+00,-1.256348869194706896e+00,-1.197965588097281486e+00,-1.107467047983299091e+00,-9.747381805477123295e-01,-7.889814041044804771e-01,-5.408117044508373716e-01,-2.264448554927225299e-01,1.446910541445329823e-01,5.377330194101765937e-01,8.781838656707348090e-01,1.057662802946135461e+00,1.057744251282954018e+00,8.784360983563934688e-01,5.381799187753462110e-01,1.453730885269428619e-01,-2.254696875645358922e-01,-5.394668286688866221e-01,-7.871709570953824286e-01,-9.723471960321804497e-01,-1.104363180711534165e+00,-1.194002989965617711e+00,-1.251374665816587628e+00,-1.285021102766330081e+00,-1.301700883550374721e+00,-1.306520875458290432e+00,-1.303226371624251367e+00,-1.294530430141453969e+00,-1.282414579277642686e+00,-1.268368172852381237e+00,-1.253557636142791143e+00,-1.238932052002974293e+00,-1.225279680685706696e+00,-1.213252538411938808e+00,-1.203374482420602520e+00,-1.196044045872898476e+00,-1.191538202237859334e+00,-1.190018612014236199e+00,-1.000000000000000000e+00,-1.000000000000000000e+00,-1.000000000000000000e+00,-1.000000000000000000e+00,-1.000000000000000000e+00,-1.000000000000000000e+00,-1.000000000000000000e+00,-1.000000000000000000e+00,-1.000000000000000000e+00,-1.000000000000000000e+00,-1.000000000000000000e+00,-1.000000000000000000e+00,-1.000000000000000000e+00,-1.000000000000000000e+00,-1.000000000000000000e+00,-1.000000000000000000e+00,-1.000000000000000000e+00,-1.000000000000000000e+00,-1.000000000000000000e+00,-1.000000000000000000e+00,-1.000000000000000000e+00,-1.000000000000000000e+00,-1.000000000000000000e+00,-1.000000000000000000e+00,-1.000000000000000000e+00,-1.000000000000000000e+00,-1.000000000000000000e+00,-1.000000000000000000e+00,-1.000000000000000000e+00,-1.000000000000000000e+00,-1.000000000000000000e+00,-1.000000000000000000e+00,-1.000000000000000000e+00,-1.000000000000000000e+00,-1.000000000000000000e+00,-1.000000000000000000e+00,-1.000000000000000000e+00,-1.000000000000000000e+00,-1.000000000000000000e+00,-1.000000000000000000e+00,-1.000000000000000000e+00,-1.000000000000000000e+00,-1.000000000000000000e+00,-1.000000000000000000e+00,-1.000000000000000000e+00,-1.000000000000000000e+00
-1.000000000000000000e+00,-1.000000000000000000e+00,-1.000000000000000000e+00,-1.000000000000000000e+00,-1.000000000000000000e+00,-1.000000000000000000e+00,-1.000000000000000000e+00,-1.000000000000000000e+00,-1.000000000000000000e+00,-1.000000000000000000e+00,-1.000000000000000000e+00,-1.000000000000000000e+00,-1.000000000000000000e+00,-1.000000000000000000e+00,-1.000000000000000000e+00,-1.000000000000000000e+00,-1.000000000000000000e+00,-1.000000000000000000e+00,-1.000000000000000000e+00,-1.000000000000000000e+00,-1.000000000000000000e+00,-1.000000000000000000e+00,-1.000000000000000000e+00,-1.000000000000000000e+00,-1.000000000000000000e+00,-1.000000000000000000e+00,-1.000000000000000000e+00,-1.000000000000000000e+00,-1.000000000000000000e+00,-1.000000000000000000e+00,-1.000000000000000000e+00,-1.000000000000000000e+00,-1.000000000000000000e+00,-1.000000000000000000e+00,-1.000000000000000000e+00,-1.000000000000000000e+00,-1.000000000000000000e+00,-1.000000000000000000e+00,-1.000000000000000000e+00,-1.000000000000000000e+00,-1.000000000000000000e+00,-1.000000000000000000e+00,-1.000000000000000000e+00,-1.000000000000000000e+00,-1.000000000000000000e+00,-1.000000000000000000e+00,-1.187018789871130631e+00,-1.188608054651113743e+00,-1.193328588562371007e+00,-1.201030137968749134e+00,-1.211441685538553026e+00,-1.224156697316274967e+00,-1.238626439833115489e+00,-1.254159254428683035e+00,-1.269918214453308991e+00,-1.284904338676557511e+00,-1.297908242560389613e+00,-1.307411700093669804e+00,-1.311423812098410746e+00,-1.307245470675927113e+00,-1.291171636949501433e+00,-1.258164967109044241e+00,-1.201568743335882150e+00,-1.112976233753449451e+00,-9.824475094921364393e-01,-7.993862691144920651e-01,-5.546014362871826142e-01,-2.444312400293870979e-01,1.217564086425710901e-01,5.095126325484098384e-01,8.453055807088378781e-01,1.022224145140901985e+00,1.022319083282613672e+00,8.455995800662250428e-01,5.100334878193499843e-01,1.225511605515312574e-01,-2.432953419740344625e-01,-5.530359799981637847e-01,-7.972812844079781858e-01,-9.796723339806178155e-01,-1.109382412266155082e+00,-1.196995672394354004e+00,-1.252448741462604875e+00,-1.284157072603690608e+00,-1.298800566638644405e+00,-1.301455061290646364e+00,-1.295877861658573327e+00,-1.284829734546806490e+00,-1.270365586727390639e+00,-1.254061346774046459e+00,-1.237169371570804532e+00,-1.220710917935813988e+00,-1.205522896012422907e+00,-1.192278238862735318e+00,-1.181496172855967197e+00,-1.173552730738308902e+00,-1.168695544672781139e+00,-1.167061975352909675e+00,-1.000000000000000000e+00,-1.000000000000000000e+00,-1.000000000000000000e+00,-1.000000000000000000e+00,-1.000000000000000000e+00,-1.000000000000000000e+00,-1.000000000000000000e+00,-1.000000000000000000e+00,-1.000000000000000000e+00,-1.000000000000000000e+00,-1.000000000000000000e+00,-1.000000000000000000e+00,-1.000000000000000000e+00,-1.000000000000000000e+00,-1.000000000000000000e+00,-1.000000000000000000e+00,-1.000000000000000000e+00,-1.000000000000000000e+00,-1.000000000000000000e+00,-1.000000000000000000e+00,-1.000000000000000000e+00,-1.000000000000000000e+00,-1.000000000000000000e+00,-1.000000000000000000e+00,-1.000000000000000000e+00,-1.000000000000000000e+00,-1.000000000000000000e+00,-1.000000000000000000e+00,-1.000000000000000000e+00,-1.000000000000000000e+00,-1.000000000000000000e+00,-1.000000000000000000e+00,-1.000000000000000000e+00,-1.000000000000000000e+00,-1.000000000000000000e+00,-1.000000000000000000e+00,-1.000000000000000000e+00,-1.000000000000000000e+00,-1.000000000000000000e+00,-1.000000000000000000e+00,-1.000000000000000000e+00,-1.000000000000000000e+00,-1.000000000000000000e+00,-1.000000000000000000e+00,-1.000000000000000000e+00,-1.000000000000000000e+00
-1.000000000000000000e+00,-1.000000000000000000e+00,-1.000000000000000000e+00,-1.000000000000000000e+00,-1.000000000000000000e+00,-1.000000000000000000e+00,-1.000000000000000000e+00,-1.000000000000000000e+00,-1.000000000000000000e+00,-1.000000000000000000e+00,-1.000000000000000000e+00,-1.000000000000000000e+00,-1.000000000000000000e+00,-1.000000000000000000e+00,-1.000000000000000000e+00,-1.000000000000000000e+00,-1.000000000000000000e+00,-1.000000000000000000e+00,-1.000000000000000000e+00,-1.000000000000000000e+00,-1.000000000000000000e+00,-1.000000000000000000e+00,-1.000000000000000000e+00,-1.000000000000000000e+00,-1.000000000000000000e+00,-1.000000000000000000e+00,-1.000000000000000000e+00,-1.000000000000000000e+00,-1.000000000000000000e+00,-1.000000000000000000e+00,-1.000000000000000000e+00,-1.000000000000000000e+00,-1.000000000000000000e+00,-1.000000000000000000e+00,-1.000000000000000000e+00,-1.000000000000000000e+00,-1.000000000000000000e+00,-1.000000000000000000e+00,-1.000000000000000000e+00,-1.000000000000000000e+00,-1.000000000000000000e+00,-1.000000000000000000e+00,-1.000000000000000000e+00,-1.000000000000000000e+00,-1.000000000000000000e+00,-1.000000000000000000e+00,-1.167843887905767986e+00,-1.169514771275080411e+00,-1.174496154792323388e+00,-1.182677494421898290e+00,-1.193834271876808906e+00,-1.207597665652783814e+00,-1.223435467988593484e+00,-1.240643032217930264e+00,-1.258338666274225304e+00,-1.275451844449897454e+00,-1.290686229359067738e+00,-1.302436345500422643e+00,-1.308639508341210123e+00,-1.306554366271751366e+00,-1.292474516942337726e+00,-1.261410638069813350e+00,-1.206809065893955424e+00,-1.120422872572098383e+00,-9.925233005827240884e-01,-8.127579394339395913e-01,-5.721703340791142178e-01,-2.672435564636368444e-01,9.273899307494981592e-02,4.738575675420759747e-01,8.038016840268131791e-01,9.775118139332064082e-01,9.776206662847217732e-01,8.041387337116869816e-01,4.744545399786945783e-01,9.364948616227009026e-02,-2.659431705569675897e-01,-5.703801777119471561e-01,-8.103547496131648931e-01,-9.893622537957430518e-01,-1.116342026878486493e+00,-1.201637217513903177e+00,-1.254979016567771222e+00,-1.284632070527230496e+00,-1.297185429647359722e+00,-1.297681535497939409e+00,-1.289894419400765102e+00,-1.276640637366050157e+00,-1.260055538343215265e+00,-1.241803173725898990e+00,-1.223214127033644072e+00,-1.205362930938621124e+00,-1.189105692021199312e+00,-1.175099511434288369e+00,-1.163819914409047307e+00,-1.155584183958781708e+00,-1.150581216970959053e+00,-1.148904501002156797e+00,-1.000000000000000000e+00,-1.000000000000000000e+00,-1.000000000000000000e+00,-1.000000000000000000e+00,-1.000000000000000000e+00,-1.000000000000000000e+00,-1.000000000000000000e+00,-1.000000000000000000e+00,-1.000000000000000000e+00,-1.000000000000000000e+00,-1.000000000000000000e+00,-1.000000000000000000e+00,-1.000000000000000000e+00,-1.000000000000000000e+00,-1.000000000000000000e+00,-1.000000000000000000e+00,-1.000000000000000000e+00,-1.000000000000000000e+00,-1.000000000000000000e+00,-1.000000000000000000e+00,-1.000000000000000000e+00,-1.000000000000000000e+00,-1.000000000000000000e+00,-1.000000000000000000e+00,-1.000000000000000000e+00,-1.000000000000000000e+00,-1.000000000000000000e+00,-1.000000000000000000e+00,-1.000000000000000000e+00,-1.000000000000000000e+00,-1.000000000000000000e+00,-1.000000000000000000e+00,-1.000000000000000000e+00,-1.000000000000000000e+00,-1.000000000000000000e+00,-1.000000000000000000e+00,-1.000000000000000000e+00,-1.000000000000000000e+00,-1.000000000000000000e+00,-1.000000000000000000e+00,-1.000000000000000000e+00,-1.000000000000000000e+00,-1.000000000000000000e+00,-1.000000000000000000e+00,-1.000000000000000000e+00,-1.000000000000000000e+00
-1.000000000000000000e+00,-1.000000000000000000e+00,-1.000000000000000000e+00,-1.000000000000000000e+00,-1.000000000000000000e+00,-1.000000000000000000e+00,-1.000000000000000000e+00,-1.000000000000000000e+00,-1.000000000000000000e+00,-1.000000000000000000e+00,-1.000000000000000000e+00,-1.000000000000000000e+00,-1.000000000000000000e+00,-1.000000000000000000e+00,-1.000000000000000000e+00,-1.000000000000000000e+00,-1.000000000000000000e+00,-1.000000000000000000e+00,-1.000000000000000000e+00,-1.000000000000000000e+00,-1.000000000000000000e+00,-1.000000000000000000e+00,-1.000000000000000000e+00,-1.000000000000000000e+00,-1.000000000000000000e+00,-1.000000000000000000e+00,-1.000000000000000000e+00,-1.000000000000000000e+00,-1.000000000000000000e+00,-1.000000000000000000e+00,-1.000000000000000000e+00,-1.000000000000000000e+00,-1.000000000000000000e+00,-1.000000000000000000e+00,-1.000000000000000000e+00,-1.000000000000000000e+00,-1.000000000000000000e+00,-1.000000000000000000e+00,-1.000000000000000000e+00,-1.000000000000000000e+00,-1.000000000000000000e+00,-1.000000000000000000e+00,-1.000000000000000000e+00,-1.000000000000000000e+00,-1.000000000000000000e+00,-1.000000000000000000e+00,-1.154630652778595001e+00,-1.156303063280552879e+00,-1.161313871168605738e+00,-1.169614364986378385e+00,-1.181056482838251043e+00,-1.195345761609615032e+00,-1.212007497356327512e+00,-1.230364243492780396e+00,-1.249523070368879996e+00,-1.268364608027559015e+00,-1.285516325860894593e+00,-1.299286239060242210e+00,-1.307534584075966233e+00,-1.307471241975870946e+00,-1.295385314409779776e+00,-1.266339609821015788e+00,-1.213897638285842628e+00,-1.129997769007095254e+00,-1.005158611739645158e+00,-8.293146633807777501e-01,-5.937848411619348621e-01,-2.952181002437753721e-01,5.721562272240832137e-02,4.302515089342842103e-01,7.530766259854735356e-01,9.228916699758313857e-01,9.230143136154376204e-01,7.534563053449068182e-01,4.309237081378400891e-01,5.824015338183285984e-02,-2.937563526667228420e-01,-5.917755572669045616e-01,-8.266229399840757663e-01,-1.001628034309722359e+00,-1.125456756966245253e+00,-1.208169921451966777e+00,-1.259259166291540000e+00,-1.286815187518606241e+00,-1.297324394251622159e+00,-1.295793543421149163e+00,-1.286017174314019851e+00,-1.270872922199551391e+00,-1.252578245971183390e+00,-1.232878573031715774e+00,-1.213164345252086385e+00,-1.194532969020528856e+00,-1.177820223350441786e+00,-1.163624280296859492e+00,-1.152336589338414985e+00,-1.144182709483474225e+00,-1.139268791318246210e+00,-1.137629017690639843e+00,-1.000000000000000000e+00,-1.000000000000000000e+00,-1.000000000000000000e+00,-1.000000000000000000e+00,-1.000000000000000000e+00,-1.000000000000000000e+00,-1.000000000000000000e+00,-1.000000000000000000e+00,-1.000000000000000000e+00,-1.000000000000000000e+00,-1.000000000000000000e+00,-1.000000000000000000e+00,-1.000000000000000000e+00,-1.000000000000000000e+00,-1.000000000000000000e+00,-1.000000000000000000e+00,-1.000000000000000000e+00,-1.000000000000000000e+00,-1.000000000000000000e+00,-1.000000000000000000e+00,-1.000000000000000000e+00,-1.000000000000000000e+00,-1.000000000000000000e+00,-1.000000000000000000e+00,-1.000000000000000000e+00,-1.000000000000000000e+00,-1.000000000000000000e+00,-1.000000000000000000e+00,-1.000000000000000000e+00,-1.000000000000000000e+00,-1.000000000000000000e+00,-1.000000000000000000e+00,-1.000000000000000000e+00,-1.000000000000000000e+00,-1.000000000000000000e+00,-1.000000000000000000e+00,-1.000000000000000000e+00,-1.000000000000000000e+00,-1.000000000000000000e+00,-1.000000000000000000e+00,-1.000000000000000000e+00,-1.000000000000000000e+00,-1.000000000000000000e+00,-1.000000000000000000e+00,-1.000000000000000000e+00,-1.000000000000000000e+00
-1.000000000000000000e+00,-1.000000000000000000e+00,-1.000000000000000000e+00,-1.000000000000000000e+00,-1.000000000000000000e+00,-1.000000000000000000e+00,-1.000000000000000000e+00,-1.000000000000000000e+00,-1.000000000000000000e+00,-1.000000000000000000e+00,-1.000000000000000000e+00,-1.000000000000000000e+00,-1.000000000000000000e+00,-1.000000000000000000e+00,-1.000000000000000000e+00,-1.000000000000000000e+00,-1.000000000000000000e+00,-1.000000000000000000e+00,-1.000000000000000000e+00,-1.000000000000000000e+00,-1.000000000000000000e+00,-1.000000000000000000e+00,-1.000000000000000000e+00,-1.000000000000000000e+00,-1.000000000000000000e+00,-1.000000000000000000e+00,-1.000000000000000000e+00,-1.000000000000000000e+00,-1.000000000000000000e+00,-1.000000000000000000e+00,-1.000000000000000000e+00,-1.000000000000000000e+00,-1.000000000000000000e+00,-1.000000000000000000e+00,-1.000000000000000000e+00,-1.000000000000000000e+00,-1.000000000000000000e+00,-1.000000000000000000e+00,-1.000000000000000000e+00,-1.000000000000000000e+00,-1.000000000000000000e+00,-1.000000000000000000e+00,-1.000000000000000000e+00,-1.000000000000000000e+00,-1.000000000000000000e+00,-1.000000000000000000e+00,-1.149130733020758743e+00,-1.150721360800262660e+00,-1.155519319282563240e+00,-1.163553557666405558e+00,-1.174771588444690984e+00,-1.188981427745036346e+00,-1.205804662254008397e+00,-1.224635896001113000e+00,-1.244614280329742417e+00,-1.264606402242784089e+00,-1.283185922832537074e+00,-1.298584327082934475e+00,-1.308585579690485279e+00,-1.310347421010053637e+00,-1.300152207097176937e+00,-1.273118378707927878e+00,-1.222939266735769914e+00,-1.141762080963552917e+00,-1.020386741455159507e+00,-8.490751478389640949e-01,-6.194595347898651516e-01,-3.283726739900466596e-01,1.516136053836514286e-02,3.786623790991296978e-01,6.930955003701790851e-01,8.583329096851330942e-01,8.584685756914620658e-01,6.935153828444264867e-01,3.794053431439783353e-01,1.629273912931750168e-02,-3.267605899069594422e-01,-6.172476593762996622e-01,-8.461193895959682187e-01,-1.016522589248718189e+00,-1.136813161179911269e+00,-1.216730749765262631e+00,-1.265495388135484900e+00,-1.291002177714220656e+00,-1.299623739737548078e+00,-1.296328134585662095e+00,-1.284931401091272907e+00,-1.268371978176223713e+00,-1.248942399573829354e+00,-1.228451335990672133e+00,-1.208318279630368863e+00,-1.189622337675666275e+00,-1.173133414523663598e+00,-1.159348607992332303e+00,-1.148543141048957938e+00,-1.140831280498829869e+00,-1.136226590885965448e+00,-1.134697887497635005e+00,-1.000000000000000000e+00,-1.000000000000000000e+00,-1.000000000000000000e+00,-1.000000000000000000e+00,-1.000000000000000000e+00,-1.000000000000000000e+00,-1.000000000000000000e+00,-1.000000000000000000e+00,-1.000000000000000000e+00,-1.000000000000000000e+00,-1.000000000000000000e+00,-1.000000000000000000e+00,-1.000000000000000000e+00,-1.000000000000000000e+00,-1.000000000000000000e+00,-1.000000000000000000e+00,-1.000000000000000000e+00,-1.000000000000000000e+00,-1.000000000000000000e+00,-1.000000000000000000e+00,-1.000000000000000000e+00,-1.000000000000000000e+00,-1.000000000000000000e+00,-1.000000000000000000e+00,-1.000000000000000000e+00,-1.000000000000000000e+00,-1.000000000000000000e+00,-1.000000000000000000e+00,-1.000000000000000000e+00,-1.000000000000000000e+00,-1.000000000000000000e+00,-1.000000000000000000e+00,-1.000000000000000000e+00,-1.000000000000000000e+00,-1.000000000000000000e+00,-1.000000000000000000e+00,-1.000000000000000000e+00,-1.000000000000000000e+00,-1.000000000000000000e+00,-1.000000000000000000e+00,-1.000000000000000000e+00,-1.000000000000000000e+00,-1.000000000000000000e+00,-1.000000000000000000e+00,-1.000000000000000000e+00,-1.000000000000000000e+00
-1.000000000000000000e+00,-1.000000000000000000e+00,-1.000000000000000000e+00,-1.000000000000000000e+00,-1.000000000000000000e+00,-1.000000000000000000e+00,-1.000000000000000000e+00,-1.000000000000000000e+00,-1.000000000000000000e+00,-1.000000000000000000e+00,-1.000000000000000000e+00,-1.000000000000000000e+00,-1.000000000000000000e+00,-1.000000000000000000e+00,-1.000000000000000000e+00,-1.000000000000000000e+00,-1.000000000000000000e+00,-1.000000000000000000e+00,-1.000000000000000000e+00,-1.000000000000000000e+00,-1.000000000000000000e+00,-1.000000000000000000e+00,-1.000000000000000000e+00,-1.000000000000000000e+00,-1.000000000000000000e+00,-1.000000000000000000e+00,-1.000000000000000000e+00,-1.000000000000000000e+00,-1.000000000000000000e+00,-1.000000000000000000e+00,-1.000000000000000000e+00,-1.000000000000000000e+00,-1.000000000000000000e+00,-1.000000000000000000e+00,-1.000000000000000000e+00,-1.000000000000000000e+00,-1.000000000000000000e+00,-1.000000000000000000e+00,-1.000000000000000000e+00,-1.000000000000000000e+00,-1.000000000000000000e+00,-1.000000000000000000e+00,-1.000000000000000000e+00,-1.000000000000000000e+00,-1.000000000000000000e+00,-1.000000000000000000e+00,-1.152250500956476076e+00,-1.153689253706438711e+00,-1.158070135995267425e+00,-1.165504566181772228e+00,-1.176034025875454914e+00,-1.189578078623021673e+00,-1.205881140013145059e+00,-1.224451037590839286e+00,-1.244506863591916090e+00,-1.264946357228104112e+00,-1.284324550342998084e+00,-1.300818398785850594e+00,-1.312145666060496652e+00,-1.315414404046411745e+00,-1.306900580975024706e+00,-1.281781752247819428e+00,-1.233891658751671061e+00,-1.155606234338441229e+00,-1.038035717741734976e+00,-8.718040900528617465e-01,-6.488888617150651017e-01,-3.663197296829465710e-01,-3.294111476552508133e-02,3.196756576869306254e-01,6.245378482037928780e-01,7.845721235534173221e-01,7.847193553872531258e-01,6.249933784510040002e-01,3.204811568419554391e-01,-3.171581378720145228e-02,-3.645764938419158163e-01,-6.465020822267447675e-01,-8.686235889159105161e-01,-1.033893055193391808e+00,-1.150325687058855406e+00,-1.227306707390355633e+00,-1.273756948636768582e+00,-1.297357108421201444e+00,-1.304355640071457545e+00,-1.299677068579536687e+00,-1.287154937172205971e+00,-1.269779728832856946e+00,-1.249900409416821567e+00,-1.229357622559033913e+00,-1.209557394066203218e+00,-1.191512777977364435e+00,-1.175883832859092371e+00,-1.163035035548716456e+00,-1.153111056680147906e+00,-1.146116704781882323e+00,-1.141983078395371942e+00,-1.140618881969639231e+00,-1.000000000000000000e+00,-1.000000000000000000e+00,-1.000000000000000000e+00,-1.000000000000000000e+00,-1.000000000000000000e+00,-1.000000000000000000e+00,-1.000000000000000000e+00,-1.000000000000000000e+00,-1.000000000000000000e+00,-1.000000000000000000e+00,-1.000000000000000000e+00,-1.000000000000000000e+00,-1.000000000000000000e+00,-1.000000000000000000e+00,-1.000000000000000000e+00,-1.000000000000000000e+00,-1.000000000000000000e+00,-1.000000000000000000e+00,-1.000000000000000000e+00,-1.000000000000000000e+00,-1.000000000000000000e+00,-1.000000000000000000e+00,-1.000000000000000000e+00,-1.000000000000000000e+00,-1.000000000000000000e+00,-1.000000000000000000e+00,-1.000000000000000000e+00,-1.000000000000000000e+00,-1.000000000000000000e+00,-1.000000000000000000e+00,-1.000000000000000000e+00,-1.000000000000000000e+00,-1.000000000000000000e+00,-1.000000000000000000e+00,-1.000000000000000000e+00,-1.000000000000000000e+00,-1.000000000000000000e+00,-1.000000000000000000e+00,-1.000000000000000000e+00,-1.000000000000000000e+00,-1.000000000000000000e+00,-1.000000000000000000e+00,-1.000000000000000000e+00,-1.000000000000000000e+00,-1.000000000000000000e+00,-1.000000000000000000e+00
-1.000000000000000000e+00,-1.000000000000000000e+00,-1.000000000000000000e+00,-1.000000000000000000e+00,-1.000000000000000000e+00,-1.000000000000000000e+00,-1.000000000000000000e+00,-1.000000000000000000e+00,-1.000000000000000000e+00,-1.000000000000000000e+00,-1.000000000000000000e+00,-1.000000000000000000e+00,-1.000000000000000000e+00,-1.000000000000000000e+00,-1.000000000000000000e+00,-1.000000000000000000e+00,-1.000000000000000000e+00,-1.000000000000000000e+00,-1.000000000000000000e+00,-1.000000000000000000e+00,-1.000000000000000000e+00,-1.000000000000000000e+00,-1.000000000000000000e+00,-1.000000000000000000e+00,-1.000000000000000000e+00,-1.000000000000000000e+00,-1.000000000000000000e+00,-1.000000000000000000e+00,-1.000000000000000000e+00,-1.000000000000000000e+00,-1.000000000000000000e+00,-1.000000000000000000e+00,-1.000000000000000000e+00,-1.000000000000000000e+00,-1.000000000000000000e+00,-1.000000000000000000e+00,-1.000000000000000000e+00,-1.000000000000000000e+00,-1.000000000000000000e+00,-1.000000000000000000e+00,-1.000000000000000000e+00,-1.000000000000000000e+00,-1.000000000000000000e+00,-1.000000000000000000e+00,-1.000000000000000000e+00,-1.000000000000000000e+00,-1.163812994798470557e+00,-1.165055231542852843e+00,-1.168892115564961420e+00,-1.175511482656973028e+00,-1.185021132812324796e+00,-1.197436977300246674e+00,-1.212632625427371380e+00,-1.230256719337356586e+00,-1.249651665191488847e+00,-1.269796056639798332e+00,-1.289272110431106899e+00,-1.306237025851893829e+00,-1.318363963128800886e+00,-1.322722072300210883e+00,-1.315585801958948364e+00,-1.292196133236985567e+00,-1.246535364240415555e+00,-1.171222758993393009e+00,-1.057700264122432898e+00,-8.969794675745481616e-01,-6.814059723959869919e-01,-4.082132420582920140e-01,-8.603374752075454435e-02,2.545775745359855069e-01,5.488936296405224624e-01,7.032149590798422167e-01,7.033716536380021367e-01,5.493782576536074824e-01,2.554338734781766984e-01,-8.473272947013477108e-02,-4.063654403273928573e-01,-6.788818981947088993e-01,-8.936263546500421429e-01,-1.053350215191250827e+00,-1.165706214409581554e+00,-1.239700614314862781e+00,-1.283934336085588157e+00,-1.305859013793200241e+00,-1.311589389054444776e+00,-1.305998697037836997e+00,-1.292927100668053386e+00,-1.275397869305181509e+00,-1.255785148460878187e+00,-1.235918535715638589e+00,-1.217141230942222707e+00,-1.200354210019359602e+00,-1.186075329837382952e+00,-1.174524270793130487e+00,-1.165723476649189516e+00,-1.159592236918539854e+00,-1.156008658773005848e+00,-1.154834021888655027e+00,-1.000000000000000000e+00,-1.000000000000000000e+00,-1.000000000000000000e+00,-1.000000000000000000e+00,-1.000000000000000000e+00,-1.000000000000000000e+00,-1.000000000000000000e+00,-1.000000000000000000e+00,-1.000000000000000000e+00,-1.000000000000000000e+00,-1.000000000000000000e+00,-1.000000000000000000e+00,-1.000000000000000000e+00,-1.000000000000000000e+00,-1.000000000000000000e+00,-1.000000000000000000e+00,-1.000000000000000000e+00,-1.000000000000000000e+00,-1.000000000000000000e+00,-1.000000000000000000e+00,-1.000000000000000000e+00,-1.000000000000000000e+00,-1.000000000000000000e+00,-1.000000000000000000e+00,-1.000000000000000000e+00,-1.000000000000000000e+00,-1.000000000000000000e+00,-1.000000000000000000e+00,-1.000000000000000000e+00,-1.000000000000000000e+00,-1.000000000000000000e+00,-1.000000000000000000e+00,-1.000000000000000000e+00,-1.000000000000000000e+00,-1.000000000000000000e+00,-1.000000000000000000e+00,-1.000000000000000000e+00,-1.000000000000000000e+00,-1.000000000000000000e+00,-1.000000000000000000e+00,-1.000000000000000000e+00,-1.000000000000000000e+00,-1.000000000000000000e+00,-1.000000000000000000e+00,-1.000000000000000000e+00,-1.000000000000000000e+00
-1.000000000000000000e+00,-1.000000000000000000e+00,-1.000000000000000000e+00,-1.000000000000000000e+00,-1.000000000000000000e+00,-1.000000000000000000e+00,-1.000000000000000000e+00,-1.000000000000000000e+00,-1.000000000000000000e+00,-1.000000000000000000e+00,-1.000000000000000000e+00,-1.000000000000000000e+00,-1.000000000000000000e+00,-1.000000000000000000e+00,-1.000000000000000000e+00,-1.000000000000000000e+00,-1.000000000000000000e+00,-1.000000000000000000e+00,-1.000000000000000000e+00,-1.000000000000000000e+00,-1.000000000000000000e+00,-1.000000000000000000e+00,-1.000000000000000000e+00,-1.000000000000000000e+00,-1.000000000000000000e+00,-1.000000000000000000e+00,-1.000000000000000000e+00,-1.000000000000000000e+00,-1.000000000000000000e+00,-1.000000000000000000e+00,-1.000000000000000000e+00,-1.000000000000000000e+00,-1.000000000000000000e+00,-1.000000000000000000e+00,-1.000000000000000000e+00,-1.000000000000000000e+00,-1.000000000000000000e+00,-1.000000000000000000e+00,-1.000000000000000000e+00,-1.000000000000000000e+00,-1.000000000000000000e+00,-1.000000000000000000e+00,-1.000000000000000000e+00,-1.000000000000000000e+00,-1.000000000000000000e+00,-1.000000000000000000e+00,-1.182595068646329572e+00,-1.183623067773952098e+00,-1.186877985141280067e+00,-1.192613264047718058e+00,-1.200949842243350218e+00,-1.211966401154362494e+00,-1.225651497377934884e+00,-1.241801109986801821e+00,-1.259908983149546913e+00,-1.279078618034581005e+00,-1.297968979810468326e+00,-1.314761954090026830e+00,-1.327118968513341768e+00,-1.332090560784356059e+00,-1.325960400692456354e+00,-1.304038790540386739e+00,-1.260462030386753307e+00,-1.188100646635317448e+00,-1.078739655385170471e+00,-9.237916156525670663e-01,-7.159811385928499528e-01,-4.527450665403159880e-01,-1.424766144268024837e-01,1.853644104093186140e-01,4.684741798245937172e-01,6.167466371126735236e-01,6.169101858161070151e-01,4.689798042005584033e-01,1.862570756918648929e-01,-1.411220826224696134e-01,-4.508247614468499087e-01,-7.133644927278742776e-01,-9.203268371211031917e-01,-1.074263718989853844e+00,-1.182455159622186391e+00,-1.253515485866867563e+00,-1.295714127148966499e+00,-1.316264404137465149e+00,-1.321138866481992302e+00,-1.315148245018115780e+00,-1.302120859089645366e+00,-1.285083220943687543e+00,-1.266393249089731388e+00,-1.247820561401976391e+00,-1.230598586821006979e+00,-1.215482785235575180e+00,-1.202837008914443118e+00,-1.192746628745369852e+00,-1.185138687393348711e+00,-1.179883801445154701e+00,-1.176850785644863562e+00,-1.175864668959473391e+00,-1.000000000000000000e+00,-1.000000000000000000e+00,-1.000000000000000000e+00,-1.000000000000000000e+00,-1.000000000000000000e+00,-1.000000000000000000e+00,-1.000000000000000000e+00,-1.000000000000000000e+00,-1.000000000000000000e+00,-1.000000000000000000e+00,-1.000000000000000000e+00,-1.000000000000000000e+00,-1.000000000000000000e+00,-1.000000000000000000e+00,-1.000000000000000000e+00,-1.000000000000000000e+00,-1.000000000000000000e+00,-1.000000000000000000e+00,-1.000000000000000000e+00,-1.000000000000000000e+00,-1.000000000000000000e+00,-1.000000000000000000e+00,-1.000000000000000000e+00,-1.000000000000000000e+00,-1.000000000000000000e+00,-1.000000000000000000e+00,-1.000000000000000000e+00,-1.000000000000000000e+00,-1.000000000000000000e+00,-1.000000000000000000e+00,-1.000000000000000000e+00,-1.000000000000000000e+00,-1.000000000000000000e+00,-1.000000000000000000e+00,-1.000000000000000000e+00,-1.000000000000000000e+00,-1.000000000000000000e+00,-1.000000000000000000e+00,-1.000000000000000000e+00,-1.000000000000000000e+00,-1.000000000000000000e+00,-1.000000000000000000e+00,-1.000000000000000000e+00,-1.000000000000000000e+00,-1.000000000000000000e+00,-1.000000000000000000e+00
-1.000000000000000000e+00,-1.000000000000000000e+00,-1.000000000000000000e+00,-1.000000000000000000e+00,-1.000000000000000000e+00,-1.000000000000000000e+00,-1.000000000000000000e+00,-1.000000000000000000e+00,-1.000000000000000000e+00,-1.000000000000000000e+00,-1.000000000000000000e+00,-1.000000000000000000e+00,-1.000000000000000000e+00,-1.000000000000000000e+00,-1.000000000000000000e+00,-1.000000000000000000e+00,-1.000000000000000000e+00,-1.000000000000000000e+00,-1.000000000000000000e+00,-1.000000000000000000e+00,-1.000000000000000000e+00,-1.000000000000000000e+00,-1.000000000000000000e+00,-1.000000000000000000e+00,-1.000000000000000000e+00,-1.000000000000000000e+00,-1.000000000000000000e+00,-1.000000000000000000e+00,-1.000000000000000000e+00,-1.000000000000000000e+00,-1.000000000000000000e+00,-1.000000000000000000e+00,-1.000000000000000000e+00,-1.000000000000000000e+00,-1.000000000000000000e+00,-1.000000000000000000e+00,-1.000000000000000000e+00,-1.000000000000000000e+00,-1.000000000000000000e+00,-1.000000000000000000e+00,-1.000000000000000000e+00,-1.000000000000000000e+00,-1.000000000000000000e+00,-1.000000000000000000e+00,-1.000000000000000000e+00,-1.000000000000000000e+00,-1.206605638272642889e+00,-1.207417847692978219e+00,-1.210124004019697663e+00,-1.215035599598493166e+00,-1.222207480929065726e+00,-1.231749283158907859e+00,-1.243739086628597779e+00,-1.258104706523501815e+00,-1.274495611345123569e+00,-1.292167045535393521e+00,-1.309897221479183749e+00,-1.325939196764222228e+00,-1.337982759667718069e+00,-1.343088212223876088e+00,-1.337564959698381628e+00,-1.316800227167373549e+00,-1.275086713151458939e+00,-1.205546341543754618e+00,-1.100306640708220485e+00,-9.511800132277276054e-01,-7.512670653738690030e-01,-4.982000576281684356e-01,-2.001143572029608908e-01,1.146638021230248494e-01,3.863221250191946066e-01,5.284346399574104680e-01,5.286021715176409952e-01,3.868398487583155632e-01,1.155770549400405578e-01,-1.987304186956992957e-01,-4.962417409659016787e-01,-7.486053974889508300e-01,-9.476674342088788894e-01,-1.095788728340955309e+00,-1.199879820273258790e+00,-1.268163956324713348e+00,-1.308578501037483521e+00,-1.328095848962709269e+00,-1.332539622515005018e+00,-1.326643989788067968e+00,-1.314200817631056672e+00,-1.298203466291668162e+00,-1.280948565749233659e+00,-1.264100582229771508e+00,-1.248749792995682784e+00,-1.235494390581356017e+00,-1.224556168189081307e+00,-1.215914542182594760e+00,-1.209433881360709506e+00,-1.204967860499102983e+00,-1.202433389859925095e+00,-1.201617761790636063e+00,-1.000000000000000000e+00,-1.000000000000000000e+00,-1.000000000000000000e+00,-1.000000000000000000e+00,-1.000000000000000000e+00,-1.000000000000000000e+00,-1.000000000000000000e+00,-1.000000000000000000e+00,-1.000000000000000000e+00,-1.000000000000000000e+00,-1.000000000000000000e+00,-1.000000000000000000e+00,-1.000000000000000000e+00,-1.000000000000000000e+00,-1.000000000000000000e+00,-1.000000000000000000e+00,-1.000000000000000000e+00,-1.000000000000000000e+00,-1.000000000000000000e+00,-1.000000000000000000e+00,-1.000000000000000000e+00,-1.000000000000000000e+00,-1.000000000000000000e+00,-1.000000000000000000e+00,-1.000000000000000000e+00,-1.000000000000000000e+00,-1.000000000000000000e+00,-1.000000000000000000e+00,-1.000000000000000000e+00,-1.000000000000000000e+00,-1.000000000000000000e+00,-1.000000000000000000e+00,-1.000000000000000000e+00,-1.000000000000000000e+00,-1.000000000000000000e+00,-1.000000000000000000e+00,-1.000000000000000000e+00,-1.000000000000000000e+00,-1.000000000000000000e+00,-1.000000000000000000e+00,-1.000000000000000000e+00,-1.000000000000000000e+00,-1.000000000000000000e+00,-1.000000000000000000e+00,-1.000000000000000000e+00,-1.000000000000000000e+00
-1.000000000000000000e+00,-1.000000000000000000e+00,-1.000000000000000000e+00,-1.000000000000000000e+00,-1.000000000000000000e+00,-1.000000000000000000e+00,-1.000000000000000000e+00,-1.000000000000000000e+00,-1.000000000000000000e+00,-1.000000000000000000e+00,-1.000000000000000000e+00,-1.000000000000000000e+00,-1.000000000000000000e+00,-1.000000000000000000e+00,-1.000000000000000000e+00,-1.000000000000000000e+00,-1.000000000000000000e+00,-1.000000000000000000e+00,-1.000000000000000000e+00,-1.000000000000000000e+00,-1.000000000000000000e+00,-1.000000000000000000e+00,-1.000000000000000000e+00,-1.000000000000000000e+00,-1.000000000000000000e+00,-1.000000000000000000e+00,-1.000000000000000000e+00,-1.000000000000000000e+00,-1.000000000000000000e+00,-1.000000000000000000e+00,-1.000000000000000000e+00,-1.000000000000000000e+00,-1.000000000000000000e+00,-1.000000000000000000e+00,-1.000000000000000000e+00,-1.000000000000000000e+00,-1.000000000000000000e+00,-1.000000000000000000e+00,-1.000000000000000000e+00,-1.000000000000000000e+00,-1.000000000000000000e+00,-1.000000000000000000e+00,-1.000000000000000000e+00,-1.000000000000000000e+00,-1.000000000000000000e+00,-1.000000000000000000e+00,-1.233462922805222739e+00,-1.234058058856867035e+00,-1.236288661400210875e+00,-1.240518775779440253e+00,-1.246629174950686592e+00,-1.254765654894708149e+00,-1.265070235958856149e+00,-1.277569739662178350e+00,-1.292048744380127623e+00,-1.307916386931294639e+00,-1.324094845832142209e+00,-1.338946563671598478e+00,-1.350229352811162409e+00,-1.355045154089028037e+00,-1.349749105849478381e+00,-1.329813601384256749e+00,-1.289686376139001167e+00,-1.222732212908605787e+00,-1.121407465092772782e+00,-9.779073713939214763e-01,-7.856905422188340538e-01,-5.425694279869169856e-01,-2.564151255488575920e-01,4.556841639736974869e-02,3.060207789803379708e-01,4.421245122427710506e-01,4.422932170721181055e-01,3.065419145811878465e-01,4.648691454780817800e-02,-2.550250703201459856e-01,-5.406061320029570405e-01,-7.830288756818784002e-01,-9.744066009696311648e-01,-1.116924497696122565e+00,-1.217141364611582732e+00,-1.282905484420748810e+00,-1.321833963628969322e+00,-1.340663537657938553e+00,-1.345065317707518027e+00,-1.339682232641671300e+00,-1.328242914564603527e+00,-1.313670893566558640e+00,-1.298162017676513624e+00,-1.283244510886668799e+00,-1.269853807570725079e+00,-1.258443152390749109e+00,-1.249123432293781422e+00,-1.241805250616716760e+00,-1.236317260037185006e+00,-1.232496520644317028e+00,-1.230387921972400989e+00,-1.229717221887171918e+00,-1.000000000000000000e+00,-1.000000000000000000e+00,-1.000000000000000000e+00,-1.000000000000000000e+00,-1.000000000000000000e+00,-1.000000000000000000e+00,-1.000000000000000000e+00,-1.000000000000000000e+00,-1.000000000000000000e+00,-1.000000000000000000e+00,-1.000000000000000000e+00,-1.000000000000000000e+00,-1.000000000000000000e+00,-1.000000000000000000e+00,-1.000000000000000000e+00,-1.000000000000000000e+00,-1.000000000000000000e+00,-1.000000000000000000e+00,-1.000000000000000000e+00,-1.000000000000000000e+00,-1.000000000000000000e+00,-1.000000000000000000e+00,-1.000000000000000000e+00,-1.000000000000000000e+00,-1.000000000000000000e+00,-1.000000000000000000e+00,-1.000000000000000000e+00,-1.000000000000000000e+00,-1.000000000000000000e+00,-1.000000000000000000e+00,-1.000000000000000000e+00,-1.000000000000000000e+00,-1.000000000000000000e+00,-1.000000000000000000e+00,-1.000000000000000000e+00,-1.000000000000000000e+00,-1.000000000000000000e+00,-1.000000000000000000e+00,-1.000000000000000000e+00,-1.000000000000000000e+00,-1.000000000000000000e+00,-1.000000000000000000e+00,-1.000000000000000000e+00,-1.000000000000000000e+00,-1.000000000000000000e+00,-1.000000000000000000e+00
-1.000000000000000000e+00,-1.000000000000000000e+00,-1.000000000000000000e+00,-1.000000000000000000e+00,-1.000000000000000000e+00,-1.000000000000000000e+00,-1.000000000000000000e+00,-1.000000000000000000e+00,-1.000000000000000000e+00,-1.000000000000000000e+00,-1.000000000000000000e+00,-1.000000000000000000e+00,-1.000000000000000000e+00,-1.000000000000000000e+00,-1.000000000000000000e+00,-1.000000000000000000e+00,-1.000000000000000000e+00,-1.000000000000000000e+00,-1.000000000000000000e+00,-1.000000000000000000e+00,-1.000000000000000000e+00,-1.000000000000000000e+00,-1.000000000000000000e+00,-1.000000000000000000e+00,-1.000000000000000000e+00,-1.000000000000000000e+00,-1.000000000000000000e+00,-1.000000000000000000e+00,-1.000000000000000000e+00,-1.000000000000000000e+00,-1.000000000000000000e+00,-1.000000000000000000e+00,-1.000000000000000000e+00,-1.000000000000000000e+00,-1.000000000000000000e+00,-1.000000000000000000e+00,-1.000000000000000000e+00,-1.000000000000000000e+00,-1.000000000000000000e+00,-1.000000000000000000e+00,-1.000000000000000000e+00,-1.000000000000000000e+00,-1.000000000000000000e+00,-1.000000000000000000e+00,-1.000000000000000000e+00,-1.000000000000000000e+00,-1.260741227388192165e+00,-1.261237570921323048e+00,-1.263102713179536485e+00,-1.266652777861971835e+00,-1.271799116626075588e+00,-1.278679944147073755e+00,-1.287452958409137427e+00,-1.298197905072358438e+00,-1.310796376052909551e+00,-1.324790745287871108e+00,-1.339249131951957050e+00,-1.352664460829828386e+00,-1.362892738699273076e+00,-1.367105866415906368e+00,-1.361723673654172240e+00,-1.342310107697479271e+00,-1.303461547938234544e+00,-1.238767737421901716e+00,-1.140986579473725948e+00,-1.002662956936653860e+00,-8.175805531215771804e-01,-5.837103883005861915e-01,-3.086676912447392507e-01,-1.860112026034255184e-02,2.314222319780863124e-01,3.619494047342914911e-01,3.621168969898178602e-01,2.319394194309585266e-01,-1.769031313657443150e-02,-3.072910142985783022e-01,-5.817694831127449007e-01,-8.149556913667990177e-01,-9.992218632131357747e-01,-1.136598908613519310e+00,-1.233326147484701929e+00,-1.296908736587760069e+00,-1.334668489225599330e+00,-1.353120892665912622e+00,-1.357786316568750928e+00,-1.353204961767720649e+00,-1.343019278231546210e+00,-1.330054159879410225e+00,-1.316379603009703025e+00,-1.303377069599322979e+00,-1.291837780862069351e+00,-1.282099910231328188e+00,-1.274203447122011834e+00,-1.268030682406136700e+00,-1.263412236415855094e+00,-1.260202993610155087e+00,-1.258433833918307876e+00,-1.257871778241559602e+00,-1.000000000000000000e+00,-1.000000000000000000e+00,-1.000000000000000000e+00,-1.000000000000000000e+00,-1.000000000000000000e+00,-1.000000000000000000e+00,-1.000000000000000000e+00,-1.000000000000000000e+00,-1.000000000000000000e+00,-1.000000000000000000e+00,-1.000000000000000000e+00,-1.000000000000000000e+00,-1.000000000000000000e+00,-1.000000000000000000e+00,-1.000000000000000000e+00,-1.000000000000000000e+00,-1.000000000000000000e+00,-1.000000000000000000e+00,-1.000000000000000000e+00,-1.000000000000000000e+00,-1.000000000000000000e+00,-1.000000000000000000e+00,-1.000000000000000000e+00,-1.000000000000000000e+00,-1.000000000000000000e+00,-1.000000000000000000e+00,-1.000000000000000000e+00,-1.000000000000000000e+00,-1.000000000000000000e+00,-1.000000000000000000e+00,-1.000000000000000000e+00,-1.000000000000000000e+00,-1.000000000000000000e+00,-1.000000000000000000e+00,-1.000000000000000000e+00,-1.000000000000000000e+00,-1.000000000000000000e+00,-1.000000000000000000e+00,-1.000000000000000000e+00,-1.000000000000000000e+00,-1.000000000000000000e+00,-1.000000000000000000e+00,-1.000000000000000000e+00,-1.000000000000000000e+00,-1.000000000000000000e+00,-1.000000000000000000e+00
-1.000000000000000000e+00,-1.000000000000000000e+00,-1.000000000000000000e+00,-1.000000000000000000e+00,-1.000000000000000000e+00,-1.000000000000000000e+00,-1.000000000000000000e+00,-1.000000000000000000e+00,-1.000000000000000000e+00,-1.000000000000000000e+00,-1.000000000000000000e+00,-1.000000000000000000e+00,-1.000000000000000000e+00,-1.000000000000000000e+00,-1.000000000000000000e+00,-1.000000000000000000e+00,-1.000000000000000000e+00,-1.000000000000000000e+00,-1.000000000000000000e+00,-1.000000000000000000e+00,-1.000000000000000000e+00,-1.000000000000000000e+00,-1.000000000000000000e+00,-1.000000000000000000e+00,-1.000000000000000000e+00,-1.000000000000000000e+00,-1.000000000000000000e+00,-1.000000000000000000e+00,-1.000000000000000000e+00,-1.000000000000000000e+00,-1.000000000000000000e+00,-1.000000000000000000e+00,-1.000000000000000000e+00,-1.000000000000000000e+00,-1.000000000000000000e+00,-1.000000000000000000e+00,-1.000000000000000000e+00,-1.000000000000000000e+00,-1.000000000000000000e+00,-1.000000000000000000e+00,-1.000000000000000000e+00,-1.000000000000000000e+00,-1.000000000000000000e+00,-1.000000000000000000e+00,-1.000000000000000000e+00,-1.000000000000000000e+00,-1.285868051862266714e+00,-1.286299675048703905e+00,-1.287889215004656140e+00,-1.290893504310462792e+00,-1.295259705766430347e+00,-1.301115755733948331e+00,-1.308615677127875188e+00,-1.317861246799614250e+00,-1.328794854047967711e+00,-1.341060517816505149e+00,-1.353854980981477718e+00,-1.365802012578153812e+00,-1.374869233564105508e+00,-1.378315771175345761e+00,-1.372638274663630531e+00,-1.353493174294031709e+00,-1.315612316127116710e+00,-1.252782662718730622e+00,-1.158023113577436147e+00,-1.024179608998533109e+00,-8.453141205637391131e-01,-6.195294964934270343e-01,-3.542097128134749084e-01,-7.457233494385817618e-02,1.663298816116207668e-01,2.919912306650982448e-01,2.921558829448698269e-01,1.668381192187671225e-01,-7.367794317769593704e-02,-3.528594041869861364e-01,-6.176289057842948571e-01,-8.427495893766950852e-01,-1.020827784608276056e+00,-1.153766344955700740e+00,-1.247530921669867787e+00,-1.309330544528960250e+00,-1.346229962389958512e+00,-1.364548118381612829e+00,-1.369664450732141381e+00,-1.366012785571416144e+00,-1.357136819589271459e+00,-1.345749096245122178e+00,-1.333788378197701352e+00,-1.322499464624022902e+00,-1.312555291901531529e+00,-1.304213499275460153e+00,-1.297476135390795982e+00,-1.292221402592128143e+00,-1.288295029899571009e+00,-1.285570296676796787e+00,-1.284060131816096906e+00,-1.283578945153133866e+00,-1.000000000000000000e+00,-1.000000000000000000e+00,-1.000000000000000000e+00,-1.000000000000000000e+00,-1.000000000000000000e+00,-1.000000000000000000e+00,-1.000000000000000000e+00,-1.000000000000000000e+00,-1.000000000000000000e+00,-1.000000000000000000e+00,-1.000000000000000000e+00,-1.000000000000000000e+00,-1.000000000000000000e+00,-1.000000000000000000e+00,-1.000000000000000000e+00,-1.000000000000000000e+00,-1.000000000000000000e+00,-1.000000000000000000e+00,-1.000000000000000000e+00,-1.000000000000000000e+00,-1.000000000000000000e+00,-1.000000000000000000e+00,-1.000000000000000000e+00,-1.000000000000000000e+00,-1.000000000000000000e+00,-1.000000000000000000e+00,-1.000000000000000000e+00,-1.000000000000000000e+00,-1.000000000000000000e+00,-1.000000000000000000e+00,-1.000000000000000000e+00,-1.000000000000000000e+00,-1.000000000000000000e+00,-1.000000000000000000e+00,-1.000000000000000000e+00,-1.000000000000000000e+00,-1.000000000000000000e+00,-1.000000000000000000e+00,-1.000000000000000000e+00,-1.000000000000000000e+00,-1.000000000000000000e+00,-1.000000000000000000e+00,-1.000000000000000000e+00,-1.000000000000000000e+00,-1.000000000000000000e+00,-1.000000000000000000e+00
-1.000000000000000000e+00,-1.000000000000000000e+00,-1.000000000000000000e+00,-1.000000000000000000e+00,-1.000000000000000000e+00,-1.000000000000000000e+00,-1.000000000000000000e+00,-1.000000000000000000e+00,-1.000000000000000000e+00,-1.000000000000000000e+00,-1.000000000000000000e+00,-1.000000000000000000e+00,-1.000000000000000000e+00,-1.000000000000000000e+00,-1.000000000000000000e+00,-1.000000000000000000e+00,-1.000000000000000000e+00,-1.000000000000000000e+00,-1.000000000000000000e+00,-1.000000000000000000e+00,-1.000000000000000000e+00,-1.000000000000000000e+00,-1.000000000000000000e+00,-1.000000000000000000e+00,-1.000000000000000000e+00,-1.000000000000000000e+00,-1.000000000000000000e+00,-1.000000000000000000e+00,-1.000000000000000000e+00,-1.000000000000000000e+00,-1.000000000000000000e+00,-1.000000000000000000e+00,-1.000000000000000000e+00,-1.000000000000000000e+00,-1.000000000000000000e+00,-1.000000000000000000e+00,-1.000000000000000000e+00,-1.000000000000000000e+00,-1.000000000000000000e+00,-1.000000000000000000e+00,-1.000000000000000000e+00,-1.000000000000000000e+00,-1.000000000000000000e+00,-1.000000000000000000e+00,-1.000000000000000000e+00,-1.000000000000000000e+00,-1.306671690307422473e+00,-1.307056230364250782e+00,-1.308448548603076800e+00,-1.311059838757384188e+00,-1.314854468886537120e+00,-1.319948514607943713e+00,-1.326485061912623387e+00,-1.334570493543320469e+00,-1.344180320208608448e+00,-1.355027313522050525e+00,-1.366407465385198083e+00,-1.377056837779006671e+00,-1.385048248903954615e+00,-1.387728855013988793e+00,-1.381672223462405480e+00,-1.362619135223675393e+00,-1.325415233661738856e+00,-1.264007030412630739e+00,-1.171621673029053845e+00,-1.041343967034321860e+00,-8.674555041116480680e-01,-6.481605264132825894e-01,-3.906523770721073152e-01,-1.193954670285674036e-01,1.141809284802632884e-01,2.359413687120095471e-01,2.361025427367708929e-01,1.146782811268749480e-01,-1.185207696285415224e-01,-3.893330890392141530e-01,-6.463062019543073244e-01,-8.649582365642281001e-01,-1.038088549516653192e+00,-1.167501612566296032e+00,-1.258946932487908565e+00,-1.319398031505276681e+00,-1.355713408278723886e+00,-1.374051128777628472e+00,-1.379669937184982764e+00,-1.376905580458385403e+00,-1.369205796676587816e+00,-1.359176085261526001e+00,-1.348638564332779177e+00,-1.338727160265693605e+00,-1.330028913541591251e+00,-1.322751487721355979e+00,-1.316880853456186440e+00,-1.312302334047512176e+00,-1.308879426776816235e+00,-1.306502253315716011e+00,-1.305177157453869086e+00,-1.304753450585773411e+00,-1.000000000000000000e+00,-1.000000000000000000e+00,-1.000000000000000000e+00,-1.000000000000000000e+00,-1.000000000000000000e+00,-1.000000000000000000e+00,-1.000000000000000000e+00,-1.000000000000000000e+00,-1.000000000000000000e+00,-1.000000000000000000e+00,-1.000000000000000000e+00,-1.000000000000000000e+00,-1.000000000000000000e+00,-1.000000000000000000e+00,-1.000000000000000000e+00,-1.000000000000000000e+00,-1.000000000000000000e+00,-1.000000000000000000e+00,-1.000000000000000000e+00,-1.000000000000000000e+00,-1.000000000000000000e+00,-1.000000000000000000e+00,-1.000000000000000000e+00,-1.000000000000000000e+00,-1.000000000000000000e+00,-1.000000000000000000e+00,-1.000000000000000000e+00,-1.000000000000000000e+00,-1.000000000000000000e+00,-1.000000000000000000e+00,-1.000000000000000000e+00,-1.000000000000000000e+00,-1.000000000000000000e+00,-1.000000000000000000e+00,-1.000000000000000000e+00,-1.000000000000000000e+00,-1.000000000000000000e+00,-1.000000000000000000e+00,-1.000000000000000000e+00,-1.000000000000000000e+00,-1.000000000000000000e+00,-1.000000000000000000e+00,-1.000000000000000000e+00,-1.000000000000000000e+00,-1.000000000000000000e+00,-1.000000000000000000e+00
-1.000000000000000000e+00,-1.000000000000000000e+00,-1.000000000000000000e+00,-1.000000000000000000e+00,-1.000000000000000000e+00,-1.000000000000000000e+00,-1.000000000000000000e+00,-1.000000000000000000e+00,-1.000000000000000000e+00,-1.000000000000000000e+00,-1.000000000000000000e+00,-1.000000000000000000e+00,-1.000000000000000000e+00,-1.000000000000000000e+00,-1.000000000000000000e+00,-1.000000000000000000e+00,-1.000000000000000000e+00,-1.000000000000000000e+00,-1.000000000000000000e+00,-1.000000000000000000e+00,-1.000000000000000000e+00,-1.000000000000000000e+00,-1.000000000000000000e+00,-1.000000000000000000e+00,-1.000000000000000000e+00,-1.000000000000000000e+00,-1.000000000000000000e+00,-1.000000000000000000e+00,-1.000000000000000000e+00,-1.000000000000000000e+00,-1.000000000000000000e+00,-1.000000000000000000e+00,-1.000000000000000000e+00,-1.000000000000000000e+00,-1.000000000000000000e+00,-1.000000000000000000e+00,-1.000000000000000000e+00,-1.000000000000000000e+00,-1.000000000000000000e+00,-1.000000000000000000e+00,-1.000000000000000000e+00,-1.000000000000000000e+00,-1.000000000000000000e+00,-1.000000000000000000e+00,-1.000000000000000000e+00,-1.000000000000000000e+00,-1.321485984780895961e+00,-1.321839314419197997e+00,-1.323104836875065971e+00,-1.325464492840290998e+00,-1.328888894700703149e+00,-1.333483489886848172e+00,-1.339380207013749713e+00,-1.346682770629585857e+00,-1.355381986242908177e+00,-1.365231088756410083e+00,-1.375591497215294057e+00,-1.385279727602777511e+00,-1.392449360645068079e+00,-1.394518630434922857e+00,-1.388123598522701840e+00,-1.369070162788310618e+00,-1.332286851508218462e+00,-1.271832816863261550e+00,-1.181080409532633491e+00,-1.053280131285797117e+00,-8.828652470975497657e-01,-6.681086137121022839e-01,-4.160676260018375539e-01,-1.506769020862946951e-01,7.777323714021489032e-02,1.968075962467199513e-01,1.969656975143831978e-01,7.826100104237032618e-02,-1.498194567532531440e-01,-4.147752882057836876e-01,-6.662940548223941217e-01,-8.804250437663820872e-01,-1.050105283703456571e+00,-1.177072718874706103e+00,-1.266927468343933327e+00,-1.326479349968533450e+00,-1.362442385188887162e+00,-1.380860016225593512e+00,-1.386901928878152779e+00,-1.384827902234259334e+00,-1.378009444207788814e+00,-1.368968810987189366e+00,-1.359442060372124672e+00,-1.350486850984883302e+00,-1.342636238542380234e+00,-1.336070794055824518e+00,-1.330771992178390040e+00,-1.326634548255156254e+00,-1.323536698958285962e+00,-1.321381668488266437e+00,-1.320175050823871432e+00,-1.319788149113534370e+00,-1.000000000000000000e+00,-1.000000000000000000e+00,-1.000000000000000000e+00,-1.000000000000000000e+00,-1.000000000000000000e+00,-1.000000000000000000e+00,-1.000000000000000000e+00,-1.000000000000000000e+00,-1.000000000000000000e+00,-1.000000000000000000e+00,-1.000000000000000000e+00,-1.000000000000000000e+00,-1.000000000000000000e+00,-1.000000000000000000e+00,-1.000000000000000000e+00,-1.000000000000000000e+00,-1.000000000000000000e+00,-1.000000000000000000e+00,-1.000000000000000000e+00,-1.000000000000000000e+00,-1.000000000000000000e+00,-1.000000000000000000e+00,-1.000000000000000000e+00,-1.000000000000000000e+00,-1.000000000000000000e+00,-1.000000000000000000e+00,-1.000000000000000000e+00,-1.000000000000000000e+00,-1.000000000000000000e+00,-1.000000000000000000e+00,-1.000000000000000000e+00,-1.000000000000000000e+00,-1.000000000000000000e+00,-1.000000000000000000e+00,-1.000000000000000000e+00,-1.000000000000000000e+00,-1.000000000000000000e+00,-1.000000000000000000e+00,-1.000000000000000000e+00,-1.000000000000000000e+00,-1.000000000000000000e+00,-1.000000000000000000e+00,-1.000000000000000000e+00,-1.000000000000000000e+00,-1.000000000000000000e+00,-1.000000000000000000e+00
-1.000000000000000000e+00,-1.000000000000000000e+00,-1.000000000000000000e+00,-1.000000000000000000e+00,-1.000000000000000000e+00,-1.000000000000000000e+00,-1.000000000000000000e+00,-1.000000000000000000e+00,-1.000000000000000000e+00,-1.000000000000000000e+00,-1.000000000000000000e+00,-1.000000000000000000e+00,-1.000000000000000000e+00,-1.000000000000000000e+00,-1.000000000000000000e+00,-1.000000000000000000e+00,-1.000000000000000000e+00,-1.000000000000000000e+00,-1.000000000000000000e+00,-1.000000000000000000e+00,-1.000000000000000000e+00,-1.000000000000000000e+00,-1.000000000000000000e+00,-1.000000000000000000e+00,-1.000000000000000000e+00,-1.000000000000000000e+00,-1.000000000000000000e+00,-1.000000000000000000e+00,-1.000000000000000000e+00,-1.000000000000000000e+00,-1.000000000000000000e+00,-1.000000000000000000e+00,-1.000000000000000000e+00,-1.000000000000000000e+00,-1.000000000000000000e+00,-1.000000000000000000e+00,-1.000000000000000000e+00,-1.000000000000000000e+00,-1.000000000000000000e+00,-1.000000000000000000e+00,-1.000000000000000000e+00,-1.000000000000000000e+00,-1.000000000000000000e+00,-1.000000000000000000e+00,-1.000000000000000000e+00,-1.000000000000000000e+00,-1.329179685150020163e+00,-1.329517482904848169e+00,-1.330721054450016094e+00,-1.332958209905836355e+00,-1.336201293650970179e+00,-1.340549567430727063e+00,-1.346128232175065831e+00,-1.353037972209084616e+00,-1.361275071395853464e+00,-1.370611022263980461e+00,-1.380439242666471777e+00,-1.389617796068861377e+00,-1.396343821725254619e+00,-1.398075124686283477e+00,-1.391482835849686017e+00,-1.372408497410149364e+00,-1.335824486535449829e+00,-1.275848339142173993e+00,-1.185927016460157857e+00,-1.059395851052032489e+00,-8.907655305193594719e-01,-6.783434791162440414e-01,-4.291163142200529190e-01,-1.667451210665136241e-01,5.906685592311067268e-02,1.766993765264821548e-01,1.768556891218737714e-01,5.954904525313198249e-02,-1.658976801460559924e-01,-4.278395461353214912e-01,-6.765517800620218791e-01,-8.883579316645087154e-01,-1.056266708710809299e+00,-1.181982552797577135e+00,-1.271029284284813876e+00,-1.330132790896958017e+00,-1.365932626775596237e+00,-1.384412475890897998e+00,-1.390694562051389971e+00,-1.388997068288863046e+00,-1.382649317021046764e+00,-1.374128217210760949e+00,-1.365124488367325917e+00,-1.356657376368066714e+00,-1.349234348308017140e+00,-1.343024520989706483e+00,-1.338009019951397205e+00,-1.334088601379591177e+00,-1.331149710418996435e+00,-1.329102714421362741e+00,-1.327953798519776019e+00,-1.327584837911564675e+00,-1.000000000000000000e+00,-1.000000000000000000e+00,-1.000000000000000000e+00,-1.000000000000000000e+00,-1.000000000000000000e+00,-1.000000000000000000e+00,-1.000000000000000000e+00,-1.000000000000000000e+00,-1.000000000000000000e+00,-1.000000000000000000e+00,-1.000000000000000000e+00,-1.000000000000000000e+00,-1.000000000000000000e+00,-1.000000000000000000e+00,-1.000000000000000000e+00,-1.000000000000000000e+00,-1.000000000000000000e+00,-1.000000000000000000e+00,-1.000000000000000000e+00,-1.000000000000000000e+00,-1.000000000000000000e+00,-1.000000000000000000e+00,-1.000000000000000000e+00,-1.000000000000000000e+00,-1.000000000000000000e+00,-1.000000000000000000e+00,-1.000000000000000000e+00,-1.000000000000000000e+00,-1.000000000000000000e+00,-1.000000000000000000e+00,-1.000000000000000000e+00,-1.000000000000000000e+00,-1.000000000000000000e+00,-1.000000000000000000e+00,-1.000000000000000000e+00,-1.000000000000000000e+00,-1.000000000000000000e+00,-1.000000000000000000e+00,-1.000000000000000000e+00,-1.000000000000000000e+00,-1.000000000000000000e+00,-1.000000000000000000e+00,-1.000000000000000000e+00,-1.000000000000000000e+00,-1.000000000000000000e+00,-1.000000000000000000e+00
-1.000000000000000000e+00,-1.000000000000000000e+00,-1.000000000000000000e+00,-1.000000000000000000e+00,-1.000000000000000000e+00,-1.000000000000000000e+00,-1.000000000000000000e+00,-1.000000000000000000e+00,-1.000000000000000000e+00,-1.000000000000000000e+00,-1.000000000000000000e+00,-1.000000000000000000e+00,-1.000000000000000000e+00,-1.000000000000000000e+00,-1.000000000000000000e+00,-1.000000000000000000e+00,-1.000000000000000000e+00,-1.000000000000000000e+00,-1.000000000000000000e+00,-1.000000000000000000e+00,-1.000000000000000000e+00,-1.000000000000000000e+00,-1.000000000000000000e+00,-1.000000000000000000e+00,-1.000000000000000000e+00,-1.000000000000000000e+00,-1.000000000000000000e+00,-1.000000000000000000e+00,-1.000000000000000000e+00,-1.000000000000000000e+00,-1.000000000000000000e+00,-1.000000000000000000e+00,-1.000000000000000000e+00,-1.000000000000000000e+00,-1.000000000000000000e+00,-1.000000000000000000e+00,-1.000000000000000000e+00,-1.000000000000000000e+00,-1.000000000000000000e+00,-1.000000000000000000e+00,-1.000000000000000000e+00,-1.000000000000000000e+00,-1.000000000000000000e+00,-1.000000000000000000e+00,-1.000000000000000000e+00,-1.000000000000000000e+00,-1.329179685664196864e+00,-1.329517483555934909e+00,-1.330721055195573044e+00,-1.332958210806825416e+00,-1.336201294826022901e+00,-1.340549568884880749e+00,-1.346128233899740456e+00,-1.353037973903104874e+00,-1.361275072750817605e+00,-1.370611022951070401e+00,-1.380439242502435881e+00,-1.389617795041659498e+00,-1.396343819895117910e+00,-1.398075122287710581e+00,-1.391482833178074863e+00,-1.372408494769010279e+00,-1.335824484036058468e+00,-1.275848336866662880e+00,-1.185927014386609413e+00,-1.059395849201102191e+00,-8.907655289299515333e-01,-6.783434777865632315e-01,-4.291163131782713691e-01,-1.667451202905831931e-01,5.906685640221698286e-02,1.766993766788218512e-01,1.768556889227597129e-01,5.954904470341326750e-02,-1.658976809720504875e-01,-4.278395471666753824e-01,-6.765517812274562948e-01,-8.883579329837545391e-01,-1.056266710212422133e+00,-1.181982554500014881e+00,-1.271029286187577156e+00,-1.330132792963797161e+00,-1.365932628940421667e+00,-1.384412478005765834e+00,-1.390694563826995855e+00,-1.388997069514619431e+00,-1.382649317417132817e+00,-1.374128216739284314e+00,-1.365124487099337758e+00,-1.356657374612990186e+00,-1.349234346357128800e+00,-1.343024519181737597e+00,-1.338009018483556023e+00,-1.334088600269152991e+00,-1.331149709526636471e+00,-1.329102713788039125e+00,-1.327953797911627820e+00,-1.327584837412491447e+00,-1.000000000000000000e+00,-1.000000000000000000e+00,-1.000000000000000000e+00,-1.000000000000000000e+00,-1.000000000000000000e+00,-1.000000000000000000e+00,-1.000000000000000000e+00,-1.000000000000000000e+00,-1.000000000000000000e+00,-1.000000000000000000e+00,-1.000000000000000000e+00,-1.000000000000000000e+00,-1.000000000000000000e+00,-1.000000000000000000e+00,-1.000000000000000000e+00,-1.000000000000000000e+00,-1.000000000000000000e+00,-1.000000000000000000e+00,-1.000000000000000000e+00,-1.000000000000000000e+00,-1.000000000000000000e+00,-1.000000000000000000e+00,-1.000000000000000000e+00,-1.000000000000000000e+00,-1.000000000000000000e+00,-1.000000000000000000e+00,-1.000000000000000000e+00,-1.000000000000000000e+00,-1.000000000000000000e+00,-1.000000000000000000e+00,-1.000000000000000000e+00,-1.000000000000000000e+00,-1.000000000000000000e+00,-1.000000000000000000e+00,-1.000000000000000000e+00,-1.000000000000000000e+00,-1.000000000000000000e+00,-1.000000000000000000e+00,-1.000000000000000000e+00,-1.000000000000000000e+00,-1.000000000000000000e+00,-1.000000000000000000e+00,-1.000000000000000000e+00,-1.000000000000000000e+00,-1.000000000000000000e+00,-1.000000000000000000e+00
-1.000000000000000000e+00,-1.000000000000000000e+00,-1.000000000000000000e+00,-1.000000000000000000e+00,-1.000000000000000000e+00,-1.000000000000000000e+00,-1.000000000000000000e+00,-1.000000000000000000e+00,-1.000000000000000000e+00,-1.000000000000000000e+00,-1.000000000000000000e+00,-1.000000000000000000e+00,-1.000000000000000000e+00,-1.000000000000000000e+00,-1.000000000000000000e+00,-1.000000000000000000e+00,-1.000000000000000000e+00,-1.000000000000000000e+00,-1.000000000000000000e+00,-1.000000000000000000e+00,-1.000000000000000000e+00,-1.000000000000000000e+00,-1.000000000000000000e+00,-1.000000000000000000e+00,-1.000000000000000000e+00,-1.000000000000000000e+00,-1.000000000000000000e+00,-1.000000000000000000e+00,-1.000000000000000000e+00,-1.000000000000000000e+00,-1.000000000000000000e+00,-1.000000000000000000e+00,-1.000000000000000000e+00,-1.000000000000000000e+00,-1.000000000000000000e+00,-1.000000000000000000e+00,-1.000000000000000000e+00,-1.000000000000000000e+00,-1.000000000000000000e+00,-1.000000000000000000e+00,-1.000000000000000000e+00,-1.000000000000000000e+00,-1.000000000000000000e+00,-1.000000000000000000e+00,-1.000000000000000000e+00,-1.000000000000000000e+00,-1.321485986381816691e+00,-1.321839316406524745e+00,-1.323104839114636277e+00,-1.325464495515924490e+00,-1.328888898148905096e+00,-1.333483494107431833e+00,-1.339380211971349821e+00,-1.346682775455223524e+00,-1.355381990068045717e+00,-1.365231090659155377e+00,-1.375591496690945270e+00,-1.385279724626279130e+00,-1.392449355376980558e+00,-1.394518623522677636e+00,-1.388123590795248496e+00,-1.369070155107812381e+00,-1.332286844190189168e+00,-1.271832810160728577e+00,-1.181080403401363110e+00,-1.053280125808892631e+00,-8.828652424043709201e-01,-6.681086098054365152e-01,-4.160676229594271192e-01,-1.506768998340759502e-01,7.777323852758888378e-02,1.968075966951816635e-01,1.969656969572171068e-01,7.826099947599729489e-02,-1.498194591291381883e-01,-4.147752911984283752e-01,-6.662940582346319474e-01,-8.804250476547968995e-01,-1.050105288140642301e+00,-1.177072723892605755e+00,-1.266927473915717695e+00,-1.326479355966398543e+00,-1.362442391414947274e+00,-1.380860022265048004e+00,-1.386901933923573083e+00,-1.384827905715137142e+00,-1.378009445341186190e+00,-1.368968809665650266e+00,-1.359442056784367914e+00,-1.350486845995642060e+00,-1.342636232958729581e+00,-1.336070788836303702e+00,-1.330771987897247044e+00,-1.326634544977235874e+00,-1.323536696299524751e+00,-1.321381666564333646e+00,-1.320175048953584174e+00,-1.319788147548795809e+00,-1.000000000000000000e+00,-1.000000000000000000e+00,-1.000000000000000000e+00,-1.000000000000000000e+00,-1.000000000000000000e+00,-1.000000000000000000e+00,-1.000000000000000000e+00,-1.000000000000000000e+00,-1.000000000000000000e+00,-1.000000000000000000e+00,-1.000000000000000000e+00,-1.000000000000000000e+00,-1.000000000000000000e+00,-1.000000000000000000e+00,-1.000000000000000000e+00,-1.000000000000000000e+00,-1.000000000000000000e+00,-1.000000000000000000e+00,-1.000000000000000000e+00,-1.000000000000000000e+00,-1.000000000000000000e+00,-1.000000000000000000e+00,-1.000000000000000000e+00,-1.000000000000000000e+00,-1.000000000000000000e+00,-1.000000000000000000e+00,-1.000000000000000000e+00,-1.000000000000000000e+00,-1.000000000000000000e+00,-1.000000000000000000e+00,-1.000000000000000000e+00,-1.000000000000000000e+00,-1.000000000000000000e+00,-1.000000000000000000e+00,-1.000000000000000000e+00,-1.000000000000000000e+00,-1.000000000000000000e+00,-1.000000000000000000e+00,-1.000000000000000000e+00,-1.000000000000000000e+00,-1.000000000000000000e+00,-1.000000000000000000e+00,-1.000000000000000000e+00,-1.000000000000000000e+00,-1.000000000000000000e+00,-1.000000000000000000e+00
-1.000000000000000000e+00,-1.000000000000000000e+00,-1.000000000000000000e+00,-1.000000000000000000e+00,-1.000000000000000000e+00,-1.000000000000000000e+00,-1.000000000000000000e+00,-1.000000000000000000e+00,-1.000000000000000000e+00,-1.000000000000000000e+00,-1.000000000000000000e+00,-1.000000000000000000e+00,-1.000000000000000000e+00,-1.000000000000000000e+00,-1.000000000000000000e+00,-1.000000000000000000e+00,-1.000000000000000000e+00,-1.000000000000000000e+00,-1.000000000000000000e+00,-1.000000000000000000e+00,-1.000000000000000000e+00,-1.000000000000000000e+00,-1.000000000000000000e+00,-1.000000000000000000e+00,-1.000000000000000000e+00,-1.000000000000000000e+00,-1.000000000000000000e+00,-1.000000000000000000e+00,-1.000000000000000000e+00,-1.000000000000000000e+00,-1.000000000000000000e+00,-1.000000000000000000e+00,-1.000000000000000000e+00,-1.000000000000000000e+00,-1.000000000000000000e+00,-1.000000000000000000e+00,-1.000000000000000000e+00,-1.000000000000000000e+00,-1.000000000000000000e+00,-1.000000000000000000e+00,-1.000000000000000000e+00,-1.000000000000000000e+00,-1.000000000000000000e+00,-1.000000000000000000e+00,-1.000000000000000000e+00,-1.000000000000000000e+00,-1.306671693152591240e+00,-1.307056233774440912e+00,-1.308448552333838721e+00,-1.311059843116980206e+00,-1.314854474373977400e+00,-1.319948521179838075e+00,-1.326485069483255730e+00,-1.334570500778819557e+00,-1.344180325839276158e+00,-1.355027316208810007e+00,-1.366407464417001894e+00,-1.377056833148249115e+00,-1.385048240814338305e+00,-1.387728844378758097e+00,-1.381672211491800972e+00,-1.362619123201850524e+00,-1.325415222058729414e+00,-1.264007019660938314e+00,-1.171621663117355494e+00,-1.041343958163265748e+00,-8.674554965347075486e-01,-6.481605201621245538e-01,-3.906523722580854674e-01,-1.193954635053897650e-01,1.141809306419996339e-01,2.359413694368852621e-01,2.361025419326998609e-01,1.146782787707403273e-01,-1.185207732747308729e-01,-3.893330937136927350e-01,-6.463062073754690662e-01,-8.649582428146002089e-01,-1.038088556675744512e+00,-1.167501620617662050e+00,-1.258946941314840862e+00,-1.319398040843835496e+00,-1.355713417805118004e+00,-1.374051137890138552e+00,-1.379669944721332753e+00,-1.376905585649636388e+00,-1.369205798388529516e+00,-1.359176083335808638e+00,-1.348638559017421468e+00,-1.338727152812722698e+00,-1.330028905091339197e+00,-1.322751479686616882e+00,-1.316880846731019128e+00,-1.312302328774167304e+00,-1.308879422416173721e+00,-1.306502250040778801e+00,-1.305177154196877742e+00,-1.304753447767085905e+00,-1.000000000000000000e+00,-1.000000000000000000e+00,-1.000000000000000000e+00,-1.000000000000000000e+00,-1.000000000000000000e+00,-1.000000000000000000e+00,-1.000000000000000000e+00,-1.000000000000000000e+00,-1.000000000000000000e+00,-1.000000000000000000e+00,-1.000000000000000000e+00,-1.000000000000000000e+00,-1.000000000000000000e+00,-1.000000000000000000e+00,-1.000000000000000000e+00,-1.000000000000000000e+00,-1.000000000000000000e+00,-1.000000000000000000e+00,-1.000000000000000000e+00,-1.000000000000000000e+00,-1.000000000000000000e+00,-1.000000000000000000e+00,-1.000000000000000000e+00,-1.000000000000000000e+00,-1.000000000000000000e+00,-1.000000000000000000e+00,-1.000000000000000000e+00,-1.000000000000000000e+00,-1.000000000000000000e+00,-1.000000000000000000e+00,-1.000000000000000000e+00,-1.000000000000000000e+00,-1.000000000000000000e+00,-1.000000000000000000e+00,-1.000000000000000000e+00,-1.000000000000000000e+00,-1.000000000000000000e+00,-1.000000000000000000e+00,-1.000000000000000000e+00,-1.000000000000000000e+00,-1.000000000000000000e+00,-1.000000000000000000e+00,-1.000000000000000000e+00,-1.000000000000000000e+00,-1.000000000000000000e+00,-1.000000000000000000e+00
-1.000000000000000000e+00,-1.000000000000000000e+00,-1.000000000000000000e+00,-1.000000000000000000e+00,-1.000000000000000000e+00,-1.000000000000000000e+00,-1.000000000000000000e+00,-1.000000000000000000e+00,-1.000000000000000000e+00,-1.000000000000000000e+00,-1.000000000000000000e+00,-1.000000000000000000e+00,-1.000000000000000000e+00,-1.000000000000000000e+00,-1.000000000000000000e+00,-1.000000000000000000e+00,-1.000000000000000000e+00,-1.000000000000000000e+00,-1.000000000000000000e+00,-1.000000000000000000e+00,-1.000000000000000000e+00,-1.000000000000000000e+00,-1.000000000000000000e+00,-1.000000000000000000e+00,-1.000000000000000000e+00,-1.000000000000000000e+00,-1.000000000000000000e+00,-1.000000000000000000e+00,-1.000000000000000000e+00,-1.000000000000000000e+00,-1.000000000000000000e+00,-1.000000000000000000e+00,-1.000000000000000000e+00,-1.000000000000000000e+00,-1.000000000000000000e+00,-1.000000000000000000e+00,-1.000000000000000000e+00,-1.000000000000000000e+00,-1.000000000000000000e+00,-1.000000000000000000e+00,-1.000000000000000000e+00,-1.000000000000000000e+00,-1.000000000000000000e+00,-1.000000000000000000e+00,-1.000000000000000000e+00,-1.000000000000000000e+00,-1.285868056159954254e+00,-1.286299679977469079e+00,-1.287889220187867334e+00,-1.290893510177692605e+00,-1.295259712897975035e+00,-1.301115764000633446e+00,-1.308615686374090981e+00,-1.317861255390686770e+00,-1.328794860543505596e+00,-1.341060520696342628e+00,-1.353854979472018050e+00,-1.365802006720323369e+00,-1.374869223530201134e+00,-1.378315757954436727e+00,-1.372638259647767978e+00,-1.353493158996973422e+00,-1.315612301095532732e+00,-1.252782648558674827e+00,-1.158023100370938030e+00,-1.024179597131430253e+00,-8.453141104558024033e-01,-6.195294882421666927e-01,-3.542097065476177420e-01,-7.457233042621747021e-02,1.663298843751144229e-01,2.919912316481718673e-01,2.921558820492822228e-01,1.668381163828216440e-01,-7.367794771073876703e-02,-3.528594101494647584e-01,-6.176289128581089471e-01,-8.427495976442320735e-01,-1.020827794103575048e+00,-1.153766355536913979e+00,-1.247530933059870284e+00,-1.309330556285590141e+00,-1.346229974085720871e+00,-1.364548129339863802e+00,-1.369664459654958977e+00,-1.366012791697455153e+00,-1.357136821637008328e+00,-1.345749094033064308e+00,-1.333788371975801024e+00,-1.322499455814621472e+00,-1.312555281728202239e+00,-1.304213489356771838e+00,-1.297476126834709031e+00,-1.292221395638384784e+00,-1.288295023973591968e+00,-1.285570291985034475e+00,-1.284060127003952001e+00,-1.283578940813894231e+00,-1.000000000000000000e+00,-1.000000000000000000e+00,-1.000000000000000000e+00,-1.000000000000000000e+00,-1.000000000000000000e+00,-1.000000000000000000e+00,-1.000000000000000000e+00,-1.000000000000000000e+00,-1.000000000000000000e+00,-1.000000000000000000e+00,-1.000000000000000000e+00,-1.000000000000000000e+00,-1.000000000000000000e+00,-1.000000000000000000e+00,-1.000000000000000000e+00,-1.000000000000000000e+00,-1.000000000000000000e+00,-1.000000000000000000e+00,-1.000000000000000000e+00,-1.000000000000000000e+00,-1.000000000000000000e+00,-1.000000000000000000e+00,-1.000000000000000000e+00,-1.000000000000000000e+00,-1.000000000000000000e+00,-1.000000000000000000e+00,-1.000000000000000000e+00,-1.000000000000000000e+00,-1.000000000000000000e+00,-1.000000000000000000e+00,-1.000000000000000000e+00,-1.000000000000000000e+00,-1.000000000000000000e+00,-1.000000000000000000e+00,-1.000000000000000000e+00,-1.000000000000000000e+00,-1.000000000000000000e+00,-1.000000000000000000e+00,-1.000000000000000000e+00,-1.000000000000000000e+00,-1.000000000000000000e+00,-1.000000000000000000e+00,-1.000000000000000000e+00,-1.000000000000000000e+00,-1.000000000000000000e+00,-1.000000000000000000e+00
-1.000000000000000000e+00,-1.000000000000000000e+00,-1.000000000000000000e+00,-1.000000000000000000e+00,-1.000000000000000000e+00,-1.000000000000000000e+00,-1.000000000000000000e+00,-1.000000000000000000e+00,-1.000000000000000000e+00,-1.000000000000000000e+00,-1.000000000000000000e+00,-1.000000000000000000e+00,-1.000000000000000000e+00,-1.000000000000000000e+00,-1.000000000000000000e+00,-1.000000000000000000e+00,-1.000000000000000000e+00,-1.000000000000000000e+00,-1.000000000000000000e+00,-1.000000000000000000e+00,-1.000000000000000000e+00,-1.000000000000000000e+00,-1.000000000000000000e+00,-1.000000000000000000e+00,-1.000000000000000000e+00,-1.000000000000000000e+00,-1.000000000000000000e+00,-1.000000000000000000e+00,-1.000000000000000000e+00,-1.000000000000000000e+00,-1.000000000000000000e+00,-1.000000000000000000e+00,-1.000000000000000000e+00,-1.000000000000000000e+00,-1.000000000000000000e+00,-1.000000000000000000e+00,-1.000000000000000000e+00,-1.000000000000000000e+00,-1.000000000000000000e+00,-1.000000000000000000e+00,-1.000000000000000000e+00,-1.000000000000000000e+00,-1.000000000000000000e+00,-1.000000000000000000e+00,-1.000000000000000000e+00,-1.000000000000000000e+00,-1.260741233321838850e+00,-1.261237577412743338e+00,-1.263102719699528809e+00,-1.266652784950999866e+00,-1.271799124851637597e+00,-1.278679953270408731e+00,-1.287452968210853310e+00,-1.298197913823912364e+00,-1.310796382395565951e+00,-1.324790747756923848e+00,-1.339249129833122165e+00,-1.352664454228802660e+00,-1.362892727686981997e+00,-1.367105851879049316e+00,-1.361723656978562236e+00,-1.342310090420048452e+00,-1.303461530588461370e+00,-1.238767720743496836e+00,-1.140986563680154386e+00,-1.002662942647750244e+00,-8.175805409543821511e-01,-5.837103784575187193e-01,-3.086676838644081267e-01,-1.860111501504946308e-02,2.314222351909169806e-01,3.619494059717989209e-01,3.621168961609757542e-01,2.319394164227619459e-01,-1.769031816687438585e-02,-3.072910211199569863e-01,-5.817694914039878151e-01,-8.149557011686050512e-01,-9.992218744629054461e-01,-1.136598920982939909e+00,-1.233326160494409685e+00,-1.296908749604120059e+00,-1.334668501762165116e+00,-1.353120904091026366e+00,-1.357786325668302929e+00,-1.353204967975923045e+00,-1.343019280324091458e+00,-1.330054157681731741e+00,-1.316379596746815928e+00,-1.303377060659898445e+00,-1.291837770299570032e+00,-1.282099899584317582e+00,-1.274203437556942875e+00,-1.268030674245815614e+00,-1.263412229163216827e+00,-1.260202987475844916e+00,-1.258433827393000914e+00,-1.257871772104035113e+00,-1.000000000000000000e+00,-1.000000000000000000e+00,-1.000000000000000000e+00,-1.000000000000000000e+00,-1.000000000000000000e+00,-1.000000000000000000e+00,-1.000000000000000000e+00,-1.000000000000000000e+00,-1.000000000000000000e+00,-1.000000000000000000e+00,-1.000000000000000000e+00,-1.000000000000000000e+00,-1.000000000000000000e+00,-1.000000000000000000e+00,-1.000000000000000000e+00,-1.000000000000000000e+00,-1.000000000000000000e+00,-1.000000000000000000e+00,-1.000000000000000000e+00,-1.000000000000000000e+00,-1.000000000000000000e+00,-1.000000000000000000e+00,-1.000000000000000000e+00,-1.000000000000000000e+00,-1.000000000000000000e+00,-1.000000000000000000e+00,-1.000000000000000000e+00,-1.000000000000000000e+00,-1.000000000000000000e+00,-1.000000000000000000e+00,-1.000000000000000000e+00,-1.000000000000000000e+00,-1.000000000000000000e+00,-1.000000000000000000e+00,-1.000000000000000000e+00,-1.000000000000000000e+00,-1.000000000000000000e+00,-1.000000000000000000e+00,-1.000000000000000000e+00,-1.000000000000000000e+00,-1.000000000000000000e+00,-1.000000000000000000e+00,-1.000000000000000000e+00,-1.000000000000000000e+00,-1.000000000000000000e+00,-1.000000000000000000e+00
-1.000000000000000000e+00,-1.000000000000000000e+00,-1.000000000000000000e+00,-1.000000000000000000e+00,-1.000000000000000000e+00,-1.000000000000000000e+00,-1.000000000000000000e+00,-1.000000000000000000e+00,-1.000000000000000000e+00,-1.000000000000000000e+00,-1.000000000000000000e+00,-1.000000000000000000e+00,-1.000000000000000000e+00,-1.000000000000000000e+00,-1.000000000000000000e+00,-1.000000000000000000e+00,-1.000000000000000000e+00,-1.000000000000000000e+00,-1.000000000000000000e+00,-1.000000000000000000e+00,-1.000000000000000000e+00,-1.000000000000000000e+00,-1.000000000000000000e+00,-1.000000000000000000e+00,-1.000000000000000000e+00,-1.000000000000000000e+00,-1.000000000000000000e+00,-1.000000000000000000e+00,-1.000000000000000000e+00,-1.000000000000000000e+00,-1.000000000000000000e+00,-1.000000000000000000e+00,-1.000000000000000000e+00,-1.000000000000000000e+00,-1.000000000000000000e+00,-1.000000000000000000e+00,-1.000000000000000000e+00,-1.000000000000000000e+00,-1.000000000000000000e+00,-1.000000000000000000e+00,-1.000000000000000000e+00,-1.000000000000000000e+00,-1.000000000000000000e+00,-1.000000000000000000e+00,-1.000000000000000000e+00,-1.000000000000000000e+00,-1.233462930438180782e+00,-1.234058066834808676e+00,-1.236288669024447007e+00,-1.240518783684043447e+00,-1.246629183601378310e+00,-1.254765663954141131e+00,-1.265070245186283415e+00,-1.277569747448360049e+00,-1.292048749671936170e+00,-1.307916388502930127e+00,-1.324094843096523366e+00,-1.338946556796367648e+00,-1.350229341717106735e+00,-1.355045139432139223e+00,-1.349749088877105097e+00,-1.329813583476498362e+00,-1.289686357719979082e+00,-1.222732194792314875e+00,-1.121407447624425791e+00,-9.779073554294239745e-01,-7.856905285679991469e-01,-5.425694169840409309e-01,-2.564151173457871469e-01,4.556842218309298254e-02,3.060207825595526732e-01,4.421245137515981138e-01,4.422932164283353007e-01,3.065419116266541177e-01,4.648690933038746032e-02,-2.550250776035525302e-01,-5.406061410310749604e-01,-7.830288864046388575e-01,-9.744066131973027067e-01,-1.116924510896533773e+00,-1.217141378114670713e+00,-1.282905497433596054e+00,-1.321833975667366712e+00,-1.340663548238491654e+00,-1.345065325877238704e+00,-1.339682238151381100e+00,-1.328242916410633745e+00,-1.313670891604351798e+00,-1.298162012116682362e+00,-1.283244502936711884e+00,-1.269853797915918570e+00,-1.258443142224339173e+00,-1.249123422661416516e+00,-1.241805241866022147e+00,-1.236317251820058027e+00,-1.232496513137276262e+00,-1.230387913661190380e+00,-1.229717213754212946e+00,-1.000000000000000000e+00,-1.000000000000000000e+00,-1.000000000000000000e+00,-1.000000000000000000e+00,-1.000000000000000000e+00,-1.000000000000000000e+00,-1.000000000000000000e+00,-1.000000000000000000e+00,-1.000000000000000000e+00,-1.000000000000000000e+00,-1.000000000000000000e+00,-1.000000000000000000e+00,-1.000000000000000000e+00,-1.000000000000000000e+00,-1.000000000000000000e+00,-1.000000000000000000e+00,-1.000000000000000000e+00,-1.000000000000000000e+00,-1.000000000000000000e+00,-1.000000000000000000e+00,-1.000000000000000000e+00,-1.000000000000000000e+00,-1.000000000000000000e+00,-1.000000000000000000e+00,-1.000000000000000000e+00,-1.000000000000000000e+00,-1.000000000000000000e+00,-1.000000000000000000e+00,-1.000000000000000000e+00,-1.000000000000000000e+00,-1.000000000000000000e+00,-1.000000000000000000e+00,-1.000000000000000000e+00,-1.000000000000000000e+00,-1.000000000000000000e+00,-1.000000000000000000e+00,-1.000000000000000000e+00,-1.000000000000000000e+00,-1.000000000000000000e+00,-1.000000000000000000e+00,-1.000000000000000000e+00,-1.000000000000000000e+00,-1.000000000000000000e+00,-1.000000000000000000e+00,-1.000000000000000000e+00,-1.000000000000000000e+00
-1.000000000000000000e+00,-1.000000000000000000e+00,-1.000000000000000000e+00,-1.000000000000000000e+00,-1.000000000000000000e+00,-1.000000000000000000e+00,-1.000000000000000000e+00,-1.000000000000000000e+00,-1.000000000000000000e+00,-1.000000000000000000e+00,-1.000000000000000000e+00,-1.000000000000000000e+00,-1.000000000000000000e+00,-1.000000000000000000e+00,-1.000000000000000000e+00,-1.000000000000000000e+00,-1.000000000000000000e+00,-1.000000000000000000e+00,-1.000000000000000000e+00,-1.000000000000000000e+00,-1.000000000000000000e+00,-1.000000000000000000e+00,-1.000000000000000000e+00,-1.000000000000000000e+00,-1.000000000000000000e+00,-1.000000000000000000e+00,-1.000000000000000000e+00,-1.000000000000000000e+00,-1.000000000000000000e+00,-1.000000000000000000e+00,-1.000000000000000000e+00,-1.000000000000000000e+00,-1.000000000000000000e+00,-1.000000000000000000e+00,-1.000000000000000000e+00,-1.000000000000000000e+00,-1.000000000000000000e+00,-1.000000000000000000e+00,-1.000000000000000000e+00,-1.000000000000000000e+00,-1.000000000000000000e+00,-1.000000000000000000e+00,-1.000000000000000000e+00,-1.000000000000000000e+00,-1.000000000000000000e+00,-1.000000000000000000e+00,-1.206605647454588093e+00,-1.207417856903581166e+00,-1.210124012375411784e+00,-1.215035607813439222e+00,-1.222207489297399086e+00,-1.231749291293222193e+00,-1.243739094330382322e+00,-1.258104712477316589e+00,-1.274495614954972655e+00,-1.292167045919323076e+00,-1.309897218191185875e+00,-1.325939190014118862e+00,-1.337982749212248912e+00,-1.343088198419868373e+00,-1.337564943592989941e+00,-1.316800209861350046e+00,-1.275086694902921813e+00,-1.205546323153557697e+00,-1.100306622615953245e+00,-9.511799964669697127e-01,-7.512670508960223037e-01,-4.982000458991344694e-01,-2.001143484011008722e-01,1.146638083622673054e-01,3.863221289626830313e-01,5.284346417689087527e-01,5.286021711140274082e-01,3.868398459660500333e-01,1.155770497296906285e-01,-1.987304261098896685e-01,-4.962417502334905972e-01,-7.486054084208398907e-01,-9.476674464889366378e-01,-1.095788741271839450e+00,-1.199879833067051482e+00,-1.268163968108762640e+00,-1.308578511396987443e+00,-1.328095857630137155e+00,-1.332539628906051377e+00,-1.326643994004285343e+00,-1.314200818987850905e+00,-1.298203464681326746e+00,-1.280948561402291075e+00,-1.264100576097017203e+00,-1.248749785283240543e+00,-1.235494381950762000e+00,-1.224556159407663491e+00,-1.215914533535580100e+00,-1.209433872661823894e+00,-1.204967851835745618e+00,-1.202433379859335405e+00,-1.201617751649560972e+00,-1.000000000000000000e+00,-1.000000000000000000e+00,-1.000000000000000000e+00,-1.000000000000000000e+00,-1.000000000000000000e+00,-1.000000000000000000e+00,-1.000000000000000000e+00,-1.000000000000000000e+00,-1.000000000000000000e+00,-1.000000000000000000e+00,-1.000000000000000000e+00,-1.000000000000000000e+00,-1.000000000000000000e+00,-1.000000000000000000e+00,-1.000000000000000000e+00,-1.000000000000000000e+00,-1.000000000000000000e+00,-1.000000000000000000e+00,-1.000000000000000000e+00,-1.000000000000000000e+00,-1.000000000000000000e+00,-1.000000000000000000e+00,-1.000000000000000000e+00,-1.000000000000000000e+00,-1.000000000000000000e+00,-1.000000000000000000e+00,-1.000000000000000000e+00,-1.000000000000000000e+00,-1.000000000000000000e+00,-1.000000000000000000e+00,-1.000000000000000000e+00,-1.000000000000000000e+00,-1.000000000000000000e+00,-1.000000000000000000e+00,-1.000000000000000000e+00,-1.000000000000000000e+00,-1.000000000000000000e+00,-1.000000000000000000e+00,-1.000000000000000000e+00,-1.000000000000000000e+00,-1.000000000000000000e+00,-1.000000000000000000e+00,-1.000000000000000000e+00,-1.000000000000000000e+00,-1.000000000000000000e+00,-1.000000000000000000e+00
-1.000000000000000000e+00,-1.000000000000000000e+00,-1.000000000000000000e+00,-1.000000000000000000e+00,-1.000000000000000000e+00,-1.000000000000000000e+00,-1.000000000000000000e+00,-1.000000000000000000e+00,-1.000000000000000000e+00,-1.000000000000000000e+00,-1.000000000000000000e+00,-1.000000000000000000e+00,-1.000000000000000000e+00,-1.000000000000000000e+00,-1.000000000000000000e+00,-1.000000000000000000e+00,-1.000000000000000000e+00,-1.000000000000000000e+00,-1.000000000000000000e+00,-1.000000000000000000e+00,-1.000000000000000000e+00,-1.000000000000000000e+00,-1.000000000000000000e+00,-1.000000000000000000e+00,-1.000000000000000000e+00,-1.000000000000000000e+00,-1.000000000000000000e+00,-1.000000000000000000e+00,-1.000000000000000000e+00,-1.000000000000000000e+00,-1.000000000000000000e+00,-1.000000000000000000e+00,-1.000000000000000000e+00,-1.000000000000000000e+00,-1.000000000000000000e+00,-1.000000000000000000e+00,-1.000000000000000000e+00,-1.000000000000000000e+00,-1.000000000000000000e+00,-1.000000000000000000e+00,-1.000000000000000000e+00,-1.000000000000000000e+00,-1.000000000000000000e+00,-1.000000000000000000e+00,-1.000000000000000000e+00,-1.000000000000000000e+00,-1.182595078952401124e+00,-1.183623077750089791e+00,-1.186877993708478130e+00,-1.192613272024566573e+00,-1.200949849699047389e+00,-1.211966407717568028e+00,-1.225651502945883431e+00,-1.241801113631382902e+00,-1.259908984787616149e+00,-1.279078617158276421e+00,-1.297968976095407401e+00,-1.314761947764299110e+00,-1.327118959189298453e+00,-1.332090548507266270e+00,-1.325960386309749328e+00,-1.304038774814553436e+00,-1.260462013396203229e+00,-1.188100629083423732e+00,-1.078739637744991597e+00,-9.237915990270642030e-01,-7.159811239850349951e-01,-4.527450545193170139e-01,-1.424766052138476402e-01,1.853644170696597815e-01,4.684741841688830899e-01,6.167466392527267693e-01,6.169101856520788907e-01,4.689798015888164695e-01,1.862570705970170160e-01,-1.411220898911963451e-01,-4.508247704609674722e-01,-7.133645031202731079e-01,-9.203268484729097976e-01,-1.074263730526648697e+00,-1.182455170558839086e+00,-1.253515495367713228e+00,-1.295714134933250161e+00,-1.316264410176476440e+00,-1.321138870585997882e+00,-1.315148247593240116e+00,-1.302120859799256403e+00,-1.285083219702559898e+00,-1.266393246184309929e+00,-1.247820557512502981e+00,-1.230598581657441404e+00,-1.215482778854059198e+00,-1.202837001713412901e+00,-1.192746620864491902e+00,-1.185138678773959953e+00,-1.179883792019482458e+00,-1.176850774293864532e+00,-1.175864657078877551e+00,-1.000000000000000000e+00,-1.000000000000000000e+00,-1.000000000000000000e+00,-1.000000000000000000e+00,-1.000000000000000000e+00,-1.000000000000000000e+00,-1.000000000000000000e+00,-1.000000000000000000e+00,-1.000000000000000000e+00,-1.000000000000000000e+00,-1.000000000000000000e+00,-1.000000000000000000e+00,-1.000000000000000000e+00,-1.000000000000000000e+00,-1.000000000000000000e+00,-1.000000000000000000e+00,-1.000000000000000000e+00,-1.000000000000000000e+00,-1.000000000000000000e+00,-1.000000000000000000e+00,-1.000000000000000000e+00,-1.000000000000000000e+00,-1.000000000000000000e+00,-1.000000000000000000e+00,-1.000000000000000000e+00,-1.000000000000000000e+00,-1.000000000000000000e+00,-1.000000000000000000e+00,-1.000000000000000000e+00,-1.000000000000000000e+00,-1.000000000000000000e+00,-1.000000000000000000e+00,-1.000000000000000000e+00,-1.000000000000000000e+00,-1.000000000000000000e+00,-1.000000000000000000e+00,-1.000000000000000000e+00,-1.000000000000000000e+00,-1.000000000000000000e+00,-1.000000000000000000e+00,-1.000000000000000000e+00,-1.000000000000000000e+00,-1.000000000000000000e+00,-1.000000000000000000e+00,-1.000000000000000000e+00,-1.000000000000000000e+00
-1.000000000000000000e+00,-1.000000000000000000e+00,-1.000000000000000000e+00,-1.000000000000000000e+00,-1.000000000000000000e+00,-1.000000000000000000e+00,-1.000000000000000000e+00,-1.000000000000000000e+00,-1.000000000000000000e+00,-1.000000000000000000e+00,-1.000000000000000000e+00,-1.000000000000000000e+00,-1.000000000000000000e+00,-1.000000000000000000e+00,-1.000000000000000000e+00,-1.000000000000000000e+00,-1.000000000000000000e+00,-1.000000000000000000e+00,-1.000000000000000000e+00,-1.000000000000000000e+00,-1.000000000000000000e+00,-1.000000000000000000e+00,-1.000000000000000000e+00,-1.000000000000000000e+00,-1.000000000000000000e+00,-1.000000000000000000e+00,-1.000000000000000000e+00,-1.000000000000000000e+00,-1.000000000000000000e+00,-1.000000000000000000e+00,-1.000000000000000000e+00,-1.000000000000000000e+00,-1.000000000000000000e+00,-1.000000000000000000e+00,-1.000000000000000000e+00,-1.000000000000000000e+00,-1.000000000000000000e+00,-1.000000000000000000e+00,-1.000000000000000000e+00,-1.000000000000000000e+00,-1.000000000000000000e+00,-1.000000000000000000e+00,-1.000000000000000000e+00,-1.000000000000000000e+00,-1.000000000000000000e+00,-1.000000000000000000e+00,-1.163813005526889821e+00,-1.165055241617632076e+00,-1.168892123725176146e+00,-1.175511489890890937e+00,-1.185021138914686079e+00,-1.197436981979589143e+00,-1.212632628682022817e+00,-1.230256720628981393e+00,-1.249651664912339699e+00,-1.269796054624553694e+00,-1.289272106452562072e+00,-1.306237020138758087e+00,-1.318363955196300452e+00,-1.322722061913543357e+00,-1.315585789808805917e+00,-1.292196119744012162e+00,-1.246535349332747566e+00,-1.171222743207509298e+00,-1.057700247900889678e+00,-8.969794519608078609e-01,-6.814059583438993872e-01,-4.082132301928633744e-01,-8.603373811559489326e-02,2.545775815486968074e-01,5.488936343844832422e-01,7.032149615395346665e-01,7.033716536865937119e-01,5.493782552217048032e-01,2.554338686006520920e-01,-8.473273632304190173e-02,-4.063654486055451320e-01,-6.788819073334889653e-01,-8.936263641614555775e-01,-1.053350224334952623e+00,-1.165706222538323233e+00,-1.239700620761382099e+00,-1.283934340753313919e+00,-1.305859016874514111e+00,-1.311589390710915071e+00,-1.305998697877932546e+00,-1.292927100672736085e+00,-1.275397868379245292e+00,-1.255785146960656018e+00,-1.235918534077439901e+00,-1.217141228442306433e+00,-1.200354206146929448e+00,-1.186075324620398996e+00,-1.174524264179435340e+00,-1.165723468660360806e+00,-1.159592227273329001e+00,-1.156008646664772099e+00,-1.154834008859580541e+00,-1.000000000000000000e+00,-1.000000000000000000e+00,-1.000000000000000000e+00,-1.000000000000000000e+00,-1.000000000000000000e+00,-1.000000000000000000e+00,-1.000000000000000000e+00,-1.000000000000000000e+00,-1.000000000000000000e+00,-1.000000000000000000e+00,-1.000000000000000000e+00,-1.000000000000000000e+00,-1.000000000000000000e+00,-1.000000000000000000e+00,-1.000000000000000000e+00,-1.000000000000000000e+00,-1.000000000000000000e+00,-1.000000000000000000e+00,-1.000000000000000000e+00,-1.000000000000000000e+00,-1.000000000000000000e+00,-1.000000000000000000e+00,-1.000000000000000000e+00,-1.000000000000000000e+00,-1.000000000000000000e+00,-1.000000000000000000e+00,-1.000000000000000000e+00,-1.000000000000000000e+00,-1.000000000000000000e+00,-1.000000000000000000e+00,-1.000000000000000000e+00,-1.000000000000000000e+00,-1.000000000000000000e+00,-1.000000000000000000e+00,-1.000000000000000000e+00,-1.000000000000000000e+00,-1.000000000000000000e+00,-1.000000000000000000e+00,-1.000000000000000000e+00,-1.000000000000000000e+00,-1.000000000000000000e+00,-1.000000000000000000e+00,-1.000000000000000000e+00,-1.000000000000000000e+00,-1.000000000000000000e+00,-1.000000000000000000e+00
-1.000000000000000000e+00,-1.000000000000000000e+00,-1.000000000000000000e+00,-1.000000000000000000e+00,-1.000000000000000000e+00,-1.000000000000000000e+00,-1.000000000000000000e+00,-1.000000000000000000e+00,-1.000000000000000000e+00,-1.000000000000000000e+00,-1.000000000000000000e+00,-1.000000000000000000e+00,-1.000000000000000000e+00,-1.000000000000000000e+00,-1.000000000000000000e+00,-1.000000000000000000e+00,-1.000000000000000000e+00,-1.000000000000000000e+00,-1.000000000000000000e+00,-1.000000000000000000e+00,-1.000000000000000000e+00,-1.000000000000000000e+00,-1.000000000000000000e+00,-1.000000000000000000e+00,-1.000000000000000000e+00,-1.000000000000000000e+00,-1.000000000000000000e+00,-1.000000000000000000e+00,-1.000000000000000000e+00,-1.000000000000000000e+00,-1.000000000000000000e+00,-1.000000000000000000e+00,-1.000000000000000000e+00,-1.000000000000000000e+00,-1.000000000000000000e+00,-1.000000000000000000e+00,-1.000000000000000000e+00,-1.000000000000000000e+00,-1.000000000000000000e+00,-1.000000000000000000e+00,-1.000000000000000000e+00,-1.000000000000000000e+00,-1.000000000000000000e+00,-1.000000000000000000e+00,-1.000000000000000000e+00,-1.000000000000000000e+00,-1.152250511212693285e+00,-1.153689263089127781e+00,-1.158070143124436235e+00,-1.165504572293952545e+00,-1.176034030434634614e+00,-1.189578081461453385e+00,-1.205881141174840243e+00,-1.224451036861709863e+00,-1.244506861731093039e+00,-1.264946354338508439e+00,-1.284324546273675871e+00,-1.300818393766695502e+00,-1.312145659574844192e+00,-1.315414395638066836e+00,-1.306900571238309716e+00,-1.281781741296266430e+00,-1.233891646420867794e+00,-1.155606220955715635e+00,-1.038035703676556176e+00,-8.718040761748111489e-01,-6.488888488460203829e-01,-3.663197184477501311e-01,-3.294110548278128547e-02,3.196756648634242470e-01,6.245378532394743054e-01,7.845721262659268724e-01,7.847193556273122095e-01,6.249933762539592319e-01,3.204811523627255632e-01,-3.171581989778426980e-02,-3.645765009000395684e-01,-6.465020894874679014e-01,-8.686235958597712248e-01,-1.033893061216887066e+00,-1.150325691759301661e+00,-1.227306710376086185e+00,-1.273756950014859335e+00,-1.297357108562080752e+00,-1.304355639407400735e+00,-1.299677067802879504e+00,-1.287154936510338299e+00,-1.269779728135732144e+00,-1.249900409089536701e+00,-1.229357622832259578e+00,-1.209557393900048350e+00,-1.191512776415617703e+00,-1.175883829641378941e+00,-1.163035030437670425e+00,-1.153111049748262396e+00,-1.146116695519209028e+00,-1.141983066303631000e+00,-1.140618868655868035e+00,-1.000000000000000000e+00,-1.000000000000000000e+00,-1.000000000000000000e+00,-1.000000000000000000e+00,-1.000000000000000000e+00,-1.000000000000000000e+00,-1.000000000000000000e+00,-1.000000000000000000e+00,-1.000000000000000000e+00,-1.000000000000000000e+00,-1.000000000000000000e+00,-1.000000000000000000e+00,-1.000000000000000000e+00,-1.000000000000000000e+00,-1.000000000000000000e+00,-1.000000000000000000e+00,-1.000000000000000000e+00,-1.000000000000000000e+00,-1.000000000000000000e+00,-1.000000000000000000e+00,-1.000000000000000000e+00,-1.000000000000000000e+00,-1.000000000000000000e+00,-1.000000000000000000e+00,-1.000000000000000000e+00,-1.000000000000000000e+00,-1.000000000000000000e+00,-1.000000000000000000e+00,-1.000000000000000000e+00,-1.000000000000000000e+00,-1.000000000000000000e+00,-1.000000000000000000e+00,-1.000000000000000000e+00,-1.000000000000000000e+00,-1.000000000000000000e+00,-1.000000000000000000e+00,-1.000000000000000000e+00,-1.000000000000000000e+00,-1.000000000000000000e+00,-1.000000000000000000e+00,-1.000000000000000000e+00,-1.000000000000000000e+00,-1.000000000000000000e+00,-1.000000000000000000e+00,-1.000000000000000000e+00,-1.000000000000000000e+00
-1.000000000000000000e+00,-1.000000000000000000e+00,-1.000000000000000000e+00,-1.000000000000000000e+00,-1.000000000000000000e+00,-1.000000000000000000e+00,-1.000000000000000000e+00,-1.000000000000000000e+00,-1.000000000000000000e+00,-1.000000000000000000e+00,-1.000000000000000000e+00,-1.000000000000000000e+00,-1.000000000000000000e+00,-1.000000000000000000e+00,-1.000000000000000000e+00,-1.000000000000000000e+00,-1.000000000000000000e+00,-1.000000000000000000e+00,-1.000000000000000000e+00,-1.000000000000000000e+00,-1.000000000000000000e+00,-1.000000000000000000e+00,-1.000000000000000000e+00,-1.000000000000000000e+00,-1.000000000000000000e+00,-1.000000000000000000e+00,-1.000000000000000000e+00,-1.000000000000000000e+00,-1.000000000000000000e+00,-1.000000000000000000e+00,-1.000000000000000000e+00,-1.000000000000000000e+00,-1.000000000000000000e+00,-1.000000000000000000e+00,-1.000000000000000000e+00,-1.000000000000000000e+00,-1.000000000000000000e+00,-1.000000000000000000e+00,-1.000000000000000000e+00,-1.000000000000000000e+00,-1.000000000000000000e+00,-1.000000000000000000e+00,-1.000000000000000000e+00,-1.000000000000000000e+00,-1.000000000000000000e+00,-1.000000000000000000e+00,-1.149130741877896433e+00,-1.150721368718130355e+00,-1.155519324867044340e+00,-1.163553562448087053e+00,-1.174771591506570623e+00,-1.188981429056571670e+00,-1.205804661812784007e+00,-1.224635893820542831e+00,-1.244614277386506762e+00,-1.264606398814961619e+00,-1.283185918823954275e+00,-1.298584322747426967e+00,-1.308585574549656627e+00,-1.310347414455090176e+00,-1.300152199672551134e+00,-1.273118370277094069e+00,-1.222939257117153566e+00,-1.141762070271265195e+00,-1.020386729980266916e+00,-8.490751362051712769e-01,-6.194595236353822587e-01,-3.283726638832054068e-01,1.516136926470701418e-02,3.786623860963769239e-01,6.930955054555179018e-01,8.583329125240088953e-01,8.584685761352168765e-01,6.935153810422880483e-01,3.794053393763188176e-01,1.629273418333254675e-02,-3.267605952508232381e-01,-6.172476642577553463e-01,-8.461193935050028703e-01,-1.016522591792425656e+00,-1.136813162242859887e+00,-1.216730749278689183e+00,-1.265495386385695031e+00,-1.291002175196303225e+00,-1.299623737071191831e+00,-1.296328132448892445e+00,-1.284931399872989211e+00,-1.268371977622024804e+00,-1.248942400081220150e+00,-1.228451337613427174e+00,-1.208318281155259077e+00,-1.189622337864587820e+00,-1.173133412965471578e+00,-1.159348604321581488e+00,-1.148543135382168678e+00,-1.140831272151311637e+00,-1.136226579606429921e+00,-1.134697874867788503e+00,-1.000000000000000000e+00,-1.000000000000000000e+00,-1.000000000000000000e+00,-1.000000000000000000e+00,-1.000000000000000000e+00,-1.000000000000000000e+00,-1.000000000000000000e+00,-1.000000000000000000e+00,-1.000000000000000000e+00,-1.000000000000000000e+00,-1.000000000000000000e+00,-1.000000000000000000e+00,-1.000000000000000000e+00,-1.000000000000000000e+00,-1.000000000000000000e+00,-1.000000000000000000e+00,-1.000000000000000000e+00,-1.000000000000000000e+00,-1.000000000000000000e+00,-1.000000000000000000e+00,-1.000000000000000000e+00,-1.000000000000000000e+00,-1.000000000000000000e+00,-1.000000000000000000e+00,-1.000000000000000000e+00,-1.000000000000000000e+00,-1.000000000000000000e+00,-1.000000000000000000e+00,-1.000000000000000000e+00,-1.000000000000000000e+00,-1.000000000000000000e+00,-1.000000000000000000e+00,-1.000000000000000000e+00,-1.000000000000000000e+00,-1.000000000000000000e+00,-1.000000000000000000e+00,-1.000000000000000000e+00,-1.000000000000000000e+00,-1.000000000000000000e+00,-1.000000000000000000e+00,-1.000000000000000000e+00,-1.000000000000000000e+00,-1.000000000000000000e+00,-1.000000000000000000e+00,-1.000000000000000000e+00,-1.000000000000000000e+00
-1.000000000000000000e+00,-1.000000000000000000e+00,-1.000000000000000000e+00,-1.000000000000000000e+00,-1.000000000000000000e+00,-1.000000000000000000e+00,-1.000000000000000000e+00,-1.000000000000000000e+00,-1.000000000000000000e+00,-1.000000000000000000e+00,-1.000000000000000000e+00,-1.000000000000000000e+00,-1.000000000000000000e+00,-1.000000000000000000e+00,-1.000000000000000000e+00,-1.000000000000000000e+00,-1.000000000000000000e+00,-1.000000000000000000e+00,-1.000000000000000000e+00,-1.000000000000000000e+00,-1.000000000000000000e+00,-1.000000000000000000e+00,-1.000000000000000000e+00,-1.000000000000000000e+00,-1.000000000000000000e+00,-1.000000000000000000e+00,-1.000000000000000000e+00,-1.000000000000000000e+00,-1.000000000000000000e+00,-1.000000000000000000e+00,-1.000000000000000000e+00,-1.000000000000000000e+00,-1.000000000000000000e+00,-1.000000000000000000e+00,-1.000000000000000000e+00,-1.000000000000000000e+00,-1.000000000000000000e+00,-1.000000000000000000e+00,-1.000000000000000000e+00,-1.000000000000000000e+00,-1.000000000000000000e+00,-1.000000000000000000e+00,-1.000000000000000000e+00,-1.000000000000000000e+00,-1.000000000000000000e+00,-1.000000000000000000e+00,-1.154630659467036580e+00,-1.156303069146436657e+00,-1.161313874902835996e+00,-1.169614368391359793e+00,-1.181056484613256075e+00,-1.195345761835268972e+00,-1.212007495900774945e+00,-1.230364240498105000e+00,-1.249523066869178800e+00,-1.268364604390611161e+00,-1.285516322021972524e+00,-1.299286235331330142e+00,-1.307534580073278274e+00,-1.307471237003082765e+00,-1.295385308972201388e+00,-1.266339603606695174e+00,-1.213897631178208592e+00,-1.129997760949468910e+00,-1.005158602971567117e+00,-8.293146542569346247e-01,-5.937848321207001012e-01,-2.952180917483961942e-01,5.721563037192711754e-02,4.302515152793702224e-01,7.530766307652154712e-01,9.228916727778648799e-01,9.230143143326705601e-01,7.534563042218198614e-01,4.309237055317700626e-01,5.824015010822591876e-02,-2.937563558167338718e-01,-5.917755594168899735e-01,-8.266229406726042228e-01,-1.001628033386132488e+00,-1.125456754579142515e+00,-1.208169917835703933e+00,-1.259259161846782105e+00,-1.286815182804397883e+00,-1.297324390001763472e+00,-1.295793540236832575e+00,-1.286017172672178743e+00,-1.270872921703966263e+00,-1.252578246939809681e+00,-1.232878575357979845e+00,-1.213164347689367428e+00,-1.194532970211411804e+00,-1.177820222880866297e+00,-1.163624277762700610e+00,-1.152336584897876826e+00,-1.144182702395005302e+00,-1.139268781482225323e+00,-1.137629006582708602e+00,-1.000000000000000000e+00,-1.000000000000000000e+00,-1.000000000000000000e+00,-1.000000000000000000e+00,-1.000000000000000000e+00,-1.000000000000000000e+00,-1.000000000000000000e+00,-1.000000000000000000e+00,-1.000000000000000000e+00,-1.000000000000000000e+00,-1.000000000000000000e+00,-1.000000000000000000e+00,-1.000000000000000000e+00,-1.000000000000000000e+00,-1.000000000000000000e+00,-1.000000000000000000e+00,-1.000000000000000000e+00,-1.000000000000000000e+00,-1.000000000000000000e+00,-1.000000000000000000e+00,-1.000000000000000000e+00,-1.000000000000000000e+00,-1.000000000000000000e+00,-1.000000000000000000e+00,-1.000000000000000000e+00,-1.000000000000000000e+00,-1.000000000000000000e+00,-1.000000000000000000e+00,-1.000000000000000000e+00,-1.000000000000000000e+00,-1.000000000000000000e+00,-1.000000000000000000e+00,-1.000000000000000000e+00,-1.000000000000000000e+00,-1.000000000000000000e+00,-1.000000000000000000e+00,-1.000000000000000000e+00,-1.000000000000000000e+00,-1.000000000000000000e+00,-1.000000000000000000e+00,-1.000000000000000000e+00,-1.000000000000000000e+00,-1.000000000000000000e+00,-1.000000000000000000e+00,-1.000000000000000000e+00,-1.000000000000000000e+00
-1.000000000000000000e+00,-1.000000000000000000e+00,-1.000000000000000000e+00,-1.000000000000000000e+00,-1.000000000000000000e+00,-1.000000000000000000e+00,-1.000000000000000000e+00,-1.000000000000000000e+00,-1.000000000000000000e+00,-1.000000000000000000e+00,-1.000000000000000000e+00,-1.000000000000000000e+00,-1.000000000000000000e+00,-1.000000000000000000e+00,-1.000000000000000000e+00,-1.000000000000000000e+00,-1.000000000000000000e+00,-1.000000000000000000e+00,-1.000000000000000000e+00,-1.000000000000000000e+00,-1.000000000000000000e+00,-1.000000000000000000e+00,-1.000000000000000000e+00,-1.000000000000000000e+00,-1.000000000000000000e+00,-1.000000000000000000e+00,-1.000000000000000000e+00,-1.000000000000000000e+00,-1.000000000000000000e+00,-1.000000000000000000e+00,-1.000000000000000000e+00,-1.000000000000000000e+00,-1.000000000000000000e+00,-1.000000000000000000e+00,-1.000000000000000000e+00,-1.000000000000000000e+00,-1.000000000000000000e+00,-1.000000000000000000e+00,-1.000000000000000000e+00,-1.000000000000000000e+00,-1.000000000000000000e+00,-1.000000000000000000e+00,-1.000000000000000000e+00,-1.000000000000000000e+00,-1.000000000000000000e+00,-1.000000000000000000e+00,-1.167843891975288928e+00,-1.169514774824083725e+00,-1.174496156620575382e+00,-1.182677496535918360e+00,-1.193834272657058992e+00,-1.207597665225668804e+00,-1.223435466063211630e+00,-1.240643028975318751e+00,-1.258338662669332253e+00,-1.275451840877486864e+00,-1.290686225759093197e+00,-1.302436342272000669e+00,-1.308639505212834342e+00,-1.306554362518495438e+00,-1.292474513011637294e+00,-1.261410633567987105e+00,-1.206809060847436665e+00,-1.120422866829553277e+00,-9.925232943695829757e-01,-8.127579328515757151e-01,-5.721703273800432532e-01,-2.672435499810223991e-01,9.273899912200267437e-02,4.738575727079961109e-01,8.038016880924379048e-01,9.775118165367697731e-01,9.776206674126937113e-01,8.041387336562135779e-01,4.744545390712813226e-01,9.364948508866666188e-02,-2.659431711084805361e-01,-5.703801769531100518e-01,-8.103547471507849265e-01,-9.893622497106940861e-01,-1.116342021520204897e+00,-1.201637211360356394e+00,-1.254979010049893429e+00,-1.284632064193156564e+00,-1.297185424270786980e+00,-1.297681531566670321e+00,-1.289894417429893858e+00,-1.276640636814187157e+00,-1.260055539400334990e+00,-1.241803176143631671e+00,-1.223214129645686210e+00,-1.205362932400051212e+00,-1.189105692016820592e+00,-1.175099509611233994e+00,-1.163819910952545778e+00,-1.155584178219820179e+00,-1.150581208915220310e+00,-1.148904491935667016e+00,-1.000000000000000000e+00,-1.000000000000000000e+00,-1.000000000000000000e+00,-1.000000000000000000e+00,-1.000000000000000000e+00,-1.000000000000000000e+00,-1.000000000000000000e+00,-1.000000000000000000e+00,-1.000000000000000000e+00,-1.000000000000000000e+00,-1.000000000000000000e+00,-1.000000000000000000e+00,-1.000000000000000000e+00,-1.000000000000000000e+00,-1.000000000000000000e+00,-1.000000000000000000e+00,-1.000000000000000000e+00,-1.000000000000000000e+00,-1.000000000000000000e+00,-1.000000000000000000e+00,-1.000000000000000000e+00,-1.000000000000000000e+00,-1.000000000000000000e+00,-1.000000000000000000e+00,-1.000000000000000000e+00,-1.000000000000000000e+00,-1.000000000000000000e+00,-1.000000000000000000e+00,-1.000000000000000000e+00,-1.000000000000000000e+00,-1.000000000000000000e+00,-1.000000000000000000e+00,-1.000000000000000000e+00,-1.000000000000000000e+00,-1.000000000000000000e+00,-1.000000000000000000e+00,-1.000000000000000000e+00,-1.000000000000000000e+00,-1.000000000000000000e+00,-1.000000000000000000e+00,-1.000000000000000000e+00,-1.000000000000000000e+00,-1.000000000000000000e+00,-1.000000000000000000e+00,-1.000000000000000000e+00,-1.000000000000000000e+00
-1.000000000000000000e+00,-1.000000000000000000e+00,-1.000000000000000000e+00,-1.000000000000000000e+00,-1.000000000000000000e+00,-1.000000000000000000e+00,-1.000000000000000000e+00,-1.000000000000000000e+00,-1.000000000000000000e+00,-1.000000000000000000e+00,-1.000000000000000000e+00,-1.000000000000000000e+00,-1.000000000000000000e+00,-1.000000000000000000e+00,-1.000000000000000000e+00,-1.000000000000000000e+00,-1.000000000000000000e+00,-1.000000000000000000e+00,-1.000000000000000000e+00,-1.000000000000000000e+00,-1.000000000000000000e+00,-1.000000000000000000e+00,-1.000000000000000000e+00,-1.000000000000000000e+00,-1.000000000000000000e+00,-1.000000000000000000e+00,-1.000000000000000000e+00,-1.000000000000000000e+00,-1.000000000000000000e+00,-1.000000000000000000e+00,-1.000000000000000000e+00,-1.000000000000000000e+00,-1.000000000000000000e+00,-1.000000000000000000e+00,-1.000000000000000000e+00,-1.000000000000000000e+00,-1.000000000000000000e+00,-1.000000000000000000e+00,-1.000000000000000000e+00,-1.000000000000000000e+00,-1.000000000000000000e+00,-1.000000000000000000e+00,-1.000000000000000000e+00,-1.000000000000000000e+00,-1.000000000000000000e+00,-1.000000000000000000e+00,-1.187018791271471585e+00,-1.188608055973793487e+00,-1.193328588652474265e+00,-1.201030138978512296e+00,-1.211441685626608811e+00,-1.224156696574416170e+00,-1.238626437854337459e+00,-1.254159251357340299e+00,-1.269918211087543547e+00,-1.284904335385425256e+00,-1.297908239259474739e+00,-1.307411697269232231e+00,-1.311423809565372967e+00,-1.307245467740040024e+00,-1.291171633972493460e+00,-1.258164963732545161e+00,-1.201568739784857565e+00,-1.112976229869630629e+00,-9.824475055093375708e-01,-7.993862649219798389e-01,-5.546014319813499238e-01,-2.444312358157565424e-01,1.217564126612293851e-01,5.095126360695110268e-01,8.453055836928760058e-01,1.022224147425694785e+00,1.022319085000464867e+00,8.455995814910985953e-01,5.100334891237547907e-01,1.225511621225026104e-01,-2.432953396665769041e-01,-5.530359763357856062e-01,-7.972812790644925318e-01,-9.796723272221155021e-01,-1.109382404573515446e+00,-1.196995664417740635e+00,-1.252448733585909801e+00,-1.284157065274134313e+00,-1.298800560586864217e+00,-1.301455056863097592e+00,-1.295877859379291452e+00,-1.284829733774773608e+00,-1.270365587522970463e+00,-1.254061348788682029e+00,-1.237169373794875904e+00,-1.220710919125730598e+00,-1.205522895968464514e+00,-1.192278237335738345e+00,-1.181496170035477800e+00,-1.173552726206878782e+00,-1.168695538420571944e+00,-1.167061968485068268e+00,-1.000000000000000000e+00,-1.000000000000000000e+00,-1.000000000000000000e+00,-1.000000000000000000e+00,-1.000000000000000000e+00,-1.000000000000000000e+00,-1.000000000000000000e+00,-1.000000000000000000e+00,-1.000000000000000000e+00,-1.000000000000000000e+00,-1.000000000000000000e+00,-1.000000000000000000e+00,-1.000000000000000000e+00,-1.000000000000000000e+00,-1.000000000000000000e+00,-1.000000000000000000e+00,-1.000000000000000000e+00,-1.000000000000000000e+00,-1.000000000000000000e+00,-1.000000000000000000e+00,-1.000000000000000000e+00,-1.000000000000000000e+00,-1.000000000000000000e+00,-1.000000000000000000e+00,-1.000000000000000000e+00,-1.000000000000000000e+00,-1.000000000000000000e+00,-1.000000000000000000e+00,-1.000000000000000000e+00,-1.000000000000000000e+00,-1.000000000000000000e+00,-1.000000000000000000e+00,-1.000000000000000000e+00,-1.000000000000000000e+00,-1.000000000000000000e+00,-1.000000000000000000e+00,-1.000000000000000000e+00,-1.000000000000000000e+00,-1.000000000000000000e+00,-1.000000000000000000e+00,-1.000000000000000000e+00,-1.000000000000000000e+00,-1.000000000000000000e+00,-1.000000000000000000e+00,-1.000000000000000000e+00,-1.000000000000000000e+00
-1.000000000000000000e+00,-1.000000000000000000e+00,-1.000000000000000000e+00,-1.000000000000000000e+00,-1.000000000000000000e+00,-1.000000000000000000e+00,-1.000000000000000000e+00,-1.000000000000000000e+00,-1.000000000000000000e+00,-1.000000000000000000e+00,-1.000000000000000000e+00,-1.000000000000000000e+00,-1.000000000000000000e+00,-1.000000000000000000e+00,-1.000000000000000000e+00,-1.000000000000000000e+00,-1.000000000000000000e+00,-1.000000000000000000e+00,-1.000000000000000000e+00,-1.000000000000000000e+00,-1.000000000000000000e+00,-1.000000000000000000e+00,-1.000000000000000000e+00,-1.000000000000000000e+00,-1.000000000000000000e+00,-1.000000000000000000e+00,-1.000000000000000000e+00,-1.000000000000000000e+00,-1.000000000000000000e+00,-1.000000000000000000e+00,-1.000000000000000000e+00,-1.000000000000000000e+00,-1.000000000000000000e+00,-1.000000000000000000e+00,-1.000000000000000000e+00,-1.000000000000000000e+00,-1.000000000000000000e+00,-1.000000000000000000e+00,-1.000000000000000000e+00,-1.000000000000000000e+00,-1.000000000000000000e+00,-1.000000000000000000e+00,-1.000000000000000000e+00,-1.000000000000000000e+00,-1.000000000000000000e+00,-1.000000000000000000e+00,-1.209968625195340319e+00,-1.211412889670060000e+00,-1.215690942209876724e+00,-1.222635274938910444e+00,-1.231959281252512861e+00,-1.243253854784351020e+00,-1.255988891476208291e+00,-1.269516260465544999e+00,-1.283065807387169910e+00,-1.295721674537166024e+00,-1.306363203181579280e+00,-1.313554104712887138e+00,-1.315366763772518821e+00,-1.309136771850857528e+00,-1.291157620827117825e+00,-1.256348866386785890e+00,-1.197965585485069928e+00,-1.107467045483626178e+00,-9.747381784051025733e-01,-7.889814020475036660e-01,-5.408117024452413490e-01,-2.264448536273028223e-01,1.446910559082850156e-01,5.377330210131905375e-01,8.781838673582316179e-01,1.057662804867958162e+00,1.057744253748003516e+00,8.784361015625081759e-01,5.381799226276009485e-01,1.453730929897640856e-01,-2.254696823292936525e-01,-5.394668222726637374e-01,-7.871709492742875458e-01,-9.723471871771052211e-01,-1.104363171372154229e+00,-1.194002980888762888e+00,-1.251374657280648339e+00,-1.285021095032532479e+00,-1.301700877227671693e+00,-1.306520870730689676e+00,-1.303226369003867902e+00,-1.294530428970953828e+00,-1.282414579518160958e+00,-1.268368174129047787e+00,-1.253557637647288114e+00,-1.238932052640011383e+00,-1.225279680315309649e+00,-1.213252536879340315e+00,-1.203374479904577354e+00,-1.196044042282300657e+00,-1.191538197578908331e+00,-1.190018607218683355e+00,-1.000000000000000000e+00,-1.000000000000000000e+00,-1.000000000000000000e+00,-1.000000000000000000e+00,-1.000000000000000000e+00,-1.000000000000000000e+00,-1.000000000000000000e+00,-1.000000000000000000e+00,-1.000000000000000000e+00,-1.000000000000000000e+00,-1.000000000000000000e+00,-1.000000000000000000e+00,-1.000000000000000000e+00,-1.000000000000000000e+00,-1.000000000000000000e+00,-1.000000000000000000e+00,-1.000000000000000000e+00,-1.000000000000000000e+00,-1.000000000000000000e+00,-1.000000000000000000e+00,-1.000000000000000000e+00,-1.000000000000000000e+00,-1.000000000000000000e+00,-1.000000000000000000e+00,-1.000000000000000000e+00,-1.000000000000000000e+00,-1.000000000000000000e+00,-1.000000000000000000e+00,-1.000000000000000000e+00,-1.000000000000000000e+00,-1.000000000000000000e+00,-1.000000000000000000e+00,-1.000000000000000000e+00,-1.000000000000000000e+00,-1.000000000000000000e+00,-1.000000000000000000e+00,-1.000000000000000000e+00,-1.000000000000000000e+00,-1.000000000000000000e+00,-1.000000000000000000e+00,-1.000000000000000000e+00,-1.000000000000000000e+00,-1.000000000000000000e+00,-1.000000000000000000e+00,-1.000000000000000000e+00,-1.000000000000000000e+00
-1.000000000000000000e+00,-1.000000000000000000e+00,-1.000000000000000000e+00,-1.000000000000000000e+00,-1.000000000000000000e+00,-1.000000000000000000e+00,-1.000000000000000000e+00,-1.000000000000000000e+00,-1.000000000000000000e+00,-1.000000000000000000e+00,-1.000000000000000000e+00,-1.000000000000000000e+00,-1.000000000000000000e+00,-1.000000000000000000e+00,-1.000000000000000000e+00,-1.000000000000000000e+00,-1.000000000000000000e+00,-1.000000000000000000e+00,-1.000000000000000000e+00,-1.000000000000000000e+00,-1.000000000000000000e+00,-1.000000000000000000e+00,-1.000000000000000000e+00,-1.000000000000000000e+00,-1.000000000000000000e+00,-1.000000000000000000e+00,-1.000000000000000000e+00,-1.000000000000000000e+00,-1.000000000000000000e+00,-1.000000000000000000e+00,-1.000000000000000000e+00,-1.000000000000000000e+00,-1.000000000000000000e+00,-1.000000000000000000e+00,-1.000000000000000000e+00,-1.000000000000000000e+00,-1.000000000000000000e+00,-1.000000000000000000e+00,-1.000000000000000000e+00,-1.000000000000000000e+00,-1.000000000000000000e+00,-1.000000000000000000e+00,-1.000000000000000000e+00,-1.000000000000000000e+00,-1.000000000000000000e+00,-1.000000000000000000e+00,-1.234497092518239469e+00,-1.235756488415118204e+00,-1.239479340069810975e+00,-1.245499307822404811e+00,-1.253539427020232910e+00,-1.263215295970849361e+00,-1.274040492930674784e+00,-1.285429649648083927e+00,-1.296690532755970127e+00,-1.306993061176235926e+00,-1.315300903063917115e+00,-1.320251029232966333e+00,-1.319969513659330129e+00,-1.311819440231954514e+00,-1.292090882505513960e+00,-1.255665898662201130e+00,-1.195726141465889514e+00,-1.103621581940658292e+00,-9.690959277120624327e-01,-7.811901979624555903e-01,-5.303637387734336794e-01,-2.127320151229644685e-01,1.622360328944589813e-01,5.593632072467065175e-01,9.034125339558369827e-01,1.084872343417966789e+00,1.084941146577399707e+00,9.036255953897949222e-01,5.597406728946381360e-01,1.628120601977496307e-01,-2.119083904489340586e-01,-5.292275695933451596e-01,-7.796597607539706987e-01,-9.670724756189591487e-01,-1.100990230636966327e+00,-1.192358404699780605e+00,-1.251424287970550164e+00,-1.286835755352668809e+00,-1.305417920082862171e+00,-1.312305834278853833e+00,-1.311237183151481300e+00,-1.304886100390763914e+00,-1.295170407972787707e+00,-1.283499630913907508e+00,-1.270954531183968950e+00,-1.258403307707294916e+00,-1.246567196788706644e+00,-1.236050761374185347e+00,-1.227351220131830178e+00,-1.220858111291956760e+00,-1.216850648614148156e+00,-1.215496258468521606e+00,-1.000000000000000000e+00,-1.000000000000000000e+00,-1.000000000000000000e+00,-1.000000000000000000e+00,-1.000000000000000000e+00,-1.000000000000000000e+00,-1.000000000000000000e+00,-1.000000000000000000e+00,-1.000000000000000000e+00,-1.000000000000000000e+00,-1.000000000000000000e+00,-1.000000000000000000e+00,-1.000000000000000000e+00,-1.000000000000000000e+00,-1.000000000000000000e+00,-1.000000000000000000e+00,-1.000000000000000000e+00,-1.000000000000000000e+00,-1.000000000000000000e+00,-1.000000000000000000e+00,-1.000000000000000000e+00,-1.000000000000000000e+00,-1.000000000000000000e+00,-1.000000000000000000e+00,-1.000000000000000000e+00,-1.000000000000000000e+00,-1.000000000000000000e+00,-1.000000000000000000e+00,-1.000000000000000000e+00,-1.000000000000000000e+00,-1.000000000000000000e+00,-1.000000000000000000e+00,-1.000000000000000000e+00,-1.000000000000000000e+00,-1.000000000000000000e+00,-1.000000000000000000e+00,-1.000000000000000000e+00,-1.000000000000000000e+00,-1.000000000000000000e+00,-1.000000000000000000e+00,-1.000000000000000000e+00,-1.000000000000000000e+00,-1.000000000000000000e+00,-1.000000000000000000e+00,-1.000000000000000000e+00,-1.000000000000000000e+00
-1.000000000000000000e+00,-1.000000000000000000e+00,-1.000000000000000000e+00,-1.000000000000000000e+00,-1.000000000000000000e+00,-1.000000000000000000e+00,-1.000000000000000000e+00,-1.000000000000000000e+00,-1.000000000000000000e+00,-1.000000000000000000e+00,-1.000000000000000000e+00,-1.000000000000000000e+00,-1.000000000000000000e+00,-1.000000000000000000e+00,-1.000000000000000000e+00,-1.000000000000000000e+00,-1.000000000000000000e+00,-1.000000000000000000e+00,-1.000000000000000000e+00,-1.000000000000000000e+00,-1.000000000000000000e+00,-1.000000000000000000e+00,-1.000000000000000000e+00,-1.000000000000000000e+00,-1.000000000000000000e+00,-1.000000000000000000e+00,-1.000000000000000000e+00,-1.000000000000000000e+00,-1.000000000000000000e+00,-1.000000000000000000e+00,-1.000000000000000000e+00,-1.000000000000000000e+00,-1.000000000000000000e+00,-1.000000000000000000e+00,-1.000000000000000000e+00,-1.000000000000000000e+00,-1.000000000000000000e+00,-1.000000000000000000e+00,-1.000000000000000000e+00,-1.000000000000000000e+00,-1.000000000000000000e+00,-1.000000000000000000e+00,-1.000000000000000000e+00,-1.000000000000000000e+00,-1.000000000000000000e+00,-1.000000000000000000e+00,-1.258720757446130101e+00,-1.259779143792238099e+00,-1.262903059936015815e+00,-1.267939864333889055e+00,-1.274639038346371933e+00,-1.282658043966522499e+00,-1.291568276039719354e+00,-1.300855848660009251e+00,-1.309908703409024433e+00,-1.317978741610193794e+00,-1.324105786794194328e+00,-1.326989958406197267e+00,-1.324801629245230483e+00,-1.314925173069735109e+00,-1.293646302622469157e+00,-1.255815524946604755e+00,-1.194555058928765900e+00,-1.101128111877131222e+00,-9.651675865304863988e-01,-7.755886545854886460e-01,-5.227293059508051343e-01,-2.026253370004621468e-01,1.752279953538136148e-01,5.754222905522905496e-01,9.221705610229065098e-01,1.105117229619996255e+00,1.105174512811925247e+00,9.223479267983500929e-01,5.757364434239271578e-01,1.757072549037455023e-01,-2.019402857429628551e-01,-5.217844648337375268e-01,-7.743158218431672735e-01,-9.634838737678155240e-01,-1.098936277606963552e+00,-1.191745082268782063e+00,-1.252267784562237196e+00,-1.289236574379695854e+00,-1.309531411668825029e+00,-1.318312161999891430e+00,-1.319312366482294996e+00,-1.315175444619045120e+00,-1.307765845134096772e+00,-1.298422734341859286e+00,-1.288146816301305009e+00,-1.277724694789442950e+00,-1.267802279224804041e+00,-1.258921147444135080e+00,-1.251531173716954104e+00,-1.245990381742837050e+00,-1.242559881097516694e+00,-1.241398599661141633e+00,-1.000000000000000000e+00,-1.000000000000000000e+00,-1.000000000000000000e+00,-1.000000000000000000e+00,-1.000000000000000000e+00,-1.000000000000000000e+00,-1.000000000000000000e+00,-1.000000000000000000e+00,-1.000000000000000000e+00,-1.000000000000000000e+00,-1.000000000000000000e+00,-1.000000000000000000e+00,-1.000000000000000000e+00,-1.000000000000000000e+00,-1.000000000000000000e+00,-1.000000000000000000e+00,-1.000000000000000000e+00,-1.000000000000000000e+00,-1.000000000000000000e+00,-1.000000000000000000e+00,-1.000000000000000000e+00,-1.000000000000000000e+00,-1.000000000000000000e+00,-1.000000000000000000e+00,-1.000000000000000000e+00,-1.000000000000000000e+00,-1.000000000000000000e+00,-1.000000000000000000e+00,-1.000000000000000000e+00,-1.000000000000000000e+00,-1.000000000000000000e+00,-1.000000000000000000e+00,-1.000000000000000000e+00,-1.000000000000000000e+00,-1.000000000000000000e+00,-1.000000000000000000e+00,-1.000000000000000000e+00,-1.000000000000000000e+00,-1.000000000000000000e+00,-1.000000000000000000e+00,-1.000000000000000000e+00,-1.000000000000000000e+00,-1.000000000000000000e+00,-1.000000000000000000e+00,-1.000000000000000000e+00,-1.000000000000000000e+00
-1.000000000000000000e+00,-1.000000000000000000e+00,-1.000000000000000000e+00,-1.000000000000000000e+00,-1.000000000000000000e+00,-1.000000000000000000e+00,-1.000000000000000000e+00,-1.000000000000000000e+00,-1.000000000000000000e+00,-1.000000000000000000e+00,-1.000000000000000000e+00,-1.000000000000000000e+00,-1.000000000000000000e+00,-1.000000000000000000e+00,-1.000000000000000000e+00,-1.000000000000000000e+00,-1.000000000000000000e+00,-1.000000000000000000e+00,-1.000000000000000000e+00,-1.000000000000000000e+00,-1.000000000000000000e+00,-1.000000000000000000e+00,-1.000000000000000000e+00,-1.000000000000000000e+00,-1.000000000000000000e+00,-1.000000000000000000e+00,-1.000000000000000000e+00,-1.000000000000000000e+00,-1.000000000000000000e+00,-1.000000000000000000e+00,-1.000000000000000000e+00,-1.000000000000000000e+00,-1.000000000000000000e+00,-1.000000000000000000e+00,-1.000000000000000000e+00,-1.000000000000000000e+00,-1.000000000000000000e+00,-1.000000000000000000e+00,-1.000000000000000000e+00,-1.000000000000000000e+00,-1.000000000000000000e+00,-1.000000000000000000e+00,-1.000000000000000000e+00,-1.000000000000000000e+00,-1.000000000000000000e+00,-1.000000000000000000e+00,-1.281242917612666732e+00,-1.282103706421290568e+00,-1.284641499154540512e+00,-1.288724106619413501e+00,-1.294136034441920824e+00,-1.300584343957344569e+00,-1.307702945862441846e+00,-1.315049801287811793e+00,-1.322088836979535387e+00,-1.328146004607847264e+00,-1.332327190646246384e+00,-1.333385373919851791e+00,-1.329526712049484249e+00,-1.318151862136986985e+00,-1.295542078116465934e+00,-1.256522205951352777e+00,-1.194167667121567078e+00,-1.099674582334983830e+00,-9.625911845503534181e-01,-7.717371408767242924e-01,-5.173584335802796641e-01,-1.954294666001441527e-01,1.845385323349160167e-01,5.869720553569066634e-01,9.356872578389092698e-01,1.119717608424211086e+00,1.119764654903174783e+00,9.358329014256290268e-01,5.872299290208935485e-01,1.849317280943827413e-01,-1.948677825289304444e-01,-5.165842025578513130e-01,-7.706945815936547817e-01,-9.612122195991115170e-01,-1.097878842019013534e+00,-1.191863410052510730e+00,-1.253608466401317179e+00,-1.291912252976094688e+00,-1.313698783286404215e+00,-1.324149013846181555e+00,-1.326994705830529586e+00,-1.324855586131178153e+00,-1.319552565813926881e+00,-1.312364910968342180e+00,-1.304222014229759363e+00,-1.295833813053502759e+00,-1.287770592906951617e+00,-1.280505122287455055e+00,-1.274429566670393754e+00,-1.269857664326180080e+00,-1.267020091274019045e+00,-1.266058331455099495e+00,-1.000000000000000000e+00,-1.000000000000000000e+00,-1.000000000000000000e+00,-1.000000000000000000e+00,-1.000000000000000000e+00,-1.000000000000000000e+00,-1.000000000000000000e+00,-1.000000000000000000e+00,-1.000000000000000000e+00,-1.000000000000000000e+00,-1.000000000000000000e+00,-1.000000000000000000e+00,-1.000000000000000000e+00,-1.000000000000000000e+00,-1.000000000000000000e+00,-1.000000000000000000e+00,-1.000000000000000000e+00,-1.000000000000000000e+00,-1.000000000000000000e+00,-1.000000000000000000e+00,-1.000000000000000000e+00,-1.000000000000000000e+00,-1.000000000000000000e+00,-1.000000000000000000e+00,-1.000000000000000000e+00,-1.000000000000000000e+00,-1.000000000000000000e+00,-1.000000000000000000e+00,-1.000000000000000000e+00,-1.000000000000000000e+00,-1.000000000000000000e+00,-1.000000000000000000e+00,-1.000000000000000000e+00,-1.000000000000000000e+00,-1.000000000000000000e+00,-1.000000000000000000e+00,-1.000000000000000000e+00,-1.000000000000000000e+00,-1.000000000000000000e+00,-1.000000000000000000e+00,-1.000000000000000000e+00,-1.000000000000000000e+00,-1.000000000000000000e+00,-1.000000000000000000e+00,-1.000000000000000000e+00,-1.000000000000000000e+00
-1.000000000000000000e+00,-1.000000000000000000e+00,-1.000000000000000000e+00,-1.000000000000000000e+00,-1.000000000000000000e+00,-1.000000000000000000e+00,-1.000000000000000000e+00,-1.000000000000000000e+00,-1.000000000000000000e+00,-1.000000000000000000e+00,-1.000000000000000000e+00,-1.000000000000000000e+00,-1.000000000000000000e+00,-1.000000000000000000e+00,-1.000000000000000000e+00,-1.000000000000000000e+00,-1.000000000000000000e+00,-1.000000000000000000e+00,-1.000000000000000000e+00,-1.000000000000000000e+00,-1.000000000000000000e+00,-1.000000000000000000e+00,-1.000000000000000000e+00,-1.000000000000000000e+00,-1.000000000000000000e+00,-1.000000000000000000e+00,-1.000000000000000000e+00,-1.000000000000000000e+00,-1.000000000000000000e+00,-1.000000000000000000e+00,-1.000000000000000000e+00,-1.000000000000000000e+00,-1.000000000000000000e+00,-1.000000000000000000e+00,-1.000000000000000000e+00,-1.000000000000000000e+00,-1.000000000000000000e+00,-1.000000000000000000e+00,-1.000000000000000000e+00,-1.000000000000000000e+00,-1.000000000000000000e+00,-1.000000000000000000e+00,-1.000000000000000000e+00,-1.000000000000000000e+00,-1.000000000000000000e+00,-1.000000000000000000e+00,-1.301191830915159109e+00,-1.301871954725205338e+00,-1.303875329849529585e+00,-1.307092392870913500e+00,-1.311344767293068037e+00,-1.316389621760958306e+00,-1.321921179484989439e+00,-1.327563884663129246e+00,-1.332849428767695521e+00,-1.337167688667887600e+00,-1.339679948573810009e+00,-1.339182336257279227e+00,-1.333909424315907088e+00,-1.321274265526005021e+00,-1.297554124948714360e+00,-1.257553664906961632e+00,-1.194312438277835620e+00,-1.098975991642604066e+00,-9.610294784861149742e-01,-7.692219533028690215e-01,-5.137315132078343893e-01,-1.904866326838033919e-01,1.909924341013886639e-01,5.950176739421439986e-01,9.451272091605631420e-01,1.129925261378302181e+00,1.129963407101528983e+00,9.452452731400204922e-01,5.952266233438250342e-01,1.913108131005467616e-01,-1.900322257518607394e-01,-5.131057560336884649e-01,-7.683800791888597548e-01,-9.599167092478191332e-01,-1.097527371989678979e+00,-1.192453338505027993e+00,-1.255201206995579799e+00,-1.294619726403740234e+00,-1.317667384698536281e+00,-1.329542429015045046e+00,-1.333976227709745999e+00,-1.333570491519305845e+00,-1.330111352710950046e+00,-1.324828511555933286e+00,-1.318590255137326306e+00,-1.312038260921371435e+00,-1.305672481858712874e+00,-1.299898412249547164e+00,-1.295048515436676650e+00,-1.291387803781592458e+00,-1.289111317720340155e+00,-1.288338985089650057e+00,-1.000000000000000000e+00,-1.000000000000000000e+00,-1.000000000000000000e+00,-1.000000000000000000e+00,-1.000000000000000000e+00,-1.000000000000000000e+00,-1.000000000000000000e+00,-1.000000000000000000e+00,-1.000000000000000000e+00,-1.000000000000000000e+00,-1.000000000000000000e+00,-1.000000000000000000e+00,-1.000000000000000000e+00,-1.000000000000000000e+00,-1.000000000000000000e+00,-1.000000000000000000e+00,-1.000000000000000000e+00,-1.000000000000000000e+00,-1.000000000000000000e+00,-1.000000000000000000e+00,-1.000000000000000000e+00,-1.000000000000000000e+00,-1.000000000000000000e+00,-1.000000000000000000e+00,-1.000000000000000000e+00,-1.000000000000000000e+00,-1.000000000000000000e+00,-1.000000000000000000e+00,-1.000000000000000000e+00,-1.000000000000000000e+00,-1.000000000000000000e+00,-1.000000000000000000e+00,-1.000000000000000000e+00,-1.000000000000000000e+00,-1.000000000000000000e+00,-1.000000000000000000e+00,-1.000000000000000000e+00,-1.000000000000000000e+00,-1.000000000000000000e+00,-1.000000000000000000e+00,-1.000000000000000000e+00,-1.000000000000000000e+00,-1.000000000000000000e+00,-1.000000000000000000e+00,-1.000000000000000000e+00,-1.000000000000000000e+00
-1.000000000000000000e+00,-1.000000000000000000e+00,-1.000000000000000000e+00,-1.000000000000000000e+00,-1.000000000000000000e+00,-1.000000000000000000e+00,-1.000000000000000000e+00,-1.000000000000000000e+00,-1.000000000000000000e+00,-1.000000000000000000e+00,-1.000000000000000000e+00,-1.000000000000000000e+00,-1.000000000000000000e+00,-1.000000000000000000e+00,-1.000000000000000000e+00,-1.000000000000000000e+00,-1.000000000000000000e+00,-1.000000000000000000e+00,-1.000000000000000000e+00,-1.000000000000000000e+00,-1.000000000000000000e+00,-1.000000000000000000e+00,-1.000000000000000000e+00,-1.000000000000000000e+00,-1.000000000000000000e+00,-1.000000000000000000e+00,-1.000000000000000000e+00,-1.000000000000000000e+00,-1.000000000000000000e+00,-1.000000000000000000e+00,-1.000000000000000000e+00,-1.000000000000000000e+00,-1.000000000000000000e+00,-1.000000000000000000e+00,-1.000000000000000000e+00,-1.000000000000000000e+00,-1.000000000000000000e+00,-1.000000000000000000e+00,-1.000000000000000000e+00,-1.000000000000000000e+00,-1.000000000000000000e+00,-1.000000000000000000e+00,-1.000000000000000000e+00,-1.000000000000000000e+00,-1.000000000000000000e+00,-1.000000000000000000e+00,-1.318164566376540225e+00,-1.318688490435858229e+00,-1.320230629280089829e+00,-1.322703140946893674e+00,-1.325962550517991057e+00,-1.329811967841385778e+00,-1.333999474035804766e+00,-1.338207377257293107e+00,-1.342024944917033835e+00,-1.344895170556546837e+00,-1.346024427606844709e+00,-1.344243280602422708e+00,-1.337808530936772655e+00,-1.324142668140857015e+00,-1.299519727612256537e+00,-1.258729000880122850e+00,-1.194783249451477847e+00,-1.098790800523869127e+00,-9.601909291593223594e-01,-7.676817641460592645e-01,-5.113926148833020102e-01,-1.872185823517596992e-01,1.953154097856519833e-01,6.004441410386391897e-01,9.515164855206779126e-01,1.136843866355871313e+00,1.136874419862029750e+00,9.516110307135725588e-01,6.006113884485972942e-01,1.955700478243851403e-01,-1.868555394124302715e-01,-5.108933055353495067e-01,-7.670108898272911535e-01,-9.593052493480882514e-01,-1.097638903396097154e+00,-1.193305804205539111e+00,-1.256859696008556071e+00,-1.297187061968527955e+00,-1.321272688956916852e+00,-1.334328504246983904e+00,-1.340086140858051333e+00,-1.341133719956453474e+00,-1.339230068715256516e+00,-1.335564872871592534e+00,-1.330955763345547549e+00,-1.325986244984727946e+00,-1.321094529521201100e+00,-1.316625151613696421e+00,-1.312854650580724591e+00,-1.310000858214454666e+00,-1.308223241375739754e+00,-1.307619684263095827e+00,-1.000000000000000000e+00,-1.000000000000000000e+00,-1.000000000000000000e+00,-1.000000000000000000e+00,-1.000000000000000000e+00,-1.000000000000000000e+00,-1.000000000000000000e+00,-1.000000000000000000e+00,-1.000000000000000000e+00,-1.000000000000000000e+00,-1.000000000000000000e+00,-1.000000000000000000e+00,-1.000000000000000000e+00,-1.000000000000000000e+00,-1.000000000000000000e+00,-1.000000000000000000e+00,-1.000000000000000000e+00,-1.000000000000000000e+00,-1.000000000000000000e+00,-1.000000000000000000e+00,-1.000000000000000000e+00,-1.000000000000000000e+00,-1.000000000000000000e+00,-1.000000000000000000e+00,-1.000000000000000000e+00,-1.000000000000000000e+00,-1.000000000000000000e+00,-1.000000000000000000e+00,-1.000000000000000000e+00,-1.000000000000000000e+00,-1.000000000000000000e+00,-1.000000000000000000e+00,-1.000000000000000000e+00,-1.000000000000000000e+00,-1.000000000000000000e+00,-1.000000000000000000e+00,-1.000000000000000000e+00,-1.000000000000000000e+00,-1.000000000000000000e+00,-1.000000000000000000e+00,-1.000000000000000000e+00,-1.000000000000000000e+00,-1.000000000000000000e+00,-1.000000000000000000e+00,-1.000000000000000000e+00,-1.000000000000000000e+00
-1.000000000000000000e+00,-1.000000000000000000e+00,-1.000000000000000000e+00,-1.000000000000000000e+00,-1.000000000000000000e+00,-1.000000000000000000e+00,-1.000000000000000000e+00,-1.000000000000000000e+00,-1.000000000000000000e+00,-1.000000000000000000e+00,-1.000000000000000000e+00,-1.000000000000000000e+00,-1.000000000000000000e+00,-1.000000000000000000e+00,-1.000000000000000000e+00,-1.000000000000000000e+00,-1.000000000000000000e+00,-1.000000000000000000e+00,-1.000000000000000000e+00,-1.000000000000000000e+00,-1.000000000000000000e+00,-1.000000000000000000e+00,-1.000000000000000000e+00,-1.000000000000000000e+00,-1.000000000000000000e+00,-1.000000000000000000e+00,-1.000000000000000000e+00,-1.000000000000000000e+00,-1.000000000000000000e+00,-1.000000000000000000e+00,-1.000000000000000000e+00,-1.000000000000000000e+00,-1.000000000000000000e+00,-1.000000000000000000e+00,-1.000000000000000000e+00,-1.000000000000000000e+00,-1.000000000000000000e+00,-1.000000000000000000e+00,-1.000000000000000000e+00,-1.000000000000000000e+00,-1.000000000000000000e+00,-1.000000000000000000e+00,-1.000000000000000000e+00,-1.000000000000000000e+00,-1.000000000000000000e+00,-1.000000000000000000e+00,-1.332121852383580940e+00,-1.332516686828751684e+00,-1.333678071911009733e+00,-1.335537262163055239e+00,-1.337981116443190510e+00,-1.340852092718710420e+00,-1.343943664899234447e+00,-1.346986119349586897e+00,-1.349615708643230549e+00,-1.351318119817695118e+00,-1.351335451695180323e+00,-1.348525185771188628e+00,-1.341161275022066945e+00,-1.326673406181440029e+00,-1.301333212663035477e+00,-1.259918632912472969e+00,-1.195422896509799715e+00,-1.098927546619128170e+00,-9.598392296675212210e-01,-7.668201984188111053e-01,-5.099655766575463822e-01,-1.851469123865909783e-01,1.981087087103146072e-01,6.039853509982802127e-01,9.557066111230430039e-01,1.141389893472768424e+00,1.141414080261865749e+00,9.557814419989831833e-01,6.041176684114042406e-01,1.983100067761474072e-01,-1.848602531028356033e-01,-5.095719036893451293e-01,-7.662921284337362859e-01,-9.591432308384316707e-01,-1.098023708029247425e+00,-1.194265041601923816e+00,-1.258454936588057294e+00,-1.299507458740016386e+00,-1.324426973759937010e+00,-1.338435871025836832e+00,-1.345266239096815530e+00,-1.347495989095928159e+00,-1.346862832681806399e+00,-1.344524862263436482e+00,-1.341258925428696180e+00,-1.337600759844664644e+00,-1.333936838860207530e+00,-1.330559539717761197e+00,-1.327696550205149650e+00,-1.325523669325975984e+00,-1.324168122231347944e+00,-1.323707553454839481e+00,-1.000000000000000000e+00,-1.000000000000000000e+00,-1.000000000000000000e+00,-1.000000000000000000e+00,-1.000000000000000000e+00,-1.000000000000000000e+00,-1.000000000000000000e+00,-1.000000000000000000e+00,-1.000000000000000000e+00,-1.000000000000000000e+00,-1.000000000000000000e+00,-1.000000000000000000e+00,-1.000000000000000000e+00,-1.000000000000000000e+00,-1.000000000000000000e+00,-1.000000000000000000e+00,-1.000000000000000000e+00,-1.000000000000000000e+00,-1.000000000000000000e+00,-1.000000000000000000e+00,-1.000000000000000000e+00,-1.000000000000000000e+00,-1.000000000000000000e+00,-1.000000000000000000e+00,-1.000000000000000000e+00,-1.000000000000000000e+00,-1.000000000000000000e+00,-1.000000000000000000e+00,-1.000000000000000000e+00,-1.000000000000000000e+00,-1.000000000000000000e+00,-1.000000000000000000e+00,-1.000000000000000000e+00,-1.000000000000000000e+00,-1.000000000000000000e+00,-1.000000000000000000e+00,-1.000000000000000000e+00,-1.000000000000000000e+00,-1.000000000000000000e+00,-1.000000000000000000e+00,-1.000000000000000000e+00,-1.000000000000000000e+00,-1.000000000000000000e+00,-1.000000000000000000e+00,-1.000000000000000000e+00,-1.000000000000000000e+00
-1.000000000000000000e+00,-1.000000000000000000e+00,-1.000000000000000000e+00,-1.000000000000000000e+00,-1.000000000000000000e+00,-1.000000000000000000e+00,-1.000000000000000000e+00,-1.000000000000000000e+00,-1.000000000000000000e+00,-1.000000000000000000e+00,-1.000000000000000000e+00,-1.000000000000000000e+00,-1.000000000000000000e+00,-1.000000000000000000e+00,-1.000000000000000000e+00,-1.000000000000000000e+00,-1.000000000000000000e+00,-1.000000000000000000e+00,-1.000000000000000000e+00,-1.000000000000000000e+00,-1.000000000000000000e+00,-1.000000000000000000e+00,-1.000000000000000000e+00,-1.000000000000000000e+00,-1.000000000000000000e+00,-1.000000000000000000e+00,-1.000000000000000000e+00,-1.000000000000000000e+00,-1.000000000000000000e+00,-1.000000000000000000e+00,-1.000000000000000000e+00,-1.000000000000000000e+00,-1.000000000000000000e+00,-1.000000000000000000e+00,-1.000000000000000000e+00,-1.000000000000000000e+00,-1.000000000000000000e+00,-1.000000000000000000e+00,-1.000000000000000000e+00,-1.000000000000000000e+00,-1.000000000000000000e+00,-1.000000000000000000e+00,-1.000000000000000000e+00,-1.000000000000000000e+00,-1.000000000000000000e+00,-1.000000000000000000e+00,-1.343270444331835289e+00,-1.343562519355402163e+00,-1.344421028115362793e+00,-1.345792999785636379e+00,-1.347590181525855746e+00,-1.349687029665018301e+00,-1.351913562410238523e+00,-1.354038288025528169e+00,-1.355734501093445399e+00,-1.356521210470947203e+00,-1.355668135855201406e+00,-1.352053391535346760e+00,-1.343963989877359433e+00,-1.328835111446481365e+00,-1.302936739953552969e+00,-1.261038661237436020e+00,-1.196120176073315999e+00,-1.099243939117532154e+00,-9.597938582831091470e-01,-7.664074562052500816e-01,-5.091564804985632131e-01,-1.838963485986291335e-01,1.998449586299990699e-01,6.062189292895368009e-01,9.583683664709148342e-01,1.144285667990839972e+00,1.144304596502523363e+00,9.584269241000493711e-01,6.063224426597100258e-01,2.000023298615292155e-01,-1.836725010115061174e-01,-5.088495527680922947e-01,-7.659965186871406928e-01,-9.592533294108994690e-01,-1.098543384895227071e+00,-1.195224353578308252e+00,-1.259907928122723453e+00,-1.301527937803494517e+00,-1.327102998218979035e+00,-1.341863250977282984e+00,-1.349541183950473400e+00,-1.352707053103365809e+00,-1.353082466175568488e+00,-1.351801077046129507e+00,-1.349607752197023558e+00,-1.347000255669367430e+00,-1.344323357899292359e+00,-1.341826812460675811e+00,-1.339697850059032413e+00,-1.338077031082708146e+00,-1.337064268581834359e+00,-1.336719931018805596e+00,-1.000000000000000000e+00,-1.000000000000000000e+00,-1.000000000000000000e+00,-1.000000000000000000e+00,-1.000000000000000000e+00,-1.000000000000000000e+00,-1.000000000000000000e+00,-1.000000000000000000e+00,-1.000000000000000000e+00,-1.000000000000000000e+00,-1.000000000000000000e+00,-1.000000000000000000e+00,-1.000000000000000000e+00,-1.000000000000000000e+00,-1.000000000000000000e+00,-1.000000000000000000e+00,-1.000000000000000000e+00,-1.000000000000000000e+00,-1.000000000000000000e+00,-1.000000000000000000e+00,-1.000000000000000000e+00,-1.000000000000000000e+00,-1.000000000000000000e+00,-1.000000000000000000e+00,-1.000000000000000000e+00,-1.000000000000000000e+00,-1.000000000000000000e+00,-1.000000000000000000e+00,-1.000000000000000000e+00,-1.000000000000000000e+00,-1.000000000000000000e+00,-1.000000000000000000e+00,-1.000000000000000000e+00,-1.000000000000000000e+00,-1.000000000000000000e+00,-1.000000000000000000e+00,-1.000000000000000000e+00,-1.000000000000000000e+00,-1.000000000000000000e+00,-1.000000000000000000e+00,-1.000000000000000000e+00,-1.000000000000000000e+00,-1.000000000000000000e+00,-1.000000000000000000e+00,-1.000000000000000000e+00,-1.000000000000000000e+00
-1.000000000000000000e+00,-1.000000000000000000e+00,-1.000000000000000000e+00,-1.000000000000000000e+00,-1.000000000000000000e+00,-1.000000000000000000e+00,-1.000000000000000000e+00,-1.000000000000000000e+00,-1.000000000000000000e+00,-1.000000000000000000e+00,-1.000000000000000000e+00,-1.000000000000000000e+00,-1.000000000000000000e+00,-1.000000000000000000e+00,-1.000000000000000000e+00,-1.000000000000000000e+00,-1.000000000000000000e+00,-1.000000000000000000e+00,-1.000000000000000000e+00,-1.000000000000000000e+00,-1.000000000000000000e+00,-1.000000000000000000e+00,-1.000000000000000000e+00,-1.000000000000000000e+00,-1.000000000000000000e+00,-1.000000000000000000e+00,-1.000000000000000000e+00,-1.000000000000000000e+00,-1.000000000000000000e+00,-1.000000000000000000e+00,-1.000000000000000000e+00,-1.000000000000000000e+00,-1.000000000000000000e+00,-1.000000000000000000e+00,-1.000000000000000000e+00,-1.000000000000000000e+00,-1.000000000000000000e+00,-1.000000000000000000e+00,-1.000000000000000000e+00,-1.000000000000000000e+00,-1.000000000000000000e+00,-1.000000000000000000e+00,-1.000000000000000000e+00,-1.000000000000000000e+00,-1.000000000000000000e+00,-1.000000000000000000e+00,-1.351956624120066452e+00,-1.352169455297384193e+00,-1.352794496982158812e+00,-1.353791203371281782e+00,-1.355090845197756355e+00,-1.356592842705571345e+00,-1.358155546059639285e+00,-1.359576900170457847e+00,-1.360558539873829798e+00,-1.360644808463394417e+00,-1.359126307113813770e+00,-1.354896678193965087e+00,-1.346252747155605389e+00,-1.330633878929772251e+00,-1.304309011464952484e+00,-1.262042219041932478e+00,-1.196803056125189890e+00,-1.099641084992851514e+00,-9.599246439421204036e-01,-7.662745403045720938e-01,-5.087469106345789971e-01,-1.831864789851058717e-01,2.008783701349894368e-01,6.075785179717791973e-01,9.600058434802618557e-01,1.146074304066802441e+00,1.146088949063083451e+00,9.600511530751216771e-01,6.076586105518331227e-01,2.010000832488620937e-01,-1.830135219647313072e-01,-5.085101262679760925e-01,-7.659581441285514547e-01,-9.595094079758142991e-01,-1.099104178356517858e+00,-1.196118057725951367e+00,-1.261179393785251346e+00,-1.303235932420998777e+00,-1.329316455121531959e+00,-1.344656687851263133e+00,-1.352989369218811522e+00,-1.356879028522947062e+00,-1.358035153304485210e+00,-1.357572850734536374e+00,-1.356212501587688912e+00,-1.354422532637971521e+00,-1.352515201269283818e+00,-1.350706730142818834e+00,-1.349152249922501490e+00,-1.347964144945034803e+00,-1.347220349176898591e+00,-1.346967263448801688e+00,-1.000000000000000000e+00,-1.000000000000000000e+00,-1.000000000000000000e+00,-1.000000000000000000e+00,-1.000000000000000000e+00,-1.000000000000000000e+00,-1.000000000000000000e+00,-1.000000000000000000e+00,-1.000000000000000000e+00,-1.000000000000000000e+00,-1.000000000000000000e+00,-1.000000000000000000e+00,-1.000000000000000000e+00,-1.000000000000000000e+00,-1.000000000000000000e+00,-1.000000000000000000e+00,-1.000000000000000000e+00,-1.000000000000000000e+00,-1.000000000000000000e+00,-1.000000000000000000e+00,-1.000000000000000000e+00,-1.000000000000000000e+00,-1.000000000000000000e+00,-1.000000000000000000e+00,-1.000000000000000000e+00,-1.000000000000000000e+00,-1.000000000000000000e+00,-1.000000000000000000e+00,-1.000000000000000000e+00,-1.000000000000000000e+00,-1.000000000000000000e+00,-1.000000000000000000e+00,-1.000000000000000000e+00,-1.000000000000000000e+00,-1.000000000000000000e+00,-1.000000000000000000e+00,-1.000000000000000000e+00,-1.000000000000000000e+00,-1.000000000000000000e+00,-1.000000000000000000e+00,-1.000000000000000000e+00,-1.000000000000000000e+00,-1.000000000000000000e+00,-1.000000000000000000e+00,-1.000000000000000000e+00,-1.000000000000000000e+00
-1.000000000000000000e+00,-1.000000000000000000e+00,-1.000000000000000000e+00,-1.000000000000000000e+00,-1.000000000000000000e+00,-1.000000000000000000e+00,-1.000000000000000000e+00,-1.000000000000000000e+00,-1.000000000000000000e+00,-1.000000000000000000e+00,-1.000000000000000000e+00,-1.000000000000000000e+00,-1.000000000000000000e+00,-1.000000000000000000e+00,-1.000000000000000000e+00,-1.000000000000000000e+00,-1.000000000000000000e+00,-1.000000000000000000e+00,-1.000000000000000000e+00,-1.000000000000000000e+00,-1.000000000000000000e+00,-1.000000000000000000e+00,-1.000000000000000000e+00,-1.000000000000000000e+00,-1.000000000000000000e+00,-1.000000000000000000e+00,-1.000000000000000000e+00,-1.000000000000000000e+00,-1.000000000000000000e+00,-1.000000000000000000e+00,-1.000000000000000000e+00,-1.000000000000000000e+00,-1.000000000000000000e+00,-1.000000000000000000e+00,-1.000000000000000000e+00,-1.000000000000000000e+00,-1.000000000000000000e+00,-1.000000000000000000e+00,-1.000000000000000000e+00,-1.000000000000000000e+00,-1.000000000000000000e+00,-1.000000000000000000e+00,-1.000000000000000000e+00,-1.000000000000000000e+00,-1.000000000000000000e+00,-1.000000000000000000e+00,-1.358582526452988937e+00,-1.358735887127914044e+00,-1.359185755039281185e+00,-1.359901005179057876e+00,-1.360827675321420571e+00,-1.361884005550167975e+00,-1.362949624684147265e+00,-1.363844498906742864e+00,-1.364291383178588557e+00,-1.363853436036730038e+00,-1.361836724713664015e+00,-1.357146377286027938e+00,-1.348086494597211527e+00,-1.332099607461046054e+00,-1.305454044037226868e+00,-1.262909954090366327e+00,-1.197430170812540329e+00,-1.100055300408011805e+00,-9.601431680855215811e-01,-7.663034737474725411e-01,-5.085821683619864420e-01,-1.828171538178174904e-01,2.014628300448038090e-01,6.083756629582877107e-01,9.609816693693524758e-01,1.147146726250030113e+00,1.147157925167533676e+00,9.610163285949797629e-01,6.084369529616548977e-01,2.015559708986323084e-01,-1.826848818241830763e-01,-5.084013238699519599e-01,-7.660622924565735348e-01,-9.598273899983166269e-01,-1.099648050888057504e+00,-1.196911962338635060e+00,-1.262258876205441638e+00,-1.304646202791899690e+00,-1.331109859329190348e+00,-1.346889501813532952e+00,-1.355717971020353296e+00,-1.360155530423286407e+00,-1.361902663816566328e+00,-1.362060652267602645e+00,-1.361331533722301756e+00,-1.360161638647332971e+00,-1.358838598513933515e+00,-1.357553096778904678e+00,-1.356435683792664992e+00,-1.355577064791807507e+00,-1.355038195765544851e+00,-1.354854657330013090e+00,-1.000000000000000000e+00,-1.000000000000000000e+00,-1.000000000000000000e+00,-1.000000000000000000e+00,-1.000000000000000000e+00,-1.000000000000000000e+00,-1.000000000000000000e+00,-1.000000000000000000e+00,-1.000000000000000000e+00,-1.000000000000000000e+00,-1.000000000000000000e+00,-1.000000000000000000e+00,-1.000000000000000000e+00,-1.000000000000000000e+00,-1.000000000000000000e+00,-1.000000000000000000e+00,-1.000000000000000000e+00,-1.000000000000000000e+00,-1.000000000000000000e+00,-1.000000000000000000e+00,-1.000000000000000000e+00,-1.000000000000000000e+00,-1.000000000000000000e+00,-1.000000000000000000e+00,-1.000000000000000000e+00,-1.000000000000000000e+00,-1.000000000000000000e+00,-1.000000000000000000e+00,-1.000000000000000000e+00,-1.000000000000000000e+00,-1.000000000000000000e+00,-1.000000000000000000e+00,-1.000000000000000000e+00,-1.000000000000000000e+00,-1.000000000000000000e+00,-1.000000000000000000e+00,-1.000000000000000000e+00,-1.000000000000000000e+00,-1.000000000000000000e+00,-1.000000000000000000e+00,-1.000000000000000000e+00,-1.000000000000000000e+00,-1.000000000000000000e+00,-1.000000000000000000e+00,-1.000000000000000000e+00,-1.000000000000000000e+00
-1.000000000000000000e+00,-1.000000000000000000e+00,-1.000000000000000000e+00,-1.000000000000000000e+00,-1.000000000000000000e+00,-1.000000000000000000e+00,-1.000000000000000000e+00,-1.000000000000000000e+00,-1.000000000000000000e+00,-1.000000000000000000e+00,-1.000000000000000000e+00,-1.000000000000000000e+00,-1.000000000000000000e+00,-1.000000000000000000e+00,-1.000000000000000000e+00,-1.000000000000000000e+00,-1.000000000000000000e+00,-1.000000000000000000e+00,-1.000000000000000000e+00,-1.000000000000000000e+00,-1.000000000000000000e+00,-1.000000000000000000e+00,-1.000000000000000000e+00,-1.000000000000000000e+00,-1.000000000000000000e+00,-1.000000000000000000e+00,-1.000000000000000000e+00,-1.000000000000000000e+00,-1.000000000000000000e+00,-1.000000000000000000e+00,-1.000000000000000000e+00,-1.000000000000000000e+00,-1.000000000000000000e+00,-1.000000000000000000e+00,-1.000000000000000000e+00,-1.000000000000000000e+00,-1.000000000000000000e+00,-1.000000000000000000e+00,-1.000000000000000000e+00,-1.000000000000000000e+00,-1.000000000000000000e+00,-1.000000000000000000e+00,-1.000000000000000000e+00,-1.000000000000000000e+00,-1.000000000000000000e+00,-1.000000000000000000e+00,-1.363548160489266303e+00,-1.363657922733812367e+00,-1.363979376160194379e+00,-1.364488317823099983e+00,-1.365141621176803488e+00,-1.365871310673123507e+00,-1.366572569030243933e+00,-1.367081426747714712e+00,-1.367136018439449874e+00,-1.366313186154159975e+00,-1.363930239535899203e+00,-1.358900664153720461e+00,-1.349533880043394252e+00,-1.333274784732240370e+00,-1.306391378350715726e+00,-1.263641143880887885e+00,-1.197982316713825490e+00,-1.100449421789902793e+00,-9.603932488366094811e-01,-7.664162164473611316e-01,-5.085577853549622107e-01,-1.826517214215633844e-01,2.017727068214298924e-01,6.088250224083138207e-01,9.615461225068198114e-01,1.147772931116212369e+00,1.147781389347734216e+00,9.615723178665855908e-01,6.088713919580825973e-01,2.018432218347550045e-01,-1.825515852932670935e-01,-5.084210017007548821e-01,-7.662341059982566982e-01,-9.601553611391446807e-01,-1.100143450367640163e+00,-1.197594098411323360e+00,-1.263154791640660246e+00,-1.305789592011977085e+00,-1.332539372379874631e+00,-1.348646511139145465e+00,-1.357843846293117940e+00,-1.362688488050118440e+00,-1.364874319394716373e+00,-1.365492486031751440e+00,-1.365231554983563633e+00,-1.364521587005715908e+00,-1.363632027154292992e+00,-1.362734639348333499e+00,-1.361941709072370221e+00,-1.361327787444462922e+00,-1.360941149993201371e+00,-1.360809282559147793e+00,-1.000000000000000000e+00,-1.000000000000000000e+00,-1.000000000000000000e+00,-1.000000000000000000e+00,-1.000000000000000000e+00,-1.000000000000000000e+00,-1.000000000000000000e+00,-1.000000000000000000e+00,-1.000000000000000000e+00,-1.000000000000000000e+00,-1.000000000000000000e+00,-1.000000000000000000e+00,-1.000000000000000000e+00,-1.000000000000000000e+00,-1.000000000000000000e+00,-1.000000000000000000e+00,-1.000000000000000000e+00,-1.000000000000000000e+00,-1.000000000000000000e+00,-1.000000000000000000e+00,-1.000000000000000000e+00,-1.000000000000000000e+00,-1.000000000000000000e+00,-1.000000000000000000e+00,-1.000000000000000000e+00,-1.000000000000000000e+00,-1.000000000000000000e+00,-1.000000000000000000e+00,-1.000000000000000000e+00,-1.000000000000000000e+00,-1.000000000000000000e+00,-1.000000000000000000e+00,-1.000000000000000000e+00,-1.000000000000000000e+00,-1.000000000000000000e+00,-1.000000000000000000e+00,-1.000000000000000000e+00,-1.000000000000000000e+00,-1.000000000000000000e+00,-1.000000000000000000e+00,-1.000000000000000000e+00,-1.000000000000000000e+00,-1.000000000000000000e+00,-1.000000000000000000e+00,-1.000000000000000000e+00,-1.000000000000000000e+00
-1.000000000000000000e+00,-1.000000000000000000e+00,-1.000000000000000000e+00,-1.000000000000000000e+00,-1.000000000000000000e+00,-1.000000000000000000e+00,-1.000000000000000000e+00,-1.000000000000000000e+00,-1.000000000000000000e+00,-1.000000000000000000e+00,-1.000000000000000000e+00,-1.000000000000000000e+00,-1.000000000000000000e+00,-1.000000000000000000e+00,-1.000000000000000000e+00,-1.000000000000000000e+00,-1.000000000000000000e+00,-1.000000000000000000e+00,-1.000000000000000000e+00,-1.000000000000000000e+00,-1.000000000000000000e+00,-1.000000000000000000e+00,-1.000000000000000000e+00,-1.000000000000000000e+00,-1.000000000000000000e+00,-1.000000000000000000e+00,-1.000000000000000000e+00,-1.000000000000000000e+00,-1.000000000000000000e+00,-1.000000000000000000e+00,-1.000000000000000000e+00,-1.000000000000000000e+00,-1.000000000000000000e+00,-1.000000000000000000e+00,-1.000000000000000000e+00,-1.000000000000000000e+00,-1.000000000000000000e+00,-1.000000000000000000e+00,-1.000000000000000000e+00,-1.000000000000000000e+00,-1.000000000000000000e+00,-1.000000000000000000e+00,-1.000000000000000000e+00,-1.000000000000000000e+00,-1.000000000000000000e+00,-1.000000000000000000e+00,-1.367216593490257592e+00,-1.367295031292818486e+00,-1.367524215853464842e+00,-1.367884898063464583e+00,-1.368341701372836727e+00,-1.368836501467552536e+00,-1.369275588525920018e+00,-1.369506458179337915e+00,-1.369278218890235266e+00,-1.368177479253822604e+00,-1.365529582177169576e+00,-1.360253999838521022e+00,-1.350663983692292014e+00,-1.334206168550815530e+00,-1.307148384164189547e+00,-1.264246298355983900e+00,-1.198454997603973338e+00,-1.100804875023370322e+00,-9.606420216046794858e-01,-7.665641255774400253e-01,-5.086066164771816389e-01,-1.826009450322898520e-01,2.019228338736684947e-01,6.090686045463824527e-01,9.618651608223585114e-01,1.148132113541879828e+00,1.148138415247188515e+00,9.618847014382432281e-01,6.091032604370758552e-01,2.019756243664312390e-01,-1.825259152568279308e-01,-5.085041497348902206e-01,-7.664278723271964466e-01,-9.604644023482665771e-01,-1.100577021456252913e+00,-1.198166752057493012e+00,-1.263886307253720087e+00,-1.306704317487910494e+00,-1.333665087931231064e+00,-1.350012874710967203e+00,-1.359480463072473277e+00,-1.364622661060802544e+00,-1.367128578792440541e+00,-1.368082049450339621e+00,-1.368161924352677916e+00,-1.367786524329467124e+00,-1.367212158307991920e+00,-1.366596907067206601e+00,-1.366039828274594470e+00,-1.365603758176924920e+00,-1.365327765547949657e+00,-1.365233453671099051e+00,-1.000000000000000000e+00,-1.000000000000000000e+00,-1.000000000000000000e+00,-1.000000000000000000e+00,-1.000000000000000000e+00,-1.000000000000000000e+00,-1.000000000000000000e+00,-1.000000000000000000e+00,-1.000000000000000000e+00,-1.000000000000000000e+00,-1.000000000000000000e+00,-1.000000000000000000e+00,-1.000000000000000000e+00,-1.000000000000000000e+00,-1.000000000000000000e+00,-1.000000000000000000e+00,-1.000000000000000000e+00,-1.000000000000000000e+00,-1.000000000000000000e+00,-1.000000000000000000e+00,-1.000000000000000000e+00,-1.000000000000000000e+00,-1.000000000000000000e+00,-1.000000000000000000e+00,-1.000000000000000000e+00,-1.000000000000000000e+00,-1.000000000000000000e+00,-1.000000000000000000e+00,-1.000000000000000000e+00,-1.000000000000000000e+00,-1.000000000000000000e+00,-1.000000000000000000e+00,-1.000000000000000000e+00,-1.000000000000000000e+00,-1.000000000000000000e+00,-1.000000000000000000e+00,-1.000000000000000000e+00,-1.000000000000000000e+00,-1.000000000000000000e+00,-1.000000000000000000e+00,-1.000000000000000000e+00,-1.000000000000000000e+00,-1.000000000000000000e+00,-1.000000000000000000e+00,-1.000000000000000000e+00,-1.000000000000000000e+00
-1.000000000000000000e+00,-1.000000000000000000e+00,-1.000000000000000000e+00,-1.000000000000000000e+00,-1.000000000000000000e+00,-1.000000000000000000e+00,-1.000000000000000000e+00,-1.000000000000000000e+00,-1.000000000000000000e+00,-1.000000000000000000e+00,-1.000000000000000000e+00,-1.000000000000000000e+00,-1.000000000000000000e+00,-1.000000000000000000e+00,-1.000000000000000000e+00,-1.000000000000000000e+00,-1.000000000000000000e+00,-1.000000000000000000e+00,-1.000000000000000000e+00,-1.000000000000000000e+00,-1.000000000000000000e+00,-1.000000000000000000e+00,-1.000000000000000000e+00,-1.000000000000000000e+00,-1.000000000000000000e+00,-1.000000000000000000e+00,-1.000000000000000000e+00,-1.000000000000000000e+00,-1.000000000000000000e+00,-1.000000000000000000e+00,-1.000000000000000000e+00,-1.000000000000000000e+00,-1.000000000000000000e+00,-1.000000000000000000e+00,-1.000000000000000000e+00,-1.000000000000000000e+00,-1.000000000000000000e+00,-1.000000000000000000e+00,-1.000000000000000000e+00,-1.000000000000000000e+00,-1.000000000000000000e+00,-1.000000000000000000e+00,-1.000000000000000000e+00,-1.000000000000000000e+00,-1.000000000000000000e+00,-1.000000000000000000e+00,-1.369897238017444563e+00,-1.369953555980658599e+00,-1.370117573994362958e+00,-1.370373510081032364e+00,-1.370691411483492939e+00,-1.371020047999982339e+00,-1.371273484371375861e+00,-1.371307244818311233e+00,-1.370878129164710080e+00,-1.369579600921046136e+00,-1.366742653206915570e+00,-1.361290981312912818e+00,-1.351540551191186879e+00,-1.334939240100346147e+00,-1.307754775264750702e+00,-1.264741563943108771e+00,-1.198852505918550415e+00,-1.101115154537771534e+00,-9.608724391832814682e-01,-7.667189831616618712e-01,-5.086877868367265521e-01,-1.826091942024568038e-01,2.019856893627405281e-01,6.091966250874609745e-01,9.620445617433779351e-01,1.148338629926627608e+00,1.148343251720388647e+00,9.620589221978368411e-01,6.092221761699669891e-01,2.020247325911685987e-01,-1.825535833258745688e-01,-5.086117774746484743e-01,-7.666179603179362756e-01,-9.607409539562907774e-01,-1.100946883540656840e+00,-1.198640250644406935e+00,-1.264477316011412000e+00,-1.307429870513971970e+00,-1.334544616562334252e+00,-1.351067121718992681e+00,-1.360730116876518903e+00,-1.366086760173249592e+00,-1.368822761686137479e+00,-1.370016758980084681e+00,-1.370340710990020527e+00,-1.370204618282935494e+00,-1.369855484535323020e+00,-1.369441698546839614e+00,-1.369052947009884669e+00,-1.368743764793831641e+00,-1.368546694483447013e+00,-1.368479168023941650e+00,-1.000000000000000000e+00,-1.000000000000000000e+00,-1.000000000000000000e+00,-1.000000000000000000e+00,-1.000000000000000000e+00,-1.000000000000000000e+00,-1.000000000000000000e+00,-1.000000000000000000e+00,-1.000000000000000000e+00,-1.000000000000000000e+00,-1.000000000000000000e+00,-1.000000000000000000e+00,-1.000000000000000000e+00,-1.000000000000000000e+00,-1.000000000000000000e+00,-1.000000000000000000e+00,-1.000000000000000000e+00,-1.000000000000000000e+00,-1.000000000000000000e+00,-1.000000000000000000e+00,-1.000000000000000000e+00,-1.000000000000000000e+00,-1.000000000000000000e+00,-1.000000000000000000e+00,-1.000000000000000000e+00,-1.000000000000000000e+00,-1.000000000000000000e+00,-1.000000000000000000e+00,-1.000000000000000000e+00,-1.000000000000000000e+00,-1.000000000000000000e+00,-1.000000000000000000e+00,-1.000000000000000000e+00,-1.000000000000000000e+00,-1.000000000000000000e+00,-1.000000000000000000e+00,-1.000000000000000000e+00,-1.000000000000000000e+00,-1.000000000000000000e+00,-1.000000000000000000e+00,-1.000000000000000000e+00,-1.000000000000000000e+00,-1.000000000000000000e+00,-1.000000000000000000e+00,-1.000000000000000000e+00,-1.000000000000000000e+00
-1.000000000000000000e+00,-1.000000000000000000e+00,-1.000000000000000000e+00,-1.000000000000000000e+00,-1.000000000000000000e+00,-1.000000000000000000e+00,-1.000000000000000000e+00,-1.000000000000000000e+00,-1.000000000000000000e+00,-1.000000000000000000e+00,-1.000000000000000000e+00,-1.000000000000000000e+00,-1.000000000000000000e+00,-1.000000000000000000e+00,-1.000000000000000000e+00,-1.000000000000000000e+00,-1.000000000000000000e+00,-1.000000000000000000e+00,-1.000000000000000000e+00,-1.000000000000000000e+00,-1.000000000000000000e+00,-1.000000000000000000e+00,-1.000000000000000000e+00,-1.000000000000000000e+00,-1.000000000000000000e+00,-1.000000000000000000e+00,-1.000000000000000000e+00,-1.000000000000000000e+00,-1.000000000000000000e+00,-1.000000000000000000e+00,-1.000000000000000000e+00,-1.000000000000000000e+00,-1.000000000000000000e+00,-1.000000000000000000e+00,-1.000000000000000000e+00,-1.000000000000000000e+00,-1.000000000000000000e+00,-1.000000000000000000e+00,-1.000000000000000000e+00,-1.000000000000000000e+00,-1.000000000000000000e+00,-1.000000000000000000e+00,-1.000000000000000000e+00,-1.000000000000000000e+00,-1.000000000000000000e+00,-1.000000000000000000e+00,-1.371841672246576493e+00,-1.371882598769381456e+00,-1.372001261586716758e+00,-1.372184259943945772e+00,-1.372405367397802944e+00,-1.372618092708112858e+00,-1.372741849305967321e+00,-1.372637691619420952e+00,-1.372067726170459245e+00,-1.370630155872129663e+00,-1.367659889623952907e+00,-1.362083555994086925e+00,-1.352219007326846301e+00,-1.335514976889847993e+00,-1.308239098739841788e+00,-1.265144866338313800e+00,-1.199183615479345377e+00,-1.101380898214371129e+00,-9.610774741414306321e-01,-7.668659684613019500e-01,-5.087779759655632894e-01,-1.826435200146694360e-01,2.020050114862399493e-01,6.092640546865120132e-01,9.621490882321401816e-01,1.148462621153158114e+00,1.148465946792712078e+00,9.621594545551512834e-01,6.092825950098292864e-01,2.020334909274519308e-01,-1.826027907918653659e-01,-5.087221762865795638e-01,-7.667917588057135969e-01,-9.609809655023858754e-01,-1.101257623462539970e+00,-1.199028527672378663e+00,-1.264952382994853464e+00,-1.308003208833013353e+00,-1.335229420037447934e+00,-1.351877532063985976e+00,-1.361680254318970995e+00,-1.367189594133338737e+00,-1.370088880014888488e+00,-1.371453113524538470e+00,-1.371949438435293045e+00,-1.371982052503712968e+00,-1.371791479261491364e+00,-1.371519365513061528e+00,-1.371248884048127614e+00,-1.371028802066482921e+00,-1.370887129262428727e+00,-1.370838400533566759e+00,-1.000000000000000000e+00,-1.000000000000000000e+00,-1.000000000000000000e+00,-1.000000000000000000e+00,-1.000000000000000000e+00,-1.000000000000000000e+00,-1.000000000000000000e+00,-1.000000000000000000e+00,-1.000000000000000000e+00,-1.000000000000000000e+00,-1.000000000000000000e+00,-1.000000000000000000e+00,-1.000000000000000000e+00,-1.000000000000000000e+00,-1.000000000000000000e+00,-1.000000000000000000e+00,-1.000000000000000000e+00,-1.000000000000000000e+00,-1.000000000000000000e+00,-1.000000000000000000e+00,-1.000000000000000000e+00,-1.000000000000000000e+00,-1.000000000000000000e+00,-1.000000000000000000e+00,-1.000000000000000000e+00,-1.000000000000000000e+00,-1.000000000000000000e+00,-1.000000000000000000e+00,-1.000000000000000000e+00,-1.000000000000000000e+00,-1.000000000000000000e+00,-1.000000000000000000e+00,-1.000000000000000000e+00,-1.000000000000000000e+00,-1.000000000000000000e+00,-1.000000000000000000e+00,-1.000000000000000000e+00,-1.000000000000000000e+00,-1.000000000000000000e+00,-1.000000000000000000e+00,-1.000000000000000000e+00,-1.000000000000000000e+00,-1.000000000000000000e+00,-1.000000000000000000e+00,-1.000000000000000000e+00,-1.000000000000000000e+00
-1.000000000000000000e+00,-1.000000000000000000e+00,-1.000000000000000000e+00,-1.000000000000000000e+00,-1.000000000000000000e+00,-1.000000000000000000e+00,-1.000000000000000000e+00,-1.000000000000000000e+00,-1.000000000000000000e+00,-1.000000000000000000e+00,-1.000000000000000000e+00,-1.000000000000000000e+00,-1.000000000000000000e+00,-1.000000000000000000e+00,-1.000000000000000000e+00,-1.000000000000000000e+00,-1.000000000000000000e+00,-1.000000000000000000e+00,-1.000000000000000000e+00,-1.000000000000000000e+00,-1.000000000000000000e+00,-1.000000000000000000e+00,-1.000000000000000000e+00,-1.000000000000000000e+00,-1.000000000000000000e+00,-1.000000000000000000e+00,-1.000000000000000000e+00,-1.000000000000000000e+00,-1.000000000000000000e+00,-1.000000000000000000e+00,-1.000000000000000000e+00,-1.000000000000000000e+00,-1.000000000000000000e+00,-1.000000000000000000e+00,-1.000000000000000000e+00,-1.000000000000000000e+00,-1.000000000000000000e+00,-1.000000000000000000e+00,-1.000000000000000000e+00,-1.000000000000000000e+00,-1.000000000000000000e+00,-1.000000000000000000e+00,-1.000000000000000000e+00,-1.000000000000000000e+00,-1.000000000000000000e+00,-1.000000000000000000e+00,-1.373247075821645069e+00,-1.373277425005713370e+00,-1.373364909198033113e+00,-1.373497737216918591e+00,-1.373652202987785786e+00,-1.373785023569699115e+00,-1.373819238211246407e+00,-1.373619656690161506e+00,-1.372951996585816126e+00,-1.371417693012710881e+00,-1.368354330207757208e+00,-1.362690540688141327e+00,-1.352745456541413427e+00,-1.335968368392177696e+00,-1.308626792954663776e+00,-1.265473517325748309e+00,-1.199458706441192346e+00,-1.101606444777966320e+00,-9.612559511107682253e-01,-7.669985241548484822e-01,-5.088649952917603247e-01,-1.826855685435448962e-01,2.020059003695826583e-01,6.093029127209013129e-01,9.622167392624090265e-01,1.148545352294267019e+00,1.148547687141452833e+00,9.622240541521533963e-01,6.093161031521396875e-01,2.020263334505640884e-01,-1.826561458888673606e-01,-5.088245018786654583e-01,-7.669445483791805795e-01,-9.611857325806126839e-01,-1.101516852960816362e+00,-1.199346237039114804e+00,-1.265334320647313326e+00,-1.308456746817485028e+00,-1.335763201223391761e+00,-1.352500924445572350e+00,-1.362402656930985945e+00,-1.368019635246612298e+00,-1.371033553245927905e+00,-1.372516907260263874e+00,-1.373133525510819908e+00,-1.373283616976773480e+00,-1.373203259297603118e+00,-1.373029481838228261e+00,-1.372841002570784452e+00,-1.372682648354504042e+00,-1.372579334382778127e+00,-1.372543618372740859e+00,-1.000000000000000000e+00,-1.000000000000000000e+00,-1.000000000000000000e+00,-1.000000000000000000e+00,-1.000000000000000000e+00,-1.000000000000000000e+00,-1.000000000000000000e+00,-1.000000000000000000e+00,-1.000000000000000000e+00,-1.000000000000000000e+00,-1.000000000000000000e+00,-1.000000000000000000e+00,-1.000000000000000000e+00,-1.000000000000000000e+00,-1.000000000000000000e+00,-1.000000000000000000e+00,-1.000000000000000000e+00,-1.000000000000000000e+00,-1.000000000000000000e+00,-1.000000000000000000e+00,-1.000000000000000000e+00,-1.000000000000000000e+00,-1.000000000000000000e+00,-1.000000000000000000e+00,-1.000000000000000000e+00,-1.000000000000000000e+00,-1.000000000000000000e+00,-1.000000000000000000e+00,-1.000000000000000000e+00,-1.000000000000000000e+00,-1.000000000000000000e+00,-1.000000000000000000e+00,-1.000000000000000000e+00,-1.000000000000000000e+00,-1.000000000000000000e+00,-1.000000000000000000e+00,-1.000000000000000000e+00,-1.000000000000000000e+00,-1.000000000000000000e+00,-1.000000000000000000e+00,-1.000000000000000000e+00,-1.000000000000000000e+00,-1.000000000000000000e+00,-1.000000000000000000e+00,-1.000000000000000000e+00,-1.000000000000000000e+00
-1.000000000000000000e+00,-1.000000000000000000e+00,-1.000000000000000000e+00,-1.000000000000000000e+00,-1.000000000000000000e+00,-1.000000000000000000e+00,-1.000000000000000000e+00,-1.000000000000000000e+00,-1.000000000000000000e+00,-1.000000000000000000e+00,-1.000000000000000000e+00,-1.000000000000000000e+00,-1.000000000000000000e+00,-1.000000000000000000e+00,-1.000000000000000000e+00,-1.000000000000000000e+00,-1.000000000000000000e+00,-1.000000000000000000e+00,-1.000000000000000000e+00,-1.000000000000000000e+00,-1.000000000000000000e+00,-1.000000000000000000e+00,-1.000000000000000000e+00,-1.000000000000000000e+00,-1.000000000000000000e+00,-1.000000000000000000e+00,-1.000000000000000000e+00,-1.000000000000000000e+00,-1.000000000000000000e+00,-1.000000000000000000e+00,-1.000000000000000000e+00,-1.000000000000000000e+00,-1.000000000000000000e+00,-1.000000000000000000e+00,-1.000000000000000000e+00,-1.000000000000000000e+00,-1.000000000000000000e+00,-1.000000000000000000e+00,-1.000000000000000000e+00,-1.000000000000000000e+00,-1.000000000000000000e+00,-1.000000000000000000e+00,-1.000000000000000000e+00,-1.000000000000000000e+00,-1.000000000000000000e+00,-1.000000000000000000e+00,-1.374263512792741615e+00,-1.374286667985766375e+00,-1.374352938992066342e+00,-1.374451608171877171e+00,-1.374560651915211373e+00,-1.374638931592518043e+00,-1.374611913594054435e+00,-1.374346926491888388e+00,-1.373612114952021734e+00,-1.372011090367351915e+00,-1.368883238536747982e+00,-1.363158535244724412e+00,-1.353156953016505959e+00,-1.336328112031232696e+00,-1.308939371924746187e+00,-1.265742931389800097e+00,-1.199688026923677375e+00,-1.101797609309078885e+00,-9.614097492103373943e-01,-7.671148349360814578e-01,-5.089433300318729758e-01,-1.827259318716520919e-01,2.020018987369551766e-01,6.093308999040250029e-01,9.622687660080926353e-01,1.148609998751070282e+00,1.148611583224178556e+00,9.622737708127402367e-01,6.093400436650326935e-01,2.020162546825061689e-01,-1.827050297184098504e-01,-5.089143376167417632e-01,-7.670760096054235477e-01,-9.613591388104020252e-01,-1.101733034962659286e+00,-1.199607076987383669e+00,-1.265642977727231333e+00,-1.308817618041605124e+00,-1.336181676484911929e+00,-1.352982989318976426e+00,-1.362954387934117939e+00,-1.368646625078861367e+00,-1.371740301876958945e+00,-1.373306217824062703e+00,-1.374005950204230775e+00,-1.374237002483787107e+00,-1.374232442248739083e+00,-1.374126178678348520e+00,-1.373993924868218697e+00,-1.373877853789537973e+00,-1.373800798844113880e+00,-1.373773988134798341e+00,-1.000000000000000000e+00,-1.000000000000000000e+00,-1.000000000000000000e+00,-1.000000000000000000e+00,-1.000000000000000000e+00,-1.000000000000000000e+00,-1.000000000000000000e+00,-1.000000000000000000e+00,-1.000000000000000000e+00,-1.000000000000000000e+00,-1.000000000000000000e+00,-1.000000000000000000e+00,-1.000000000000000000e+00,-1.000000000000000000e+00,-1.000000000000000000e+00,-1.000000000000000000e+00,-1.000000000000000000e+00,-1.000000000000000000e+00,-1.000000000000000000e+00,-1.000000000000000000e+00,-1.000000000000000000e+00,-1.000000000000000000e+00,-1.000000000000000000e+00,-1.000000000000000000e+00,-1.000000000000000000e+00,-1.000000000000000000e+00,-1.000000000000000000e+00,-1.000000000000000000e+00,-1.000000000000000000e+00,-1.000000000000000000e+00,-1.000000000000000000e+00,-1.000000000000000000e+00,-1.000000000000000000e+00,-1.000000000000000000e+00,-1.000000000000000000e+00,-1.000000000000000000e+00,-1.000000000000000000e+00,-1.000000000000000000e+00,-1.000000000000000000e+00,-1.000000000000000000e+00,-1.000000000000000000e+00,-1.000000000000000000e+00,-1.000000000000000000e+00,-1.000000000000000000e+00,-1.000000000000000000e+00,-1.000000000000000000e+00
-1.000000000000000000e+00,-1.000000000000000000e+00,-1.000000000000000000e+00,-1.000000000000000000e+00,-1.000000000000000000e+00,-1.000000000000000000e+00,-1.000000000000000000e+00,-1.000000000000000000e+00,-1.000000000000000000e+00,-1.000000000000000000e+00,-1.000000000000000000e+00,-1.000000000000000000e+00,-1.000000000000000000e+00,-1.000000000000000000e+00,-1.000000000000000000e+00,-1.000000000000000000e+00,-1.000000000000000000e+00,-1.000000000000000000e+00,-1.000000000000000000e+00,-1.000000000000000000e+00,-1.000000000000000000e+00,-1.000000000000000000e+00,-1.000000000000000000e+00,-1.000000000000000000e+00,-1.000000000000000000e+00,-1.000000000000000000e+00,-1.000000000000000000e+00,-1.000000000000000000e+00,-1.000000000000000000e+00,-1.000000000000000000e+00,-1.000000000000000000e+00,-1.000000000000000000e+00,-1.000000000000000000e+00,-1.000000000000000000e+00,-1.000000000000000000e+00,-1.000000000000000000e+00,-1.000000000000000000e+00,-1.000000000000000000e+00,-1.000000000000000000e+00,-1.000000000000000000e+00,-1.000000000000000000e+00,-1.000000000000000000e+00,-1.000000000000000000e+00,-1.000000000000000000e+00,-1.000000000000000000e+00,-1.000000000000000000e+00,-1.375002497939223911e+00,-1.375020801913983348e+00,-1.375072762212390387e+00,-1.375148369290673411e+00,-1.375226710431924459e+00,-1.375268064857909422e+00,-1.375199506366010516e+00,-1.374890034786079740e+00,-1.374109407755553569e+00,-1.372462683660295113e+00,-1.369290442371557948e+00,-1.363523538799736201e+00,-1.353482471314515490e+00,-1.336617018472596730e+00,-1.309194339271627427e+00,-1.265966107141898167e+00,-1.199880776457864062e+00,-1.101960370070042883e+00,-9.615420523817318488e-01,-7.672155550475887598e-01,-5.090112125526241593e-01,-1.827604052242013388e-01,2.019997065524350432e-01,6.093571612177604013e-01,9.623163671440402300e-01,1.148668859837640444e+00,1.148669881400387283e+00,9.623196392274711020e-01,6.093632709621035204e-01,2.020095107219057606e-01,-1.827458737015310586e-01,-5.089907973620375614e-01,-7.671879921565440963e-01,-9.615059634073344075e-01,-1.101914247205455277e+00,-1.199822973870043663e+00,-1.265894848121400740e+00,-1.309107746325726795e+00,-1.336513168845339328e+00,-1.353359477163752267e+00,-1.363379652405973808e+00,-1.369124177621828586e+00,-1.372272950137701342e+00,-1.373895643679244660e+00,-1.374652329746832935e+00,-1.374938699524551389e+00,-1.374985806739406069e+00,-1.374925476807712821e+00,-1.374831419735060400e+00,-1.374744042197809213e+00,-1.374684794051522996e+00,-1.374664020120265562e+00,-1.000000000000000000e+00,-1.000000000000000000e+00,-1.000000000000000000e+00,-1.000000000000000000e+00,-1.000000000000000000e+00,-1.000000000000000000e+00,-1.000000000000000000e+00,-1.000000000000000000e+00,-1.000000000000000000e+00,-1.000000000000000000e+00,-1.000000000000000000e+00,-1.000000000000000000e+00,-1.000000000000000000e+00,-1.000000000000000000e+00,-1.000000000000000000e+00,-1.000000000000000000e+00,-1.000000000000000000e+00,-1.000000000000000000e+00,-1.000000000000000000e+00,-1.000000000000000000e+00,-1.000000000000000000e+00,-1.000000000000000000e+00,-1.000000000000000000e+00,-1.000000000000000000e+00,-1.000000000000000000e+00,-1.000000000000000000e+00,-1.000000000000000000e+00,-1.000000000000000000e+00,-1.000000000000000000e+00,-1.000000000000000000e+00,-1.000000000000000000e+00,-1.000000000000000000e+00,-1.000000000000000000e+00,-1.000000000000000000e+00,-1.000000000000000000e+00,-1.000000000000000000e+00,-1.000000000000000000e+00,-1.000000000000000000e+00,-1.000000000000000000e+00,-1.000000000000000000e+00,-1.000000000000000000e+00,-1.000000000000000000e+00,-1.000000000000000000e+00,-1.000000000000000000e+00,-1.000000000000000000e+00,-1.000000000000000000e+00
-1.000000000000000000e+00,-1.000000000000000000e+00,-1.000000000000000000e+00,-1.000000000000000000e+00,-1.000000000000000000e+00,-1.000000000000000000e+00,-1.000000000000000000e+00,-1.000000000000000000e+00,-1.000000000000000000e+00,-1.000000000000000000e+00,-1.000000000000000000e+00,-1.000000000000000000e+00,-1.000000000000000000e+00,-1.000000000000000000e+00,-1.000000000000000000e+00,-1.000000000000000000e+00,-1.000000000000000000e+00,-1.000000000000000000e+00,-1.000000000000000000e+00,-1.000000000000000000e+00,-1.000000000000000000e+00,-1.000000000000000000e+00,-1.000000000000000000e+00,-1.000000000000000000e+00,-1.000000000000000000e+00,-1.000000000000000000e+00,-1.000000000000000000e+00,-1.000000000000000000e+00,-1.000000000000000000e+00,-1.000000000000000000e+00,-1.000000000000000000e+00,-1.000000000000000000e+00,-1.000000000000000000e+00,-1.000000000000000000e+00,-1.000000000000000000e+00,-1.000000000000000000e+00,-1.000000000000000000e+00,-1.000000000000000000e+00,-1.000000000000000000e+00,-1.000000000000000000e+00,-1.000000000000000000e+00,-1.000000000000000000e+00,-1.000000000000000000e+00,-1.000000000000000000e+00,-1.000000000000000000e+00,-1.000000000000000000e+00,-1.375545307545351648e+00,-1.375560362873812448e+00,-1.375602735763520101e+00,-1.375662879434588426e+00,-1.375720608001114842e+00,-1.375737129786953616e+00,-1.375640573348883455e+00,-1.375301036757552664e+00,-1.374489337990659088e+00,-1.372811484789699499e+00,-1.369608833478290322e+00,-1.363812795463917649e+00,-1.353744172106922550e+00,-1.336852773774975134e+00,-1.309405518268139224e+00,-1.266153585108342750e+00,-1.200044733390474683e+00,-1.102100183456596438e+00,-9.616563406540648007e-01,-7.673024321999483144e-01,-5.090688038925792469e-01,-1.827876291432308786e-01,2.020021728161383034e-01,6.093859569865875958e-01,9.623649619622407503e-01,1.148727965943172613e+00,1.148728569435201408e+00,9.623669469005182719e-01,6.093898125507060115e-01,2.020085963202686852e-01,-1.827778238320367787e-01,-5.090547391515189979e-01,-7.672831844172587346e-01,-9.616309358330498158e-01,-1.102067583158812925e+00,-1.200003823647598278e+00,-1.266103176813515585e+00,-1.309344364200987210e+00,-1.336779604622544637e+00,-1.353657749460808191e+00,-1.363711982253095201e+00,-1.369492674195365911e+00,-1.372679294687697116e+00,-1.374340790503700394e+00,-1.375136242909329454e+00,-1.375460144464363932e+00,-1.375542216082366487e+00,-1.375512905772309891e+00,-1.375444601740408057e+00,-1.375376546932421729e+00,-1.375329281051367314e+00,-1.375312567873766101e+00,-1.000000000000000000e+00,-1.000000000000000000e+00,-1.000000000000000000e+00,-1.000000000000000000e+00,-1.000000000000000000e+00,-1.000000000000000000e+00,-1.000000000000000000e+00,-1.000000000000000000e+00,-1.000000000000000000e+00,-1.000000000000000000e+00,-1.000000000000000000e+00,-1.000000000000000000e+00,-1.000000000000000000e+00,-1.000000000000000000e+00,-1.000000000000000000e+00,-1.000000000000000000e+00,-1.000000000000000000e+00,-1.000000000000000000e+00,-1.000000000000000000e+00,-1.000000000000000000e+00,-1.000000000000000000e+00,-1.000000000000000000e+00,-1.000000000000000000e+00,-1.000000000000000000e+00,-1.000000000000000000e+00,-1.000000000000000000e+00,-1.000000000000000000e+00,-1.000000000000000000e+00,-1.000000000000000000e+00,-1.000000000000000000e+00,-1.000000000000000000e+00,-1.000000000000000000e+00,-1.000000000000000000e+00,-1.000000000000000000e+00,-1.000000000000000000e+00,-1.000000000000000000e+00,-1.000000000000000000e+00,-1.000000000000000000e+00,-1.000000000000000000e+00,-1.000000000000000000e+00,-1.000000000000000000e+00,-1.000000000000000000e+00,-1.000000000000000000e+00,-1.000000000000000000e+00,-1.000000000000000000e+00,-1.000000000000000000e+00
-1.000000000000000000e+00,-1.000000000000000000e+00,-1.000000000000000000e+00,-1.000000000000000000e+00,-1.000000000000000000e+00,-1.000000000000000000e+00,-1.000000000000000000e+00,-1.000000000000000000e+00,-1.000000000000000000e+00,-1.000000000000000000e+00,-1.000000000000000000e+00,-1.000000000000000000e+00,-1.000000000000000000e+00,-1.000000000000000000e+00,-1.000000000000000000e+00,-1.000000000000000000e+00,-1.000000000000000000e+00,-1.000000000000000000e+00,-1.000000000000000000e+00,-1.000000000000000000e+00,-1.000000000000000000e+00,-1.000000000000000000e+00,-1.000000000000000000e+00,-1.000000000000000000e+00,-1.000000000000000000e+00,-1.000000000000000000e+00,-1.000000000000000000e+00,-1.000000000000000000e+00,-1.000000000000000000e+00,-1.000000000000000000e+00,-1.000000000000000000e+00,-1.000000000000000000e+00,-1.000000000000000000e+00,-1.000000000000000000e+00,-1.000000000000000000e+00,-1.000000000000000000e+00,-1.000000000000000000e+00,-1.000000000000000000e+00,-1.000000000000000000e+00,-1.000000000000000000e+00,-1.000000000000000000e+00,-1.000000000000000000e+00,-1.000000000000000000e+00,-1.000000000000000000e+00,-1.000000000000000000e+00,-1.000000000000000000e+00,-1.375950255433065816e+00,-1.375963147556655386e+00,-1.375999133505712235e+00,-1.376048966670948115e+00,-1.376092933072333713e+00,-1.376092845210009408e+00,-1.375977518107296405e+00,-1.375617764974300883e+00,-1.374785093007054648e+00,-1.373086123203416831e+00,-1.369862704070050619e+00,-1.364046581439425809e+00,-1.353958703513012729e+00,-1.337048820489528334e+00,-1.309583574718662824e+00,-1.266313665975054237e+00,-1.200186209265449389e+00,-1.102221698597519950e+00,-9.617558691468369725e-01,-7.673775333225583140e-01,-5.091171275356148884e-01,-1.828076774651804515e-01,2.020101071794098146e-01,6.094188986588191526e-01,9.624168002486486184e-01,1.148789895448931730e+00,1.148790191793942483e+00,9.624178389444033588e-01,6.094210955908621052e-01,2.020140419001612564e-01,-1.828013505130060556e-01,-5.091077306711727646e-01,-7.673643840950026274e-01,-9.617382768900974988e-01,-1.102198950861243532e+00,-1.200157558512765732e+00,-1.266278325054952525e+00,-1.309540724669241651e+00,-1.336997633005990060e+00,-1.353898375382451835e+00,-1.363976381577936436e+00,-1.369782025945731174e+00,-1.372994543719686433e+00,-1.374682430050042647e+00,-1.375504128670629322e+00,-1.375853350652213702e+00,-1.375958944461376010e+00,-1.375950456068395056e+00,-1.375899408937655277e+00,-1.375844285672137346e+00,-1.375805032378534687e+00,-1.375791033706684985e+00,-1.000000000000000000e+00,-1.000000000000000000e+00,-1.000000000000000000e+00,-1.000000000000000000e+00,-1.000000000000000000e+00,-1.000000000000000000e+00,-1.000000000000000000e+00,-1.000000000000000000e+00,-1.000000000000000000e+00,-1.000000000000000000e+00,-1.000000000000000000e+00,-1.000000000000000000e+00,-1.000000000000000000e+00,-1.000000000000000000e+00,-1.000000000000000000e+00,-1.000000000000000000e+00,-1.000000000000000000e+00,-1.000000000000000000e+00,-1.000000000000000000e+00,-1.000000000000000000e+00,-1.000000000000000000e+00,-1.000000000000000000e+00,-1.000000000000000000e+00,-1.000000000000000000e+00,-1.000000000000000000e+00,-1.000000000000000000e+00,-1.000000000000000000e+00,-1.000000000000000000e+00,-1.000000000000000000e+00,-1.000000000000000000e+00,-1.000000000000000000e+00,-1.000000000000000000e+00,-1.000000000000000000e+00,-1.000000000000000000e+00,-1.000000000000000000e+00,-1.000000000000000000e+00,-1.000000000000000000e+00,-1.000000000000000000e+00,-1.000000000000000000e+00,-1.000000000000000000e+00,-1.000000000000000000e+00,-1.000000000000000000e+00,-1.000000000000000000e+00,-1.000000000000000000e+00,-1.000000000000000000e+00,-1.000000000000000000e+00
-1.000000000000000000e+00,-1.000000000000000000e+00,-1.000000000000000000e+00,-1.000000000000000000e+00,-1.000000000000000000e+00,-1.000000000000000000e+00,-1.000000000000000000e+00,-1.000000000000000000e+00,-1.000000000000000000e+00,-1.000000000000000000e+00,-1.000000000000000000e+00,-1.000000000000000000e+00,-1.000000000000000000e+00,-1.000000000000000000e+00,-1.000000000000000000e+00,-1.000000000000000000e+00,-1.000000000000000000e+00,-1.000000000000000000e+00,-1.000000000000000000e+00,-1.000000000000000000e+00,-1.000000000000000000e+00,-1.000000000000000000e+00,-1.000000000000000000e+00,-1.000000000000000000e+00,-1.000000000000000000e+00,-1.000000000000000000e+00,-1.000000000000000000e+00,-1.000000000000000000e+00,-1.000000000000000000e+00,-1.000000000000000000e+00,-1.000000000000000000e+00,-1.000000000000000000e+00,-1.000000000000000000e+00,-1.000000000000000000e+00,-1.000000000000000000e+00,-1.000000000000000000e+00,-1.000000000000000000e+00,-1.000000000000000000e+00,-1.000000000000000000e+00,-1.000000000000000000e+00,-1.000000000000000000e+00,-1.000000000000000000e+00,-1.000000000000000000e+00,-1.000000000000000000e+00,-1.000000000000000000e+00,-1.000000000000000000e+00,-1.376258656316283524e+00,-1.376270114614616125e+00,-1.376301865220359577e+00,-1.376344855072907603e+00,-1.376379674575524348e+00,-1.376368526467693032e+00,-1.376240669056328025e+00,-1.375867376829914557e+00,-1.375020599141357547e+00,-1.373307345192140705e+00,-1.370069763888530856e+00,-1.364239784106060505e+00,-1.354138392798263979e+00,-1.337215214456014767e+00,-1.309736589110787497e+00,-1.266452742554600164e+00,-1.200310176229694825e+00,-1.102328704480886934e+00,-9.618434459203472064e-01,-7.674428498159910905e-01,-5.091574850263966834e-01,-1.828212562209254877e-01,2.020233258086652217e-01,6.094562510644825348e-01,9.624724890539211319e-01,1.148855425312558243e+00,1.148855498795498420e+00,9.624728403007185573e-01,6.094572407145206761e-01,2.020254459167327710e-01,-1.828174676252067865e-01,-5.091514938177593708e-01,-7.674341440454729435e-01,-9.618315324890064355e-01,-1.102313095880371296e+00,-1.200290375586343217e+00,-1.266428235529157842e+00,-1.309706845361680916e+00,-1.337179700920861469e+00,-1.354096595350767540e+00,-1.364191238725772415e+00,-1.370014090775754090e+00,-1.373244287485503312e+00,-1.374950060896943826e+00,-1.375789456082784135e+00,-1.376155683227203497e+00,-1.376277026485778432e+00,-1.376282446637394630e+00,-1.376242905932962390e+00,-1.376196393675320540e+00,-1.376162471548044719e+00,-1.376150278377345604e+00,-1.000000000000000000e+00,-1.000000000000000000e+00,-1.000000000000000000e+00,-1.000000000000000000e+00,-1.000000000000000000e+00,-1.000000000000000000e+00,-1.000000000000000000e+00,-1.000000000000000000e+00,-1.000000000000000000e+00,-1.000000000000000000e+00,-1.000000000000000000e+00,-1.000000000000000000e+00,-1.000000000000000000e+00,-1.000000000000000000e+00,-1.000000000000000000e+00,-1.000000000000000000e+00,-1.000000000000000000e+00,-1.000000000000000000e+00,-1.000000000000000000e+00,-1.000000000000000000e+00,-1.000000000000000000e+00,-1.000000000000000000e+00,-1.000000000000000000e+00,-1.000000000000000000e+00,-1.000000000000000000e+00,-1.000000000000000000e+00,-1.000000000000000000e+00,-1.000000000000000000e+00,-1.000000000000000000e+00,-1.000000000000000000e+00,-1.000000000000000000e+00,-1.000000000000000000e+00,-1.000000000000000000e+00,-1.000000000000000000e+00,-1.000000000000000000e+00,-1.000000000000000000e+00,-1.000000000000000000e+00,-1.000000000000000000e+00,-1.000000000000000000e+00,-1.000000000000000000e+00,-1.000000000000000000e+00,-1.000000000000000000e+00,-1.000000000000000000e+00,-1.000000000000000000e+00,-1.000000000000000000e+00,-1.000000000000000000e+00
-1.000000000000000000e+00,-1.000000000000000000e+00,-1.000000000000000000e+00,-1.000000000000000000e+00,-1.000000000000000000e+00,-1.000000000000000000e+00,-1.000000000000000000e+00,-1.000000000000000000e+00,-1.000000000000000000e+00,-1.000000000000000000e+00,-1.000000000000000000e+00,-1.000000000000000000e+00,-1.000000000000000000e+00,-1.000000000000000000e+00,-1.000000000000000000e+00,-1.000000000000000000e+00,-1.000000000000000000e+00,-1.000000000000000000e+00,-1.000000000000000000e+00,-1.000000000000000000e+00,-1.000000000000000000e+00,-1.000000000000000000e+00,-1.000000000000000000e+00,-1.000000000000000000e+00,-1.000000000000000000e+00,-1.000000000000000000e+00,-1.000000000000000000e+00,-1.000000000000000000e+00,-1.000000000000000000e+00,-1.000000000000000000e+00,-1.000000000000000000e+00,-1.000000000000000000e+00,-1.000000000000000000e+00,-1.000000000000000000e+00,-1.000000000000000000e+00,-1.000000000000000000e+00,-1.000000000000000000e+00,-1.000000000000000000e+00,-1.000000000000000000e+00,-1.000000000000000000e+00,-1.000000000000000000e+00,-1.000000000000000000e+00,-1.000000000000000000e+00,-1.000000000000000000e+00,-1.000000000000000000e+00,-1.000000000000000000e+00,-1.376499490923609681e+00,-1.376510002477784322e+00,-1.376538955259026586e+00,-1.376577420393362949e+00,-1.376606183463014776e+00,-1.376587697702303714e+00,-1.376451505347158211e+00,-1.376069175128368460e+00,-1.375212935221725941e+00,-1.373490033379028752e+00,-1.370242790537520294e+00,-1.364403216444166178e+00,-1.354292263063292090e+00,-1.337359383636439247e+00,-1.309870596267406873e+00,-1.266575655208677986e+00,-1.200420467369177402e+00,-1.102424196838407644e+00,-9.619213783247632099e-01,-7.675001269730132858e-01,-5.091911632622527772e-01,-1.828292770676966938e-01,2.020412247317133758e-01,6.094976566400647222e-01,9.625318475670059382e-01,1.148924457522716658e+00,1.148924371766824493e+00,9.625317065033169861e-01,6.094977786837036948e-01,2.020420362195920472e-01,-1.828273236644675226e-01,-5.091876371600273510e-01,-7.674946366980189838e-01,-9.619135680765613650e-01,-1.102413733382756389e+00,-1.200407024235832454e+00,-1.266558902091126759e+00,-1.309850195945498008e+00,-1.337334999150935122e+00,-1.354263570914139736e+00,-1.364369926806447086e+00,-1.370204669248561657e+00,-1.373446927498007231e+00,-1.375164798506143704e+00,-1.376016089408596876e+00,-1.376393696830037872e+00,-1.376525545049126276e+00,-1.376540218928156367e+00,-1.376508319305990824e+00,-1.376467517462625079e+00,-1.376437127738785016e+00,-1.376426130503190404e+00,-1.000000000000000000e+00,-1.000000000000000000e+00,-1.000000000000000000e+00,-1.000000000000000000e+00,-1.000000000000000000e+00,-1.000000000000000000e+00,-1.000000000000000000e+00,-1.000000000000000000e+00,-1.000000000000000000e+00,-1.000000000000000000e+00,-1.000000000000000000e+00,-1.000000000000000000e+00,-1.000000000000000000e+00,-1.000000000000000000e+00,-1.000000000000000000e+00,-1.000000000000000000e+00,-1.000000000000000000e+00,-1.000000000000000000e+00,-1.000000000000000000e+00,-1.000000000000000000e+00,-1.000000000000000000e+00,-1.000000000000000000e+00,-1.000000000000000000e+00,-1.000000000000000000e+00,-1.000000000000000000e+00,-1.000000000000000000e+00,-1.000000000000000000e+00,-1.000000000000000000e+00,-1.000000000000000000e+00,-1.000000000000000000e+00,-1.000000000000000000e+00,-1.000000000000000000e+00,-1.000000000000000000e+00,-1.000000000000000000e+00,-1.000000000000000000e+00,-1.000000000000000000e+00,-1.000000000000000000e+00,-1.000000000000000000e+00,-1.000000000000000000e+00,-1.000000000000000000e+00,-1.000000000000000000e+00,-1.000000000000000000e+00,-1.000000000000000000e+00,-1.000000000000000000e+00,-1.000000000000000000e+00,-1.000000000000000000e+00
-1.000000000000000000e+00,-1.000000000000000000e+00,-1.000000000000000000e+00,-1.000000000000000000e+00,-1.000000000000000000e+00,-1.000000000000000000e+00,-1.000000000000000000e+00,-1.000000000000000000e+00,-1.000000000000000000e+00,-1.000000000000000000e+00,-1.000000000000000000e+00,-1.000000000000000000e+00,-1.000000000000000000e+00,-1.000000000000000000e+00,-1.000000000000000000e+00,-1.000000000000000000e+00,-1.000000000000000000e+00,-1.000000000000000000e+00,-1.000000000000000000e+00,-1.000000000000000000e+00,-1.000000000000000000e+00,-1.000000000000000000e+00,-1.000000000000000000e+00,-1.000000000000000000e+00,-1.000000000000000000e+00,-1.000000000000000000e+00,-1.000000000000000000e+00,-1.000000000000000000e+00,-1.000000000000000000e+00,-1.000000000000000000e+00,-1.000000000000000000e+00,-1.000000000000000000e+00,-1.000000000000000000e+00,-1.000000000000000000e+00,-1.000000000000000000e+00,-1.000000000000000000e+00,-1.000000000000000000e+00,-1.000000000000000000e+00,-1.000000000000000000e+00,-1.000000000000000000e+00,-1.000000000000000000e+00,-1.000000000000000000e+00,-1.000000000000000000e+00,-1.000000000000000000e+00,-1.000000000000000000e+00,-1.000000000000000000e+00,-1.376692931608396009e+00,-1.376702820141571859e+00,-1.376729930938967117e+00,-1.376765414435431989e+00,-1.376790180581739520e+00,-1.376766842380903189e+00,-1.376625122263390288e+00,-1.376236773976483363e+00,-1.375374197208792948e+00,-1.373644779325366549e+00,-1.370390927978174300e+00,-1.364544665510577737e+00,-1.354426859446917986e+00,-1.337486761169452976e+00,-1.309990053779142904e+00,-1.266686021932427852e+00,-1.200519991092913408e+00,-1.102510494735172486e+00,-9.619915041383281240e-01,-7.675508160257099588e-01,-5.092193081269130728e-01,-1.828326488804752348e-01,2.020630750600758141e-01,6.095425177105548986e-01,9.625943635599223391e-01,1.148996515699340026e+00,1.148996318377287107e+00,9.625938762637129553e-01,6.095420259351715941e-01,2.020629550283816744e-01,-1.828320081900808303e-01,-5.092175506603715540e-01,-7.675476354638394172e-01,-9.619866399751821895e-01,-1.102503719045683006e+00,-1.200511092523208312e+00,-1.266674793681244804e+00,-1.309976287199103862e+00,-1.337470248517617533e+00,-1.354407401805096223e+00,-1.364522085759261039e+00,-1.370365084759872509e+00,-1.373615583844363108e+00,-1.375341630709247642e+00,-1.376200901712938407e+00,-1.376586104189382986e+00,-1.376724937435071405e+00,-1.376745747791516150e+00,-1.376718905273490057e+00,-1.376681877242554641e+00,-1.376653819795484512e+00,-1.376643611825423941e+00,-1.000000000000000000e+00,-1.000000000000000000e+00,-1.000000000000000000e+00,-1.000000000000000000e+00,-1.000000000000000000e+00,-1.000000000000000000e+00,-1.000000000000000000e+00,-1.000000000000000000e+00,-1.000000000000000000e+00,-1.000000000000000000e+00,-1.000000000000000000e+00,-1.000000000000000000e+00,-1.000000000000000000e+00,-1.000000000000000000e+00,-1.000000000000000000e+00,-1.000000000000000000e+00,-1.000000000000000000e+00,-1.000000000000000000e+00,-1.000000000000000000e+00,-1.000000000000000000e+00,-1.000000000000000000e+00,-1.000000000000000000e+00,-1.000000000000000000e+00,-1.000000000000000000e+00,-1.000000000000000000e+00,-1.000000000000000000e+00,-1.000000000000000000e+00,-1.000000000000000000e+00,-1.000000000000000000e+00,-1.000000000000000000e+00,-1.000000000000000000e+00,-1.000000000000000000e+00,-1.000000000000000000e+00,-1.000000000000000000e+00,-1.000000000000000000e+00,-1.000000000000000000e+00,-1.000000000000000000e+00,-1.000000000000000000e+00,-1.000000000000000000e+00,-1.000000000000000000e+00,-1.000000000000000000e+00,-1.000000000000000000e+00,-1.000000000000000000e+00,-1.000000000000000000e+00,-1.000000000000000000e+00,-1.000000000000000000e+00
-1.000000000000000000e+00,-1.000000000000000000e+00,-1.000000000000000000e+00,-1.000000000000000000e+00,-1.000000000000000000e+00,-1.000000000000000000e+00,-1.000000000000000000e+00,-1.000000000000000000e+00,-1.000000000000000000e+00,-1.000000000000000000e+00,-1.000000000000000000e+00,-1.000000000000000000e+00,-1.000000000000000000e+00,-1.000000000000000000e+00,-1.000000000000000000e+00,-1.000000000000000000e+00,-1.000000000000000000e+00,-1.000000000000000000e+00,-1.000000000000000000e+00,-1.000000000000000000e+00,-1.000000000000000000e+00,-1.000000000000000000e+00,-1.000000000000000000e+00,-1.000000000000000000e+00,-1.000000000000000000e+00,-1.000000000000000000e+00,-1.000000000000000000e+00,-1.000000000000000000e+00,-1.000000000000000000e+00,-1.000000000000000000e+00,-1.000000000000000000e+00,-1.000000000000000000e+00,-1.000000000000000000e+00,-1.000000000000000000e+00,-1.000000000000000000e+00,-1.000000000000000000e+00,-1.000000000000000000e+00,-1.000000000000000000e+00,-1.000000000000000000e+00,-1.000000000000000000e+00,-1.000000000000000000e+00,-1.000000000000000000e+00,-1.000000000000000000e+00,-1.000000000000000000e+00,-1.000000000000000000e+00,-1.000000000000000000e+00,-1.376852937763692442e+00,-1.376862417612668033e+00,-1.376888319626012436e+00,-1.376921844675161433e+00,-1.376943981285277063e+00,-1.376917443494268589e+00,-1.376772066721073440e+00,-1.376379718713635070e+00,-1.375512900665879723e+00,-1.373779074590302240e+00,-1.370520678603794229e+00,-1.364669702520687755e+00,-1.354546896932397715e+00,-1.337601291679208382e+00,-1.310098227283155836e+00,-1.266786521662096154e+00,-1.200610929288413287e+00,-1.102589367496679351e+00,-9.620552578143384270e-01,-7.675960865779720699e-01,-5.092428863750311230e-01,-1.828321894639930445e-01,2.020881621849743848e-01,6.095901852608716087e-01,9.626594235906502650e-01,1.149070997429550989e+00,1.149070723896517432e+00,9.626586984206433328e-01,6.095892678000198739e-01,2.020873898044004413e-01,-1.828324755505541521e-01,-5.092423846763122208e-01,-7.675945511189539161e-01,-9.620524942404239388e-01,-1.102585219638647418e+00,-1.200605263066107709e+00,-1.266779212444062663e+00,-1.310089151606943947e+00,-1.337590326581824751e+00,-1.354533924309799797e+00,-1.364654617420732574e+00,-1.370503398248633431e+00,-1.373759549371214916e+00,-1.375491126323393321e+00,-1.376355745495213334e+00,-1.376746006646732523e+00,-1.376889472436076733e+00,-1.376914340375691381e+00,-1.376890834652117146e+00,-1.376856292700144424e+00,-1.376829769985742802e+00,-1.376820081010701413e+00,-1.000000000000000000e+00,-1.000000000000000000e+00,-1.000000000000000000e+00,-1.000000000000000000e+00,-1.000000000000000000e+00,-1.000000000000000000e+00,-1.000000000000000000e+00,-1.000000000000000000e+00,-1.000000000000000000e+00,-1.000000000000000000e+00,-1.000000000000000000e+00,-1.000000000000000000e+00,-1.000000000000000000e+00,-1.000000000000000000e+00,-1.000000000000000000e+00,-1.000000000000000000e+00,-1.000000000000000000e+00,-1.000000000000000000e+00,-1.000000000000000000e+00,-1.000000000000000000e+00,-1.000000000000000000e+00,-1.000000000000000000e+00,-1.000000000000000000e+00,-1.000000000000000000e+00,-1.000000000000000000e+00,-1.000000000000000000e+00,-1.000000000000000000e+00,-1.000000000000000000e+00,-1.000000000000000000e+00,-1.000000000000000000e+00,-1.000000000000000000e+00,-1.000000000000000000e+00,-1.000000000000000000e+00,-1.000000000000000000e+00,-1.000000000000000000e+00,-1.000000000000000000e+00,-1.000000000000000000e+00,-1.000000000000000000e+00,-1.000000000000000000e+00,-1.000000000000000000e+00,-1.000000000000000000e+00,-1.000000000000000000e+00,-1.000000000000000000e+00,-1.000000000000000000e+00,-1.000000000000000000e+00,-1.000000000000000000e+00
-1.000000000000000000e+00,-1.000000000000000000e+00,-1.000000000000000000e+00,-1.000000000000000000e+00,-1.000000000000000000e+00,-1.000000000000000000e+00,-1.000000000000000000e+00,-1.000000000000000000e+00,-1.000000000000000000e+00,-1.000000000000000000e+00,-1.000000000000000000e+00,-1.000000000000000000e+00,-1.000000000000000000e+00,-1.000000000000000000e+00,-1.000000000000000000e+00,-1.000000000000000000e+00,-1.000000000000000000e+00,-1.000000000000000000e+00,-1.000000000000000000e+00,-1.000000000000000000e+00,-1.000000000000000000e+00,-1.000000000000000000e+00,-1.000000000000000000e+00,-1.000000000000000000e+00,-1.000000000000000000e+00,-1.000000000000000000e+00,-1.000000000000000000e+00,-1.000000000000000000e+00,-1.000000000000000000e+00,-1.000000000000000000e+00,-1.000000000000000000e+00,-1.000000000000000000e+00,-1.000000000000000000e+00,-1.000000000000000000e+00,-1.000000000000000000e+00,-1.000000000000000000e+00,-1.000000000000000000e+00,-1.000000000000000000e+00,-1.000000000000000000e+00,-1.000000000000000000e+00,-1.000000000000000000e+00,-1.000000000000000000e+00,-1.000000000000000000e+00,-1.000000000000000000e+00,-1.000000000000000000e+00,-1.000000000000000000e+00,-1.376989128421934216e+00,-1.376998341025063022e+00,-1.377023452379848578e+00,-1.377055695414922232e+00,-1.377076107719660047e+00,-1.377047466341946080e+00,-1.376899676205730394e+00,-1.376504673030626735e+00,-1.375635014185857541e+00,-1.373898194076750290e+00,-1.370636644667324600e+00,-1.364782293914346800e+00,-1.354655754746793672e+00,-1.337705823635602087e+00,-1.310197495309955995e+00,-1.266879125226905822e+00,-1.200694906513514404e+00,-1.102662152428493858e+00,-9.621137449690758681e-01,-7.676368639610577915e-01,-5.092626898514823752e-01,-1.828285988196034495e-01,2.021158422646216479e-01,6.096400433233908345e-01,9.627264202197258758e-01,1.149147293577966966e+00,1.149146969784522909e+00,9.627255368239620026e-01,6.096388385979054636e-01,2.021146229226162827e-01,-1.828295281646910020e-01,-5.092630682282164312e-01,-7.676364885133237781e-01,-9.621124671944457640e-01,-1.102659864918260402e+00,-1.200691526897973649e+00,-1.266874583008875454e+00,-1.310191722908475187e+00,-1.337698753443688382e+00,-1.354647320977363290e+00,-1.364772437554797158e+00,-1.370625319510823337e+00,-1.373885373966497569e+00,-1.375620701745105645e+00,-1.376488905764764681e+00,-1.376882531715118763e+00,-1.377029063173624390e+00,-1.377056607008771749e+00,-1.377035296578853041e+00,-1.377002387164176778e+00,-1.376976870686945853e+00,-1.376967521486136103e+00,-1.000000000000000000e+00,-1.000000000000000000e+00,-1.000000000000000000e+00,-1.000000000000000000e+00,-1.000000000000000000e+00,-1.000000000000000000e+00,-1.000000000000000000e+00,-1.000000000000000000e+00,-1.000000000000000000e+00,-1.000000000000000000e+00,-1.000000000000000000e+00,-1.000000000000000000e+00,-1.000000000000000000e+00,-1.000000000000000000e+00,-1.000000000000000000e+00,-1.000000000000000000e+00,-1.000000000000000000e+00,-1.000000000000000000e+00,-1.000000000000000000e+00,-1.000000000000000000e+00,-1.000000000000000000e+00,-1.000000000000000000e+00,-1.000000000000000000e+00,-1.000000000000000000e+00,-1.000000000000000000e+00,-1.000000000000000000e+00,-1.000000000000000000e+00,-1.000000000000000000e+00,-1.000000000000000000e+00,-1.000000000000000000e+00,-1.000000000000000000e+00,-1.000000000000000000e+00,-1.000000000000000000e+00,-1.000000000000000000e+00,-1.000000000000000000e+00,-1.000000000000000000e+00,-1.000000000000000000e+00,-1.000000000000000000e+00,-1.000000000000000000e+00,-1.000000000000000000e+00,-1.000000000000000000e+00,-1.000000000000000000e+00,-1.000000000000000000e+00,-1.000000000000000000e+00,-1.000000000000000000e+00,-1.000000000000000000e+00
-1.000000000000000000e+00,-1.000000000000000000e+00,-1.000000000000000000e+00,-1.000000000000000000e+00,-1.000000000000000000e+00,-1.000000000000000000e+00,-1.000000000000000000e+00,-1.000000000000000000e+00,-1.000000000000000000e+00,-1.000000000000000000e+00,-1.000000000000000000e+00,-1.000000000000000000e+00,-1.000000000000000000e+00,-1.000000000000000000e+00,-1.000000000000000000e+00,-1.000000000000000000e+00,-1.000000000000000000e+00,-1.000000000000000000e+00,-1.000000000000000000e+00,-1.000000000000000000e+00,-1.000000000000000000e+00,-1.000000000000000000e+00,-1.000000000000000000e+00,-1.000000000000000000e+00,-1.000000000000000000e+00,-1.000000000000000000e+00,-1.000000000000000000e+00,-1.000000000000000000e+00,-1.000000000000000000e+00,-1.000000000000000000e+00,-1.000000000000000000e+00,-1.000000000000000000e+00,-1.000000000000000000e+00,-1.000000000000000000e+00,-1.000000000000000000e+00,-1.000000000000000000e+00,-1.000000000000000000e+00,-1.000000000000000000e+00,-1.000000000000000000e+00,-1.000000000000000000e+00,-1.000000000000000000e+00,-1.000000000000000000e+00,-1.000000000000000000e+00,-1.000000000000000000e+00,-1.000000000000000000e+00,-1.000000000000000000e+00,-1.377108112563750542e+00,-1.377117150988608429e+00,-1.377141746957560864e+00,-1.377173153862789823e+00,-1.377192439524774326e+00,-1.377162419455849385e+00,-1.377013039964922747e+00,-1.376616274881733437e+00,-1.375744708523244375e+00,-1.374005840482632967e+00,-1.370742073175130304e+00,-1.364885254192231834e+00,-1.354755846289106280e+00,-1.337802406401447097e+00,-1.310289583633592603e+00,-1.266965276716310651e+00,-1.200773127138839769e+00,-1.102729855219452881e+00,-9.621678121500852887e-01,-7.676738731491985490e-01,-5.092793571578141387e-01,-1.828224611849258441e-01,2.021455578482784787e-01,6.096915402348830337e-01,9.627947955938316316e-01,1.149224838274884863e+00,1.149224483173056033e+00,9.627938121662966697e-01,6.096901494387048093e-01,2.021440416363209369e-01,-1.828238268664752475e-01,-5.092803419418714395e-01,-7.676743054706105518e-01,-9.621675753222896921e-01,-1.102728874603051468e+00,-1.200771354790443723e+00,-1.266962677768637136e+00,-1.310286126947622254e+00,-1.337798060122600052e+00,-1.354750578185986765e+00,-1.364879034259114832e+00,-1.370734877835530163e+00,-1.373997657362514335e+00,-1.375735542905478725e+00,-1.376606153924427645e+00,-1.377002016705368037e+00,-1.377150573039216397e+00,-1.377179876799587532e+00,-1.377160006073511855e+00,-1.377128164844731550e+00,-1.377103305235949371e+00,-1.377094177251126483e+00,-1.000000000000000000e+00,-1.000000000000000000e+00,-1.000000000000000000e+00,-1.000000000000000000e+00,-1.000000000000000000e+00,-1.000000000000000000e+00,-1.000000000000000000e+00,-1.000000000000000000e+00,-1.000000000000000000e+00,-1.000000000000000000e+00,-1.000000000000000000e+00,-1.000000000000000000e+00,-1.000000000000000000e+00,-1.000000000000000000e+00,-1.000000000000000000e+00,-1.000000000000000000e+00,-1.000000000000000000e+00,-1.000000000000000000e+00,-1.000000000000000000e+00,-1.000000000000000000e+00,-1.000000000000000000e+00,-1.000000000000000000e+00,-1.000000000000000000e+00,-1.000000000000000000e+00,-1.000000000000000000e+00,-1.000000000000000000e+00,-1.000000000000000000e+00,-1.000000000000000000e+00,-1.000000000000000000e+00,-1.000000000000000000e+00,-1.000000000000000000e+00,-1.000000000000000000e+00,-1.000000000000000000e+00,-1.000000000000000000e+00,-1.000000000000000000e+00,-1.000000000000000000e+00,-1.000000000000000000e+00,-1.000000000000000000e+00,-1.000000000000000000e+00,-1.000000000000000000e+00,-1.000000000000000000e+00,-1.000000000000000000e+00,-1.000000000000000000e+00,-1.000000000000000000e+00,-1.000000000000000000e+00,-1.000000000000000000e+00
-1.000000000000000000e+00,-1.000000000000000000e+00,-1.000000000000000000e+00,-1.000000000000000000e+00,-1.000000000000000000e+00,-1.000000000000000000e+00,-1.000000000000000000e+00,-1.000000000000000000e+00,-1.000000000000000000e+00,-1.000000000000000000e+00,-1.000000000000000000e+00,-1.000000000000000000e+00,-1.000000000000000000e+00,-1.000000000000000000e+00,-1.000000000000000000e+00,-1.000000000000000000e+00,-1.000000000000000000e+00,-1.000000000000000000e+00,-1.000000000000000000e+00,-1.000000000000000000e+00,-1.000000000000000000e+00,-1.000000000000000000e+00,-1.000000000000000000e+00,-1.000000000000000000e+00,-1.000000000000000000e+00,-1.000000000000000000e+00,-1.000000000000000000e+00,-1.000000000000000000e+00,-1.000000000000000000e+00,-1.000000000000000000e+00,-1.000000000000000000e+00,-1.000000000000000000e+00,-1.000000000000000000e+00,-1.000000000000000000e+00,-1.000000000000000000e+00,-1.000000000000000000e+00,-1.000000000000000000e+00,-1.000000000000000000e+00,-1.000000000000000000e+00,-1.000000000000000000e+00,-1.000000000000000000e+00,-1.000000000000000000e+00,-1.000000000000000000e+00,-1.000000000000000000e+00,-1.000000000000000000e+00,-1.000000000000000000e+00,-1.377214422914860403e+00,-1.377223348312235807e+00,-1.377247609692066721e+00,-1.377278473491891031e+00,-1.377297025871132785e+00,-1.377266105128901685e+00,-1.377115680945146803e+00,-1.376717745923591307e+00,-1.375844892504309191e+00,-1.374104608066854638e+00,-1.370839250829596789e+00,-1.364980576853704886e+00,-1.354848891967584956e+00,-1.337892511551404429e+00,-1.310375741928564430e+00,-1.267046032229664165e+00,-1.200846482483272304e+00,-1.102793231001284013e+00,-9.622181064074403212e-01,-7.677076804800595511e-01,-5.092934003196053494e-01,-1.828142588657605261e-01,2.021768350042454365e-01,6.097441948221591357e-01,9.628640543125295270e-01,1.149303125007870463e+00,1.149302752409470330e+00,9.628630131539752668e-01,6.097426914002026521e-01,2.021751307223849103e-01,-1.828159110424981693e-01,-5.092947933410402195e-01,-7.677086657844058859e-01,-9.622185897659065734e-01,-1.102793159790157684e+00,-1.200845831327208790e+00,-1.267044789493775969e+00,-1.310373900179260920e+00,-1.337890061879196235e+00,-1.354845823379326575e+00,-1.364976877304906022e+00,-1.370834910456698141e+00,-1.374099622410449584e+00,-1.375839267427956480e+00,-1.376711500613773786e+00,-1.377108851071892515e+00,-1.377258742744990494e+00,-1.377289200676609315e+00,-1.377270270568143440e+00,-1.377239125113192353e+00,-1.377214691831840643e+00,-1.377205706781237771e+00,-1.000000000000000000e+00,-1.000000000000000000e+00,-1.000000000000000000e+00,-1.000000000000000000e+00,-1.000000000000000000e+00,-1.000000000000000000e+00,-1.000000000000000000e+00,-1.000000000000000000e+00,-1.000000000000000000e+00,-1.000000000000000000e+00,-1.000000000000000000e+00,-1.000000000000000000e+00,-1.000000000000000000e+00,-1.000000000000000000e+00,-1.000000000000000000e+00,-1.000000000000000000e+00,-1.000000000000000000e+00,-1.000000000000000000e+00,-1.000000000000000000e+00,-1.000000000000000000e+00,-1.000000000000000000e+00,-1.000000000000000000e+00,-1.000000000000000000e+00,-1.000000000000000000e+00,-1.000000000000000000e+00,-1.000000000000000000e+00,-1.000000000000000000e+00,-1.000000000000000000e+00,-1.000000000000000000e+00,-1.000000000000000000e+00,-1.000000000000000000e+00,-1.000000000000000000e+00,-1.000000000000000000e+00,-1.000000000000000000e+00,-1.000000000000000000e+00,-1.000000000000000000e+00,-1.000000000000000000e+00,-1.000000000000000000e+00,-1.000000000000000000e+00,-1.000000000000000000e+00,-1.000000000000000000e+00,-1.000000000000000000e+00,-1.000000000000000000e+00,-1.000000000000000000e+00,-1.000000000000000000e+00,-1.000000000000000000e+00
-1.000000000000000000e+00,-1.000000000000000000e+00,-1.000000000000000000e+00,-1.000000000000000000e+00,-1.000000000000000000e+00,-1.000000000000000000e+00,-1.000000000000000000e+00,-1.000000000000000000e+00,-1.000000000000000000e+00,-1.000000000000000000e+00,-1.000000000000000000e+00,-1.000000000000000000e+00,-1.000000000000000000e+00,-1.000000000000000000e+00,-1.000000000000000000e+00,-1.000000000000000000e+00,-1.000000000000000000e+00,-1.000000000000000000e+00,-1.000000000000000000e+00,-1.000000000000000000e+00,-1.000000000000000000e+00,-1.000000000000000000e+00,-1.000000000000000000e+00,-1.000000000000000000e+00,-1.000000000000000000e+00,-1.000000000000000000e+00,-1.000000000000000000e+00,-1.000000000000000000e+00,-1.000000000000000000e+00,-1.000000000000000000e+00,-1.000000000000000000e+00,-1.000000000000000000e+00,-1.000000000000000000e+00,-1.000000000000000000e+00,-1.000000000000000000e+00,-1.000000000000000000e+00,-1.000000000000000000e+00,-1.000000000000000000e+00,-1.000000000000000000e+00,-1.000000000000000000e+00,-1.000000000000000000e+00,-1.000000000000000000e+00,-1.000000000000000000e+00,-1.000000000000000000e+00,-1.000000000000000000e+00,-1.000000000000000000e+00,-1.377311165543340099e+00,-1.377320018081103381e+00,-1.377344063473620039e+00,-1.377374576270660844e+00,-1.377392653402317535e+00,-1.377361146002580305e+00,-1.377210035812540312e+00,-1.376811321914342967e+00,-1.375937592876497417e+00,-1.374196312851698076e+00,-1.370929786892601365e+00,-1.365069673215727253e+00,-1.354936117901730741e+00,-1.337977195743679459e+00,-1.310456875244842667e+00,-1.267122164372340709e+00,-1.200915632603440475e+00,-1.102852847418460458e+00,-9.622651231757205492e-01,-7.677387292666598695e-01,-5.093052303467884290e-01,-1.828043894248193579e-01,2.022092731216131867e-01,6.097975917573814630e-01,9.629337626201268652e-01,1.149381707475432002e+00,1.149381327333896419e+00,9.629326941134970230e-01,6.097960284009875664e-01,2.022074589335771666e-01,-1.828062203263882690e-01,-5.093068889932766963e-01,-7.677400840941437377e-01,-9.622660960797863039e-01,-1.102853401018680568e+00,-1.200915756317822769e+00,-1.267121861286159668e+00,-1.310456152854137635e+00,-1.337976059557000053e+00,-1.354934570204214594e+00,-1.365067713008351502e+00,-1.370927412601490980e+00,-1.374193524549217171e+00,-1.375934396054116160e+00,-1.376807729643369171e+00,-1.377206071294553302e+00,-1.377356842423944183e+00,-1.377388054769846049e+00,-1.377369736376068410e+00,-1.377339041691254096e+00,-1.377314883246761434e+00,-1.377305989797109387e+00,-1.000000000000000000e+00,-1.000000000000000000e+00,-1.000000000000000000e+00,-1.000000000000000000e+00,-1.000000000000000000e+00,-1.000000000000000000e+00,-1.000000000000000000e+00,-1.000000000000000000e+00,-1.000000000000000000e+00,-1.000000000000000000e+00,-1.000000000000000000e+00,-1.000000000000000000e+00,-1.000000000000000000e+00,-1.000000000000000000e+00,-1.000000000000000000e+00,-1.000000000000000000e+00,-1.000000000000000000e+00,-1.000000000000000000e+00,-1.000000000000000000e+00,-1.000000000000000000e+00,-1.000000000000000000e+00,-1.000000000000000000e+00,-1.000000000000000000e+00,-1.000000000000000000e+00,-1.000000000000000000e+00,-1.000000000000000000e+00,-1.000000000000000000e+00,-1.000000000000000000e+00,-1.000000000000000000e+00,-1.000000000000000000e+00,-1.000000000000000000e+00,-1.000000000000000000e+00,-1.000000000000000000e+00,-1.000000000000000000e+00,-1.000000000000000000e+00,-1.000000000000000000e+00,-1.000000000000000000e+00,-1.000000000000000000e+00,-1.000000000000000000e+00,-1.000000000000000000e+00,-1.000000000000000000e+00,-1.000000000000000000e+00,-1.000000000000000000e+00,-1.000000000000000000e+00,-1.000000000000000000e+00,-1.000000000000000000e+00
-1.000000000000000000e+00,-1.000000000000000000e+00,-1.000000000000000000e+00,-1.000000000000000000e+00,-1.000000000000000000e+00,-1.000000000000000000e+00,-1.000000000000000000e+00,-1.000000000000000000e+00,-1.000000000000000000e+00,-1.000000000000000000e+00,-1.000000000000000000e+00,-1.000000000000000000e+00,-1.000000000000000000e+00,-1.000000000000000000e+00,-1.000000000000000000e+00,-1.000000000000000000e+00,-1.000000000000000000e+00,-1.000000000000000000e+00,-1.000000000000000000e+00,-1.000000000000000000e+00,-1.000000000000000000e+00,-1.000000000000000000e+00,-1.000000000000000000e+00,-1.000000000000000000e+00,-1.000000000000000000e+00,-1.000000000000000000e+00,-1.000000000000000000e+00,-1.000000000000000000e+00,-1.000000000000000000e+00,-1.000000000000000000e+00,-1.000000000000000000e+00,-1.000000000000000000e+00,-1.000000000000000000e+00,-1.000000000000000000e+00,-1.000000000000000000e+00,-1.000000000000000000e+00,-1.000000000000000000e+00,-1.000000000000000000e+00,-1.000000000000000000e+00,-1.000000000000000000e+00,-1.000000000000000000e+00,-1.000000000000000000e+00,-1.000000000000000000e+00,-1.000000000000000000e+00,-1.000000000000000000e+00,-1.000000000000000000e+00,-1.377400468958992708e+00,-1.377409274944392692e+00,-1.377433181999771605e+00,-1.377463469496586157e+00,-1.377481240218979108e+00,-1.377449351687530799e+00,-1.377297790641368369e+00,-1.376898555047378014e+00,-1.376024222216074788e+00,-1.374282226380927785e+00,-1.371014814231957590e+00,-1.365153543027684435e+00,-1.355018398882251729e+00,-1.338057219014027854e+00,-1.310533640621093454e+00,-1.267194240058356014e+00,-1.200981068001707674e+00,-1.102909132860328212e+00,-9.623092435236518805e-01,-7.677673683507970637e-01,-5.093151789851677602e-01,-1.827931820627912707e-01,2.022425328668049360e-01,6.098513729273686845e-01,9.630035420870959317e-01,1.149460194261372692e+00,1.149459813544824627e+00,9.630024675978752224e-01,6.098497869065042654e-01,2.022406644816050481e-01,-1.827951144045190102e-01,-5.093170009881851090e-01,-7.677689614889102732e-01,-9.623105412978807394e-01,-1.102910108444684845e+00,-1.200981720484477266e+00,-1.267194581685777921e+00,-1.310533687960156568e+00,-1.338056986340942611e+00,-1.355017896568197600e+00,-1.365152776768941978e+00,-1.371013787448842614e+00,-1.374280941742070494e+00,-1.376022684438237942e+00,-1.376896772413465531e+00,-1.377295777143225042e+00,-1.377447127156912643e+00,-1.377478830796480480e+00,-1.377460907924845657e+00,-1.377430503395885797e+00,-1.377406520835048775e+00,-1.377397685719152332e+00,-1.000000000000000000e+00,-1.000000000000000000e+00,-1.000000000000000000e+00,-1.000000000000000000e+00,-1.000000000000000000e+00,-1.000000000000000000e+00,-1.000000000000000000e+00,-1.000000000000000000e+00,-1.000000000000000000e+00,-1.000000000000000000e+00,-1.000000000000000000e+00,-1.000000000000000000e+00,-1.000000000000000000e+00,-1.000000000000000000e+00,-1.000000000000000000e+00,-1.000000000000000000e+00,-1.000000000000000000e+00,-1.000000000000000000e+00,-1.000000000000000000e+00,-1.000000000000000000e+00,-1.000000000000000000e+00,-1.000000000000000000e+00,-1.000000000000000000e+00,-1.000000000000000000e+00,-1.000000000000000000e+00,-1.000000000000000000e+00,-1.000000000000000000e+00,-1.000000000000000000e+00,-1.000000000000000000e+00,-1.000000000000000000e+00,-1.000000000000000000e+00,-1.000000000000000000e+00,-1.000000000000000000e+00,-1.000000000000000000e+00,-1.000000000000000000e+00,-1.000000000000000000e+00,-1.000000000000000000e+00,-1.000000000000000000e+00,-1.000000000000000000e+00,-1.000000000000000000e+00,-1.000000000000000000e+00,-1.000000000000000000e+00,-1.000000000000000000e+00,-1.000000000000000000e+00,-1.000000000000000000e+00,-1.000000000000000000e+00
-1.000000000000000000e+00,-1.000000000000000000e+00,-1.000000000000000000e+00,-1.000000000000000000e+00,-1.000000000000000000e+00,-1.000000000000000000e+00,-1.000000000000000000e+00,-1.000000000000000000e+00,-1.000000000000000000e+00,-1.000000000000000000e+00,-1.000000000000000000e+00,-1.000000000000000000e+00,-1.000000000000000000e+00,-1.000000000000000000e+00,-1.000000000000000000e+00,-1.000000000000000000e+00,-1.000000000000000000e+00,-1.000000000000000000e+00,-1.000000000000000000e+00,-1.000000000000000000e+00,-1.000000000000000000e+00,-1.000000000000000000e+00,-1.000000000000000000e+00,-1.000000000000000000e+00,-1.000000000000000000e+00,-1.000000000000000000e+00,-1.000000000000000000e+00,-1.000000000000000000e+00,-1.000000000000000000e+00,-1.000000000000000000e+00,-1.000000000000000000e+00,-1.000000000000000000e+00,-1.000000000000000000e+00,-1.000000000000000000e+00,-1.000000000000000000e+00,-1.000000000000000000e+00,-1.000000000000000000e+00,-1.000000000000000000e+00,-1.000000000000000000e+00,-1.000000000000000000e+00,-1.000000000000000000e+00,-1.000000000000000000e+00,-1.000000000000000000e+00,-1.000000000000000000e+00,-1.000000000000000000e+00,-1.000000000000000000e+00,-1.377483793311911953e+00,-1.377492569819077639e+00,-1.377516389030095212e+00,-1.377546533090946657e+00,-1.377564107550916628e+00,-1.377531972055588083e+00,-1.377380113763660985e+00,-1.376980524849832133e+00,-1.376105766978194200e+00,-1.374363240743873282e+00,-1.371095131924390031e+00,-1.365232895960917237e+00,-1.355096360566142355e+00,-1.338133129775577412e+00,-1.310606517065473042e+00,-1.267262677550234473e+00,-1.201043155602002477e+00,-1.102962413043370393e+00,-9.623507628702889782e-01,-7.677938744435636176e-01,-5.093235161399831679e-01,-1.827809114220277920e-01,2.022763250014278924e-01,6.099052282051073970e-01,9.630730617227232226e-01,1.149538241622340973e+00,1.149537865033545714e+00,9.630719959915288175e-01,6.099036456935145178e-01,2.022744418576125636e-01,-1.827828901668565598e-01,-5.093254285240731427e-01,-7.677956125219207451e-01,-9.623522687693347732e-01,-1.102963667074376097e+00,-1.201044162805765758e+00,-1.267263455591355559e+00,-1.310607087819937178e+00,-1.338133512809849490e+00,-1.355096571137111461e+00,-1.365232943762125117e+00,-1.371095023213505071e+00,-1.374362979418116470e+00,-1.376105356625518361e+00,-1.376979969856322983e+00,-1.377379421272290516e+00,-1.377531152572569084e+00,-1.377563175047948452e+00,-1.377545506431896660e+00,-1.377515287732244520e+00,-1.377491417392595174e+00,-1.377482619632714345e+00,-1.000000000000000000e+00,-1.000000000000000000e+00,-1.000000000000000000e+00,-1.000000000000000000e+00,-1.000000000000000000e+00,-1.000000000000000000e+00,-1.000000000000000000e+00,-1.000000000000000000e+00,-1.000000000000000000e+00,-1.000000000000000000e+00,-1.000000000000000000e+00,-1.000000000000000000e+00,-1.000000000000000000e+00,-1.000000000000000000e+00,-1.000000000000000000e+00,-1.000000000000000000e+00,-1.000000000000000000e+00,-1.000000000000000000e+00,-1.000000000000000000e+00,-1.000000000000000000e+00,-1.000000000000000000e+00,-1.000000000000000000e+00,-1.000000000000000000e+00,-1.000000000000000000e+00,-1.000000000000000000e+00,-1.000000000000000000e+00,-1.000000000000000000e+00,-1.000000000000000000e+00,-1.000000000000000000e+00,-1.000000000000000000e+00,-1.000000000000000000e+00,-1.000000000000000000e+00,-1.000000000000000000e+00,-1.000000000000000000e+00,-1.000000000000000000e+00,-1.000000000000000000e+00,-1.000000000000000000e+00,-1.000000000000000000e+00,-1.000000000000000000e+00,-1.000000000000000000e+00,-1.000000000000000000e+00,-1.000000000000000000e+00,-1.000000000000000000e+00,-1.000000000000000000e+00,-1.000000000000000000e+00,-1.000000000000000000e+00
-1.000000000000000000e+00,-1.000000000000000000e+00,-1.000000000000000000e+00,-1.000000000000000000e+00,-1.000000000000000000e+00,-1.000000000000000000e+00,-1.000000000000000000e+00,-1.000000000000000000e+00,-1.000000000000000000e+00,-1.000000000000000000e+00,-1.000000000000000000e+00,-1.000000000000000000e+00,-1.000000000000000000e+00,-1.000000000000000000e+00,-1.000000000000000000e+00,-1.000000000000000000e+00,-1.000000000000000000e+00,-1.000000000000000000e+00,-1.000000000000000000e+00,-1.000000000000000000e+00,-1.000000000000000000e+00,-1.000000000000000000e+00,-1.000000000000000000e+00,-1.000000000000000000e+00,-1.000000000000000000e+00,-1.000000000000000000e+00,-1.000000000000000000e+00,-1.000000000000000000e+00,-1.000000000000000000e+00,-1.000000000000000000e+00,-1.000000000000000000e+00,-1.000000000000000000e+00,-1.000000000000000000e+00,-1.000000000000000000e+00,-1.000000000000000000e+00,-1.000000000000000000e+00,-1.000000000000000000e+00,-1.000000000000000000e+00,-1.000000000000000000e+00,-1.000000000000000000e+00,-1.000000000000000000e+00,-1.000000000000000000e+00,-1.000000000000000000e+00,-1.000000000000000000e+00,-1.000000000000000000e+00,-1.000000000000000000e+00,-1.377562142420720059e+00,-1.377570900435399537e+00,-1.377594664287763893e+00,-1.377624717623769701e+00,-1.377642167065292744e+00,-1.377609871755026028e+00,-1.377457816246588695e+00,-1.377057983951530229e+00,-1.376182918241901643e+00,-1.374439984231015099e+00,-1.371171306047905603e+00,-1.365308238113963180e+00,-1.355170452626199395e+00,-1.338205325846013816e+00,-1.310675855903633780e+00,-1.267327787689894958e+00,-1.201102172357019437e+00,-1.103012938282044386e+00,-9.623899129188686619e-01,-7.678184695429651763e-01,-5.093304636163074051e-01,-1.827678085961257359e-01,2.023104011067440311e-01,6.099588871967938086e-01,9.631420303401780902e-01,1.149615546219345141e+00,1.149615176943358463e+00,9.631409835746380654e-01,6.099573266504911828e-01,2.023085310411429916e-01,-1.827697951990594483e-01,-5.093324153486247230e-01,-7.678202868951180537e-01,-9.623915444173413158e-01,-1.103014369166269493e+00,-1.201103411363656281e+00,-1.267328855584898051e+00,-1.310676777393236403e+00,-1.338206123446018081e+00,-1.355171144311393849e+00,-1.365308835783785923e+00,-1.371171817329343456e+00,-1.374440413318165577e+00,-1.376183267467252502e+00,-1.377058254665744164e+00,-1.377458010675672417e+00,-1.377609994060996268e+00,-1.377642223083156425e+00,-1.377624717168863366e+00,-1.377594617312852598e+00,-1.377570819019535042e+00,-1.377562045820286851e+00,-1.000000000000000000e+00,-1.000000000000000000e+00,-1.000000000000000000e+00,-1.000000000000000000e+00,-1.000000000000000000e+00,-1.000000000000000000e+00,-1.000000000000000000e+00,-1.000000000000000000e+00,-1.000000000000000000e+00,-1.000000000000000000e+00,-1.000000000000000000e+00,-1.000000000000000000e+00,-1.000000000000000000e+00,-1.000000000000000000e+00,-1.000000000000000000e+00,-1.000000000000000000e+00,-1.000000000000000000e+00,-1.000000000000000000e+00,-1.000000000000000000e+00,-1.000000000000000000e+00,-1.000000000000000000e+00,-1.000000000000000000e+00,-1.000000000000000000e+00,-1.000000000000000000e+00,-1.000000000000000000e+00,-1.000000000000000000e+00,-1.000000000000000000e+00,-1.000000000000000000e+00,-1.000000000000000000e+00,-1.000000000000000000e+00,-1.000000000000000000e+00,-1.000000000000000000e+00,-1.000000000000000000e+00,-1.000000000000000000e+00,-1.000000000000000000e+00,-1.000000000000000000e+00,-1.000000000000000000e+00,-1.000000000000000000e+00,-1.000000000000000000e+00,-1.000000000000000000e+00,-1.000000000000000000e+00,-1.000000000000000000e+00,-1.000000000000000000e+00,-1.000000000000000000e+00,-1.000000000000000000e+00,-1.000000000000000000e+00
-1.000000000000000000e+00,-1.000000000000000000e+00,-1.000000000000000000e+00,-1.000000000000000000e+00,-1.000000000000000000e+00,-1.000000000000000000e+00,-1.000000000000000000e+00,-1.000000000000000000e+00,-1.000000000000000000e+00,-1.000000000000000000e+00,-1.000000000000000000e+00,-1.000000000000000000e+00,-1.000000000000000000e+00,-1.000000000000000000e+00,-1.000000000000000000e+00,-1.000000000000000000e+00,-1.000000000000000000e+00,-1.000000000000000000e+00,-1.000000000000000000e+00,-1.000000000000000000e+00,-1.000000000000000000e+00,-1.000000000000000000e+00,-1.000000000000000000e+00,-1.000000000000000000e+00,-1.000000000000000000e+00,-1.000000000000000000e+00,-1.000000000000000000e+00,-1.000000000000000000e+00,-1.000000000000000000e+00,-1.000000000000000000e+00,-1.000000000000000000e+00,-1.000000000000000000e+00,-1.000000000000000000e+00,-1.000000000000000000e+00,-1.000000000000000000e+00,-1.000000000000000000e+00,-1.000000000000000000e+00,-1.000000000000000000e+00,-1.000000000000000000e+00,-1.000000000000000000e+00,-1.000000000000000000e+00,-1.000000000000000000e+00,-1.000000000000000000e+00,-1.000000000000000000e+00,-1.000000000000000000e+00,-1.000000000000000000e+00,-1.377636208521155092e+00,-1.377644955137157901e+00,-1.377668684453296377e+00,-1.377698680581282087e+00,-1.377716050355649369e+00,-1.377683651068461579e+00,-1.377531462883440083e+00,-1.377131458677955944e+00,-1.376256161916137977e+00,-1.374512901433505130e+00,-1.371243740041516723e+00,-1.365379933034088999e+00,-1.355241000918252947e+00,-1.338274098360703324e+00,-1.310741917190318073e+00,-1.267389803728233399e+00,-1.201158329557609816e+00,-1.103060903357367728e+00,-9.624268780061545625e-01,-7.678413343943322200e-01,-5.093362061046474709e-01,-1.827540700299925547e-01,2.023445461516117927e-01,6.100121125682225198e-01,9.632101901432819080e-01,1.149691838721406345e+00,1.149691479106373038e+00,9.632091695511999507e-01,6.100105867072176391e-01,2.023427083597826304e-01,-1.827560378878858582e-01,-5.093381619275141325e-01,-7.678431854007297108e-01,-9.624285773367848851e-01,-1.103062439582100485e+00,-1.201159713787495420e+00,-1.267391058546620819e+00,-1.310743068609708128e+00,-1.338275170258015345e+00,-1.355242012464848989e+00,-1.365380897097969060e+00,-1.371244664563360471e+00,-1.374513790243118372e+00,-1.376257016134818656e+00,-1.377132277485270562e+00,-1.377532245210749462e+00,-1.377684396947722822e+00,-1.377716760408771668e+00,-1.377699358955565945e+00,-1.377669335921921201e+00,-1.377645585085014002e+00,-1.377636828908263666e+00,-1.000000000000000000e+00,-1.000000000000000000e+00,-1.000000000000000000e+00,-1.000000000000000000e+00,-1.000000000000000000e+00,-1.000000000000000000e+00,-1.000000000000000000e+00,-1.000000000000000000e+00,-1.000000000000000000e+00,-1.000000000000000000e+00,-1.000000000000000000e+00,-1.000000000000000000e+00,-1.000000000000000000e+00,-1.000000000000000000e+00,-1.000000000000000000e+00,-1.000000000000000000e+00,-1.000000000000000000e+00,-1.000000000000000000e+00,-1.000000000000000000e+00,-1.000000000000000000e+00,-1.000000000000000000e+00,-1.000000000000000000e+00,-1.000000000000000000e+00,-1.000000000000000000e+00,-1.000000000000000000e+00,-1.000000000000000000e+00,-1.000000000000000000e+00,-1.000000000000000000e+00,-1.000000000000000000e+00,-1.000000000000000000e+00,-1.000000000000000000e+00,-1.000000000000000000e+00,-1.000000000000000000e+00,-1.000000000000000000e+00,-1.000000000000000000e+00,-1.000000000000000000e+00,-1.000000000000000000e+00,-1.000000000000000000e+00,-1.000000000000000000e+00,-1.000000000000000000e+00,-1.000000000000000000e+00,-1.000000000000000000e+00,-1.000000000000000000e+00,-1.000000000000000000e+00,-1.000000000000000000e+00,-1.000000000000000000e+00
-1.000000000000000000e+00,-1.000000000000000000e+00,-1.000000000000000000e+00,-1.000000000000000000e+00,-1.000000000000000000e+00,-1.000000000000000000e+00,-1.000000000000000000e+00,-1.000000000000000000e+00,-1.000000000000000000e+00,-1.000000000000000000e+00,-1.000000000000000000e+00,-1.000000000000000000e+00,-1.000000000000000000e+00,-1.000000000000000000e+00,-1.000000000000000000e+00,-1.000000000000000000e+00,-1.000000000000000000e+00,-1.000000000000000000e+00,-1.000000000000000000e+00,-1.000000000000000000e+00,-1.000000000000000000e+00,-1.000000000000000000e+00,-1.000000000000000000e+00,-1.000000000000000000e+00,-1.000000000000000000e+00,-1.000000000000000000e+00,-1.000000000000000000e+00,-1.000000000000000000e+00,-1.000000000000000000e+00,-1.000000000000000000e+00,-1.000000000000000000e+00,-1.000000000000000000e+00,-1.000000000000000000e+00,-1.000000000000000000e+00,-1.000000000000000000e+00,-1.000000000000000000e+00,-1.000000000000000000e+00,-1.000000000000000000e+00,-1.000000000000000000e+00,-1.000000000000000000e+00,-1.000000000000000000e+00,-1.000000000000000000e+00,-1.000000000000000000e+00,-1.000000000000000000e+00,-1.000000000000000000e+00,-1.000000000000000000e+00,-1.377706470958561802e+00,-1.377715210756437658e+00,-1.377738918951341818e+00,-1.377768879173951078e+00,-1.377786197814014457e+00,-1.377753729647587466e+00,-1.377601449600040606e+00,-1.377201319288039461e+00,-1.376325841520426030e+00,-1.374582308753260484e+00,-1.371312723388148802e+00,-1.365448244076659323e+00,-1.355308244014518104e+00,-1.338339662975158273e+00,-1.310804896014895249e+00,-1.267448903133371996e+00,-1.201211790611892205e+00,-1.103106461898795354e+00,-9.624618068822275996e-01,-7.678626184206351901e-01,-5.093408997721010634e-01,-1.827398649340570280e-01,2.023785722201101311e-01,6.100646946358587730e-01,9.632773117256794304e-01,1.149766878678925242e+00,1.149766530523064656e+00,9.632763223826703580e-01,6.100632117055477810e-01,2.023767789896242508e-01,-1.827417963846228455e-01,-5.093428353766077388e-01,-7.678644711280921964e-01,-9.624635335839731853e-01,-1.103108053546027145e+00,-1.201213259764459584e+00,-1.267450273201859101e+00,-1.310806193213739590e+00,-1.338340911420004664e+00,-1.355309463081718180e+00,-1.365449446877757822e+00,-1.371313917595875509e+00,-1.374583497511742358e+00,-1.376327024885726891e+00,-1.377202494942866284e+00,-1.377602614357986255e+00,-1.377754881020403444e+00,-1.377787333493953437e+00,-1.377770000198748068e+00,-1.377740027998045180e+00,-1.377716309593301380e+00,-1.377707565777248622e+00,-1.000000000000000000e+00,-1.000000000000000000e+00,-1.000000000000000000e+00,-1.000000000000000000e+00,-1.000000000000000000e+00,-1.000000000000000000e+00,-1.000000000000000000e+00,-1.000000000000000000e+00,-1.000000000000000000e+00,-1.000000000000000000e+00,-1.000000000000000000e+00,-1.000000000000000000e+00,-1.000000000000000000e+00,-1.000000000000000000e+00,-1.000000000000000000e+00,-1.000000000000000000e+00,-1.000000000000000000e+00,-1.000000000000000000e+00,-1.000000000000000000e+00,-1.000000000000000000e+00,-1.000000000000000000e+00,-1.000000000000000000e+00,-1.000000000000000000e+00,-1.000000000000000000e+00,-1.000000000000000000e+00,-1.000000000000000000e+00,-1.000000000000000000e+00,-1.000000000000000000e+00,-1.000000000000000000e+00,-1.000000000000000000e+00,-1.000000000000000000e+00,-1.000000000000000000e+00,-1.000000000000000000e+00,-1.000000000000000000e+00,-1.000000000000000000e+00,-1.000000000000000000e+00,-1.000000000000000000e+00,-1.000000000000000000e+00,-1.000000000000000000e+00,-1.000000000000000000e+00,-1.000000000000000000e+00,-1.000000000000000000e+00,-1.000000000000000000e+00,-1.000000000000000000e+00,-1.000000000000000000e+00,-1.000000000000000000e+00
-1.000000000000000000e+00,-1.000000000000000000e+00,-1.000000000000000000e+00,-1.000000000000000000e+00,-1.000000000000000000e+00,-1.000000000000000000e+00,-1.000000000000000000e+00,-1.000000000000000000e+00,-1.000000000000000000e+00,-1.000000000000000000e+00,-1.000000000000000000e+00,-1.000000000000000000e+00,-1.000000000000000000e+00,-1.000000000000000000e+00,-1.000000000000000000e+00,-1.000000000000000000e+00,-1.000000000000000000e+00,-1.000000000000000000e+00,-1.000000000000000000e+00,-1.000000000000000000e+00,-1.000000000000000000e+00,-1.000000000000000000e+00,-1.000000000000000000e+00,-1.000000000000000000e+00,-1.000000000000000000e+00,-1.000000000000000000e+00,-1.000000000000000000e+00,-1.000000000000000000e+00,-1.000000000000000000e+00,-1.000000000000000000e+00,-1.000000000000000000e+00,-1.000000000000000000e+00,-1.000000000000000000e+00,-1.000000000000000000e+00,-1.000000000000000000e+00,-1.000000000000000000e+00,-1.000000000000000000e+00,-1.000000000000000000e+00,-1.000000000000000000e+00,-1.000000000000000000e+00,-1.000000000000000000e+00,-1.000000000000000000e+00,-1.000000000000000000e+00,-1.000000000000000000e+00,-1.000000000000000000e+00,-1.000000000000000000e+00,-1.377773263795551539e+00,-1.377781999571291216e+00,-1.377805695109301398e+00,-1.377835633003977378e+00,-1.377852918537775029e+00,-1.377820403413378969e+00,-1.377668056846805378e+00,-1.377267829156995749e+00,-1.376392202542247922e+00,-1.374648433653412161e+00,-1.371378465844313554e+00,-1.365513363943058778e+00,-1.355372358526047982e+00,-1.338402181524000145e+00,-1.310864941021715246e+00,-1.267505223332786146e+00,-1.201262684204442266e+00,-1.103149737098450878e+00,-9.624948213020791954e-01,-7.678824467457714409e-01,-5.093446783878169404e-01,-1.827253409768797576e-01,2.024123132323480956e-01,6.101164466480410997e-01,9.633431898476982891e-01,1.149840450305209760e+00,1.149840114622619147e+00,9.633422347646287687e-01,6.101150117483968849e-01,2.024105723409554969e-01,-1.827272245182034460e-01,-5.093465775022582021e-01,-7.678842793938764899e-01,-9.624965475406290771e-01,-1.103151349574348128e+00,-1.201264196271923046e+00,-1.267506658601742719e+00,-1.310866325344822725e+00,-1.338403538602843001e+00,-1.355373707267852224e+00,-1.365514717131970812e+00,-1.371379830465057070e+00,-1.374649811958292389e+00,-1.376393593623471689e+00,-1.377269229734366718e+00,-1.377669462699654179e+00,-1.377821811096622495e+00,-1.377854324894958404e+00,-1.377837037809632070e+00,-1.377807100440775923e+00,-1.377783404891519403e+00,-1.377774670080835984e+00,-1.000000000000000000e+00,-1.000000000000000000e+00,-1.000000000000000000e+00,-1.000000000000000000e+00,-1.000000000000000000e+00,-1.000000000000000000e+00,-1.000000000000000000e+00,-1.000000000000000000e+00,-1.000000000000000000e+00,-1.000000000000000000e+00,-1.000000000000000000e+00,-1.000000000000000000e+00,-1.000000000000000000e+00,-1.000000000000000000e+00,-1.000000000000000000e+00,-1.000000000000000000e+00,-1.000000000000000000e+00,-1.000000000000000000e+00,-1.000000000000000000e+00,-1.000000000000000000e+00,-1.000000000000000000e+00,-1.000000000000000000e+00,-1.000000000000000000e+00,-1.000000000000000000e+00,-1.000000000000000000e+00,-1.000000000000000000e+00,-1.000000000000000000e+00,-1.000000000000000000e+00,-1.000000000000000000e+00,-1.000000000000000000e+00,-1.000000000000000000e+00,-1.000000000000000000e+00,-1.000000000000000000e+00,-1.000000000000000000e+00,-1.000000000000000000e+00,-1.000000000000000000e+00,-1.000000000000000000e+00,-1.000000000000000000e+00,-1.000000000000000000e+00,-1.000000000000000000e+00,-1.000000000000000000e+00,-1.000000000000000000e+00,-1.000000000000000000e+00,-1.000000000000000000e+00,-1.000000000000000000e+00,-1.000000000000000000e+00
-1.000000000000000000e+00,-1.000000000000000000e+00,-1.000000000000000000e+00,-1.000000000000000000e+00,-1.000000000000000000e+00,-1.000000000000000000e+00,-1.000000000000000000e+00,-1.000000000000000000e+00,-1.000000000000000000e+00,-1.000000000000000000e+00,-1.000000000000000000e+00,-1.000000000000000000e+00,-1.000000000000000000e+00,-1.000000000000000000e+00,-1.000000000000000000e+00,-1.000000000000000000e+00,-1.000000000000000000e+00,-1.000000000000000000e+00,-1.000000000000000000e+00,-1.000000000000000000e+00,-1.000000000000000000e+00,-1.000000000000000000e+00,-1.000000000000000000e+00,-1.000000000000000000e+00,-1.000000000000000000e+00,-1.000000000000000000e+00,-1.000000000000000000e+00,-1.000000000000000000e+00,-1.000000000000000000e+00,-1.000000000000000000e+00,-1.000000000000000000e+00,-1.000000000000000000e+00,-1.000000000000000000e+00,-1.000000000000000000e+00,-1.000000000000000000e+00,-1.000000000000000000e+00,-1.000000000000000000e+00,-1.000000000000000000e+00,-1.000000000000000000e+00,-1.000000000000000000e+00,-1.000000000000000000e+00,-1.000000000000000000e+00,-1.000000000000000000e+00,-1.000000000000000000e+00,-1.000000000000000000e+00,-1.000000000000000000e+00,-1.377836822240664727e+00,-1.377845555494142449e+00,-1.377869243263221799e+00,-1.377899167101584110e+00,-1.377916430801050085e+00,-1.377883882508292857e+00,-1.377731485249080956e+00,-1.377331178131031120e+00,-1.376455423202788353e+00,-1.374711442435941455e+00,-1.371441121967740262e+00,-1.365575435928383374e+00,-1.355433477203337844e+00,-1.338461777254218887e+00,-1.310922167216609147e+00,-1.267558872603979481e+00,-1.201311113679936815e+00,-1.103190829745143375e+00,-9.625260227142912184e-01,-7.679009255834670089e-01,-5.093476576886504237e-01,-1.827106281448107605e-01,2.024456211602272404e-01,6.101672009559724330e-01,9.634076396008475207e-01,1.149912358879003005e+00,1.149912035840231717e+00,9.634067196965119262e-01,6.101658165837140491e-01,2.024439373997708458e-01,-1.827124561193302910e-01,-5.093495093906816873e-01,-7.679027236823116054e-01,-9.625277299377216211e-01,-1.103192439723795992e+00,-1.201312639921767955e+00,-1.267560338494249095e+00,-1.310923598044516414e+00,-1.338463195930376770e+00,-1.355434901651382251e+00,-1.365576878121422588e+00,-1.371442587993176865e+00,-1.374712933683633453e+00,-1.376456938060516721e+00,-1.377332713025523070e+00,-1.377733036110730058e+00,-1.377885446345022968e+00,-1.377918004957934706e+00,-1.377900750652171435e+00,-1.377870837439631124e+00,-1.377847157657175581e+00,-1.377838428911001278e+00,-1.000000000000000000e+00,-1.000000000000000000e+00,-1.000000000000000000e+00,-1.000000000000000000e+00,-1.000000000000000000e+00,-1.000000000000000000e+00,-1.000000000000000000e+00,-1.000000000000000000e+00,-1.000000000000000000e+00,-1.000000000000000000e+00,-1.000000000000000000e+00,-1.000000000000000000e+00,-1.000000000000000000e+00,-1.000000000000000000e+00,-1.000000000000000000e+00,-1.000000000000000000e+00,-1.000000000000000000e+00,-1.000000000000000000e+00,-1.000000000000000000e+00,-1.000000000000000000e+00,-1.000000000000000000e+00,-1.000000000000000000e+00,-1.000000000000000000e+00,-1.000000000000000000e+00,-1.000000000000000000e+00,-1.000000000000000000e+00,-1.000000000000000000e+00,-1.000000000000000000e+00,-1.000000000000000000e+00,-1.000000000000000000e+00,-1.000000000000000000e+00,-1.000000000000000000e+00,-1.000000000000000000e+00,-1.000000000000000000e+00,-1.000000000000000000e+00,-1.000000000000000000e+00,-1.000000000000000000e+00,-1.000000000000000000e+00,-1.000000000000000000e+00,-1.000000000000000000e+00,-1.000000000000000000e+00,-1.000000000000000000e+00,-1.000000000000000000e+00,-1.000000000000000000e+00,-1.000000000000000000e+00,-1.000000000000000000e+00
-1.000000000000000000e+00,-1.000000000000000000e+00,-1.000000000000000000e+00,-1.000000000000000000e+00,-1.000000000000000000e+00,-1.000000000000000000e+00,-1.000000000000000000e+00,-1.000000000000000000e+00,-1.000000000000000000e+00,-1.000000000000000000e+00,-1.000000000000000000e+00,-1.000000000000000000e+00,-1.000000000000000000e+00,-1.000000000000000000e+00,-1.000000000000000000e+00,-1.000000000000000000e+00,-1.000000000000000000e+00,-1.000000000000000000e+00,-1.000000000000000000e+00,-1.000000000000000000e+00,-1.000000000000000000e+00,-1.000000000000000000e+00,-1.000000000000000000e+00,-1.000000000000000000e+00,-1.000000000000000000e+00,-1.000000000000000000e+00,-1.000000000000000000e+00,-1.000000000000000000e+00,-1.000000000000000000e+00,-1.000000000000000000e+00,-1.000000000000000000e+00,-1.000000000000000000e+00,-1.000000000000000000e+00,-1.000000000000000000e+00,-1.000000000000000000e+00,-1.000000000000000000e+00,-1.000000000000000000e+00,-1.000000000000000000e+00,-1.000000000000000000e+00,-1.000000000000000000e+00,-1.000000000000000000e+00,-1.000000000000000000e+00,-1.000000000000000000e+00,-1.000000000000000000e+00,-1.000000000000000000e+00,-1.000000000000000000e+00,-1.377897314099951309e+00,-1.377906045598076279e+00,-1.377929728130175446e+00,-1.377959642352173386e+00,-1.377976890625771222e+00,-1.377944317502629801e+00,-1.377791879493293514e+00,-1.377391504462477378e+00,-1.376515634730012039e+00,-1.374771458890938547e+00,-1.371500808047974695e+00,-1.365634569054778424e+00,-1.355491702212938243e+00,-1.338518546146738819e+00,-1.310976665343563052e+00,-1.267609937746188242e+00,-1.201357163474223277e+00,-1.103229823846191948e+00,-9.625554972587774261e-01,-7.679181465566992104e-01,-5.093499389072436712e-01,-1.826958415758781484e-01,2.024783634965408030e-01,6.102168062142860894e-01,9.634704930428859004e-01,1.149982427270508367e+00,1.149982116741873561e+00,9.634696082574003562e-01,6.102154731218791817e-01,2.024767391275845707e-01,-1.826976097280665901e-01,-5.093517366224903364e-01,-7.679199008800576820e-01,-9.625571731653550511e-01,-1.103231415542335947e+00,-1.201358684306541802e+00,-1.267611410666194871e+00,-1.310978114913480930e+00,-1.338519994083926079e+00,-1.355493164992460198e+00,-1.365636057463778474e+00,-1.371502327289074286e+00,-1.374773009815535962e+00,-1.376517215640850500e+00,-1.377393112485427062e+00,-1.377793511866950205e+00,-1.377945972419637677e+00,-1.377978565963781321e+00,-1.377961335756694439e+00,-1.377931438855720447e+00,-1.377907769171208718e+00,-1.377899043965944426e+00,-1.000000000000000000e+00,-1.000000000000000000e+00,-1.000000000000000000e+00,-1.000000000000000000e+00,-1.000000000000000000e+00,-1.000000000000000000e+00,-1.000000000000000000e+00,-1.000000000000000000e+00,-1.000000000000000000e+00,-1.000000000000000000e+00,-1.000000000000000000e+00,-1.000000000000000000e+00,-1.000000000000000000e+00,-1.000000000000000000e+00,-1.000000000000000000e+00,-1.000000000000000000e+00,-1.000000000000000000e+00,-1.000000000000000000e+00,-1.000000000000000000e+00,-1.000000000000000000e+00,-1.000000000000000000e+00,-1.000000000000000000e+00,-1.000000000000000000e+00,-1.000000000000000000e+00,-1.000000000000000000e+00,-1.000000000000000000e+00,-1.000000000000000000e+00,-1.000000000000000000e+00,-1.000000000000000000e+00,-1.000000000000000000e+00,-1.000000000000000000e+00,-1.000000000000000000e+00,-1.000000000000000000e+00,-1.000000000000000000e+00,-1.000000000000000000e+00,-1.000000000000000000e+00,-1.000000000000000000e+00,-1.000000000000000000e+00,-1.000000000000000000e+00,-1.000000000000000000e+00,-1.000000000000000000e+00,-1.000000000000000000e+00,-1.000000000000000000e+00,-1.000000000000000000e+00,-1.000000000000000000e+00,-1.000000000000000000e+00
-1.000000000000000000e+00,-1.000000000000000000e+00,-1.000000000000000000e+00,-1.000000000000000000e+00,-1.000000000000000000e+00,-1.000000000000000000e+00,-1.000000000000000000e+00,-1.000000000000000000e+00,-1.000000000000000000e+00,-1.000000000000000000e+00,-1.000000000000000000e+00,-1.000000000000000000e+00,-1.000000000000000000e+00,-1.000000000000000000e+00,-1.000000000000000000e+00,-1.000000000000000000e+00,-1.000000000000000000e+00,-1.000000000000000000e+00,-1.000000000000000000e+00,-1.000000000000000000e+00,-1.000000000000000000e+00,-1.000000000000000000e+00,-1.000000000000000000e+00,-1.000000000000000000e+00,-1.000000000000000000e+00,-1.000000000000000000e+00,-1.000000000000000000e+00,-1.000000000000000000e+00,-1.000000000000000000e+00,-1.000000000000000000e+00,-1.000000000000000000e+00,-1.000000000000000000e+00,-1.000000000000000000e+00,-1.000000000000000000e+00,-1.000000000000000000e+00,-1.000000000000000000e+00,-1.000000000000000000e+00,-1.000000000000000000e+00,-1.000000000000000000e+00,-1.000000000000000000e+00,-1.000000000000000000e+00,-1.000000000000000000e+00,-1.000000000000000000e+00,-1.000000000000000000e+00,-1.000000000000000000e+00,-1.000000000000000000e+00,-1.377954860706843476e+00,-1.377963590976621688e+00,-1.377987269710096108e+00,-1.378017176470875960e+00,-1.378034412326463176e+00,-1.378001818678607604e+00,-1.377849345704491579e+00,-1.377448910142572869e+00,-1.376572934912196899e+00,-1.374828576415942472e+00,-1.371557613018161703e+00,-1.365690847936675167e+00,-1.355547114098369033e+00,-1.338572564982756896e+00,-1.311028508928601344e+00,-1.267658489963249480e+00,-1.201400903925393449e+00,-1.103266790675314413e+00,-9.625833193329146331e-01,-7.679341899083500511e-01,-5.093516115880289963e-01,-1.826810839543466791e-01,2.025104211169017621e-01,6.102651252921706959e-01,9.635315971250653089e-01,1.150050493571803667e+00,1.150050195127195085e+00,9.635307465616285150e-01,6.102638429438373979e-01,2.025088566483133068e-01,-1.826827904217123155e-01,-5.093533519757496020e-01,-7.679358952457062681e-01,-9.625849563826229804e-01,-1.103268353994647066e+00,-1.201402406510847065e+00,-1.267659954031630454e+00,-1.311029957967478454e+00,-1.338574019243010227e+00,-1.355548588578972868e+00,-1.365692352341898452e+00,-1.371559152033688722e+00,-1.374830150961471320e+00,-1.376574544042915349e+00,-1.377450552546872098e+00,-1.377851020286247952e+00,-1.378003524190008378e+00,-1.378036145878299479e+00,-1.378018933203017493e+00,-1.377989046307920074e+00,-1.377965382244321635e+00,-1.377956658667637058e+00,-1.000000000000000000e+00,-1.000000000000000000e+00,-1.000000000000000000e+00,-1.000000000000000000e+00,-1.000000000000000000e+00,-1.000000000000000000e+00,-1.000000000000000000e+00,-1.000000000000000000e+00,-1.000000000000000000e+00,-1.000000000000000000e+00,-1.000000000000000000e+00,-1.000000000000000000e+00,-1.000000000000000000e+00,-1.000000000000000000e+00,-1.000000000000000000e+00,-1.000000000000000000e+00,-1.000000000000000000e+00,-1.000000000000000000e+00,-1.000000000000000000e+00,-1.000000000000000000e+00,-1.000000000000000000e+00,-1.000000000000000000e+00,-1.000000000000000000e+00,-1.000000000000000000e+00,-1.000000000000000000e+00,-1.000000000000000000e+00,-1.000000000000000000e+00,-1.000000000000000000e+00,-1.000000000000000000e+00,-1.000000000000000000e+00,-1.000000000000000000e+00,-1.000000000000000000e+00,-1.000000000000000000e+00,-1.000000000000000000e+00,-1.000000000000000000e+00,-1.000000000000000000e+00,-1.000000000000000000e+00,-1.000000000000000000e+00,-1.000000000000000000e+00,-1.000000000000000000e+00,-1.000000000000000000e+00,-1.000000000000000000e+00,-1.000000000000000000e+00,-1.000000000000000000e+00,-1.000000000000000000e+00,-1.000000000000000000e+00
-1.000000000000000000e+00,-1.000000000000000000e+00,-1.000000000000000000e+00,-1.000000000000000000e+00,-1.000000000000000000e+00,-1.000000000000000000e+00,-1.000000000000000000e+00,-1.000000000000000000e+00,-1.000000000000000000e+00,-1.000000000000000000e+00,-1.000000000000000000e+00,-1.000000000000000000e+00,-1.000000000000000000e+00,-1.000000000000000000e+00,-1.000000000000000000e+00,-1.000000000000000000e+00,-1.000000000000000000e+00,-1.000000000000000000e+00,-1.000000000000000000e+00,-1.000000000000000000e+00,-1.000000000000000000e+00,-1.000000000000000000e+00,-1.000000000000000000e+00,-1.000000000000000000e+00,-1.000000000000000000e+00,-1.000000000000000000e+00,-1.000000000000000000e+00,-1.000000000000000000e+00,-1.000000000000000000e+00,-1.000000000000000000e+00,-1.000000000000000000e+00,-1.000000000000000000e+00,-1.000000000000000000e+00,-1.000000000000000000e+00,-1.000000000000000000e+00,-1.000000000000000000e+00,-1.000000000000000000e+00,-1.000000000000000000e+00,-1.000000000000000000e+00,-1.000000000000000000e+00,-1.000000000000000000e+00,-1.000000000000000000e+00,-1.000000000000000000e+00,-1.000000000000000000e+00,-1.000000000000000000e+00,-1.000000000000000000e+00,-1.378009551148310141e+00,-1.378018280586682076e+00,-1.378041956565785986e+00,-1.378071857181961235e+00,-1.378089081961009210e+00,-1.378056469580124732e+00,-1.377903964434809669e+00,-1.377503472674665552e+00,-1.376627398375529054e+00,-1.374882866865858810e+00,-1.371611606031990060e+00,-1.365744339220811732e+00,-1.355599777321690125e+00,-1.338623896299596217e+00,-1.311077758864497067e+00,-1.267704589029408968e+00,-1.201442394848133199e+00,-1.103301791763516615e+00,-9.626095541869578165e-01,-7.679491269014462329e-01,-5.093527558148686074e-01,-1.826664476612547272e-01,2.025416859769366695e-01,6.103120331086528960e-01,9.635908120588889680e-01,1.150116410062814953e+00,1.150116123054578665e+00,9.635899940979306688e-01,6.103107996281782466e-01,2.025401799554706894e-01,-1.826680929393034170e-01,-5.093544378842531639e-01,-7.679507803616131278e-01,-9.626111475579445242e-01,-1.103303320172961621e+00,-1.201443870862845209e+00,-1.267706033628571261e+00,-1.311079193964204803e+00,-1.338625340687037424e+00,-1.355601244940009664e+00,-1.365745839152687768e+00,-1.371613142926643825e+00,-1.374884442326101741e+00,-1.376629012857306655e+00,-1.377505126618665088e+00,-1.377905657652004123e+00,-1.378058199827362884e+00,-1.378090844184332919e+00,-1.378073643954970118e+00,-1.378043762624681978e+00,-1.378020101355757143e+00,-1.378011378226021488e+00,-1.000000000000000000e+00,-1.000000000000000000e+00,-1.000000000000000000e+00,-1.000000000000000000e+00,-1.000000000000000000e+00,-1.000000000000000000e+00,-1.000000000000000000e+00,-1.000000000000000000e+00,-1.000000000000000000e+00,-1.000000000000000000e+00,-1.000000000000000000e+00,-1.000000000000000000e+00,-1.000000000000000000e+00,-1.000000000000000000e+00,-1.000000000000000000e+00,-1.000000000000000000e+00,-1.000000000000000000e+00,-1.000000000000000000e+00,-1.000000000000000000e+00,-1.000000000000000000e+00,-1.000000000000000000e+00,-1.000000000000000000e+00,-1.000000000000000000e+00,-1.000000000000000000e+00,-1.000000000000000000e+00,-1.000000000000000000e+00,-1.000000000000000000e+00,-1.000000000000000000e+00,-1.000000000000000000e+00,-1.000000000000000000e+00,-1.000000000000000000e+00,-1.000000000000000000e+00,-1.000000000000000000e+00,-1.000000000000000000e+00,-1.000000000000000000e+00,-1.000000000000000000e+00,-1.000000000000000000e+00,-1.000000000000000000e+00,-1.000000000000000000e+00,-1.000000000000000000e+00,-1.000000000000000000e+00,-1.000000000000000000e+00,-1.000000000000000000e+00,-1.000000000000000000e+00,-1.000000000000000000e+00,-1.000000000000000000e+00
-1.000000000000000000e+00,-1.000000000000000000e+00,-1.000000000000000000e+00,-1.000000000000000000e+00,-1.000000000000000000e+00,-1.000000000000000000e+00,-1.000000000000000000e+00,-1.000000000000000000e+00,-1.000000000000000000e+00,-1.000000000000000000e+00,-1.000000000000000000e+00,-1.000000000000000000e+00,-1.000000000000000000e+00,-1.000000000000000000e+00,-1.000000000000000000e+00,-1.000000000000000000e+00,-1.000000000000000000e+00,-1.000000000000000000e+00,-1.000000000000000000e+00,-1.000000000000000000e+00,-1.000000000000000000e+00,-1.000000000000000000e+00,-1.000000000000000000e+00,-1.000000000000000000e+00,-1.000000000000000000e+00,-1.000000000000000000e+00,-1.000000000000000000e+00,-1.000000000000000000e+00,-1.000000000000000000e+00,-1.000000000000000000e+00,-1.000000000000000000e+00,-1.000000000000000000e+00,-1.000000000000000000e+00,-1.000000000000000000e+00,-1.000000000000000000e+00,-1.000000000000000000e+00,-1.000000000000000000e+00,-1.000000000000000000e+00,-1.000000000000000000e+00,-1.000000000000000000e+00,-1.000000000000000000e+00,-1.000000000000000000e+00,-1.000000000000000000e+00,-1.000000000000000000e+00,-1.000000000000000000e+00,-1.000000000000000000e+00,-1.378061452515386254e+00,-1.378070181203507438e+00,-1.378093854944302254e+00,-1.378123750418174254e+00,-1.378140965102853333e+00,-1.378108334930070455e+00,-1.377955798891180139e+00,-1.377555253308903049e+00,-1.376679084379974771e+00,-1.374934387631619570e+00,-1.371662842685958061e+00,-1.365795096804750974e+00,-1.355649744413278679e+00,-1.338672591688526037e+00,-1.311124466262064470e+00,-1.267748285971487476e+00,-1.201481687911584384e+00,-1.103334880763601866e+00,-9.626342593810035542e-01,-7.679630212478452123e-01,-5.093534439134907998e-01,-1.826520167123137917e-01,2.025720593643851597e-01,6.103574150134507548e-01,9.636480094609118918e-01,1.150180041051583224e+00,1.150179764968264795e+00,9.636472226685575126e-01,6.103562282818244533e-01,2.025706093245280837e-01,-1.826536029632044311e-01,-5.093550685985683835e-01,-7.679646220246696409e-01,-9.626358067432826404e-01,-1.103336370615844553e+00,-1.201483132161306422e+00,-1.267749703883145340e+00,-1.311125877976937026e+00,-1.338674014933084244e+00,-1.355651192728071219e+00,-1.365796579258388821e+00,-1.371664364378475831e+00,-1.374935951324645744e+00,-1.376680692025638031e+00,-1.377556906292281891e+00,-1.377957496294440087e+00,-1.378110072011425435e+00,-1.378142734266423863e+00,-1.378125542899061307e+00,-1.378095664683608002e+00,-1.378072004804251183e+00,-1.378063281410540020e+00,-1.000000000000000000e+00,-1.000000000000000000e+00,-1.000000000000000000e+00,-1.000000000000000000e+00,-1.000000000000000000e+00,-1.000000000000000000e+00,-1.000000000000000000e+00,-1.000000000000000000e+00,-1.000000000000000000e+00,-1.000000000000000000e+00,-1.000000000000000000e+00,-1.000000000000000000e+00,-1.000000000000000000e+00,-1.000000000000000000e+00,-1.000000000000000000e+00,-1.000000000000000000e+00,-1.000000000000000000e+00,-1.000000000000000000e+00,-1.000000000000000000e+00,-1.000000000000000000e+00,-1.000000000000000000e+00,-1.000000000000000000e+00,-1.000000000000000000e+00,-1.000000000000000000e+00,-1.000000000000000000e+00,-1.000000000000000000e+00,-1.000000000000000000e+00,-1.000000000000000000e+00,-1.000000000000000000e+00,-1.000000000000000000e+00,-1.000000000000000000e+00,-1.000000000000000000e+00,-1.000000000000000000e+00,-1.000000000000000000e+00,-1.000000000000000000e+00,-1.000000000000000000e+00,-1.000000000000000000e+00,-1.000000000000000000e+00,-1.000000000000000000e+00,-1.000000000000000000e+00,-1.000000000000000000e+00,-1.000000000000000000e+00,-1.000000000000000000e+00,-1.000000000000000000e+00,-1.000000000000000000e+00,-1.000000000000000000e+00
-1.000000000000000000e+00,-1.000000000000000000e+00,-1.000000000000000000e+00,-1.000000000000000000e+00,-1.000000000000000000e+00,-1.000000000000000000e+00,-1.000000000000000000e+00,-1.000000000000000000e+00,-1.000000000000000000e+00,-1.000000000000000000e+00,-1.000000000000000000e+00,-1.000000000000000000e+00,-1.000000000000000000e+00,-1.000000000000000000e+00,-1.000000000000000000e+00,-1.000000000000000000e+00,-1.000000000000000000e+00,-1.000000000000000000e+00,-1.000000000000000000e+00,-1.000000000000000000e+00,-1.000000000000000000e+00,-1.000000000000000000e+00,-1.000000000000000000e+00,-1.000000000000000000e+00,-1.000000000000000000e+00,-1.000000000000000000e+00,-1.000000000000000000e+00,-1.000000000000000000e+00,-1.000000000000000000e+00,-1.000000000000000000e+00,-1.000000000000000000e+00,-1.000000000000000000e+00,-1.000000000000000000e+00,-1.000000000000000000e+00,-1.000000000000000000e+00,-1.000000000000000000e+00,-1.000000000000000000e+00,-1.000000000000000000e+00,-1.000000000000000000e+00,-1.000000000000000000e+00,-1.000000000000000000e+00,-1.000000000000000000e+00,-1.000000000000000000e+00,-1.000000000000000000e+00,-1.000000000000000000e+00,-1.000000000000000000e+00,-1.378110617226294687e+00,-1.378119344903596000e+00,-1.378143016119794506e+00,-1.378172906798192265e+00,-1.378190112134329182e+00,-1.378157465064762111e+00,-1.378004899138352668e+00,-1.377604301421032407e+00,-1.376728041393023405e+00,-1.374983186261862445e+00,-1.371711369576171791e+00,-1.365843166149876886e+00,-1.355697059724798148e+00,-1.338718694779806428e+00,-1.311168674746290286e+00,-1.267789625043769908e+00,-1.201518828473068012e+00,-1.103366104960998406e+00,-9.626574857497166571e-01,-7.679759297582583466e-01,-5.093537415563800241e-01,-1.826378682710825263e-01,2.026014505798507948e-01,6.104011659351258334e-01,9.637030716821410881e-01,1.150241261958178551e+00,1.150240996125934334e+00,9.637023141219509537e-01,6.104000231173973834e-01,2.026000534170886436e-01,-1.826393981974325786e-01,-5.093553106469659308e-01,-7.679774785436834783e-01,-9.626589866860171263e-01,-1.103367554593517097e+00,-1.201520237810298042e+00,-1.267791011596777873e+00,-1.311170057138645983e+00,-1.338720090095131710e+00,-1.355698481498813113e+00,-1.365844623933974100e+00,-1.371712869366201293e+00,-1.374984732193121451e+00,-1.376729636290503489e+00,-1.377605946071307486e+00,-1.378006590290300259e+00,-1.378159195079880828e+00,-1.378191871866015994e+00,-1.378174687886081884e+00,-1.378144812365344141e+00,-1.378121153527256837e+00,-1.378112429482005297e+00,-1.000000000000000000e+00,-1.000000000000000000e+00,-1.000000000000000000e+00,-1.000000000000000000e+00,-1.000000000000000000e+00,-1.000000000000000000e+00,-1.000000000000000000e+00,-1.000000000000000000e+00,-1.000000000000000000e+00,-1.000000000000000000e+00,-1.000000000000000000e+00,-1.000000000000000000e+00,-1.000000000000000000e+00,-1.000000000000000000e+00,-1.000000000000000000e+00,-1.000000000000000000e+00,-1.000000000000000000e+00,-1.000000000000000000e+00,-1.000000000000000000e+00,-1.000000000000000000e+00,-1.000000000000000000e+00,-1.000000000000000000e+00,-1.000000000000000000e+00,-1.000000000000000000e+00,-1.000000000000000000e+00,-1.000000000000000000e+00,-1.000000000000000000e+00,-1.000000000000000000e+00,-1.000000000000000000e+00,-1.000000000000000000e+00,-1.000000000000000000e+00,-1.000000000000000000e+00,-1.000000000000000000e+00,-1.000000000000000000e+00,-1.000000000000000000e+00,-1.000000000000000000e+00,-1.000000000000000000e+00,-1.000000000000000000e+00,-1.000000000000000000e+00,-1.000000000000000000e+00,-1.000000000000000000e+00,-1.000000000000000000e+00,-1.000000000000000000e+00,-1.000000000000000000e+00,-1.000000000000000000e+00,-1.000000000000000000e+00
-1.000000000000000000e+00,-1.000000000000000000e+00,-1.000000000000000000e+00,-1.000000000000000000e+00,-1.000000000000000000e+00,-1.000000000000000000e+00,-1.000000000000000000e+00,-1.000000000000000000e+00,-1.000000000000000000e+00,-1.000000000000000000e+00,-1.000000000000000000e+00,-1.000000000000000000e+00,-1.000000000000000000e+00,-1.000000000000000000e+00,-1.000000000000000000e+00,-1.000000000000000000e+00,-1.000000000000000000e+00,-1.000000000000000000e+00,-1.000000000000000000e+00,-1.000000000000000000e+00,-1.000000000000000000e+00,-1.000000000000000000e+00,-1.000000000000000000e+00,-1.000000000000000000e+00,-1.000000000000000000e+00,-1.000000000000000000e+00,-1.000000000000000000e+00,-1.000000000000000000e+00,-1.000000000000000000e+00,-1.000000000000000000e+00,-1.000000000000000000e+00,-1.000000000000000000e+00,-1.000000000000000000e+00,-1.000000000000000000e+00,-1.000000000000000000e+00,-1.000000000000000000e+00,-1.000000000000000000e+00,-1.000000000000000000e+00,-1.000000000000000000e+00,-1.000000000000000000e+00,-1.000000000000000000e+00,-1.000000000000000000e+00,-1.000000000000000000e+00,-1.000000000000000000e+00,-1.000000000000000000e+00,-1.000000000000000000e+00,-1.378157087576019624e+00,-1.378165813952684005e+00,-1.378189481911653580e+00,-1.378219367322125910e+00,-1.378236563336920462e+00,-1.378203899916613295e+00,-1.378051305063840992e+00,-1.377650656873269153e+00,-1.376774309178291800e+00,-1.375029302447541291e+00,-1.371757226370896809e+00,-1.365888586688025264e+00,-1.355741762167687048e+00,-1.338762243967173360e+00,-1.311210422672408615e+00,-1.267828645306073421e+00,-1.201553856896072858e+00,-1.103395506666257297e+00,-9.626792787459820255e-01,-7.679879033899433827e-01,-5.093537081952428380e-01,-1.826240728672936520e-01,2.026297761844737533e-01,6.104431888839620957e-01,9.637558900892830849e-01,1.150299957989858068e+00,1.150299701923270135e+00,9.637551602072422785e-01,6.104420873898122046e-01,2.026284287096005166e-01,-1.826255497571118713e-01,-5.093552248500590185e-01,-7.679894029265982303e-01,-9.626807348491704941e-01,-1.103396915866845074e+00,-1.201555229349001497e+00,-1.267829997316433754e+00,-1.311211771988932240e+00,-1.338763607406894707e+00,-1.355743153579024973e+00,-1.365890016634553783e+00,-1.371758702090833726e+00,-1.375030829106000052e+00,-1.376775889047871626e+00,-1.377652288388792501e+00,-1.378052981797259768e+00,-1.378205612153961646e+00,-1.378238301984679559e+00,-1.378221125613742881e+00,-1.378191253459110088e+00,-1.378167595766786047e+00,-1.378158871070713332e+00,-1.000000000000000000e+00,-1.000000000000000000e+00,-1.000000000000000000e+00,-1.000000000000000000e+00,-1.000000000000000000e+00,-1.000000000000000000e+00,-1.000000000000000000e+00,-1.000000000000000000e+00,-1.000000000000000000e+00,-1.000000000000000000e+00,-1.000000000000000000e+00,-1.000000000000000000e+00,-1.000000000000000000e+00,-1.000000000000000000e+00,-1.000000000000000000e+00,-1.000000000000000000e+00,-1.000000000000000000e+00,-1.000000000000000000e+00,-1.000000000000000000e+00,-1.000000000000000000e+00,-1.000000000000000000e+00,-1.000000000000000000e+00,-1.000000000000000000e+00,-1.000000000000000000e+00,-1.000000000000000000e+00,-1.000000000000000000e+00,-1.000000000000000000e+00,-1.000000000000000000e+00,-1.000000000000000000e+00,-1.000000000000000000e+00,-1.000000000000000000e+00,-1.000000000000000000e+00,-1.000000000000000000e+00,-1.000000000000000000e+00,-1.000000000000000000e+00,-1.000000000000000000e+00,-1.000000000000000000e+00,-1.000000000000000000e+00,-1.000000000000000000e+00,-1.000000000000000000e+00,-1.000000000000000000e+00,-1.000000000000000000e+00,-1.000000000000000000e+00,-1.000000000000000000e+00,-1.000000000000000000e+00,-1.000000000000000000e+00
-1.000000000000000000e+00,-1.000000000000000000e+00,-1.000000000000000000e+00,-1.000000000000000000e+00,-1.000000000000000000e+00,-1.000000000000000000e+00,-1.000000000000000000e+00,-1.000000000000000000e+00,-1.000000000000000000e+00,-1.000000000000000000e+00,-1.000000000000000000e+00,-1.000000000000000000e+00,-1.000000000000000000e+00,-1.000000000000000000e+00,-1.000000000000000000e+00,-1.000000000000000000e+00,-1.000000000000000000e+00,-1.000000000000000000e+00,-1.000000000000000000e+00,-1.000000000000000000e+00,-1.000000000000000000e+00,-1.000000000000000000e+00,-1.000000000000000000e+00,-1.000000000000000000e+00,-1.000000000000000000e+00,-1.000000000000000000e+00,-1.000000000000000000e+00,-1.000000000000000000e+00,-1.000000000000000000e+00,-1.000000000000000000e+00,-1.000000000000000000e+00,-1.000000000000000000e+00,-1.000000000000000000e+00,-1.000000000000000000e+00,-1.000000000000000000e+00,-1.000000000000000000e+00,-1.000000000000000000e+00,-1.000000000000000000e+00,-1.000000000000000000e+00,-1.000000000000000000e+00,-1.000000000000000000e+00,-1.000000000000000000e+00,-1.000000000000000000e+00,-1.000000000000000000e+00,-1.000000000000000000e+00,-1.000000000000000000e+00,-1.378200898224044790e+00,-1.378209623286821728e+00,-1.378233287533892515e+00,-1.378263166974687648e+00,-1.378280353056170249e+00,-1.378247673140083451e+00,-1.378095049915132542e+00,-1.377694352762495855e+00,-1.376817920770356141e+00,-1.375072769245597071e+00,-1.371800446387457573e+00,-1.365931392197943461e+00,-1.355783885946756362e+00,-1.338803273753799372e+00,-1.311249744772566395e+00,-1.267865382018270370e+00,-1.201586809590839744e+00,-1.103423124277609135e+00,-9.626996801100590195e-01,-7.679989890640928074e-01,-5.093533980956423957e-01,-1.826106944911496388e-01,2.026569603049701573e-01,6.104833951884360843e-01,9.638063648045533949e-01,1.150356023017157447e+00,1.150355776001517505e+00,9.638056605007485622e-01,6.104823318001113552e-01,2.026556587075740712e-01,-1.826121221989657206e-01,-5.093548659245733523e-01,-7.680004425019451020e-01,-9.627010934765136696e-01,-1.103424493468570189e+00,-1.201588143996428437e+00,-1.267866697492610939e+00,-1.311251058991526053e+00,-1.338804603824777839e+00,-1.355785246491857166e+00,-1.365932795050217141e+00,-1.371801899648741330e+00,-1.375074277772920794e+00,-1.376819484446797359e+00,-1.377695966610495537e+00,-1.378096704788668303e+00,-1.378249358980500494e+00,-1.378282062288072929e+00,-1.378264894752109893e+00,-1.378235027079855124e+00,-1.378211370997083351e+00,-1.378202646177900226e+00,-1.000000000000000000e+00,-1.000000000000000000e+00,-1.000000000000000000e+00,-1.000000000000000000e+00,-1.000000000000000000e+00,-1.000000000000000000e+00,-1.000000000000000000e+00,-1.000000000000000000e+00,-1.000000000000000000e+00,-1.000000000000000000e+00,-1.000000000000000000e+00,-1.000000000000000000e+00,-1.000000000000000000e+00,-1.000000000000000000e+00,-1.000000000000000000e+00,-1.000000000000000000e+00,-1.000000000000000000e+00,-1.000000000000000000e+00,-1.000000000000000000e+00,-1.000000000000000000e+00,-1.000000000000000000e+00,-1.000000000000000000e+00,-1.000000000000000000e+00,-1.000000000000000000e+00,-1.000000000000000000e+00,-1.000000000000000000e+00,-1.000000000000000000e+00,-1.000000000000000000e+00,-1.000000000000000000e+00,-1.000000000000000000e+00,-1.000000000000000000e+00,-1.000000000000000000e+00,-1.000000000000000000e+00,-1.000000000000000000e+00,-1.000000000000000000e+00,-1.000000000000000000e+00,-1.000000000000000000e+00,-1.000000000000000000e+00,-1.000000000000000000e+00,-1.000000000000000000e+00,-1.000000000000000000e+00,-1.000000000000000000e+00,-1.000000000000000000e+00,-1.000000000000000000e+00,-1.000000000000000000e+00,-1.000000000000000000e+00
-1.000000000000000000e+00,-1.000000000000000000e+00,-1.000000000000000000e+00,-1.000000000000000000e+00,-1.000000000000000000e+00,-1.000000000000000000e+00,-1.000000000000000000e+00,-1.000000000000000000e+00,-1.000000000000000000e+00,-1.000000000000000000e+00,-1.000000000000000000e+00,-1.000000000000000000e+00,-1.000000000000000000e+00,-1.000000000000000000e+00,-1.000000000000000000e+00,-1.000000000000000000e+00,-1.000000000000000000e+00,-1.000000000000000000e+00,-1.000000000000000000e+00,-1.000000000000000000e+00,-1.000000000000000000e+00,-1.000000000000000000e+00,-1.000000000000000000e+00,-1.000000000000000000e+00,-1.000000000000000000e+00,-1.000000000000000000e+00,-1.000000000000000000e+00,-1.000000000000000000e+00,-1.000000000000000000e+00,-1.000000000000000000e+00,-1.000000000000000000e+00,-1.000000000000000000e+00,-1.000000000000000000e+00,-1.000000000000000000e+00,-1.000000000000000000e+00,-1.000000000000000000e+00,-1.000000000000000000e+00,-1.000000000000000000e+00,-1.000000000000000000e+00,-1.000000000000000000e+00,-1.000000000000000000e+00,-1.000000000000000000e+00,-1.000000000000000000e+00,-1.000000000000000000e+00,-1.000000000000000000e+00,-1.000000000000000000e+00,-1.378242077988424796e+00,-1.378250801937466852e+00,-1.378274462543765733e+00,-1.378304335756199039e+00,-1.378321511377912589e+00,-1.378288814555046038e+00,-1.378136163186284069e+00,-1.377735418365186870e+00,-1.376858905242797970e+00,-1.375113615447895121e+00,-1.371841058206543007e+00,-1.365971611470853775e+00,-1.355823460471547559e+00,-1.338841814392894181e+00,-1.311286672048165070e+00,-1.267899866932227226e+00,-1.201617719528994765e+00,-1.103448993046676874e+00,-9.627187286835483526e-01,-7.680092305024879273e-01,-5.093528615857469966e-01,-1.825977923374169087e-01,2.026829329365105181e-01,6.105217033390937242e-01,9.638544043045913501e-01,1.150409359957745181e+00,1.150409121093935116e+00,9.638537230548622770e-01,6.105206743671904857e-01,2.026816729263600791e-01,-1.825991751670436036e-01,-5.093542843646545748e-01,-7.680106406849394052e-01,-9.627201009992730762e-01,-1.103450322677965501e+00,-1.201619015286757630e+00,-1.267901144919688194e+00,-1.311287950854836959e+00,-1.338843112208080832e+00,-1.355824792986943805e+00,-1.365972991135336434e+00,-1.371842492492348020e+00,-1.375115106983878288e+00,-1.376860450377538791e+00,-1.377737009103978227e+00,-1.378137789294886062e+00,-1.378290467450211665e+00,-1.378323185730861766e+00,-1.378306028268448502e+00,-1.378276166115584456e+00,-1.378252512415794051e+00,-1.378243788473888065e+00,-1.000000000000000000e+00,-1.000000000000000000e+00,-1.000000000000000000e+00,-1.000000000000000000e+00,-1.000000000000000000e+00,-1.000000000000000000e+00,-1.000000000000000000e+00,-1.000000000000000000e+00,-1.000000000000000000e+00,-1.000000000000000000e+00,-1.000000000000000000e+00,-1.000000000000000000e+00,-1.000000000000000000e+00,-1.000000000000000000e+00,-1.000000000000000000e+00,-1.000000000000000000e+00,-1.000000000000000000e+00,-1.000000000000000000e+00,-1.000000000000000000e+00,-1.000000000000000000e+00,-1.000000000000000000e+00,-1.000000000000000000e+00,-1.000000000000000000e+00,-1.000000000000000000e+00,-1.000000000000000000e+00,-1.000000000000000000e+00,-1.000000000000000000e+00,-1.000000000000000000e+00,-1.000000000000000000e+00,-1.000000000000000000e+00,-1.000000000000000000e+00,-1.000000000000000000e+00,-1.000000000000000000e+00,-1.000000000000000000e+00,-1.000000000000000000e+00,-1.000000000000000000e+00,-1.000000000000000000e+00,-1.000000000000000000e+00,-1.000000000000000000e+00,-1.000000000000000000e+00,-1.000000000000000000e+00,-1.000000000000000000e+00,-1.000000000000000000e+00,-1.000000000000000000e+00,-1.000000000000000000e+00,-1.000000000000000000e+00
-1.000000000000000000e+00,-1.000000000000000000e+00,-1.000000000000000000e+00,-1.000000000000000000e+00,-1.000000000000000000e+00,-1.000000000000000000e+00,-1.000000000000000000e+00,-1.000000000000000000e+00,-1.000000000000000000e+00,-1.000000000000000000e+00,-1.000000000000000000e+00,-1.000000000000000000e+00,-1.000000000000000000e+00,-1.000000000000000000e+00,-1.000000000000000000e+00,-1.000000000000000000e+00,-1.000000000000000000e+00,-1.000000000000000000e+00,-1.000000000000000000e+00,-1.000000000000000000e+00,-1.000000000000000000e+00,-1.000000000000000000e+00,-1.000000000000000000e+00,-1.000000000000000000e+00,-1.000000000000000000e+00,-1.000000000000000000e+00,-1.000000000000000000e+00,-1.000000000000000000e+00,-1.000000000000000000e+00,-1.000000000000000000e+00,-1.000000000000000000e+00,-1.000000000000000000e+00,-1.000000000000000000e+00,-1.000000000000000000e+00,-1.000000000000000000e+00,-1.000000000000000000e+00,-1.000000000000000000e+00,-1.000000000000000000e+00,-1.000000000000000000e+00,-1.000000000000000000e+00,-1.000000000000000000e+00,-1.000000000000000000e+00,-1.000000000000000000e+00,-1.000000000000000000e+00,-1.000000000000000000e+00,-1.000000000000000000e+00,-1.378280651672183499e+00,-1.378289374638974163e+00,-1.378313031803264366e+00,-1.378342898940197570e+00,-1.378360064088354875e+00,-1.378327350326036260e+00,-1.378174671253701744e+00,-1.377773880217807667e+00,-1.376897289245096800e+00,-1.375151867661950078e+00,-1.371879088153752813e+00,-1.366009270646449947e+00,-1.355860511977493799e+00,-1.338877892439657824e+00,-1.311321231563459033e+00,-1.267932127916691964e+00,-1.201646616207485918e+00,-1.103473145195328575e+00,-9.627364602193121401e-01,-7.680186679294392915e-01,-5.093521450514284510e-01,-1.825854210368588193e-01,2.027076294249594568e-01,6.105580379594779394e-01,9.638999238853680485e-01,1.150459879023085108e+00,1.150459647392269247e+00,9.638992631816341028e-01,6.105570399205708654e-01,2.027064071918946997e-01,-1.825867625395269922e-01,-5.093535255368584203e-01,-7.680200364487645981e-01,-9.627377920663481303e-01,-1.103474435607629589e+00,-1.201647874139686989e+00,-1.267933370154683770e+00,-1.311322478063403185e+00,-1.338879162703745074e+00,-1.355861822155287610e+00,-1.366010632139406322e+00,-1.371880505846259757e+00,-1.375153340676989355e+00,-1.376898810862983158e+00,-1.377775441254343036e+00,-1.378176262488021830e+00,-1.378328965906565173e+00,-1.378361700879087826e+00,-1.378344554425010138e+00,-1.378314698748473566e+00,-1.378291048374466587e+00,-1.378282326226766275e+00,-1.000000000000000000e+00,-1.000000000000000000e+00,-1.000000000000000000e+00,-1.000000000000000000e+00,-1.000000000000000000e+00,-1.000000000000000000e+00,-1.000000000000000000e+00,-1.000000000000000000e+00,-1.000000000000000000e+00,-1.000000000000000000e+00,-1.000000000000000000e+00,-1.000000000000000000e+00,-1.000000000000000000e+00,-1.000000000000000000e+00,-1.000000000000000000e+00,-1.000000000000000000e+00,-1.000000000000000000e+00,-1.000000000000000000e+00,-1.000000000000000000e+00,-1.000000000000000000e+00,-1.000000000000000000e+00,-1.000000000000000000e+00,-1.000000000000000000e+00,-1.000000000000000000e+00,-1.000000000000000000e+00,-1.000000000000000000e+00,-1.000000000000000000e+00,-1.000000000000000000e+00,-1.000000000000000000e+00,-1.000000000000000000e+00,-1.000000000000000000e+00,-1.000000000000000000e+00,-1.000000000000000000e+00,-1.000000000000000000e+00,-1.000000000000000000e+00,-1.000000000000000000e+00,-1.000000000000000000e+00,-1.000000000000000000e+00,-1.000000000000000000e+00,-1.000000000000000000e+00,-1.000000000000000000e+00,-1.000000000000000000e+00,-1.000000000000000000e+00,-1.000000000000000000e+00,-1.000000000000000000e+00,-1.000000000000000000e+00
-1.000000000000000000e+00,-1.000000000000000000e+00,-1.000000000000000000e+00,-1.000000000000000000e+00,-1.000000000000000000e+00,-1.000000000000000000e+00,-1.000000000000000000e+00,-1.000000000000000000e+00,-1.000000000000000000e+00,-1.000000000000000000e+00,-1.000000000000000000e+00,-1.000000000000000000e+00,-1.000000000000000000e+00,-1.000000000000000000e+00,-1.000000000000000000e+00,-1.000000000000000000e+00,-1.000000000000000000e+00,-1.000000000000000000e+00,-1.000000000000000000e+00,-1.000000000000000000e+00,-1.000000000000000000e+00,-1.000000000000000000e+00,-1.000000000000000000e+00,-1.000000000000000000e+00,-1.000000000000000000e+00,-1.000000000000000000e+00,-1.000000000000000000e+00,-1.000000000000000000e+00,-1.000000000000000000e+00,-1.000000000000000000e+00,-1.000000000000000000e+00,-1.000000000000000000e+00,-1.000000000000000000e+00,-1.000000000000000000e+00,-1.000000000000000000e+00,-1.000000000000000000e+00,-1.000000000000000000e+00,-1.000000000000000000e+00,-1.000000000000000000e+00,-1.000000000000000000e+00,-1.000000000000000000e+00,-1.000000000000000000e+00,-1.000000000000000000e+00,-1.000000000000000000e+00,-1.000000000000000000e+00,-1.000000000000000000e+00,-1.378316641515191732e+00,-1.378325363455234598e+00,-1.378349017137122434e+00,-1.378378878283645470e+00,-1.378396033182581748e+00,-1.378363302896131515e+00,-1.378210597020594230e+00,-1.377809761668157051e+00,-1.376933096590098771e+00,-1.375187550194286512e+00,-1.371914560875130418e+00,-1.366044394502805126e+00,-1.355895065274732803e+00,-1.338911532558924478e+00,-1.311353447930191374e+00,-1.267962190168357539e+00,-1.201673526276389570e+00,-1.103495609571149894e+00,-9.627529067538663776e-01,-7.680273379923990840e-01,-5.093512912814962545e-01,-1.825736311476472418e-01,2.027309899744287325e-01,6.105923295022115393e-01,9.639428457061418598e-01,1.150507498043994659e+00,1.150507272872221431e+00,9.639422035022733315e-01,6.105913596877057259e-01,2.027298027013100246e-01,-1.825749338379628606e-01,-5.093526313793119709e-01,-7.680286660556321365e-01,-9.627541990267584060e-01,-1.103496862203629636e+00,-1.201674749230812411e+00,-1.267963401190640660e+00,-1.311354667894195192e+00,-1.338912781327633139e+00,-1.355896358091170484e+00,-1.366045740109400608e+00,-1.371915960524896727e+00,-1.375188999862480443e+00,-1.376934588374157720e+00,-1.377811287399960394e+00,-1.378212150021921989e+00,-1.378364880264037584e+00,-1.378397633196859040e+00,-1.378380498269836441e+00,-1.378350649926842975e+00,-1.378327003769808323e+00,-1.378318283853718018e+00,-1.000000000000000000e+00,-1.000000000000000000e+00,-1.000000000000000000e+00,-1.000000000000000000e+00,-1.000000000000000000e+00,-1.000000000000000000e+00,-1.000000000000000000e+00,-1.000000000000000000e+00,-1.000000000000000000e+00,-1.000000000000000000e+00,-1.000000000000000000e+00,-1.000000000000000000e+00,-1.000000000000000000e+00,-1.000000000000000000e+00,-1.000000000000000000e+00,-1.000000000000000000e+00,-1.000000000000000000e+00,-1.000000000000000000e+00,-1.000000000000000000e+00,-1.000000000000000000e+00,-1.000000000000000000e+00,-1.000000000000000000e+00,-1.000000000000000000e+00,-1.000000000000000000e+00,-1.000000000000000000e+00,-1.000000000000000000e+00,-1.000000000000000000e+00,-1.000000000000000000e+00,-1.000000000000000000e+00,-1.000000000000000000e+00,-1.000000000000000000e+00,-1.000000000000000000e+00,-1.000000000000000000e+00,-1.000000000000000000e+00,-1.000000000000000000e+00,-1.000000000000000000e+00,-1.000000000000000000e+00,-1.000000000000000000e+00,-1.000000000000000000e+00,-1.000000000000000000e+00,-1.000000000000000000e+00,-1.000000000000000000e+00,-1.000000000000000000e+00,-1.000000000000000000e+00,-1.000000000000000000e+00,-1.000000000000000000e+00
-1.000000000000000000e+00,-1.000000000000000000e+00,-1.000000000000000000e+00,-1.000000000000000000e+00,-1.000000000000000000e+00,-1.000000000000000000e+00,-1.000000000000000000e+00,-1.000000000000000000e+00,-1.000000000000000000e+00,-1.000000000000000000e+00,-1.000000000000000000e+00,-1.000000000000000000e+00,-1.000000000000000000e+00,-1.000000000000000000e+00,-1.000000000000000000e+00,-1.000000000000000000e+00,-1.000000000000000000e+00,-1.000000000000000000e+00,-1.000000000000000000e+00,-1.000000000000000000e+00,-1.000000000000000000e+00,-1.000000000000000000e+00,-1.000000000000000000e+00,-1.000000000000000000e+00,-1.000000000000000000e+00,-1.000000000000000000e+00,-1.000000000000000000e+00,-1.000000000000000000e+00,-1.000000000000000000e+00,-1.000000000000000000e+00,-1.000000000000000000e+00,-1.000000000000000000e+00,-1.000000000000000000e+00,-1.000000000000000000e+00,-1.000000000000000000e+00,-1.000000000000000000e+00,-1.000000000000000000e+00,-1.000000000000000000e+00,-1.000000000000000000e+00,-1.000000000000000000e+00,-1.000000000000000000e+00,-1.000000000000000000e+00,-1.000000000000000000e+00,-1.000000000000000000e+00,-1.000000000000000000e+00,-1.000000000000000000e+00,-1.378350067746854979e+00,-1.378358788590818396e+00,-1.378382438633671825e+00,-1.378412293645717490e+00,-1.378429438359529691e+00,-1.378396692010097180e+00,-1.378243960423225278e+00,-1.377843082980352296e+00,-1.376966347965667969e+00,-1.375220684333284149e+00,-1.371947498427119605e+00,-1.366077005696896274e+00,-1.355927143369779486e+00,-1.338942758020811308e+00,-1.311383344803655149e+00,-1.267990078035423185e+00,-1.201698474910638081e+00,-1.103516412541509562e+00,-9.627680970171920150e-01,-7.680352733154858225e-01,-5.093503384403799128e-01,-1.825624682106787855e-01,2.027529600000728127e-01,6.106245137720931471e-01,9.639830974711147693e-01,1.150552140611943663e+00,1.150551921506616448e+00,9.639824727947323701e-01,6.106235709951299828e-01,2.027518064691675725e-01,-1.825637332760423615e-01,-5.093516392640926593e-01,-7.680365621049028979e-01,-9.627693514677928555e-01,-1.103517630348537892e+00,-1.201699667482298617e+00,-1.267991264075635449e+00,-1.311384545043248417e+00,-1.338943990801486184e+00,-1.355928421433227893e+00,-1.366078334349701606e+00,-1.371948875827246006e+00,-1.375222105067583023e+00,-1.376967805070362427e+00,-1.377844570815312641e+00,-1.378245475367834816e+00,-1.378398233376578075e+00,-1.378431004712041830e+00,-1.378413881330365021e+00,-1.378384040738352745e+00,-1.378360399042924955e+00,-1.378351680944902125e+00,-1.000000000000000000e+00,-1.000000000000000000e+00,-1.000000000000000000e+00,-1.000000000000000000e+00,-1.000000000000000000e+00,-1.000000000000000000e+00,-1.000000000000000000e+00,-1.000000000000000000e+00,-1.000000000000000000e+00,-1.000000000000000000e+00,-1.000000000000000000e+00,-1.000000000000000000e+00,-1.000000000000000000e+00,-1.000000000000000000e+00,-1.000000000000000000e+00,-1.000000000000000000e+00,-1.000000000000000000e+00,-1.000000000000000000e+00,-1.000000000000000000e+00,-1.000000000000000000e+00,-1.000000000000000000e+00,-1.000000000000000000e+00,-1.000000000000000000e+00,-1.000000000000000000e+00,-1.000000000000000000e+00,-1.000000000000000000e+00,-1.000000000000000000e+00,-1.000000000000000000e+00,-1.000000000000000000e+00,-1.000000000000000000e+00,-1.000000000000000000e+00,-1.000000000000000000e+00,-1.000000000000000000e+00,-1.000000000000000000e+00,-1.000000000000000000e+00,-1.000000000000000000e+00,-1.000000000000000000e+00,-1.000000000000000000e+00,-1.000000000000000000e+00,-1.000000000000000000e+00,-1.000000000000000000e+00,-1.000000000000000000e+00,-1.000000000000000000e+00,-1.000000000000000000e+00,-1.000000000000000000e+00,-1.000000000000000000e+00
-1.000000000000000000e+00,-1.000000000000000000e+00,-1.000000000000000000e+00,-1.000000000000000000e+00,-1.000000000000000000e+00,-1.000000000000000000e+00,-1.000000000000000000e+00,-1.000000000000000000e+00,-1.000000000000000000e+00,-1.000000000000000000e+00,-1.000000000000000000e+00,-1.000000000000000000e+00,-1.000000000000000000e+00,-1.000000000000000000e+00,-1.000000000000000000e+00,-1.000000000000000000e+00,-1.000000000000000000e+00,-1.000000000000000000e+00,-1.000000000000000000e+00,-1.000000000000000000e+00,-1.000000000000000000e+00,-1.000000000000000000e+00,-1.000000000000000000e+00,-1.000000000000000000e+00,-1.000000000000000000e+00,-1.000000000000000000e+00,-1.000000000000000000e+00,-1.000000000000000000e+00,-1.000000000000000000e+00,-1.000000000000000000e+00,-1.000000000000000000e+00,-1.000000000000000000e+00,-1.000000000000000000e+00,-1.000000000000000000e+00,-1.000000000000000000e+00,-1.000000000000000000e+00,-1.000000000000000000e+00,-1.000000000000000000e+00,-1.000000000000000000e+00,-1.000000000000000000e+00,-1.000000000000000000e+00,-1.000000000000000000e+00,-1.000000000000000000e+00,-1.000000000000000000e+00,-1.000000000000000000e+00,-1.000000000000000000e+00,-1.378380948570666620e+00,-1.378389668367425047e+00,-1.378413314815042590e+00,-1.378443163639969438e+00,-1.378460298154953412e+00,-1.378427536050322200e+00,-1.378274779719311560e+00,-1.377873862455133436e+00,-1.376997061770304231e+00,-1.375251288649115500e+00,-1.371977919841991689e+00,-1.366107123808122825e+00,-1.355956766270164593e+00,-1.338971589777902871e+00,-1.311410944564190162e+00,-1.268015814876952252e+00,-1.201721486151769103e+00,-1.103535579397137090e+00,-9.627820583505791729e-01,-7.680425042931680046e-01,-5.093493213925568419e-01,-1.825519733131195643e-01,2.027734905678864052e-01,6.106545332612796084e-01,9.640206142003624468e-01,1.150593737758609514e+00,1.150593524414016855e+00,9.640200062650974289e-01,6.106536164647622389e-01,2.027723695791747716e-01,-1.825532020401763322e-01,-5.093505843199136462e-01,-7.680437555290362539e-01,-9.627832776506300982e-01,-1.103536766546689085e+00,-1.201722653852752787e+00,-1.268016981830426548e+00,-1.311412130036708756e+00,-1.338972809163126332e+00,-1.355958028690010586e+00,-1.366108431409134738e+00,-1.371979269739807883e+00,-1.375252676269706154e+00,-1.376998482468153373e+00,-1.377875313531100598e+00,-1.378276260084778215e+00,-1.378429045782723517e+00,-1.378461835023880200e+00,-1.378444722702919290e+00,-1.378414889804312482e+00,-1.378391252194686389e+00,-1.378382535148839461e+00,-1.000000000000000000e+00,-1.000000000000000000e+00,-1.000000000000000000e+00,-1.000000000000000000e+00,-1.000000000000000000e+00,-1.000000000000000000e+00,-1.000000000000000000e+00,-1.000000000000000000e+00,-1.000000000000000000e+00,-1.000000000000000000e+00,-1.000000000000000000e+00,-1.000000000000000000e+00,-1.000000000000000000e+00,-1.000000000000000000e+00,-1.000000000000000000e+00,-1.000000000000000000e+00,-1.000000000000000000e+00,-1.000000000000000000e+00,-1.000000000000000000e+00,-1.000000000000000000e+00,-1.000000000000000000e+00,-1.000000000000000000e+00,-1.000000000000000000e+00,-1.000000000000000000e+00,-1.000000000000000000e+00,-1.000000000000000000e+00,-1.000000000000000000e+00,-1.000000000000000000e+00,-1.000000000000000000e+00,-1.000000000000000000e+00,-1.000000000000000000e+00,-1.000000000000000000e+00,-1.000000000000000000e+00,-1.000000000000000000e+00,-1.000000000000000000e+00,-1.000000000000000000e+00,-1.000000000000000000e+00,-1.000000000000000000e+00,-1.000000000000000000e+00,-1.000000000000000000e+00,-1.000000000000000000e+00,-1.000000000000000000e+00,-1.000000000000000000e+00,-1.000000000000000000e+00,-1.000000000000000000e+00,-1.000000000000000000e+00
-1.000000000000000000e+00,-1.000000000000000000e+00,-1.000000000000000000e+00,-1.000000000000000000e+00,-1.000000000000000000e+00,-1.000000000000000000e+00,-1.000000000000000000e+00,-1.000000000000000000e+00,-1.000000000000000000e+00,-1.000000000000000000e+00,-1.000000000000000000e+00,-1.000000000000000000e+00,-1.000000000000000000e+00,-1.000000000000000000e+00,-1.000000000000000000e+00,-1.000000000000000000e+00,-1.000000000000000000e+00,-1.000000000000000000e+00,-1.000000000000000000e+00,-1.000000000000000000e+00,-1.000000000000000000e+00,-1.000000000000000000e+00,-1.000000000000000000e+00,-1.000000000000000000e+00,-1.000000000000000000e+00,-1.000000000000000000e+00,-1.000000000000000000e+00,-1.000000000000000000e+00,-1.000000000000000000e+00,-1.000000000000000000e+00,-1.000000000000000000e+00,-1.000000000000000000e+00,-1.000000000000000000e+00,-1.000000000000000000e+00,-1.000000000000000000e+00,-1.000000000000000000e+00,-1.000000000000000000e+00,-1.000000000000000000e+00,-1.000000000000000000e+00,-1.000000000000000000e+00,-1.000000000000000000e+00,-1.000000000000000000e+00,-1.000000000000000000e+00,-1.000000000000000000e+00,-1.000000000000000000e+00,-1.000000000000000000e+00,-1.378409300273843563e+00,-1.378418019133056394e+00,-1.378441662225484254e+00,-1.378471505142822906e+00,-1.378488629752514072e+00,-1.378455852350276345e+00,-1.378303072287191178e+00,-1.377902117554617778e+00,-1.377025255506254542e+00,-1.375279380478678481e+00,-1.372005842198303460e+00,-1.366134765878390889e+00,-1.355983951411405153e+00,-1.338998046076497861e+00,-1.311436266564881326e+00,-1.268039421369129949e+00,-1.201742582058063613e+00,-1.103553133536316455e+00,-9.627948159775651105e-01,-7.680490591112674181e-01,-5.093482726666540561e-01,-1.825421846594974529e-01,2.027925366083380698e-01,6.106823354257271408e-01,9.640553367939073137e-01,1.150632226970798477e+00,1.150632019398539985e+00,9.640547455879164840e-01,6.106814444867372238e-01,2.027914479650714252e-01,-1.825433773316748054e-01,-5.093494983854653935e-01,-7.680502744785564495e-01,-9.627960033242720650e-01,-1.103554294737645103e+00,-1.201743730396462428e+00,-1.268040574261206865e+00,-1.311437440460014869e+00,-1.338999252604113011e+00,-1.355985196030378814e+00,-1.366136048695097971e+00,-1.372007161335450753e+00,-1.375280733738887706e+00,-1.377026641116084527e+00,-1.377903535454826134e+00,-1.378304522894769679e+00,-1.378457334994976691e+00,-1.378490140739621728e+00,-1.378473038397933115e+00,-1.378443212585435118e+00,-1.378419578240050125e+00,-1.378410861931663733e+00,-1.000000000000000000e+00,-1.000000000000000000e+00,-1.000000000000000000e+00,-1.000000000000000000e+00,-1.000000000000000000e+00,-1.000000000000000000e+00,-1.000000000000000000e+00,-1.000000000000000000e+00,-1.000000000000000000e+00,-1.000000000000000000e+00,-1.000000000000000000e+00,-1.000000000000000000e+00,-1.000000000000000000e+00,-1.000000000000000000e+00,-1.000000000000000000e+00,-1.000000000000000000e+00,-1.000000000000000000e+00,-1.000000000000000000e+00,-1.000000000000000000e+00,-1.000000000000000000e+00,-1.000000000000000000e+00,-1.000000000000000000e+00,-1.000000000000000000e+00,-1.000000000000000000e+00,-1.000000000000000000e+00,-1.000000000000000000e+00,-1.000000000000000000e+00,-1.000000000000000000e+00,-1.000000000000000000e+00,-1.000000000000000000e+00,-1.000000000000000000e+00,-1.000000000000000000e+00,-1.000000000000000000e+00,-1.000000000000000000e+00,-1.000000000000000000e+00,-1.000000000000000000e+00,-1.000000000000000000e+00,-1.000000000000000000e+00,-1.000000000000000000e+00,-1.000000000000000000e+00,-1.000000000000000000e+00,-1.000000000000000000e+00,-1.000000000000000000e+00,-1.000000000000000000e+00,-1.000000000000000000e+00,-1.000000000000000000e+00
-1.000000000000000000e+00,-1.000000000000000000e+00,-1.000000000000000000e+00,-1.000000000000000000e+00,-1.000000000000000000e+00,-1.000000000000000000e+00,-1.000000000000000000e+00,-1.000000000000000000e+00,-1.000000000000000000e+00,-1.000000000000000000e+00,-1.000000000000000000e+00,-1.000000000000000000e+00,-1.000000000000000000e+00,-1.000000000000000000e+00,-1.000000000000000000e+00,-1.000000000000000000e+00,-1.000000000000000000e+00,-1.000000000000000000e+00,-1.000000000000000000e+00,-1.000000000000000000e+00,-1.000000000000000000e+00,-1.000000000000000000e+00,-1.000000000000000000e+00,-1.000000000000000000e+00,-1.000000000000000000e+00,-1.000000000000000000e+00,-1.000000000000000000e+00,-1.000000000000000000e+00,-1.000000000000000000e+00,-1.000000000000000000e+00,-1.000000000000000000e+00,-1.000000000000000000e+00,-1.000000000000000000e+00,-1.000000000000000000e+00,-1.000000000000000000e+00,-1.000000000000000000e+00,-1.000000000000000000e+00,-1.000000000000000000e+00,-1.000000000000000000e+00,-1.000000000000000000e+00,-1.000000000000000000e+00,-1.000000000000000000e+00,-1.000000000000000000e+00,-1.000000000000000000e+00,-1.000000000000000000e+00,-1.000000000000000000e+00,-1.378435137652753051e+00,-1.378443855621169778e+00,-1.378467495497035511e+00,-1.378497332881681414e+00,-1.378514448277177618e+00,-1.378481656470236905e+00,-1.378328854032868644e+00,-1.377927864379616230e+00,-1.377050945573940144e+00,-1.375304976454792882e+00,-1.372031281883641762e+00,-1.366159948208618857e+00,-1.356008715608999271e+00,-1.339022143838966006e+00,-1.311459327662921615e+00,-1.268060915047042325e+00,-1.201761781537983076e+00,-1.103569095615162476e+00,-9.628063927534834532e-01,-7.680549636688736026e-01,-5.093472222732311483e-01,-1.825331374013241525e-01,2.028100569718784829e-01,6.107078727904255988e-01,9.640872123969148610e-01,1.150667552761635015e+00,1.150667351413430683e+00,9.640866389597497754e-01,6.107070086762307337e-01,2.028090011904033485e-01,-1.825342942275334224e-01,-5.093484122353647559e-01,-7.680561463977639836e-01,-9.628075530952050487e-01,-1.103570236642457791e+00,-1.201762915751835914e+00,-1.268062057223338979e+00,-1.311460490483944863e+00,-1.339023335184169605e+00,-1.356009938760448286e+00,-1.366161203304122829e+00,-1.372032569075345654e+00,-1.375306296349655844e+00,-1.377052299358726417e+00,-1.377929253759322847e+00,-1.378330279621168053e+00,-1.378483115948298643e+00,-1.378515936580673396e+00,-1.378498843287430109e+00,-1.378469024002467958e+00,-1.378445392353566223e+00,-1.378436677508224628e+00,-1.000000000000000000e+00,-1.000000000000000000e+00,-1.000000000000000000e+00,-1.000000000000000000e+00,-1.000000000000000000e+00,-1.000000000000000000e+00,-1.000000000000000000e+00,-1.000000000000000000e+00,-1.000000000000000000e+00,-1.000000000000000000e+00,-1.000000000000000000e+00,-1.000000000000000000e+00,-1.000000000000000000e+00,-1.000000000000000000e+00,-1.000000000000000000e+00,-1.000000000000000000e+00,-1.000000000000000000e+00,-1.000000000000000000e+00,-1.000000000000000000e+00,-1.000000000000000000e+00,-1.000000000000000000e+00,-1.000000000000000000e+00,-1.000000000000000000e+00,-1.000000000000000000e+00,-1.000000000000000000e+00,-1.000000000000000000e+00,-1.000000000000000000e+00,-1.000000000000000000e+00,-1.000000000000000000e+00,-1.000000000000000000e+00,-1.000000000000000000e+00,-1.000000000000000000e+00,-1.000000000000000000e+00,-1.000000000000000000e+00,-1.000000000000000000e+00,-1.000000000000000000e+00,-1.000000000000000000e+00,-1.000000000000000000e+00,-1.000000000000000000e+00,-1.000000000000000000e+00,-1.000000000000000000e+00,-1.000000000000000000e+00,-1.000000000000000000e+00,-1.000000000000000000e+00,-1.000000000000000000e+00,-1.000000000000000000e+00
-1.000000000000000000e+00,-1.000000000000000000e+00,-1.000000000000000000e+00,-1.000000000000000000e+00,-1.000000000000000000e+00,-1.000000000000000000e+00,-1.000000000000000000e+00,-1.000000000000000000e+00,-1.000000000000000000e+00,-1.000000000000000000e+00,-1.000000000000000000e+00,-1.000000000000000000e+00,-1.000000000000000000e+00,-1.000000000000000000e+00,-1.000000000000000000e+00,-1.000000000000000000e+00,-1.000000000000000000e+00,-1.000000000000000000e+00,-1.000000000000000000e+00,-1.000000000000000000e+00,-1.000000000000000000e+00,-1.000000000000000000e+00,-1.000000000000000000e+00,-1.000000000000000000e+00,-1.000000000000000000e+00,-1.000000000000000000e+00,-1.000000000000000000e+00,-1.000000000000000000e+00,-1.000000000000000000e+00,-1.000000000000000000e+00,-1.000000000000000000e+00,-1.000000000000000000e+00,-1.000000000000000000e+00,-1.000000000000000000e+00,-1.000000000000000000e+00,-1.000000000000000000e+00,-1.000000000000000000e+00,-1.000000000000000000e+00,-1.000000000000000000e+00,-1.000000000000000000e+00,-1.000000000000000000e+00,-1.000000000000000000e+00,-1.000000000000000000e+00,-1.000000000000000000e+00,-1.000000000000000000e+00,-1.000000000000000000e+00,-1.378458474302093340e+00,-1.378467191392538815e+00,-1.378490827975879185e+00,-1.378520659920689617e+00,-1.378537766962087074e+00,-1.378504962154487146e+00,-1.378352139167141166e+00,-1.377951117086637645e+00,-1.377074146113406394e+00,-1.375328091158911636e+00,-1.372054254200291368e+00,-1.366182686730351037e+00,-1.356031075024582755e+00,-1.339043899418093320e+00,-1.311480144206193410e+00,-1.268080312059090664e+00,-1.201779100905552955e+00,-1.103583482947360306e+00,-9.628168079848441474e-01,-7.680602403237233311e-01,-5.093461967377745925e-01,-1.825248632564840934e-01,2.028260140662816458e-01,6.107311018682373138e-01,9.641161927296084677e-01,1.150699664616593676e+00,1.150699470495388788e+00,9.641156395314218752e-01,6.107302672651633291e-01,2.028249929339285273e-01,-1.825259842392573661e-01,-5.093473534479406872e-01,-7.680613955218194011e-01,-9.628179479725950118e-01,-1.103584609965741592e+00,-1.201780224728726365e+00,-1.268081443883789738e+00,-1.311481293329752829e+00,-1.339045071574978873e+00,-1.356032273432846491e+00,-1.366183913130630145e+00,-1.372055511130957584e+00,-1.375329381531783746e+00,-1.377075473345316325e+00,-1.377952483294255126e+00,-1.378353544077122628e+00,-1.378506401927219294e+00,-1.378539235748785785e+00,-1.378522150709649008e+00,-1.378492337092961151e+00,-1.378468707714855634e+00,-1.378459995015422823e+00,-1.000000000000000000e+00,-1.000000000000000000e+00,-1.000000000000000000e+00,-1.000000000000000000e+00,-1.000000000000000000e+00,-1.000000000000000000e+00,-1.000000000000000000e+00,-1.000000000000000000e+00,-1.000000000000000000e+00,-1.000000000000000000e+00,-1.000000000000000000e+00,-1.000000000000000000e+00,-1.000000000000000000e+00,-1.000000000000000000e+00,-1.000000000000000000e+00,-1.000000000000000000e+00,-1.000000000000000000e+00,-1.000000000000000000e+00,-1.000000000000000000e+00,-1.000000000000000000e+00,-1.000000000000000000e+00,-1.000000000000000000e+00,-1.000000000000000000e+00,-1.000000000000000000e+00,-1.000000000000000000e+00,-1.000000000000000000e+00,-1.000000000000000000e+00,-1.000000000000000000e+00,-1.000000000000000000e+00,-1.000000000000000000e+00,-1.000000000000000000e+00,-1.000000000000000000e+00,-1.000000000000000000e+00,-1.000000000000000000e+00,-1.000000000000000000e+00,-1.000000000000000000e+00,-1.000000000000000000e+00,-1.000000000000000000e+00,-1.000000000000000000e+00,-1.000000000000000000e+00,-1.000000000000000000e+00,-1.000000000000000000e+00,-1.000000000000000000e+00,-1.000000000000000000e+00,-1.000000000000000000e+00,-1.000000000000000000e+00
-1.000000000000000000e+00,-1.000000000000000000e+00,-1.000000000000000000e+00,-1.000000000000000000e+00,-1.000000000000000000e+00,-1.000000000000000000e+00,-1.000000000000000000e+00,-1.000000000000000000e+00,-1.000000000000000000e+00,-1.000000000000000000e+00,-1.000000000000000000e+00,-1.000000000000000000e+00,-1.000000000000000000e+00,-1.000000000000000000e+00,-1.000000000000000000e+00,-1.000000000000000000e+00,-1.000000000000000000e+00,-1.000000000000000000e+00,-1.000000000000000000e+00,-1.000000000000000000e+00,-1.000000000000000000e+00,-1.000000000000000000e+00,-1.000000000000000000e+00,-1.000000000000000000e+00,-1.000000000000000000e+00,-1.000000000000000000e+00,-1.000000000000000000e+00,-1.000000000000000000e+00,-1.000000000000000000e+00,-1.000000000000000000e+00,-1.000000000000000000e+00,-1.000000000000000000e+00,-1.000000000000000000e+00,-1.000000000000000000e+00,-1.000000000000000000e+00,-1.000000000000000000e+00,-1.000000000000000000e+00,-1.000000000000000000e+00,-1.000000000000000000e+00,-1.000000000000000000e+00,-1.000000000000000000e+00,-1.000000000000000000e+00,-1.000000000000000000e+00,-1.000000000000000000e+00,-1.000000000000000000e+00,-1.000000000000000000e+00,-1.378479322431124032e+00,-1.378488038788316938e+00,-1.378511672100398044e+00,-1.378541498326426140e+00,-1.378558597576503786e+00,-1.378525781405926409e+00,-1.378372940233558275e+00,-1.377971888393836775e+00,-1.377094869463109328e+00,-1.375348736886502277e+00,-1.372074772533539155e+00,-1.366202995852323632e+00,-1.356051044556678020e+00,-1.339063327970815509e+00,-1.311498731553039754e+00,-1.268097627969104968e+00,-1.201794556141419612e+00,-1.103596312291386772e+00,-9.628260795850376308e-01,-7.680649087531496999e-01,-5.093452185673480459e-01,-1.825173888477940043e-01,2.028403761327204347e-01,6.107519854219576327e-01,9.641422357824687150e-01,1.150728517801238304e+00,1.150728331594846221e+00,9.641417043778950369e-01,6.107511814995794097e-01,2.028393892418396405e-01,-1.825184767590657398e-01,-5.093463472463042319e-01,-7.680660431126878906e-01,-9.628272054146446157e-01,-1.103597428924740331e+00,-1.201795669553822110e+00,-1.268098746162018564e+00,-1.311499862054868570e+00,-1.339064476551179661e+00,-1.356052216147709100e+00,-1.366204194682629325e+00,-1.372076003467229244e+00,-1.375350004077053878e+00,-1.377096176474568834e+00,-1.377973236334927964e+00,-1.378374327963737045e+00,-1.378527204611741830e+00,-1.378560050055226860e+00,-1.378542972633382213e+00,-1.378513163787029594e+00,-1.378489536703376483e+00,-1.378480825249573716e+00,-1.000000000000000000e+00,-1.000000000000000000e+00,-1.000000000000000000e+00,-1.000000000000000000e+00,-1.000000000000000000e+00,-1.000000000000000000e+00,-1.000000000000000000e+00,-1.000000000000000000e+00,-1.000000000000000000e+00,-1.000000000000000000e+00,-1.000000000000000000e+00,-1.000000000000000000e+00,-1.000000000000000000e+00,-1.000000000000000000e+00,-1.000000000000000000e+00,-1.000000000000000000e+00,-1.000000000000000000e+00,-1.000000000000000000e+00,-1.000000000000000000e+00,-1.000000000000000000e+00,-1.000000000000000000e+00,-1.000000000000000000e+00,-1.000000000000000000e+00,-1.000000000000000000e+00,-1.000000000000000000e+00,-1.000000000000000000e+00,-1.000000000000000000e+00,-1.000000000000000000e+00,-1.000000000000000000e+00,-1.000000000000000000e+00,-1.000000000000000000e+00,-1.000000000000000000e+00,-1.000000000000000000e+00,-1.000000000000000000e+00,-1.000000000000000000e+00,-1.000000000000000000e+00,-1.000000000000000000e+00,-1.000000000000000000e+00,-1.000000000000000000e+00,-1.000000000000000000e+00,-1.000000000000000000e+00,-1.000000000000000000e+00,-1.000000000000000000e+00,-1.000000000000000000e+00,-1.000000000000000000e+00,-1.000000000000000000e+00
-1.000000000000000000e+00,-1.000000000000000000e+00,-1.000000000000000000e+00,-1.000000000000000000e+00,-1.000000000000000000e+00,-1.000000000000000000e+00,-1.000000000000000000e+00,-1.000000000000000000e+00,-1.000000000000000000e+00,-1.000000000000000000e+00,-1.000000000000000000e+00,-1.000000000000000000e+00,-1.000000000000000000e+00,-1.000000000000000000e+00,-1.000000000000000000e+00,-1.000000000000000000e+00,-1.000000000000000000e+00,-1.000000000000000000e+00,-1.000000000000000000e+00,-1.000000000000000000e+00,-1.000000000000000000e+00,-1.000000000000000000e+00,-1.000000000000000000e+00,-1.000000000000000000e+00,-1.000000000000000000e+00,-1.000000000000000000e+00,-1.000000000000000000e+00,-1.000000000000000000e+00,-1.000000000000000000e+00,-1.000000000000000000e+00,-1.000000000000000000e+00,-1.000000000000000000e+00,-1.000000000000000000e+00,-1.000000000000000000e+00,-1.000000000000000000e+00,-1.000000000000000000e+00,-1.000000000000000000e+00,-1.000000000000000000e+00,-1.000000000000000000e+00,-1.000000000000000000e+00,-1.000000000000000000e+00,-1.000000000000000000e+00,-1.000000000000000000e+00,-1.000000000000000000e+00,-1.000000000000000000e+00,-1.000000000000000000e+00,-1.378497692515955109e+00,-1.378506408503751945e+00,-1.378530039247060079e+00,-1.378559859783544672e+00,-1.378576951325460431e+00,-1.378544124740393562e+00,-1.378391267542014909e+00,-1.377990189318503145e+00,-1.377113127229129486e+00,-1.375366925161824572e+00,-1.372092848108456664e+00,-1.366220887063757106e+00,-1.356068636340821865e+00,-1.339080442304229512e+00,-1.311515103110371339e+00,-1.268112876770117303e+00,-1.201808161909553530e+00,-1.103607599155046692e+00,-9.628342241489035169e-01,-7.680689870668657715e-01,-5.093443081450527155e-01,-1.825107378176207273e-01,2.028531153861310443e-01,6.107704910792939312e-01,9.641653049272866927e-01,1.150754072866098543e+00,1.150753894323333526e+00,9.641647943421252087e-01,6.107697156122506854e-01,2.028521588037286438e-01,-1.825117982701979225e-01,-5.093454151701021226e-01,-7.680701059681480647e-01,-9.628353384109827884e-01,-1.103608704407291530e+00,-1.201809260942846791e+00,-1.268113976049663139e+00,-1.311516210396710402e+00,-1.339081565134499163e+00,-1.356069782258818357e+00,-1.366222062711456076e+00,-1.372094059707586577e+00,-1.375368176514183860e+00,-1.377114420468813050e+00,-1.377991524181961580e+00,-1.378392642456776063e+00,-1.378545535227785113e+00,-1.378578390594872971e+00,-1.378561319457864531e+00,-1.378531514221400522e+00,-1.378507889815187681e+00,-1.378499178779107659e+00,-1.000000000000000000e+00,-1.000000000000000000e+00,-1.000000000000000000e+00,-1.000000000000000000e+00,-1.000000000000000000e+00,-1.000000000000000000e+00,-1.000000000000000000e+00,-1.000000000000000000e+00,-1.000000000000000000e+00,-1.000000000000000000e+00,-1.000000000000000000e+00,-1.000000000000000000e+00,-1.000000000000000000e+00,-1.000000000000000000e+00,-1.000000000000000000e+00,-1.000000000000000000e+00,-1.000000000000000000e+00,-1.000000000000000000e+00,-1.000000000000000000e+00,-1.000000000000000000e+00,-1.000000000000000000e+00,-1.000000000000000000e+00,-1.000000000000000000e+00,-1.000000000000000000e+00,-1.000000000000000000e+00,-1.000000000000000000e+00,-1.000000000000000000e+00,-1.000000000000000000e+00,-1.000000000000000000e+00,-1.000000000000000000e+00,-1.000000000000000000e+00,-1.000000000000000000e+00,-1.000000000000000000e+00,-1.000000000000000000e+00,-1.000000000000000000e+00,-1.000000000000000000e+00,-1.000000000000000000e+00,-1.000000000000000000e+00,-1.000000000000000000e+00,-1.000000000000000000e+00,-1.000000000000000000e+00,-1.000000000000000000e+00,-1.000000000000000000e+00,-1.000000000000000000e+00,-1.000000000000000000e+00,-1.000000000000000000e+00
-1.000000000000000000e+00,-1.000000000000000000e+00,-1.000000000000000000e+00,-1.000000000000000000e+00,-1.000000000000000000e+00,-1.000000000000000000e+00,-1.000000000000000000e+00,-1.000000000000000000e+00,-1.000000000000000000e+00,-1.000000000000000000e+00,-1.000000000000000000e+00,-1.000000000000000000e+00,-1.000000000000000000e+00,-1.000000000000000000e+00,-1.000000000000000000e+00,-1.000000000000000000e+00,-1.000000000000000000e+00,-1.000000000000000000e+00,-1.000000000000000000e+00,-1.000000000000000000e+00,-1.000000000000000000e+00,-1.000000000000000000e+00,-1.000000000000000000e+00,-1.000000000000000000e+00,-1.000000000000000000e+00,-1.000000000000000000e+00,-1.000000000000000000e+00,-1.000000000000000000e+00,-1.000000000000000000e+00,-1.000000000000000000e+00,-1.000000000000000000e+00,-1.000000000000000000e+00,-1.000000000000000000e+00,-1.000000000000000000e+00,-1.000000000000000000e+00,-1.000000000000000000e+00,-1.000000000000000000e+00,-1.000000000000000000e+00,-1.000000000000000000e+00,-1.000000000000000000e+00,-1.000000000000000000e+00,-1.000000000000000000e+00,-1.000000000000000000e+00,-1.000000000000000000e+00,-1.000000000000000000e+00,-1.000000000000000000e+00,-1.378513593377617141e+00,-1.378522309210453489e+00,-1.378545938613520150e+00,-1.378575754698985412e+00,-1.378592839103105483e+00,-1.378560002253833794e+00,-1.378407130098681765e+00,-1.378006028832004182e+00,-1.377128929903386867e+00,-1.375382667737313547e+00,-1.372108492349659592e+00,-1.366236370868455507e+00,-1.356083860453535905e+00,-1.339095252695126970e+00,-1.311529269736704251e+00,-1.268126070044405029e+00,-1.201819930568128303e+00,-1.103617356833145546e+00,-9.628412562106472006e-01,-7.680724914017498239e-01,-5.093434836727459558e-01,-1.825049310498092492e-01,2.028642075994520066e-01,6.107865908388112608e-01,9.641853685395080920e-01,1.150776295619703404e+00,1.150776123356441971e+00,9.641848748181449658e-01,6.107858378654602571e-01,2.028632741232658798e-01,-1.825059712964036684e-01,-5.093445746248964623e-01,-7.680735971395208361e-01,-9.628423574211891767e-01,-1.103618446460446822e+00,-1.201821010202035245e+00,-1.268127146670499084e+00,-1.311530352848297554e+00,-1.339096352248511756e+00,-1.356084986164201922e+00,-1.366237530421664292e+00,-1.372109691541297583e+00,-1.375383909122059656e+00,-1.377130214539608932e+00,-1.378007355455696636e+00,-1.378408495861407790e+00,-1.378561401957154153e+00,-1.378594265682914655e+00,-1.378577199477510007e+00,-1.378547397062859670e+00,-1.378523774444658567e+00,-1.378515062926679580e+00,-1.000000000000000000e+00,-1.000000000000000000e+00,-1.000000000000000000e+00,-1.000000000000000000e+00,-1.000000000000000000e+00,-1.000000000000000000e+00,-1.000000000000000000e+00,-1.000000000000000000e+00,-1.000000000000000000e+00,-1.000000000000000000e+00,-1.000000000000000000e+00,-1.000000000000000000e+00,-1.000000000000000000e+00,-1.000000000000000000e+00,-1.000000000000000000e+00,-1.000000000000000000e+00,-1.000000000000000000e+00,-1.000000000000000000e+00,-1.000000000000000000e+00,-1.000000000000000000e+00,-1.000000000000000000e+00,-1.000000000000000000e+00,-1.000000000000000000e+00,-1.000000000000000000e+00,-1.000000000000000000e+00,-1.000000000000000000e+00,-1.000000000000000000e+00,-1.000000000000000000e+00,-1.000000000000000000e+00,-1.000000000000000000e+00,-1.000000000000000000e+00,-1.000000000000000000e+00,-1.000000000000000000e+00,-1.000000000000000000e+00,-1.000000000000000000e+00,-1.000000000000000000e+00,-1.000000000000000000e+00,-1.000000000000000000e+00,-1.000000000000000000e+00,-1.000000000000000000e+00,-1.000000000000000000e+00,-1.000000000000000000e+00,-1.000000000000000000e+00,-1.000000000000000000e+00,-1.000000000000000000e+00,-1.000000000000000000e+00
-1.000000000000000000e+00,-1.000000000000000000e+00,-1.000000000000000000e+00,-1.000000000000000000e+00,-1.000000000000000000e+00,-1.000000000000000000e+00,-1.000000000000000000e+00,-1.000000000000000000e+00,-1.000000000000000000e+00,-1.000000000000000000e+00,-1.000000000000000000e+00,-1.000000000000000000e+00,-1.000000000000000000e+00,-1.000000000000000000e+00,-1.000000000000000000e+00,-1.000000000000000000e+00,-1.000000000000000000e+00,-1.000000000000000000e+00,-1.000000000000000000e+00,-1.000000000000000000e+00,-1.000000000000000000e+00,-1.000000000000000000e+00,-1.000000000000000000e+00,-1.000000000000000000e+00,-1.000000000000000000e+00,-1.000000000000000000e+00,-1.000000000000000000e+00,-1.000000000000000000e+00,-1.000000000000000000e+00,-1.000000000000000000e+00,-1.000000000000000000e+00,-1.000000000000000000e+00,-1.000000000000000000e+00,-1.000000000000000000e+00,-1.000000000000000000e+00,-1.000000000000000000e+00,-1.000000000000000000e+00,-1.000000000000000000e+00,-1.000000000000000000e+00,-1.000000000000000000e+00,-1.000000000000000000e+00,-1.000000000000000000e+00,-1.000000000000000000e+00,-1.000000000000000000e+00,-1.000000000000000000e+00,-1.000000000000000000e+00,-1.378527033210634745e+00,-1.378535748506946934e+00,-1.378559377050303736e+00,-1.378589190371980466e+00,-1.378606269197831580e+00,-1.378573422909591839e+00,-1.378420536967063459e+00,-1.378019415366552147e+00,-1.377142285293820878e+00,-1.375395972965204328e+00,-1.372121714976419993e+00,-1.366249457830803316e+00,-1.356096727366677079e+00,-1.339107769110229995e+00,-1.311541241042732953e+00,-1.268137217373746850e+00,-1.201829872007739386e+00,-1.103625595975697538e+00,-9.628471877190457606e-01,-7.680754354650651816e-01,-5.093427610094150015e-01,-1.824999870254245815e-01,2.028736311661236691e-01,6.108002597018831192e-01,9.642023985071936920e-01,1.150795155844754891e+00,1.150794987661032831e+00,9.642019157079035896e-01,6.107995212740819913e-01,2.028727127376925843e-01,-1.825010133573481408e-01,-5.093438388414548434e-01,-7.680765271630057844e-01,-9.628482722761890766e-01,-1.103626665832428744e+00,-1.201830929638468604e+00,-1.268138271487880386e+00,-1.311542303008680799e+00,-1.339108850480589474e+00,-1.356097838594115590e+00,-1.366250606525910127e+00,-1.372122906155202937e+00,-1.375397208398644766e+00,-1.377143565191852659e+00,-1.378020737175861932e+00,-1.378421895806804631e+00,-1.378574812662393345e+00,-1.378607683041573662e+00,-1.378590620836760205e+00,-1.378560821448490126e+00,-1.378537199963900672e+00,-1.378528487279741421e+00,-1.000000000000000000e+00,-1.000000000000000000e+00,-1.000000000000000000e+00,-1.000000000000000000e+00,-1.000000000000000000e+00,-1.000000000000000000e+00,-1.000000000000000000e+00,-1.000000000000000000e+00,-1.000000000000000000e+00,-1.000000000000000000e+00,-1.000000000000000000e+00,-1.000000000000000000e+00,-1.000000000000000000e+00,-1.000000000000000000e+00,-1.000000000000000000e+00,-1.000000000000000000e+00,-1.000000000000000000e+00,-1.000000000000000000e+00,-1.000000000000000000e+00,-1.000000000000000000e+00,-1.000000000000000000e+00,-1.000000000000000000e+00,-1.000000000000000000e+00,-1.000000000000000000e+00,-1.000000000000000000e+00,-1.000000000000000000e+00,-1.000000000000000000e+00,-1.000000000000000000e+00,-1.000000000000000000e+00,-1.000000000000000000e+00,-1.000000000000000000e+00,-1.000000000000000000e+00,-1.000000000000000000e+00,-1.000000000000000000e+00,-1.000000000000000000e+00,-1.000000000000000000e+00,-1.000000000000000000e+00,-1.000000000000000000e+00,-1.000000000000000000e+00,-1.000000000000000000e+00,-1.000000000000000000e+00,-1.000000000000000000e+00,-1.000000000000000000e+00,-1.000000000000000000e+00,-1.000000000000000000e+00,-1.000000000000000000e+00
-1.000000000000000000e+00,-1.000000000000000000e+00,-1.000000000000000000e+00,-1.000000000000000000e+00,-1.000000000000000000e+00,-1.000000000000000000e+00,-1.000000000000000000e+00,-1.000000000000000000e+00,-1.000000000000000000e+00,-1.000000000000000000e+00,-1.000000000000000000e+00,-1.000000000000000000e+00,-1.000000000000000000e+00,-1.000000000000000000e+00,-1.000000000000000000e+00,-1.000000000000000000e+00,-1.000000000000000000e+00,-1.000000000000000000e+00,-1.000000000000000000e+00,-1.000000000000000000e+00,-1.000000000000000000e+00,-1.000000000000000000e+00,-1.000000000000000000e+00,-1.000000000000000000e+00,-1.000000000000000000e+00,-1.000000000000000000e+00,-1.000000000000000000e+00,-1.000000000000000000e+00,-1.000000000000000000e+00,-1.000000000000000000e+00,-1.000000000000000000e+00,-1.000000000000000000e+00,-1.000000000000000000e+00,-1.000000000000000000e+00,-1.000000000000000000e+00,-1.000000000000000000e+00,-1.000000000000000000e+00,-1.000000000000000000e+00,-1.000000000000000000e+00,-1.000000000000000000e+00,-1.000000000000000000e+00,-1.000000000000000000e+00,-1.000000000000000000e+00,-1.000000000000000000e+00,-1.000000000000000000e+00,-1.000000000000000000e+00,-1.378538020058706737e+00,-1.378546734279127994e+00,-1.378570361344747974e+00,-1.378600172351585051e+00,-1.378617246653057737e+00,-1.378584392817541859e+00,-1.378431495971642384e+00,-1.378030357733048161e+00,-1.377153201687733475e+00,-1.375406848122044945e+00,-1.372132522793942488e+00,-1.366260154874880506e+00,-1.356107244398980338e+00,-1.339117999335757814e+00,-1.311551025254010572e+00,-1.268146327355081038e+00,-1.201837995159729777e+00,-1.103632325919639889e+00,-9.628520286404594897e-01,-7.680778302232746935e-01,-5.093421526835615332e-01,-1.824959206145665425e-01,2.028813680712977519e-01,6.108114760795888554e-01,9.642163699837034141e-01,1.150810626709606765e+00,1.150810460110665012e+00,9.642158917304834986e-01,6.108107446674595487e-01,2.028804584506940234e-01,-1.824969365177695479e-01,-5.093432177452855703e-01,-7.680789059132725471e-01,-9.628530940616836231e-01,-1.103633374919767540e+00,-1.201839032196691193e+00,-1.268147362924759269e+00,-1.311552071911689321e+00,-1.339119069130228379e+00,-1.356108347240010392e+00,-1.366261297539699271e+00,-1.372133709398136725e+00,-1.375408079916430992e+00,-1.377154477815060618e+00,-1.378031674702165477e+00,-1.378432848275772615e+00,-1.378585774205595582e+00,-1.378618649576460520e+00,-1.378601590125063003e+00,-1.378571792690921338e+00,-1.378548171571772674e+00,-1.378539457882825836e+00,-1.000000000000000000e+00,-1.000000000000000000e+00,-1.000000000000000000e+00,-1.000000000000000000e+00,-1.000000000000000000e+00,-1.000000000000000000e+00,-1.000000000000000000e+00,-1.000000000000000000e+00,-1.000000000000000000e+00,-1.000000000000000000e+00,-1.000000000000000000e+00,-1.000000000000000000e+00,-1.000000000000000000e+00,-1.000000000000000000e+00,-1.000000000000000000e+00,-1.000000000000000000e+00,-1.000000000000000000e+00,-1.000000000000000000e+00,-1.000000000000000000e+00,-1.000000000000000000e+00,-1.000000000000000000e+00,-1.000000000000000000e+00,-1.000000000000000000e+00,-1.000000000000000000e+00,-1.000000000000000000e+00,-1.000000000000000000e+00,-1.000000000000000000e+00,-1.000000000000000000e+00,-1.000000000000000000e+00,-1.000000000000000000e+00,-1.000000000000000000e+00,-1.000000000000000000e+00,-1.000000000000000000e+00,-1.000000000000000000e+00,-1.000000000000000000e+00,-1.000000000000000000e+00,-1.000000000000000000e+00,-1.000000000000000000e+00,-1.000000000000000000e+00,-1.000000000000000000e+00,-1.000000000000000000e+00,-1.000000000000000000e+00,-1.000000000000000000e+00,-1.000000000000000000e+00,-1.000000000000000000e+00,-1.000000000000000000e+00
-1.000000000000000000e+00,-1.000000000000000000e+00,-1.000000000000000000e+00,-1.000000000000000000e+00,-1.000000000000000000e+00,-1.000000000000000000e+00,-1.000000000000000000e+00,-1.000000000000000000e+00,-1.000000000000000000e+00,-1.000000000000000000e+00,-1.000000000000000000e+00,-1.000000000000000000e+00,-1.000000000000000000e+00,-1.000000000000000000e+00,-1.000000000000000000e+00,-1.000000000000000000e+00,-1.000000000000000000e+00,-1.000000000000000000e+00,-1.000000000000000000e+00,-1.000000000000000000e+00,-1.000000000000000000e+00,-1.000000000000000000e+00,-1.000000000000000000e+00,-1.000000000000000000e+00,-1.000000000000000000e+00,-1.000000000000000000e+00,-1.000000000000000000e+00,-1.000000000000000000e+00,-1.000000000000000000e+00,-1.000000000000000000e+00,-1.000000000000000000e+00,-1.000000000000000000e+00,-1.000000000000000000e+00,-1.000000000000000000e+00,-1.000000000000000000e+00,-1.000000000000000000e+00,-1.000000000000000000e+00,-1.000000000000000000e+00,-1.000000000000000000e+00,-1.000000000000000000e+00,-1.000000000000000000e+00,-1.000000000000000000e+00,-1.000000000000000000e+00,-1.000000000000000000e+00,-1.000000000000000000e+00,-1.000000000000000000e+00,-1.378546560331346704e+00,-1.378555273494123767e+00,-1.378578898617764059e+00,-1.378608706850846577e+00,-1.378625776866681640e+00,-1.378592916691667725e+00,-1.378440011813780952e+00,-1.378038861691064820e+00,-1.377161685924878531e+00,-1.375415300072433844e+00,-1.372140922101184213e+00,-1.366268467979619539e+00,-1.356115417594186079e+00,-1.339125949600601384e+00,-1.311558628741063437e+00,-1.268153406477587897e+00,-1.201844306626748793e+00,-1.103637553386148884e+00,-9.628557859479108805e-01,-7.680796832681044961e-01,-5.093416675568527285e-01,-1.824927429015937852e-01,2.028874039150661002e-01,6.108202214489775184e-01,9.642272604148292015e-01,1.150822683094546939e+00,1.150822515305951477e+00,9.642267799174784049e-01,6.108194897703806969e-01,2.028864979569673377e-01,-1.824937506653040442e-01,-5.093427200855721315e-01,-7.680807426764973966e-01,-9.628568329510092116e-01,-1.103638584040718795e+00,-1.201845327227346827e+00,-1.268154428461558902e+00,-1.311559664774347933e+00,-1.339127011524060107e+00,-1.356116514621110047e+00,-1.366269606460376318e+00,-1.372142105642100374e+00,-1.375416529664631238e+00,-1.377162959622614702e+00,-1.378040175143268486e+00,-1.378441359168913749e+00,-1.378594291156840068e+00,-1.378627170222823883e+00,-1.378610114061350256e+00,-1.378580318481760436e+00,-1.378556697217975691e+00,-1.378547983641441155e+00,-1.000000000000000000e+00,-1.000000000000000000e+00,-1.000000000000000000e+00,-1.000000000000000000e+00,-1.000000000000000000e+00,-1.000000000000000000e+00,-1.000000000000000000e+00,-1.000000000000000000e+00,-1.000000000000000000e+00,-1.000000000000000000e+00,-1.000000000000000000e+00,-1.000000000000000000e+00,-1.000000000000000000e+00,-1.000000000000000000e+00,-1.000000000000000000e+00,-1.000000000000000000e+00,-1.000000000000000000e+00,-1.000000000000000000e+00,-1.000000000000000000e+00,-1.000000000000000000e+00,-1.000000000000000000e+00,-1.000000000000000000e+00,-1.000000000000000000e+00,-1.000000000000000000e+00,-1.000000000000000000e+00,-1.000000000000000000e+00,-1.000000000000000000e+00,-1.000000000000000000e+00,-1.000000000000000000e+00,-1.000000000000000000e+00,-1.000000000000000000e+00,-1.000000000000000000e+00,-1.000000000000000000e+00,-1.000000000000000000e+00,-1.000000000000000000e+00,-1.000000000000000000e+00,-1.000000000000000000e+00,-1.000000000000000000e+00,-1.000000000000000000e+00,-1.000000000000000000e+00,-1.000000000000000000e+00,-1.000000000000000000e+00,-1.000000000000000000e+00,-1.000000000000000000e+00,-1.000000000000000000e+00,-1.000000000000000000e+00
-1.000000000000000000e+00,-1.000000000000000000e+00,-1.000000000000000000e+00,-1.000000000000000000e+00,-1.000000000000000000e+00,-1.000000000000000000e+00,-1.000000000000000000e+00,-1.000000000000000000e+00,-1.000000000000000000e+00,-1.000000000000000000e+00,-1.000000000000000000e+00,-1.000000000000000000e+00,-1.000000000000000000e+00,-1.000000000000000000e+00,-1.000000000000000000e+00,-1.000000000000000000e+00,-1.000000000000000000e+00,-1.000000000000000000e+00,-1.000000000000000000e+00,-1.000000000000000000e+00,-1.000000000000000000e+00,-1.000000000000000000e+00,-1.000000000000000000e+00,-1.000000000000000000e+00,-1.000000000000000000e+00,-1.000000000000000000e+00,-1.000000000000000000e+00,-1.000000000000000000e+00,-1.000000000000000000e+00,-1.000000000000000000e+00,-1.000000000000000000e+00,-1.000000000000000000e+00,-1.000000000000000000e+00,-1.000000000000000000e+00,-1.000000000000000000e+00,-1.000000000000000000e+00,-1.000000000000000000e+00,-1.000000000000000000e+00,-1.000000000000000000e+00,-1.000000000000000000e+00,-1.000000000000000000e+00,-1.000000000000000000e+00,-1.000000000000000000e+00,-1.000000000000000000e+00,-1.000000000000000000e+00,-1.000000000000000000e+00,-1.378552657823919780e+00,-1.378561370269696829e+00,-1.378584993710965101e+00,-1.378614799192142248e+00,-1.378631866093944724e+00,-1.378599001298052018e+00,-1.378446090398228074e+00,-1.378044932006485146e+00,-1.377167742475628565e+00,-1.375421333423126002e+00,-1.372146917581717585e+00,-1.366274401965463348e+00,-1.356121252112004516e+00,-1.339131625489944355e+00,-1.311564057442918596e+00,-1.268158460883736183e+00,-1.201848812562539504e+00,-1.103641284364800024e+00,-9.628584654219454197e-01,-7.680810002921298896e-01,-5.093413115195886132e-01,-1.824904605672503788e-01,2.028917301960082575e-01,6.108264843358910401e-01,9.642350548725528991e-01,1.150831307512916624e+00,1.150831134908773201e+00,9.642345627818063036e-01,6.108257408108865860e-01,2.028908169616785440e-01,-1.824914691232365493e-01,-5.093423583490910289e-01,-7.680820486789665669e-01,-9.628594982058849006e-01,-1.103642299990697184e+00,-1.201849819087414506e+00,-1.268159470695284341e+00,-1.311565083525535247e+00,-1.339132680003521481e+00,-1.356122344233278376e+00,-1.366275538047153404e+00,-1.372148100341900712e+00,-1.375422562825343142e+00,-1.377169015456660706e+00,-1.378046243807273807e+00,-1.378447435233384422e+00,-1.378600371362801669e+00,-1.378633252763378447e+00,-1.378616198470047127e+00,-1.378586402767829622e+00,-1.378562780076169947e+00,-1.378554066513443033e+00,-1.000000000000000000e+00,-1.000000000000000000e+00,-1.000000000000000000e+00,-1.000000000000000000e+00,-1.000000000000000000e+00,-1.000000000000000000e+00,-1.000000000000000000e+00,-1.000000000000000000e+00,-1.000000000000000000e+00,-1.000000000000000000e+00,-1.000000000000000000e+00,-1.000000000000000000e+00,-1.000000000000000000e+00,-1.000000000000000000e+00,-1.000000000000000000e+00,-1.000000000000000000e+00,-1.000000000000000000e+00,-1.000000000000000000e+00,-1.000000000000000000e+00,-1.000000000000000000e+00,-1.000000000000000000e+00,-1.000000000000000000e+00,-1.000000000000000000e+00,-1.000000000000000000e+00,-1.000000000000000000e+00,-1.000000000000000000e+00,-1.000000000000000000e+00,-1.000000000000000000e+00,-1.000000000000000000e+00,-1.000000000000000000e+00,-1.000000000000000000e+00,-1.000000000000000000e+00,-1.000000000000000000e+00,-1.000000000000000000e+00,-1.000000000000000000e+00,-1.000000000000000000e+00,-1.000000000000000000e+00,-1.000000000000000000e+00,-1.000000000000000000e+00,-1.000000000000000000e+00,-1.000000000000000000e+00,-1.000000000000000000e+00,-1.000000000000000000e+00,-1.000000000000000000e+00,-1.000000000000000000e+00,-1.000000000000000000e+00
-1.000000000000000000e+00,-1.000000000000000000e+00,-1.000000000000000000e+00,-1.000000000000000000e+00,-1.000000000000000000e+00,-1.000000000000000000e+00,-1.000000000000000000e+00,-1.000000000000000000e+00,-1.000000000000000000e+00,-1.000000000000000000e+00,-1.000000000000000000e+00,-1.000000000000000000e+00,-1.000000000000000000e+00,-1.000000000000000000e+00,-1.000000000000000000e+00,-1.000000000000000000e+00,-1.000000000000000000e+00,-1.000000000000000000e+00,-1.000000000000000000e+00,-1.000000000000000000e+00,-1.000000000000000000e+00,-1.000000000000000000e+00,-1.000000000000000000e+00,-1.000000000000000000e+00,-1.000000000000000000e+00,-1.000000000000000000e+00,-1.000000000000000000e+00,-1.000000000000000000e+00,-1.000000000000000000e+00,-1.000000000000000000e+00,-1.000000000000000000e+00,-1.000000000000000000e+00,-1.000000000000000000e+00,-1.000000000000000000e+00,-1.000000000000000000e+00,-1.000000000000000000e+00,-1.000000000000000000e+00,-1.000000000000000000e+00,-1.000000000000000000e+00,-1.000000000000000000e+00,-1.000000000000000000e+00,-1.000000000000000000e+00,-1.000000000000000000e+00,-1.000000000000000000e+00,-1.000000000000000000e+00,-1.000000000000000000e+00,-1.378556314678479389e+00,-1.378565026770733670e+00,-1.378588649072190586e+00,-1.378618452822547358e+00,-1.378635518041466224e+00,-1.378602650390515105e+00,-1.378449735272433863e+00,-1.378048571870894579e+00,-1.377171374733055842e+00,-1.375424952338353268e+00,-1.372150514070891836e+00,-1.366277961891634751e+00,-1.356124752927782673e+00,-1.339135031852816127e+00,-1.311567316182656651e+00,-1.268161495499029456e+00,-1.201851518152517784e+00,-1.103643524553181487e+00,-9.628600736251293757e-01,-7.680817890190344555e-01,-5.093410934995314943e-01,-1.824890835942444278e-01,2.028943359968991000e-01,6.108302530616478432e-01,9.642397416792631848e-01,1.150836489885865177e+00,1.150836311737257756e+00,9.642392359501164023e-01,6.108294947810073428e-01,2.028934122952021912e-01,-1.824900958602576617e-01,-5.093421370836579420e-01,-7.680828285598904070e-01,-9.628610942663750061e-01,-1.103644527080408277e+00,-1.201852512280480401e+00,-1.268162494794322193e+00,-1.311568334385855517e+00,-1.339136081674153544e+00,-1.356125843280280518e+00,-1.366279098516539614e+00,-1.372151698215107185e+00,-1.375426182686247278e+00,-1.377172647989477028e+00,-1.378049883607292525e+00,-1.378451079081013386e+00,-1.378604016949315447e+00,-1.378636899556280770e+00,-1.378619845970251667e+00,-1.378590049365808090e+00,-1.378566427623003188e+00,-1.378557714932408640e+00,-1.000000000000000000e+00,-1.000000000000000000e+00,-1.000000000000000000e+00,-1.000000000000000000e+00,-1.000000000000000000e+00,-1.000000000000000000e+00,-1.000000000000000000e+00,-1.000000000000000000e+00,-1.000000000000000000e+00,-1.000000000000000000e+00,-1.000000000000000000e+00,-1.000000000000000000e+00,-1.000000000000000000e+00,-1.000000000000000000e+00,-1.000000000000000000e+00,-1.000000000000000000e+00,-1.000000000000000000e+00,-1.000000000000000000e+00,-1.000000000000000000e+00,-1.000000000000000000e+00,-1.000000000000000000e+00,-1.000000000000000000e+00,-1.000000000000000000e+00,-1.000000000000000000e+00,-1.000000000000000000e+00,-1.000000000000000000e+00,-1.000000000000000000e+00,-1.000000000000000000e+00,-1.000000000000000000e+00,-1.000000000000000000e+00,-1.000000000000000000e+00,-1.000000000000000000e+00,-1.000000000000000000e+00,-1.000000000000000000e+00,-1.000000000000000000e+00,-1.000000000000000000e+00,-1.000000000000000000e+00,-1.000000000000000000e+00,-1.000000000000000000e+00,-1.000000000000000000e+00,-1.000000000000000000e+00,-1.000000000000000000e+00,-1.000000000000000000e+00,-1.000000000000000000e+00,-1.000000000000000000e+00,-1.000000000000000000e+00
-1.000000000000000000e+00,-1.000000000000000000e+00,-1.000000000000000000e+00,-1.000000000000000000e+00,-1.000000000000000000e+00,-1.000000000000000000e+00,-1.000000000000000000e+00,-1.000000000000000000e+00,-1.000000000000000000e+00,-1.000000000000000000e+00,-1.000000000000000000e+00,-1.000000000000000000e+00,-1.000000000000000000e+00,-1.000000000000000000e+00,-1.000000000000000000e+00,-1.000000000000000000e+00,-1.000000000000000000e+00,-1.000000000000000000e+00,-1.000000000000000000e+00,-1.000000000000000000e+00,-1.000000000000000000e+00,-1.000000000000000000e+00,-1.000000000000000000e+00,-1.000000000000000000e+00,-1.000000000000000000e+00,-1.000000000000000000e+00,-1.000000000000000000e+00,-1.000000000000000000e+00,-1.000000000000000000e+00,-1.000000000000000000e+00,-1.000000000000000000e+00,-1.000000000000000000e+00,-1.000000000000000000e+00,-1.000000000000000000e+00,-1.000000000000000000e+00,-1.000000000000000000e+00,-1.000000000000000000e+00,-1.000000000000000000e+00,-1.000000000000000000e+00,-1.000000000000000000e+00,-1.000000000000000000e+00,-1.000000000000000000e+00,-1.000000000000000000e+00,-1.000000000000000000e+00,-1.000000000000000000e+00,-1.000000000000000000e+00,-1.378557532580020784e+00,-1.378566244909441352e+00,-1.378589867075107112e+00,-1.378619670309913392e+00,-1.378636735095547072e+00,-1.378603866348347529e+00,-1.378450948941660092e+00,-1.378049783200279155e+00,-1.377172583692273911e+00,-1.375426157311214315e+00,-1.372151711847778399e+00,-1.366279147621706436e+00,-1.356125919167882055e+00,-1.339136166942315853e+00,-1.311568402402110145e+00,-1.268162507183872689e+00,-1.201852420107871522e+00,-1.103644271213323869e+00,-9.628606093869953586e-01,-7.680820510409519519e-01,-5.093410188109739334e-01,-1.824886212870774349e-01,2.028952086115185516e-01,6.108315129516357356e-01,9.642413063057706513e-01,1.150838217983142453e+00,1.150838036444773671e+00,9.642407918218840468e-01,6.108307441151989980e-01,2.028942758615677189e-01,-1.824896389019098342e-01,-5.093420633443666024e-01,-7.680830878232927095e-01,-9.628616249553617612e-01,-1.103645267749243430e+00,-1.201853408441755588e+00,-1.268163502036721679e+00,-1.311569418292696021e+00,-1.339137216616144821e+00,-1.356127010532426347e+00,-1.366280285628141078e+00,-1.372152897810059669e+00,-1.375427390250501869e+00,-1.377173859832373060e+00,-1.378051096541656362e+00,-1.378452291362164406e+00,-1.378605228459436782e+00,-1.378638112271510119e+00,-1.378621061164380990e+00,-1.378591263941058909e+00,-1.378567641565859869e+00,-1.378558929210772277e+00,-1.000000000000000000e+00,-1.000000000000000000e+00,-1.000000000000000000e+00,-1.000000000000000000e+00,-1.000000000000000000e+00,-1.000000000000000000e+00,-1.000000000000000000e+00,-1.000000000000000000e+00,-1.000000000000000000e+00,-1.000000000000000000e+00,-1.000000000000000000e+00,-1.000000000000000000e+00,-1.000000000000000000e+00,-1.000000000000000000e+00,-1.000000000000000000e+00,-1.000000000000000000e+00,-1.000000000000000000e+00,-1.000000000000000000e+00,-1.000000000000000000e+00,-1.000000000000000000e+00,-1.000000000000000000e+00,-1.000000000000000000e+00,-1.000000000000000000e+00,-1.000000000000000000e+00,-1.000000000000000000e+00,-1.000000000000000000e+00,-1.000000000000000000e+00,-1.000000000000000000e+00,-1.000000000000000000e+00,-1.000000000000000000e+00,-1.000000000000000000e+00,-1.000000000000000000e+00,-1.000000000000000000e+00,-1.000000000000000000e+00,-1.000000000000000000e+00,-1.000000000000000000e+00,-1.000000000000000000e+00,-1.000000000000000000e+00,-1.000000000000000000e+00,-1.000000000000000000e+00,-1.000000000000000000e+00,-1.000000000000000000e+00,-1.000000000000000000e+00,-1.000000000000000000e+00,-1.000000000000000000e+00,-1.000000000000000000e+00
