-1.000000000000000000e+00,-1.000000000000000000e+00,-1.000000000000000000e+00,-1.000000000000000000e+00,-1.000000000000000000e+00,-1.000000000000000000e+00,-1.000000000000000000e+00,-1.000000000000000000e+00,-1.000000000000000000e+00,-1.000000000000000000e+00,-1.000000000000000000e+00,-1.000000000000000000e+00,-1.000000000000000000e+00,-1.000000000000000000e+00,-1.000000000000000000e+00,-1.000000000000000000e+00,-1.000000000000000000e+00,-1.000000000000000000e+00,-1.000000000000000000e+00,-1.000000000000000000e+00,-1.000000000000000000e+00,-1.000000000000000000e+00,-1.000000000000000000e+00,-1.000000000000000000e+00,-1.000000000000000000e+00,-1.000000000000000000e+00,-1.000000000000000000e+00,-1.000000000000000000e+00,-1.000000000000000000e+00,-1.000000000000000000e+00,-1.000000000000000000e+00,-1.000000000000000000e+00,-1.000000000000000000e+00,-1.000000000000000000e+00,-1.000000000000000000e+00,-1.000000000000000000e+00,-1.000000000000000000e+00,-1.000000000000000000e+00,-1.000000000000000000e+00,-1.000000000000000000e+00,-1.000000000000000000e+00,-1.000000000000000000e+00,-1.000000000000000000e+00,-1.000000000000000000e+00,-1.000000000000000000e+00,-1.000000000000000000e+00,-1.314905805920207449e+00,-1.314915100398733827e+00,-1.314940305967355894e+00,-1.314972104683532095e+00,-1.314990313190083082e+00,-1.314955263771042659e+00,-1.314792159839200947e+00,-1.314364249038381782e+00,-1.313428563724273523e+00,-1.311565701097205938e+00,-1.308072951505468096e+00,-1.301808874464439381e+00,-1.290978755827779434e+00,-1.272856345048090754e+00,-1.243450722376835627e+00,-1.197151095166580026e+00,-1.126420332131117696e+00,-1.021664972856705988e+00,-8.714957369916898067e-01,-6.637319488036601545e-01,-3.877415248830540229e-01,-3.909897938538853257e-02,3.719770942765403543e-01,8.071091440046131993e-01,1.184079590190063147e+00,1.383116307825706937e+00,1.383116131342227995e+00,1.184079082415560702e+00,8.071083647604706535e-01,3.719761227900251210e-01,-3.910006545947830592e-02,-3.877426636229203138e-01,-6.637330996634113189e-01,-8.714968791881313459e-01,-1.021666100639497587e+00,-1.126421449301356015e+00,-1.197152210557764995e+00,-1.243451846477827916e+00,-1.272857487540769439e+00,-1.290979923872947577e+00,-1.301810073280853741e+00,-1.308074182802410279e+00,-1.311566965676245644e+00,-1.313429860865967136e+00,-1.314365579095551961e+00,-1.314793524054960638e+00,-1.314956664562168864e+00,-1.314991748199786370e+00,-1.314973566053717624e+00,-1.314941791243160019e+00,-1.314916604161525671e+00,-1.314907316064611198e+00,-1.000000000000000000e+00,-1.000000000000000000e+00,-1.000000000000000000e+00,-1.000000000000000000e+00,-1.000000000000000000e+00,-1.000000000000000000e+00,-1.000000000000000000e+00,-1.000000000000000000e+00,-1.000000000000000000e+00,-1.000000000000000000e+00,-1.000000000000000000e+00,-1.000000000000000000e+00,-1.000000000000000000e+00,-1.000000000000000000e+00,-1.000000000000000000e+00,-1.000000000000000000e+00,-1.000000000000000000e+00,-1.000000000000000000e+00,-1.000000000000000000e+00,-1.000000000000000000e+00,-1.000000000000000000e+00,-1.000000000000000000e+00,-1.000000000000000000e+00,-1.000000000000000000e+00,-1.000000000000000000e+00,-1.000000000000000000e+00,-1.000000000000000000e+00,-1.000000000000000000e+00,-1.000000000000000000e+00,-1.000000000000000000e+00,-1.000000000000000000e+00,-1.000000000000000000e+00,-1.000000000000000000e+00,-1.000000000000000000e+00,-1.000000000000000000e+00,-1.000000000000000000e+00,-1.000000000000000000e+00,-1.000000000000000000e+00,-1.000000000000000000e+00,-1.000000000000000000e+00,-1.000000000000000000e+00,-1.000000000000000000e+00,-1.000000000000000000e+00,-1.000000000000000000e+00,-1.000000000000000000e+00,-1.000000000000000000e+00
-1.000000000000000000e+00,-1.000000000000000000e+00,-1.000000000000000000e+00,-1.000000000000000000e+00,-1.000000000000000000e+00,-1.000000000000000000e+00,-1.000000000000000000e+00,-1.000000000000000000e+00,-1.000000000000000000e+00,-1.000000000000000000e+00,-1.000000000000000000e+00,-1.000000000000000000e+00,-1.000000000000000000e+00,-1.000000000000000000e+00,-1.000000000000000000e+00,-1.000000000000000000e+00,-1.000000000000000000e+00,-1.000000000000000000e+00,-1.000000000000000000e+00,-1.000000000000000000e+00,-1.000000000000000000e+00,-1.000000000000000000e+00,-1.000000000000000000e+00,-1.000000000000000000e+00,-1.000000000000000000e+00,-1.000000000000000000e+00,-1.000000000000000000e+00,-1.000000000000000000e+00,-1.000000000000000000e+00,-1.000000000000000000e+00,-1.000000000000000000e+00,-1.000000000000000000e+00,-1.000000000000000000e+00,-1.000000000000000000e+00,-1.000000000000000000e+00,-1.000000000000000000e+00,-1.000000000000000000e+00,-1.000000000000000000e+00,-1.000000000000000000e+00,-1.000000000000000000e+00,-1.000000000000000000e+00,-1.000000000000000000e+00,-1.000000000000000000e+00,-1.000000000000000000e+00,-1.000000000000000000e+00,-1.000000000000000000e+00,-1.314904508713395037e+00,-1.314913803783422708e+00,-1.314939006810697197e+00,-1.314970807851778778e+00,-1.314989021257124913e+00,-1.314953969823879909e+00,-1.314790863088846518e+00,-1.314362952174935817e+00,-1.313427269753179694e+00,-1.311564413160202225e+00,-1.308071673285066350e+00,-1.301807610405466553e+00,-1.290977513425240808e+00,-1.272855136873435322e+00,-1.243449567833651459e+00,-1.197150021716446133e+00,-1.126419376450819243e+00,-1.021664182268898768e+00,-8.714951696567645456e-01,-6.637316704714240068e-01,-3.877416013900779612e-01,-3.909946441759060143e-02,3.719761755031056882e-01,8.071078135090874461e-01,1.184077932307045611e+00,1.383114469088100762e+00,1.383114287924234631e+00,1.184077412317401823e+00,8.071070190373239583e-01,3.719751899017920138e-01,-3.910056084514224040e-02,-3.877427457178043158e-01,-6.637328224947875999e-01,-8.714963094697184554e-01,-1.021665305232113186e+00,-1.126420487802099579e+00,-1.197151131987374439e+00,-1.243450688598292997e+00,-1.272856277780262335e+00,-1.290978681200840361e+00,-1.301808810277195416e+00,-1.308072907379712602e+00,-1.311565682538525790e+00,-1.313428572809747452e+00,-1.314364287814975940e+00,-1.314792230443001309e+00,-1.314955369076542979e+00,-1.314990451227711965e+00,-1.314972267812300366e+00,-1.314940492012130591e+00,-1.314915304234153259e+00,-1.314906015084611468e+00,-1.000000000000000000e+00,-1.000000000000000000e+00,-1.000000000000000000e+00,-1.000000000000000000e+00,-1.000000000000000000e+00,-1.000000000000000000e+00,-1.000000000000000000e+00,-1.000000000000000000e+00,-1.000000000000000000e+00,-1.000000000000000000e+00,-1.000000000000000000e+00,-1.000000000000000000e+00,-1.000000000000000000e+00,-1.000000000000000000e+00,-1.000000000000000000e+00,-1.000000000000000000e+00,-1.000000000000000000e+00,-1.000000000000000000e+00,-1.000000000000000000e+00,-1.000000000000000000e+00,-1.000000000000000000e+00,-1.000000000000000000e+00,-1.000000000000000000e+00,-1.000000000000000000e+00,-1.000000000000000000e+00,-1.000000000000000000e+00,-1.000000000000000000e+00,-1.000000000000000000e+00,-1.000000000000000000e+00,-1.000000000000000000e+00,-1.000000000000000000e+00,-1.000000000000000000e+00,-1.000000000000000000e+00,-1.000000000000000000e+00,-1.000000000000000000e+00,-1.000000000000000000e+00,-1.000000000000000000e+00,-1.000000000000000000e+00,-1.000000000000000000e+00,-1.000000000000000000e+00,-1.000000000000000000e+00,-1.000000000000000000e+00,-1.000000000000000000e+00,-1.000000000000000000e+00,-1.000000000000000000e+00,-1.000000000000000000e+00
-1.000000000000000000e+00,-1.000000000000000000e+00,-1.000000000000000000e+00,-1.000000000000000000e+00,-1.000000000000000000e+00,-1.000000000000000000e+00,-1.000000000000000000e+00,-1.000000000000000000e+00,-1.000000000000000000e+00,-1.000000000000000000e+00,-1.000000000000000000e+00,-1.000000000000000000e+00,-1.000000000000000000e+00,-1.000000000000000000e+00,-1.000000000000000000e+00,-1.000000000000000000e+00,-1.000000000000000000e+00,-1.000000000000000000e+00,-1.000000000000000000e+00,-1.000000000000000000e+00,-1.000000000000000000e+00,-1.000000000000000000e+00,-1.000000000000000000e+00,-1.000000000000000000e+00,-1.000000000000000000e+00,-1.000000000000000000e+00,-1.000000000000000000e+00,-1.000000000000000000e+00,-1.000000000000000000e+00,-1.000000000000000000e+00,-1.000000000000000000e+00,-1.000000000000000000e+00,-1.000000000000000000e+00,-1.000000000000000000e+00,-1.000000000000000000e+00,-1.000000000000000000e+00,-1.000000000000000000e+00,-1.000000000000000000e+00,-1.000000000000000000e+00,-1.000000000000000000e+00,-1.000000000000000000e+00,-1.000000000000000000e+00,-1.000000000000000000e+00,-1.000000000000000000e+00,-1.000000000000000000e+00,-1.000000000000000000e+00,-1.314900610454711405e+00,-1.314909909689901291e+00,-1.314935115541691069e+00,-1.314966913862934739e+00,-1.314985127114250751e+00,-1.314950075890311876e+00,-1.314786970835525759e+00,-1.314359065076744937e+00,-1.313423392104570375e+00,-1.311560550425937333e+00,-1.308067834994919076e+00,-1.301803812548182560e+00,-1.290973781301756329e+00,-1.272851508585778779e+00,-1.243446099633849888e+00,-1.197146794471298570e+00,-1.126416501260710135e+00,-1.021661803398409063e+00,-8.714934630307382690e-01,-6.637308337206835329e-01,-3.877418320719535627e-01,-3.910092355233507622e-02,3.719734129464429273e-01,8.071038148623728148e-01,1.184072952638850040e+00,1.383108951261425190e+00,1.383108762949416093e+00,1.184072414517353344e+00,8.071029991318647845e-01,3.719724093032317214e-01,-3.910203169135528789e-02,-3.877429813752996113e-01,-6.637319852920720020e-01,-8.714945988492490692e-01,-1.021662920713029221e+00,-1.126417606823850948e+00,-1.197147900122767394e+00,-1.243447217941283434e+00,-1.272852649982746165e+00,-1.290974952969519141e+00,-1.301805019485787973e+00,-1.308069078259348261e+00,-1.311561829818597813e+00,-1.313424705287369321e+00,-1.314360410887323694e+00,-1.314788347276777847e+00,-1.314951481494709196e+00,-1.314986560690254214e+00,-1.314968375115243449e+00,-1.314936597584566158e+00,-1.314911409249462260e+00,-1.314902118935213027e+00,-1.000000000000000000e+00,-1.000000000000000000e+00,-1.000000000000000000e+00,-1.000000000000000000e+00,-1.000000000000000000e+00,-1.000000000000000000e+00,-1.000000000000000000e+00,-1.000000000000000000e+00,-1.000000000000000000e+00,-1.000000000000000000e+00,-1.000000000000000000e+00,-1.000000000000000000e+00,-1.000000000000000000e+00,-1.000000000000000000e+00,-1.000000000000000000e+00,-1.000000000000000000e+00,-1.000000000000000000e+00,-1.000000000000000000e+00,-1.000000000000000000e+00,-1.000000000000000000e+00,-1.000000000000000000e+00,-1.000000000000000000e+00,-1.000000000000000000e+00,-1.000000000000000000e+00,-1.000000000000000000e+00,-1.000000000000000000e+00,-1.000000000000000000e+00,-1.000000000000000000e+00,-1.000000000000000000e+00,-1.000000000000000000e+00,-1.000000000000000000e+00,-1.000000000000000000e+00,-1.000000000000000000e+00,-1.000000000000000000e+00,-1.000000000000000000e+00,-1.000000000000000000e+00,-1.000000000000000000e+00,-1.000000000000000000e+00,-1.000000000000000000e+00,-1.000000000000000000e+00,-1.000000000000000000e+00,-1.000000000000000000e+00,-1.000000000000000000e+00,-1.000000000000000000e+00,-1.000000000000000000e+00,-1.000000000000000000e+00
-1.000000000000000000e+00,-1.000000000000000000e+00,-1.000000000000000000e+00,-1.000000000000000000e+00,-1.000000000000000000e+00,-1.000000000000000000e+00,-1.000000000000000000e+00,-1.000000000000000000e+00,-1.000000000000000000e+00,-1.000000000000000000e+00,-1.000000000000000000e+00,-1.000000000000000000e+00,-1.000000000000000000e+00,-1.000000000000000000e+00,-1.000000000000000000e+00,-1.000000000000000000e+00,-1.000000000000000000e+00,-1.000000000000000000e+00,-1.000000000000000000e+00,-1.000000000000000000e+00,-1.000000000000000000e+00,-1.000000000000000000e+00,-1.000000000000000000e+00,-1.000000000000000000e+00,-1.000000000000000000e+00,-1.000000000000000000e+00,-1.000000000000000000e+00,-1.000000000000000000e+00,-1.000000000000000000e+00,-1.000000000000000000e+00,-1.000000000000000000e+00,-1.000000000000000000e+00,-1.000000000000000000e+00,-1.000000000000000000e+00,-1.000000000000000000e+00,-1.000000000000000000e+00,-1.000000000000000000e+00,-1.000000000000000000e+00,-1.000000000000000000e+00,-1.000000000000000000e+00,-1.000000000000000000e+00,-1.000000000000000000e+00,-1.000000000000000000e+00,-1.000000000000000000e+00,-1.000000000000000000e+00,-1.000000000000000000e+00,-1.314894116364423882e+00,-1.314903414533432180e+00,-1.314928619571754886e+00,-1.314960418960769317e+00,-1.314978632866445230e+00,-1.314943584073900107e+00,-1.314780484558066620e+00,-1.314352587584008747e+00,-1.313416929372287933e+00,-1.311554112990745757e+00,-1.308061438974168933e+00,-1.301797483655428023e+00,-1.290967560371892420e+00,-1.272845459231986220e+00,-1.243440316333334739e+00,-1.197141412301207186e+00,-1.126411705499832827e+00,-1.021657834646956919e+00,-8.714906144148721889e-01,-6.637294344070414631e-01,-3.877422114807139719e-01,-3.910335114438567850e-02,3.719688110045202833e-01,8.070971502610282400e-01,1.184064651609856522e+00,1.383099754827126660e+00,1.383099558672604701e+00,1.184064093566864262e+00,8.070963109598210394e-01,3.719677869720525720e-01,-3.910447303898978433e-02,-3.877433670292869117e-01,-6.637305855015054323e-01,-8.714917451423810357e-01,-1.021658944819967552e+00,-1.126412803653170869e+00,-1.197142511286715783e+00,-1.243441429410719667e+00,-1.272846597517852674e+00,-1.290968731126341806e+00,-1.301798691679484365e+00,-1.308062685636911304e+00,-1.311555397989468297e+00,-1.313418249627574808e+00,-1.314353940670436316e+00,-1.314781867942943272e+00,-1.314944995869258060e+00,-1.314980070720987992e+00,-1.314961882069535237e+00,-1.314930101714696598e+00,-1.314904912710019413e+00,-1.314895623187912088e+00,-1.000000000000000000e+00,-1.000000000000000000e+00,-1.000000000000000000e+00,-1.000000000000000000e+00,-1.000000000000000000e+00,-1.000000000000000000e+00,-1.000000000000000000e+00,-1.000000000000000000e+00,-1.000000000000000000e+00,-1.000000000000000000e+00,-1.000000000000000000e+00,-1.000000000000000000e+00,-1.000000000000000000e+00,-1.000000000000000000e+00,-1.000000000000000000e+00,-1.000000000000000000e+00,-1.000000000000000000e+00,-1.000000000000000000e+00,-1.000000000000000000e+00,-1.000000000000000000e+00,-1.000000000000000000e+00,-1.000000000000000000e+00,-1.000000000000000000e+00,-1.000000000000000000e+00,-1.000000000000000000e+00,-1.000000000000000000e+00,-1.000000000000000000e+00,-1.000000000000000000e+00,-1.000000000000000000e+00,-1.000000000000000000e+00,-1.000000000000000000e+00,-1.000000000000000000e+00,-1.000000000000000000e+00,-1.000000000000000000e+00,-1.000000000000000000e+00,-1.000000000000000000e+00,-1.000000000000000000e+00,-1.000000000000000000e+00,-1.000000000000000000e+00,-1.000000000000000000e+00,-1.000000000000000000e+00,-1.000000000000000000e+00,-1.000000000000000000e+00,-1.000000000000000000e+00,-1.000000000000000000e+00,-1.000000000000000000e+00
-1.000000000000000000e+00,-1.000000000000000000e+00,-1.000000000000000000e+00,-1.000000000000000000e+00,-1.000000000000000000e+00,-1.000000000000000000e+00,-1.000000000000000000e+00,-1.000000000000000000e+00,-1.000000000000000000e+00,-1.000000000000000000e+00,-1.000000000000000000e+00,-1.000000000000000000e+00,-1.000000000000000000e+00,-1.000000000000000000e+00,-1.000000000000000000e+00,-1.000000000000000000e+00,-1.000000000000000000e+00,-1.000000000000000000e+00,-1.000000000000000000e+00,-1.000000000000000000e+00,-1.000000000000000000e+00,-1.000000000000000000e+00,-1.000000000000000000e+00,-1.000000000000000000e+00,-1.000000000000000000e+00,-1.000000000000000000e+00,-1.000000000000000000e+00,-1.000000000000000000e+00,-1.000000000000000000e+00,-1.000000000000000000e+00,-1.000000000000000000e+00,-1.000000000000000000e+00,-1.000000000000000000e+00,-1.000000000000000000e+00,-1.000000000000000000e+00,-1.000000000000000000e+00,-1.000000000000000000e+00,-1.000000000000000000e+00,-1.000000000000000000e+00,-1.000000000000000000e+00,-1.000000000000000000e+00,-1.000000000000000000e+00,-1.000000000000000000e+00,-1.000000000000000000e+00,-1.000000000000000000e+00,-1.000000000000000000e+00,-1.314885011538505344e+00,-1.314894310746509865e+00,-1.314919515998620447e+00,-1.314951318085184617e+00,-1.314969534259672557e+00,-1.314934489115167304e+00,-1.314771397129836039e+00,-1.314343512801621650e+00,-1.313407875082721610e+00,-1.311545093195567668e+00,-1.308052476124742514e+00,-1.301788614210163564e+00,-1.290958841728088613e+00,-1.272836980634784565e+00,-1.243432210806336036e+00,-1.197133869556272545e+00,-1.126404984632372042e+00,-1.021652271669379219e+00,-8.714866188661763990e-01,-6.637274666192614081e-01,-3.877427324728297542e-01,-3.910673871620751196e-02,3.719623795266113753e-01,8.070878315763267974e-01,1.184053044314760772e+00,1.383086898760991446e+00,1.383086696800922333e+00,1.184052471301523912e+00,8.070869739620181171e-01,3.719613387837910068e-01,-3.910787283839467499e-02,-3.877438944027287171e-01,-6.637286182464587903e-01,-8.714877461398834457e-01,-1.021653377274922558e+00,-1.126406079501188096e+00,-1.197134967893042301e+00,-1.243433326313186260e+00,-1.272838124316575836e+00,-1.290960019999649822e+00,-1.301789831182864843e+00,-1.308053733299941790e+00,-1.311546389962710002e+00,-1.313409207772302079e+00,-1.314344878109710901e+00,-1.314772792513552169e+00,-1.314935911335237018e+00,-1.314970979211268043e+00,-1.314952786401369700e+00,-1.314921002887968315e+00,-1.314895810878529581e+00,-1.314886521010900422e+00,-1.000000000000000000e+00,-1.000000000000000000e+00,-1.000000000000000000e+00,-1.000000000000000000e+00,-1.000000000000000000e+00,-1.000000000000000000e+00,-1.000000000000000000e+00,-1.000000000000000000e+00,-1.000000000000000000e+00,-1.000000000000000000e+00,-1.000000000000000000e+00,-1.000000000000000000e+00,-1.000000000000000000e+00,-1.000000000000000000e+00,-1.000000000000000000e+00,-1.000000000000000000e+00,-1.000000000000000000e+00,-1.000000000000000000e+00,-1.000000000000000000e+00,-1.000000000000000000e+00,-1.000000000000000000e+00,-1.000000000000000000e+00,-1.000000000000000000e+00,-1.000000000000000000e+00,-1.000000000000000000e+00,-1.000000000000000000e+00,-1.000000000000000000e+00,-1.000000000000000000e+00,-1.000000000000000000e+00,-1.000000000000000000e+00,-1.000000000000000000e+00,-1.000000000000000000e+00,-1.000000000000000000e+00,-1.000000000000000000e+00,-1.000000000000000000e+00,-1.000000000000000000e+00,-1.000000000000000000e+00,-1.000000000000000000e+00,-1.000000000000000000e+00,-1.000000000000000000e+00,-1.000000000000000000e+00,-1.000000000000000000e+00,-1.000000000000000000e+00,-1.000000000000000000e+00,-1.000000000000000000e+00,-1.000000000000000000e+00
-1.000000000000000000e+00,-1.000000000000000000e+00,-1.000000000000000000e+00,-1.000000000000000000e+00,-1.000000000000000000e+00,-1.000000000000000000e+00,-1.000000000000000000e+00,-1.000000000000000000e+00,-1.000000000000000000e+00,-1.000000000000000000e+00,-1.000000000000000000e+00,-1.000000000000000000e+00,-1.000000000000000000e+00,-1.000000000000000000e+00,-1.000000000000000000e+00,-1.000000000000000000e+00,-1.000000000000000000e+00,-1.000000000000000000e+00,-1.000000000000000000e+00,-1.000000000000000000e+00,-1.000000000000000000e+00,-1.000000000000000000e+00,-1.000000000000000000e+00,-1.000000000000000000e+00,-1.000000000000000000e+00,-1.000000000000000000e+00,-1.000000000000000000e+00,-1.000000000000000000e+00,-1.000000000000000000e+00,-1.000000000000000000e+00,-1.000000000000000000e+00,-1.000000000000000000e+00,-1.000000000000000000e+00,-1.000000000000000000e+00,-1.000000000000000000e+00,-1.000000000000000000e+00,-1.000000000000000000e+00,-1.000000000000000000e+00,-1.000000000000000000e+00,-1.000000000000000000e+00,-1.000000000000000000e+00,-1.000000000000000000e+00,-1.000000000000000000e+00,-1.000000000000000000e+00,-1.000000000000000000e+00,-1.000000000000000000e+00,-1.314873300082752827e+00,-1.314882598078893849e+00,-1.314907803278019482e+00,-1.314939607002959976e+00,-1.314957825805495473e+00,-1.314922786430323232e+00,-1.314759704223463999e+00,-1.314331836584146096e+00,-1.313396225833951103e+00,-1.311533488117496260e+00,-1.308040943607411632e+00,-1.301777201599086276e+00,-1.290947623787763510e+00,-1.272826072021937538e+00,-1.243421781563473383e+00,-1.197124162476722820e+00,-1.126396331823969810e+00,-1.021645104560725770e+00,-8.714814640212362740e-01,-6.637249168467305172e-01,-3.877433819083095923e-01,-3.911107429776961020e-02,3.719541295463524300e-01,8.070758700511977413e-01,1.184038143508274743e+00,1.383070397556663167e+00,1.383070192449806335e+00,1.184037561656783755e+00,8.070749995675359223e-01,3.719530738298943984e-01,-3.911222334192387962e-02,-3.877445562412104030e-01,-6.637260762948764548e-01,-8.714825942478413578e-01,-1.021646209804067507e+00,-1.126397425456424184e+00,-1.197125260764106081e+00,-1.243422899558479955e+00,-1.272827221602489400e+00,-1.290948811368510141e+00,-1.301778430514742402e+00,-1.308042214444833373e+00,-1.311534799347133795e+00,-1.313397573401706708e+00,-1.314333216635849011e+00,-1.314761114489642502e+00,-1.314924222639893614e+00,-1.314959281952508441e+00,-1.314941083832728896e+00,-1.314909298580759334e+00,-1.314884104064869330e+00,-1.314874812455100850e+00,-1.000000000000000000e+00,-1.000000000000000000e+00,-1.000000000000000000e+00,-1.000000000000000000e+00,-1.000000000000000000e+00,-1.000000000000000000e+00,-1.000000000000000000e+00,-1.000000000000000000e+00,-1.000000000000000000e+00,-1.000000000000000000e+00,-1.000000000000000000e+00,-1.000000000000000000e+00,-1.000000000000000000e+00,-1.000000000000000000e+00,-1.000000000000000000e+00,-1.000000000000000000e+00,-1.000000000000000000e+00,-1.000000000000000000e+00,-1.000000000000000000e+00,-1.000000000000000000e+00,-1.000000000000000000e+00,-1.000000000000000000e+00,-1.000000000000000000e+00,-1.000000000000000000e+00,-1.000000000000000000e+00,-1.000000000000000000e+00,-1.000000000000000000e+00,-1.000000000000000000e+00,-1.000000000000000000e+00,-1.000000000000000000e+00,-1.000000000000000000e+00,-1.000000000000000000e+00,-1.000000000000000000e+00,-1.000000000000000000e+00,-1.000000000000000000e+00,-1.000000000000000000e+00,-1.000000000000000000e+00,-1.000000000000000000e+00,-1.000000000000000000e+00,-1.000000000000000000e+00,-1.000000000000000000e+00,-1.000000000000000000e+00,-1.000000000000000000e+00,-1.000000000000000000e+00,-1.000000000000000000e+00,-1.000000000000000000e+00
-1.000000000000000000e+00,-1.000000000000000000e+00,-1.000000000000000000e+00,-1.000000000000000000e+00,-1.000000000000000000e+00,-1.000000000000000000e+00,-1.000000000000000000e+00,-1.000000000000000000e+00,-1.000000000000000000e+00,-1.000000000000000000e+00,-1.000000000000000000e+00,-1.000000000000000000e+00,-1.000000000000000000e+00,-1.000000000000000000e+00,-1.000000000000000000e+00,-1.000000000000000000e+00,-1.000000000000000000e+00,-1.000000000000000000e+00,-1.000000000000000000e+00,-1.000000000000000000e+00,-1.000000000000000000e+00,-1.000000000000000000e+00,-1.000000000000000000e+00,-1.000000000000000000e+00,-1.000000000000000000e+00,-1.000000000000000000e+00,-1.000000000000000000e+00,-1.000000000000000000e+00,-1.000000000000000000e+00,-1.000000000000000000e+00,-1.000000000000000000e+00,-1.000000000000000000e+00,-1.000000000000000000e+00,-1.000000000000000000e+00,-1.000000000000000000e+00,-1.000000000000000000e+00,-1.000000000000000000e+00,-1.000000000000000000e+00,-1.000000000000000000e+00,-1.000000000000000000e+00,-1.000000000000000000e+00,-1.000000000000000000e+00,-1.000000000000000000e+00,-1.000000000000000000e+00,-1.000000000000000000e+00,-1.000000000000000000e+00,-1.314858969065618055e+00,-1.314868266441842293e+00,-1.314893472998285073e+00,-1.314925278648582330e+00,-1.314943500734557125e+00,-1.314908468935724439e+00,-1.314745398252845421e+00,-1.314317550238633503e+00,-1.313381972555214938e+00,-1.311519289720381343e+00,-1.308026835240337915e+00,-1.301763240856464776e+00,-1.290933901768436920e+00,-1.272812728106508029e+00,-1.243409022140069320e+00,-1.197112282795326221e+00,-1.126385736892268064e+00,-1.021636321965748495e+00,-8.714751384532277712e-01,-6.637217742186325431e-01,-3.877441490731143858e-01,-3.911634564865607011e-02,3.719440769353710152e-01,8.070612863742843146e-01,1.184019974103632578e+00,1.383050278046278780e+00,1.383050071882134358e+00,1.184019388218698676e+00,8.070604071957907522e-01,3.719430072481755278e-01,-3.911751275539643302e-02,-3.877453428717632100e-01,-6.637229511914589652e-01,-8.714762816726128181e-01,-1.021637434878272632e+00,-1.126386834093470846e+00,-1.197113382696819883e+00,-1.243410142286235143e+00,-1.272813882776435479e+00,-1.290935098771765377e+00,-1.301764483288280427e+00,-1.308028122740384935e+00,-1.311520620012740057e+00,-1.313383340768775831e+00,-1.314318950400145125e+00,-1.314746826918826272e+00,-1.314909922420266719e+00,-1.314944973198162836e+00,-1.314926768119490497e+00,-1.314894979955986365e+00,-1.314869784100900052e+00,-1.314860491756872474e+00,-1.000000000000000000e+00,-1.000000000000000000e+00,-1.000000000000000000e+00,-1.000000000000000000e+00,-1.000000000000000000e+00,-1.000000000000000000e+00,-1.000000000000000000e+00,-1.000000000000000000e+00,-1.000000000000000000e+00,-1.000000000000000000e+00,-1.000000000000000000e+00,-1.000000000000000000e+00,-1.000000000000000000e+00,-1.000000000000000000e+00,-1.000000000000000000e+00,-1.000000000000000000e+00,-1.000000000000000000e+00,-1.000000000000000000e+00,-1.000000000000000000e+00,-1.000000000000000000e+00,-1.000000000000000000e+00,-1.000000000000000000e+00,-1.000000000000000000e+00,-1.000000000000000000e+00,-1.000000000000000000e+00,-1.000000000000000000e+00,-1.000000000000000000e+00,-1.000000000000000000e+00,-1.000000000000000000e+00,-1.000000000000000000e+00,-1.000000000000000000e+00,-1.000000000000000000e+00,-1.000000000000000000e+00,-1.000000000000000000e+00,-1.000000000000000000e+00,-1.000000000000000000e+00,-1.000000000000000000e+00,-1.000000000000000000e+00,-1.000000000000000000e+00,-1.000000000000000000e+00,-1.000000000000000000e+00,-1.000000000000000000e+00,-1.000000000000000000e+00,-1.000000000000000000e+00,-1.000000000000000000e+00,-1.000000000000000000e+00
-1.000000000000000000e+00,-1.000000000000000000e+00,-1.000000000000000000e+00,-1.000000000000000000e+00,-1.000000000000000000e+00,-1.000000000000000000e+00,-1.000000000000000000e+00,-1.000000000000000000e+00,-1.000000000000000000e+00,-1.000000000000000000e+00,-1.000000000000000000e+00,-1.000000000000000000e+00,-1.000000000000000000e+00,-1.000000000000000000e+00,-1.000000000000000000e+00,-1.000000000000000000e+00,-1.000000000000000000e+00,-1.000000000000000000e+00,-1.000000000000000000e+00,-1.000000000000000000e+00,-1.000000000000000000e+00,-1.000000000000000000e+00,-1.000000000000000000e+00,-1.000000000000000000e+00,-1.000000000000000000e+00,-1.000000000000000000e+00,-1.000000000000000000e+00,-1.000000000000000000e+00,-1.000000000000000000e+00,-1.000000000000000000e+00,-1.000000000000000000e+00,-1.000000000000000000e+00,-1.000000000000000000e+00,-1.000000000000000000e+00,-1.000000000000000000e+00,-1.000000000000000000e+00,-1.000000000000000000e+00,-1.000000000000000000e+00,-1.000000000000000000e+00,-1.000000000000000000e+00,-1.000000000000000000e+00,-1.000000000000000000e+00,-1.000000000000000000e+00,-1.000000000000000000e+00,-1.000000000000000000e+00,-1.000000000000000000e+00,-1.314842009380073229e+00,-1.314851305884018329e+00,-1.314876514084368120e+00,-1.314908322222799519e+00,-1.314926548848439181e+00,-1.314891526503353614e+00,-1.314728470742545730e+00,-1.314300647108741060e+00,-1.313365109523812357e+00,-1.311502492580168822e+00,-1.308010145963390602e+00,-1.301746726918307839e+00,-1.290917669327320771e+00,-1.272796940251058828e+00,-1.243393921621596565e+00,-1.197098218223490829e+00,-1.126373187307722512e+00,-1.021625912156997495e+00,-8.714676319520333614e-01,-6.637180297329845491e-01,-3.877450245754165969e-01,-3.912254049541752376e-02,3.719322391060562172e-01,8.070441037913578253e-01,1.183998563763991818e+00,1.383026569421252017e+00,1.383026363455130969e+00,1.183997976952131825e+00,8.070432193060992354e-01,3.719311577277848446e-01,-3.912372566656607820e-02,-3.877462412209256026e-01,-6.637192313672137800e-01,-8.714687978894511966e-01,-1.021627042732967672e+00,-1.126374296139542652e+00,-1.197099324749985705e+00,-1.243395045851440006e+00,-1.272798099419806261e+00,-1.290918873862232807e+00,-1.301747980964407025e+00,-1.308011449075369814e+00,-1.311503842286008137e+00,-1.313366500593386332e+00,-1.314302071411735939e+00,-1.314729922325035494e+00,-1.314893002335023153e+00,-1.314928044851851663e+00,-1.314909832894044728e+00,-1.314878039600883231e+00,-1.314852841327076360e+00,-1.314843548411409380e+00,-1.000000000000000000e+00,-1.000000000000000000e+00,-1.000000000000000000e+00,-1.000000000000000000e+00,-1.000000000000000000e+00,-1.000000000000000000e+00,-1.000000000000000000e+00,-1.000000000000000000e+00,-1.000000000000000000e+00,-1.000000000000000000e+00,-1.000000000000000000e+00,-1.000000000000000000e+00,-1.000000000000000000e+00,-1.000000000000000000e+00,-1.000000000000000000e+00,-1.000000000000000000e+00,-1.000000000000000000e+00,-1.000000000000000000e+00,-1.000000000000000000e+00,-1.000000000000000000e+00,-1.000000000000000000e+00,-1.000000000000000000e+00,-1.000000000000000000e+00,-1.000000000000000000e+00,-1.000000000000000000e+00,-1.000000000000000000e+00,-1.000000000000000000e+00,-1.000000000000000000e+00,-1.000000000000000000e+00,-1.000000000000000000e+00,-1.000000000000000000e+00,-1.000000000000000000e+00,-1.000000000000000000e+00,-1.000000000000000000e+00,-1.000000000000000000e+00,-1.000000000000000000e+00,-1.000000000000000000e+00,-1.000000000000000000e+00,-1.000000000000000000e+00,-1.000000000000000000e+00,-1.000000000000000000e+00,-1.000000000000000000e+00,-1.000000000000000000e+00,-1.000000000000000000e+00,-1.000000000000000000e+00,-1.000000000000000000e+00
-1.000000000000000000e+00,-1.000000000000000000e+00,-1.000000000000000000e+00,-1.000000000000000000e+00,-1.000000000000000000e+00,-1.000000000000000000e+00,-1.000000000000000000e+00,-1.000000000000000000e+00,-1.000000000000000000e+00,-1.000000000000000000e+00,-1.000000000000000000e+00,-1.000000000000000000e+00,-1.000000000000000000e+00,-1.000000000000000000e+00,-1.000000000000000000e+00,-1.000000000000000000e+00,-1.000000000000000000e+00,-1.000000000000000000e+00,-1.000000000000000000e+00,-1.000000000000000000e+00,-1.000000000000000000e+00,-1.000000000000000000e+00,-1.000000000000000000e+00,-1.000000000000000000e+00,-1.000000000000000000e+00,-1.000000000000000000e+00,-1.000000000000000000e+00,-1.000000000000000000e+00,-1.000000000000000000e+00,-1.000000000000000000e+00,-1.000000000000000000e+00,-1.000000000000000000e+00,-1.000000000000000000e+00,-1.000000000000000000e+00,-1.000000000000000000e+00,-1.000000000000000000e+00,-1.000000000000000000e+00,-1.000000000000000000e+00,-1.000000000000000000e+00,-1.000000000000000000e+00,-1.000000000000000000e+00,-1.000000000000000000e+00,-1.000000000000000000e+00,-1.000000000000000000e+00,-1.000000000000000000e+00,-1.000000000000000000e+00,-1.314822415041278836e+00,-1.314831711289185412e+00,-1.314856921017282243e+00,-1.314888732567509599e+00,-1.314906965572587128e+00,-1.314871954099248397e+00,-1.314708915966588343e+00,-1.314281121284554210e+00,-1.313345630930409014e+00,-1.311483090319752520e+00,-1.307990867726251949e+00,-1.301727649620450844e+00,-1.290898914259408947e+00,-1.272778694592410220e+00,-1.243376465234106609e+00,-1.197081954261912662e+00,-1.126358670027235886e+00,-1.021613863898528818e+00,-8.714589343344264494e-01,-6.637136724977403812e-01,-3.877459946528654111e-01,-3.912964034739063734e-02,3.719186402876788478e-01,8.070243520515072433e-01,1.183973946103158426e+00,1.382999306339245837e+00,1.382999100541184134e+00,1.183973358462288239e+00,8.070234627982817432e-01,3.719175482723779957e-01,-3.913084264363320131e-02,-3.877472347286849974e-01,-6.637149023629768108e-01,-8.714601299721742578e-01,-1.021615021541316226e+00,-1.126359800414946655e+00,-1.197083076023659931e+00,-1.243377599501702235e+00,-1.272779861010282287e+00,-1.290900126679414894e+00,-1.301728914628031308e+00,-1.307992185463162871e+00,-1.311484457751469490e+00,-1.313347042929148945e+00,-1.314282569896515263e+00,-1.314710392945484418e+00,-1.314873454764327487e+00,-1.314908487315044727e+00,-1.314890269155434721e+00,-1.314858470557918046e+00,-1.314833269075281086e+00,-1.314823974703575482e+00,-1.000000000000000000e+00,-1.000000000000000000e+00,-1.000000000000000000e+00,-1.000000000000000000e+00,-1.000000000000000000e+00,-1.000000000000000000e+00,-1.000000000000000000e+00,-1.000000000000000000e+00,-1.000000000000000000e+00,-1.000000000000000000e+00,-1.000000000000000000e+00,-1.000000000000000000e+00,-1.000000000000000000e+00,-1.000000000000000000e+00,-1.000000000000000000e+00,-1.000000000000000000e+00,-1.000000000000000000e+00,-1.000000000000000000e+00,-1.000000000000000000e+00,-1.000000000000000000e+00,-1.000000000000000000e+00,-1.000000000000000000e+00,-1.000000000000000000e+00,-1.000000000000000000e+00,-1.000000000000000000e+00,-1.000000000000000000e+00,-1.000000000000000000e+00,-1.000000000000000000e+00,-1.000000000000000000e+00,-1.000000000000000000e+00,-1.000000000000000000e+00,-1.000000000000000000e+00,-1.000000000000000000e+00,-1.000000000000000000e+00,-1.000000000000000000e+00,-1.000000000000000000e+00,-1.000000000000000000e+00,-1.000000000000000000e+00,-1.000000000000000000e+00,-1.000000000000000000e+00,-1.000000000000000000e+00,-1.000000000000000000e+00,-1.000000000000000000e+00,-1.000000000000000000e+00,-1.000000000000000000e+00,-1.000000000000000000e+00
-1.000000000000000000e+00,-1.000000000000000000e+00,-1.000000000000000000e+00,-1.000000000000000000e+00,-1.000000000000000000e+00,-1.000000000000000000e+00,-1.000000000000000000e+00,-1.000000000000000000e+00,-1.000000000000000000e+00,-1.000000000000000000e+00,-1.000000000000000000e+00,-1.000000000000000000e+00,-1.000000000000000000e+00,-1.000000000000000000e+00,-1.000000000000000000e+00,-1.000000000000000000e+00,-1.000000000000000000e+00,-1.000000000000000000e+00,-1.000000000000000000e+00,-1.000000000000000000e+00,-1.000000000000000000e+00,-1.000000000000000000e+00,-1.000000000000000000e+00,-1.000000000000000000e+00,-1.000000000000000000e+00,-1.000000000000000000e+00,-1.000000000000000000e+00,-1.000000000000000000e+00,-1.000000000000000000e+00,-1.000000000000000000e+00,-1.000000000000000000e+00,-1.000000000000000000e+00,-1.000000000000000000e+00,-1.000000000000000000e+00,-1.000000000000000000e+00,-1.000000000000000000e+00,-1.000000000000000000e+00,-1.000000000000000000e+00,-1.000000000000000000e+00,-1.000000000000000000e+00,-1.000000000000000000e+00,-1.000000000000000000e+00,-1.000000000000000000e+00,-1.000000000000000000e+00,-1.000000000000000000e+00,-1.000000000000000000e+00,-1.314800173623724255e+00,-1.314809470986514128e+00,-1.314834682350338513e+00,-1.314866498471265466e+00,-1.314884739683421566e+00,-1.314849741061322685e+00,-1.314686723530333889e+00,-1.314258962194090774e+00,-1.313323525901096023e+00,-1.311461071889997054e+00,-1.307968988737301608e+00,-1.301705995758429601e+00,-1.290877621929331198e+00,-1.272757975774936545e+00,-1.243356637930019382e+00,-1.197063477122008779e+00,-1.126342173140383096e+00,-1.021600166693504841e+00,-8.714490347856257424e-01,-6.637086890978298737e-01,-3.877470414870044513e-01,-3.913762222373606825e-02,3.719033086230294494e-01,8.070020640597219685e-01,1.183946157645676234e+00,1.382968526627643691e+00,1.382968320024564601e+00,1.183945566948081840e+00,8.070011680208932781e-01,3.719022051829092845e-01,-3.913884115013432918e-02,-3.877483040971918538e-01,-6.637099474550700595e-01,-8.714502631139176003e-01,-1.021601357820523637e+00,-1.126343334209630065e+00,-1.197064624155069090e+00,-1.243357790954645381e+00,-1.272759155067469727e+00,-1.290878844373135603e+00,-1.301707271499512819e+00,-1.307970320167778588e+00,-1.311462456196442528e+00,-1.313324957939690396e+00,-1.314260434869669814e+00,-1.314688227967711898e+00,-1.314851269846068371e+00,-1.314886289577564371e+00,-1.314868064496992117e+00,-1.314836261282622987e+00,-1.314811057469879252e+00,-1.314801761988131368e+00,-1.000000000000000000e+00,-1.000000000000000000e+00,-1.000000000000000000e+00,-1.000000000000000000e+00,-1.000000000000000000e+00,-1.000000000000000000e+00,-1.000000000000000000e+00,-1.000000000000000000e+00,-1.000000000000000000e+00,-1.000000000000000000e+00,-1.000000000000000000e+00,-1.000000000000000000e+00,-1.000000000000000000e+00,-1.000000000000000000e+00,-1.000000000000000000e+00,-1.000000000000000000e+00,-1.000000000000000000e+00,-1.000000000000000000e+00,-1.000000000000000000e+00,-1.000000000000000000e+00,-1.000000000000000000e+00,-1.000000000000000000e+00,-1.000000000000000000e+00,-1.000000000000000000e+00,-1.000000000000000000e+00,-1.000000000000000000e+00,-1.000000000000000000e+00,-1.000000000000000000e+00,-1.000000000000000000e+00,-1.000000000000000000e+00,-1.000000000000000000e+00,-1.000000000000000000e+00,-1.000000000000000000e+00,-1.000000000000000000e+00,-1.000000000000000000e+00,-1.000000000000000000e+00,-1.000000000000000000e+00,-1.000000000000000000e+00,-1.000000000000000000e+00,-1.000000000000000000e+00,-1.000000000000000000e+00,-1.000000000000000000e+00,-1.000000000000000000e+00,-1.000000000000000000e+00,-1.000000000000000000e+00,-1.000000000000000000e+00
-1.000000000000000000e+00,-1.000000000000000000e+00,-1.000000000000000000e+00,-1.000000000000000000e+00,-1.000000000000000000e+00,-1.000000000000000000e+00,-1.000000000000000000e+00,-1.000000000000000000e+00,-1.000000000000000000e+00,-1.000000000000000000e+00,-1.000000000000000000e+00,-1.000000000000000000e+00,-1.000000000000000000e+00,-1.000000000000000000e+00,-1.000000000000000000e+00,-1.000000000000000000e+00,-1.000000000000000000e+00,-1.000000000000000000e+00,-1.000000000000000000e+00,-1.000000000000000000e+00,-1.000000000000000000e+00,-1.000000000000000000e+00,-1.000000000000000000e+00,-1.000000000000000000e+00,-1.000000000000000000e+00,-1.000000000000000000e+00,-1.000000000000000000e+00,-1.000000000000000000e+00,-1.000000000000000000e+00,-1.000000000000000000e+00,-1.000000000000000000e+00,-1.000000000000000000e+00,-1.000000000000000000e+00,-1.000000000000000000e+00,-1.000000000000000000e+00,-1.000000000000000000e+00,-1.000000000000000000e+00,-1.000000000000000000e+00,-1.000000000000000000e+00,-1.000000000000000000e+00,-1.000000000000000000e+00,-1.000000000000000000e+00,-1.000000000000000000e+00,-1.000000000000000000e+00,-1.000000000000000000e+00,-1.000000000000000000e+00,-1.314775275967682511e+00,-1.314784574854128030e+00,-1.314809788713345196e+00,-1.314841610454394294e+00,-1.314859860887350740e+00,-1.314824876852260793e+00,-1.314661883051645885e+00,-1.314234159325279983e+00,-1.313298782798884012e+00,-1.311436424098652465e+00,-1.307944494396264368e+00,-1.301681749714840741e+00,-1.290853776296949418e+00,-1.272734768205736167e+00,-1.243334425511243735e+00,-1.197042774318552771e+00,-1.126323685254331686e+00,-1.021584808669966371e+00,-8.714379188892394934e-01,-6.637030607964035100e-01,-3.877481411885699281e-01,-3.914645719130882551e-02,3.718862776535429848e-01,8.069772775417034527e-01,1.183915239446041046e+00,1.382934272717725399e+00,1.382934063547939463e+00,1.183914641258528189e+00,8.069763695333331821e-01,3.718851584420148626e-01,-3.914769536861861798e-02,-3.877494269778346547e-01,-6.637043469862580203e-01,-8.714391796462221951e-01,-1.021586035373851065e+00,-1.126324882462667709e+00,-1.197043955065680620e+00,-1.243335607106389018e+00,-1.272735969191444605e+00,-1.290855014339128859e+00,-1.301683037932251263e+00,-1.307945838918138648e+00,-1.311437824331370239e+00,-1.313300234523688825e+00,-1.314235655834308902e+00,-1.314663415689067527e+00,-1.314826436233569318e+00,-1.314861440973197348e+00,-1.314843207162373240e+00,-1.314811398777906204e+00,-1.314786193026405314e+00,-1.314776897265956812e+00,-1.000000000000000000e+00,-1.000000000000000000e+00,-1.000000000000000000e+00,-1.000000000000000000e+00,-1.000000000000000000e+00,-1.000000000000000000e+00,-1.000000000000000000e+00,-1.000000000000000000e+00,-1.000000000000000000e+00,-1.000000000000000000e+00,-1.000000000000000000e+00,-1.000000000000000000e+00,-1.000000000000000000e+00,-1.000000000000000000e+00,-1.000000000000000000e+00,-1.000000000000000000e+00,-1.000000000000000000e+00,-1.000000000000000000e+00,-1.000000000000000000e+00,-1.000000000000000000e+00,-1.000000000000000000e+00,-1.000000000000000000e+00,-1.000000000000000000e+00,-1.000000000000000000e+00,-1.000000000000000000e+00,-1.000000000000000000e+00,-1.000000000000000000e+00,-1.000000000000000000e+00,-1.000000000000000000e+00,-1.000000000000000000e+00,-1.000000000000000000e+00,-1.000000000000000000e+00,-1.000000000000000000e+00,-1.000000000000000000e+00,-1.000000000000000000e+00,-1.000000000000000000e+00,-1.000000000000000000e+00,-1.000000000000000000e+00,-1.000000000000000000e+00,-1.000000000000000000e+00,-1.000000000000000000e+00,-1.000000000000000000e+00,-1.000000000000000000e+00,-1.000000000000000000e+00,-1.000000000000000000e+00,-1.000000000000000000e+00
-1.000000000000000000e+00,-1.000000000000000000e+00,-1.000000000000000000e+00,-1.000000000000000000e+00,-1.000000000000000000e+00,-1.000000000000000000e+00,-1.000000000000000000e+00,-1.000000000000000000e+00,-1.000000000000000000e+00,-1.000000000000000000e+00,-1.000000000000000000e+00,-1.000000000000000000e+00,-1.000000000000000000e+00,-1.000000000000000000e+00,-1.000000000000000000e+00,-1.000000000000000000e+00,-1.000000000000000000e+00,-1.000000000000000000e+00,-1.000000000000000000e+00,-1.000000000000000000e+00,-1.000000000000000000e+00,-1.000000000000000000e+00,-1.000000000000000000e+00,-1.000000000000000000e+00,-1.000000000000000000e+00,-1.000000000000000000e+00,-1.000000000000000000e+00,-1.000000000000000000e+00,-1.000000000000000000e+00,-1.000000000000000000e+00,-1.000000000000000000e+00,-1.000000000000000000e+00,-1.000000000000000000e+00,-1.000000000000000000e+00,-1.000000000000000000e+00,-1.000000000000000000e+00,-1.000000000000000000e+00,-1.000000000000000000e+00,-1.000000000000000000e+00,-1.000000000000000000e+00,-1.000000000000000000e+00,-1.000000000000000000e+00,-1.000000000000000000e+00,-1.000000000000000000e+00,-1.000000000000000000e+00,-1.000000000000000000e+00,-1.314747710377016654e+00,-1.314757009826186707e+00,-1.314782226962950773e+00,-1.314814055278285654e+00,-1.314832316138616841e+00,-1.314797348507640962e+00,-1.314634381431027510e+00,-1.314206699447924898e+00,-1.313271387801344892e+00,-1.311409131808337181e+00,-1.307917367996340952e+00,-1.301654893807696833e+00,-1.290827359885880377e+00,-1.272709055731980676e+00,-1.243309813740829828e+00,-1.197019833024981050e+00,-1.126303193405249647e+00,-1.021567774882469859e+00,-8.714255682593139429e-01,-6.636967649904627065e-01,-3.877492666410289335e-01,-3.915611349902392568e-02,3.718675838470570927e-01,8.069500336130717155e-01,1.183881236553685046e+00,1.382896591638738126e+00,1.382896377794182285e+00,1.183880625329261083e+00,8.069491064885889742e-01,3.718664418456529841e-01,-3.915737641664585045e-02,-3.877505784778839670e-01,-6.636980790296725941e-01,-8.714268597583196829e-01,-1.021569035911886081e+00,-1.126304427901812621e+00,-1.197021052010400544e+00,-1.243311031560888846e+00,-1.272710287635900883e+00,-1.290828621722184488e+00,-1.301656199517788881e+00,-1.307918727007126414e+00,-1.311410547204592270e+00,-1.313272858092475737e+00,-1.314208219218246265e+00,-1.314635942306260130e+00,-1.314798940221501233e+00,-1.314833929350186725e+00,-1.314815685719345817e+00,-1.314783871165593254e+00,-1.314758662756119634e+00,-1.314749366637602002e+00,-1.000000000000000000e+00,-1.000000000000000000e+00,-1.000000000000000000e+00,-1.000000000000000000e+00,-1.000000000000000000e+00,-1.000000000000000000e+00,-1.000000000000000000e+00,-1.000000000000000000e+00,-1.000000000000000000e+00,-1.000000000000000000e+00,-1.000000000000000000e+00,-1.000000000000000000e+00,-1.000000000000000000e+00,-1.000000000000000000e+00,-1.000000000000000000e+00,-1.000000000000000000e+00,-1.000000000000000000e+00,-1.000000000000000000e+00,-1.000000000000000000e+00,-1.000000000000000000e+00,-1.000000000000000000e+00,-1.000000000000000000e+00,-1.000000000000000000e+00,-1.000000000000000000e+00,-1.000000000000000000e+00,-1.000000000000000000e+00,-1.000000000000000000e+00,-1.000000000000000000e+00,-1.000000000000000000e+00,-1.000000000000000000e+00,-1.000000000000000000e+00,-1.000000000000000000e+00,-1.000000000000000000e+00,-1.000000000000000000e+00,-1.000000000000000000e+00,-1.000000000000000000e+00,-1.000000000000000000e+00,-1.000000000000000000e+00,-1.000000000000000000e+00,-1.000000000000000000e+00,-1.000000000000000000e+00,-1.000000000000000000e+00,-1.000000000000000000e+00,-1.000000000000000000e+00,-1.000000000000000000e+00,-1.000000000000000000e+00
-1.000000000000000000e+00,-1.000000000000000000e+00,-1.000000000000000000e+00,-1.000000000000000000e+00,-1.000000000000000000e+00,-1.000000000000000000e+00,-1.000000000000000000e+00,-1.000000000000000000e+00,-1.000000000000000000e+00,-1.000000000000000000e+00,-1.000000000000000000e+00,-1.000000000000000000e+00,-1.000000000000000000e+00,-1.000000000000000000e+00,-1.000000000000000000e+00,-1.000000000000000000e+00,-1.000000000000000000e+00,-1.000000000000000000e+00,-1.000000000000000000e+00,-1.000000000000000000e+00,-1.000000000000000000e+00,-1.000000000000000000e+00,-1.000000000000000000e+00,-1.000000000000000000e+00,-1.000000000000000000e+00,-1.000000000000000000e+00,-1.000000000000000000e+00,-1.000000000000000000e+00,-1.000000000000000000e+00,-1.000000000000000000e+00,-1.000000000000000000e+00,-1.000000000000000000e+00,-1.000000000000000000e+00,-1.000000000000000000e+00,-1.000000000000000000e+00,-1.000000000000000000e+00,-1.000000000000000000e+00,-1.000000000000000000e+00,-1.000000000000000000e+00,-1.000000000000000000e+00,-1.000000000000000000e+00,-1.000000000000000000e+00,-1.000000000000000000e+00,-1.000000000000000000e+00,-1.000000000000000000e+00,-1.000000000000000000e+00,-1.314717462625818678e+00,-1.314726762197037324e+00,-1.314751983571475824e+00,-1.314783819266009957e+00,-1.314802092063863226e+00,-1.314767142900349572e+00,-1.314604204746612437e+00,-1.314176567010582719e+00,-1.313241323643803860e+00,-1.311379176358280718e+00,-1.307887590183286264e+00,-1.301625409083503992e+00,-1.290798355357447580e+00,-1.272680823236883141e+00,-1.243282789224127605e+00,-1.196994640009016564e+00,-1.126280682602081695e+00,-1.021549047187447323e+00,-8.714119611249171449e-01,-6.636897762614484275e-01,-3.877503884545403512e-01,-3.916655701275217893e-02,3.718472669177090850e-01,8.069203779178795166e-01,1.183844199833135935e+00,1.382855537242843713e+00,1.382855316826640646e+00,1.183843570393559919e+00,8.069194245128099574e-01,3.718460943662822427e-01,-3.916785162915359386e-02,-3.877517311094634822e-01,-6.636911198994263072e-01,-8.714132823911574510e-01,-1.021550340190095163e+00,-1.126281952435892020e+00,-1.196995897333509307e+00,-1.243284046616330629e+00,-1.272682092842403856e+00,-1.290799649521397807e+00,-1.301626740045587205e+00,-1.307888969179565652e+00,-1.311380609727553770e+00,-1.313242812944470428e+00,-1.314178109219115376e+00,-1.314605792276758223e+00,-1.314768765986646271e+00,-1.314803739407932826e+00,-1.314785485740572524e+00,-1.314753664685527568e+00,-1.314728453009496256e+00,-1.314719156023253399e+00,-1.000000000000000000e+00,-1.000000000000000000e+00,-1.000000000000000000e+00,-1.000000000000000000e+00,-1.000000000000000000e+00,-1.000000000000000000e+00,-1.000000000000000000e+00,-1.000000000000000000e+00,-1.000000000000000000e+00,-1.000000000000000000e+00,-1.000000000000000000e+00,-1.000000000000000000e+00,-1.000000000000000000e+00,-1.000000000000000000e+00,-1.000000000000000000e+00,-1.000000000000000000e+00,-1.000000000000000000e+00,-1.000000000000000000e+00,-1.000000000000000000e+00,-1.000000000000000000e+00,-1.000000000000000000e+00,-1.000000000000000000e+00,-1.000000000000000000e+00,-1.000000000000000000e+00,-1.000000000000000000e+00,-1.000000000000000000e+00,-1.000000000000000000e+00,-1.000000000000000000e+00,-1.000000000000000000e+00,-1.000000000000000000e+00,-1.000000000000000000e+00,-1.000000000000000000e+00,-1.000000000000000000e+00,-1.000000000000000000e+00,-1.000000000000000000e+00,-1.000000000000000000e+00,-1.000000000000000000e+00,-1.000000000000000000e+00,-1.000000000000000000e+00,-1.000000000000000000e+00,-1.000000000000000000e+00,-1.000000000000000000e+00,-1.000000000000000000e+00,-1.000000000000000000e+00,-1.000000000000000000e+00,-1.000000000000000000e+00
-1.000000000000000000e+00,-1.000000000000000000e+00,-1.000000000000000000e+00,-1.000000000000000000e+00,-1.000000000000000000e+00,-1.000000000000000000e+00,-1.000000000000000000e+00,-1.000000000000000000e+00,-1.000000000000000000e+00,-1.000000000000000000e+00,-1.000000000000000000e+00,-1.000000000000000000e+00,-1.000000000000000000e+00,-1.000000000000000000e+00,-1.000000000000000000e+00,-1.000000000000000000e+00,-1.000000000000000000e+00,-1.000000000000000000e+00,-1.000000000000000000e+00,-1.000000000000000000e+00,-1.000000000000000000e+00,-1.000000000000000000e+00,-1.000000000000000000e+00,-1.000000000000000000e+00,-1.000000000000000000e+00,-1.000000000000000000e+00,-1.000000000000000000e+00,-1.000000000000000000e+00,-1.000000000000000000e+00,-1.000000000000000000e+00,-1.000000000000000000e+00,-1.000000000000000000e+00,-1.000000000000000000e+00,-1.000000000000000000e+00,-1.000000000000000000e+00,-1.000000000000000000e+00,-1.000000000000000000e+00,-1.000000000000000000e+00,-1.000000000000000000e+00,-1.000000000000000000e+00,-1.000000000000000000e+00,-1.000000000000000000e+00,-1.000000000000000000e+00,-1.000000000000000000e+00,-1.000000000000000000e+00,-1.000000000000000000e+00,-1.314684516215934629e+00,-1.314693816679731508e+00,-1.314719043343639537e+00,-1.314750887101409527e+00,-1.314769173091874910e+00,-1.314734244303717547e+00,-1.314571336799216894e+00,-1.314143744746276488e+00,-1.313208571897169552e+00,-1.311346538611620982e+00,-1.307855142019695549e+00,-1.301593277703678275e+00,-1.290766746376023955e+00,-1.272650055377814393e+00,-1.243253336261193276e+00,-1.196967177659226556e+00,-1.126256132242011709e+00,-1.021528601793489921e+00,-8.713970709027820671e-01,-6.636820654659278951e-01,-3.877514743965078114e-01,-3.917775113597854464e-02,3.718253692660000720e-01,8.068883594865521314e-01,1.183804184440429896e+00,1.382811168491507203e+00,1.382810940381124620e+00,1.183803533513960282e+00,8.068873747546778663e-01,3.718241599436629130e-01,-3.917908403112868587e-02,-3.877528538000751812e-01,-6.636834430318280242e-01,-8.713984241157817223e-01,-1.021529926819031431e+00,-1.126257435949732155e+00,-1.196968471599594741e+00,-1.243254633013179067e+00,-1.272651365564231529e+00,-1.290768079030754745e+00,-1.301594641717570777e+00,-1.307856547940335457e+00,-1.311347994546752993e+00,-1.313210081797189455e+00,-1.314145308629240949e+00,-1.314572949058104179e+00,-1.314735896902783585e+00,-1.314770854174862391e+00,-1.314752590273756239e+00,-1.314720762797342513e+00,-1.314695547884885629e+00,-1.314686250007565782e+00,-1.000000000000000000e+00,-1.000000000000000000e+00,-1.000000000000000000e+00,-1.000000000000000000e+00,-1.000000000000000000e+00,-1.000000000000000000e+00,-1.000000000000000000e+00,-1.000000000000000000e+00,-1.000000000000000000e+00,-1.000000000000000000e+00,-1.000000000000000000e+00,-1.000000000000000000e+00,-1.000000000000000000e+00,-1.000000000000000000e+00,-1.000000000000000000e+00,-1.000000000000000000e+00,-1.000000000000000000e+00,-1.000000000000000000e+00,-1.000000000000000000e+00,-1.000000000000000000e+00,-1.000000000000000000e+00,-1.000000000000000000e+00,-1.000000000000000000e+00,-1.000000000000000000e+00,-1.000000000000000000e+00,-1.000000000000000000e+00,-1.000000000000000000e+00,-1.000000000000000000e+00,-1.000000000000000000e+00,-1.000000000000000000e+00,-1.000000000000000000e+00,-1.000000000000000000e+00,-1.000000000000000000e+00,-1.000000000000000000e+00,-1.000000000000000000e+00,-1.000000000000000000e+00,-1.000000000000000000e+00,-1.000000000000000000e+00,-1.000000000000000000e+00,-1.000000000000000000e+00,-1.000000000000000000e+00,-1.000000000000000000e+00,-1.000000000000000000e+00,-1.000000000000000000e+00,-1.000000000000000000e+00,-1.000000000000000000e+00
-1.000000000000000000e+00,-1.000000000000000000e+00,-1.000000000000000000e+00,-1.000000000000000000e+00,-1.000000000000000000e+00,-1.000000000000000000e+00,-1.000000000000000000e+00,-1.000000000000000000e+00,-1.000000000000000000e+00,-1.000000000000000000e+00,-1.000000000000000000e+00,-1.000000000000000000e+00,-1.000000000000000000e+00,-1.000000000000000000e+00,-1.000000000000000000e+00,-1.000000000000000000e+00,-1.000000000000000000e+00,-1.000000000000000000e+00,-1.000000000000000000e+00,-1.000000000000000000e+00,-1.000000000000000000e+00,-1.000000000000000000e+00,-1.000000000000000000e+00,-1.000000000000000000e+00,-1.000000000000000000e+00,-1.000000000000000000e+00,-1.000000000000000000e+00,-1.000000000000000000e+00,-1.000000000000000000e+00,-1.000000000000000000e+00,-1.000000000000000000e+00,-1.000000000000000000e+00,-1.000000000000000000e+00,-1.000000000000000000e+00,-1.000000000000000000e+00,-1.000000000000000000e+00,-1.000000000000000000e+00,-1.000000000000000000e+00,-1.000000000000000000e+00,-1.000000000000000000e+00,-1.000000000000000000e+00,-1.000000000000000000e+00,-1.000000000000000000e+00,-1.000000000000000000e+00,-1.000000000000000000e+00,-1.000000000000000000e+00,-1.314648854940709377e+00,-1.314658157718737064e+00,-1.314683390689775688e+00,-1.314715243062255512e+00,-1.314733542763165453e+00,-1.314698634608632011e+00,-1.314535757471826827e+00,-1.314108210754645789e+00,-1.313173109718797749e+00,-1.311311196026067938e+00,-1.307820002579578755e+00,-1.301558481077710550e+00,-1.290732516226084536e+00,-1.272616735832118984e+00,-1.243221437232547633e+00,-1.196937425954299972e+00,-1.126229519654043942e+00,-1.021506413593774143e+00,-8.713808701034631010e-01,-6.636736022755506115e-01,-3.877524901772966270e-01,-3.918965597182910710e-02,3.718019380132742135e-01,8.068540334285287940e-01,1.183761252584890844e+00,1.382763551704160765e+00,1.382763315237921731e+00,1.183760578077126091e+00,8.068530137964833315e-01,3.718006871702632665e-01,-3.919103257258926831e-02,-3.877539118422903552e-01,-6.636750185331468099e-01,-8.713822583078767448e-01,-1.021507771405128828e+00,-1.126230855948667342e+00,-1.196938753953544099e+00,-1.243222770604853755e+00,-1.272618085622180928e+00,-1.290733890412600227e+00,-1.301559885379488968e+00,-1.307821444173556946e+00,-1.311312682253918727e+00,-1.313174645405188246e+00,-1.314109798496040815e+00,-1.314537394396751102e+00,-1.314700315028439981e+00,-1.314735255446880746e+00,-1.314716980766085008e+00,-1.314685146645581115e+00,-1.314659928520324650e+00,-1.314650630087448313e+00,-1.000000000000000000e+00,-1.000000000000000000e+00,-1.000000000000000000e+00,-1.000000000000000000e+00,-1.000000000000000000e+00,-1.000000000000000000e+00,-1.000000000000000000e+00,-1.000000000000000000e+00,-1.000000000000000000e+00,-1.000000000000000000e+00,-1.000000000000000000e+00,-1.000000000000000000e+00,-1.000000000000000000e+00,-1.000000000000000000e+00,-1.000000000000000000e+00,-1.000000000000000000e+00,-1.000000000000000000e+00,-1.000000000000000000e+00,-1.000000000000000000e+00,-1.000000000000000000e+00,-1.000000000000000000e+00,-1.000000000000000000e+00,-1.000000000000000000e+00,-1.000000000000000000e+00,-1.000000000000000000e+00,-1.000000000000000000e+00,-1.000000000000000000e+00,-1.000000000000000000e+00,-1.000000000000000000e+00,-1.000000000000000000e+00,-1.000000000000000000e+00,-1.000000000000000000e+00,-1.000000000000000000e+00,-1.000000000000000000e+00,-1.000000000000000000e+00,-1.000000000000000000e+00,-1.000000000000000000e+00,-1.000000000000000000e+00,-1.000000000000000000e+00,-1.000000000000000000e+00,-1.000000000000000000e+00,-1.000000000000000000e+00,-1.000000000000000000e+00,-1.000000000000000000e+00,-1.000000000000000000e+00,-1.000000000000000000e+00
-1.000000000000000000e+00,-1.000000000000000000e+00,-1.000000000000000000e+00,-1.000000000000000000e+00,-1.000000000000000000e+00,-1.000000000000000000e+00,-1.000000000000000000e+00,-1.000000000000000000e+00,-1.000000000000000000e+00,-1.000000000000000000e+00,-1.000000000000000000e+00,-1.000000000000000000e+00,-1.000000000000000000e+00,-1.000000000000000000e+00,-1.000000000000000000e+00,-1.000000000000000000e+00,-1.000000000000000000e+00,-1.000000000000000000e+00,-1.000000000000000000e+00,-1.000000000000000000e+00,-1.000000000000000000e+00,-1.000000000000000000e+00,-1.000000000000000000e+00,-1.000000000000000000e+00,-1.000000000000000000e+00,-1.000000000000000000e+00,-1.000000000000000000e+00,-1.000000000000000000e+00,-1.000000000000000000e+00,-1.000000000000000000e+00,-1.000000000000000000e+00,-1.000000000000000000e+00,-1.000000000000000000e+00,-1.000000000000000000e+00,-1.000000000000000000e+00,-1.000000000000000000e+00,-1.000000000000000000e+00,-1.000000000000000000e+00,-1.000000000000000000e+00,-1.000000000000000000e+00,-1.000000000000000000e+00,-1.000000000000000000e+00,-1.000000000000000000e+00,-1.000000000000000000e+00,-1.000000000000000000e+00,-1.000000000000000000e+00,-1.314610461328804991e+00,-1.314619766996366401e+00,-1.314645005983153148e+00,-1.314676866736951499e+00,-1.314695180388363527e+00,-1.314660292610448700e+00,-1.314497444906376877e+00,-1.314069942897053256e+00,-1.313134915497693900e+00,-1.311273128366059915e+00,-1.307782153338229447e+00,-1.301521001817778078e+00,-1.290695647240370114e+00,-1.272580845099478219e+00,-1.243187069894397201e+00,-1.196905360018655662e+00,-1.126200818001274362e+00,-1.021482454203414658e+00,-8.713633285042293730e-01,-6.636643536443906921e-01,-3.877533983887819780e-01,-3.920222783455351578e-02,3.717770249561849205e-01,8.068174605343583217e-01,1.183715472981823780e+00,1.382712759960353921e+00,1.382712514612138399e+00,1.183714773190578384e+00,8.068164030391327124e-01,3.717757286378922110e-01,-3.920365275618686862e-02,-3.877548673807993396e-01,-6.636658135660000735e-01,-8.713647555114722998e-01,-1.021483846545041541e+00,-1.126202186464801525e+00,-1.196906719965025845e+00,-1.243188436861155655e+00,-1.272582231778335959e+00,-1.290697062346203960e+00,-1.301522449516595570e+00,-1.307783636716238984e+00,-1.311274651763912891e+00,-1.313136482829888818e+00,-1.314071558025747599e+00,-1.314499107848835502e+00,-1.314662000516048090e+00,-1.314696923786427885e+00,-1.314678637943176964e+00,-1.314646796648259119e+00,-1.314621574667615533e+00,-1.314612275396478625e+00,-1.000000000000000000e+00,-1.000000000000000000e+00,-1.000000000000000000e+00,-1.000000000000000000e+00,-1.000000000000000000e+00,-1.000000000000000000e+00,-1.000000000000000000e+00,-1.000000000000000000e+00,-1.000000000000000000e+00,-1.000000000000000000e+00,-1.000000000000000000e+00,-1.000000000000000000e+00,-1.000000000000000000e+00,-1.000000000000000000e+00,-1.000000000000000000e+00,-1.000000000000000000e+00,-1.000000000000000000e+00,-1.000000000000000000e+00,-1.000000000000000000e+00,-1.000000000000000000e+00,-1.000000000000000000e+00,-1.000000000000000000e+00,-1.000000000000000000e+00,-1.000000000000000000e+00,-1.000000000000000000e+00,-1.000000000000000000e+00,-1.000000000000000000e+00,-1.000000000000000000e+00,-1.000000000000000000e+00,-1.000000000000000000e+00,-1.000000000000000000e+00,-1.000000000000000000e+00,-1.000000000000000000e+00,-1.000000000000000000e+00,-1.000000000000000000e+00,-1.000000000000000000e+00,-1.000000000000000000e+00,-1.000000000000000000e+00,-1.000000000000000000e+00,-1.000000000000000000e+00,-1.000000000000000000e+00,-1.000000000000000000e+00,-1.000000000000000000e+00,-1.000000000000000000e+00,-1.000000000000000000e+00,-1.000000000000000000e+00
-1.000000000000000000e+00,-1.000000000000000000e+00,-1.000000000000000000e+00,-1.000000000000000000e+00,-1.000000000000000000e+00,-1.000000000000000000e+00,-1.000000000000000000e+00,-1.000000000000000000e+00,-1.000000000000000000e+00,-1.000000000000000000e+00,-1.000000000000000000e+00,-1.000000000000000000e+00,-1.000000000000000000e+00,-1.000000000000000000e+00,-1.000000000000000000e+00,-1.000000000000000000e+00,-1.000000000000000000e+00,-1.000000000000000000e+00,-1.000000000000000000e+00,-1.000000000000000000e+00,-1.000000000000000000e+00,-1.000000000000000000e+00,-1.000000000000000000e+00,-1.000000000000000000e+00,-1.000000000000000000e+00,-1.000000000000000000e+00,-1.000000000000000000e+00,-1.000000000000000000e+00,-1.000000000000000000e+00,-1.000000000000000000e+00,-1.000000000000000000e+00,-1.000000000000000000e+00,-1.000000000000000000e+00,-1.000000000000000000e+00,-1.000000000000000000e+00,-1.000000000000000000e+00,-1.000000000000000000e+00,-1.000000000000000000e+00,-1.000000000000000000e+00,-1.000000000000000000e+00,-1.000000000000000000e+00,-1.000000000000000000e+00,-1.000000000000000000e+00,-1.000000000000000000e+00,-1.000000000000000000e+00,-1.000000000000000000e+00,-1.314569316232354623e+00,-1.314578624668771178e+00,-1.314603868904876460e+00,-1.314635737107144431e+00,-1.314654063772785486e+00,-1.314619194592469009e+00,-1.314456374229528324e+00,-1.314028916219937448e+00,-1.313093965423761667e+00,-1.311232313730076093e+00,-1.307741573968671966e+00,-1.301480819857101956e+00,-1.290656118115445450e+00,-1.272542359732363515e+00,-1.243150208664619560e+00,-1.196870952757337569e+00,-1.126169999205964833e+00,-1.021456694469919713e+00,-8.713444149725673160e-01,-6.636542849053732596e-01,-3.877541588938713257e-01,-3.921541900657343760e-02,3.717506872897995418e-01,8.067787082918220776e-01,1.183666922002149402e+00,1.382658874297459928e+00,1.382658619366279762e+00,1.183666194885685474e+00,8.067776098271997043e-01,3.717493418497161972e-01,-3.921689603028211124e-02,-3.877556791227623201e-01,-6.636557924847532597e-01,-8.713458842159206297e-01,-1.021458123228358827e+00,-1.126171399606595847e+00,-1.196872342565566516e+00,-1.243151606125535880e+00,-1.272543779979821821e+00,-1.290657571280415361e+00,-1.301482310300245304e+00,-1.307743102098578136e+00,-1.311233880120869166e+00,-1.313095571238401371e+00,-1.314030564200240336e+00,-1.314458066076850562e+00,-1.314620930246079622e+00,-1.314655836651940524e+00,-1.314637540062663090e+00,-1.314605691679307631e+00,-1.314580465259577835e+00,-1.314571164274349391e+00,-1.000000000000000000e+00,-1.000000000000000000e+00,-1.000000000000000000e+00,-1.000000000000000000e+00,-1.000000000000000000e+00,-1.000000000000000000e+00,-1.000000000000000000e+00,-1.000000000000000000e+00,-1.000000000000000000e+00,-1.000000000000000000e+00,-1.000000000000000000e+00,-1.000000000000000000e+00,-1.000000000000000000e+00,-1.000000000000000000e+00,-1.000000000000000000e+00,-1.000000000000000000e+00,-1.000000000000000000e+00,-1.000000000000000000e+00,-1.000000000000000000e+00,-1.000000000000000000e+00,-1.000000000000000000e+00,-1.000000000000000000e+00,-1.000000000000000000e+00,-1.000000000000000000e+00,-1.000000000000000000e+00,-1.000000000000000000e+00,-1.000000000000000000e+00,-1.000000000000000000e+00,-1.000000000000000000e+00,-1.000000000000000000e+00,-1.000000000000000000e+00,-1.000000000000000000e+00,-1.000000000000000000e+00,-1.000000000000000000e+00,-1.000000000000000000e+00,-1.000000000000000000e+00,-1.000000000000000000e+00,-1.000000000000000000e+00,-1.000000000000000000e+00,-1.000000000000000000e+00,-1.000000000000000000e+00,-1.000000000000000000e+00,-1.000000000000000000e+00,-1.000000000000000000e+00,-1.000000000000000000e+00,-1.000000000000000000e+00
-1.000000000000000000e+00,-1.000000000000000000e+00,-1.000000000000000000e+00,-1.000000000000000000e+00,-1.000000000000000000e+00,-1.000000000000000000e+00,-1.000000000000000000e+00,-1.000000000000000000e+00,-1.000000000000000000e+00,-1.000000000000000000e+00,-1.000000000000000000e+00,-1.000000000000000000e+00,-1.000000000000000000e+00,-1.000000000000000000e+00,-1.000000000000000000e+00,-1.000000000000000000e+00,-1.000000000000000000e+00,-1.000000000000000000e+00,-1.000000000000000000e+00,-1.000000000000000000e+00,-1.000000000000000000e+00,-1.000000000000000000e+00,-1.000000000000000000e+00,-1.000000000000000000e+00,-1.000000000000000000e+00,-1.000000000000000000e+00,-1.000000000000000000e+00,-1.000000000000000000e+00,-1.000000000000000000e+00,-1.000000000000000000e+00,-1.000000000000000000e+00,-1.000000000000000000e+00,-1.000000000000000000e+00,-1.000000000000000000e+00,-1.000000000000000000e+00,-1.000000000000000000e+00,-1.000000000000000000e+00,-1.000000000000000000e+00,-1.000000000000000000e+00,-1.000000000000000000e+00,-1.000000000000000000e+00,-1.000000000000000000e+00,-1.000000000000000000e+00,-1.000000000000000000e+00,-1.000000000000000000e+00,-1.000000000000000000e+00,-1.314525394929545010e+00,-1.314534704978342461e+00,-1.314559953129634140e+00,-1.314591827778512467e+00,-1.314610166189410512e+00,-1.314575313644541499e+00,-1.314412519105325083e+00,-1.313985106014453397e+00,-1.313050236869395038e+00,-1.311188731003275709e+00,-1.307698243398728977e+00,-1.301437912551739684e+00,-1.290613903725266187e+00,-1.272501252272948413e+00,-1.243110824492412059e+00,-1.196834174189619793e+00,-1.126137032552036565e+00,-1.021429102510574172e+00,-8.713240953525319688e-01,-6.636433579411291639e-01,-3.877547275703534524e-01,-3.922917719341656451e-02,3.717229874077476737e-01,8.067378500574251543e-01,1.183615682569321148e+00,1.382601982831072274e+00,1.382601717701194222e+00,1.183614926410097024e+00,8.067367081164991127e-01,3.717215899479135999e-01,-3.923070925684202237e-02,-3.877563019882812601e-01,-6.636449163775484106e-01,-8.713256101181394708e-01,-1.021430570214823197e+00,-1.126138465927975840e+00,-1.196835593253427810e+00,-1.243112250156911180e+00,-1.272502702299536992e+00,-1.290615390082942460e+00,-1.301439440981705831e+00,-1.307699814019666507e+00,-1.311190341753231570e+00,-1.313051885506502758e+00,-1.313986792046120788e+00,-1.314414243708990959e+00,-1.314577078407557220e+00,-1.314611967916957447e+00,-1.314593661150515125e+00,-1.314561806486988838e+00,-1.314536575975043808e+00,-1.314527272881456987e+00,-1.000000000000000000e+00,-1.000000000000000000e+00,-1.000000000000000000e+00,-1.000000000000000000e+00,-1.000000000000000000e+00,-1.000000000000000000e+00,-1.000000000000000000e+00,-1.000000000000000000e+00,-1.000000000000000000e+00,-1.000000000000000000e+00,-1.000000000000000000e+00,-1.000000000000000000e+00,-1.000000000000000000e+00,-1.000000000000000000e+00,-1.000000000000000000e+00,-1.000000000000000000e+00,-1.000000000000000000e+00,-1.000000000000000000e+00,-1.000000000000000000e+00,-1.000000000000000000e+00,-1.000000000000000000e+00,-1.000000000000000000e+00,-1.000000000000000000e+00,-1.000000000000000000e+00,-1.000000000000000000e+00,-1.000000000000000000e+00,-1.000000000000000000e+00,-1.000000000000000000e+00,-1.000000000000000000e+00,-1.000000000000000000e+00,-1.000000000000000000e+00,-1.000000000000000000e+00,-1.000000000000000000e+00,-1.000000000000000000e+00,-1.000000000000000000e+00,-1.000000000000000000e+00,-1.000000000000000000e+00,-1.000000000000000000e+00,-1.000000000000000000e+00,-1.000000000000000000e+00,-1.000000000000000000e+00,-1.000000000000000000e+00,-1.000000000000000000e+00,-1.000000000000000000e+00,-1.000000000000000000e+00,-1.000000000000000000e+00
-1.000000000000000000e+00,-1.000000000000000000e+00,-1.000000000000000000e+00,-1.000000000000000000e+00,-1.000000000000000000e+00,-1.000000000000000000e+00,-1.000000000000000000e+00,-1.000000000000000000e+00,-1.000000000000000000e+00,-1.000000000000000000e+00,-1.000000000000000000e+00,-1.000000000000000000e+00,-1.000000000000000000e+00,-1.000000000000000000e+00,-1.000000000000000000e+00,-1.000000000000000000e+00,-1.000000000000000000e+00,-1.000000000000000000e+00,-1.000000000000000000e+00,-1.000000000000000000e+00,-1.000000000000000000e+00,-1.000000000000000000e+00,-1.000000000000000000e+00,-1.000000000000000000e+00,-1.000000000000000000e+00,-1.000000000000000000e+00,-1.000000000000000000e+00,-1.000000000000000000e+00,-1.000000000000000000e+00,-1.000000000000000000e+00,-1.000000000000000000e+00,-1.000000000000000000e+00,-1.000000000000000000e+00,-1.000000000000000000e+00,-1.000000000000000000e+00,-1.000000000000000000e+00,-1.000000000000000000e+00,-1.000000000000000000e+00,-1.000000000000000000e+00,-1.000000000000000000e+00,-1.000000000000000000e+00,-1.000000000000000000e+00,-1.000000000000000000e+00,-1.000000000000000000e+00,-1.000000000000000000e+00,-1.000000000000000000e+00,-1.314478670057493304e+00,-1.314487980465877781e+00,-1.314513231300072471e+00,-1.314545111121007137e+00,-1.314563459170064119e+00,-1.314528621074777304e+00,-1.314365851718112488e+00,-1.313938486188126697e+00,-1.313003705234927931e+00,-1.311142355842732865e+00,-1.307652136092471995e+00,-1.301392252291184048e+00,-1.290568974459675999e+00,-1.272457491875375046e+00,-1.243068886006648999e+00,-1.196794992629024224e+00,-1.126101885665444335e+00,-1.021399644398744755e+00,-8.713023328180248273e-01,-6.636315311820299989e-01,-3.877550559365828819e-01,-3.924344482323194327e-02,3.716939937568772834e-01,8.066949658415785152e-01,1.183561844736934709e+00,1.382542181119115643e+00,1.382541905358808165e+00,1.183561058364203333e+00,8.066937787377257418e-01,3.716925422429417925e-01,-3.924503404855095301e-02,-3.877566864634134358e-01,-6.636331423054934175e-01,-8.713038952759946110e-01,-1.021401153533507689e+00,-1.126103354125317368e+00,-1.196796441878539063e+00,-1.243070338809878717e+00,-1.272458968166068960e+00,-1.290570488397787985e+00,-1.301393811617761465e+00,-1.307653742577871592e+00,-1.311144006935451412e+00,-1.313005396304065320e+00,-1.313940212893470294e+00,-1.314367612462565393e+00,-1.314530416649022149e+00,-1.314565288633972484e+00,-1.314546971555608179e+00,-1.314515111169324069e+00,-1.314489877397038153e+00,-1.314480572662907853e+00,-1.000000000000000000e+00,-1.000000000000000000e+00,-1.000000000000000000e+00,-1.000000000000000000e+00,-1.000000000000000000e+00,-1.000000000000000000e+00,-1.000000000000000000e+00,-1.000000000000000000e+00,-1.000000000000000000e+00,-1.000000000000000000e+00,-1.000000000000000000e+00,-1.000000000000000000e+00,-1.000000000000000000e+00,-1.000000000000000000e+00,-1.000000000000000000e+00,-1.000000000000000000e+00,-1.000000000000000000e+00,-1.000000000000000000e+00,-1.000000000000000000e+00,-1.000000000000000000e+00,-1.000000000000000000e+00,-1.000000000000000000e+00,-1.000000000000000000e+00,-1.000000000000000000e+00,-1.000000000000000000e+00,-1.000000000000000000e+00,-1.000000000000000000e+00,-1.000000000000000000e+00,-1.000000000000000000e+00,-1.000000000000000000e+00,-1.000000000000000000e+00,-1.000000000000000000e+00,-1.000000000000000000e+00,-1.000000000000000000e+00,-1.000000000000000000e+00,-1.000000000000000000e+00,-1.000000000000000000e+00,-1.000000000000000000e+00,-1.000000000000000000e+00,-1.000000000000000000e+00,-1.000000000000000000e+00,-1.000000000000000000e+00,-1.000000000000000000e+00,-1.000000000000000000e+00,-1.000000000000000000e+00,-1.000000000000000000e+00
-1.000000000000000000e+00,-1.000000000000000000e+00,-1.000000000000000000e+00,-1.000000000000000000e+00,-1.000000000000000000e+00,-1.000000000000000000e+00,-1.000000000000000000e+00,-1.000000000000000000e+00,-1.000000000000000000e+00,-1.000000000000000000e+00,-1.000000000000000000e+00,-1.000000000000000000e+00,-1.000000000000000000e+00,-1.000000000000000000e+00,-1.000000000000000000e+00,-1.000000000000000000e+00,-1.000000000000000000e+00,-1.000000000000000000e+00,-1.000000000000000000e+00,-1.000000000000000000e+00,-1.000000000000000000e+00,-1.000000000000000000e+00,-1.000000000000000000e+00,-1.000000000000000000e+00,-1.000000000000000000e+00,-1.000000000000000000e+00,-1.000000000000000000e+00,-1.000000000000000000e+00,-1.000000000000000000e+00,-1.000000000000000000e+00,-1.000000000000000000e+00,-1.000000000000000000e+00,-1.000000000000000000e+00,-1.000000000000000000e+00,-1.000000000000000000e+00,-1.000000000000000000e+00,-1.000000000000000000e+00,-1.000000000000000000e+00,-1.000000000000000000e+00,-1.000000000000000000e+00,-1.000000000000000000e+00,-1.000000000000000000e+00,-1.000000000000000000e+00,-1.000000000000000000e+00,-1.000000000000000000e+00,-1.000000000000000000e+00,-1.314429107789321982e+00,-1.314438417630499067e+00,-1.314463670084878633e+00,-1.314495553913530568e+00,-1.314513909737480502e+00,-1.314479085337948439e+00,-1.314316342690795558e+00,-1.313889029112981000e+00,-1.312954343217786368e+00,-1.311093159696796517e+00,-1.307603221401880456e+00,-1.301343806503800771e+00,-1.290521296588393874e+00,-1.272411044447220974e+00,-1.243024359132272938e+00,-1.196753373824512190e+00,-1.126064523409150420e+00,-1.021368283030776203e+00,-8.712790868653941256e-01,-6.636187588432780338e-01,-3.877550906728630675e-01,-3.925815875600713323e-02,3.716637811351359844e-01,8.066501427708101524e-01,1.183505506326580914e+00,1.382479572824062419e+00,1.382479286091959025e+00,1.183504688833957097e+00,8.066489091990634019e-01,3.716622738720687380e-01,-3.925980704162013168e-02,-3.877567787534511590e-01,-6.636204231936051467e-01,-8.712806973411946210e-01,-1.021369834834542134e+00,-1.126066028857322987e+00,-1.196754854554750835e+00,-1.243025838785998705e+00,-1.272412544367175213e+00,-1.290522833044112971e+00,-1.301345389278727005e+00,-1.307604854558963581e+00,-1.311094841974759229e+00,-1.312956069597614128e+00,-1.313890792778737104e+00,-1.314318138759834387e+00,-1.314480911803494356e+00,-1.314515765705505324e+00,-1.314497437766493304e+00,-1.314465571504179087e+00,-1.314440334835399016e+00,-1.314431029066900791e+00,-1.000000000000000000e+00,-1.000000000000000000e+00,-1.000000000000000000e+00,-1.000000000000000000e+00,-1.000000000000000000e+00,-1.000000000000000000e+00,-1.000000000000000000e+00,-1.000000000000000000e+00,-1.000000000000000000e+00,-1.000000000000000000e+00,-1.000000000000000000e+00,-1.000000000000000000e+00,-1.000000000000000000e+00,-1.000000000000000000e+00,-1.000000000000000000e+00,-1.000000000000000000e+00,-1.000000000000000000e+00,-1.000000000000000000e+00,-1.000000000000000000e+00,-1.000000000000000000e+00,-1.000000000000000000e+00,-1.000000000000000000e+00,-1.000000000000000000e+00,-1.000000000000000000e+00,-1.000000000000000000e+00,-1.000000000000000000e+00,-1.000000000000000000e+00,-1.000000000000000000e+00,-1.000000000000000000e+00,-1.000000000000000000e+00,-1.000000000000000000e+00,-1.000000000000000000e+00,-1.000000000000000000e+00,-1.000000000000000000e+00,-1.000000000000000000e+00,-1.000000000000000000e+00,-1.000000000000000000e+00,-1.000000000000000000e+00,-1.000000000000000000e+00,-1.000000000000000000e+00,-1.000000000000000000e+00,-1.000000000000000000e+00,-1.000000000000000000e+00,-1.000000000000000000e+00,-1.000000000000000000e+00,-1.000000000000000000e+00
-1.000000000000000000e+00,-1.000000000000000000e+00,-1.000000000000000000e+00,-1.000000000000000000e+00,-1.000000000000000000e+00,-1.000000000000000000e+00,-1.000000000000000000e+00,-1.000000000000000000e+00,-1.000000000000000000e+00,-1.000000000000000000e+00,-1.000000000000000000e+00,-1.000000000000000000e+00,-1.000000000000000000e+00,-1.000000000000000000e+00,-1.000000000000000000e+00,-1.000000000000000000e+00,-1.000000000000000000e+00,-1.000000000000000000e+00,-1.000000000000000000e+00,-1.000000000000000000e+00,-1.000000000000000000e+00,-1.000000000000000000e+00,-1.000000000000000000e+00,-1.000000000000000000e+00,-1.000000000000000000e+00,-1.000000000000000000e+00,-1.000000000000000000e+00,-1.000000000000000000e+00,-1.000000000000000000e+00,-1.000000000000000000e+00,-1.000000000000000000e+00,-1.000000000000000000e+00,-1.000000000000000000e+00,-1.000000000000000000e+00,-1.000000000000000000e+00,-1.000000000000000000e+00,-1.000000000000000000e+00,-1.000000000000000000e+00,-1.000000000000000000e+00,-1.000000000000000000e+00,-1.000000000000000000e+00,-1.000000000000000000e+00,-1.000000000000000000e+00,-1.000000000000000000e+00,-1.000000000000000000e+00,-1.000000000000000000e+00,-1.314376669616024396e+00,-1.314385978606201544e+00,-1.314411231899148325e+00,-1.314443118809542899e+00,-1.314461481333550230e+00,-1.314426671678083691e+00,-1.314263959051062303e+00,-1.313836702380089871e+00,-1.312902117471271168e+00,-1.311041107384716131e+00,-1.307551462437569478e+00,-1.301292537411461669e+00,-1.290470832234641430e+00,-1.272361872439234265e+00,-1.242977206619002351e+00,-1.196709280365913175e+00,-1.126024907347809467e+00,-1.021334977733253879e+00,-8.712543130452637952e-01,-6.636049907476955223e-01,-3.877547735018431752e-01,-3.927325010801674399e-02,3.716324310984449042e-01,8.066034758208369126e-01,1.183446773903661153e+00,1.382414270728125949e+00,1.382413972584537909e+00,1.183445924216341094e+00,8.066021944910346519e-01,3.716308666936809502e-01,-3.927495896093879946e-02,-3.877565203611372802e-01,-6.636067086378258928e-01,-8.712559709484443138e-01,-1.021336571573470131e+00,-1.126026449609117464e+00,-1.196710792230535780e+00,-1.242978711924353385e+00,-1.272363393263857390e+00,-1.290472386349786227e+00,-1.301294136280312541e+00,-1.307553112082795899e+00,-1.311042808599353293e+00,-1.312903866474272263e+00,-1.313838492010392267e+00,-1.314265782346688116e+00,-1.314428523482320754e+00,-1.314463358986631247e+00,-1.314445019899049827e+00,-1.314413147421346073e+00,-1.314387907640787168e+00,-1.314378600960937504e+00,-1.000000000000000000e+00,-1.000000000000000000e+00,-1.000000000000000000e+00,-1.000000000000000000e+00,-1.000000000000000000e+00,-1.000000000000000000e+00,-1.000000000000000000e+00,-1.000000000000000000e+00,-1.000000000000000000e+00,-1.000000000000000000e+00,-1.000000000000000000e+00,-1.000000000000000000e+00,-1.000000000000000000e+00,-1.000000000000000000e+00,-1.000000000000000000e+00,-1.000000000000000000e+00,-1.000000000000000000e+00,-1.000000000000000000e+00,-1.000000000000000000e+00,-1.000000000000000000e+00,-1.000000000000000000e+00,-1.000000000000000000e+00,-1.000000000000000000e+00,-1.000000000000000000e+00,-1.000000000000000000e+00,-1.000000000000000000e+00,-1.000000000000000000e+00,-1.000000000000000000e+00,-1.000000000000000000e+00,-1.000000000000000000e+00,-1.000000000000000000e+00,-1.000000000000000000e+00,-1.000000000000000000e+00,-1.000000000000000000e+00,-1.000000000000000000e+00,-1.000000000000000000e+00,-1.000000000000000000e+00,-1.000000000000000000e+00,-1.000000000000000000e+00,-1.000000000000000000e+00,-1.000000000000000000e+00,-1.000000000000000000e+00,-1.000000000000000000e+00,-1.000000000000000000e+00,-1.000000000000000000e+00,-1.000000000000000000e+00
-1.000000000000000000e+00,-1.000000000000000000e+00,-1.000000000000000000e+00,-1.000000000000000000e+00,-1.000000000000000000e+00,-1.000000000000000000e+00,-1.000000000000000000e+00,-1.000000000000000000e+00,-1.000000000000000000e+00,-1.000000000000000000e+00,-1.000000000000000000e+00,-1.000000000000000000e+00,-1.000000000000000000e+00,-1.000000000000000000e+00,-1.000000000000000000e+00,-1.000000000000000000e+00,-1.000000000000000000e+00,-1.000000000000000000e+00,-1.000000000000000000e+00,-1.000000000000000000e+00,-1.000000000000000000e+00,-1.000000000000000000e+00,-1.000000000000000000e+00,-1.000000000000000000e+00,-1.000000000000000000e+00,-1.000000000000000000e+00,-1.000000000000000000e+00,-1.000000000000000000e+00,-1.000000000000000000e+00,-1.000000000000000000e+00,-1.000000000000000000e+00,-1.000000000000000000e+00,-1.000000000000000000e+00,-1.000000000000000000e+00,-1.000000000000000000e+00,-1.000000000000000000e+00,-1.000000000000000000e+00,-1.000000000000000000e+00,-1.000000000000000000e+00,-1.000000000000000000e+00,-1.000000000000000000e+00,-1.000000000000000000e+00,-1.000000000000000000e+00,-1.000000000000000000e+00,-1.000000000000000000e+00,-1.000000000000000000e+00,-1.314321308880463945e+00,-1.314330617295189407e+00,-1.314355871136876353e+00,-1.314387761407544097e+00,-1.314406131533393696e+00,-1.314371339642355752e+00,-1.314208661234438580e+00,-1.313781465825035522e+00,-1.312846986363570112e+00,-1.310986155922647889e+00,-1.307496815650043942e+00,-1.301238401784221344e+00,-1.290417538964012900e+00,-1.272309934196296455e+00,-1.242927387197206635e+00,-1.196662670712754561e+00,-1.125982994721750119e+00,-1.021299683258782842e+00,-8.712279620397972435e-01,-6.635901715418192071e-01,-3.877540405889254860e-01,-3.928864381407093376e-02,3.716000323421972951e-01,8.065550682734539123e-01,1.183385763405555569e+00,1.382346397569042207e+00,1.382346087393124812e+00,1.183384880015580620e+00,8.065537375354594474e-01,3.715984095373963125e-01,-3.929041400655419736e-02,-3.877558467052103497e-01,-6.635919431823478210e-01,-8.712296667317771526e-01,-1.021301317129000630e+00,-1.125984570923644679e+00,-1.196664210386966687e+00,-1.242928914313432331e+00,-1.272311471198342758e+00,-1.290419104307435783e+00,-1.301240008047568564e+00,-1.307498470158014570e+00,-1.310987861444831148e+00,-1.312848740995667063e+00,-1.313783263638422794e+00,-1.314210495004493273e+00,-1.314373202302471899e+00,-1.314408018450823112e+00,-1.314389667892177371e+00,-1.314357789012154276e+00,-1.314332545855759093e+00,-1.314323238175313158e+00,-1.000000000000000000e+00,-1.000000000000000000e+00,-1.000000000000000000e+00,-1.000000000000000000e+00,-1.000000000000000000e+00,-1.000000000000000000e+00,-1.000000000000000000e+00,-1.000000000000000000e+00,-1.000000000000000000e+00,-1.000000000000000000e+00,-1.000000000000000000e+00,-1.000000000000000000e+00,-1.000000000000000000e+00,-1.000000000000000000e+00,-1.000000000000000000e+00,-1.000000000000000000e+00,-1.000000000000000000e+00,-1.000000000000000000e+00,-1.000000000000000000e+00,-1.000000000000000000e+00,-1.000000000000000000e+00,-1.000000000000000000e+00,-1.000000000000000000e+00,-1.000000000000000000e+00,-1.000000000000000000e+00,-1.000000000000000000e+00,-1.000000000000000000e+00,-1.000000000000000000e+00,-1.000000000000000000e+00,-1.000000000000000000e+00,-1.000000000000000000e+00,-1.000000000000000000e+00,-1.000000000000000000e+00,-1.000000000000000000e+00,-1.000000000000000000e+00,-1.000000000000000000e+00,-1.000000000000000000e+00,-1.000000000000000000e+00,-1.000000000000000000e+00,-1.000000000000000000e+00,-1.000000000000000000e+00,-1.000000000000000000e+00,-1.000000000000000000e+00,-1.000000000000000000e+00,-1.000000000000000000e+00,-1.000000000000000000e+00
-1.000000000000000000e+00,-1.000000000000000000e+00,-1.000000000000000000e+00,-1.000000000000000000e+00,-1.000000000000000000e+00,-1.000000000000000000e+00,-1.000000000000000000e+00,-1.000000000000000000e+00,-1.000000000000000000e+00,-1.000000000000000000e+00,-1.000000000000000000e+00,-1.000000000000000000e+00,-1.000000000000000000e+00,-1.000000000000000000e+00,-1.000000000000000000e+00,-1.000000000000000000e+00,-1.000000000000000000e+00,-1.000000000000000000e+00,-1.000000000000000000e+00,-1.000000000000000000e+00,-1.000000000000000000e+00,-1.000000000000000000e+00,-1.000000000000000000e+00,-1.000000000000000000e+00,-1.000000000000000000e+00,-1.000000000000000000e+00,-1.000000000000000000e+00,-1.000000000000000000e+00,-1.000000000000000000e+00,-1.000000000000000000e+00,-1.000000000000000000e+00,-1.000000000000000000e+00,-1.000000000000000000e+00,-1.000000000000000000e+00,-1.000000000000000000e+00,-1.000000000000000000e+00,-1.000000000000000000e+00,-1.000000000000000000e+00,-1.000000000000000000e+00,-1.000000000000000000e+00,-1.000000000000000000e+00,-1.000000000000000000e+00,-1.000000000000000000e+00,-1.000000000000000000e+00,-1.000000000000000000e+00,-1.000000000000000000e+00,-1.314262968978192836e+00,-1.314272277569698666e+00,-1.314297532656353740e+00,-1.314329428291869384e+00,-1.314347808893628011e+00,-1.314313038821599555e+00,-1.314150398652975671e+00,-1.313723267943872397e+00,-1.312788897659896481e+00,-1.310928253124572507e+00,-1.307439229702044736e+00,-1.301181349651814090e+00,-1.290361368259975272e+00,-1.272255182347934221e+00,-1.242874854068569235e+00,-1.196613497888482147e+00,-1.125938737390136613e+00,-1.021262348979525170e+00,-8.711999790315227976e-01,-6.635742400832703725e-01,-3.877528218154352446e-01,-3.930425779668000885e-02,3.715666814793392447e-01,8.065050322667204341e-01,1.183322600504669975e+00,1.382276086564872664e+00,1.382275764013870756e+00,1.183321682475530601e+00,8.065036509412830679e-01,3.715649993993048739e-01,-3.930608957624237565e-02,-3.877546869267914920e-01,-6.635760648644886128e-01,-8.712017290653975010e-01,-1.021264019579814608e+00,-1.125940342214906131e+00,-1.196615058742342530e+00,-1.242876395371566245e+00,-1.272256726866511478e+00,-1.290362934576030129e+00,-1.301182950920136472e+00,-1.307440873931682290e+00,-1.310929944561922467e+00,-1.312790636238624353e+00,-1.313725049679503876e+00,-1.314152217426988400e+00,-1.314314887315872982e+00,-1.314349681478552911e+00,-1.314331317898072893e+00,-1.314299431808145791e+00,-1.314274184874800966e+00,-1.314264876245309521e+00,-1.000000000000000000e+00,-1.000000000000000000e+00,-1.000000000000000000e+00,-1.000000000000000000e+00,-1.000000000000000000e+00,-1.000000000000000000e+00,-1.000000000000000000e+00,-1.000000000000000000e+00,-1.000000000000000000e+00,-1.000000000000000000e+00,-1.000000000000000000e+00,-1.000000000000000000e+00,-1.000000000000000000e+00,-1.000000000000000000e+00,-1.000000000000000000e+00,-1.000000000000000000e+00,-1.000000000000000000e+00,-1.000000000000000000e+00,-1.000000000000000000e+00,-1.000000000000000000e+00,-1.000000000000000000e+00,-1.000000000000000000e+00,-1.000000000000000000e+00,-1.000000000000000000e+00,-1.000000000000000000e+00,-1.000000000000000000e+00,-1.000000000000000000e+00,-1.000000000000000000e+00,-1.000000000000000000e+00,-1.000000000000000000e+00,-1.000000000000000000e+00,-1.000000000000000000e+00,-1.000000000000000000e+00,-1.000000000000000000e+00,-1.000000000000000000e+00,-1.000000000000000000e+00,-1.000000000000000000e+00,-1.000000000000000000e+00,-1.000000000000000000e+00,-1.000000000000000000e+00,-1.000000000000000000e+00,-1.000000000000000000e+00,-1.000000000000000000e+00,-1.000000000000000000e+00,-1.000000000000000000e+00,-1.000000000000000000e+00
-1.000000000000000000e+00,-1.000000000000000000e+00,-1.000000000000000000e+00,-1.000000000000000000e+00,-1.000000000000000000e+00,-1.000000000000000000e+00,-1.000000000000000000e+00,-1.000000000000000000e+00,-1.000000000000000000e+00,-1.000000000000000000e+00,-1.000000000000000000e+00,-1.000000000000000000e+00,-1.000000000000000000e+00,-1.000000000000000000e+00,-1.000000000000000000e+00,-1.000000000000000000e+00,-1.000000000000000000e+00,-1.000000000000000000e+00,-1.000000000000000000e+00,-1.000000000000000000e+00,-1.000000000000000000e+00,-1.000000000000000000e+00,-1.000000000000000000e+00,-1.000000000000000000e+00,-1.000000000000000000e+00,-1.000000000000000000e+00,-1.000000000000000000e+00,-1.000000000000000000e+00,-1.000000000000000000e+00,-1.000000000000000000e+00,-1.000000000000000000e+00,-1.000000000000000000e+00,-1.000000000000000000e+00,-1.000000000000000000e+00,-1.000000000000000000e+00,-1.000000000000000000e+00,-1.000000000000000000e+00,-1.000000000000000000e+00,-1.000000000000000000e+00,-1.000000000000000000e+00,-1.000000000000000000e+00,-1.000000000000000000e+00,-1.000000000000000000e+00,-1.000000000000000000e+00,-1.000000000000000000e+00,-1.000000000000000000e+00,-1.314201578140488325e+00,-1.314210888215629813e+00,-1.314236146823932083e+00,-1.314268051741587673e+00,-1.314286447184106033e+00,-1.314251703251061221e+00,-1.314089105016453818e+00,-1.313662042414862619e+00,-1.312727785924257873e+00,-1.310867335366846520e+00,-1.307378643290464826e+00,-1.301121322111556955e+00,-1.290302263370565417e+00,-1.272197561785497255e+00,-1.242819553065657168e+00,-1.196561707831837129e+00,-1.125892080371103221e+00,-1.021222917621566806e+00,-8.711703025976570425e-01,-6.635571283981451796e-01,-3.877510397142727161e-01,-3.932000184080619576e-02,3.715324842622342860e-01,8.064534901114679410e-01,1.183257421826111155e+00,1.382203482226935343e+00,1.382203147255220088e+00,1.183256468884321677e+00,8.064520576680875852e-01,3.715307425924723184e-01,-3.932189478837089247e-02,-3.877529624169279154e-01,-6.635590037006455777e-01,-8.711720939967102506e-01,-1.021224619135215450e+00,-1.125893705672536660e+00,-1.196563279600733276e+00,-1.242821096304187023e+00,-1.272199099635135333e+00,-1.290303814382868008e+00,-1.301122899661828924e+00,-1.307380255593317386e+00,-1.310868987491028426e+00,-1.312729479334048710e+00,-1.313663775269016565e+00,-1.314090873066016574e+00,-1.314253500258020679e+00,-1.314288267822658840e+00,-1.314269887614732735e+00,-1.314237991797841065e+00,-1.314212739673460639e+00,-1.314203429900685283e+00,-1.000000000000000000e+00,-1.000000000000000000e+00,-1.000000000000000000e+00,-1.000000000000000000e+00,-1.000000000000000000e+00,-1.000000000000000000e+00,-1.000000000000000000e+00,-1.000000000000000000e+00,-1.000000000000000000e+00,-1.000000000000000000e+00,-1.000000000000000000e+00,-1.000000000000000000e+00,-1.000000000000000000e+00,-1.000000000000000000e+00,-1.000000000000000000e+00,-1.000000000000000000e+00,-1.000000000000000000e+00,-1.000000000000000000e+00,-1.000000000000000000e+00,-1.000000000000000000e+00,-1.000000000000000000e+00,-1.000000000000000000e+00,-1.000000000000000000e+00,-1.000000000000000000e+00,-1.000000000000000000e+00,-1.000000000000000000e+00,-1.000000000000000000e+00,-1.000000000000000000e+00,-1.000000000000000000e+00,-1.000000000000000000e+00,-1.000000000000000000e+00,-1.000000000000000000e+00,-1.000000000000000000e+00,-1.000000000000000000e+00,-1.000000000000000000e+00,-1.000000000000000000e+00,-1.000000000000000000e+00,-1.000000000000000000e+00,-1.000000000000000000e+00,-1.000000000000000000e+00,-1.000000000000000000e+00,-1.000000000000000000e+00,-1.000000000000000000e+00,-1.000000000000000000e+00,-1.000000000000000000e+00,-1.000000000000000000e+00
-1.000000000000000000e+00,-1.000000000000000000e+00,-1.000000000000000000e+00,-1.000000000000000000e+00,-1.000000000000000000e+00,-1.000000000000000000e+00,-1.000000000000000000e+00,-1.000000000000000000e+00,-1.000000000000000000e+00,-1.000000000000000000e+00,-1.000000000000000000e+00,-1.000000000000000000e+00,-1.000000000000000000e+00,-1.000000000000000000e+00,-1.000000000000000000e+00,-1.000000000000000000e+00,-1.000000000000000000e+00,-1.000000000000000000e+00,-1.000000000000000000e+00,-1.000000000000000000e+00,-1.000000000000000000e+00,-1.000000000000000000e+00,-1.000000000000000000e+00,-1.000000000000000000e+00,-1.000000000000000000e+00,-1.000000000000000000e+00,-1.000000000000000000e+00,-1.000000000000000000e+00,-1.000000000000000000e+00,-1.000000000000000000e+00,-1.000000000000000000e+00,-1.000000000000000000e+00,-1.000000000000000000e+00,-1.000000000000000000e+00,-1.000000000000000000e+00,-1.000000000000000000e+00,-1.000000000000000000e+00,-1.000000000000000000e+00,-1.000000000000000000e+00,-1.000000000000000000e+00,-1.000000000000000000e+00,-1.000000000000000000e+00,-1.000000000000000000e+00,-1.000000000000000000e+00,-1.000000000000000000e+00,-1.000000000000000000e+00,-1.314137042908086750e+00,-1.314146356340681443e+00,-1.314171622244205695e+00,-1.314203541641701944e+00,-1.314221957230327087e+00,-1.314187244263727461e+00,-1.314024692653366966e+00,-1.313597703580794640e+00,-1.312663568544913950e+00,-1.310803323736977166e+00,-1.307314981325852443e+00,-1.301058247614203189e+00,-1.290240155810776557e+00,-1.272137006479548971e+00,-1.242761419877444595e+00,-1.196507237077725883e+00,-1.125842959957902290e+00,-1.021181323735573132e+00,-8.711388634264187747e-01,-6.635387605461826599e-01,-3.877486084279126999e-01,-3.933577661875509168e-02,3.714975565951732506e-01,8.064005755418410804e-01,1.183190376553599155e+00,1.382128742212470396e+00,1.382128395109265551e+00,1.183189389184392759e+00,8.063990921392223399e-01,3.714957555273441514e-01,-3.933772948202240993e-02,-3.877505855627494391e-01,-6.635406807823223119e-01,-8.711406880695568011e-01,-1.021183045664517008e+00,-1.125844592645258047e+00,-1.196508803915831143e+00,-1.242762946312449435e+00,-1.272138515945212767e+00,-1.290241666807646403e+00,-1.301059773495587102e+00,-1.307316530135197441e+00,-1.310804900660107686e+00,-1.312665176094599095e+00,-1.313599341964010625e+00,-1.314026359927176202e+00,-1.314188936299897303e+00,-1.314223670212269823e+00,-1.314205267461573179e+00,-1.314173357280564725e+00,-1.314148096939725452e+00,-1.314138785030182000e+00,-1.000000000000000000e+00,-1.000000000000000000e+00,-1.000000000000000000e+00,-1.000000000000000000e+00,-1.000000000000000000e+00,-1.000000000000000000e+00,-1.000000000000000000e+00,-1.000000000000000000e+00,-1.000000000000000000e+00,-1.000000000000000000e+00,-1.000000000000000000e+00,-1.000000000000000000e+00,-1.000000000000000000e+00,-1.000000000000000000e+00,-1.000000000000000000e+00,-1.000000000000000000e+00,-1.000000000000000000e+00,-1.000000000000000000e+00,-1.000000000000000000e+00,-1.000000000000000000e+00,-1.000000000000000000e+00,-1.000000000000000000e+00,-1.000000000000000000e+00,-1.000000000000000000e+00,-1.000000000000000000e+00,-1.000000000000000000e+00,-1.000000000000000000e+00,-1.000000000000000000e+00,-1.000000000000000000e+00,-1.000000000000000000e+00,-1.000000000000000000e+00,-1.000000000000000000e+00,-1.000000000000000000e+00,-1.000000000000000000e+00,-1.000000000000000000e+00,-1.000000000000000000e+00,-1.000000000000000000e+00,-1.000000000000000000e+00,-1.000000000000000000e+00,-1.000000000000000000e+00,-1.000000000000000000e+00,-1.000000000000000000e+00,-1.000000000000000000e+00,-1.000000000000000000e+00,-1.000000000000000000e+00,-1.000000000000000000e+00
-1.000000000000000000e+00,-1.000000000000000000e+00,-1.000000000000000000e+00,-1.000000000000000000e+00,-1.000000000000000000e+00,-1.000000000000000000e+00,-1.000000000000000000e+00,-1.000000000000000000e+00,-1.000000000000000000e+00,-1.000000000000000000e+00,-1.000000000000000000e+00,-1.000000000000000000e+00,-1.000000000000000000e+00,-1.000000000000000000e+00,-1.000000000000000000e+00,-1.000000000000000000e+00,-1.000000000000000000e+00,-1.000000000000000000e+00,-1.000000000000000000e+00,-1.000000000000000000e+00,-1.000000000000000000e+00,-1.000000000000000000e+00,-1.000000000000000000e+00,-1.000000000000000000e+00,-1.000000000000000000e+00,-1.000000000000000000e+00,-1.000000000000000000e+00,-1.000000000000000000e+00,-1.000000000000000000e+00,-1.000000000000000000e+00,-1.000000000000000000e+00,-1.000000000000000000e+00,-1.000000000000000000e+00,-1.000000000000000000e+00,-1.000000000000000000e+00,-1.000000000000000000e+00,-1.000000000000000000e+00,-1.000000000000000000e+00,-1.000000000000000000e+00,-1.000000000000000000e+00,-1.000000000000000000e+00,-1.000000000000000000e+00,-1.000000000000000000e+00,-1.000000000000000000e+00,-1.000000000000000000e+00,-1.000000000000000000e+00,-1.314069237184652961e+00,-1.314078556271993659e+00,-1.314103834313721242e+00,-1.314135774300192017e+00,-1.314154216742696502e+00,-1.314119541720779161e+00,-1.313957044885844416e+00,-1.313530139486892123e+00,-1.312596139118168415e+00,-1.310736117712040238e+00,-1.307248149031019047e+00,-1.300992036642711014e+00,-1.290174960681352623e+00,-1.272073435413364928e+00,-1.242700376534862983e+00,-1.196450009718221574e+00,-1.125791301053977067e+00,-1.021137491314539014e+00,-8.711055821915868469e-01,-6.635190507435275720e-01,-3.877454320033035806e-01,-3.935147202270483646e-02,3.714620262429915165e-01,8.063464354336191686e-01,1.183121628032190564e+00,1.382052038636499613e+00,1.382051679782418052e+00,1.183120607189831031e+00,8.063449022562225732e-01,3.714601673980990615e-01,-3.935348163592111703e-02,-3.877474577533399636e-01,-6.635210067389201161e-01,-8.711074270763583538e-01,-1.021139216903044211e+00,-1.125792920575600542e+00,-1.196451547071075261e+00,-1.242701857440303481e+00,-1.272074883405096335e+00,-1.290176394177112051e+00,-1.300993468860973445e+00,-1.307249587683180003e+00,-1.310737567546764071e+00,-1.312597603036050664e+00,-1.313531619210700496e+00,-1.313958540802855568e+00,-1.314121052564625192e+00,-1.314155741319074089e+00,-1.314137306729702637e+00,-1.314105375030815814e+00,-1.314080101739371509e+00,-1.314070785916755302e+00,-1.000000000000000000e+00,-1.000000000000000000e+00,-1.000000000000000000e+00,-1.000000000000000000e+00,-1.000000000000000000e+00,-1.000000000000000000e+00,-1.000000000000000000e+00,-1.000000000000000000e+00,-1.000000000000000000e+00,-1.000000000000000000e+00,-1.000000000000000000e+00,-1.000000000000000000e+00,-1.000000000000000000e+00,-1.000000000000000000e+00,-1.000000000000000000e+00,-1.000000000000000000e+00,-1.000000000000000000e+00,-1.000000000000000000e+00,-1.000000000000000000e+00,-1.000000000000000000e+00,-1.000000000000000000e+00,-1.000000000000000000e+00,-1.000000000000000000e+00,-1.000000000000000000e+00,-1.000000000000000000e+00,-1.000000000000000000e+00,-1.000000000000000000e+00,-1.000000000000000000e+00,-1.000000000000000000e+00,-1.000000000000000000e+00,-1.000000000000000000e+00,-1.000000000000000000e+00,-1.000000000000000000e+00,-1.000000000000000000e+00,-1.000000000000000000e+00,-1.000000000000000000e+00,-1.000000000000000000e+00,-1.000000000000000000e+00,-1.000000000000000000e+00,-1.000000000000000000e+00,-1.000000000000000000e+00,-1.000000000000000000e+00,-1.000000000000000000e+00,-1.000000000000000000e+00,-1.000000000000000000e+00,-1.000000000000000000e+00
-1.000000000000000000e+00,-1.000000000000000000e+00,-1.000000000000000000e+00,-1.000000000000000000e+00,-1.000000000000000000e+00,-1.000000000000000000e+00,-1.000000000000000000e+00,-1.000000000000000000e+00,-1.000000000000000000e+00,-1.000000000000000000e+00,-1.000000000000000000e+00,-1.000000000000000000e+00,-1.000000000000000000e+00,-1.000000000000000000e+00,-1.000000000000000000e+00,-1.000000000000000000e+00,-1.000000000000000000e+00,-1.000000000000000000e+00,-1.000000000000000000e+00,-1.000000000000000000e+00,-1.000000000000000000e+00,-1.000000000000000000e+00,-1.000000000000000000e+00,-1.000000000000000000e+00,-1.000000000000000000e+00,-1.000000000000000000e+00,-1.000000000000000000e+00,-1.000000000000000000e+00,-1.000000000000000000e+00,-1.000000000000000000e+00,-1.000000000000000000e+00,-1.000000000000000000e+00,-1.000000000000000000e+00,-1.000000000000000000e+00,-1.000000000000000000e+00,-1.000000000000000000e+00,-1.000000000000000000e+00,-1.000000000000000000e+00,-1.000000000000000000e+00,-1.000000000000000000e+00,-1.000000000000000000e+00,-1.000000000000000000e+00,-1.000000000000000000e+00,-1.000000000000000000e+00,-1.000000000000000000e+00,-1.000000000000000000e+00,-1.313997985639676402e+00,-1.314007312777356828e+00,-1.314032608715399064e+00,-1.314064577145747315e+00,-1.314083056604274491e+00,-1.314048431683149554e+00,-1.313886004605002711e+00,-1.313459201049694602e+00,-1.312525357167710682e+00,-1.310665585510707221e+00,-1.307178023054544891e+00,-1.300922573714246688e+00,-1.290106569649160928e+00,-1.272006746561365365e+00,-1.242636326345276432e+00,-1.196389933191424726e+00,-1.125737013655396801e+00,-1.021091330789258622e+00,-8.710703669151702577e-01,-6.634979010138610800e-01,-3.877414022982877961e-01,-3.936696532222372369e-02,3.714260345052811108e-01,8.062912316332575546e-01,1.183051356171112900e+00,1.381973560941694323e+00,1.381973190201796875e+00,1.183050302161805956e+00,8.062896506778061134e-01,3.714241221894236666e-01,-3.936902471933600989e-02,-3.877434663624828026e-01,-6.634998783631146368e-01,-8.710722126044438962e-01,-1.021093035052585529e+00,-1.125738589253462152e+00,-1.196391404276532455e+00,-1.242637718724121765e+00,-1.272008083557698122e+00,-1.290107869433481769e+00,-1.300923849292134671e+00,-1.307179281887069333e+00,-1.310666831779820685e+00,-1.312526593668829067e+00,-1.313460430266888412e+00,-1.313887228813245489e+00,-1.314049652759515130e+00,-1.314084276865394862e+00,-1.314065794991015501e+00,-1.314033830412242976e+00,-1.314008537068368732e+00,-1.313999214905553270e+00,-1.000000000000000000e+00,-1.000000000000000000e+00,-1.000000000000000000e+00,-1.000000000000000000e+00,-1.000000000000000000e+00,-1.000000000000000000e+00,-1.000000000000000000e+00,-1.000000000000000000e+00,-1.000000000000000000e+00,-1.000000000000000000e+00,-1.000000000000000000e+00,-1.000000000000000000e+00,-1.000000000000000000e+00,-1.000000000000000000e+00,-1.000000000000000000e+00,-1.000000000000000000e+00,-1.000000000000000000e+00,-1.000000000000000000e+00,-1.000000000000000000e+00,-1.000000000000000000e+00,-1.000000000000000000e+00,-1.000000000000000000e+00,-1.000000000000000000e+00,-1.000000000000000000e+00,-1.000000000000000000e+00,-1.000000000000000000e+00,-1.000000000000000000e+00,-1.000000000000000000e+00,-1.000000000000000000e+00,-1.000000000000000000e+00,-1.000000000000000000e+00,-1.000000000000000000e+00,-1.000000000000000000e+00,-1.000000000000000000e+00,-1.000000000000000000e+00,-1.000000000000000000e+00,-1.000000000000000000e+00,-1.000000000000000000e+00,-1.000000000000000000e+00,-1.000000000000000000e+00,-1.000000000000000000e+00,-1.000000000000000000e+00,-1.000000000000000000e+00,-1.000000000000000000e+00,-1.000000000000000000e+00,-1.000000000000000000e+00
-1.000000000000000000e+00,-1.000000000000000000e+00,-1.000000000000000000e+00,-1.000000000000000000e+00,-1.000000000000000000e+00,-1.000000000000000000e+00,-1.000000000000000000e+00,-1.000000000000000000e+00,-1.000000000000000000e+00,-1.000000000000000000e+00,-1.000000000000000000e+00,-1.000000000000000000e+00,-1.000000000000000000e+00,-1.000000000000000000e+00,-1.000000000000000000e+00,-1.000000000000000000e+00,-1.000000000000000000e+00,-1.000000000000000000e+00,-1.000000000000000000e+00,-1.000000000000000000e+00,-1.000000000000000000e+00,-1.000000000000000000e+00,-1.000000000000000000e+00,-1.000000000000000000e+00,-1.000000000000000000e+00,-1.000000000000000000e+00,-1.000000000000000000e+00,-1.000000000000000000e+00,-1.000000000000000000e+00,-1.000000000000000000e+00,-1.000000000000000000e+00,-1.000000000000000000e+00,-1.000000000000000000e+00,-1.000000000000000000e+00,-1.000000000000000000e+00,-1.000000000000000000e+00,-1.000000000000000000e+00,-1.000000000000000000e+00,-1.000000000000000000e+00,-1.000000000000000000e+00,-1.000000000000000000e+00,-1.000000000000000000e+00,-1.000000000000000000e+00,-1.000000000000000000e+00,-1.000000000000000000e+00,-1.000000000000000000e+00,-1.313923039510520141e+00,-1.313932377158582687e+00,-1.313957698588106737e+00,-1.313989707477307922e+00,-1.314008241113165276e+00,-1.313973687862076023e+00,-1.313811356743421088e+00,-1.313384685586840517e+00,-1.312451032889899949e+00,-1.310591550191305688e+00,-1.307104438977396477e+00,-1.300849706323722765e+00,-1.290034841323556947e+00,-1.271936808634376526e+00,-1.242569146855439621e+00,-1.196326892273774423e+00,-1.125679987731583065e+00,-1.021042734699026511e+00,-8.710331092843774936e-01,-6.634751978900759184e-01,-3.877363957905421987e-01,-3.938211803082625195e-02,3.713897389571423346e-01,8.062351428836587175e-01,1.182979758760897671e+00,1.381893517702399432e+00,1.381893135206329060e+00,1.182978672722708513e+00,8.062335180296738013e-01,3.713877809014216602e-01,-3.938421538068503924e-02,-3.877384816102669163e-01,-6.634771743905056862e-01,-8.710349268802014544e-01,-1.021044381135261858e+00,-1.125681474686032857e+00,-1.196328243542082115e+00,-1.242570387876109850e+00,-1.271937962059782823e+00,-1.290035924713321736e+00,-1.300850732191423997e+00,-1.307105414533816790e+00,-1.310592479247599140e+00,-1.312451918173449750e+00,-1.313385530052426198e+00,-1.313812164204123833e+00,-1.313974463325242148e+00,-1.314008990974421254e+00,-1.313990436226432079e+00,-1.313958420044914810e+00,-1.313933095250047867e+00,-1.313923763063102435e+00,-1.000000000000000000e+00,-1.000000000000000000e+00,-1.000000000000000000e+00,-1.000000000000000000e+00,-1.000000000000000000e+00,-1.000000000000000000e+00,-1.000000000000000000e+00,-1.000000000000000000e+00,-1.000000000000000000e+00,-1.000000000000000000e+00,-1.000000000000000000e+00,-1.000000000000000000e+00,-1.000000000000000000e+00,-1.000000000000000000e+00,-1.000000000000000000e+00,-1.000000000000000000e+00,-1.000000000000000000e+00,-1.000000000000000000e+00,-1.000000000000000000e+00,-1.000000000000000000e+00,-1.000000000000000000e+00,-1.000000000000000000e+00,-1.000000000000000000e+00,-1.000000000000000000e+00,-1.000000000000000000e+00,-1.000000000000000000e+00,-1.000000000000000000e+00,-1.000000000000000000e+00,-1.000000000000000000e+00,-1.000000000000000000e+00,-1.000000000000000000e+00,-1.000000000000000000e+00,-1.000000000000000000e+00,-1.000000000000000000e+00,-1.000000000000000000e+00,-1.000000000000000000e+00,-1.000000000000000000e+00,-1.000000000000000000e+00,-1.000000000000000000e+00,-1.000000000000000000e+00,-1.000000000000000000e+00,-1.000000000000000000e+00,-1.000000000000000000e+00,-1.000000000000000000e+00,-1.000000000000000000e+00,-1.000000000000000000e+00
-1.000000000000000000e+00,-1.000000000000000000e+00,-1.000000000000000000e+00,-1.000000000000000000e+00,-1.000000000000000000e+00,-1.000000000000000000e+00,-1.000000000000000000e+00,-1.000000000000000000e+00,-1.000000000000000000e+00,-1.000000000000000000e+00,-1.000000000000000000e+00,-1.000000000000000000e+00,-1.000000000000000000e+00,-1.000000000000000000e+00,-1.000000000000000000e+00,-1.000000000000000000e+00,-1.000000000000000000e+00,-1.000000000000000000e+00,-1.000000000000000000e+00,-1.000000000000000000e+00,-1.000000000000000000e+00,-1.000000000000000000e+00,-1.000000000000000000e+00,-1.000000000000000000e+00,-1.000000000000000000e+00,-1.000000000000000000e+00,-1.000000000000000000e+00,-1.000000000000000000e+00,-1.000000000000000000e+00,-1.000000000000000000e+00,-1.000000000000000000e+00,-1.000000000000000000e+00,-1.000000000000000000e+00,-1.000000000000000000e+00,-1.000000000000000000e+00,-1.000000000000000000e+00,-1.000000000000000000e+00,-1.000000000000000000e+00,-1.000000000000000000e+00,-1.000000000000000000e+00,-1.000000000000000000e+00,-1.000000000000000000e+00,-1.000000000000000000e+00,-1.000000000000000000e+00,-1.000000000000000000e+00,-1.000000000000000000e+00,-1.313844042302913628e+00,-1.313853393730943786e+00,-1.313878752510101444e+00,-1.313910822015790680e+00,-1.313929438894129165e+00,-1.313894993822683599e+00,-1.313732801946416950e+00,-1.313306312238592177e+00,-1.312372904621842196e+00,-1.310513769363695014e+00,-1.307027173315710611e+00,-1.300773229165047562e+00,-1.289959587571263055e+00,-1.271863449336704033e+00,-1.242498679859949995e+00,-1.196260740606764905e+00,-1.125620086021094979e+00,-1.020991571571996159e+00,-8.709936795471153737e-01,-6.634508082982233379e-01,-3.877302702135018153e-01,-3.939677271656327751e-02,3.713533170452880672e-01,8.061783687244559182e-01,1.182907054809867020e+00,1.381812138949058522e+00,1.381811745831110994e+00,1.182905940302168446e+00,8.061767069721328394e-01,3.713513252747924209e-01,-3.939888984009654038e-02,-3.877323523898231761e-01,-6.634527502911791164e-01,-8.709954262691022020e-01,-1.020993107217171625e+00,-1.125621420037347331e+00,-1.196261895138748033e+00,-1.242499678986014544e+00,-1.271864314298621901e+00,-1.289960334710543499e+00,-1.300773869862559273e+00,-1.307027714095543081e+00,-1.310514213720326726e+00,-1.312373255615838730e+00,-1.313306573827417889e+00,-1.313732979955887226e+00,-1.313895096847560895e+00,-1.313929478185916766e+00,-1.313910809856632778e+00,-1.313878711934151067e+00,-1.313853337193339632e+00,-1.313843988771014715e+00,-1.000000000000000000e+00,-1.000000000000000000e+00,-1.000000000000000000e+00,-1.000000000000000000e+00,-1.000000000000000000e+00,-1.000000000000000000e+00,-1.000000000000000000e+00,-1.000000000000000000e+00,-1.000000000000000000e+00,-1.000000000000000000e+00,-1.000000000000000000e+00,-1.000000000000000000e+00,-1.000000000000000000e+00,-1.000000000000000000e+00,-1.000000000000000000e+00,-1.000000000000000000e+00,-1.000000000000000000e+00,-1.000000000000000000e+00,-1.000000000000000000e+00,-1.000000000000000000e+00,-1.000000000000000000e+00,-1.000000000000000000e+00,-1.000000000000000000e+00,-1.000000000000000000e+00,-1.000000000000000000e+00,-1.000000000000000000e+00,-1.000000000000000000e+00,-1.000000000000000000e+00,-1.000000000000000000e+00,-1.000000000000000000e+00,-1.000000000000000000e+00,-1.000000000000000000e+00,-1.000000000000000000e+00,-1.000000000000000000e+00,-1.000000000000000000e+00,-1.000000000000000000e+00,-1.000000000000000000e+00,-1.000000000000000000e+00,-1.000000000000000000e+00,-1.000000000000000000e+00,-1.000000000000000000e+00,-1.000000000000000000e+00,-1.000000000000000000e+00,-1.000000000000000000e+00,-1.000000000000000000e+00,-1.000000000000000000e+00
-1.000000000000000000e+00,-1.000000000000000000e+00,-1.000000000000000000e+00,-1.000000000000000000e+00,-1.000000000000000000e+00,-1.000000000000000000e+00,-1.000000000000000000e+00,-1.000000000000000000e+00,-1.000000000000000000e+00,-1.000000000000000000e+00,-1.000000000000000000e+00,-1.000000000000000000e+00,-1.000000000000000000e+00,-1.000000000000000000e+00,-1.000000000000000000e+00,-1.000000000000000000e+00,-1.000000000000000000e+00,-1.000000000000000000e+00,-1.000000000000000000e+00,-1.000000000000000000e+00,-1.000000000000000000e+00,-1.000000000000000000e+00,-1.000000000000000000e+00,-1.000000000000000000e+00,-1.000000000000000000e+00,-1.000000000000000000e+00,-1.000000000000000000e+00,-1.000000000000000000e+00,-1.000000000000000000e+00,-1.000000000000000000e+00,-1.000000000000000000e+00,-1.000000000000000000e+00,-1.000000000000000000e+00,-1.000000000000000000e+00,-1.000000000000000000e+00,-1.000000000000000000e+00,-1.000000000000000000e+00,-1.000000000000000000e+00,-1.000000000000000000e+00,-1.000000000000000000e+00,-1.000000000000000000e+00,-1.000000000000000000e+00,-1.000000000000000000e+00,-1.000000000000000000e+00,-1.000000000000000000e+00,-1.000000000000000000e+00,-1.313760480691648747e+00,-1.313769851486315865e+00,-1.313795267473670370e+00,-1.313827431412186275e+00,-1.313846179218724153e+00,-1.313811901520291592e+00,-1.313649917764481367e+00,-1.313223686161183013e+00,-1.312290606288764927e+00,-1.310431906068285635e+00,-1.306945917875448337e+00,-1.300692861842794201e+00,-1.289880554317289763e+00,-1.271786438929536356e+00,-1.242424717430319125e+00,-1.196191288927407337e+00,-1.125557134150783734e+00,-1.020937677521136511e+00,-8.709519192003737365e-01,-6.634245731763507292e-01,-3.877228592195712809e-01,-3.941074883568995713e-02,3.713169693874343036e-01,8.061211328584672042e-01,1.182833488786730225e+00,1.381729680792146198e+00,1.381729279269719335e+00,1.182832352632628314e+00,8.061194462818295214e-01,3.713149626491660804e-01,-3.941285858028231726e-02,-3.877249004534664145e-01,-6.634264316019226060e-01,-8.709535330846611689e-01,-1.020939026129256355e+00,-1.125558223032296024e+00,-1.196192136620415569e+00,-1.242425344945046639e+00,-1.271786864748493562e+00,-1.289880792468497850e+00,-1.300692921529135626e+00,-1.306945804039550740e+00,-1.310431621507634148e+00,-1.312290154681756471e+00,-1.313223073483694492e+00,-1.313649153337553388e+00,-1.313810999211218133e+00,-1.313845157127188967e+00,-1.313826312067702951e+00,-1.313794085436434278e+00,-1.313768631743439164e+00,-1.313759257055083340e+00,-1.000000000000000000e+00,-1.000000000000000000e+00,-1.000000000000000000e+00,-1.000000000000000000e+00,-1.000000000000000000e+00,-1.000000000000000000e+00,-1.000000000000000000e+00,-1.000000000000000000e+00,-1.000000000000000000e+00,-1.000000000000000000e+00,-1.000000000000000000e+00,-1.000000000000000000e+00,-1.000000000000000000e+00,-1.000000000000000000e+00,-1.000000000000000000e+00,-1.000000000000000000e+00,-1.000000000000000000e+00,-1.000000000000000000e+00,-1.000000000000000000e+00,-1.000000000000000000e+00,-1.000000000000000000e+00,-1.000000000000000000e+00,-1.000000000000000000e+00,-1.000000000000000000e+00,-1.000000000000000000e+00,-1.000000000000000000e+00,-1.000000000000000000e+00,-1.000000000000000000e+00,-1.000000000000000000e+00,-1.000000000000000000e+00,-1.000000000000000000e+00,-1.000000000000000000e+00,-1.000000000000000000e+00,-1.000000000000000000e+00,-1.000000000000000000e+00,-1.000000000000000000e+00,-1.000000000000000000e+00,-1.000000000000000000e+00,-1.000000000000000000e+00,-1.000000000000000000e+00,-1.000000000000000000e+00,-1.000000000000000000e+00,-1.000000000000000000e+00,-1.000000000000000000e+00,-1.000000000000000000e+00,-1.000000000000000000e+00
-1.000000000000000000e+00,-1.000000000000000000e+00,-1.000000000000000000e+00,-1.000000000000000000e+00,-1.000000000000000000e+00,-1.000000000000000000e+00,-1.000000000000000000e+00,-1.000000000000000000e+00,-1.000000000000000000e+00,-1.000000000000000000e+00,-1.000000000000000000e+00,-1.000000000000000000e+00,-1.000000000000000000e+00,-1.000000000000000000e+00,-1.000000000000000000e+00,-1.000000000000000000e+00,-1.000000000000000000e+00,-1.000000000000000000e+00,-1.000000000000000000e+00,-1.000000000000000000e+00,-1.000000000000000000e+00,-1.000000000000000000e+00,-1.000000000000000000e+00,-1.000000000000000000e+00,-1.000000000000000000e+00,-1.000000000000000000e+00,-1.000000000000000000e+00,-1.000000000000000000e+00,-1.000000000000000000e+00,-1.000000000000000000e+00,-1.000000000000000000e+00,-1.000000000000000000e+00,-1.000000000000000000e+00,-1.000000000000000000e+00,-1.000000000000000000e+00,-1.000000000000000000e+00,-1.000000000000000000e+00,-1.000000000000000000e+00,-1.000000000000000000e+00,-1.000000000000000000e+00,-1.000000000000000000e+00,-1.000000000000000000e+00,-1.000000000000000000e+00,-1.000000000000000000e+00,-1.000000000000000000e+00,-1.000000000000000000e+00,-1.313671613602248378e+00,-1.313681013826788924e+00,-1.313706520006936884e+00,-1.313738833338300438e+00,-1.313757787807442234e+00,-1.313723770573765659e+00,-1.313562102100384044e+00,-1.313136246647690353e+00,-1.312203620490832057e+00,-1.310345486946848270e+00,-1.306860242963908236e+00,-1.300608216913804460e+00,-1.289797394060626878e+00,-1.271705466789069705e+00,-1.242346982084793217e+00,-1.196118288463432267e+00,-1.125490906896328802e+00,-1.020880845000811110e+00,-8.709076317972986869e-01,-6.633962997892477453e-01,-3.877139656179318106e-01,-3.942383649997238670e-02,3.712809254120681413e-01,8.060636879333198390e-01,1.182759334962734332e+00,1.381646430196744824e+00,1.381646023828411174e+00,1.182758188284099621e+00,8.060619957442283212e-01,3.712789320548546268e-01,-3.942589907853943920e-02,-3.877159121644260242e-01,-6.633980045938897563e-01,-8.709090245246330353e-01,-1.020881897804098326e+00,-1.125491619008274879e+00,-1.196118672189881771e+00,-1.242347052809804397e+00,-1.271705237844933833e+00,-1.289796875074984861e+00,-1.300607413198063167e+00,-1.306859156590408855e+00,-1.310344119303149535e+00,-1.312201975878862337e+00,-1.313134334108908119e+00,-1.313559936593365673e+00,-1.313721374303489453e+00,-1.313755189639108423e+00,-1.313736070375776332e+00,-1.313703642659748372e+00,-1.313678065441399090e+00,-1.313668649183521442e+00,-1.000000000000000000e+00,-1.000000000000000000e+00,-1.000000000000000000e+00,-1.000000000000000000e+00,-1.000000000000000000e+00,-1.000000000000000000e+00,-1.000000000000000000e+00,-1.000000000000000000e+00,-1.000000000000000000e+00,-1.000000000000000000e+00,-1.000000000000000000e+00,-1.000000000000000000e+00,-1.000000000000000000e+00,-1.000000000000000000e+00,-1.000000000000000000e+00,-1.000000000000000000e+00,-1.000000000000000000e+00,-1.000000000000000000e+00,-1.000000000000000000e+00,-1.000000000000000000e+00,-1.000000000000000000e+00,-1.000000000000000000e+00,-1.000000000000000000e+00,-1.000000000000000000e+00,-1.000000000000000000e+00,-1.000000000000000000e+00,-1.000000000000000000e+00,-1.000000000000000000e+00,-1.000000000000000000e+00,-1.000000000000000000e+00,-1.000000000000000000e+00,-1.000000000000000000e+00,-1.000000000000000000e+00,-1.000000000000000000e+00,-1.000000000000000000e+00,-1.000000000000000000e+00,-1.000000000000000000e+00,-1.000000000000000000e+00,-1.000000000000000000e+00,-1.000000000000000000e+00,-1.000000000000000000e+00,-1.000000000000000000e+00,-1.000000000000000000e+00,-1.000000000000000000e+00,-1.000000000000000000e+00,-1.000000000000000000e+00
-1.000000000000000000e+00,-1.000000000000000000e+00,-1.000000000000000000e+00,-1.000000000000000000e+00,-1.000000000000000000e+00,-1.000000000000000000e+00,-1.000000000000000000e+00,-1.000000000000000000e+00,-1.000000000000000000e+00,-1.000000000000000000e+00,-1.000000000000000000e+00,-1.000000000000000000e+00,-1.000000000000000000e+00,-1.000000000000000000e+00,-1.000000000000000000e+00,-1.000000000000000000e+00,-1.000000000000000000e+00,-1.000000000000000000e+00,-1.000000000000000000e+00,-1.000000000000000000e+00,-1.000000000000000000e+00,-1.000000000000000000e+00,-1.000000000000000000e+00,-1.000000000000000000e+00,-1.000000000000000000e+00,-1.000000000000000000e+00,-1.000000000000000000e+00,-1.000000000000000000e+00,-1.000000000000000000e+00,-1.000000000000000000e+00,-1.000000000000000000e+00,-1.000000000000000000e+00,-1.000000000000000000e+00,-1.000000000000000000e+00,-1.000000000000000000e+00,-1.000000000000000000e+00,-1.000000000000000000e+00,-1.000000000000000000e+00,-1.000000000000000000e+00,-1.000000000000000000e+00,-1.000000000000000000e+00,-1.000000000000000000e+00,-1.000000000000000000e+00,-1.000000000000000000e+00,-1.000000000000000000e+00,-1.000000000000000000e+00,-1.313576367614248896e+00,-1.313585814463129164e+00,-1.313611463850199446e+00,-1.313644013379080100e+00,-1.313663292327173160e+00,-1.313629679508177439e+00,-1.313468491100912905e+00,-1.313043192263706693e+00,-1.312111211149655787e+00,-1.310253842413372061e+00,-1.306769544901251523e+00,-1.300518754397449905e+00,-1.289709626912386220e+00,-1.271620108397351068e+00,-1.242265099088690095e+00,-1.196041407874030682e+00,-1.125421109098695638e+00,-1.020820807026096899e+00,-8.708605698824763985e-01,-6.633657510512509514e-01,-3.877033529314870552e-01,-3.943578966540384201e-02,3.712454497546677779e-01,8.060063221673985367e-01,1.182684903737400983e+00,1.381562710764751234e+00,1.381562304724526236e+00,1.182683762610646117e+00,8.060046523493369364e-01,3.712435114228656019e-01,-3.943774696601920482e-02,-3.877051276270905289e-01,-6.633672031288505577e-01,-8.708616169437815024e-01,-1.020821410303336618e+00,-1.125421257748117521e+00,-1.196041104349683915e+00,-1.242264349460927564e+00,-1.271618917029121443e+00,-1.289707995380362071e+00,-1.300516681141723696e+00,-1.306767027087913924e+00,-1.310250878979854150e+00,-1.312107806933535237e+00,-1.313039360540270595e+00,-1.313464255217459131e+00,-1.313625074452200892e+00,-1.313658363874246282e+00,-1.313638820262037932e+00,-1.313606080018517197e+00,-1.313580310814305818e+00,-1.313570829811942176e+00,-1.000000000000000000e+00,-1.000000000000000000e+00,-1.000000000000000000e+00,-1.000000000000000000e+00,-1.000000000000000000e+00,-1.000000000000000000e+00,-1.000000000000000000e+00,-1.000000000000000000e+00,-1.000000000000000000e+00,-1.000000000000000000e+00,-1.000000000000000000e+00,-1.000000000000000000e+00,-1.000000000000000000e+00,-1.000000000000000000e+00,-1.000000000000000000e+00,-1.000000000000000000e+00,-1.000000000000000000e+00,-1.000000000000000000e+00,-1.000000000000000000e+00,-1.000000000000000000e+00,-1.000000000000000000e+00,-1.000000000000000000e+00,-1.000000000000000000e+00,-1.000000000000000000e+00,-1.000000000000000000e+00,-1.000000000000000000e+00,-1.000000000000000000e+00,-1.000000000000000000e+00,-1.000000000000000000e+00,-1.000000000000000000e+00,-1.000000000000000000e+00,-1.000000000000000000e+00,-1.000000000000000000e+00,-1.000000000000000000e+00,-1.000000000000000000e+00,-1.000000000000000000e+00,-1.000000000000000000e+00,-1.000000000000000000e+00,-1.000000000000000000e+00,-1.000000000000000000e+00,-1.000000000000000000e+00,-1.000000000000000000e+00,-1.000000000000000000e+00,-1.000000000000000000e+00,-1.000000000000000000e+00,-1.000000000000000000e+00
-1.000000000000000000e+00,-1.000000000000000000e+00,-1.000000000000000000e+00,-1.000000000000000000e+00,-1.000000000000000000e+00,-1.000000000000000000e+00,-1.000000000000000000e+00,-1.000000000000000000e+00,-1.000000000000000000e+00,-1.000000000000000000e+00,-1.000000000000000000e+00,-1.000000000000000000e+00,-1.000000000000000000e+00,-1.000000000000000000e+00,-1.000000000000000000e+00,-1.000000000000000000e+00,-1.000000000000000000e+00,-1.000000000000000000e+00,-1.000000000000000000e+00,-1.000000000000000000e+00,-1.000000000000000000e+00,-1.000000000000000000e+00,-1.000000000000000000e+00,-1.000000000000000000e+00,-1.000000000000000000e+00,-1.000000000000000000e+00,-1.000000000000000000e+00,-1.000000000000000000e+00,-1.000000000000000000e+00,-1.000000000000000000e+00,-1.000000000000000000e+00,-1.000000000000000000e+00,-1.000000000000000000e+00,-1.000000000000000000e+00,-1.000000000000000000e+00,-1.000000000000000000e+00,-1.000000000000000000e+00,-1.000000000000000000e+00,-1.000000000000000000e+00,-1.000000000000000000e+00,-1.000000000000000000e+00,-1.000000000000000000e+00,-1.000000000000000000e+00,-1.000000000000000000e+00,-1.000000000000000000e+00,-1.000000000000000000e+00,-1.313473183328409455e+00,-1.313482704586943717e+00,-1.313508580083523558e+00,-1.313541500249748584e+00,-1.313561284662307926e+00,-1.313528296707104692e+00,-1.313367840091642869e+00,-1.312943372651139695e+00,-1.312012326575067389e+00,-1.310156020911592778e+00,-1.306672971069025468e+00,-1.300423717023130310e+00,-1.289616585317238773e+00,-1.271529778689754364e+00,-1.242178557499953762e+00,-1.195960201106587295e+00,-1.125347349538164954e+00,-1.020757216246037880e+00,-8.708104181555076373e-01,-6.633326314422482994e-01,-3.876907332304564413e-01,-3.944631608215820595e-02,3.712108501060005228e-01,8.059493661960555055e-01,1.182610548487324387e+00,1.381478889492981033e+00,1.381478491150322174e+00,1.182609435572151479e+00,8.059477586510803704e-01,3.712090267398551191e-01,-3.944808520941001095e-02,-3.876922271080202043e-01,-6.633336913997212037e-01,-8.708109443508134095e-01,-1.020757153436418596e+00,-1.125346671247828834e+00,-1.195958894452004539e+00,-1.242176613541861263e+00,-1.271527186935873743e+00,-1.289613333533966566e+00,-1.300419791821970206e+00,-1.306668361124875721e+00,-1.310150720801033231e+00,-1.312006341485485450e+00,-1.312936721803887208e+00,-1.313360559122098703e+00,-1.313520439675098350e+00,-1.313552923109611026e+00,-1.313532725204628271e+00,-1.313499501431712346e+00,-1.313473435040111381e+00,-1.313463853770559853e+00,-1.000000000000000000e+00,-1.000000000000000000e+00,-1.000000000000000000e+00,-1.000000000000000000e+00,-1.000000000000000000e+00,-1.000000000000000000e+00,-1.000000000000000000e+00,-1.000000000000000000e+00,-1.000000000000000000e+00,-1.000000000000000000e+00,-1.000000000000000000e+00,-1.000000000000000000e+00,-1.000000000000000000e+00,-1.000000000000000000e+00,-1.000000000000000000e+00,-1.000000000000000000e+00,-1.000000000000000000e+00,-1.000000000000000000e+00,-1.000000000000000000e+00,-1.000000000000000000e+00,-1.000000000000000000e+00,-1.000000000000000000e+00,-1.000000000000000000e+00,-1.000000000000000000e+00,-1.000000000000000000e+00,-1.000000000000000000e+00,-1.000000000000000000e+00,-1.000000000000000000e+00,-1.000000000000000000e+00,-1.000000000000000000e+00,-1.000000000000000000e+00,-1.000000000000000000e+00,-1.000000000000000000e+00,-1.000000000000000000e+00,-1.000000000000000000e+00,-1.000000000000000000e+00,-1.000000000000000000e+00,-1.000000000000000000e+00,-1.000000000000000000e+00,-1.000000000000000000e+00,-1.000000000000000000e+00,-1.000000000000000000e+00,-1.000000000000000000e+00,-1.000000000000000000e+00,-1.000000000000000000e+00,-1.000000000000000000e+00
-1.000000000000000000e+00,-1.000000000000000000e+00,-1.000000000000000000e+00,-1.000000000000000000e+00,-1.000000000000000000e+00,-1.000000000000000000e+00,-1.000000000000000000e+00,-1.000000000000000000e+00,-1.000000000000000000e+00,-1.000000000000000000e+00,-1.000000000000000000e+00,-1.000000000000000000e+00,-1.000000000000000000e+00,-1.000000000000000000e+00,-1.000000000000000000e+00,-1.000000000000000000e+00,-1.000000000000000000e+00,-1.000000000000000000e+00,-1.000000000000000000e+00,-1.000000000000000000e+00,-1.000000000000000000e+00,-1.000000000000000000e+00,-1.000000000000000000e+00,-1.000000000000000000e+00,-1.000000000000000000e+00,-1.000000000000000000e+00,-1.000000000000000000e+00,-1.000000000000000000e+00,-1.000000000000000000e+00,-1.000000000000000000e+00,-1.000000000000000000e+00,-1.000000000000000000e+00,-1.000000000000000000e+00,-1.000000000000000000e+00,-1.000000000000000000e+00,-1.000000000000000000e+00,-1.000000000000000000e+00,-1.000000000000000000e+00,-1.000000000000000000e+00,-1.000000000000000000e+00,-1.000000000000000000e+00,-1.000000000000000000e+00,-1.000000000000000000e+00,-1.000000000000000000e+00,-1.000000000000000000e+00,-1.000000000000000000e+00,-1.313359789520535115e+00,-1.313369428465188449e+00,-1.313395657552856921e+00,-1.313429154348487948e+00,-1.313449720485675654e+00,-1.313417693277292742e+00,-1.313258351411052516e+00,-1.312835132437384367e+00,-1.311905459974689991e+00,-1.310050665986625118e+00,-1.306569313017889478e+00,-1.300322038494209798e+00,-1.289517336352771659e+00,-1.271433667055052785e+00,-1.242086656330424921e+00,-1.195874063053684155e+00,-1.125269104591741787e+00,-1.020689615594867261e+00,-8.707567705080051512e-01,-6.632965693814681929e-01,-3.876757528155572174e-01,-3.945506458147940432e-02,3.711774881846561236e-01,8.058932017870092945e-01,1.182536672928476307e+00,1.381395383927394693e+00,1.381395003879358097e+00,1.182535620553172517e+00,8.058917130623355352e-01,3.711758639768847345e-01,-3.945652987546410806e-02,-3.876768134218183670e-01,-6.632970415636465500e-01,-8.707565299777699774e-01,-1.020688583023800389e+00,-1.125267229351302634e+00,-1.195871308051782878e+00,-1.242082988579241709e+00,-1.271429052323201025e+00,-1.289511740058300049e+00,-1.300315427779217714e+00,-1.306561662000009338e+00,-1.310041961145803846e+00,-1.311895705986689364e+00,-1.312824356792202440e+00,-1.313246607744705807e+00,-1.313405063926559979e+00,-1.313436315649766373e+00,-1.313415113297690118e+00,-1.313381145113075688e+00,-1.313354620650532878e+00,-1.313344884626439502e+00,-1.000000000000000000e+00,-1.000000000000000000e+00,-1.000000000000000000e+00,-1.000000000000000000e+00,-1.000000000000000000e+00,-1.000000000000000000e+00,-1.000000000000000000e+00,-1.000000000000000000e+00,-1.000000000000000000e+00,-1.000000000000000000e+00,-1.000000000000000000e+00,-1.000000000000000000e+00,-1.000000000000000000e+00,-1.000000000000000000e+00,-1.000000000000000000e+00,-1.000000000000000000e+00,-1.000000000000000000e+00,-1.000000000000000000e+00,-1.000000000000000000e+00,-1.000000000000000000e+00,-1.000000000000000000e+00,-1.000000000000000000e+00,-1.000000000000000000e+00,-1.000000000000000000e+00,-1.000000000000000000e+00,-1.000000000000000000e+00,-1.000000000000000000e+00,-1.000000000000000000e+00,-1.000000000000000000e+00,-1.000000000000000000e+00,-1.000000000000000000e+00,-1.000000000000000000e+00,-1.000000000000000000e+00,-1.000000000000000000e+00,-1.000000000000000000e+00,-1.000000000000000000e+00,-1.000000000000000000e+00,-1.000000000000000000e+00,-1.000000000000000000e+00,-1.000000000000000000e+00,-1.000000000000000000e+00,-1.000000000000000000e+00,-1.000000000000000000e+00,-1.000000000000000000e+00,-1.000000000000000000e+00,-1.000000000000000000e+00
-1.000000000000000000e+00,-1.000000000000000000e+00,-1.000000000000000000e+00,-1.000000000000000000e+00,-1.000000000000000000e+00,-1.000000000000000000e+00,-1.000000000000000000e+00,-1.000000000000000000e+00,-1.000000000000000000e+00,-1.000000000000000000e+00,-1.000000000000000000e+00,-1.000000000000000000e+00,-1.000000000000000000e+00,-1.000000000000000000e+00,-1.000000000000000000e+00,-1.000000000000000000e+00,-1.000000000000000000e+00,-1.000000000000000000e+00,-1.000000000000000000e+00,-1.000000000000000000e+00,-1.000000000000000000e+00,-1.000000000000000000e+00,-1.000000000000000000e+00,-1.000000000000000000e+00,-1.000000000000000000e+00,-1.000000000000000000e+00,-1.000000000000000000e+00,-1.000000000000000000e+00,-1.000000000000000000e+00,-1.000000000000000000e+00,-1.000000000000000000e+00,-1.000000000000000000e+00,-1.000000000000000000e+00,-1.000000000000000000e+00,-1.000000000000000000e+00,-1.000000000000000000e+00,-1.000000000000000000e+00,-1.000000000000000000e+00,-1.000000000000000000e+00,-1.000000000000000000e+00,-1.000000000000000000e+00,-1.000000000000000000e+00,-1.000000000000000000e+00,-1.000000000000000000e+00,-1.000000000000000000e+00,-1.000000000000000000e+00,-1.313232873445456139e+00,-1.313242696230670692e+00,-1.313269473241212237e+00,-1.313303860468266748e+00,-1.313325628531360811e+00,-1.313295072273084063e+00,-1.313137426033635480e+00,-1.312716086774272206e+00,-1.311788449549796676e+00,-1.309935840772578963e+00,-1.306456854476219176e+00,-1.300212213595355992e+00,-1.289410572181259429e+00,-1.271330646245652618e+00,-1.241988429940695804e+00,-1.195782169302418652e+00,-1.125185669933784105e+00,-1.020617399416785975e+00,-8.706990986148466227e-01,-6.632570925657812477e-01,-3.876579738010019760e-01,-3.946161094831757143e-02,3.711457916982752181e-01,8.058382719276053763e-01,1.182463739477138009e+00,1.381312669804830140e+00,1.381312322993573538e+00,1.182462793177105898e+00,8.058369809321428434e-01,3.711444832662873505e-01,-3.946261204006207279e-02,-3.876583889792905024e-01,-6.632567044603349116e-01,-8.706977487509620639e-01,-1.020614973003808768e+00,-1.125182079374456912e+00,-1.195777339796403993e+00,-1.241982290567715586e+00,-1.271323125424027145e+00,-1.289401600042029639e+00,-1.300201726162912852e+00,-1.306444801696982516e+00,-1.309922194516095928e+00,-1.311773211666223293e+00,-1.312699295646605924e+00,-1.313119161271894875e+00,-1.313275457937330248e+00,-1.313304832484313955e+00,-1.313282094175182602e+00,-1.313246985174710391e+00,-1.313219757877470473e+00,-1.313209784145024761e+00,-1.000000000000000000e+00,-1.000000000000000000e+00,-1.000000000000000000e+00,-1.000000000000000000e+00,-1.000000000000000000e+00,-1.000000000000000000e+00,-1.000000000000000000e+00,-1.000000000000000000e+00,-1.000000000000000000e+00,-1.000000000000000000e+00,-1.000000000000000000e+00,-1.000000000000000000e+00,-1.000000000000000000e+00,-1.000000000000000000e+00,-1.000000000000000000e+00,-1.000000000000000000e+00,-1.000000000000000000e+00,-1.000000000000000000e+00,-1.000000000000000000e+00,-1.000000000000000000e+00,-1.000000000000000000e+00,-1.000000000000000000e+00,-1.000000000000000000e+00,-1.000000000000000000e+00,-1.000000000000000000e+00,-1.000000000000000000e+00,-1.000000000000000000e+00,-1.000000000000000000e+00,-1.000000000000000000e+00,-1.000000000000000000e+00,-1.000000000000000000e+00,-1.000000000000000000e+00,-1.000000000000000000e+00,-1.000000000000000000e+00,-1.000000000000000000e+00,-1.000000000000000000e+00,-1.000000000000000000e+00,-1.000000000000000000e+00,-1.000000000000000000e+00,-1.000000000000000000e+00,-1.000000000000000000e+00,-1.000000000000000000e+00,-1.000000000000000000e+00,-1.000000000000000000e+00,-1.000000000000000000e+00,-1.000000000000000000e+00
-1.000000000000000000e+00,-1.000000000000000000e+00,-1.000000000000000000e+00,-1.000000000000000000e+00,-1.000000000000000000e+00,-1.000000000000000000e+00,-1.000000000000000000e+00,-1.000000000000000000e+00,-1.000000000000000000e+00,-1.000000000000000000e+00,-1.000000000000000000e+00,-1.000000000000000000e+00,-1.000000000000000000e+00,-1.000000000000000000e+00,-1.000000000000000000e+00,-1.000000000000000000e+00,-1.000000000000000000e+00,-1.000000000000000000e+00,-1.000000000000000000e+00,-1.000000000000000000e+00,-1.000000000000000000e+00,-1.000000000000000000e+00,-1.000000000000000000e+00,-1.000000000000000000e+00,-1.000000000000000000e+00,-1.000000000000000000e+00,-1.000000000000000000e+00,-1.000000000000000000e+00,-1.000000000000000000e+00,-1.000000000000000000e+00,-1.000000000000000000e+00,-1.000000000000000000e+00,-1.000000000000000000e+00,-1.000000000000000000e+00,-1.000000000000000000e+00,-1.000000000000000000e+00,-1.000000000000000000e+00,-1.000000000000000000e+00,-1.000000000000000000e+00,-1.000000000000000000e+00,-1.000000000000000000e+00,-1.000000000000000000e+00,-1.000000000000000000e+00,-1.000000000000000000e+00,-1.000000000000000000e+00,-1.000000000000000000e+00,-1.313087601274900429e+00,-1.313097708235910543e+00,-1.313125328221812493e+00,-1.313161082448888628e+00,-1.313184690107454422e+00,-1.313156377992021451e+00,-1.313001306169726323e+00,-1.312582799386178500e+00,-1.311658192866284489e+00,-1.309808778420461506e+00,-1.306333156545453900e+00,-1.300092115965484130e+00,-1.289294457509992498e+00,-1.271219146234442210e+00,-1.241882544987858772e+00,-1.195683393145862139e+00,-1.125096094934020075e+00,-1.020539762510143778e+00,-8.706367123528424568e-01,-6.632135967706029867e-01,-3.876368501362361663e-01,-3.946544082230674100e-02,3.711162663477560741e-01,8.057850898591629729e-01,1.182392276295869848e+00,1.381231287133220409e+00,1.381230994100981491e+00,1.182391498897717330e+00,8.057841052556840022e-01,3.711154342754514612e-01,-3.946575638700977606e-02,-3.876363270248153192e-01,-6.632119717525906122e-01,-8.706337779511356123e-01,-1.020535351667686275e+00,-1.125090064653874178e+00,-1.195675610905599040e+00,-1.241872880771936360e+00,-1.271207470053312028e+00,-1.289280644198796733e+00,-1.300076052528372550e+00,-1.306314753927914296e+00,-1.309787983403394307e+00,-1.311634999867840490e+00,-1.312557260251635105e+00,-1.312973537184548345e+00,-1.313126564231255733e+00,-1.313153085010266619e+00,-1.313128005497508077e+00,-1.313091154596690124e+00,-1.313062853101956362e+00,-1.313052515962374933e+00,-1.000000000000000000e+00,-1.000000000000000000e+00,-1.000000000000000000e+00,-1.000000000000000000e+00,-1.000000000000000000e+00,-1.000000000000000000e+00,-1.000000000000000000e+00,-1.000000000000000000e+00,-1.000000000000000000e+00,-1.000000000000000000e+00,-1.000000000000000000e+00,-1.000000000000000000e+00,-1.000000000000000000e+00,-1.000000000000000000e+00,-1.000000000000000000e+00,-1.000000000000000000e+00,-1.000000000000000000e+00,-1.000000000000000000e+00,-1.000000000000000000e+00,-1.000000000000000000e+00,-1.000000000000000000e+00,-1.000000000000000000e+00,-1.000000000000000000e+00,-1.000000000000000000e+00,-1.000000000000000000e+00,-1.000000000000000000e+00,-1.000000000000000000e+00,-1.000000000000000000e+00,-1.000000000000000000e+00,-1.000000000000000000e+00,-1.000000000000000000e+00,-1.000000000000000000e+00,-1.000000000000000000e+00,-1.000000000000000000e+00,-1.000000000000000000e+00,-1.000000000000000000e+00,-1.000000000000000000e+00,-1.000000000000000000e+00,-1.000000000000000000e+00,-1.000000000000000000e+00,-1.000000000000000000e+00,-1.000000000000000000e+00,-1.000000000000000000e+00,-1.000000000000000000e+00,-1.000000000000000000e+00,-1.000000000000000000e+00
-1.000000000000000000e+00,-1.000000000000000000e+00,-1.000000000000000000e+00,-1.000000000000000000e+00,-1.000000000000000000e+00,-1.000000000000000000e+00,-1.000000000000000000e+00,-1.000000000000000000e+00,-1.000000000000000000e+00,-1.000000000000000000e+00,-1.000000000000000000e+00,-1.000000000000000000e+00,-1.000000000000000000e+00,-1.000000000000000000e+00,-1.000000000000000000e+00,-1.000000000000000000e+00,-1.000000000000000000e+00,-1.000000000000000000e+00,-1.000000000000000000e+00,-1.000000000000000000e+00,-1.000000000000000000e+00,-1.000000000000000000e+00,-1.000000000000000000e+00,-1.000000000000000000e+00,-1.000000000000000000e+00,-1.000000000000000000e+00,-1.000000000000000000e+00,-1.000000000000000000e+00,-1.000000000000000000e+00,-1.000000000000000000e+00,-1.000000000000000000e+00,-1.000000000000000000e+00,-1.000000000000000000e+00,-1.000000000000000000e+00,-1.000000000000000000e+00,-1.000000000000000000e+00,-1.000000000000000000e+00,-1.000000000000000000e+00,-1.000000000000000000e+00,-1.000000000000000000e+00,-1.000000000000000000e+00,-1.000000000000000000e+00,-1.000000000000000000e+00,-1.000000000000000000e+00,-1.000000000000000000e+00,-1.000000000000000000e+00,-1.312916924621226666e+00,-1.312927467506918244e+00,-1.312956377473411207e+00,-1.312994220835395076e+00,-1.313020633699445439e+00,-1.312995734844827789e+00,-1.312844563649836038e+00,-1.312430323540732413e+00,-1.311510241404116872e+00,-1.309665529424846708e+00,-1.306194755574302313e+00,-1.299958743209060463e+00,-1.289166417830359901e+00,-1.271096980942465482e+00,-1.241767160672623715e+00,-1.195576194211985799e+00,-1.124999094824694179e+00,-1.020455632126282541e+00,-8.705687088293063702e-01,-6.631653085296211891e-01,-3.876117004690521339e-01,-3.946593121461738907e-02,3.710895065218575706e-01,8.057342439949362056e-01,1.182322878437316760e+00,1.381151839574656925e+00,1.381151628199988046e+00,1.182322355494924260e+00,8.057337140989251356e-01,3.710893705921942676e-01,-3.946525794702737677e-02,-3.876098374561429694e-01,-6.631619284799469272e-01,-8.705635335235544225e-01,-1.020448417912970029e+00,-1.124989616112492152e+00,-1.195564230887600443e+00,-1.241752492131727115e+00,-1.271079386961326385e+00,-1.289145687136813656e+00,-1.299934685885229868e+00,-1.306167220323333877e+00,-1.309634421211300914e+00,-1.311475539082491037e+00,-1.312392094806602572e+00,-1.312802975953422102e+00,-1.312951061815091913e+00,-1.312973255028658581e+00,-1.312944617042708151e+00,-1.312905114522293415e+00,-1.312875176350999373e+00,-1.312864285531670783e+00,-1.000000000000000000e+00,-1.000000000000000000e+00,-1.000000000000000000e+00,-1.000000000000000000e+00,-1.000000000000000000e+00,-1.000000000000000000e+00,-1.000000000000000000e+00,-1.000000000000000000e+00,-1.000000000000000000e+00,-1.000000000000000000e+00,-1.000000000000000000e+00,-1.000000000000000000e+00,-1.000000000000000000e+00,-1.000000000000000000e+00,-1.000000000000000000e+00,-1.000000000000000000e+00,-1.000000000000000000e+00,-1.000000000000000000e+00,-1.000000000000000000e+00,-1.000000000000000000e+00,-1.000000000000000000e+00,-1.000000000000000000e+00,-1.000000000000000000e+00,-1.000000000000000000e+00,-1.000000000000000000e+00,-1.000000000000000000e+00,-1.000000000000000000e+00,-1.000000000000000000e+00,-1.000000000000000000e+00,-1.000000000000000000e+00,-1.000000000000000000e+00,-1.000000000000000000e+00,-1.000000000000000000e+00,-1.000000000000000000e+00,-1.000000000000000000e+00,-1.000000000000000000e+00,-1.000000000000000000e+00,-1.000000000000000000e+00,-1.000000000000000000e+00,-1.000000000000000000e+00,-1.000000000000000000e+00,-1.000000000000000000e+00,-1.000000000000000000e+00,-1.000000000000000000e+00,-1.000000000000000000e+00,-1.000000000000000000e+00
-1.000000000000000000e+00,-1.000000000000000000e+00,-1.000000000000000000e+00,-1.000000000000000000e+00,-1.000000000000000000e+00,-1.000000000000000000e+00,-1.000000000000000000e+00,-1.000000000000000000e+00,-1.000000000000000000e+00,-1.000000000000000000e+00,-1.000000000000000000e+00,-1.000000000000000000e+00,-1.000000000000000000e+00,-1.000000000000000000e+00,-1.000000000000000000e+00,-1.000000000000000000e+00,-1.000000000000000000e+00,-1.000000000000000000e+00,-1.000000000000000000e+00,-1.000000000000000000e+00,-1.000000000000000000e+00,-1.000000000000000000e+00,-1.000000000000000000e+00,-1.000000000000000000e+00,-1.000000000000000000e+00,-1.000000000000000000e+00,-1.000000000000000000e+00,-1.000000000000000000e+00,-1.000000000000000000e+00,-1.000000000000000000e+00,-1.000000000000000000e+00,-1.000000000000000000e+00,-1.000000000000000000e+00,-1.000000000000000000e+00,-1.000000000000000000e+00,-1.000000000000000000e+00,-1.000000000000000000e+00,-1.000000000000000000e+00,-1.000000000000000000e+00,-1.000000000000000000e+00,-1.000000000000000000e+00,-1.000000000000000000e+00,-1.000000000000000000e+00,-1.000000000000000000e+00,-1.000000000000000000e+00,-1.000000000000000000e+00,-1.312710584143099046e+00,-1.312721792186251069e+00,-1.312752668155951596e+00,-1.312793692467193019e+00,-1.312824369139191205e+00,-1.312804646688972454e+00,-1.312659372004648439e+00,-1.312251551366337310e+00,-1.311338228585120058e+00,-1.309500467059760087e+00,-1.306036742346080359e+00,-1.299807864371708588e+00,-1.289022848558956102e+00,-1.270961111904205687e+00,-1.241639739896369443e+00,-1.195458470421820074e+00,-1.124892936732461379e+00,-1.020363581516748219e+00,-8.704939085748115701e-01,-6.631112408789291424e-01,-3.875816801401489320e-01,-3.946233557921352553e-02,3.710661987354149094e-01,8.056863914034921859e-01,1.182256194031196195e+00,1.381074977088668110e+00,1.381074885061169599e+00,1.182256041302455873e+00,8.056865173212501841e-01,3.710670575980552499e-01,-3.946026073090891373e-02,-3.875779293155700023e-01,-6.631053962891282350e-01,-8.704855901720109923e-01,-1.020352433286102922e+00,-1.124878610022754799e+00,-1.195440613608545588e+00,-1.241617995390513984e+00,-1.270935121408741431e+00,-1.288992267639257339e+00,-1.299772383015922683e+00,-1.305996110597363646e+00,-1.309454521349064038e+00,-1.311286918289889858e+00,-1.312194961767999102e+00,-1.312597741475237001e+00,-1.312738376742154101e+00,-1.312754024891484850e+00,-1.312719993570642174e+00,-1.312676466273139164e+00,-1.312644041543998830e+00,-1.312632309410525222e+00,-1.000000000000000000e+00,-1.000000000000000000e+00,-1.000000000000000000e+00,-1.000000000000000000e+00,-1.000000000000000000e+00,-1.000000000000000000e+00,-1.000000000000000000e+00,-1.000000000000000000e+00,-1.000000000000000000e+00,-1.000000000000000000e+00,-1.000000000000000000e+00,-1.000000000000000000e+00,-1.000000000000000000e+00,-1.000000000000000000e+00,-1.000000000000000000e+00,-1.000000000000000000e+00,-1.000000000000000000e+00,-1.000000000000000000e+00,-1.000000000000000000e+00,-1.000000000000000000e+00,-1.000000000000000000e+00,-1.000000000000000000e+00,-1.000000000000000000e+00,-1.000000000000000000e+00,-1.000000000000000000e+00,-1.000000000000000000e+00,-1.000000000000000000e+00,-1.000000000000000000e+00,-1.000000000000000000e+00,-1.000000000000000000e+00,-1.000000000000000000e+00,-1.000000000000000000e+00,-1.000000000000000000e+00,-1.000000000000000000e+00,-1.000000000000000000e+00,-1.000000000000000000e+00,-1.000000000000000000e+00,-1.000000000000000000e+00,-1.000000000000000000e+00,-1.000000000000000000e+00,-1.000000000000000000e+00,-1.000000000000000000e+00,-1.000000000000000000e+00,-1.000000000000000000e+00,-1.000000000000000000e+00,-1.000000000000000000e+00
-1.000000000000000000e+00,-1.000000000000000000e+00,-1.000000000000000000e+00,-1.000000000000000000e+00,-1.000000000000000000e+00,-1.000000000000000000e+00,-1.000000000000000000e+00,-1.000000000000000000e+00,-1.000000000000000000e+00,-1.000000000000000000e+00,-1.000000000000000000e+00,-1.000000000000000000e+00,-1.000000000000000000e+00,-1.000000000000000000e+00,-1.000000000000000000e+00,-1.000000000000000000e+00,-1.000000000000000000e+00,-1.000000000000000000e+00,-1.000000000000000000e+00,-1.000000000000000000e+00,-1.000000000000000000e+00,-1.000000000000000000e+00,-1.000000000000000000e+00,-1.000000000000000000e+00,-1.000000000000000000e+00,-1.000000000000000000e+00,-1.000000000000000000e+00,-1.000000000000000000e+00,-1.000000000000000000e+00,-1.000000000000000000e+00,-1.000000000000000000e+00,-1.000000000000000000e+00,-1.000000000000000000e+00,-1.000000000000000000e+00,-1.000000000000000000e+00,-1.000000000000000000e+00,-1.000000000000000000e+00,-1.000000000000000000e+00,-1.000000000000000000e+00,-1.000000000000000000e+00,-1.000000000000000000e+00,-1.000000000000000000e+00,-1.000000000000000000e+00,-1.000000000000000000e+00,-1.000000000000000000e+00,-1.000000000000000000e+00,-1.312453690451459209e+00,-1.312465909313251133e+00,-1.312499771190609898e+00,-1.312545622705722392e+00,-1.312582760055079678e+00,-1.312570864945593163e+00,-1.312434481037687117e+00,-1.312036300911310516e+00,-1.311133070874121787e+00,-1.309305600152990134e+00,-1.305852180962808529e+00,-1.299633536992308658e+00,-1.288858720624062038e+00,-1.270807331568528653e+00,-1.241496799022535624e+00,-1.195327363958416989e+00,-1.124775293365277484e+00,-1.020261723486268313e+00,-8.704107814238903895e-01,-6.630501462506042110e-01,-3.875457578973515727e-01,-3.945378141408029116e-02,3.710471052823802740e-01,8.056422244090286622e-01,1.182192877446448520e+00,1.381001342245532726e+00,1.381001420356388731e+00,1.182193250797941797e+00,8.056432771428285733e-01,3.710493618766332879e-01,-3.944974688273228391e-02,-3.875393757157054031e-01,-6.630408704437336098e-01,-8.703980854702445535e-01,-1.020245086709152815e+00,-1.124754185086719094e+00,-1.195301236582155147e+00,-1.241465088832952812e+00,-1.270769470584584893e+00,-1.288814160712593360e+00,-1.299581782426720400e+00,-1.305792826594799561e+00,-1.309238371313730775e+00,-1.311057863857011174e+00,-1.311953218397004406e+00,-1.312343859156131165e+00,-1.312473289310898128e+00,-1.312479067302359859e+00,-1.312436886365241584e+00,-1.312387268749157343e+00,-1.312351077776375829e+00,-1.312338070918171562e+00,-1.000000000000000000e+00,-1.000000000000000000e+00,-1.000000000000000000e+00,-1.000000000000000000e+00,-1.000000000000000000e+00,-1.000000000000000000e+00,-1.000000000000000000e+00,-1.000000000000000000e+00,-1.000000000000000000e+00,-1.000000000000000000e+00,-1.000000000000000000e+00,-1.000000000000000000e+00,-1.000000000000000000e+00,-1.000000000000000000e+00,-1.000000000000000000e+00,-1.000000000000000000e+00,-1.000000000000000000e+00,-1.000000000000000000e+00,-1.000000000000000000e+00,-1.000000000000000000e+00,-1.000000000000000000e+00,-1.000000000000000000e+00,-1.000000000000000000e+00,-1.000000000000000000e+00,-1.000000000000000000e+00,-1.000000000000000000e+00,-1.000000000000000000e+00,-1.000000000000000000e+00,-1.000000000000000000e+00,-1.000000000000000000e+00,-1.000000000000000000e+00,-1.000000000000000000e+00,-1.000000000000000000e+00,-1.000000000000000000e+00,-1.000000000000000000e+00,-1.000000000000000000e+00,-1.000000000000000000e+00,-1.000000000000000000e+00,-1.000000000000000000e+00,-1.000000000000000000e+00,-1.000000000000000000e+00,-1.000000000000000000e+00,-1.000000000000000000e+00,-1.000000000000000000e+00,-1.000000000000000000e+00,-1.000000000000000000e+00
-1.000000000000000000e+00,-1.000000000000000000e+00,-1.000000000000000000e+00,-1.000000000000000000e+00,-1.000000000000000000e+00,-1.000000000000000000e+00,-1.000000000000000000e+00,-1.000000000000000000e+00,-1.000000000000000000e+00,-1.000000000000000000e+00,-1.000000000000000000e+00,-1.000000000000000000e+00,-1.000000000000000000e+00,-1.000000000000000000e+00,-1.000000000000000000e+00,-1.000000000000000000e+00,-1.000000000000000000e+00,-1.000000000000000000e+00,-1.000000000000000000e+00,-1.000000000000000000e+00,-1.000000000000000000e+00,-1.000000000000000000e+00,-1.000000000000000000e+00,-1.000000000000000000e+00,-1.000000000000000000e+00,-1.000000000000000000e+00,-1.000000000000000000e+00,-1.000000000000000000e+00,-1.000000000000000000e+00,-1.000000000000000000e+00,-1.000000000000000000e+00,-1.000000000000000000e+00,-1.000000000000000000e+00,-1.000000000000000000e+00,-1.000000000000000000e+00,-1.000000000000000000e+00,-1.000000000000000000e+00,-1.000000000000000000e+00,-1.000000000000000000e+00,-1.000000000000000000e+00,-1.000000000000000000e+00,-1.000000000000000000e+00,-1.000000000000000000e+00,-1.000000000000000000e+00,-1.000000000000000000e+00,-1.000000000000000000e+00,-1.312124726795875551e+00,-1.312138476201492931e+00,-1.312176857476488934e+00,-1.312230009480430226e+00,-1.312276903921119953e+00,-1.312276806824588027e+00,-1.312153788682414612e+00,-1.311770050174437152e+00,-1.310881865857344231e+00,-1.309069631120668653e+00,-1.305631317884174969e+00,-1.299427454749641830e+00,-1.288667052475046315e+00,-1.270629844749363135e+00,-1.241333583404440999e+00,-1.195179015438107673e+00,-1.124643062309319097e+00,-1.020147584572529631e+00,-8.703173671587075555e-01,-6.629804765486910778e-01,-3.875027112661224571e-01,-3.943929887816066682e-02,3.710330039236113819e-01,8.056023805671752580e-01,1.182133474946469143e+00,1.380931443023773131e+00,1.380931759218658517e+00,1.182134582767120357e+00,8.056047227430838120e-01,3.710371982627596044e-01,-3.943255448248805806e-02,-3.874926942902519045e-01,-6.629664593788224813e-01,-8.702986126961462787e-01,-1.020123332224046608e+00,-1.124612514083920045e+00,-1.195141332876723084e+00,-1.241287894288738203e+00,-1.270575265617474248e+00,-1.288602726547069866e+00,-1.299352601439526467e+00,-1.305545290160895044e+00,-1.308971976684725202e+00,-1.310772389102850655e+00,-1.311648866915696265e+00,-1.312021368706861146e+00,-1.312133999645267224e+00,-1.312124942414916617e+00,-1.312070488951104119e+00,-1.312011687277082617e+00,-1.311969811641206185e+00,-1.311954879979661870e+00,-1.000000000000000000e+00,-1.000000000000000000e+00,-1.000000000000000000e+00,-1.000000000000000000e+00,-1.000000000000000000e+00,-1.000000000000000000e+00,-1.000000000000000000e+00,-1.000000000000000000e+00,-1.000000000000000000e+00,-1.000000000000000000e+00,-1.000000000000000000e+00,-1.000000000000000000e+00,-1.000000000000000000e+00,-1.000000000000000000e+00,-1.000000000000000000e+00,-1.000000000000000000e+00,-1.000000000000000000e+00,-1.000000000000000000e+00,-1.000000000000000000e+00,-1.000000000000000000e+00,-1.000000000000000000e+00,-1.000000000000000000e+00,-1.000000000000000000e+00,-1.000000000000000000e+00,-1.000000000000000000e+00,-1.000000000000000000e+00,-1.000000000000000000e+00,-1.000000000000000000e+00,-1.000000000000000000e+00,-1.000000000000000000e+00,-1.000000000000000000e+00,-1.000000000000000000e+00,-1.000000000000000000e+00,-1.000000000000000000e+00,-1.000000000000000000e+00,-1.000000000000000000e+00,-1.000000000000000000e+00,-1.000000000000000000e+00,-1.000000000000000000e+00,-1.000000000000000000e+00,-1.000000000000000000e+00,-1.000000000000000000e+00,-1.000000000000000000e+00,-1.000000000000000000e+00,-1.000000000000000000e+00,-1.000000000000000000e+00
-1.000000000000000000e+00,-1.000000000000000000e+00,-1.000000000000000000e+00,-1.000000000000000000e+00,-1.000000000000000000e+00,-1.000000000000000000e+00,-1.000000000000000000e+00,-1.000000000000000000e+00,-1.000000000000000000e+00,-1.000000000000000000e+00,-1.000000000000000000e+00,-1.000000000000000000e+00,-1.000000000000000000e+00,-1.000000000000000000e+00,-1.000000000000000000e+00,-1.000000000000000000e+00,-1.000000000000000000e+00,-1.000000000000000000e+00,-1.000000000000000000e+00,-1.000000000000000000e+00,-1.000000000000000000e+00,-1.000000000000000000e+00,-1.000000000000000000e+00,-1.000000000000000000e+00,-1.000000000000000000e+00,-1.000000000000000000e+00,-1.000000000000000000e+00,-1.000000000000000000e+00,-1.000000000000000000e+00,-1.000000000000000000e+00,-1.000000000000000000e+00,-1.000000000000000000e+00,-1.000000000000000000e+00,-1.000000000000000000e+00,-1.000000000000000000e+00,-1.000000000000000000e+00,-1.000000000000000000e+00,-1.000000000000000000e+00,-1.000000000000000000e+00,-1.000000000000000000e+00,-1.000000000000000000e+00,-1.000000000000000000e+00,-1.000000000000000000e+00,-1.000000000000000000e+00,-1.000000000000000000e+00,-1.000000000000000000e+00,-1.311692780522485613e+00,-1.311708838464328952e+00,-1.311754034102905031e+00,-1.311818184914990582e+00,-1.311879759300706549e+00,-1.311897379493404792e+00,-1.311794383473223080e+00,-1.311432209215354305e+00,-1.310566395984017696e+00,-1.308776685184786182e+00,-1.305360523743589685e+00,-1.299178083725237354e+00,-1.288438219206280877e+00,-1.270420728201306693e+00,-1.241143656284206198e+00,-1.195008262218657080e+00,-1.124492154940262889e+00,-1.020017969237350552e+00,-8.702112045175205424e-01,-6.629003699108970693e-01,-3.874511673664310374e-01,-3.941791534038052713e-02,3.710245391027653383e-01,8.055672413511851815e-01,1.182078179419781883e+00,1.380865383941575431e+00,1.380866028248876276e+00,1.182080297994920315e+00,8.055713546053371310e-01,3.710313902389574814e-01,-3.940745870482864621e-02,-3.874361694226181596e-01,-6.628798459060090131e-01,-8.701841153649370053e-01,-1.019983206908709805e+00,-1.124448530948886305e+00,-1.194954509112691632e+00,-1.241078444182598828e+00,-1.270342702815670854e+00,-1.288346059209286132e+00,-1.299070575379597470e+00,-1.305236647612768142e+00,-1.308635709509906375e+00,-1.310407971166352992e+00,-1.311256452425711760e+00,-1.311601945570694205e+00,-1.311689486425329010e+00,-1.311658219725399199e+00,-1.311585359861848321e+00,-1.311512765568070948e+00,-1.311462345096779281e+00,-1.311444519030021016e+00,-1.000000000000000000e+00,-1.000000000000000000e+00,-1.000000000000000000e+00,-1.000000000000000000e+00,-1.000000000000000000e+00,-1.000000000000000000e+00,-1.000000000000000000e+00,-1.000000000000000000e+00,-1.000000000000000000e+00,-1.000000000000000000e+00,-1.000000000000000000e+00,-1.000000000000000000e+00,-1.000000000000000000e+00,-1.000000000000000000e+00,-1.000000000000000000e+00,-1.000000000000000000e+00,-1.000000000000000000e+00,-1.000000000000000000e+00,-1.000000000000000000e+00,-1.000000000000000000e+00,-1.000000000000000000e+00,-1.000000000000000000e+00,-1.000000000000000000e+00,-1.000000000000000000e+00,-1.000000000000000000e+00,-1.000000000000000000e+00,-1.000000000000000000e+00,-1.000000000000000000e+00,-1.000000000000000000e+00,-1.000000000000000000e+00,-1.000000000000000000e+00,-1.000000000000000000e+00,-1.000000000000000000e+00,-1.000000000000000000e+00,-1.000000000000000000e+00,-1.000000000000000000e+00,-1.000000000000000000e+00,-1.000000000000000000e+00,-1.000000000000000000e+00,-1.000000000000000000e+00,-1.000000000000000000e+00,-1.000000000000000000e+00,-1.000000000000000000e+00,-1.000000000000000000e+00,-1.000000000000000000e+00,-1.000000000000000000e+00
-1.000000000000000000e+00,-1.000000000000000000e+00,-1.000000000000000000e+00,-1.000000000000000000e+00,-1.000000000000000000e+00,-1.000000000000000000e+00,-1.000000000000000000e+00,-1.000000000000000000e+00,-1.000000000000000000e+00,-1.000000000000000000e+00,-1.000000000000000000e+00,-1.000000000000000000e+00,-1.000000000000000000e+00,-1.000000000000000000e+00,-1.000000000000000000e+00,-1.000000000000000000e+00,-1.000000000000000000e+00,-1.000000000000000000e+00,-1.000000000000000000e+00,-1.000000000000000000e+00,-1.000000000000000000e+00,-1.000000000000000000e+00,-1.000000000000000000e+00,-1.000000000000000000e+00,-1.000000000000000000e+00,-1.000000000000000000e+00,-1.000000000000000000e+00,-1.000000000000000000e+00,-1.000000000000000000e+00,-1.000000000000000000e+00,-1.000000000000000000e+00,-1.000000000000000000e+00,-1.000000000000000000e+00,-1.000000000000000000e+00,-1.000000000000000000e+00,-1.000000000000000000e+00,-1.000000000000000000e+00,-1.000000000000000000e+00,-1.000000000000000000e+00,-1.000000000000000000e+00,-1.000000000000000000e+00,-1.000000000000000000e+00,-1.000000000000000000e+00,-1.000000000000000000e+00,-1.000000000000000000e+00,-1.000000000000000000e+00,-1.311113782597069344e+00,-1.311133306722922276e+00,-1.311188730307234929e+00,-1.311269376221700256e+00,-1.311352937600824387e+00,-1.311397046288535151e+00,-1.311323914893204323e+00,-1.310993809959981382e+00,-1.310161139579249179e+00,-1.308404632647260479e+00,-1.305020907932461727e+00,-1.298869544103381291e+00,-1.288159071905655040e+00,-1.270169255723895496e+00,-1.240918398590696192e+00,-1.194808285669252124e+00,-1.124317267753665694e+00,-1.019868835645491911e+00,-8.700892979856666987e-01,-6.628077019756335453e-01,-3.873897377979579337e-01,-3.938887774389554508e-02,3.710219069647950896e-01,8.055365244159087279e-01,1.182026343591755069e+00,1.380802336430729138e+00,1.380803427146736873e+00,1.182029836423470481e+00,8.055430438681214778e-01,3.710323659649832351e-01,-3.937337821196207344e-02,-3.873679645529226612e-01,-6.627783071464565801e-01,-8.700508112759565149e-01,-1.019819648782225308e+00,-1.124255625303046013e+00,-1.194732292981262711e+00,-1.240826052885997344e+00,-1.270058505331397303e+00,-1.288027902235701738e+00,-1.298716089930478823e+00,-1.304843583598547019e+00,-1.308202273374856839e+00,-1.309933145163187485e+00,-1.310740275225842799e+00,-1.311045734276653052e+00,-1.311095979886474971e+00,-1.311031625978169801e+00,-1.310931297043947508e+00,-1.310838092853751968e+00,-1.310774893180365330e+00,-1.310752736652344819e+00,-1.000000000000000000e+00,-1.000000000000000000e+00,-1.000000000000000000e+00,-1.000000000000000000e+00,-1.000000000000000000e+00,-1.000000000000000000e+00,-1.000000000000000000e+00,-1.000000000000000000e+00,-1.000000000000000000e+00,-1.000000000000000000e+00,-1.000000000000000000e+00,-1.000000000000000000e+00,-1.000000000000000000e+00,-1.000000000000000000e+00,-1.000000000000000000e+00,-1.000000000000000000e+00,-1.000000000000000000e+00,-1.000000000000000000e+00,-1.000000000000000000e+00,-1.000000000000000000e+00,-1.000000000000000000e+00,-1.000000000000000000e+00,-1.000000000000000000e+00,-1.000000000000000000e+00,-1.000000000000000000e+00,-1.000000000000000000e+00,-1.000000000000000000e+00,-1.000000000000000000e+00,-1.000000000000000000e+00,-1.000000000000000000e+00,-1.000000000000000000e+00,-1.000000000000000000e+00,-1.000000000000000000e+00,-1.000000000000000000e+00,-1.000000000000000000e+00,-1.000000000000000000e+00,-1.000000000000000000e+00,-1.000000000000000000e+00,-1.000000000000000000e+00,-1.000000000000000000e+00,-1.000000000000000000e+00,-1.000000000000000000e+00,-1.000000000000000000e+00,-1.000000000000000000e+00,-1.000000000000000000e+00,-1.000000000000000000e+00
-1.000000000000000000e+00,-1.000000000000000000e+00,-1.000000000000000000e+00,-1.000000000000000000e+00,-1.000000000000000000e+00,-1.000000000000000000e+00,-1.000000000000000000e+00,-1.000000000000000000e+00,-1.000000000000000000e+00,-1.000000000000000000e+00,-1.000000000000000000e+00,-1.000000000000000000e+00,-1.000000000000000000e+00,-1.000000000000000000e+00,-1.000000000000000000e+00,-1.000000000000000000e+00,-1.000000000000000000e+00,-1.000000000000000000e+00,-1.000000000000000000e+00,-1.000000000000000000e+00,-1.000000000000000000e+00,-1.000000000000000000e+00,-1.000000000000000000e+00,-1.000000000000000000e+00,-1.000000000000000000e+00,-1.000000000000000000e+00,-1.000000000000000000e+00,-1.000000000000000000e+00,-1.000000000000000000e+00,-1.000000000000000000e+00,-1.000000000000000000e+00,-1.000000000000000000e+00,-1.000000000000000000e+00,-1.000000000000000000e+00,-1.000000000000000000e+00,-1.000000000000000000e+00,-1.000000000000000000e+00,-1.000000000000000000e+00,-1.000000000000000000e+00,-1.000000000000000000e+00,-1.000000000000000000e+00,-1.000000000000000000e+00,-1.000000000000000000e+00,-1.000000000000000000e+00,-1.000000000000000000e+00,-1.000000000000000000e+00,-1.310325531456801418e+00,-1.310350230962555873e+00,-1.310420920399492983e+00,-1.310526166546844395e+00,-1.310642477559357477e+00,-1.310725973458890969e+00,-1.310697152035326329e+00,-1.310414497216039198e+00,-1.309630696469550992e+00,-1.307922935219195448e+00,-1.304586558582482958e+00,-1.298480207912292350e+00,-1.287811852907000842e+00,-1.269861088959443052e+00,-1.240646433483370226e+00,-1.194570231673333760e+00,-1.124111668470308523e+00,-1.019695224624784125e+00,-8.699481753262739980e-01,-6.627002679811866415e-01,-3.873173308008728277e-01,-3.935210733838445663e-02,3.710242439791169300e-01,8.055085110872066689e-01,1.181975567973088559e+00,1.380739550444814334e+00,1.380741241882644132e+00,1.181980909849431161e+00,8.055182680857224664e-01,3.710395595777065125e-01,-3.932981127428392121e-02,-3.872864075421209584e-01,-6.626588590411756075e-01,-8.698941983966904656e-01,-1.019626355995888245e+00,-1.124025336062849156e+00,-1.194463632292807498e+00,-1.240516583702908848e+00,-1.269704914051647648e+00,-1.287626315222730078e+00,-1.298262473925758664e+00,-1.304334192811607007e+00,-1.307634113088213423e+00,-1.309304421617598635e+00,-1.310050800728985942e+00,-1.310297254172235082e+00,-1.310292387878580156e+00,-1.310179038407901508e+00,-1.310037967001608017e+00,-1.309914157181076177e+00,-1.309831965136759147e+00,-1.309803370134938305e+00,-1.000000000000000000e+00,-1.000000000000000000e+00,-1.000000000000000000e+00,-1.000000000000000000e+00,-1.000000000000000000e+00,-1.000000000000000000e+00,-1.000000000000000000e+00,-1.000000000000000000e+00,-1.000000000000000000e+00,-1.000000000000000000e+00,-1.000000000000000000e+00,-1.000000000000000000e+00,-1.000000000000000000e+00,-1.000000000000000000e+00,-1.000000000000000000e+00,-1.000000000000000000e+00,-1.000000000000000000e+00,-1.000000000000000000e+00,-1.000000000000000000e+00,-1.000000000000000000e+00,-1.000000000000000000e+00,-1.000000000000000000e+00,-1.000000000000000000e+00,-1.000000000000000000e+00,-1.000000000000000000e+00,-1.000000000000000000e+00,-1.000000000000000000e+00,-1.000000000000000000e+00,-1.000000000000000000e+00,-1.000000000000000000e+00,-1.000000000000000000e+00,-1.000000000000000000e+00,-1.000000000000000000e+00,-1.000000000000000000e+00,-1.000000000000000000e+00,-1.000000000000000000e+00,-1.000000000000000000e+00,-1.000000000000000000e+00,-1.000000000000000000e+00,-1.000000000000000000e+00,-1.000000000000000000e+00,-1.000000000000000000e+00,-1.000000000000000000e+00,-1.000000000000000000e+00,-1.000000000000000000e+00,-1.000000000000000000e+00
-1.000000000000000000e+00,-1.000000000000000000e+00,-1.000000000000000000e+00,-1.000000000000000000e+00,-1.000000000000000000e+00,-1.000000000000000000e+00,-1.000000000000000000e+00,-1.000000000000000000e+00,-1.000000000000000000e+00,-1.000000000000000000e+00,-1.000000000000000000e+00,-1.000000000000000000e+00,-1.000000000000000000e+00,-1.000000000000000000e+00,-1.000000000000000000e+00,-1.000000000000000000e+00,-1.000000000000000000e+00,-1.000000000000000000e+00,-1.000000000000000000e+00,-1.000000000000000000e+00,-1.000000000000000000e+00,-1.000000000000000000e+00,-1.000000000000000000e+00,-1.000000000000000000e+00,-1.000000000000000000e+00,-1.000000000000000000e+00,-1.000000000000000000e+00,-1.000000000000000000e+00,-1.000000000000000000e+00,-1.000000000000000000e+00,-1.000000000000000000e+00,-1.000000000000000000e+00,-1.000000000000000000e+00,-1.000000000000000000e+00,-1.000000000000000000e+00,-1.000000000000000000e+00,-1.000000000000000000e+00,-1.000000000000000000e+00,-1.000000000000000000e+00,-1.000000000000000000e+00,-1.000000000000000000e+00,-1.000000000000000000e+00,-1.000000000000000000e+00,-1.000000000000000000e+00,-1.000000000000000000e+00,-1.000000000000000000e+00,-1.309241332209385211e+00,-1.309273705811864863e+00,-1.309367023456173174e+00,-1.309508706204774775e+00,-1.309673467529216095e+00,-1.309815140576840342e+00,-1.309851633954554728e+00,-1.309638745005025751e+00,-1.308926572373535713e+00,-1.307289980076590252e+00,-1.304022391292540384e+00,-1.297981014878228700e+00,-1.287372924240034466e+00,-1.269477363004244630e+00,-1.240313016222112097e+00,-1.194282856843755791e+00,-1.123867060150849362e+00,-1.019491316088722233e+00,-8.697841245581664493e-01,-6.625762037549469685e-01,-3.872337745101693818e-01,-3.930905404480433685e-02,3.710285114176521404e-01,8.054786571923528982e-01,1.181920072083381346e+00,1.380670593619595099e+00,1.380673085516655796e+00,1.181927878253321129e+00,8.054927311941577628e-01,3.710503099569051333e-01,-3.927766885845407341e-02,-3.871905831482030935e-01,-6.625186340047967137e-01,-8.697092320036247104e-01,-1.019395762212130574e+00,-1.123747107468656470e+00,-1.194134398884918902e+00,-1.240131655054364845e+00,-1.269258540701716287e+00,-1.287112112394547037e+00,-1.297673959979639857e+00,-1.303665402102514470e+00,-1.306880245817168662e+00,-1.308462487904301419e+00,-1.309120211712518689e+00,-1.309280306879804456e+00,-1.309194590122498836e+00,-1.309009226020260375e+00,-1.308808181203784393e+00,-1.308639269871622268e+00,-1.308529069394935851e+00,-1.308490975899916808e+00,-1.000000000000000000e+00,-1.000000000000000000e+00,-1.000000000000000000e+00,-1.000000000000000000e+00,-1.000000000000000000e+00,-1.000000000000000000e+00,-1.000000000000000000e+00,-1.000000000000000000e+00,-1.000000000000000000e+00,-1.000000000000000000e+00,-1.000000000000000000e+00,-1.000000000000000000e+00,-1.000000000000000000e+00,-1.000000000000000000e+00,-1.000000000000000000e+00,-1.000000000000000000e+00,-1.000000000000000000e+00,-1.000000000000000000e+00,-1.000000000000000000e+00,-1.000000000000000000e+00,-1.000000000000000000e+00,-1.000000000000000000e+00,-1.000000000000000000e+00,-1.000000000000000000e+00,-1.000000000000000000e+00,-1.000000000000000000e+00,-1.000000000000000000e+00,-1.000000000000000000e+00,-1.000000000000000000e+00,-1.000000000000000000e+00,-1.000000000000000000e+00,-1.000000000000000000e+00,-1.000000000000000000e+00,-1.000000000000000000e+00,-1.000000000000000000e+00,-1.000000000000000000e+00,-1.000000000000000000e+00,-1.000000000000000000e+00,-1.000000000000000000e+00,-1.000000000000000000e+00,-1.000000000000000000e+00,-1.000000000000000000e+00,-1.000000000000000000e+00,-1.000000000000000000e+00,-1.000000000000000000e+00,-1.000000000000000000e+00
-1.000000000000000000e+00,-1.000000000000000000e+00,-1.000000000000000000e+00,-1.000000000000000000e+00,-1.000000000000000000e+00,-1.000000000000000000e+00,-1.000000000000000000e+00,-1.000000000000000000e+00,-1.000000000000000000e+00,-1.000000000000000000e+00,-1.000000000000000000e+00,-1.000000000000000000e+00,-1.000000000000000000e+00,-1.000000000000000000e+00,-1.000000000000000000e+00,-1.000000000000000000e+00,-1.000000000000000000e+00,-1.000000000000000000e+00,-1.000000000000000000e+00,-1.000000000000000000e+00,-1.000000000000000000e+00,-1.000000000000000000e+00,-1.000000000000000000e+00,-1.000000000000000000e+00,-1.000000000000000000e+00,-1.000000000000000000e+00,-1.000000000000000000e+00,-1.000000000000000000e+00,-1.000000000000000000e+00,-1.000000000000000000e+00,-1.000000000000000000e+00,-1.000000000000000000e+00,-1.000000000000000000e+00,-1.000000000000000000e+00,-1.000000000000000000e+00,-1.000000000000000000e+00,-1.000000000000000000e+00,-1.000000000000000000e+00,-1.000000000000000000e+00,-1.000000000000000000e+00,-1.000000000000000000e+00,-1.000000000000000000e+00,-1.000000000000000000e+00,-1.000000000000000000e+00,-1.000000000000000000e+00,-1.000000000000000000e+00,-1.307742235631035976e+00,-1.307785892029082575e+00,-1.307912467421831204e+00,-1.308107665467602931e+00,-1.308343511235780854e+00,-1.308570416027642347e+00,-1.308702420801317601e+00,-1.308591317241099894e+00,-1.307983352225185136e+00,-1.306449942194707559e+00,-1.303281656384265297e+00,-1.297333566012360606e+00,-1.286811379629755114e+00,-1.268993746377142795e+00,-1.239899476345958540e+00,-1.193932296026268602e+00,-1.123573629991670764e+00,-1.019250733322313529e+00,-8.695937494937141521e-01,-6.624348114084692707e-01,-3.871409542681942817e-01,-3.926420273459996224e-02,3.710275628464441144e-01,8.054372081875256217e-01,1.181847910637573662e+00,1.380582346626565649e+00,1.380585895231093652e+00,1.181858971301051664e+00,8.054569884480957676e-01,3.710579438449430612e-01,-3.922075753244103069e-02,-3.870814366069055268e-01,-6.623556590365973218e-01,-8.694908142570475507e-01,-1.019119251212581956e+00,-1.123408218085750976e+00,-1.193726999229762109e+00,-1.239647881395780082e+00,-1.268689173831176298e+00,-1.286447159741199719e+00,-1.296903396057349056e+00,-1.302780023337812842e+00,-1.305872592411914779e+00,-1.307327772408448219e+00,-1.307857183359713016e+00,-1.307891969395913678e+00,-1.307688689423566863e+00,-1.307398433276655947e+00,-1.307109919712599710e+00,-1.306875165810362116e+00,-1.306724050146113703e+00,-1.306672076579929342e+00,-1.000000000000000000e+00,-1.000000000000000000e+00,-1.000000000000000000e+00,-1.000000000000000000e+00,-1.000000000000000000e+00,-1.000000000000000000e+00,-1.000000000000000000e+00,-1.000000000000000000e+00,-1.000000000000000000e+00,-1.000000000000000000e+00,-1.000000000000000000e+00,-1.000000000000000000e+00,-1.000000000000000000e+00,-1.000000000000000000e+00,-1.000000000000000000e+00,-1.000000000000000000e+00,-1.000000000000000000e+00,-1.000000000000000000e+00,-1.000000000000000000e+00,-1.000000000000000000e+00,-1.000000000000000000e+00,-1.000000000000000000e+00,-1.000000000000000000e+00,-1.000000000000000000e+00,-1.000000000000000000e+00,-1.000000000000000000e+00,-1.000000000000000000e+00,-1.000000000000000000e+00,-1.000000000000000000e+00,-1.000000000000000000e+00,-1.000000000000000000e+00,-1.000000000000000000e+00,-1.000000000000000000e+00,-1.000000000000000000e+00,-1.000000000000000000e+00,-1.000000000000000000e+00,-1.000000000000000000e+00,-1.000000000000000000e+00,-1.000000000000000000e+00,-1.000000000000000000e+00,-1.000000000000000000e+00,-1.000000000000000000e+00,-1.000000000000000000e+00,-1.000000000000000000e+00,-1.000000000000000000e+00,-1.000000000000000000e+00
-1.000000000000000000e+00,-1.000000000000000000e+00,-1.000000000000000000e+00,-1.000000000000000000e+00,-1.000000000000000000e+00,-1.000000000000000000e+00,-1.000000000000000000e+00,-1.000000000000000000e+00,-1.000000000000000000e+00,-1.000000000000000000e+00,-1.000000000000000000e+00,-1.000000000000000000e+00,-1.000000000000000000e+00,-1.000000000000000000e+00,-1.000000000000000000e+00,-1.000000000000000000e+00,-1.000000000000000000e+00,-1.000000000000000000e+00,-1.000000000000000000e+00,-1.000000000000000000e+00,-1.000000000000000000e+00,-1.000000000000000000e+00,-1.000000000000000000e+00,-1.000000000000000000e+00,-1.000000000000000000e+00,-1.000000000000000000e+00,-1.000000000000000000e+00,-1.000000000000000000e+00,-1.000000000000000000e+00,-1.000000000000000000e+00,-1.000000000000000000e+00,-1.000000000000000000e+00,-1.000000000000000000e+00,-1.000000000000000000e+00,-1.000000000000000000e+00,-1.000000000000000000e+00,-1.000000000000000000e+00,-1.000000000000000000e+00,-1.000000000000000000e+00,-1.000000000000000000e+00,-1.000000000000000000e+00,-1.000000000000000000e+00,-1.000000000000000000e+00,-1.000000000000000000e+00,-1.000000000000000000e+00,-1.000000000000000000e+00,-1.305668173170652535e+00,-1.305728247187265545e+00,-1.305903201752066423e+00,-1.306176200127443510e+00,-1.306515292647911330e+00,-1.306865835908204154e+00,-1.307136165713868037e+00,-1.307172174997637271e+00,-1.306714449965363123e+00,-1.305329351637211976e+00,-1.302303272453866789e+00,-1.296488154673247850e+00,-1.286087694568758710e+00,-1.268379628379519453e+00,-1.239382865639786280e+00,-1.193502107323070049e+00,-1.123220446792545291e+00,-1.018967273632420678e+00,-8.693750456807174398e-01,-6.622780271620196668e-01,-3.870447524229151393e-01,-3.922758840643203460e-02,3.710069527780401888e-01,8.053652833881967954e-01,1.181736415738973811e+00,1.380450089057726260e+00,1.380455019900212577e+00,1.181751735888442401e+00,8.053925405911097624e-01,3.710486004093012102e-01,-3.916827079381279830e-02,-3.869636789692781909e-01,-6.621702748213651457e-01,-8.692348025879093054e-01,-1.018787795853183242e+00,-1.122994056430580478e+00,-1.193220261318528541e+00,-1.239036320258812607e+00,-1.267958716006849729e+00,-1.285582720860621642e+00,-1.295889914819585709e+00,-1.301603665601184234e+00,-1.304522064560847072e+00,-1.305795659335107661e+00,-1.306141206018339496e+00,-1.305996038196765907e+00,-1.305623626996574194e+00,-1.305182253778311097e+00,-1.304767585613943126e+00,-1.304437791575025818e+00,-1.304227585731450922e+00,-1.304155561137817498e+00,-1.000000000000000000e+00,-1.000000000000000000e+00,-1.000000000000000000e+00,-1.000000000000000000e+00,-1.000000000000000000e+00,-1.000000000000000000e+00,-1.000000000000000000e+00,-1.000000000000000000e+00,-1.000000000000000000e+00,-1.000000000000000000e+00,-1.000000000000000000e+00,-1.000000000000000000e+00,-1.000000000000000000e+00,-1.000000000000000000e+00,-1.000000000000000000e+00,-1.000000000000000000e+00,-1.000000000000000000e+00,-1.000000000000000000e+00,-1.000000000000000000e+00,-1.000000000000000000e+00,-1.000000000000000000e+00,-1.000000000000000000e+00,-1.000000000000000000e+00,-1.000000000000000000e+00,-1.000000000000000000e+00,-1.000000000000000000e+00,-1.000000000000000000e+00,-1.000000000000000000e+00,-1.000000000000000000e+00,-1.000000000000000000e+00,-1.000000000000000000e+00,-1.000000000000000000e+00,-1.000000000000000000e+00,-1.000000000000000000e+00,-1.000000000000000000e+00,-1.000000000000000000e+00,-1.000000000000000000e+00,-1.000000000000000000e+00,-1.000000000000000000e+00,-1.000000000000000000e+00,-1.000000000000000000e+00,-1.000000000000000000e+00,-1.000000000000000000e+00,-1.000000000000000000e+00,-1.000000000000000000e+00,-1.000000000000000000e+00
-1.000000000000000000e+00,-1.000000000000000000e+00,-1.000000000000000000e+00,-1.000000000000000000e+00,-1.000000000000000000e+00,-1.000000000000000000e+00,-1.000000000000000000e+00,-1.000000000000000000e+00,-1.000000000000000000e+00,-1.000000000000000000e+00,-1.000000000000000000e+00,-1.000000000000000000e+00,-1.000000000000000000e+00,-1.000000000000000000e+00,-1.000000000000000000e+00,-1.000000000000000000e+00,-1.000000000000000000e+00,-1.000000000000000000e+00,-1.000000000000000000e+00,-1.000000000000000000e+00,-1.000000000000000000e+00,-1.000000000000000000e+00,-1.000000000000000000e+00,-1.000000000000000000e+00,-1.000000000000000000e+00,-1.000000000000000000e+00,-1.000000000000000000e+00,-1.000000000000000000e+00,-1.000000000000000000e+00,-1.000000000000000000e+00,-1.000000000000000000e+00,-1.000000000000000000e+00,-1.000000000000000000e+00,-1.000000000000000000e+00,-1.000000000000000000e+00,-1.000000000000000000e+00,-1.000000000000000000e+00,-1.000000000000000000e+00,-1.000000000000000000e+00,-1.000000000000000000e+00,-1.000000000000000000e+00,-1.000000000000000000e+00,-1.000000000000000000e+00,-1.000000000000000000e+00,-1.000000000000000000e+00,-1.000000000000000000e+00,-1.302808819758609182e+00,-1.302892488116857761e+00,-1.303136953649661756e+00,-1.303521681108296804e+00,-1.304008935599522800e+00,-1.304536719901719488e+00,-1.305005077009322223e+00,-1.305251336296961329e+00,-1.305007879802449811e+00,-1.303833756332997362e+00,-1.301009331390793777e+00,-1.295382042706541004e+00,-1.285152690894354688e+00,-1.267597686865119977e+00,-1.238736049844111564e+00,-1.192973824977797248e+00,-1.122796438478870451e+00,-1.018636309050378497e+00,-8.691292668001919797e-01,-6.621128454178613065e-01,-3.869581701267743590e-01,-3.921878860957683788e-02,3.709399076993500355e-01,8.052287288002935028e-01,1.181545055180546644e+00,1.380229804882416200e+00,1.380236527102454147e+00,1.181565899356684213e+00,8.052656957233581547e-01,3.709962167060041338e-01,-3.913875977240777182e-02,-3.868488774143945541e-01,-6.619675153576498605e-01,-8.689398149786440317e-01,-1.018393276844171025e+00,-1.122488991533332259e+00,-1.192589851778223853e+00,-1.238262396308383417e+00,-1.267020550927883793e+00,-1.284458189246686199e+00,-1.294556949308306892e+00,-1.300041958451462643e+00,-1.302714934942900804e+00,-1.303731968269134622e+00,-1.303817166208609324e+00,-1.303416737339785803e+00,-1.302804078432109103e+00,-1.302147808869060341e+00,-1.301553591537991439e+00,-1.301088450322427592e+00,-1.300794060936711904e+00,-1.300693464977945357e+00,-1.000000000000000000e+00,-1.000000000000000000e+00,-1.000000000000000000e+00,-1.000000000000000000e+00,-1.000000000000000000e+00,-1.000000000000000000e+00,-1.000000000000000000e+00,-1.000000000000000000e+00,-1.000000000000000000e+00,-1.000000000000000000e+00,-1.000000000000000000e+00,-1.000000000000000000e+00,-1.000000000000000000e+00,-1.000000000000000000e+00,-1.000000000000000000e+00,-1.000000000000000000e+00,-1.000000000000000000e+00,-1.000000000000000000e+00,-1.000000000000000000e+00,-1.000000000000000000e+00,-1.000000000000000000e+00,-1.000000000000000000e+00,-1.000000000000000000e+00,-1.000000000000000000e+00,-1.000000000000000000e+00,-1.000000000000000000e+00,-1.000000000000000000e+00,-1.000000000000000000e+00,-1.000000000000000000e+00,-1.000000000000000000e+00,-1.000000000000000000e+00,-1.000000000000000000e+00,-1.000000000000000000e+00,-1.000000000000000000e+00,-1.000000000000000000e+00,-1.000000000000000000e+00,-1.000000000000000000e+00,-1.000000000000000000e+00,-1.000000000000000000e+00,-1.000000000000000000e+00,-1.000000000000000000e+00,-1.000000000000000000e+00,-1.000000000000000000e+00,-1.000000000000000000e+00,-1.000000000000000000e+00,-1.000000000000000000e+00
-1.000000000000000000e+00,-1.000000000000000000e+00,-1.000000000000000000e+00,-1.000000000000000000e+00,-1.000000000000000000e+00,-1.000000000000000000e+00,-1.000000000000000000e+00,-1.000000000000000000e+00,-1.000000000000000000e+00,-1.000000000000000000e+00,-1.000000000000000000e+00,-1.000000000000000000e+00,-1.000000000000000000e+00,-1.000000000000000000e+00,-1.000000000000000000e+00,-1.000000000000000000e+00,-1.000000000000000000e+00,-1.000000000000000000e+00,-1.000000000000000000e+00,-1.000000000000000000e+00,-1.000000000000000000e+00,-1.000000000000000000e+00,-1.000000000000000000e+00,-1.000000000000000000e+00,-1.000000000000000000e+00,-1.000000000000000000e+00,-1.000000000000000000e+00,-1.000000000000000000e+00,-1.000000000000000000e+00,-1.000000000000000000e+00,-1.000000000000000000e+00,-1.000000000000000000e+00,-1.000000000000000000e+00,-1.000000000000000000e+00,-1.000000000000000000e+00,-1.000000000000000000e+00,-1.000000000000000000e+00,-1.000000000000000000e+00,-1.000000000000000000e+00,-1.000000000000000000e+00,-1.000000000000000000e+00,-1.000000000000000000e+00,-1.000000000000000000e+00,-1.000000000000000000e+00,-1.000000000000000000e+00,-1.000000000000000000e+00,-1.298895825176120233e+00,-1.299012905959555875e+00,-1.299355791399703142e+00,-1.299898661961310431e+00,-1.300595516442049737e+00,-1.301373849465492949e+00,-1.302121856011241974e+00,-1.302664636019952304e+00,-1.302722866259395040e+00,-1.301845177803647502e+00,-1.299303367024860378e+00,-1.293938486011011246e+00,-1.283947248629361049e+00,-1.266604212392104856e+00,-1.237928578598538776e+00,-1.192328328190264131e+00,-1.122292246305336194e+00,-1.018257159171819914e+00,-8.688639088264965560e-01,-6.619550749928362343e-01,-3.869060826205976689e-01,-3.927294894999555641e-02,3.707797734135291901e-01,8.049689089621823168e-01,1.181204748407719496e+00,1.379846677132415156e+00,1.379855698938856623e+00,1.181232689018600901e+00,8.050183676617947981e-01,3.708549854489204822e-01,-3.916614299922349662e-02,-3.867601877847874903e-01,-6.617608325725612417e-01,-8.686101719460188608e-01,-1.017930801528799778e+00,-1.121878160938493796e+00,-1.191809567844191120e+00,-1.237286688036452809e+00,-1.265819786227769583e+00,-1.283000733185105879e+00,-1.292811223233433005e+00,-1.297978839266522577e+00,-1.300310390715236686e+00,-1.300969766788417248e+00,-1.300691438612402662e+00,-1.299934137465063033e+00,-1.298985271836233357e+00,-1.298028056454850088e+00,-1.297182264076330194e+00,-1.296527414419922586e+00,-1.296115003889332984e+00,-1.295974348180629399e+00,-1.000000000000000000e+00,-1.000000000000000000e+00,-1.000000000000000000e+00,-1.000000000000000000e+00,-1.000000000000000000e+00,-1.000000000000000000e+00,-1.000000000000000000e+00,-1.000000000000000000e+00,-1.000000000000000000e+00,-1.000000000000000000e+00,-1.000000000000000000e+00,-1.000000000000000000e+00,-1.000000000000000000e+00,-1.000000000000000000e+00,-1.000000000000000000e+00,-1.000000000000000000e+00,-1.000000000000000000e+00,-1.000000000000000000e+00,-1.000000000000000000e+00,-1.000000000000000000e+00,-1.000000000000000000e+00,-1.000000000000000000e+00,-1.000000000000000000e+00,-1.000000000000000000e+00,-1.000000000000000000e+00,-1.000000000000000000e+00,-1.000000000000000000e+00,-1.000000000000000000e+00,-1.000000000000000000e+00,-1.000000000000000000e+00,-1.000000000000000000e+00,-1.000000000000000000e+00,-1.000000000000000000e+00,-1.000000000000000000e+00,-1.000000000000000000e+00,-1.000000000000000000e+00,-1.000000000000000000e+00,-1.000000000000000000e+00,-1.000000000000000000e+00,-1.000000000000000000e+00,-1.000000000000000000e+00,-1.000000000000000000e+00,-1.000000000000000000e+00,-1.000000000000000000e+00,-1.000000000000000000e+00,-1.000000000000000000e+00
-1.000000000000000000e+00,-1.000000000000000000e+00,-1.000000000000000000e+00,-1.000000000000000000e+00,-1.000000000000000000e+00,-1.000000000000000000e+00,-1.000000000000000000e+00,-1.000000000000000000e+00,-1.000000000000000000e+00,-1.000000000000000000e+00,-1.000000000000000000e+00,-1.000000000000000000e+00,-1.000000000000000000e+00,-1.000000000000000000e+00,-1.000000000000000000e+00,-1.000000000000000000e+00,-1.000000000000000000e+00,-1.000000000000000000e+00,-1.000000000000000000e+00,-1.000000000000000000e+00,-1.000000000000000000e+00,-1.000000000000000000e+00,-1.000000000000000000e+00,-1.000000000000000000e+00,-1.000000000000000000e+00,-1.000000000000000000e+00,-1.000000000000000000e+00,-1.000000000000000000e+00,-1.000000000000000000e+00,-1.000000000000000000e+00,-1.000000000000000000e+00,-1.000000000000000000e+00,-1.000000000000000000e+00,-1.000000000000000000e+00,-1.000000000000000000e+00,-1.000000000000000000e+00,-1.000000000000000000e+00,-1.000000000000000000e+00,-1.000000000000000000e+00,-1.000000000000000000e+00,-1.000000000000000000e+00,-1.000000000000000000e+00,-1.000000000000000000e+00,-1.000000000000000000e+00,-1.000000000000000000e+00,-1.000000000000000000e+00,-1.293599149151092087e+00,-1.293762734468308917e+00,-1.294242595040203003e+00,-1.295005527655123556e+00,-1.295993973395032750e+00,-1.297120723255160923e+00,-1.298257381506881414e+00,-1.299211912663744251e+00,-1.299688588522040611e+00,-1.299221444664760083e+00,-1.297070285352396102e+00,-1.292067247756524040e+00,-1.282403372257316487e+00,-1.265350691590334531e+00,-1.236928757055119288e+00,-1.191548393962904573e+00,-1.121703291644729594e+00,-1.017836763314673876e+00,-8.685971555806217825e-01,-6.618348151877029295e-01,-3.869320899025817662e-01,-3.944940867894741743e-02,3.704492397575509521e-01,8.044895936456459840e-01,1.180602666066316697e+00,1.379178725611417633e+00,1.379190670008829667e+00,1.180639632570747555e+00,8.045549642791824940e-01,3.705485824398391248e-01,-3.930832793361460631e-02,-3.867391998323598257e-01,-6.615775662538747603e-01,-8.682603370984252056e-01,-1.017402375889447486e+00,-1.121150548850032180e+00,-1.190853923808184778e+00,-1.236067071580527088e+00,-1.264294970857748890e+00,-1.281126588459955640e+00,-1.290543621625840354e+00,-1.295277016779779133e+00,-1.297140624201969183e+00,-1.297309143902735995e+00,-1.296531416001692527e+00,-1.295283526163931498e+00,-1.293872281600207508e+00,-1.292501078045998675e+00,-1.291309170736182788e+00,-1.290393310255373960e+00,-1.289818519012839282e+00,-1.289622746930176422e+00,-1.000000000000000000e+00,-1.000000000000000000e+00,-1.000000000000000000e+00,-1.000000000000000000e+00,-1.000000000000000000e+00,-1.000000000000000000e+00,-1.000000000000000000e+00,-1.000000000000000000e+00,-1.000000000000000000e+00,-1.000000000000000000e+00,-1.000000000000000000e+00,-1.000000000000000000e+00,-1.000000000000000000e+00,-1.000000000000000000e+00,-1.000000000000000000e+00,-1.000000000000000000e+00,-1.000000000000000000e+00,-1.000000000000000000e+00,-1.000000000000000000e+00,-1.000000000000000000e+00,-1.000000000000000000e+00,-1.000000000000000000e+00,-1.000000000000000000e+00,-1.000000000000000000e+00,-1.000000000000000000e+00,-1.000000000000000000e+00,-1.000000000000000000e+00,-1.000000000000000000e+00,-1.000000000000000000e+00,-1.000000000000000000e+00,-1.000000000000000000e+00,-1.000000000000000000e+00,-1.000000000000000000e+00,-1.000000000000000000e+00,-1.000000000000000000e+00,-1.000000000000000000e+00,-1.000000000000000000e+00,-1.000000000000000000e+00,-1.000000000000000000e+00,-1.000000000000000000e+00,-1.000000000000000000e+00,-1.000000000000000000e+00,-1.000000000000000000e+00,-1.000000000000000000e+00,-1.000000000000000000e+00,-1.000000000000000000e+00
-1.000000000000000000e+00,-1.000000000000000000e+00,-1.000000000000000000e+00,-1.000000000000000000e+00,-1.000000000000000000e+00,-1.000000000000000000e+00,-1.000000000000000000e+00,-1.000000000000000000e+00,-1.000000000000000000e+00,-1.000000000000000000e+00,-1.000000000000000000e+00,-1.000000000000000000e+00,-1.000000000000000000e+00,-1.000000000000000000e+00,-1.000000000000000000e+00,-1.000000000000000000e+00,-1.000000000000000000e+00,-1.000000000000000000e+00,-1.000000000000000000e+00,-1.000000000000000000e+00,-1.000000000000000000e+00,-1.000000000000000000e+00,-1.000000000000000000e+00,-1.000000000000000000e+00,-1.000000000000000000e+00,-1.000000000000000000e+00,-1.000000000000000000e+00,-1.000000000000000000e+00,-1.000000000000000000e+00,-1.000000000000000000e+00,-1.000000000000000000e+00,-1.000000000000000000e+00,-1.000000000000000000e+00,-1.000000000000000000e+00,-1.000000000000000000e+00,-1.000000000000000000e+00,-1.000000000000000000e+00,-1.000000000000000000e+00,-1.000000000000000000e+00,-1.000000000000000000e+00,-1.000000000000000000e+00,-1.000000000000000000e+00,-1.000000000000000000e+00,-1.000000000000000000e+00,-1.000000000000000000e+00,-1.000000000000000000e+00,-1.286531520008213025e+00,-1.286758539976013305e+00,-1.287425252128123310e+00,-1.288488404418950628e+00,-1.289874686867116926e+00,-1.291476815317922355e+00,-1.293143696962711475e+00,-1.294659806953306624e+00,-1.295706888759232456e+00,-1.295798908583367437e+00,-1.294179173717739273e+00,-1.289667569504437283e+00,-1.280447376149235872e+00,-1.263787249339759278e+00,-1.235707390663650873e+00,-1.190622811510062329e+00,-1.121034370382890000e+00,-1.017394933880426455e+00,-8.683640627478360630e-01,-6.618039518601028792e-01,-3.871078136251150381e-01,-3.984335385236470461e-02,3.698258176043534018e-01,8.036393072658580827e-01,1.179561786271766888e+00,1.378034809094787150e+00,1.378050428494998147e+00,1.179610110909227405e+00,8.037247306852046691e-01,3.699556336930029943e-01,-3.965887928774236570e-02,-3.868552573724168830e-01,-6.614664761096424872e-01,-8.679211572621005066e-01,-1.016822245562509996e+00,-1.120303716822787843e+00,-1.189702474833722601e+00,-1.234562781843851154e+00,-1.262382005014336395e+00,-1.278744919011612691e+00,-1.287633112001824509e+00,-1.291782080711432856e+00,-1.293015279330562928e+00,-1.292522155569557407e+00,-1.291071115234068589e+00,-1.289161813464000828e+00,-1.287127325120281940e+00,-1.285198287814353080e+00,-1.283540175444143339e+00,-1.282272862901976618e+00,-1.281479482656990188e+00,-1.281209526128030740e+00,-1.000000000000000000e+00,-1.000000000000000000e+00,-1.000000000000000000e+00,-1.000000000000000000e+00,-1.000000000000000000e+00,-1.000000000000000000e+00,-1.000000000000000000e+00,-1.000000000000000000e+00,-1.000000000000000000e+00,-1.000000000000000000e+00,-1.000000000000000000e+00,-1.000000000000000000e+00,-1.000000000000000000e+00,-1.000000000000000000e+00,-1.000000000000000000e+00,-1.000000000000000000e+00,-1.000000000000000000e+00,-1.000000000000000000e+00,-1.000000000000000000e+00,-1.000000000000000000e+00,-1.000000000000000000e+00,-1.000000000000000000e+00,-1.000000000000000000e+00,-1.000000000000000000e+00,-1.000000000000000000e+00,-1.000000000000000000e+00,-1.000000000000000000e+00,-1.000000000000000000e+00,-1.000000000000000000e+00,-1.000000000000000000e+00,-1.000000000000000000e+00,-1.000000000000000000e+00,-1.000000000000000000e+00,-1.000000000000000000e+00,-1.000000000000000000e+00,-1.000000000000000000e+00,-1.000000000000000000e+00,-1.000000000000000000e+00,-1.000000000000000000e+00,-1.000000000000000000e+00,-1.000000000000000000e+00,-1.000000000000000000e+00,-1.000000000000000000e+00,-1.000000000000000000e+00,-1.000000000000000000e+00,-1.000000000000000000e+00
-1.000000000000000000e+00,-1.000000000000000000e+00,-1.000000000000000000e+00,-1.000000000000000000e+00,-1.000000000000000000e+00,-1.000000000000000000e+00,-1.000000000000000000e+00,-1.000000000000000000e+00,-1.000000000000000000e+00,-1.000000000000000000e+00,-1.000000000000000000e+00,-1.000000000000000000e+00,-1.000000000000000000e+00,-1.000000000000000000e+00,-1.000000000000000000e+00,-1.000000000000000000e+00,-1.000000000000000000e+00,-1.000000000000000000e+00,-1.000000000000000000e+00,-1.000000000000000000e+00,-1.000000000000000000e+00,-1.000000000000000000e+00,-1.000000000000000000e+00,-1.000000000000000000e+00,-1.000000000000000000e+00,-1.000000000000000000e+00,-1.000000000000000000e+00,-1.000000000000000000e+00,-1.000000000000000000e+00,-1.000000000000000000e+00,-1.000000000000000000e+00,-1.000000000000000000e+00,-1.000000000000000000e+00,-1.000000000000000000e+00,-1.000000000000000000e+00,-1.000000000000000000e+00,-1.000000000000000000e+00,-1.000000000000000000e+00,-1.000000000000000000e+00,-1.000000000000000000e+00,-1.000000000000000000e+00,-1.000000000000000000e+00,-1.000000000000000000e+00,-1.000000000000000000e+00,-1.000000000000000000e+00,-1.000000000000000000e+00,-1.277266261305843198e+00,-1.277577807539597154e+00,-1.278493550802092926e+00,-1.279956985655864132e+00,-1.281873977690511701e+00,-1.284110613844877236e+00,-1.286485580443785359e+00,-1.288751953593764377e+00,-1.290561247135988188e+00,-1.291400403884457981e+00,-1.290490457860884455e+00,-1.286634730857729281e+00,-1.278006035849171385e+00,-1.261868565240592099e+00,-1.234243635826074659e+00,-1.189552351274307140e+00,-1.120305966010002097e+00,-1.016971311972222791e+00,-8.682245577383199686e-01,-6.619457279616969281e-01,-3.875446869124239413e-01,-4.060054653228761801e-02,3.687235136859980944e-01,8.021890809256086996e-01,1.177815145310730394e+00,1.376126931178609070e+00,1.376147118910072020e+00,1.177877599093106298e+00,8.022994834760821536e-01,3.688913617471973883e-01,-4.036179187261546009e-02,-3.872173136966436946e-01,-6.615074101586491118e-01,-8.676480076229573513e-01,-1.016224066147157545e+00,-1.119350431937481405e+00,-1.188346243782006040e+00,-1.232740919703182669e+00,-1.260020983142988049e+00,-1.275765252018210560e+00,-1.283955046898719976e+00,-1.287331973070243274e+00,-1.287732412818146654e+00,-1.286365596906439146e+00,-1.284026049247770640e+00,-1.281244718298180540e+00,-1.278389359484223053e+00,-1.275726376615526014e+00,-1.273455483310779401e+00,-1.271726608989446117e+00,-1.270646330404134217e+00,-1.270279037830448932e+00,-1.000000000000000000e+00,-1.000000000000000000e+00,-1.000000000000000000e+00,-1.000000000000000000e+00,-1.000000000000000000e+00,-1.000000000000000000e+00,-1.000000000000000000e+00,-1.000000000000000000e+00,-1.000000000000000000e+00,-1.000000000000000000e+00,-1.000000000000000000e+00,-1.000000000000000000e+00,-1.000000000000000000e+00,-1.000000000000000000e+00,-1.000000000000000000e+00,-1.000000000000000000e+00,-1.000000000000000000e+00,-1.000000000000000000e+00,-1.000000000000000000e+00,-1.000000000000000000e+00,-1.000000000000000000e+00,-1.000000000000000000e+00,-1.000000000000000000e+00,-1.000000000000000000e+00,-1.000000000000000000e+00,-1.000000000000000000e+00,-1.000000000000000000e+00,-1.000000000000000000e+00,-1.000000000000000000e+00,-1.000000000000000000e+00,-1.000000000000000000e+00,-1.000000000000000000e+00,-1.000000000000000000e+00,-1.000000000000000000e+00,-1.000000000000000000e+00,-1.000000000000000000e+00,-1.000000000000000000e+00,-1.000000000000000000e+00,-1.000000000000000000e+00,-1.000000000000000000e+00,-1.000000000000000000e+00,-1.000000000000000000e+00,-1.000000000000000000e+00,-1.000000000000000000e+00,-1.000000000000000000e+00,-1.000000000000000000e+00
-1.000000000000000000e+00,-1.000000000000000000e+00,-1.000000000000000000e+00,-1.000000000000000000e+00,-1.000000000000000000e+00,-1.000000000000000000e+00,-1.000000000000000000e+00,-1.000000000000000000e+00,-1.000000000000000000e+00,-1.000000000000000000e+00,-1.000000000000000000e+00,-1.000000000000000000e+00,-1.000000000000000000e+00,-1.000000000000000000e+00,-1.000000000000000000e+00,-1.000000000000000000e+00,-1.000000000000000000e+00,-1.000000000000000000e+00,-1.000000000000000000e+00,-1.000000000000000000e+00,-1.000000000000000000e+00,-1.000000000000000000e+00,-1.000000000000000000e+00,-1.000000000000000000e+00,-1.000000000000000000e+00,-1.000000000000000000e+00,-1.000000000000000000e+00,-1.000000000000000000e+00,-1.000000000000000000e+00,-1.000000000000000000e+00,-1.000000000000000000e+00,-1.000000000000000000e+00,-1.000000000000000000e+00,-1.000000000000000000e+00,-1.000000000000000000e+00,-1.000000000000000000e+00,-1.000000000000000000e+00,-1.000000000000000000e+00,-1.000000000000000000e+00,-1.000000000000000000e+00,-1.000000000000000000e+00,-1.000000000000000000e+00,-1.000000000000000000e+00,-1.000000000000000000e+00,-1.000000000000000000e+00,-1.000000000000000000e+00,-1.265374429285835989e+00,-1.265795585129035672e+00,-1.267034396155203080e+00,-1.269017530488713907e+00,-1.271624306884806099e+00,-1.274686680170570519e+00,-1.277984355911159220e+00,-1.281229639973335832e+00,-1.284034534916568937e+00,-1.285850440305458253e+00,-1.285868928052394722e+00,-1.282871311551751159e+00,-1.275016473759059021e+00,-1.259562747079142175e+00,-1.232533207739426651e+00,-1.188357655468281537e+00,-1.119562201973393067e+00,-1.016633826997763945e+00,-8.682729537532227759e-01,-6.623859857751455138e-01,-3.884077219552742877e-01,-4.193448005076538809e-02,3.668715151263883811e-01,7.998065987671063581e-01,1.174975940679727326e+00,1.373038105613508364e+00,1.373063901555352739e+00,1.175055750887321171e+00,7.999477232030249851e-01,3.670862158987009405e-01,-4.162872859082489274e-02,-3.879878223380094360e-01,-6.618227280940323087e-01,-8.675305697772341951e-01,-1.015669744384131379e+00,-1.118327165501754372e+00,-1.186796385409538912e+00,-1.230585741181339454e+00,-1.257166556223891618e+00,-1.272109379373664639e+00,-1.279395105083933837e+00,-1.281773504351148008e+00,-1.281098136841425816e+00,-1.278604300970097807e+00,-1.275120633908648493e+00,-1.271218589585112912e+00,-1.267310406382654797e+00,-1.263707953292996899e+00,-1.260654097917655925e+00,-1.258336357520790649e+00,-1.256890441472187980e+00,-1.256399168214586082e+00,-1.000000000000000000e+00,-1.000000000000000000e+00,-1.000000000000000000e+00,-1.000000000000000000e+00,-1.000000000000000000e+00,-1.000000000000000000e+00,-1.000000000000000000e+00,-1.000000000000000000e+00,-1.000000000000000000e+00,-1.000000000000000000e+00,-1.000000000000000000e+00,-1.000000000000000000e+00,-1.000000000000000000e+00,-1.000000000000000000e+00,-1.000000000000000000e+00,-1.000000000000000000e+00,-1.000000000000000000e+00,-1.000000000000000000e+00,-1.000000000000000000e+00,-1.000000000000000000e+00,-1.000000000000000000e+00,-1.000000000000000000e+00,-1.000000000000000000e+00,-1.000000000000000000e+00,-1.000000000000000000e+00,-1.000000000000000000e+00,-1.000000000000000000e+00,-1.000000000000000000e+00,-1.000000000000000000e+00,-1.000000000000000000e+00,-1.000000000000000000e+00,-1.000000000000000000e+00,-1.000000000000000000e+00,-1.000000000000000000e+00,-1.000000000000000000e+00,-1.000000000000000000e+00,-1.000000000000000000e+00,-1.000000000000000000e+00,-1.000000000000000000e+00,-1.000000000000000000e+00,-1.000000000000000000e+00,-1.000000000000000000e+00,-1.000000000000000000e+00,-1.000000000000000000e+00,-1.000000000000000000e+00,-1.000000000000000000e+00
-1.000000000000000000e+00,-1.000000000000000000e+00,-1.000000000000000000e+00,-1.000000000000000000e+00,-1.000000000000000000e+00,-1.000000000000000000e+00,-1.000000000000000000e+00,-1.000000000000000000e+00,-1.000000000000000000e+00,-1.000000000000000000e+00,-1.000000000000000000e+00,-1.000000000000000000e+00,-1.000000000000000000e+00,-1.000000000000000000e+00,-1.000000000000000000e+00,-1.000000000000000000e+00,-1.000000000000000000e+00,-1.000000000000000000e+00,-1.000000000000000000e+00,-1.000000000000000000e+00,-1.000000000000000000e+00,-1.000000000000000000e+00,-1.000000000000000000e+00,-1.000000000000000000e+00,-1.000000000000000000e+00,-1.000000000000000000e+00,-1.000000000000000000e+00,-1.000000000000000000e+00,-1.000000000000000000e+00,-1.000000000000000000e+00,-1.000000000000000000e+00,-1.000000000000000000e+00,-1.000000000000000000e+00,-1.000000000000000000e+00,-1.000000000000000000e+00,-1.000000000000000000e+00,-1.000000000000000000e+00,-1.000000000000000000e+00,-1.000000000000000000e+00,-1.000000000000000000e+00,-1.000000000000000000e+00,-1.000000000000000000e+00,-1.000000000000000000e+00,-1.000000000000000000e+00,-1.000000000000000000e+00,-1.000000000000000000e+00,-1.250486656787501039e+00,-1.251045507833049131e+00,-1.252690455930365765e+00,-1.255327799575995051e+00,-1.258804501984627899e+00,-1.262910546116601029e+00,-1.267377218619421875e+00,-1.271865648224247636e+00,-1.275937720116069762e+00,-1.278999294325430691e+00,-1.280203835674965651e+00,-1.278303946077346653e+00,-1.271440213551047638e+00,-1.256863293548106775e+00,-1.230598824230514587e+00,-1.187088715286531038e+00,-1.118879912356378403e+00,-1.016487964855719239e+00,-8.686480999822607796e-01,-6.633049890970046381e-01,-3.899298957304194735e-01,-4.414426074307564729e-02,3.638919970844669560e-01,7.960293090706835883e-01,1.170506474206872483e+00,1.368189010588661159e+00,1.368221597301054526e+00,1.170607311966670672e+00,7.962076907620283528e-01,3.641635924790784795e-01,-4.375703447049039685e-02,-3.893973180679972668e-01,-6.625894073643503468e-01,-8.677033898945344381e-01,-1.015259286279075912e+00,-1.117303978796315933e+00,-1.185094795095898546e+00,-1.228110650903535994e+00,-1.253801985359269677e+00,-1.267728187753142111e+00,-1.273869666435357040e+00,-1.274987083471263771e+00,-1.272956521579023503e+00,-1.269046978626980904e+00,-1.264130594132873986e+00,-1.258829773839381438e+00,-1.253611943539644447e+00,-1.248844606862112405e+00,-1.244822739415588408e+00,-1.241778693424238966e+00,-1.239882569150015268e+00,-1.239238774481252969e+00,-1.000000000000000000e+00,-1.000000000000000000e+00,-1.000000000000000000e+00,-1.000000000000000000e+00,-1.000000000000000000e+00,-1.000000000000000000e+00,-1.000000000000000000e+00,-1.000000000000000000e+00,-1.000000000000000000e+00,-1.000000000000000000e+00,-1.000000000000000000e+00,-1.000000000000000000e+00,-1.000000000000000000e+00,-1.000000000000000000e+00,-1.000000000000000000e+00,-1.000000000000000000e+00,-1.000000000000000000e+00,-1.000000000000000000e+00,-1.000000000000000000e+00,-1.000000000000000000e+00,-1.000000000000000000e+00,-1.000000000000000000e+00,-1.000000000000000000e+00,-1.000000000000000000e+00,-1.000000000000000000e+00,-1.000000000000000000e+00,-1.000000000000000000e+00,-1.000000000000000000e+00,-1.000000000000000000e+00,-1.000000000000000000e+00,-1.000000000000000000e+00,-1.000000000000000000e+00,-1.000000000000000000e+00,-1.000000000000000000e+00,-1.000000000000000000e+00,-1.000000000000000000e+00,-1.000000000000000000e+00,-1.000000000000000000e+00,-1.000000000000000000e+00,-1.000000000000000000e+00,-1.000000000000000000e+00,-1.000000000000000000e+00,-1.000000000000000000e+00,-1.000000000000000000e+00,-1.000000000000000000e+00,-1.000000000000000000e+00
-1.000000000000000000e+00,-1.000000000000000000e+00,-1.000000000000000000e+00,-1.000000000000000000e+00,-1.000000000000000000e+00,-1.000000000000000000e+00,-1.000000000000000000e+00,-1.000000000000000000e+00,-1.000000000000000000e+00,-1.000000000000000000e+00,-1.000000000000000000e+00,-1.000000000000000000e+00,-1.000000000000000000e+00,-1.000000000000000000e+00,-1.000000000000000000e+00,-1.000000000000000000e+00,-1.000000000000000000e+00,-1.000000000000000000e+00,-1.000000000000000000e+00,-1.000000000000000000e+00,-1.000000000000000000e+00,-1.000000000000000000e+00,-1.000000000000000000e+00,-1.000000000000000000e+00,-1.000000000000000000e+00,-1.000000000000000000e+00,-1.000000000000000000e+00,-1.000000000000000000e+00,-1.000000000000000000e+00,-1.000000000000000000e+00,-1.000000000000000000e+00,-1.000000000000000000e+00,-1.000000000000000000e+00,-1.000000000000000000e+00,-1.000000000000000000e+00,-1.000000000000000000e+00,-1.000000000000000000e+00,-1.000000000000000000e+00,-1.000000000000000000e+00,-1.000000000000000000e+00,-1.000000000000000000e+00,-1.000000000000000000e+00,-1.000000000000000000e+00,-1.000000000000000000e+00,-1.000000000000000000e+00,-1.000000000000000000e+00,-1.232382404815838051e+00,-1.233107868726733169e+00,-1.235244801965304173e+00,-1.238676333565542409e+00,-1.243212198912762689e+00,-1.248593376326216919e+00,-1.254493704212348293e+00,-1.260512589502078340e+00,-1.266150502950049939e+00,-1.270756647051731969e+00,-1.273436391466668427e+00,-1.272905605427618214e+00,-1.267281166444355511e+00,-1.253803664138547269e+00,-1.228502181476354371e+00,-1.185835023803531119e+00,-1.118377714060967643e+00,-1.016685502394133245e+00,-8.695425529407011522e-01,-6.649478578717311628e-01,-3.924247208715413437e-01,-4.763018118492778896e-02,3.592808231441777522e-01,7.902410778463351271e-01,1.163691246556534775e+00,1.360809165762398187e+00,1.360849850759015212e+00,1.163817170864248851e+00,7.904639415960628135e-01,3.596204091030987815e-01,-4.714549954811408927e-02,-3.917572650067270290e-01,-6.640498759655482086e-01,-8.683556138605581509e-01,-1.015140319540563940e+00,-1.116394682062292976e+00,-1.183325740134875126e+00,-1.225372159655455651e+00,-1.249956327428944025e+00,-1.262623040666688734e+00,-1.267352425240324543e+00,-1.266919639229252992e+00,-1.263229890573940972e+00,-1.257594859302808343e+00,-1.250940718302391730e+00,-1.243951924115932250e+00,-1.237161759662659177e+00,-1.231002752253060661e+00,-1.225829529456847755e+00,-1.221924769643049746e+00,-1.219496517908642108e+00,-1.218672695689461127e+00,-1.000000000000000000e+00,-1.000000000000000000e+00,-1.000000000000000000e+00,-1.000000000000000000e+00,-1.000000000000000000e+00,-1.000000000000000000e+00,-1.000000000000000000e+00,-1.000000000000000000e+00,-1.000000000000000000e+00,-1.000000000000000000e+00,-1.000000000000000000e+00,-1.000000000000000000e+00,-1.000000000000000000e+00,-1.000000000000000000e+00,-1.000000000000000000e+00,-1.000000000000000000e+00,-1.000000000000000000e+00,-1.000000000000000000e+00,-1.000000000000000000e+00,-1.000000000000000000e+00,-1.000000000000000000e+00,-1.000000000000000000e+00,-1.000000000000000000e+00,-1.000000000000000000e+00,-1.000000000000000000e+00,-1.000000000000000000e+00,-1.000000000000000000e+00,-1.000000000000000000e+00,-1.000000000000000000e+00,-1.000000000000000000e+00,-1.000000000000000000e+00,-1.000000000000000000e+00,-1.000000000000000000e+00,-1.000000000000000000e+00,-1.000000000000000000e+00,-1.000000000000000000e+00,-1.000000000000000000e+00,-1.000000000000000000e+00,-1.000000000000000000e+00,-1.000000000000000000e+00,-1.000000000000000000e+00,-1.000000000000000000e+00,-1.000000000000000000e+00,-1.000000000000000000e+00,-1.000000000000000000e+00,-1.000000000000000000e+00
-1.000000000000000000e+00,-1.000000000000000000e+00,-1.000000000000000000e+00,-1.000000000000000000e+00,-1.000000000000000000e+00,-1.000000000000000000e+00,-1.000000000000000000e+00,-1.000000000000000000e+00,-1.000000000000000000e+00,-1.000000000000000000e+00,-1.000000000000000000e+00,-1.000000000000000000e+00,-1.000000000000000000e+00,-1.000000000000000000e+00,-1.000000000000000000e+00,-1.000000000000000000e+00,-1.000000000000000000e+00,-1.000000000000000000e+00,-1.000000000000000000e+00,-1.000000000000000000e+00,-1.000000000000000000e+00,-1.000000000000000000e+00,-1.000000000000000000e+00,-1.000000000000000000e+00,-1.000000000000000000e+00,-1.000000000000000000e+00,-1.000000000000000000e+00,-1.000000000000000000e+00,-1.000000000000000000e+00,-1.000000000000000000e+00,-1.000000000000000000e+00,-1.000000000000000000e+00,-1.000000000000000000e+00,-1.000000000000000000e+00,-1.000000000000000000e+00,-1.000000000000000000e+00,-1.000000000000000000e+00,-1.000000000000000000e+00,-1.000000000000000000e+00,-1.000000000000000000e+00,-1.000000000000000000e+00,-1.000000000000000000e+00,-1.000000000000000000e+00,-1.000000000000000000e+00,-1.000000000000000000e+00,-1.000000000000000000e+00,-1.211103562892536178e+00,-1.212021736186271292e+00,-1.214728714867683523e+00,-1.219083493752780356e+00,-1.224856216433309886e+00,-1.231734412870982620e+00,-1.239327588220038079e+00,-1.247164234087569490e+00,-1.254672538640368096e+00,-1.261133517607432752e+00,-1.265593449856031949e+00,-1.266722178890284933e+00,-1.262606273174343485e+00,-1.250473100340117050e+00,-1.226355997920470342e+00,-1.184734800788956877e+00,-1.118223291542255859e+00,-1.017430666140705320e+00,-8.712083733238666916e-01,-6.676307254152160642e-01,-3.962934368081794112e-01,-5.290253818418755305e-02,3.523966606110586763e-01,7.816590843364561447e-01,1.153621965119709714e+00,1.349921002919446611e+00,1.349971182348838283e+00,1.153777308558561643e+00,7.819341354008355616e-01,3.528160529927133471e-01,-5.230342556995126735e-02,-3.954676070051329484e-01,-6.665186779647878090e-01,-8.697374913379655181e-01,-1.015515220922019068e+00,-1.115765425196964200e+00,-1.181626817099302951e+00,-1.222484188310956510e+00,-1.245723152773271059e+00,-1.256870064442511703e+00,-1.259905468077121338e+00,-1.257623739477449876e+00,-1.251967183721864441e+00,-1.244300351151158335e+00,-1.235614594011950063e+00,-1.226667179432179289e+00,-1.218066411514692193e+00,-1.210316576693827084e+00,-1.203835984589823216e+00,-1.198959288295549319e+00,-1.195932543694590899e+00,-1.194906665663900025e+00,-1.000000000000000000e+00,-1.000000000000000000e+00,-1.000000000000000000e+00,-1.000000000000000000e+00,-1.000000000000000000e+00,-1.000000000000000000e+00,-1.000000000000000000e+00,-1.000000000000000000e+00,-1.000000000000000000e+00,-1.000000000000000000e+00,-1.000000000000000000e+00,-1.000000000000000000e+00,-1.000000000000000000e+00,-1.000000000000000000e+00,-1.000000000000000000e+00,-1.000000000000000000e+00,-1.000000000000000000e+00,-1.000000000000000000e+00,-1.000000000000000000e+00,-1.000000000000000000e+00,-1.000000000000000000e+00,-1.000000000000000000e+00,-1.000000000000000000e+00,-1.000000000000000000e+00,-1.000000000000000000e+00,-1.000000000000000000e+00,-1.000000000000000000e+00,-1.000000000000000000e+00,-1.000000000000000000e+00,-1.000000000000000000e+00,-1.000000000000000000e+00,-1.000000000000000000e+00,-1.000000000000000000e+00,-1.000000000000000000e+00,-1.000000000000000000e+00,-1.000000000000000000e+00,-1.000000000000000000e+00,-1.000000000000000000e+00,-1.000000000000000000e+00,-1.000000000000000000e+00,-1.000000000000000000e+00,-1.000000000000000000e+00,-1.000000000000000000e+00,-1.000000000000000000e+00,-1.000000000000000000e+00,-1.000000000000000000e+00
-1.000000000000000000e+00,-1.000000000000000000e+00,-1.000000000000000000e+00,-1.000000000000000000e+00,-1.000000000000000000e+00,-1.000000000000000000e+00,-1.000000000000000000e+00,-1.000000000000000000e+00,-1.000000000000000000e+00,-1.000000000000000000e+00,-1.000000000000000000e+00,-1.000000000000000000e+00,-1.000000000000000000e+00,-1.000000000000000000e+00,-1.000000000000000000e+00,-1.000000000000000000e+00,-1.000000000000000000e+00,-1.000000000000000000e+00,-1.000000000000000000e+00,-1.000000000000000000e+00,-1.000000000000000000e+00,-1.000000000000000000e+00,-1.000000000000000000e+00,-1.000000000000000000e+00,-1.000000000000000000e+00,-1.000000000000000000e+00,-1.000000000000000000e+00,-1.000000000000000000e+00,-1.000000000000000000e+00,-1.000000000000000000e+00,-1.000000000000000000e+00,-1.000000000000000000e+00,-1.000000000000000000e+00,-1.000000000000000000e+00,-1.000000000000000000e+00,-1.000000000000000000e+00,-1.000000000000000000e+00,-1.000000000000000000e+00,-1.000000000000000000e+00,-1.000000000000000000e+00,-1.000000000000000000e+00,-1.000000000000000000e+00,-1.000000000000000000e+00,-1.000000000000000000e+00,-1.000000000000000000e+00,-1.000000000000000000e+00,-1.187079923955318916e+00,-1.188208868178813882e+00,-1.191541045411974808e+00,-1.196913634407485771e+00,-1.204059419959174759e+00,-1.212613025874871964e+00,-1.222117273720565889e+00,-1.232024018242486640e+00,-1.241680396607460990e+00,-1.250288437445108647e+00,-1.256823952684684054e+00,-1.259900402344874770e+00,-1.257566184637968432e+00,-1.247031298417549783e+00,-1.224333836975841416e+00,-1.183981007437461708e+00,-1.118636509448776017e+00,-1.018981098085692594e+00,-8.739565362915892033e-01,-6.717390079387257629e-01,-4.020223687817758851e-01,-6.057813479058304917e-02,3.424654197592462701e-01,7.693393341384340278e-01,1.139204154603814967e+00,1.334347265595986265e+00,1.334408364867620378e+00,1.139393336984552363e+00,7.696744192589644040e-01,3.429766169668964082e-01,-5.984742702710199591e-02,-4.010145518321345248e-01,-6.703813331543599929e-01,-8.721605885433569849e-01,-1.016643152073558820e+00,-1.115639209072559757e+00,-1.180196756873181707e+00,-1.219630131587394972e+00,-1.241277956674195160e+00,-1.250644089145308113e+00,-1.251710972315476011e+00,-1.247298254509088045e+00,-1.239394680727704978e+00,-1.229428695069905819e+00,-1.218467715385458838e+00,-1.207350786134669285e+00,-1.196766876764152832e+00,-1.187293670281214464e+00,-1.179411032283428362e+00,-1.173500854136820370e+00,-1.169841653579540841e+00,-1.168602952617128654e+00,-1.000000000000000000e+00,-1.000000000000000000e+00,-1.000000000000000000e+00,-1.000000000000000000e+00,-1.000000000000000000e+00,-1.000000000000000000e+00,-1.000000000000000000e+00,-1.000000000000000000e+00,-1.000000000000000000e+00,-1.000000000000000000e+00,-1.000000000000000000e+00,-1.000000000000000000e+00,-1.000000000000000000e+00,-1.000000000000000000e+00,-1.000000000000000000e+00,-1.000000000000000000e+00,-1.000000000000000000e+00,-1.000000000000000000e+00,-1.000000000000000000e+00,-1.000000000000000000e+00,-1.000000000000000000e+00,-1.000000000000000000e+00,-1.000000000000000000e+00,-1.000000000000000000e+00,-1.000000000000000000e+00,-1.000000000000000000e+00,-1.000000000000000000e+00,-1.000000000000000000e+00,-1.000000000000000000e+00,-1.000000000000000000e+00,-1.000000000000000000e+00,-1.000000000000000000e+00,-1.000000000000000000e+00,-1.000000000000000000e+00,-1.000000000000000000e+00,-1.000000000000000000e+00,-1.000000000000000000e+00,-1.000000000000000000e+00,-1.000000000000000000e+00,-1.000000000000000000e+00,-1.000000000000000000e+00,-1.000000000000000000e+00,-1.000000000000000000e+00,-1.000000000000000000e+00,-1.000000000000000000e+00,-1.000000000000000000e+00
-1.000000000000000000e+00,-1.000000000000000000e+00,-1.000000000000000000e+00,-1.000000000000000000e+00,-1.000000000000000000e+00,-1.000000000000000000e+00,-1.000000000000000000e+00,-1.000000000000000000e+00,-1.000000000000000000e+00,-1.000000000000000000e+00,-1.000000000000000000e+00,-1.000000000000000000e+00,-1.000000000000000000e+00,-1.000000000000000000e+00,-1.000000000000000000e+00,-1.000000000000000000e+00,-1.000000000000000000e+00,-1.000000000000000000e+00,-1.000000000000000000e+00,-1.000000000000000000e+00,-1.000000000000000000e+00,-1.000000000000000000e+00,-1.000000000000000000e+00,-1.000000000000000000e+00,-1.000000000000000000e+00,-1.000000000000000000e+00,-1.000000000000000000e+00,-1.000000000000000000e+00,-1.000000000000000000e+00,-1.000000000000000000e+00,-1.000000000000000000e+00,-1.000000000000000000e+00,-1.000000000000000000e+00,-1.000000000000000000e+00,-1.000000000000000000e+00,-1.000000000000000000e+00,-1.000000000000000000e+00,-1.000000000000000000e+00,-1.000000000000000000e+00,-1.000000000000000000e+00,-1.000000000000000000e+00,-1.000000000000000000e+00,-1.000000000000000000e+00,-1.000000000000000000e+00,-1.000000000000000000e+00,-1.000000000000000000e+00,-1.161241346288986342e+00,-1.162584701033234191e+00,-1.166555743190753169e+00,-1.172977040053372555e+00,-1.181553167392277892e+00,-1.191874094485469993e+00,-1.203420971882143142e+00,-1.215569406388509632e+00,-1.227581015168396128e+00,-1.238570378831167940e+00,-1.247432077083795665e+00,-1.252712211358377958e+00,-1.252411927917486345e+00,-1.243718516585315514e+00,-1.222674721861892522e+00,-1.183821405884077471e+00,-1.119885664295160677e+00,-1.021640800154434592e+00,-8.781467680681136478e-01,-6.777139891656085435e-01,-4.101657657023459747e-01,-7.135859351050299892e-02,3.286073244564515772e-01,7.522096436021514787e-01,1.119195591333635775e+00,1.312752720147154495e+00,1.312826108400102498e+00,1.119422851913848493e+00,7.526122664517005401e-01,3.292217452939618649e-01,-7.048006947310347936e-02,-4.089538614261071237e-01,-6.760815330586400496e-01,-8.759884294876825184e-01,-1.018834034811044509e+00,-1.116293419639164286e+00,-1.179297027472498760e+00,-1.217069258332049486e+00,-1.236890232563942371e+00,-1.244237339539638665e+00,-1.243097443003327918e+00,-1.236322953346775666e+00,-1.225959546834205049e+00,-1.213510717035433562e+00,-1.200129277010837825e+00,-1.186741305978028294e+00,-1.174116121834732240e+00,-1.162898591694949912e+00,-1.153619081838152427e+00,-1.146693099581577835e+00,-1.142418473253628441e+00,-1.140973790057866921e+00,-1.000000000000000000e+00,-1.000000000000000000e+00,-1.000000000000000000e+00,-1.000000000000000000e+00,-1.000000000000000000e+00,-1.000000000000000000e+00,-1.000000000000000000e+00,-1.000000000000000000e+00,-1.000000000000000000e+00,-1.000000000000000000e+00,-1.000000000000000000e+00,-1.000000000000000000e+00,-1.000000000000000000e+00,-1.000000000000000000e+00,-1.000000000000000000e+00,-1.000000000000000000e+00,-1.000000000000000000e+00,-1.000000000000000000e+00,-1.000000000000000000e+00,-1.000000000000000000e+00,-1.000000000000000000e+00,-1.000000000000000000e+00,-1.000000000000000000e+00,-1.000000000000000000e+00,-1.000000000000000000e+00,-1.000000000000000000e+00,-1.000000000000000000e+00,-1.000000000000000000e+00,-1.000000000000000000e+00,-1.000000000000000000e+00,-1.000000000000000000e+00,-1.000000000000000000e+00,-1.000000000000000000e+00,-1.000000000000000000e+00,-1.000000000000000000e+00,-1.000000000000000000e+00,-1.000000000000000000e+00,-1.000000000000000000e+00,-1.000000000000000000e+00,-1.000000000000000000e+00,-1.000000000000000000e+00,-1.000000000000000000e+00,-1.000000000000000000e+00,-1.000000000000000000e+00,-1.000000000000000000e+00,-1.000000000000000000e+00
-1.000000000000000000e+00,-1.000000000000000000e+00,-1.000000000000000000e+00,-1.000000000000000000e+00,-1.000000000000000000e+00,-1.000000000000000000e+00,-1.000000000000000000e+00,-1.000000000000000000e+00,-1.000000000000000000e+00,-1.000000000000000000e+00,-1.000000000000000000e+00,-1.000000000000000000e+00,-1.000000000000000000e+00,-1.000000000000000000e+00,-1.000000000000000000e+00,-1.000000000000000000e+00,-1.000000000000000000e+00,-1.000000000000000000e+00,-1.000000000000000000e+00,-1.000000000000000000e+00,-1.000000000000000000e+00,-1.000000000000000000e+00,-1.000000000000000000e+00,-1.000000000000000000e+00,-1.000000000000000000e+00,-1.000000000000000000e+00,-1.000000000000000000e+00,-1.000000000000000000e+00,-1.000000000000000000e+00,-1.000000000000000000e+00,-1.000000000000000000e+00,-1.000000000000000000e+00,-1.000000000000000000e+00,-1.000000000000000000e+00,-1.000000000000000000e+00,-1.000000000000000000e+00,-1.000000000000000000e+00,-1.000000000000000000e+00,-1.000000000000000000e+00,-1.000000000000000000e+00,-1.000000000000000000e+00,-1.000000000000000000e+00,-1.000000000000000000e+00,-1.000000000000000000e+00,-1.000000000000000000e+00,-1.000000000000000000e+00,-1.135077645703106874e+00,-1.136618194042781083e+00,-1.141181450910374595e+00,-1.148588737564510298e+00,-1.158534344841203989e+00,-1.170581890464525987e+00,-1.184165930591844385e+00,-1.198595125106171055e+00,-1.213047975404642820e+00,-1.226547566982527870e+00,-1.237898530969328004e+00,-1.245568825466167651e+00,-1.247502328147547690e+00,-1.240857003757482646e+00,-1.221679242720870917e+00,-1.184549904918798413e+00,-1.122274405081544746e+00,-1.025742628959963376e+00,-8.841651703620042602e-01,-6.860246088225570027e-01,-4.213102625253376532e-01,-8.598562363668171837e-02,3.098926799763905837e-01,7.291374429264105839e-01,1.092285012271005940e+00,1.283729212031433420e+00,1.283816090257372977e+00,1.092554060469042021e+00,7.296141355825913610e-01,3.106201833176278626e-01,-8.494544451328267520e-02,-4.198757283579234167e-01,-6.840934653461856474e-01,-8.816147868787701514e-01,-1.022431837203414240e+00,-1.118047633741103386e+00,-1.179244087982137756e+00,-1.215133620728529706e+00,-1.232925386898177322e+00,-1.238066711599954184e+00,-1.234552574176979167e+00,-1.225276903261995010e+00,-1.212353329007263225e+00,-1.197370495486984376e+00,-1.181572589663421713e+00,-1.165971966580950259e+00,-1.151409437175864969e+00,-1.138580485417179045e+00,-1.128043892359753775e+00,-1.120224760042202838e+00,-1.115418526831494450e+00,-1.113797630592963106e+00,-1.000000000000000000e+00,-1.000000000000000000e+00,-1.000000000000000000e+00,-1.000000000000000000e+00,-1.000000000000000000e+00,-1.000000000000000000e+00,-1.000000000000000000e+00,-1.000000000000000000e+00,-1.000000000000000000e+00,-1.000000000000000000e+00,-1.000000000000000000e+00,-1.000000000000000000e+00,-1.000000000000000000e+00,-1.000000000000000000e+00,-1.000000000000000000e+00,-1.000000000000000000e+00,-1.000000000000000000e+00,-1.000000000000000000e+00,-1.000000000000000000e+00,-1.000000000000000000e+00,-1.000000000000000000e+00,-1.000000000000000000e+00,-1.000000000000000000e+00,-1.000000000000000000e+00,-1.000000000000000000e+00,-1.000000000000000000e+00,-1.000000000000000000e+00,-1.000000000000000000e+00,-1.000000000000000000e+00,-1.000000000000000000e+00,-1.000000000000000000e+00,-1.000000000000000000e+00,-1.000000000000000000e+00,-1.000000000000000000e+00,-1.000000000000000000e+00,-1.000000000000000000e+00,-1.000000000000000000e+00,-1.000000000000000000e+00,-1.000000000000000000e+00,-1.000000000000000000e+00,-1.000000000000000000e+00,-1.000000000000000000e+00,-1.000000000000000000e+00,-1.000000000000000000e+00,-1.000000000000000000e+00,-1.000000000000000000e+00
-1.000000000000000000e+00,-1.000000000000000000e+00,-1.000000000000000000e+00,-1.000000000000000000e+00,-1.000000000000000000e+00,-1.000000000000000000e+00,-1.000000000000000000e+00,-1.000000000000000000e+00,-1.000000000000000000e+00,-1.000000000000000000e+00,-1.000000000000000000e+00,-1.000000000000000000e+00,-1.000000000000000000e+00,-1.000000000000000000e+00,-1.000000000000000000e+00,-1.000000000000000000e+00,-1.000000000000000000e+00,-1.000000000000000000e+00,-1.000000000000000000e+00,-1.000000000000000000e+00,-1.000000000000000000e+00,-1.000000000000000000e+00,-1.000000000000000000e+00,-1.000000000000000000e+00,-1.000000000000000000e+00,-1.000000000000000000e+00,-1.000000000000000000e+00,-1.000000000000000000e+00,-1.000000000000000000e+00,-1.000000000000000000e+00,-1.000000000000000000e+00,-1.000000000000000000e+00,-1.000000000000000000e+00,-1.000000000000000000e+00,-1.000000000000000000e+00,-1.000000000000000000e+00,-1.000000000000000000e+00,-1.000000000000000000e+00,-1.000000000000000000e+00,-1.000000000000000000e+00,-1.000000000000000000e+00,-1.000000000000000000e+00,-1.000000000000000000e+00,-1.000000000000000000e+00,-1.000000000000000000e+00,-1.000000000000000000e+00,-1.110597820306983730e+00,-1.112293036072299124e+00,-1.117328272244306753e+00,-1.125543258277776903e+00,-1.136648909018900921e+00,-1.150211588248470918e+00,-1.165645980266434067e+00,-1.182214315835039553e+00,-1.199023873194640544e+00,-1.215009072366105558e+00,-1.228879903175526644e+00,-1.239016924544358744e+00,-1.243296510682749378e+00,-1.238839613165433118e+00,-1.221694190523912482e+00,-1.186487076027424870e+00,-1.126117770669385454e+00,-1.031619093781457108e+00,-8.923884545693899772e-01,-6.971231314999026818e-01,-4.360193098174391935e-01,-1.051711004757905910e-01,2.854290581076313060e-01,6.990356969405260301e-01,1.057214841644982695e+00,1.245927977039184231e+00,1.246029244390343571e+00,1.057528440959528915e+00,6.995912758961955191e-01,2.862767934771888179e-01,-1.039594758834145871e-01,-4.343494897758191087e-01,-6.948778144796210476e-01,-8.894282673571033415e-01,-1.027785684195009708e+00,-1.121239828331755284e+00,-1.180389768671223027e+00,-1.214211988555047528e+00,-1.229831715525665059e+00,-1.232663176487800438e+00,-1.226714163546922531e+00,-1.214929494627704720e+00,-1.199501070286994375e+00,-1.182109881003427176e+00,-1.164091774119969225e+00,-1.146536090242645800e+00,-1.130335533524362113e+00,-1.116207899231361989e+00,-1.104707028824142734e+00,-1.096234023898640553e+00,-1.091053025428744272e+00,-1.089310551487548073e+00,-1.000000000000000000e+00,-1.000000000000000000e+00,-1.000000000000000000e+00,-1.000000000000000000e+00,-1.000000000000000000e+00,-1.000000000000000000e+00,-1.000000000000000000e+00,-1.000000000000000000e+00,-1.000000000000000000e+00,-1.000000000000000000e+00,-1.000000000000000000e+00,-1.000000000000000000e+00,-1.000000000000000000e+00,-1.000000000000000000e+00,-1.000000000000000000e+00,-1.000000000000000000e+00,-1.000000000000000000e+00,-1.000000000000000000e+00,-1.000000000000000000e+00,-1.000000000000000000e+00,-1.000000000000000000e+00,-1.000000000000000000e+00,-1.000000000000000000e+00,-1.000000000000000000e+00,-1.000000000000000000e+00,-1.000000000000000000e+00,-1.000000000000000000e+00,-1.000000000000000000e+00,-1.000000000000000000e+00,-1.000000000000000000e+00,-1.000000000000000000e+00,-1.000000000000000000e+00,-1.000000000000000000e+00,-1.000000000000000000e+00,-1.000000000000000000e+00,-1.000000000000000000e+00,-1.000000000000000000e+00,-1.000000000000000000e+00,-1.000000000000000000e+00,-1.000000000000000000e+00,-1.000000000000000000e+00,-1.000000000000000000e+00,-1.000000000000000000e+00,-1.000000000000000000e+00,-1.000000000000000000e+00,-1.000000000000000000e+00
-1.000000000000000000e+00,-1.000000000000000000e+00,-1.000000000000000000e+00,-1.000000000000000000e+00,-1.000000000000000000e+00,-1.000000000000000000e+00,-1.000000000000000000e+00,-1.000000000000000000e+00,-1.000000000000000000e+00,-1.000000000000000000e+00,-1.000000000000000000e+00,-1.000000000000000000e+00,-1.000000000000000000e+00,-1.000000000000000000e+00,-1.000000000000000000e+00,-1.000000000000000000e+00,-1.000000000000000000e+00,-1.000000000000000000e+00,-1.000000000000000000e+00,-1.000000000000000000e+00,-1.000000000000000000e+00,-1.000000000000000000e+00,-1.000000000000000000e+00,-1.000000000000000000e+00,-1.000000000000000000e+00,-1.000000000000000000e+00,-1.000000000000000000e+00,-1.000000000000000000e+00,-1.000000000000000000e+00,-1.000000000000000000e+00,-1.000000000000000000e+00,-1.000000000000000000e+00,-1.000000000000000000e+00,-1.000000000000000000e+00,-1.000000000000000000e+00,-1.000000000000000000e+00,-1.000000000000000000e+00,-1.000000000000000000e+00,-1.000000000000000000e+00,-1.000000000000000000e+00,-1.000000000000000000e+00,-1.000000000000000000e+00,-1.000000000000000000e+00,-1.000000000000000000e+00,-1.000000000000000000e+00,-1.000000000000000000e+00,-1.090144591543930064e+00,-1.091926867137863466e+00,-1.097240342889589160e+00,-1.105967105161135722e+00,-1.117867667779707253e+00,-1.132548621140746947e+00,-1.149442276965610743e+00,-1.167797012143569901e+00,-1.186672355136951351e+00,-1.204926411857668134e+00,-1.221176422427449948e+00,-1.233709879644895313e+00,-1.240326586675068343e+00,-1.238102435134312396e+00,-1.223083929182938068e+00,-1.189949125052245371e+00,-1.131707448064663613e+00,-1.039562175188015969e+00,-9.031359650660166771e-01,-7.113862465073133023e-01,-4.547594674621662225e-01,-1.295042380056570241e-01,2.544771481688354875e-01,6.610036276004365163e-01,1.012944018517489386e+00,1.198234823750975675e+00,1.198350932925925427e+00,1.013303538181355101e+00,6.616403981994964933e-01,2.554483407953103136e-01,-1.281171597052098710e-01,-4.528499673371880752e-01,-7.088228440318202761e-01,-8.997641818265703639e-01,-1.035209273114829909e+00,-1.126190809792607883e+00,-1.183088728783400434e+00,-1.214718653006823690e+00,-1.228108902734961427e+00,-1.228638082308912916e+00,-1.220331825138593729e+00,-1.206194457634897965e+00,-1.188503685343873961e+00,-1.169034496418736468e+00,-1.149206179946998141e+00,-1.130164904112306745e+00,-1.112823849267057019e+00,-1.097883923307685139e+00,-1.085852353147428007e+00,-1.077067574000478034e+00,-1.071731075880133943e+00,-1.069942578846744929e+00,-1.000000000000000000e+00,-1.000000000000000000e+00,-1.000000000000000000e+00,-1.000000000000000000e+00,-1.000000000000000000e+00,-1.000000000000000000e+00,-1.000000000000000000e+00,-1.000000000000000000e+00,-1.000000000000000000e+00,-1.000000000000000000e+00,-1.000000000000000000e+00,-1.000000000000000000e+00,-1.000000000000000000e+00,-1.000000000000000000e+00,-1.000000000000000000e+00,-1.000000000000000000e+00,-1.000000000000000000e+00,-1.000000000000000000e+00,-1.000000000000000000e+00,-1.000000000000000000e+00,-1.000000000000000000e+00,-1.000000000000000000e+00,-1.000000000000000000e+00,-1.000000000000000000e+00,-1.000000000000000000e+00,-1.000000000000000000e+00,-1.000000000000000000e+00,-1.000000000000000000e+00,-1.000000000000000000e+00,-1.000000000000000000e+00,-1.000000000000000000e+00,-1.000000000000000000e+00,-1.000000000000000000e+00,-1.000000000000000000e+00,-1.000000000000000000e+00,-1.000000000000000000e+00,-1.000000000000000000e+00,-1.000000000000000000e+00,-1.000000000000000000e+00,-1.000000000000000000e+00,-1.000000000000000000e+00,-1.000000000000000000e+00,-1.000000000000000000e+00,-1.000000000000000000e+00,-1.000000000000000000e+00,-1.000000000000000000e+00
-1.000000000000000000e+00,-1.000000000000000000e+00,-1.000000000000000000e+00,-1.000000000000000000e+00,-1.000000000000000000e+00,-1.000000000000000000e+00,-1.000000000000000000e+00,-1.000000000000000000e+00,-1.000000000000000000e+00,-1.000000000000000000e+00,-1.000000000000000000e+00,-1.000000000000000000e+00,-1.000000000000000000e+00,-1.000000000000000000e+00,-1.000000000000000000e+00,-1.000000000000000000e+00,-1.000000000000000000e+00,-1.000000000000000000e+00,-1.000000000000000000e+00,-1.000000000000000000e+00,-1.000000000000000000e+00,-1.000000000000000000e+00,-1.000000000000000000e+00,-1.000000000000000000e+00,-1.000000000000000000e+00,-1.000000000000000000e+00,-1.000000000000000000e+00,-1.000000000000000000e+00,-1.000000000000000000e+00,-1.000000000000000000e+00,-1.000000000000000000e+00,-1.000000000000000000e+00,-1.000000000000000000e+00,-1.000000000000000000e+00,-1.000000000000000000e+00,-1.000000000000000000e+00,-1.000000000000000000e+00,-1.000000000000000000e+00,-1.000000000000000000e+00,-1.000000000000000000e+00,-1.000000000000000000e+00,-1.000000000000000000e+00,-1.000000000000000000e+00,-1.000000000000000000e+00,-1.000000000000000000e+00,-1.000000000000000000e+00,-1.076050474074945695e+00,-1.077834378610367461e+00,-1.083179240357623918e+00,-1.092033100429914638e+00,-1.104238026138578910e+00,-1.119479923494700380e+00,-1.137252441624527100e+00,-1.156832970836743302e+00,-1.177269052837916385e+00,-1.197366693007173799e+00,-1.215661858696065245e+00,-1.230349766108702614e+00,-1.239148000792141602e+00,-1.239080435885373310e+00,-1.226188779814876062e+00,-1.195206694920194490e+00,-1.139268591949343268e+00,-1.049775398052012587e+00,-9.166136303000658181e-01,-7.290467520506074273e-01,-4.778149416838416430e-01,-1.593437513711380982e-01,2.165855531261244860e-01,6.144904984187919972e-01,9.588372899400607885e-01,1.139973336863109310e+00,1.140104156745355812e+00,9.592422812567893420e-01,6.152075109025849642e-01,2.176783858295106011e-01,-1.577845539556155252e-01,-4.756717055291426188e-01,-7.261755804274585557e-01,-9.128476810414815068e-01,-1.044931651875105949e+00,-1.133159027326542390e+00,-1.187654221822087131e+00,-1.217047311130957432e+00,-1.228257131646174782e+00,-1.226624224093670001e+00,-1.216196097046065461e+00,-1.200042228123965771e+00,-1.180527906813706673e+00,-1.159514922344941246e+00,-1.138486412713336504e+00,-1.118612944733008430e+00,-1.100786016018248992e+00,-1.085643676761094412e+00,-1.073603473072087144e+00,-1.064906001226817001e+00,-1.059664488517240377e+00,-1.057915396647793660e+00,-1.000000000000000000e+00,-1.000000000000000000e+00,-1.000000000000000000e+00,-1.000000000000000000e+00,-1.000000000000000000e+00,-1.000000000000000000e+00,-1.000000000000000000e+00,-1.000000000000000000e+00,-1.000000000000000000e+00,-1.000000000000000000e+00,-1.000000000000000000e+00,-1.000000000000000000e+00,-1.000000000000000000e+00,-1.000000000000000000e+00,-1.000000000000000000e+00,-1.000000000000000000e+00,-1.000000000000000000e+00,-1.000000000000000000e+00,-1.000000000000000000e+00,-1.000000000000000000e+00,-1.000000000000000000e+00,-1.000000000000000000e+00,-1.000000000000000000e+00,-1.000000000000000000e+00,-1.000000000000000000e+00,-1.000000000000000000e+00,-1.000000000000000000e+00,-1.000000000000000000e+00,-1.000000000000000000e+00,-1.000000000000000000e+00,-1.000000000000000000e+00,-1.000000000000000000e+00,-1.000000000000000000e+00,-1.000000000000000000e+00,-1.000000000000000000e+00,-1.000000000000000000e+00,-1.000000000000000000e+00,-1.000000000000000000e+00,-1.000000000000000000e+00,-1.000000000000000000e+00,-1.000000000000000000e+00,-1.000000000000000000e+00,-1.000000000000000000e+00,-1.000000000000000000e+00,-1.000000000000000000e+00,-1.000000000000000000e+00
-1.000000000000000000e+00,-1.000000000000000000e+00,-1.000000000000000000e+00,-1.000000000000000000e+00,-1.000000000000000000e+00,-1.000000000000000000e+00,-1.000000000000000000e+00,-1.000000000000000000e+00,-1.000000000000000000e+00,-1.000000000000000000e+00,-1.000000000000000000e+00,-1.000000000000000000e+00,-1.000000000000000000e+00,-1.000000000000000000e+00,-1.000000000000000000e+00,-1.000000000000000000e+00,-1.000000000000000000e+00,-1.000000000000000000e+00,-1.000000000000000000e+00,-1.000000000000000000e+00,-1.000000000000000000e+00,-1.000000000000000000e+00,-1.000000000000000000e+00,-1.000000000000000000e+00,-1.000000000000000000e+00,-1.000000000000000000e+00,-1.000000000000000000e+00,-1.000000000000000000e+00,-1.000000000000000000e+00,-1.000000000000000000e+00,-1.000000000000000000e+00,-1.000000000000000000e+00,-1.000000000000000000e+00,-1.000000000000000000e+00,-1.000000000000000000e+00,-1.000000000000000000e+00,-1.000000000000000000e+00,-1.000000000000000000e+00,-1.000000000000000000e+00,-1.000000000000000000e+00,-1.000000000000000000e+00,-1.000000000000000000e+00,-1.000000000000000000e+00,-1.000000000000000000e+00,-1.000000000000000000e+00,-1.000000000000000000e+00,-1.070183892999920339e+00,-1.071880562631391198e+00,-1.076998385012511772e+00,-1.085568239288610348e+00,-1.097534138785448032e+00,-1.112691300705816566e+00,-1.130636084182053303e+00,-1.150722733512298257e+00,-1.172033010129502895e+00,-1.193357940170080678e+00,-1.213176095465817061e+00,-1.229601059999574364e+00,-1.240269062780962050e+00,-1.242148360188501721e+00,-1.231273465348099672e+00,-1.202437381732900823e+00,-1.148912995629265632e+00,-1.062323997472234272e+00,-9.328569686632811608e-01,-7.501246021393394026e-01,-5.052012815536339740e-01,-1.947086300338275455e-01,1.717276734631449919e-01,5.594620932612939246e-01,8.948574226170800117e-01,1.071110659219697503e+00,1.071255369626448406e+00,8.953052972562771661e-01,5.602545882424658785e-01,1.729344772934942043e-01,-1.929890736785344618e-01,-5.028419477791641334e-01,-7.469717933468105198e-01,-9.287352063097438215e-01,-1.057045149703016440e+00,-1.142290577527391271e+00,-1.194306191788961691e+00,-1.221513434006279653e+00,-1.230709766831162177e+00,-1.227194454669150669e+00,-1.215037938941802231e+00,-1.197374554499082810e+00,-1.176649670656529034e+00,-1.154792536167827954e+00,-1.133317276050171074e+00,-1.113374937965155187e+00,-1.095786753269685665e+00,-1.081082959636265439e+00,-1.069557128229999599e+00,-1.061331143643196251e+00,-1.056419474722807506e+00,-1.054788857775254884e+00,-1.000000000000000000e+00,-1.000000000000000000e+00,-1.000000000000000000e+00,-1.000000000000000000e+00,-1.000000000000000000e+00,-1.000000000000000000e+00,-1.000000000000000000e+00,-1.000000000000000000e+00,-1.000000000000000000e+00,-1.000000000000000000e+00,-1.000000000000000000e+00,-1.000000000000000000e+00,-1.000000000000000000e+00,-1.000000000000000000e+00,-1.000000000000000000e+00,-1.000000000000000000e+00,-1.000000000000000000e+00,-1.000000000000000000e+00,-1.000000000000000000e+00,-1.000000000000000000e+00,-1.000000000000000000e+00,-1.000000000000000000e+00,-1.000000000000000000e+00,-1.000000000000000000e+00,-1.000000000000000000e+00,-1.000000000000000000e+00,-1.000000000000000000e+00,-1.000000000000000000e+00,-1.000000000000000000e+00,-1.000000000000000000e+00,-1.000000000000000000e+00,-1.000000000000000000e+00,-1.000000000000000000e+00,-1.000000000000000000e+00,-1.000000000000000000e+00,-1.000000000000000000e+00,-1.000000000000000000e+00,-1.000000000000000000e+00,-1.000000000000000000e+00,-1.000000000000000000e+00,-1.000000000000000000e+00,-1.000000000000000000e+00,-1.000000000000000000e+00,-1.000000000000000000e+00,-1.000000000000000000e+00,-1.000000000000000000e+00
-1.000000000000000000e+00,-1.000000000000000000e+00,-1.000000000000000000e+00,-1.000000000000000000e+00,-1.000000000000000000e+00,-1.000000000000000000e+00,-1.000000000000000000e+00,-1.000000000000000000e+00,-1.000000000000000000e+00,-1.000000000000000000e+00,-1.000000000000000000e+00,-1.000000000000000000e+00,-1.000000000000000000e+00,-1.000000000000000000e+00,-1.000000000000000000e+00,-1.000000000000000000e+00,-1.000000000000000000e+00,-1.000000000000000000e+00,-1.000000000000000000e+00,-1.000000000000000000e+00,-1.000000000000000000e+00,-1.000000000000000000e+00,-1.000000000000000000e+00,-1.000000000000000000e+00,-1.000000000000000000e+00,-1.000000000000000000e+00,-1.000000000000000000e+00,-1.000000000000000000e+00,-1.000000000000000000e+00,-1.000000000000000000e+00,-1.000000000000000000e+00,-1.000000000000000000e+00,-1.000000000000000000e+00,-1.000000000000000000e+00,-1.000000000000000000e+00,-1.000000000000000000e+00,-1.000000000000000000e+00,-1.000000000000000000e+00,-1.000000000000000000e+00,-1.000000000000000000e+00,-1.000000000000000000e+00,-1.000000000000000000e+00,-1.000000000000000000e+00,-1.000000000000000000e+00,-1.000000000000000000e+00,-1.000000000000000000e+00,-1.073511645464685360e+00,-1.075046315064645652e+00,-1.079719256172729569e+00,-1.087649315038334841e+00,-1.098880738711596194e+00,-1.113327728309000841e+00,-1.130717660458465890e+00,-1.150525551208006370e+00,-1.171918432275821376e+00,-1.193720558821088851e+00,-1.214390631476975679e+00,-1.231984069816018268e+00,-1.244066488242307589e+00,-1.247553142093950074e+00,-1.238471730817804151e+00,-1.211678313508785187e+00,-1.160595547112893478e+00,-1.077091094405448368e+00,-9.516825433689616309e-01,-7.743688071674968976e-01,-5.365925636071804394e-01,-2.351854894395875029e-01,1.204183664723288416e-01,4.965429237549483510e-01,8.217292603062678058e-01,9.924324873458674201e-01,9.925895346352922033e-01,8.222151592366264694e-01,4.974021228536413819e-01,1.217253541825407126e-01,-2.333260378758212905e-01,-5.340466654863054163e-01,-7.709762726214156592e-01,-9.472637033173955112e-01,-1.071458510640556749e+00,-1.153571598994157066e+00,-1.203118522990330952e+00,-1.228292026760392508e+00,-1.235757127187332438e+00,-1.230766650929283612e+00,-1.217409710761464092e+00,-1.198876155199491755e+00,-1.177671547822387366e+00,-1.155759241840747187e+00,-1.134638998115061082e+00,-1.115391407620299757e+00,-1.098720532827476282e+00,-1.085015149029741943e+00,-1.074429571569935460e+00,-1.066968929545118794e+00,-1.062559728066174491e+00,-1.061104585212059526e+00,-1.000000000000000000e+00,-1.000000000000000000e+00,-1.000000000000000000e+00,-1.000000000000000000e+00,-1.000000000000000000e+00,-1.000000000000000000e+00,-1.000000000000000000e+00,-1.000000000000000000e+00,-1.000000000000000000e+00,-1.000000000000000000e+00,-1.000000000000000000e+00,-1.000000000000000000e+00,-1.000000000000000000e+00,-1.000000000000000000e+00,-1.000000000000000000e+00,-1.000000000000000000e+00,-1.000000000000000000e+00,-1.000000000000000000e+00,-1.000000000000000000e+00,-1.000000000000000000e+00,-1.000000000000000000e+00,-1.000000000000000000e+00,-1.000000000000000000e+00,-1.000000000000000000e+00,-1.000000000000000000e+00,-1.000000000000000000e+00,-1.000000000000000000e+00,-1.000000000000000000e+00,-1.000000000000000000e+00,-1.000000000000000000e+00,-1.000000000000000000e+00,-1.000000000000000000e+00,-1.000000000000000000e+00,-1.000000000000000000e+00,-1.000000000000000000e+00,-1.000000000000000000e+00,-1.000000000000000000e+00,-1.000000000000000000e+00,-1.000000000000000000e+00,-1.000000000000000000e+00,-1.000000000000000000e+00,-1.000000000000000000e+00,-1.000000000000000000e+00,-1.000000000000000000e+00,-1.000000000000000000e+00,-1.000000000000000000e+00
-1.000000000000000000e+00,-1.000000000000000000e+00,-1.000000000000000000e+00,-1.000000000000000000e+00,-1.000000000000000000e+00,-1.000000000000000000e+00,-1.000000000000000000e+00,-1.000000000000000000e+00,-1.000000000000000000e+00,-1.000000000000000000e+00,-1.000000000000000000e+00,-1.000000000000000000e+00,-1.000000000000000000e+00,-1.000000000000000000e+00,-1.000000000000000000e+00,-1.000000000000000000e+00,-1.000000000000000000e+00,-1.000000000000000000e+00,-1.000000000000000000e+00,-1.000000000000000000e+00,-1.000000000000000000e+00,-1.000000000000000000e+00,-1.000000000000000000e+00,-1.000000000000000000e+00,-1.000000000000000000e+00,-1.000000000000000000e+00,-1.000000000000000000e+00,-1.000000000000000000e+00,-1.000000000000000000e+00,-1.000000000000000000e+00,-1.000000000000000000e+00,-1.000000000000000000e+00,-1.000000000000000000e+00,-1.000000000000000000e+00,-1.000000000000000000e+00,-1.000000000000000000e+00,-1.000000000000000000e+00,-1.000000000000000000e+00,-1.000000000000000000e+00,-1.000000000000000000e+00,-1.000000000000000000e+00,-1.000000000000000000e+00,-1.000000000000000000e+00,-1.000000000000000000e+00,-1.000000000000000000e+00,-1.000000000000000000e+00,-1.085844972229479621e+00,-1.087170024756820785e+00,-1.091262701047069905e+00,-1.098323359278548850e+00,-1.108466986110924202e+00,-1.121710553564707613e+00,-1.137919244900307270e+00,-1.156718278404291311e+00,-1.177406220648699264e+00,-1.198893571526896018e+00,-1.219668028904291823e+00,-1.237763938686464282e+00,-1.250699338448498565e+00,-1.255347988231335865e+00,-1.247735966533989327e+00,-1.222786986563895617e+00,-1.174082166300887575e+00,-1.093748720704063704e+00,-9.726580595083729186e-01,-8.012225431906290218e-01,-5.712774816668304556e-01,-2.798719026399558718e-01,6.378622486675067371e-02,4.271049683939400765e-01,7.410420938387796141e-01,9.056515119073873521e-01,9.058186527694245260e-01,7.415590303860701837e-01,4.280183539322774955e-01,6.517397745407849108e-02,-2.779009141269968008e-01,-5.685851358521338828e-01,-7.976458894044893277e-01,-9.680180073151120057e-01,-1.087864406481331203e+00,-1.166791766380298023e+00,-1.213974402935738217e+00,-1.237360725823857699e+00,-1.243473126102518700e+00,-1.237509721284803854e+00,-1.223566685157034595e+00,-1.204868838369971051e+00,-1.183948602802714412e+00,-1.162757549207792174e+00,-1.142728424116148611e+00,-1.124822268465094588e+00,-1.109591462937652873e+00,-1.097270333290450317e+00,-1.087882819536913237e+00,-1.081342830490886975e+00,-1.077520347135650702e+00,-1.076267401125676315e+00,-1.000000000000000000e+00,-1.000000000000000000e+00,-1.000000000000000000e+00,-1.000000000000000000e+00,-1.000000000000000000e+00,-1.000000000000000000e+00,-1.000000000000000000e+00,-1.000000000000000000e+00,-1.000000000000000000e+00,-1.000000000000000000e+00,-1.000000000000000000e+00,-1.000000000000000000e+00,-1.000000000000000000e+00,-1.000000000000000000e+00,-1.000000000000000000e+00,-1.000000000000000000e+00,-1.000000000000000000e+00,-1.000000000000000000e+00,-1.000000000000000000e+00,-1.000000000000000000e+00,-1.000000000000000000e+00,-1.000000000000000000e+00,-1.000000000000000000e+00,-1.000000000000000000e+00,-1.000000000000000000e+00,-1.000000000000000000e+00,-1.000000000000000000e+00,-1.000000000000000000e+00,-1.000000000000000000e+00,-1.000000000000000000e+00,-1.000000000000000000e+00,-1.000000000000000000e+00,-1.000000000000000000e+00,-1.000000000000000000e+00,-1.000000000000000000e+00,-1.000000000000000000e+00,-1.000000000000000000e+00,-1.000000000000000000e+00,-1.000000000000000000e+00,-1.000000000000000000e+00,-1.000000000000000000e+00,-1.000000000000000000e+00,-1.000000000000000000e+00,-1.000000000000000000e+00,-1.000000000000000000e+00,-1.000000000000000000e+00
-1.000000000000000000e+00,-1.000000000000000000e+00,-1.000000000000000000e+00,-1.000000000000000000e+00,-1.000000000000000000e+00,-1.000000000000000000e+00,-1.000000000000000000e+00,-1.000000000000000000e+00,-1.000000000000000000e+00,-1.000000000000000000e+00,-1.000000000000000000e+00,-1.000000000000000000e+00,-1.000000000000000000e+00,-1.000000000000000000e+00,-1.000000000000000000e+00,-1.000000000000000000e+00,-1.000000000000000000e+00,-1.000000000000000000e+00,-1.000000000000000000e+00,-1.000000000000000000e+00,-1.000000000000000000e+00,-1.000000000000000000e+00,-1.000000000000000000e+00,-1.000000000000000000e+00,-1.000000000000000000e+00,-1.000000000000000000e+00,-1.000000000000000000e+00,-1.000000000000000000e+00,-1.000000000000000000e+00,-1.000000000000000000e+00,-1.000000000000000000e+00,-1.000000000000000000e+00,-1.000000000000000000e+00,-1.000000000000000000e+00,-1.000000000000000000e+00,-1.000000000000000000e+00,-1.000000000000000000e+00,-1.000000000000000000e+00,-1.000000000000000000e+00,-1.000000000000000000e+00,-1.000000000000000000e+00,-1.000000000000000000e+00,-1.000000000000000000e+00,-1.000000000000000000e+00,-1.000000000000000000e+00,-1.000000000000000000e+00,-1.105879184333862675e+00,-1.106975716736660065e+00,-1.110447628595143232e+00,-1.116565259428677015e+00,-1.125457609504017853e+00,-1.137208605675764206e+00,-1.151806041647574830e+00,-1.169032295097033103e+00,-1.188347359803960890e+00,-1.208794970347997433e+00,-1.228944689575610649e+00,-1.246857195473806135e+00,-1.260038010858675506e+00,-1.265341042614424261e+00,-1.258802205183064515e+00,-1.235419154354190141e+00,-1.188937276856981251e+00,-1.111751800855449668e+00,-9.951000768552928921e-01,-8.298221678071825425e-01,-6.081576589434842806e-01,-3.273725154207814958e-01,3.580500166966205100e-03,3.532775933254954648e-01,6.552613473684556489e-01,8.134186351424073091e-01,8.135930870927363667e-01,6.558006800361511068e-01,3.542297696268781326e-01,5.025334091588007368e-03,-3.253241899877509224e-01,-6.053665700208437084e-01,-8.261264040402878095e-01,-9.903257447002885572e-01,-1.105729948041443311e+00,-1.181527629369103050e+00,-1.226539513403341886e+00,-1.248459808857740549e+00,-1.253659235358569379e+00,-1.247269239130434526e+00,-1.233373360806732766e+00,-1.215199880117711073e+00,-1.195263910140157870e+00,-1.175453043273219311e+00,-1.157082937053518501e+00,-1.140959415362391205e+00,-1.127470587286516945e+00,-1.116707515106172055e+00,-1.108592377664016304e+00,-1.102987165985942708e+00,-1.099751949132298678e+00,-1.098700091334549267e+00,-1.000000000000000000e+00,-1.000000000000000000e+00,-1.000000000000000000e+00,-1.000000000000000000e+00,-1.000000000000000000e+00,-1.000000000000000000e+00,-1.000000000000000000e+00,-1.000000000000000000e+00,-1.000000000000000000e+00,-1.000000000000000000e+00,-1.000000000000000000e+00,-1.000000000000000000e+00,-1.000000000000000000e+00,-1.000000000000000000e+00,-1.000000000000000000e+00,-1.000000000000000000e+00,-1.000000000000000000e+00,-1.000000000000000000e+00,-1.000000000000000000e+00,-1.000000000000000000e+00,-1.000000000000000000e+00,-1.000000000000000000e+00,-1.000000000000000000e+00,-1.000000000000000000e+00,-1.000000000000000000e+00,-1.000000000000000000e+00,-1.000000000000000000e+00,-1.000000000000000000e+00,-1.000000000000000000e+00,-1.000000000000000000e+00,-1.000000000000000000e+00,-1.000000000000000000e+00,-1.000000000000000000e+00,-1.000000000000000000e+00,-1.000000000000000000e+00,-1.000000000000000000e+00,-1.000000000000000000e+00,-1.000000000000000000e+00,-1.000000000000000000e+00,-1.000000000000000000e+00,-1.000000000000000000e+00,-1.000000000000000000e+00,-1.000000000000000000e+00,-1.000000000000000000e+00,-1.000000000000000000e+00,-1.000000000000000000e+00
-1.000000000000000000e+00,-1.000000000000000000e+00,-1.000000000000000000e+00,-1.000000000000000000e+00,-1.000000000000000000e+00,-1.000000000000000000e+00,-1.000000000000000000e+00,-1.000000000000000000e+00,-1.000000000000000000e+00,-1.000000000000000000e+00,-1.000000000000000000e+00,-1.000000000000000000e+00,-1.000000000000000000e+00,-1.000000000000000000e+00,-1.000000000000000000e+00,-1.000000000000000000e+00,-1.000000000000000000e+00,-1.000000000000000000e+00,-1.000000000000000000e+00,-1.000000000000000000e+00,-1.000000000000000000e+00,-1.000000000000000000e+00,-1.000000000000000000e+00,-1.000000000000000000e+00,-1.000000000000000000e+00,-1.000000000000000000e+00,-1.000000000000000000e+00,-1.000000000000000000e+00,-1.000000000000000000e+00,-1.000000000000000000e+00,-1.000000000000000000e+00,-1.000000000000000000e+00,-1.000000000000000000e+00,-1.000000000000000000e+00,-1.000000000000000000e+00,-1.000000000000000000e+00,-1.000000000000000000e+00,-1.000000000000000000e+00,-1.000000000000000000e+00,-1.000000000000000000e+00,-1.000000000000000000e+00,-1.000000000000000000e+00,-1.000000000000000000e+00,-1.000000000000000000e+00,-1.000000000000000000e+00,-1.000000000000000000e+00,-1.131490458601930094e+00,-1.132356815316954313e+00,-1.135243382065455053e+00,-1.140482417349503841e+00,-1.148132424102114468e+00,-1.158310346480612596e+00,-1.171099470181615310e+00,-1.186422798069512785e+00,-1.203906429879242790e+00,-1.222755959682197302e+00,-1.241668147355573737e+00,-1.258779587659614840e+00,-1.271626054756676893e+00,-1.277071870816578913e+00,-1.271180401456051490e+00,-1.249031353422975998e+00,-1.204536938472667185e+00,-1.130360542091115805e+00,-1.018104861199879529e+00,-8.590364585540205544e-01,-6.457959808432380822e-01,-3.758578392478241215e-01,-5.789975879426934036e-02,2.778636111534487085e-01,5.676324889093631310e-01,7.192191715101268201e-01,7.193978718410392048e-01,5.681847275644256179e-01,2.788377474915988419e-01,-5.642355771985707591e-02,-3.737689681414061438e-01,-6.429568684326585348e-01,-8.552897076005818722e-01,-1.013285754674796646e+00,-1.124316252735920507e+00,-1.197152664524138599e+00,-1.240261512217760043e+00,-1.261080016671334070e+00,-1.265820041793783268e+00,-1.259531366885050296e+00,-1.246258649917571626e+00,-1.229194808488890400e+00,-1.210789581243626678e+00,-1.192818398822867332e+00,-1.176444223639839359e+00,-1.162305127731223964e+00,-1.150637690512797739e+00,-1.141419956105878875e+00,-1.134507251229201152e+00,-1.129743495643487528e+00,-1.127040060295031232e+00,-1.126170057021122828e+00,-1.000000000000000000e+00,-1.000000000000000000e+00,-1.000000000000000000e+00,-1.000000000000000000e+00,-1.000000000000000000e+00,-1.000000000000000000e+00,-1.000000000000000000e+00,-1.000000000000000000e+00,-1.000000000000000000e+00,-1.000000000000000000e+00,-1.000000000000000000e+00,-1.000000000000000000e+00,-1.000000000000000000e+00,-1.000000000000000000e+00,-1.000000000000000000e+00,-1.000000000000000000e+00,-1.000000000000000000e+00,-1.000000000000000000e+00,-1.000000000000000000e+00,-1.000000000000000000e+00,-1.000000000000000000e+00,-1.000000000000000000e+00,-1.000000000000000000e+00,-1.000000000000000000e+00,-1.000000000000000000e+00,-1.000000000000000000e+00,-1.000000000000000000e+00,-1.000000000000000000e+00,-1.000000000000000000e+00,-1.000000000000000000e+00,-1.000000000000000000e+00,-1.000000000000000000e+00,-1.000000000000000000e+00,-1.000000000000000000e+00,-1.000000000000000000e+00,-1.000000000000000000e+00,-1.000000000000000000e+00,-1.000000000000000000e+00,-1.000000000000000000e+00,-1.000000000000000000e+00,-1.000000000000000000e+00,-1.000000000000000000e+00,-1.000000000000000000e+00,-1.000000000000000000e+00,-1.000000000000000000e+00,-1.000000000000000000e+00
-1.000000000000000000e+00,-1.000000000000000000e+00,-1.000000000000000000e+00,-1.000000000000000000e+00,-1.000000000000000000e+00,-1.000000000000000000e+00,-1.000000000000000000e+00,-1.000000000000000000e+00,-1.000000000000000000e+00,-1.000000000000000000e+00,-1.000000000000000000e+00,-1.000000000000000000e+00,-1.000000000000000000e+00,-1.000000000000000000e+00,-1.000000000000000000e+00,-1.000000000000000000e+00,-1.000000000000000000e+00,-1.000000000000000000e+00,-1.000000000000000000e+00,-1.000000000000000000e+00,-1.000000000000000000e+00,-1.000000000000000000e+00,-1.000000000000000000e+00,-1.000000000000000000e+00,-1.000000000000000000e+00,-1.000000000000000000e+00,-1.000000000000000000e+00,-1.000000000000000000e+00,-1.000000000000000000e+00,-1.000000000000000000e+00,-1.000000000000000000e+00,-1.000000000000000000e+00,-1.000000000000000000e+00,-1.000000000000000000e+00,-1.000000000000000000e+00,-1.000000000000000000e+00,-1.000000000000000000e+00,-1.000000000000000000e+00,-1.000000000000000000e+00,-1.000000000000000000e+00,-1.000000000000000000e+00,-1.000000000000000000e+00,-1.000000000000000000e+00,-1.000000000000000000e+00,-1.000000000000000000e+00,-1.000000000000000000e+00,-1.160138228770015267e+00,-1.160773040558435998e+00,-1.163152349938002761e+00,-1.167664471942513993e+00,-1.174182231058510162e+00,-1.182861142998799853e+00,-1.193852696133890667e+00,-1.207185500084101193e+00,-1.222629771783247055e+00,-1.239555257171158775e+00,-1.256812279998729132e+00,-1.272654112360815937e+00,-1.284689087443017463e+00,-1.289825942139407600e+00,-1.284176824017221330e+00,-1.262912285920984923e+00,-1.220109912326045709e+00,-1.148692138213623926e+00,-1.040612407210068646e+00,-8.875456405979605945e-01,-6.825143561445341511e-01,-4.231851676304891896e-01,-1.179539116965592216e-01,2.041618663794164679e-01,4.819777198012493713e-01,6.271550352811781082e-01,6.273349870991482558e-01,4.825335977754892092e-01,2.051415977398842738e-01,-1.164711861192668785e-01,-4.210909852475985815e-01,-6.796752451717813504e-01,-8.838114854787176844e-01,-1.035830575320308533e+00,-1.142728566696799231e+00,-1.212876961159909506e+00,-1.254400672315344911e+00,-1.274485551279578743e+00,-1.279180783332463545e+00,-1.273438825928893792e+00,-1.261236886646687871e+00,-1.245693397582106732e+00,-1.229150596632725634e+00,-1.213238589390224442e+00,-1.198955172519884371e+00,-1.186783806994576640e+00,-1.176842772224477862e+00,-1.169036711768942194e+00,-1.163182855150775019e+00,-1.159107399798382509e+00,-1.156858227881672141e+00,-1.156142814457427725e+00,-1.000000000000000000e+00,-1.000000000000000000e+00,-1.000000000000000000e+00,-1.000000000000000000e+00,-1.000000000000000000e+00,-1.000000000000000000e+00,-1.000000000000000000e+00,-1.000000000000000000e+00,-1.000000000000000000e+00,-1.000000000000000000e+00,-1.000000000000000000e+00,-1.000000000000000000e+00,-1.000000000000000000e+00,-1.000000000000000000e+00,-1.000000000000000000e+00,-1.000000000000000000e+00,-1.000000000000000000e+00,-1.000000000000000000e+00,-1.000000000000000000e+00,-1.000000000000000000e+00,-1.000000000000000000e+00,-1.000000000000000000e+00,-1.000000000000000000e+00,-1.000000000000000000e+00,-1.000000000000000000e+00,-1.000000000000000000e+00,-1.000000000000000000e+00,-1.000000000000000000e+00,-1.000000000000000000e+00,-1.000000000000000000e+00,-1.000000000000000000e+00,-1.000000000000000000e+00,-1.000000000000000000e+00,-1.000000000000000000e+00,-1.000000000000000000e+00,-1.000000000000000000e+00,-1.000000000000000000e+00,-1.000000000000000000e+00,-1.000000000000000000e+00,-1.000000000000000000e+00,-1.000000000000000000e+00,-1.000000000000000000e+00,-1.000000000000000000e+00,-1.000000000000000000e+00,-1.000000000000000000e+00,-1.000000000000000000e+00
-1.000000000000000000e+00,-1.000000000000000000e+00,-1.000000000000000000e+00,-1.000000000000000000e+00,-1.000000000000000000e+00,-1.000000000000000000e+00,-1.000000000000000000e+00,-1.000000000000000000e+00,-1.000000000000000000e+00,-1.000000000000000000e+00,-1.000000000000000000e+00,-1.000000000000000000e+00,-1.000000000000000000e+00,-1.000000000000000000e+00,-1.000000000000000000e+00,-1.000000000000000000e+00,-1.000000000000000000e+00,-1.000000000000000000e+00,-1.000000000000000000e+00,-1.000000000000000000e+00,-1.000000000000000000e+00,-1.000000000000000000e+00,-1.000000000000000000e+00,-1.000000000000000000e+00,-1.000000000000000000e+00,-1.000000000000000000e+00,-1.000000000000000000e+00,-1.000000000000000000e+00,-1.000000000000000000e+00,-1.000000000000000000e+00,-1.000000000000000000e+00,-1.000000000000000000e+00,-1.000000000000000000e+00,-1.000000000000000000e+00,-1.000000000000000000e+00,-1.000000000000000000e+00,-1.000000000000000000e+00,-1.000000000000000000e+00,-1.000000000000000000e+00,-1.000000000000000000e+00,-1.000000000000000000e+00,-1.000000000000000000e+00,-1.000000000000000000e+00,-1.000000000000000000e+00,-1.000000000000000000e+00,-1.000000000000000000e+00,-1.189235086991849322e+00,-1.189764520093855360e+00,-1.191754005169283204e+00,-1.195540740830547399e+00,-1.201030168845591550e+00,-1.208369718201322884e+00,-1.217727600080857675e+00,-1.229188876521626561e+00,-1.242627245567548000e+00,-1.257554572751506727e+00,-1.272976851859865199e+00,-1.287286535996261527e+00,-1.298196699057002412e+00,-1.302690701954744457e+00,-1.296949696342228009e+00,-1.276241892655089138e+00,-1.234803428911894541e+00,-1.165796697694472916e+00,-1.061496795883085431e+00,-9.139515985102085738e-01,-7.165303677741268196e-01,-4.670688586317363056e-01,-1.736899817721663242e-01,1.357143606111901324e-01,4.024059363321808025e-01,5.416349206054664744e-01,5.418135790113614014e-01,4.029576029485779642e-01,1.366858882098762606e-01,-1.722215263629279791e-01,-4.649985597647057212e-01,-7.137305152356966387e-01,-9.102810985384558462e-01,-1.056816613632198143e+00,-1.159992335094792937e+00,-1.227813763471388375e+00,-1.268090832951750180e+00,-1.287773396621417765e+00,-1.292749848784445321e+00,-1.287863070330012905e+00,-1.276998341224760303e+00,-1.263168881649148423e+00,-1.248582687654794299e+00,-1.234713318683722250e+00,-1.222404744030651802e+00,-1.212017682024527865e+00,-1.203594788041256969e+00,-1.197010505677656766e+00,-1.192084163288023024e+00,-1.188660970961943120e+00,-1.186773867290639384e+00,-1.186174341235441299e+00,-1.000000000000000000e+00,-1.000000000000000000e+00,-1.000000000000000000e+00,-1.000000000000000000e+00,-1.000000000000000000e+00,-1.000000000000000000e+00,-1.000000000000000000e+00,-1.000000000000000000e+00,-1.000000000000000000e+00,-1.000000000000000000e+00,-1.000000000000000000e+00,-1.000000000000000000e+00,-1.000000000000000000e+00,-1.000000000000000000e+00,-1.000000000000000000e+00,-1.000000000000000000e+00,-1.000000000000000000e+00,-1.000000000000000000e+00,-1.000000000000000000e+00,-1.000000000000000000e+00,-1.000000000000000000e+00,-1.000000000000000000e+00,-1.000000000000000000e+00,-1.000000000000000000e+00,-1.000000000000000000e+00,-1.000000000000000000e+00,-1.000000000000000000e+00,-1.000000000000000000e+00,-1.000000000000000000e+00,-1.000000000000000000e+00,-1.000000000000000000e+00,-1.000000000000000000e+00,-1.000000000000000000e+00,-1.000000000000000000e+00,-1.000000000000000000e+00,-1.000000000000000000e+00,-1.000000000000000000e+00,-1.000000000000000000e+00,-1.000000000000000000e+00,-1.000000000000000000e+00,-1.000000000000000000e+00,-1.000000000000000000e+00,-1.000000000000000000e+00,-1.000000000000000000e+00,-1.000000000000000000e+00,-1.000000000000000000e+00
-1.000000000000000000e+00,-1.000000000000000000e+00,-1.000000000000000000e+00,-1.000000000000000000e+00,-1.000000000000000000e+00,-1.000000000000000000e+00,-1.000000000000000000e+00,-1.000000000000000000e+00,-1.000000000000000000e+00,-1.000000000000000000e+00,-1.000000000000000000e+00,-1.000000000000000000e+00,-1.000000000000000000e+00,-1.000000000000000000e+00,-1.000000000000000000e+00,-1.000000000000000000e+00,-1.000000000000000000e+00,-1.000000000000000000e+00,-1.000000000000000000e+00,-1.000000000000000000e+00,-1.000000000000000000e+00,-1.000000000000000000e+00,-1.000000000000000000e+00,-1.000000000000000000e+00,-1.000000000000000000e+00,-1.000000000000000000e+00,-1.000000000000000000e+00,-1.000000000000000000e+00,-1.000000000000000000e+00,-1.000000000000000000e+00,-1.000000000000000000e+00,-1.000000000000000000e+00,-1.000000000000000000e+00,-1.000000000000000000e+00,-1.000000000000000000e+00,-1.000000000000000000e+00,-1.000000000000000000e+00,-1.000000000000000000e+00,-1.000000000000000000e+00,-1.000000000000000000e+00,-1.000000000000000000e+00,-1.000000000000000000e+00,-1.000000000000000000e+00,-1.000000000000000000e+00,-1.000000000000000000e+00,-1.000000000000000000e+00,-1.216037033097528752e+00,-1.216497431163061860e+00,-1.218192940449410733e+00,-1.221397515708938064e+00,-1.226054797261970197e+00,-1.232301250560655870e+00,-1.240301166714177894e+00,-1.250163107697366272e+00,-1.261825622095609667e+00,-1.274908996782049719e+00,-1.288556424158020519e+00,-1.301299924527808294e+00,-1.310971626912823540e+00,-1.314647933698146476e+00,-1.308591937418983608e+00,-1.288170497024744954e+00,-1.247764248313369073e+00,-1.180745951344423617e+00,-1.079669098927042770e+00,-9.369026940428797356e-01,-7.461128397124328071e-01,-5.052759073707666637e-01,-2.222681381121509592e-01,7.601173161544028112e-02,3.329740959412843537e-01,4.670128682649936636e-01,4.671884973634168325e-01,3.335162160555737998e-01,7.696574949934653631e-02,-2.208278089105628617e-01,-5.032486106143589932e-01,-7.433773397795857552e-01,-9.333274146932721838e-01,-1.075128545730525076e+00,-1.175144094225636593e+00,-1.241063691942001945e+00,-1.280423070993733425e+00,-1.299962437384831304e+00,-1.305419858558728441e+00,-1.301524749053954766e+00,-1.292057052006333917e+00,-1.279910147105908003e+00,-1.267152047855325758e+00,-1.255110540043402167e+00,-1.244503422472744480e+00,-1.235605510338268376e+00,-1.228418988861293304e+00,-1.222813940542714306e+00,-1.218625809670653259e+00,-1.215719427566360755e+00,-1.214108585048281119e+00,-1.213595319274453743e+00,-1.000000000000000000e+00,-1.000000000000000000e+00,-1.000000000000000000e+00,-1.000000000000000000e+00,-1.000000000000000000e+00,-1.000000000000000000e+00,-1.000000000000000000e+00,-1.000000000000000000e+00,-1.000000000000000000e+00,-1.000000000000000000e+00,-1.000000000000000000e+00,-1.000000000000000000e+00,-1.000000000000000000e+00,-1.000000000000000000e+00,-1.000000000000000000e+00,-1.000000000000000000e+00,-1.000000000000000000e+00,-1.000000000000000000e+00,-1.000000000000000000e+00,-1.000000000000000000e+00,-1.000000000000000000e+00,-1.000000000000000000e+00,-1.000000000000000000e+00,-1.000000000000000000e+00,-1.000000000000000000e+00,-1.000000000000000000e+00,-1.000000000000000000e+00,-1.000000000000000000e+00,-1.000000000000000000e+00,-1.000000000000000000e+00,-1.000000000000000000e+00,-1.000000000000000000e+00,-1.000000000000000000e+00,-1.000000000000000000e+00,-1.000000000000000000e+00,-1.000000000000000000e+00,-1.000000000000000000e+00,-1.000000000000000000e+00,-1.000000000000000000e+00,-1.000000000000000000e+00,-1.000000000000000000e+00,-1.000000000000000000e+00,-1.000000000000000000e+00,-1.000000000000000000e+00,-1.000000000000000000e+00,-1.000000000000000000e+00
-1.000000000000000000e+00,-1.000000000000000000e+00,-1.000000000000000000e+00,-1.000000000000000000e+00,-1.000000000000000000e+00,-1.000000000000000000e+00,-1.000000000000000000e+00,-1.000000000000000000e+00,-1.000000000000000000e+00,-1.000000000000000000e+00,-1.000000000000000000e+00,-1.000000000000000000e+00,-1.000000000000000000e+00,-1.000000000000000000e+00,-1.000000000000000000e+00,-1.000000000000000000e+00,-1.000000000000000000e+00,-1.000000000000000000e+00,-1.000000000000000000e+00,-1.000000000000000000e+00,-1.000000000000000000e+00,-1.000000000000000000e+00,-1.000000000000000000e+00,-1.000000000000000000e+00,-1.000000000000000000e+00,-1.000000000000000000e+00,-1.000000000000000000e+00,-1.000000000000000000e+00,-1.000000000000000000e+00,-1.000000000000000000e+00,-1.000000000000000000e+00,-1.000000000000000000e+00,-1.000000000000000000e+00,-1.000000000000000000e+00,-1.000000000000000000e+00,-1.000000000000000000e+00,-1.000000000000000000e+00,-1.000000000000000000e+00,-1.000000000000000000e+00,-1.000000000000000000e+00,-1.000000000000000000e+00,-1.000000000000000000e+00,-1.000000000000000000e+00,-1.000000000000000000e+00,-1.000000000000000000e+00,-1.000000000000000000e+00,-1.238227580772361502e+00,-1.238637756832978498e+00,-1.240122896287726206e+00,-1.242908272452321050e+00,-1.246955877923417333e+00,-1.252389526692917698e+00,-1.259361843817909277e+00,-1.267986304223986060e+00,-1.278236786000293224e+00,-1.289806912201298283e+00,-1.301945740855322331e+00,-1.313305071408718216e+00,-1.321829243275329357e+00,-1.324688556459365785e+00,-1.318228149471010191e+00,-1.297904855349698128e+00,-1.258220693683632430e+00,-1.192718610217917252e+00,-1.094174229008768595e+00,-9.552113426143876707e-01,-7.697303154968690997e-01,-5.358156726186125152e-01,-2.611403133213587857e-01,2.820039072508362388e-02,2.773485459345030879e-01,4.072263488483658378e-01,4.073982678081111697e-01,2.778790554242220878e-01,2.913340128511121563e-02,-2.597330727529395533e-01,-5.338377265290389362e-01,-7.670665634462877636e-01,-9.517388972622077281e-01,-1.089779497848493595e+00,-1.187321172431546890e+00,-1.251802344716739457e+00,-1.290538746608416609e+00,-1.310098981807247931e+00,-1.316092377441759220e+00,-1.313143730266722153e+00,-1.304930627566137868e+00,-1.294232268723405577e+00,-1.282992246399408787e+00,-1.272420082061183955e+00,-1.263141952222141651e+00,-1.255379364680557552e+00,-1.249117354797709911e+00,-1.244233600761790681e+00,-1.240582499673048344e+00,-1.238046847981208121e+00,-1.236633412395238274e+00,-1.236181458402602518e+00,-1.000000000000000000e+00,-1.000000000000000000e+00,-1.000000000000000000e+00,-1.000000000000000000e+00,-1.000000000000000000e+00,-1.000000000000000000e+00,-1.000000000000000000e+00,-1.000000000000000000e+00,-1.000000000000000000e+00,-1.000000000000000000e+00,-1.000000000000000000e+00,-1.000000000000000000e+00,-1.000000000000000000e+00,-1.000000000000000000e+00,-1.000000000000000000e+00,-1.000000000000000000e+00,-1.000000000000000000e+00,-1.000000000000000000e+00,-1.000000000000000000e+00,-1.000000000000000000e+00,-1.000000000000000000e+00,-1.000000000000000000e+00,-1.000000000000000000e+00,-1.000000000000000000e+00,-1.000000000000000000e+00,-1.000000000000000000e+00,-1.000000000000000000e+00,-1.000000000000000000e+00,-1.000000000000000000e+00,-1.000000000000000000e+00,-1.000000000000000000e+00,-1.000000000000000000e+00,-1.000000000000000000e+00,-1.000000000000000000e+00,-1.000000000000000000e+00,-1.000000000000000000e+00,-1.000000000000000000e+00,-1.000000000000000000e+00,-1.000000000000000000e+00,-1.000000000000000000e+00,-1.000000000000000000e+00,-1.000000000000000000e+00,-1.000000000000000000e+00,-1.000000000000000000e+00,-1.000000000000000000e+00,-1.000000000000000000e+00
-1.000000000000000000e+00,-1.000000000000000000e+00,-1.000000000000000000e+00,-1.000000000000000000e+00,-1.000000000000000000e+00,-1.000000000000000000e+00,-1.000000000000000000e+00,-1.000000000000000000e+00,-1.000000000000000000e+00,-1.000000000000000000e+00,-1.000000000000000000e+00,-1.000000000000000000e+00,-1.000000000000000000e+00,-1.000000000000000000e+00,-1.000000000000000000e+00,-1.000000000000000000e+00,-1.000000000000000000e+00,-1.000000000000000000e+00,-1.000000000000000000e+00,-1.000000000000000000e+00,-1.000000000000000000e+00,-1.000000000000000000e+00,-1.000000000000000000e+00,-1.000000000000000000e+00,-1.000000000000000000e+00,-1.000000000000000000e+00,-1.000000000000000000e+00,-1.000000000000000000e+00,-1.000000000000000000e+00,-1.000000000000000000e+00,-1.000000000000000000e+00,-1.000000000000000000e+00,-1.000000000000000000e+00,-1.000000000000000000e+00,-1.000000000000000000e+00,-1.000000000000000000e+00,-1.000000000000000000e+00,-1.000000000000000000e+00,-1.000000000000000000e+00,-1.000000000000000000e+00,-1.000000000000000000e+00,-1.000000000000000000e+00,-1.000000000000000000e+00,-1.000000000000000000e+00,-1.000000000000000000e+00,-1.000000000000000000e+00,-1.254029494877400008e+00,-1.254406379824922091e+00,-1.255756270444514877e+00,-1.258273236807421647e+00,-1.261925932125194327e+00,-1.266826833657082263e+00,-1.273116665259110825e+00,-1.280906066449335690e+00,-1.290185229770212993e+00,-1.300690939117948419e+00,-1.311742041474091458e+00,-1.322076153887407068e+00,-1.329723762465850223e+00,-1.331930983575028593e+00,-1.325109616201992857e+00,-1.304785951418642176e+00,-1.265550419386543890e+00,-1.201066115765256681e+00,-1.104263547945920187e+00,-9.679432511492945812e-01,-7.861673746818307329e-01,-5.570936324040201004e-01,-2.882499121797378328e-01,-5.166473336492116708e-03,2.385136751717849002e-01,3.654836582187235283e-01,3.656522995708977319e-01,2.390339566674173355e-01,-4.251864981247743813e-03,-2.868714185306137088e-01,-5.551581029216647867e-01,-7.835644911285852832e-01,-9.645567470614646588e-01,-1.099988677910797463e+00,-1.195833744011306710e+00,-1.259355751077546826e+00,-1.297716321979257348e+00,-1.317361795085077336e+00,-1.323806501914474021e+00,-1.321594206827654272e+00,-1.314321184932752296e+00,-1.304677842830779699e+00,-1.294515975508043981e+00,-1.284963752161653261e+00,-1.276589765556316536e+00,-1.269586624770657091e+00,-1.263934569434727040e+00,-1.259521295916611106e+00,-1.256216923333282720e+00,-1.253918224165261996e+00,-1.252631165323240481e+00,-1.252218470165547437e+00,-1.000000000000000000e+00,-1.000000000000000000e+00,-1.000000000000000000e+00,-1.000000000000000000e+00,-1.000000000000000000e+00,-1.000000000000000000e+00,-1.000000000000000000e+00,-1.000000000000000000e+00,-1.000000000000000000e+00,-1.000000000000000000e+00,-1.000000000000000000e+00,-1.000000000000000000e+00,-1.000000000000000000e+00,-1.000000000000000000e+00,-1.000000000000000000e+00,-1.000000000000000000e+00,-1.000000000000000000e+00,-1.000000000000000000e+00,-1.000000000000000000e+00,-1.000000000000000000e+00,-1.000000000000000000e+00,-1.000000000000000000e+00,-1.000000000000000000e+00,-1.000000000000000000e+00,-1.000000000000000000e+00,-1.000000000000000000e+00,-1.000000000000000000e+00,-1.000000000000000000e+00,-1.000000000000000000e+00,-1.000000000000000000e+00,-1.000000000000000000e+00,-1.000000000000000000e+00,-1.000000000000000000e+00,-1.000000000000000000e+00,-1.000000000000000000e+00,-1.000000000000000000e+00,-1.000000000000000000e+00,-1.000000000000000000e+00,-1.000000000000000000e+00,-1.000000000000000000e+00,-1.000000000000000000e+00,-1.000000000000000000e+00,-1.000000000000000000e+00,-1.000000000000000000e+00,-1.000000000000000000e+00,-1.000000000000000000e+00
-1.000000000000000000e+00,-1.000000000000000000e+00,-1.000000000000000000e+00,-1.000000000000000000e+00,-1.000000000000000000e+00,-1.000000000000000000e+00,-1.000000000000000000e+00,-1.000000000000000000e+00,-1.000000000000000000e+00,-1.000000000000000000e+00,-1.000000000000000000e+00,-1.000000000000000000e+00,-1.000000000000000000e+00,-1.000000000000000000e+00,-1.000000000000000000e+00,-1.000000000000000000e+00,-1.000000000000000000e+00,-1.000000000000000000e+00,-1.000000000000000000e+00,-1.000000000000000000e+00,-1.000000000000000000e+00,-1.000000000000000000e+00,-1.000000000000000000e+00,-1.000000000000000000e+00,-1.000000000000000000e+00,-1.000000000000000000e+00,-1.000000000000000000e+00,-1.000000000000000000e+00,-1.000000000000000000e+00,-1.000000000000000000e+00,-1.000000000000000000e+00,-1.000000000000000000e+00,-1.000000000000000000e+00,-1.000000000000000000e+00,-1.000000000000000000e+00,-1.000000000000000000e+00,-1.000000000000000000e+00,-1.000000000000000000e+00,-1.000000000000000000e+00,-1.000000000000000000e+00,-1.000000000000000000e+00,-1.000000000000000000e+00,-1.000000000000000000e+00,-1.000000000000000000e+00,-1.000000000000000000e+00,-1.000000000000000000e+00,-1.262236108604465779e+00,-1.262596426209615652e+00,-1.263880235857794965e+00,-1.266266535010669658e+00,-1.269725824338812536e+00,-1.274363983037219761e+00,-1.280314558764514610e+00,-1.287684948134134588e+00,-1.296471187266688085e+00,-1.306429534859356867e+00,-1.316912969955347457e+00,-1.326703426917896333e+00,-1.333877854284716058e+00,-1.335724577443146766e+00,-1.328692802684109386e+00,-1.308346841681937045e+00,-1.269323896748924208e+00,-1.205349339529429908e+00,-1.109433262001946030e+00,-9.744666855666123118e-01,-7.945943436650944047e-01,-5.680108221684381231e-01,-3.021685129458341335e-01,-2.230590691539235948e-02,2.185602018735401941e-01,3.440348905171366489e-01,3.442016239522207588e-01,2.190745371588964652e-01,-2.140196993357079691e-02,-3.008066269887872402e-01,-5.660996765106010020e-01,-7.920262382199203532e-01,-9.711289337359743090e-01,-1.105225834095193260e+00,-1.200209014348245784e+00,-1.263252754734533134e+00,-1.301439246338413902e+00,-1.321151085394735691e+00,-1.327851977299260300e+00,-1.326041317285898247e+00,-1.319270382600227443e+00,-1.310181209469255981e+00,-1.300577232036258524e+00,-1.291545645903715567e+00,-1.283627749306329280e+00,-1.277003933500131305e+00,-1.271654065725934757e+00,-1.267472285916008135e+00,-1.264337468891373994e+00,-1.262154006493898084e+00,-1.260928496198872262e+00,-1.260534938216779866e+00,-1.000000000000000000e+00,-1.000000000000000000e+00,-1.000000000000000000e+00,-1.000000000000000000e+00,-1.000000000000000000e+00,-1.000000000000000000e+00,-1.000000000000000000e+00,-1.000000000000000000e+00,-1.000000000000000000e+00,-1.000000000000000000e+00,-1.000000000000000000e+00,-1.000000000000000000e+00,-1.000000000000000000e+00,-1.000000000000000000e+00,-1.000000000000000000e+00,-1.000000000000000000e+00,-1.000000000000000000e+00,-1.000000000000000000e+00,-1.000000000000000000e+00,-1.000000000000000000e+00,-1.000000000000000000e+00,-1.000000000000000000e+00,-1.000000000000000000e+00,-1.000000000000000000e+00,-1.000000000000000000e+00,-1.000000000000000000e+00,-1.000000000000000000e+00,-1.000000000000000000e+00,-1.000000000000000000e+00,-1.000000000000000000e+00,-1.000000000000000000e+00,-1.000000000000000000e+00,-1.000000000000000000e+00,-1.000000000000000000e+00,-1.000000000000000000e+00,-1.000000000000000000e+00,-1.000000000000000000e+00,-1.000000000000000000e+00,-1.000000000000000000e+00,-1.000000000000000000e+00,-1.000000000000000000e+00,-1.000000000000000000e+00,-1.000000000000000000e+00,-1.000000000000000000e+00,-1.000000000000000000e+00,-1.000000000000000000e+00
-1.000000000000000000e+00,-1.000000000000000000e+00,-1.000000000000000000e+00,-1.000000000000000000e+00,-1.000000000000000000e+00,-1.000000000000000000e+00,-1.000000000000000000e+00,-1.000000000000000000e+00,-1.000000000000000000e+00,-1.000000000000000000e+00,-1.000000000000000000e+00,-1.000000000000000000e+00,-1.000000000000000000e+00,-1.000000000000000000e+00,-1.000000000000000000e+00,-1.000000000000000000e+00,-1.000000000000000000e+00,-1.000000000000000000e+00,-1.000000000000000000e+00,-1.000000000000000000e+00,-1.000000000000000000e+00,-1.000000000000000000e+00,-1.000000000000000000e+00,-1.000000000000000000e+00,-1.000000000000000000e+00,-1.000000000000000000e+00,-1.000000000000000000e+00,-1.000000000000000000e+00,-1.000000000000000000e+00,-1.000000000000000000e+00,-1.000000000000000000e+00,-1.000000000000000000e+00,-1.000000000000000000e+00,-1.000000000000000000e+00,-1.000000000000000000e+00,-1.000000000000000000e+00,-1.000000000000000000e+00,-1.000000000000000000e+00,-1.000000000000000000e+00,-1.000000000000000000e+00,-1.000000000000000000e+00,-1.000000000000000000e+00,-1.000000000000000000e+00,-1.000000000000000000e+00,-1.000000000000000000e+00,-1.000000000000000000e+00,-1.262236109152920838e+00,-1.262596426904108338e+00,-1.263880236653055711e+00,-1.266266535971724672e+00,-1.269725825592202151e+00,-1.274363984588317233e+00,-1.280314560604167484e+00,-1.287684949941089396e+00,-1.296471188711983080e+00,-1.306429535592252833e+00,-1.316912969780376086e+00,-1.326703425822214344e+00,-1.333877852332570280e+00,-1.335724574884668892e+00,-1.328692799834390703e+00,-1.308346838864722139e+00,-1.269323894082906579e+00,-1.205349337102217921e+00,-1.109433259790161053e+00,-9.744666835922868309e-01,-7.945943419697260035e-01,-5.680108207501117779e-01,-3.021685118346005838e-01,-2.230590608773319605e-02,2.185602023845869546e-01,3.440348906796322215e-01,3.442016237398324296e-01,2.190745365725297322e-01,-2.140197081463157680e-02,-3.008066280888981314e-01,-5.660996777537310454e-01,-7.920262396271158245e-01,-9.711289353376947320e-01,-1.105225835911126886e+00,-1.200209016377859816e+00,-1.263252756939161392e+00,-1.301439248647560776e+00,-1.321151087650594524e+00,-1.327851979193239940e+00,-1.326041318593371710e+00,-1.319270383022719262e+00,-1.310181208966347599e+00,-1.300577230683737984e+00,-1.291545644031633744e+00,-1.283627747225381865e+00,-1.277003931571631057e+00,-1.271654064160237407e+00,-1.267472284731540944e+00,-1.264337467939523174e+00,-1.262154005818352909e+00,-1.260928495550180717e+00,-1.260534937684435253e+00,-1.000000000000000000e+00,-1.000000000000000000e+00,-1.000000000000000000e+00,-1.000000000000000000e+00,-1.000000000000000000e+00,-1.000000000000000000e+00,-1.000000000000000000e+00,-1.000000000000000000e+00,-1.000000000000000000e+00,-1.000000000000000000e+00,-1.000000000000000000e+00,-1.000000000000000000e+00,-1.000000000000000000e+00,-1.000000000000000000e+00,-1.000000000000000000e+00,-1.000000000000000000e+00,-1.000000000000000000e+00,-1.000000000000000000e+00,-1.000000000000000000e+00,-1.000000000000000000e+00,-1.000000000000000000e+00,-1.000000000000000000e+00,-1.000000000000000000e+00,-1.000000000000000000e+00,-1.000000000000000000e+00,-1.000000000000000000e+00,-1.000000000000000000e+00,-1.000000000000000000e+00,-1.000000000000000000e+00,-1.000000000000000000e+00,-1.000000000000000000e+00,-1.000000000000000000e+00,-1.000000000000000000e+00,-1.000000000000000000e+00,-1.000000000000000000e+00,-1.000000000000000000e+00,-1.000000000000000000e+00,-1.000000000000000000e+00,-1.000000000000000000e+00,-1.000000000000000000e+00,-1.000000000000000000e+00,-1.000000000000000000e+00,-1.000000000000000000e+00,-1.000000000000000000e+00,-1.000000000000000000e+00,-1.000000000000000000e+00
-1.000000000000000000e+00,-1.000000000000000000e+00,-1.000000000000000000e+00,-1.000000000000000000e+00,-1.000000000000000000e+00,-1.000000000000000000e+00,-1.000000000000000000e+00,-1.000000000000000000e+00,-1.000000000000000000e+00,-1.000000000000000000e+00,-1.000000000000000000e+00,-1.000000000000000000e+00,-1.000000000000000000e+00,-1.000000000000000000e+00,-1.000000000000000000e+00,-1.000000000000000000e+00,-1.000000000000000000e+00,-1.000000000000000000e+00,-1.000000000000000000e+00,-1.000000000000000000e+00,-1.000000000000000000e+00,-1.000000000000000000e+00,-1.000000000000000000e+00,-1.000000000000000000e+00,-1.000000000000000000e+00,-1.000000000000000000e+00,-1.000000000000000000e+00,-1.000000000000000000e+00,-1.000000000000000000e+00,-1.000000000000000000e+00,-1.000000000000000000e+00,-1.000000000000000000e+00,-1.000000000000000000e+00,-1.000000000000000000e+00,-1.000000000000000000e+00,-1.000000000000000000e+00,-1.000000000000000000e+00,-1.000000000000000000e+00,-1.000000000000000000e+00,-1.000000000000000000e+00,-1.000000000000000000e+00,-1.000000000000000000e+00,-1.000000000000000000e+00,-1.000000000000000000e+00,-1.000000000000000000e+00,-1.000000000000000000e+00,-1.254029496585048697e+00,-1.254406381944737525e+00,-1.255756272833389753e+00,-1.258273239661430232e+00,-1.261925935803276388e+00,-1.266826838159038182e+00,-1.273116670547217444e+00,-1.280906071596682683e+00,-1.290185233850359658e+00,-1.300690941147543578e+00,-1.311742040914785967e+00,-1.322076150712475417e+00,-1.329723756846556970e+00,-1.331930976201967098e+00,-1.325109607959376046e+00,-1.304785943226110856e+00,-1.265550411580646184e+00,-1.201066108615888028e+00,-1.104263541405898330e+00,-9.679432453072630560e-01,-7.861673696757733865e-01,-5.570936282369101100e-01,-2.882499089345000876e-01,-5.166470934125366732e-03,2.385136766516504636e-01,3.654836586970826584e-01,3.656522989765871312e-01,2.390339549966193911e-01,-4.251867515525087349e-03,-2.868714217227679164e-01,-5.551581065613852006e-01,-7.835644952762277349e-01,-9.645567517944628744e-01,-1.099988683263223965e+00,-1.195833749954543057e+00,-1.259355757475269399e+00,-1.297716328620388104e+00,-1.317361801527162202e+00,-1.323806507296255708e+00,-1.321594210540590675e+00,-1.314321186141709452e+00,-1.304677841421137963e+00,-1.294515971681103439e+00,-1.284963746839795862e+00,-1.276589759600422536e+00,-1.269586619203168176e+00,-1.263934564868174570e+00,-1.259521292420162641e+00,-1.256216920497270628e+00,-1.253918222113067138e+00,-1.252631163328267627e+00,-1.252218468496493209e+00,-1.000000000000000000e+00,-1.000000000000000000e+00,-1.000000000000000000e+00,-1.000000000000000000e+00,-1.000000000000000000e+00,-1.000000000000000000e+00,-1.000000000000000000e+00,-1.000000000000000000e+00,-1.000000000000000000e+00,-1.000000000000000000e+00,-1.000000000000000000e+00,-1.000000000000000000e+00,-1.000000000000000000e+00,-1.000000000000000000e+00,-1.000000000000000000e+00,-1.000000000000000000e+00,-1.000000000000000000e+00,-1.000000000000000000e+00,-1.000000000000000000e+00,-1.000000000000000000e+00,-1.000000000000000000e+00,-1.000000000000000000e+00,-1.000000000000000000e+00,-1.000000000000000000e+00,-1.000000000000000000e+00,-1.000000000000000000e+00,-1.000000000000000000e+00,-1.000000000000000000e+00,-1.000000000000000000e+00,-1.000000000000000000e+00,-1.000000000000000000e+00,-1.000000000000000000e+00,-1.000000000000000000e+00,-1.000000000000000000e+00,-1.000000000000000000e+00,-1.000000000000000000e+00,-1.000000000000000000e+00,-1.000000000000000000e+00,-1.000000000000000000e+00,-1.000000000000000000e+00,-1.000000000000000000e+00,-1.000000000000000000e+00,-1.000000000000000000e+00,-1.000000000000000000e+00,-1.000000000000000000e+00,-1.000000000000000000e+00
-1.000000000000000000e+00,-1.000000000000000000e+00,-1.000000000000000000e+00,-1.000000000000000000e+00,-1.000000000000000000e+00,-1.000000000000000000e+00,-1.000000000000000000e+00,-1.000000000000000000e+00,-1.000000000000000000e+00,-1.000000000000000000e+00,-1.000000000000000000e+00,-1.000000000000000000e+00,-1.000000000000000000e+00,-1.000000000000000000e+00,-1.000000000000000000e+00,-1.000000000000000000e+00,-1.000000000000000000e+00,-1.000000000000000000e+00,-1.000000000000000000e+00,-1.000000000000000000e+00,-1.000000000000000000e+00,-1.000000000000000000e+00,-1.000000000000000000e+00,-1.000000000000000000e+00,-1.000000000000000000e+00,-1.000000000000000000e+00,-1.000000000000000000e+00,-1.000000000000000000e+00,-1.000000000000000000e+00,-1.000000000000000000e+00,-1.000000000000000000e+00,-1.000000000000000000e+00,-1.000000000000000000e+00,-1.000000000000000000e+00,-1.000000000000000000e+00,-1.000000000000000000e+00,-1.000000000000000000e+00,-1.000000000000000000e+00,-1.000000000000000000e+00,-1.000000000000000000e+00,-1.000000000000000000e+00,-1.000000000000000000e+00,-1.000000000000000000e+00,-1.000000000000000000e+00,-1.000000000000000000e+00,-1.000000000000000000e+00,-1.238227583807208321e+00,-1.238637760470514770e+00,-1.240122900267205619e+00,-1.242908277102556580e+00,-1.246955883776686980e+00,-1.252389533702938262e+00,-1.259361851893250339e+00,-1.267986311941851962e+00,-1.278236792006338884e+00,-1.289806915067175153e+00,-1.301945739822579551e+00,-1.313305066469243387e+00,-1.321829234646405338e+00,-1.324688545115119576e+00,-1.318228136702365383e+00,-1.297904842526418356e+00,-1.258220681307089084e+00,-1.192718598749445080e+00,-1.094174218436290147e+00,-9.552113331519278550e-01,-7.697303074147990865e-01,-5.358156659507105068e-01,-2.611403081864023257e-01,2.820039448313993447e-02,2.773485482403552638e-01,4.072263496215664524e-01,4.073982669504354615e-01,2.778790529110120033e-01,2.913339739584275279e-02,-2.597330777390500778e-01,-5.338377323116113571e-01,-7.670665701133513315e-01,-9.517389048985719358e-01,-1.089779506436617140e+00,-1.187321181846941132e+00,-1.251802354677868712e+00,-1.290538756769903594e+00,-1.310098991527258727e+00,-1.316092385480532645e+00,-1.313143735804056522e+00,-1.304930629392209163e+00,-1.294232266669307130e+00,-1.282992240729693867e+00,-1.272420074111348498e+00,-1.263141943208539564e+00,-1.255379356110168931e+00,-1.249117347624198127e+00,-1.244233595136889470e+00,-1.240582495021696374e+00,-1.238046844487941778e+00,-1.236633408921113952e+00,-1.236181455396002660e+00,-1.000000000000000000e+00,-1.000000000000000000e+00,-1.000000000000000000e+00,-1.000000000000000000e+00,-1.000000000000000000e+00,-1.000000000000000000e+00,-1.000000000000000000e+00,-1.000000000000000000e+00,-1.000000000000000000e+00,-1.000000000000000000e+00,-1.000000000000000000e+00,-1.000000000000000000e+00,-1.000000000000000000e+00,-1.000000000000000000e+00,-1.000000000000000000e+00,-1.000000000000000000e+00,-1.000000000000000000e+00,-1.000000000000000000e+00,-1.000000000000000000e+00,-1.000000000000000000e+00,-1.000000000000000000e+00,-1.000000000000000000e+00,-1.000000000000000000e+00,-1.000000000000000000e+00,-1.000000000000000000e+00,-1.000000000000000000e+00,-1.000000000000000000e+00,-1.000000000000000000e+00,-1.000000000000000000e+00,-1.000000000000000000e+00,-1.000000000000000000e+00,-1.000000000000000000e+00,-1.000000000000000000e+00,-1.000000000000000000e+00,-1.000000000000000000e+00,-1.000000000000000000e+00,-1.000000000000000000e+00,-1.000000000000000000e+00,-1.000000000000000000e+00,-1.000000000000000000e+00,-1.000000000000000000e+00,-1.000000000000000000e+00,-1.000000000000000000e+00,-1.000000000000000000e+00,-1.000000000000000000e+00,-1.000000000000000000e+00
-1.000000000000000000e+00,-1.000000000000000000e+00,-1.000000000000000000e+00,-1.000000000000000000e+00,-1.000000000000000000e+00,-1.000000000000000000e+00,-1.000000000000000000e+00,-1.000000000000000000e+00,-1.000000000000000000e+00,-1.000000000000000000e+00,-1.000000000000000000e+00,-1.000000000000000000e+00,-1.000000000000000000e+00,-1.000000000000000000e+00,-1.000000000000000000e+00,-1.000000000000000000e+00,-1.000000000000000000e+00,-1.000000000000000000e+00,-1.000000000000000000e+00,-1.000000000000000000e+00,-1.000000000000000000e+00,-1.000000000000000000e+00,-1.000000000000000000e+00,-1.000000000000000000e+00,-1.000000000000000000e+00,-1.000000000000000000e+00,-1.000000000000000000e+00,-1.000000000000000000e+00,-1.000000000000000000e+00,-1.000000000000000000e+00,-1.000000000000000000e+00,-1.000000000000000000e+00,-1.000000000000000000e+00,-1.000000000000000000e+00,-1.000000000000000000e+00,-1.000000000000000000e+00,-1.000000000000000000e+00,-1.000000000000000000e+00,-1.000000000000000000e+00,-1.000000000000000000e+00,-1.000000000000000000e+00,-1.000000000000000000e+00,-1.000000000000000000e+00,-1.000000000000000000e+00,-1.000000000000000000e+00,-1.000000000000000000e+00,-1.216037037681728883e+00,-1.216497436420411304e+00,-1.218192945978169517e+00,-1.221397521967316324e+00,-1.226054804868951020e+00,-1.232301259378453473e+00,-1.240301176576807940e+00,-1.250163116861176871e+00,-1.261825629024183604e+00,-1.274908999853876512e+00,-1.288556422547930236e+00,-1.301299918279456014e+00,-1.310971616209992252e+00,-1.314647919595843595e+00,-1.308591921402063596e+00,-1.288170480707882648e+00,-1.247764232279679142e+00,-1.180745936240364280e+00,-1.079669084840111593e+00,-9.369026813846367263e-01,-7.461128289306336869e-01,-5.052758985694221217e-01,-2.222681314285700482e-01,7.601173643425696014e-02,3.329740988890108611e-01,4.670128693136055276e-01,4.671884964081232106e-01,3.335162130305653339e-01,7.696574466410099902e-02,-2.208278152705401842e-01,-5.032486181597606301e-01,-7.433773485982919649e-01,-9.333274248215910340e-01,-1.075128557017152708e+00,-1.175144106374972797e+00,-1.241063704482407104e+00,-1.280423083469213408e+00,-1.299962449073632342e+00,-1.305419868076400647e+00,-1.301524755588396420e+00,-1.292057054190586696e+00,-1.279910144746379652e+00,-1.267152041218632119e+00,-1.255110530646707190e+00,-1.244503411621193267e+00,-1.235605499758334336e+00,-1.228418979734800409e+00,-1.222813933125387997e+00,-1.218625803349609127e+00,-1.215719422561814422e+00,-1.214108579915326391e+00,-1.213595314645931289e+00,-1.000000000000000000e+00,-1.000000000000000000e+00,-1.000000000000000000e+00,-1.000000000000000000e+00,-1.000000000000000000e+00,-1.000000000000000000e+00,-1.000000000000000000e+00,-1.000000000000000000e+00,-1.000000000000000000e+00,-1.000000000000000000e+00,-1.000000000000000000e+00,-1.000000000000000000e+00,-1.000000000000000000e+00,-1.000000000000000000e+00,-1.000000000000000000e+00,-1.000000000000000000e+00,-1.000000000000000000e+00,-1.000000000000000000e+00,-1.000000000000000000e+00,-1.000000000000000000e+00,-1.000000000000000000e+00,-1.000000000000000000e+00,-1.000000000000000000e+00,-1.000000000000000000e+00,-1.000000000000000000e+00,-1.000000000000000000e+00,-1.000000000000000000e+00,-1.000000000000000000e+00,-1.000000000000000000e+00,-1.000000000000000000e+00,-1.000000000000000000e+00,-1.000000000000000000e+00,-1.000000000000000000e+00,-1.000000000000000000e+00,-1.000000000000000000e+00,-1.000000000000000000e+00,-1.000000000000000000e+00,-1.000000000000000000e+00,-1.000000000000000000e+00,-1.000000000000000000e+00,-1.000000000000000000e+00,-1.000000000000000000e+00,-1.000000000000000000e+00,-1.000000000000000000e+00,-1.000000000000000000e+00,-1.000000000000000000e+00
-1.000000000000000000e+00,-1.000000000000000000e+00,-1.000000000000000000e+00,-1.000000000000000000e+00,-1.000000000000000000e+00,-1.000000000000000000e+00,-1.000000000000000000e+00,-1.000000000000000000e+00,-1.000000000000000000e+00,-1.000000000000000000e+00,-1.000000000000000000e+00,-1.000000000000000000e+00,-1.000000000000000000e+00,-1.000000000000000000e+00,-1.000000000000000000e+00,-1.000000000000000000e+00,-1.000000000000000000e+00,-1.000000000000000000e+00,-1.000000000000000000e+00,-1.000000000000000000e+00,-1.000000000000000000e+00,-1.000000000000000000e+00,-1.000000000000000000e+00,-1.000000000000000000e+00,-1.000000000000000000e+00,-1.000000000000000000e+00,-1.000000000000000000e+00,-1.000000000000000000e+00,-1.000000000000000000e+00,-1.000000000000000000e+00,-1.000000000000000000e+00,-1.000000000000000000e+00,-1.000000000000000000e+00,-1.000000000000000000e+00,-1.000000000000000000e+00,-1.000000000000000000e+00,-1.000000000000000000e+00,-1.000000000000000000e+00,-1.000000000000000000e+00,-1.000000000000000000e+00,-1.000000000000000000e+00,-1.000000000000000000e+00,-1.000000000000000000e+00,-1.000000000000000000e+00,-1.000000000000000000e+00,-1.000000000000000000e+00,-1.189235093321072467e+00,-1.189764527018037255e+00,-1.191754012123941608e+00,-1.195540748392177610e+00,-1.201030177619524464e+00,-1.208369727932880444e+00,-1.217727610536021077e+00,-1.229188885856617564e+00,-1.242627252333048160e+00,-1.257554575385163131e+00,-1.272976849599774640e+00,-1.287286528955167153e+00,-1.298196687310558595e+00,-1.302690686448763735e+00,-1.296949678554910612e+00,-1.276241874225829243e+00,-1.234803410405469926e+00,-1.165796679904174349e+00,-1.061496779036608995e+00,-9.139515832687111763e-01,-7.165303547957854180e-01,-4.670688481324644092e-01,-1.736899738998131104e-01,1.357143662061695011e-01,4.024059397592003595e-01,5.416349219254743552e-01,5.418135781272630513e-01,4.029575997398349152e-01,1.366858828442230056e-01,-1.722215336390652274e-01,-4.649985686086980374e-01,-7.137305256909564077e-01,-9.102811105382101475e-01,-1.056816626826246885e+00,-1.159992348971814691e+00,-1.227813777355505787e+00,-1.268090846324087195e+00,-1.287773408808205788e+00,-1.292749858490634063e+00,-1.287863076952095565e+00,-1.276998343456808627e+00,-1.263168879304958248e+00,-1.248582680974381187e+00,-1.234713309148335991e+00,-1.222404732763985757e+00,-1.212017670667716374e+00,-1.203594777838516761e+00,-1.197010496973314408e+00,-1.192084155551875746e+00,-1.188660964418678967e+00,-1.186773860330311958e+00,-1.186174334688748333e+00,-1.000000000000000000e+00,-1.000000000000000000e+00,-1.000000000000000000e+00,-1.000000000000000000e+00,-1.000000000000000000e+00,-1.000000000000000000e+00,-1.000000000000000000e+00,-1.000000000000000000e+00,-1.000000000000000000e+00,-1.000000000000000000e+00,-1.000000000000000000e+00,-1.000000000000000000e+00,-1.000000000000000000e+00,-1.000000000000000000e+00,-1.000000000000000000e+00,-1.000000000000000000e+00,-1.000000000000000000e+00,-1.000000000000000000e+00,-1.000000000000000000e+00,-1.000000000000000000e+00,-1.000000000000000000e+00,-1.000000000000000000e+00,-1.000000000000000000e+00,-1.000000000000000000e+00,-1.000000000000000000e+00,-1.000000000000000000e+00,-1.000000000000000000e+00,-1.000000000000000000e+00,-1.000000000000000000e+00,-1.000000000000000000e+00,-1.000000000000000000e+00,-1.000000000000000000e+00,-1.000000000000000000e+00,-1.000000000000000000e+00,-1.000000000000000000e+00,-1.000000000000000000e+00,-1.000000000000000000e+00,-1.000000000000000000e+00,-1.000000000000000000e+00,-1.000000000000000000e+00,-1.000000000000000000e+00,-1.000000000000000000e+00,-1.000000000000000000e+00,-1.000000000000000000e+00,-1.000000000000000000e+00,-1.000000000000000000e+00
-1.000000000000000000e+00,-1.000000000000000000e+00,-1.000000000000000000e+00,-1.000000000000000000e+00,-1.000000000000000000e+00,-1.000000000000000000e+00,-1.000000000000000000e+00,-1.000000000000000000e+00,-1.000000000000000000e+00,-1.000000000000000000e+00,-1.000000000000000000e+00,-1.000000000000000000e+00,-1.000000000000000000e+00,-1.000000000000000000e+00,-1.000000000000000000e+00,-1.000000000000000000e+00,-1.000000000000000000e+00,-1.000000000000000000e+00,-1.000000000000000000e+00,-1.000000000000000000e+00,-1.000000000000000000e+00,-1.000000000000000000e+00,-1.000000000000000000e+00,-1.000000000000000000e+00,-1.000000000000000000e+00,-1.000000000000000000e+00,-1.000000000000000000e+00,-1.000000000000000000e+00,-1.000000000000000000e+00,-1.000000000000000000e+00,-1.000000000000000000e+00,-1.000000000000000000e+00,-1.000000000000000000e+00,-1.000000000000000000e+00,-1.000000000000000000e+00,-1.000000000000000000e+00,-1.000000000000000000e+00,-1.000000000000000000e+00,-1.000000000000000000e+00,-1.000000000000000000e+00,-1.000000000000000000e+00,-1.000000000000000000e+00,-1.000000000000000000e+00,-1.000000000000000000e+00,-1.000000000000000000e+00,-1.000000000000000000e+00,-1.160138236911837151e+00,-1.160773049068240415e+00,-1.163152358070521197e+00,-1.167664480374090763e+00,-1.174182240285914558e+00,-1.182861152662194826e+00,-1.193852705976479855e+00,-1.207185508389361672e+00,-1.222629777427842956e+00,-1.239555258847569785e+00,-1.256812277080736173e+00,-1.272654105027236637e+00,-1.284689075609358078e+00,-1.289825926505392850e+00,-1.284176805913356478e+00,-1.262912266819375962e+00,-1.220109892679088537e+00,-1.148692118889580227e+00,-1.040612388577165204e+00,-8.875456235691632223e-01,-6.825143415836435468e-01,-4.231851558940881164e-01,-1.179539029466174505e-01,2.041618725508547172e-01,4.819777236190785352e-01,6.271550368905935979e-01,6.273349864124466713e-01,4.825335946239865947e-01,2.051415921746355675e-01,-1.164711938882336817e-01,-4.210909948775909406e-01,-6.796752566093924308e-01,-8.838114985215672625e-01,-1.035830589400746904e+00,-1.142728581100093121e+00,-1.212876975040280136e+00,-1.254400685156302320e+00,-1.274485562565502272e+00,-1.279180792046832327e+00,-1.273438831805917548e+00,-1.261236888615786977e+00,-1.245693395489086308e+00,-1.229150590702238866e+00,-1.213238580910270370e+00,-1.198955162221424064e+00,-1.186783796150405967e+00,-1.176842761949955296e+00,-1.169036702434868014e+00,-1.163182846385839575e+00,-1.159107391790872299e+00,-1.156858219016380751e+00,-1.156142805782271354e+00,-1.000000000000000000e+00,-1.000000000000000000e+00,-1.000000000000000000e+00,-1.000000000000000000e+00,-1.000000000000000000e+00,-1.000000000000000000e+00,-1.000000000000000000e+00,-1.000000000000000000e+00,-1.000000000000000000e+00,-1.000000000000000000e+00,-1.000000000000000000e+00,-1.000000000000000000e+00,-1.000000000000000000e+00,-1.000000000000000000e+00,-1.000000000000000000e+00,-1.000000000000000000e+00,-1.000000000000000000e+00,-1.000000000000000000e+00,-1.000000000000000000e+00,-1.000000000000000000e+00,-1.000000000000000000e+00,-1.000000000000000000e+00,-1.000000000000000000e+00,-1.000000000000000000e+00,-1.000000000000000000e+00,-1.000000000000000000e+00,-1.000000000000000000e+00,-1.000000000000000000e+00,-1.000000000000000000e+00,-1.000000000000000000e+00,-1.000000000000000000e+00,-1.000000000000000000e+00,-1.000000000000000000e+00,-1.000000000000000000e+00,-1.000000000000000000e+00,-1.000000000000000000e+00,-1.000000000000000000e+00,-1.000000000000000000e+00,-1.000000000000000000e+00,-1.000000000000000000e+00,-1.000000000000000000e+00,-1.000000000000000000e+00,-1.000000000000000000e+00,-1.000000000000000000e+00,-1.000000000000000000e+00,-1.000000000000000000e+00
-1.000000000000000000e+00,-1.000000000000000000e+00,-1.000000000000000000e+00,-1.000000000000000000e+00,-1.000000000000000000e+00,-1.000000000000000000e+00,-1.000000000000000000e+00,-1.000000000000000000e+00,-1.000000000000000000e+00,-1.000000000000000000e+00,-1.000000000000000000e+00,-1.000000000000000000e+00,-1.000000000000000000e+00,-1.000000000000000000e+00,-1.000000000000000000e+00,-1.000000000000000000e+00,-1.000000000000000000e+00,-1.000000000000000000e+00,-1.000000000000000000e+00,-1.000000000000000000e+00,-1.000000000000000000e+00,-1.000000000000000000e+00,-1.000000000000000000e+00,-1.000000000000000000e+00,-1.000000000000000000e+00,-1.000000000000000000e+00,-1.000000000000000000e+00,-1.000000000000000000e+00,-1.000000000000000000e+00,-1.000000000000000000e+00,-1.000000000000000000e+00,-1.000000000000000000e+00,-1.000000000000000000e+00,-1.000000000000000000e+00,-1.000000000000000000e+00,-1.000000000000000000e+00,-1.000000000000000000e+00,-1.000000000000000000e+00,-1.000000000000000000e+00,-1.000000000000000000e+00,-1.000000000000000000e+00,-1.000000000000000000e+00,-1.000000000000000000e+00,-1.000000000000000000e+00,-1.000000000000000000e+00,-1.000000000000000000e+00,-1.131490468396004978e+00,-1.132356825141597634e+00,-1.135243390978216915e+00,-1.140482426112112924e+00,-1.148132433028336674e+00,-1.158310355157214699e+00,-1.171099478396852023e+00,-1.186422804420248722e+00,-1.203906433729748482e+00,-1.222755960091722160e+00,-1.241668143848376094e+00,-1.258779580459504333e+00,-1.271626043604176637e+00,-1.277071856092304003e+00,-1.271180384276967112e+00,-1.249031334963217610e+00,-1.204536919007560991e+00,-1.130360522474906038e+00,-1.018104841901461111e+00,-8.590364406758786986e-01,-6.457959654002014549e-01,-3.758578267368544168e-01,-5.789974940561870564e-02,2.778636178086406616e-01,5.676324931157508136e-01,7.192191734423916127e-01,7.193978714105182526e-01,5.681847245860087714e-01,2.788377419338923247e-01,-5.642356562832673283e-02,-3.737689780268342865e-01,-6.429568800933402883e-01,-8.552897206993100854e-01,-1.013285768467739878e+00,-1.124316266382632712e+00,-1.197152677093791029e+00,-1.240261523267897736e+00,-1.261080025916590630e+00,-1.265820048610899029e+00,-1.259531371382348830e+00,-1.246258651364818615e+00,-1.229194806771192860e+00,-1.210789576606888129e+00,-1.192818392281262740e+00,-1.176444215413234406e+00,-1.162305118525257086e+00,-1.150637681145952218e+00,-1.141419946882396452e+00,-1.134507241950389878e+00,-1.129743486402573049e+00,-1.127040049627735518e+00,-1.126170046203976094e+00,-1.000000000000000000e+00,-1.000000000000000000e+00,-1.000000000000000000e+00,-1.000000000000000000e+00,-1.000000000000000000e+00,-1.000000000000000000e+00,-1.000000000000000000e+00,-1.000000000000000000e+00,-1.000000000000000000e+00,-1.000000000000000000e+00,-1.000000000000000000e+00,-1.000000000000000000e+00,-1.000000000000000000e+00,-1.000000000000000000e+00,-1.000000000000000000e+00,-1.000000000000000000e+00,-1.000000000000000000e+00,-1.000000000000000000e+00,-1.000000000000000000e+00,-1.000000000000000000e+00,-1.000000000000000000e+00,-1.000000000000000000e+00,-1.000000000000000000e+00,-1.000000000000000000e+00,-1.000000000000000000e+00,-1.000000000000000000e+00,-1.000000000000000000e+00,-1.000000000000000000e+00,-1.000000000000000000e+00,-1.000000000000000000e+00,-1.000000000000000000e+00,-1.000000000000000000e+00,-1.000000000000000000e+00,-1.000000000000000000e+00,-1.000000000000000000e+00,-1.000000000000000000e+00,-1.000000000000000000e+00,-1.000000000000000000e+00,-1.000000000000000000e+00,-1.000000000000000000e+00,-1.000000000000000000e+00,-1.000000000000000000e+00,-1.000000000000000000e+00,-1.000000000000000000e+00,-1.000000000000000000e+00,-1.000000000000000000e+00
-1.000000000000000000e+00,-1.000000000000000000e+00,-1.000000000000000000e+00,-1.000000000000000000e+00,-1.000000000000000000e+00,-1.000000000000000000e+00,-1.000000000000000000e+00,-1.000000000000000000e+00,-1.000000000000000000e+00,-1.000000000000000000e+00,-1.000000000000000000e+00,-1.000000000000000000e+00,-1.000000000000000000e+00,-1.000000000000000000e+00,-1.000000000000000000e+00,-1.000000000000000000e+00,-1.000000000000000000e+00,-1.000000000000000000e+00,-1.000000000000000000e+00,-1.000000000000000000e+00,-1.000000000000000000e+00,-1.000000000000000000e+00,-1.000000000000000000e+00,-1.000000000000000000e+00,-1.000000000000000000e+00,-1.000000000000000000e+00,-1.000000000000000000e+00,-1.000000000000000000e+00,-1.000000000000000000e+00,-1.000000000000000000e+00,-1.000000000000000000e+00,-1.000000000000000000e+00,-1.000000000000000000e+00,-1.000000000000000000e+00,-1.000000000000000000e+00,-1.000000000000000000e+00,-1.000000000000000000e+00,-1.000000000000000000e+00,-1.000000000000000000e+00,-1.000000000000000000e+00,-1.000000000000000000e+00,-1.000000000000000000e+00,-1.000000000000000000e+00,-1.000000000000000000e+00,-1.000000000000000000e+00,-1.000000000000000000e+00,-1.105879195327005515e+00,-1.106975727377873531e+00,-1.110447637733487758e+00,-1.116565267937315475e+00,-1.125457617456761428e+00,-1.137208612676516850e+00,-1.151806047586720005e+00,-1.169032298984586049e+00,-1.188347361551234771e+00,-1.208794969413272469e+00,-1.228944685612878951e+00,-1.246857188726363530e+00,-1.260038000913029421e+00,-1.265341029518861848e+00,-1.258802189841510266e+00,-1.235419137579968130e+00,-1.188937258733727909e+00,-1.111751782133429733e+00,-9.951000580391019534e-01,-8.298221500733128364e-01,-6.081576433618149924e-01,-3.273725025983824644e-01,3.580509994118186157e-03,3.532776004298594508e-01,6.552613520023642391e-01,8.134186374251308749e-01,8.135930869177729896e-01,6.558006772502931181e-01,3.542297641923737306e-01,5.025326338279567651e-03,-3.253241996028096716e-01,-6.053665811060690016e-01,-8.261264161488814928e-01,-9.903257570062030668e-01,-1.105729959707206111e+00,-1.181527639503338500e+00,-1.226539521706577762e+00,-1.248459815299352682e+00,-1.253659239736175657e+00,-1.247269241877233759e+00,-1.233373361563651294e+00,-1.215199878793841615e+00,-1.195263907041041573e+00,-1.175453039124447541e+00,-1.157082931545715176e+00,-1.140959408555440868e+00,-1.127470579605418077e+00,-1.116707506699902375e+00,-1.108592368470001643e+00,-1.102987155931892449e+00,-1.099751937024566528e+00,-1.098700078661913881e+00,-1.000000000000000000e+00,-1.000000000000000000e+00,-1.000000000000000000e+00,-1.000000000000000000e+00,-1.000000000000000000e+00,-1.000000000000000000e+00,-1.000000000000000000e+00,-1.000000000000000000e+00,-1.000000000000000000e+00,-1.000000000000000000e+00,-1.000000000000000000e+00,-1.000000000000000000e+00,-1.000000000000000000e+00,-1.000000000000000000e+00,-1.000000000000000000e+00,-1.000000000000000000e+00,-1.000000000000000000e+00,-1.000000000000000000e+00,-1.000000000000000000e+00,-1.000000000000000000e+00,-1.000000000000000000e+00,-1.000000000000000000e+00,-1.000000000000000000e+00,-1.000000000000000000e+00,-1.000000000000000000e+00,-1.000000000000000000e+00,-1.000000000000000000e+00,-1.000000000000000000e+00,-1.000000000000000000e+00,-1.000000000000000000e+00,-1.000000000000000000e+00,-1.000000000000000000e+00,-1.000000000000000000e+00,-1.000000000000000000e+00,-1.000000000000000000e+00,-1.000000000000000000e+00,-1.000000000000000000e+00,-1.000000000000000000e+00,-1.000000000000000000e+00,-1.000000000000000000e+00,-1.000000000000000000e+00,-1.000000000000000000e+00,-1.000000000000000000e+00,-1.000000000000000000e+00,-1.000000000000000000e+00,-1.000000000000000000e+00
-1.000000000000000000e+00,-1.000000000000000000e+00,-1.000000000000000000e+00,-1.000000000000000000e+00,-1.000000000000000000e+00,-1.000000000000000000e+00,-1.000000000000000000e+00,-1.000000000000000000e+00,-1.000000000000000000e+00,-1.000000000000000000e+00,-1.000000000000000000e+00,-1.000000000000000000e+00,-1.000000000000000000e+00,-1.000000000000000000e+00,-1.000000000000000000e+00,-1.000000000000000000e+00,-1.000000000000000000e+00,-1.000000000000000000e+00,-1.000000000000000000e+00,-1.000000000000000000e+00,-1.000000000000000000e+00,-1.000000000000000000e+00,-1.000000000000000000e+00,-1.000000000000000000e+00,-1.000000000000000000e+00,-1.000000000000000000e+00,-1.000000000000000000e+00,-1.000000000000000000e+00,-1.000000000000000000e+00,-1.000000000000000000e+00,-1.000000000000000000e+00,-1.000000000000000000e+00,-1.000000000000000000e+00,-1.000000000000000000e+00,-1.000000000000000000e+00,-1.000000000000000000e+00,-1.000000000000000000e+00,-1.000000000000000000e+00,-1.000000000000000000e+00,-1.000000000000000000e+00,-1.000000000000000000e+00,-1.000000000000000000e+00,-1.000000000000000000e+00,-1.000000000000000000e+00,-1.000000000000000000e+00,-1.000000000000000000e+00,-1.085844983673126762e+00,-1.087170035503251864e+00,-1.091262709751299020e+00,-1.098323366994727879e+00,-1.108466992620109615e+00,-1.121710558556006099e+00,-1.137919248371935366e+00,-1.156718279782024572e+00,-1.177406220350939892e+00,-1.198893569377301738e+00,-1.219668024660510497e+00,-1.237763932592452987e+00,-1.250699329987164710e+00,-1.255347977152224015e+00,-1.247735953573837486e+00,-1.222786972171390651e+00,-1.174082150399375024e+00,-1.093748703865787597e+00,-9.726580422053933139e-01,-8.012225265359727011e-01,-5.712774666779369959e-01,-2.798718899834986562e-01,6.378623489892110143e-02,4.271049758741654045e-01,7.410420988990042979e-01,9.056515145310592985e-01,9.058186528212555100e-01,7.415590277920405260e-01,4.280183487295845524e-01,6.517397014431081104e-02,-2.779009229570258421e-01,-5.685851456001660420e-01,-7.976458995499969840e-01,-9.680180170683938545e-01,-1.087864415151989173e+00,-1.166791773256585119e+00,-1.213974407914645726e+00,-1.237360729110592805e+00,-1.243473127869420436e+00,-1.237509722180905714e+00,-1.223566685162029488e+00,-1.204868837382305991e+00,-1.183948601202477580e+00,-1.162757547460380181e+00,-1.142728421449571208e+00,-1.124822264334502497e+00,-1.109591457372870016e+00,-1.097270326235842086e+00,-1.087882811015495887e+00,-1.081342820202661814e+00,-1.077520334220201326e+00,-1.076267387227996863e+00,-1.000000000000000000e+00,-1.000000000000000000e+00,-1.000000000000000000e+00,-1.000000000000000000e+00,-1.000000000000000000e+00,-1.000000000000000000e+00,-1.000000000000000000e+00,-1.000000000000000000e+00,-1.000000000000000000e+00,-1.000000000000000000e+00,-1.000000000000000000e+00,-1.000000000000000000e+00,-1.000000000000000000e+00,-1.000000000000000000e+00,-1.000000000000000000e+00,-1.000000000000000000e+00,-1.000000000000000000e+00,-1.000000000000000000e+00,-1.000000000000000000e+00,-1.000000000000000000e+00,-1.000000000000000000e+00,-1.000000000000000000e+00,-1.000000000000000000e+00,-1.000000000000000000e+00,-1.000000000000000000e+00,-1.000000000000000000e+00,-1.000000000000000000e+00,-1.000000000000000000e+00,-1.000000000000000000e+00,-1.000000000000000000e+00,-1.000000000000000000e+00,-1.000000000000000000e+00,-1.000000000000000000e+00,-1.000000000000000000e+00,-1.000000000000000000e+00,-1.000000000000000000e+00,-1.000000000000000000e+00,-1.000000000000000000e+00,-1.000000000000000000e+00,-1.000000000000000000e+00,-1.000000000000000000e+00,-1.000000000000000000e+00,-1.000000000000000000e+00,-1.000000000000000000e+00,-1.000000000000000000e+00,-1.000000000000000000e+00
-1.000000000000000000e+00,-1.000000000000000000e+00,-1.000000000000000000e+00,-1.000000000000000000e+00,-1.000000000000000000e+00,-1.000000000000000000e+00,-1.000000000000000000e+00,-1.000000000000000000e+00,-1.000000000000000000e+00,-1.000000000000000000e+00,-1.000000000000000000e+00,-1.000000000000000000e+00,-1.000000000000000000e+00,-1.000000000000000000e+00,-1.000000000000000000e+00,-1.000000000000000000e+00,-1.000000000000000000e+00,-1.000000000000000000e+00,-1.000000000000000000e+00,-1.000000000000000000e+00,-1.000000000000000000e+00,-1.000000000000000000e+00,-1.000000000000000000e+00,-1.000000000000000000e+00,-1.000000000000000000e+00,-1.000000000000000000e+00,-1.000000000000000000e+00,-1.000000000000000000e+00,-1.000000000000000000e+00,-1.000000000000000000e+00,-1.000000000000000000e+00,-1.000000000000000000e+00,-1.000000000000000000e+00,-1.000000000000000000e+00,-1.000000000000000000e+00,-1.000000000000000000e+00,-1.000000000000000000e+00,-1.000000000000000000e+00,-1.000000000000000000e+00,-1.000000000000000000e+00,-1.000000000000000000e+00,-1.000000000000000000e+00,-1.000000000000000000e+00,-1.000000000000000000e+00,-1.000000000000000000e+00,-1.000000000000000000e+00,-1.073511656404650516e+00,-1.075046325072847253e+00,-1.079719263777176197e+00,-1.087649321557993876e+00,-1.098880743574721208e+00,-1.113327731336661408e+00,-1.130717661697607346e+00,-1.150525550430268273e+00,-1.171918430290943558e+00,-1.193720555738853495e+00,-1.214390627136365142e+00,-1.231984064462252837e+00,-1.244066481324278106e+00,-1.247553133125048896e+00,-1.238471720431974843e+00,-1.211678301827128656e+00,-1.160595533960036674e+00,-1.077091080130540890e+00,-9.516825283661043411e-01,-7.743687923642430526e-01,-5.365925498801995541e-01,-2.351854774553778782e-01,1.204183763739221646e-01,4.965429314098745994e-01,8.217292656776615800e-01,9.924324902392109848e-01,9.925895348913553740e-01,8.222151568931121979e-01,4.974021180757961513e-01,1.217253476645856480e-01,-2.333260454044866483e-01,-5.340466732310769071e-01,-7.709762800282002893e-01,-9.472637097424573271e-01,-1.071458515654366117e+00,-1.153571602178936395e+00,-1.203118524460294214e+00,-1.228292026910663859e+00,-1.235757126479005263e+00,-1.230766650100849180e+00,-1.217409710055471939e+00,-1.198876154455891907e+00,-1.177671547473283509e+00,-1.155759242132187836e+00,-1.134638997937829297e+00,-1.115391405954436532e+00,-1.098720529395248668e+00,-1.085015143577959584e+00,-1.074429564175924279e+00,-1.066968919664934123e+00,-1.062559715168317487e+00,-1.061104571010703657e+00,-1.000000000000000000e+00,-1.000000000000000000e+00,-1.000000000000000000e+00,-1.000000000000000000e+00,-1.000000000000000000e+00,-1.000000000000000000e+00,-1.000000000000000000e+00,-1.000000000000000000e+00,-1.000000000000000000e+00,-1.000000000000000000e+00,-1.000000000000000000e+00,-1.000000000000000000e+00,-1.000000000000000000e+00,-1.000000000000000000e+00,-1.000000000000000000e+00,-1.000000000000000000e+00,-1.000000000000000000e+00,-1.000000000000000000e+00,-1.000000000000000000e+00,-1.000000000000000000e+00,-1.000000000000000000e+00,-1.000000000000000000e+00,-1.000000000000000000e+00,-1.000000000000000000e+00,-1.000000000000000000e+00,-1.000000000000000000e+00,-1.000000000000000000e+00,-1.000000000000000000e+00,-1.000000000000000000e+00,-1.000000000000000000e+00,-1.000000000000000000e+00,-1.000000000000000000e+00,-1.000000000000000000e+00,-1.000000000000000000e+00,-1.000000000000000000e+00,-1.000000000000000000e+00,-1.000000000000000000e+00,-1.000000000000000000e+00,-1.000000000000000000e+00,-1.000000000000000000e+00,-1.000000000000000000e+00,-1.000000000000000000e+00,-1.000000000000000000e+00,-1.000000000000000000e+00,-1.000000000000000000e+00,-1.000000000000000000e+00
-1.000000000000000000e+00,-1.000000000000000000e+00,-1.000000000000000000e+00,-1.000000000000000000e+00,-1.000000000000000000e+00,-1.000000000000000000e+00,-1.000000000000000000e+00,-1.000000000000000000e+00,-1.000000000000000000e+00,-1.000000000000000000e+00,-1.000000000000000000e+00,-1.000000000000000000e+00,-1.000000000000000000e+00,-1.000000000000000000e+00,-1.000000000000000000e+00,-1.000000000000000000e+00,-1.000000000000000000e+00,-1.000000000000000000e+00,-1.000000000000000000e+00,-1.000000000000000000e+00,-1.000000000000000000e+00,-1.000000000000000000e+00,-1.000000000000000000e+00,-1.000000000000000000e+00,-1.000000000000000000e+00,-1.000000000000000000e+00,-1.000000000000000000e+00,-1.000000000000000000e+00,-1.000000000000000000e+00,-1.000000000000000000e+00,-1.000000000000000000e+00,-1.000000000000000000e+00,-1.000000000000000000e+00,-1.000000000000000000e+00,-1.000000000000000000e+00,-1.000000000000000000e+00,-1.000000000000000000e+00,-1.000000000000000000e+00,-1.000000000000000000e+00,-1.000000000000000000e+00,-1.000000000000000000e+00,-1.000000000000000000e+00,-1.000000000000000000e+00,-1.000000000000000000e+00,-1.000000000000000000e+00,-1.000000000000000000e+00,-1.070183902447533919e+00,-1.071880571077116873e+00,-1.076998390969291508e+00,-1.085568244389070403e+00,-1.097534142051453054e+00,-1.112691302104787505e+00,-1.130636083711413997e+00,-1.150722731186356818e+00,-1.172033006990051529e+00,-1.193357936513736783e+00,-1.213176091189995587e+00,-1.229601055375032947e+00,-1.240269057297411548e+00,-1.242148353196540489e+00,-1.231273457428498919e+00,-1.202437372740011501e+00,-1.148912985369408224e+00,-1.062323986067127191e+00,-9.328569564233958333e-01,-7.501245897299604337e-01,-5.052012696555188143e-01,-1.947086192531968241e-01,1.717276827712430620e-01,5.594621007250242251e-01,8.948574280414414162e-01,1.071110662247831691e+00,1.071255370099786663e+00,8.953052953339961650e-01,5.602545842236290596e-01,1.729344720177767858e-01,-1.929890793786559477e-01,-5.028419529860500559e-01,-7.469717975164473778e-01,-9.287352090230318602e-01,-1.057045150836828373e+00,-1.142290577008379548e+00,-1.194306189922518913e+00,-1.221513431320501164e+00,-1.230709763987049010e+00,-1.227194452389929635e+00,-1.215037937642299504e+00,-1.197374553907937234e+00,-1.176649671197745883e+00,-1.154792537898766680e+00,-1.133317277676720636e+00,-1.113374938166671324e+00,-1.095786751607614073e+00,-1.081082955720797933e+00,-1.069557122185424314e+00,-1.061331134739176729e+00,-1.056419462691303046e+00,-1.054788844303418793e+00,-1.000000000000000000e+00,-1.000000000000000000e+00,-1.000000000000000000e+00,-1.000000000000000000e+00,-1.000000000000000000e+00,-1.000000000000000000e+00,-1.000000000000000000e+00,-1.000000000000000000e+00,-1.000000000000000000e+00,-1.000000000000000000e+00,-1.000000000000000000e+00,-1.000000000000000000e+00,-1.000000000000000000e+00,-1.000000000000000000e+00,-1.000000000000000000e+00,-1.000000000000000000e+00,-1.000000000000000000e+00,-1.000000000000000000e+00,-1.000000000000000000e+00,-1.000000000000000000e+00,-1.000000000000000000e+00,-1.000000000000000000e+00,-1.000000000000000000e+00,-1.000000000000000000e+00,-1.000000000000000000e+00,-1.000000000000000000e+00,-1.000000000000000000e+00,-1.000000000000000000e+00,-1.000000000000000000e+00,-1.000000000000000000e+00,-1.000000000000000000e+00,-1.000000000000000000e+00,-1.000000000000000000e+00,-1.000000000000000000e+00,-1.000000000000000000e+00,-1.000000000000000000e+00,-1.000000000000000000e+00,-1.000000000000000000e+00,-1.000000000000000000e+00,-1.000000000000000000e+00,-1.000000000000000000e+00,-1.000000000000000000e+00,-1.000000000000000000e+00,-1.000000000000000000e+00,-1.000000000000000000e+00,-1.000000000000000000e+00
-1.000000000000000000e+00,-1.000000000000000000e+00,-1.000000000000000000e+00,-1.000000000000000000e+00,-1.000000000000000000e+00,-1.000000000000000000e+00,-1.000000000000000000e+00,-1.000000000000000000e+00,-1.000000000000000000e+00,-1.000000000000000000e+00,-1.000000000000000000e+00,-1.000000000000000000e+00,-1.000000000000000000e+00,-1.000000000000000000e+00,-1.000000000000000000e+00,-1.000000000000000000e+00,-1.000000000000000000e+00,-1.000000000000000000e+00,-1.000000000000000000e+00,-1.000000000000000000e+00,-1.000000000000000000e+00,-1.000000000000000000e+00,-1.000000000000000000e+00,-1.000000000000000000e+00,-1.000000000000000000e+00,-1.000000000000000000e+00,-1.000000000000000000e+00,-1.000000000000000000e+00,-1.000000000000000000e+00,-1.000000000000000000e+00,-1.000000000000000000e+00,-1.000000000000000000e+00,-1.000000000000000000e+00,-1.000000000000000000e+00,-1.000000000000000000e+00,-1.000000000000000000e+00,-1.000000000000000000e+00,-1.000000000000000000e+00,-1.000000000000000000e+00,-1.000000000000000000e+00,-1.000000000000000000e+00,-1.000000000000000000e+00,-1.000000000000000000e+00,-1.000000000000000000e+00,-1.000000000000000000e+00,-1.000000000000000000e+00,-1.076050481209283483e+00,-1.077834384867309980e+00,-1.083179244340802816e+00,-1.092033104061894910e+00,-1.104238028031917507e+00,-1.119479923735398064e+00,-1.137252440071937487e+00,-1.156832967642423160e+00,-1.177269049104901599e+00,-1.197366689127762784e+00,-1.215661854601215008e+00,-1.230349762131196512e+00,-1.239147996522607764e+00,-1.239080430581066095e+00,-1.226188774014792537e+00,-1.195206688291585939e+00,-1.139268584367866710e+00,-1.049775389457211050e+00,-9.166136209474492480e-01,-7.290467423185080786e-01,-4.778149320398578093e-01,-1.593437423094002936e-01,2.165855612856111279e-01,6.144905051868836399e-01,9.588372950384520532e-01,1.139973339851944711e+00,1.140104157510404281e+00,9.592422800588300547e-01,6.152075081227768028e-01,2.176783823376631233e-01,-1.577845573156272385e-01,-4.756717078224603767e-01,-7.261755811618889611e-01,-9.128476800563191107e-01,-1.044931649328863177e+00,-1.133159023469195281e+00,-1.187654217081012042e+00,-1.217047306102468696e+00,-1.228257127112992064e+00,-1.226624220697065892e+00,-1.216196095294768353e+00,-1.200042227595341737e+00,-1.180527907846907976e+00,-1.159514924826289484e+00,-1.138486415313102906e+00,-1.118612946003283648e+00,-1.100786015517368543e+00,-1.085643674057991781e+00,-1.073603468335512900e+00,-1.064905993665783202e+00,-1.059664478025484691e+00,-1.057915384799333669e+00,-1.000000000000000000e+00,-1.000000000000000000e+00,-1.000000000000000000e+00,-1.000000000000000000e+00,-1.000000000000000000e+00,-1.000000000000000000e+00,-1.000000000000000000e+00,-1.000000000000000000e+00,-1.000000000000000000e+00,-1.000000000000000000e+00,-1.000000000000000000e+00,-1.000000000000000000e+00,-1.000000000000000000e+00,-1.000000000000000000e+00,-1.000000000000000000e+00,-1.000000000000000000e+00,-1.000000000000000000e+00,-1.000000000000000000e+00,-1.000000000000000000e+00,-1.000000000000000000e+00,-1.000000000000000000e+00,-1.000000000000000000e+00,-1.000000000000000000e+00,-1.000000000000000000e+00,-1.000000000000000000e+00,-1.000000000000000000e+00,-1.000000000000000000e+00,-1.000000000000000000e+00,-1.000000000000000000e+00,-1.000000000000000000e+00,-1.000000000000000000e+00,-1.000000000000000000e+00,-1.000000000000000000e+00,-1.000000000000000000e+00,-1.000000000000000000e+00,-1.000000000000000000e+00,-1.000000000000000000e+00,-1.000000000000000000e+00,-1.000000000000000000e+00,-1.000000000000000000e+00,-1.000000000000000000e+00,-1.000000000000000000e+00,-1.000000000000000000e+00,-1.000000000000000000e+00,-1.000000000000000000e+00,-1.000000000000000000e+00
-1.000000000000000000e+00,-1.000000000000000000e+00,-1.000000000000000000e+00,-1.000000000000000000e+00,-1.000000000000000000e+00,-1.000000000000000000e+00,-1.000000000000000000e+00,-1.000000000000000000e+00,-1.000000000000000000e+00,-1.000000000000000000e+00,-1.000000000000000000e+00,-1.000000000000000000e+00,-1.000000000000000000e+00,-1.000000000000000000e+00,-1.000000000000000000e+00,-1.000000000000000000e+00,-1.000000000000000000e+00,-1.000000000000000000e+00,-1.000000000000000000e+00,-1.000000000000000000e+00,-1.000000000000000000e+00,-1.000000000000000000e+00,-1.000000000000000000e+00,-1.000000000000000000e+00,-1.000000000000000000e+00,-1.000000000000000000e+00,-1.000000000000000000e+00,-1.000000000000000000e+00,-1.000000000000000000e+00,-1.000000000000000000e+00,-1.000000000000000000e+00,-1.000000000000000000e+00,-1.000000000000000000e+00,-1.000000000000000000e+00,-1.000000000000000000e+00,-1.000000000000000000e+00,-1.000000000000000000e+00,-1.000000000000000000e+00,-1.000000000000000000e+00,-1.000000000000000000e+00,-1.000000000000000000e+00,-1.000000000000000000e+00,-1.000000000000000000e+00,-1.000000000000000000e+00,-1.000000000000000000e+00,-1.000000000000000000e+00,-1.090144595884752654e+00,-1.091926870923466852e+00,-1.097240344839724768e+00,-1.105967107416090611e+00,-1.117867668611973953e+00,-1.132548620685157603e+00,-1.149442274911870232e+00,-1.167797008684784421e+00,-1.186672351291732097e+00,-1.204926408047096942e+00,-1.221176418587477164e+00,-1.233709876201245059e+00,-1.240326583338134281e+00,-1.238102431130839509e+00,-1.223083924990190807e+00,-1.189949120250297199e+00,-1.131707442681710196e+00,-1.039562169062634656e+00,-9.031359584386662309e-01,-7.113862394861251159e-01,-4.547594603164905047e-01,-1.295042310908682825e-01,2.544771546190252032e-01,6.610036331107513874e-01,1.012944022854155968e+00,1.198234826528109753e+00,1.198350934129095435e+00,1.013303538122183323e+00,6.616403972315889614e-01,2.554483396501332493e-01,-1.281171602934902953e-01,-4.528499665277618824e-01,-7.088228414052817339e-01,-8.997641774691848005e-01,-1.035209267399329613e+00,-1.126190803228824366e+00,-1.183088721830997336e+00,-1.214718646250477985e+00,-1.228108896999950517e+00,-1.228638078115559473e+00,-1.220331823036331143e+00,-1.206194457046243951e+00,-1.188503686471468201e+00,-1.169034498997651328e+00,-1.149206182733176318e+00,-1.130164905671165787e+00,-1.112823849262386311e+00,-1.097883921363093984e+00,-1.085852349460493249e+00,-1.077067567878919219e+00,-1.071731067287346129e+00,-1.069942569175822644e+00,-1.000000000000000000e+00,-1.000000000000000000e+00,-1.000000000000000000e+00,-1.000000000000000000e+00,-1.000000000000000000e+00,-1.000000000000000000e+00,-1.000000000000000000e+00,-1.000000000000000000e+00,-1.000000000000000000e+00,-1.000000000000000000e+00,-1.000000000000000000e+00,-1.000000000000000000e+00,-1.000000000000000000e+00,-1.000000000000000000e+00,-1.000000000000000000e+00,-1.000000000000000000e+00,-1.000000000000000000e+00,-1.000000000000000000e+00,-1.000000000000000000e+00,-1.000000000000000000e+00,-1.000000000000000000e+00,-1.000000000000000000e+00,-1.000000000000000000e+00,-1.000000000000000000e+00,-1.000000000000000000e+00,-1.000000000000000000e+00,-1.000000000000000000e+00,-1.000000000000000000e+00,-1.000000000000000000e+00,-1.000000000000000000e+00,-1.000000000000000000e+00,-1.000000000000000000e+00,-1.000000000000000000e+00,-1.000000000000000000e+00,-1.000000000000000000e+00,-1.000000000000000000e+00,-1.000000000000000000e+00,-1.000000000000000000e+00,-1.000000000000000000e+00,-1.000000000000000000e+00,-1.000000000000000000e+00,-1.000000000000000000e+00,-1.000000000000000000e+00,-1.000000000000000000e+00,-1.000000000000000000e+00,-1.000000000000000000e+00
-1.000000000000000000e+00,-1.000000000000000000e+00,-1.000000000000000000e+00,-1.000000000000000000e+00,-1.000000000000000000e+00,-1.000000000000000000e+00,-1.000000000000000000e+00,-1.000000000000000000e+00,-1.000000000000000000e+00,-1.000000000000000000e+00,-1.000000000000000000e+00,-1.000000000000000000e+00,-1.000000000000000000e+00,-1.000000000000000000e+00,-1.000000000000000000e+00,-1.000000000000000000e+00,-1.000000000000000000e+00,-1.000000000000000000e+00,-1.000000000000000000e+00,-1.000000000000000000e+00,-1.000000000000000000e+00,-1.000000000000000000e+00,-1.000000000000000000e+00,-1.000000000000000000e+00,-1.000000000000000000e+00,-1.000000000000000000e+00,-1.000000000000000000e+00,-1.000000000000000000e+00,-1.000000000000000000e+00,-1.000000000000000000e+00,-1.000000000000000000e+00,-1.000000000000000000e+00,-1.000000000000000000e+00,-1.000000000000000000e+00,-1.000000000000000000e+00,-1.000000000000000000e+00,-1.000000000000000000e+00,-1.000000000000000000e+00,-1.000000000000000000e+00,-1.000000000000000000e+00,-1.000000000000000000e+00,-1.000000000000000000e+00,-1.000000000000000000e+00,-1.000000000000000000e+00,-1.000000000000000000e+00,-1.000000000000000000e+00,-1.110597821800680673e+00,-1.112293037483157443e+00,-1.117328272340416762e+00,-1.125543259354857328e+00,-1.136648909112827122e+00,-1.150211587457154794e+00,-1.165645978155737783e+00,-1.182214312558940605e+00,-1.199023869604490811e+00,-1.215009068855564589e+00,-1.228879899654550689e+00,-1.239016921531625348e+00,-1.243296507980842014e+00,-1.238839610033820371e+00,-1.221694187348437488e+00,-1.186487072425825851e+00,-1.126117766881625792e+00,-1.031619089638716957e+00,-8.923884503210710584e-01,-6.971231270278894776e-01,-4.360193052245509016e-01,-1.051710959812512947e-01,2.854290623942001837e-01,6.990357006963674458e-01,1.057214844827956579e+00,1.245927979476296965e+00,1.246029246222717823e+00,1.057528442479394037e+00,6.995912772875607644e-01,2.862767951528917276e-01,-1.039594734221265249e-01,-4.343494858692823479e-01,-6.948778087799030168e-01,-8.894282601480342221e-01,-1.027785675989527636e+00,-1.121239819823367734e+00,-1.180389760269414667e+00,-1.214211980736854324e+00,-1.229831709070432710e+00,-1.232663171765081778e+00,-1.226714161115688428e+00,-1.214929493804203009e+00,-1.199501071135612884e+00,-1.182109883152371754e+00,-1.164091776492311991e+00,-1.146536091511890287e+00,-1.130335533477473176e+00,-1.116207897602565113e+00,-1.104707025815620636e+00,-1.096234019065115195e+00,-1.091053018759721160e+00,-1.089310544161850469e+00,-1.000000000000000000e+00,-1.000000000000000000e+00,-1.000000000000000000e+00,-1.000000000000000000e+00,-1.000000000000000000e+00,-1.000000000000000000e+00,-1.000000000000000000e+00,-1.000000000000000000e+00,-1.000000000000000000e+00,-1.000000000000000000e+00,-1.000000000000000000e+00,-1.000000000000000000e+00,-1.000000000000000000e+00,-1.000000000000000000e+00,-1.000000000000000000e+00,-1.000000000000000000e+00,-1.000000000000000000e+00,-1.000000000000000000e+00,-1.000000000000000000e+00,-1.000000000000000000e+00,-1.000000000000000000e+00,-1.000000000000000000e+00,-1.000000000000000000e+00,-1.000000000000000000e+00,-1.000000000000000000e+00,-1.000000000000000000e+00,-1.000000000000000000e+00,-1.000000000000000000e+00,-1.000000000000000000e+00,-1.000000000000000000e+00,-1.000000000000000000e+00,-1.000000000000000000e+00,-1.000000000000000000e+00,-1.000000000000000000e+00,-1.000000000000000000e+00,-1.000000000000000000e+00,-1.000000000000000000e+00,-1.000000000000000000e+00,-1.000000000000000000e+00,-1.000000000000000000e+00,-1.000000000000000000e+00,-1.000000000000000000e+00,-1.000000000000000000e+00,-1.000000000000000000e+00,-1.000000000000000000e+00,-1.000000000000000000e+00
-1.000000000000000000e+00,-1.000000000000000000e+00,-1.000000000000000000e+00,-1.000000000000000000e+00,-1.000000000000000000e+00,-1.000000000000000000e+00,-1.000000000000000000e+00,-1.000000000000000000e+00,-1.000000000000000000e+00,-1.000000000000000000e+00,-1.000000000000000000e+00,-1.000000000000000000e+00,-1.000000000000000000e+00,-1.000000000000000000e+00,-1.000000000000000000e+00,-1.000000000000000000e+00,-1.000000000000000000e+00,-1.000000000000000000e+00,-1.000000000000000000e+00,-1.000000000000000000e+00,-1.000000000000000000e+00,-1.000000000000000000e+00,-1.000000000000000000e+00,-1.000000000000000000e+00,-1.000000000000000000e+00,-1.000000000000000000e+00,-1.000000000000000000e+00,-1.000000000000000000e+00,-1.000000000000000000e+00,-1.000000000000000000e+00,-1.000000000000000000e+00,-1.000000000000000000e+00,-1.000000000000000000e+00,-1.000000000000000000e+00,-1.000000000000000000e+00,-1.000000000000000000e+00,-1.000000000000000000e+00,-1.000000000000000000e+00,-1.000000000000000000e+00,-1.000000000000000000e+00,-1.000000000000000000e+00,-1.000000000000000000e+00,-1.000000000000000000e+00,-1.000000000000000000e+00,-1.000000000000000000e+00,-1.000000000000000000e+00,-1.135077644652807471e+00,-1.136618193425841694e+00,-1.141181449468312792e+00,-1.148588737712615604e+00,-1.158534344447124775e+00,-1.170581889547752219e+00,-1.184165928685733338e+00,-1.198595122274359159e+00,-1.213047972324092116e+00,-1.226547563950754816e+00,-1.237898527838129148e+00,-1.245568822804857145e+00,-1.247502325801797873e+00,-1.240857001085359013e+00,-1.221679239993370025e+00,-1.184549901923682702e+00,-1.122274402295185602e+00,-1.025742626293645543e+00,-8.841651680765537646e-01,-6.860246066284483302e-01,-4.213102603860351403e-01,-8.598562164690071175e-02,3.098926818577263376e-01,7.291374446362921535e-01,1.092285014071002536e+00,1.283729214081377634e+00,1.283816092886759463e+00,1.092554063888897531e+00,7.296141396916633326e-01,3.106201880779704272e-01,-8.494543892902428617e-02,-4.198757215352857397e-01,-6.840934570036844020e-01,-8.816147774333565890e-01,-1.022431827241408797e+00,-1.118047624059124834e+00,-1.179244078877135671e+00,-1.215133612479145420e+00,-1.232925380153960804e+00,-1.238066706557179986e+00,-1.234552571381903441e+00,-1.225276902013461733e+00,-1.212353329263816004e+00,-1.197370496848761956e+00,-1.181572591268218453e+00,-1.165971967260456488e+00,-1.151409436780774787e+00,-1.138580483782407393e+00,-1.128043889675993672e+00,-1.120224756212231831e+00,-1.115418521861946566e+00,-1.113797625477706665e+00,-1.000000000000000000e+00,-1.000000000000000000e+00,-1.000000000000000000e+00,-1.000000000000000000e+00,-1.000000000000000000e+00,-1.000000000000000000e+00,-1.000000000000000000e+00,-1.000000000000000000e+00,-1.000000000000000000e+00,-1.000000000000000000e+00,-1.000000000000000000e+00,-1.000000000000000000e+00,-1.000000000000000000e+00,-1.000000000000000000e+00,-1.000000000000000000e+00,-1.000000000000000000e+00,-1.000000000000000000e+00,-1.000000000000000000e+00,-1.000000000000000000e+00,-1.000000000000000000e+00,-1.000000000000000000e+00,-1.000000000000000000e+00,-1.000000000000000000e+00,-1.000000000000000000e+00,-1.000000000000000000e+00,-1.000000000000000000e+00,-1.000000000000000000e+00,-1.000000000000000000e+00,-1.000000000000000000e+00,-1.000000000000000000e+00,-1.000000000000000000e+00,-1.000000000000000000e+00,-1.000000000000000000e+00,-1.000000000000000000e+00,-1.000000000000000000e+00,-1.000000000000000000e+00,-1.000000000000000000e+00,-1.000000000000000000e+00,-1.000000000000000000e+00,-1.000000000000000000e+00,-1.000000000000000000e+00,-1.000000000000000000e+00,-1.000000000000000000e+00,-1.000000000000000000e+00,-1.000000000000000000e+00,-1.000000000000000000e+00
-1.000000000000000000e+00,-1.000000000000000000e+00,-1.000000000000000000e+00,-1.000000000000000000e+00,-1.000000000000000000e+00,-1.000000000000000000e+00,-1.000000000000000000e+00,-1.000000000000000000e+00,-1.000000000000000000e+00,-1.000000000000000000e+00,-1.000000000000000000e+00,-1.000000000000000000e+00,-1.000000000000000000e+00,-1.000000000000000000e+00,-1.000000000000000000e+00,-1.000000000000000000e+00,-1.000000000000000000e+00,-1.000000000000000000e+00,-1.000000000000000000e+00,-1.000000000000000000e+00,-1.000000000000000000e+00,-1.000000000000000000e+00,-1.000000000000000000e+00,-1.000000000000000000e+00,-1.000000000000000000e+00,-1.000000000000000000e+00,-1.000000000000000000e+00,-1.000000000000000000e+00,-1.000000000000000000e+00,-1.000000000000000000e+00,-1.000000000000000000e+00,-1.000000000000000000e+00,-1.000000000000000000e+00,-1.000000000000000000e+00,-1.000000000000000000e+00,-1.000000000000000000e+00,-1.000000000000000000e+00,-1.000000000000000000e+00,-1.000000000000000000e+00,-1.000000000000000000e+00,-1.000000000000000000e+00,-1.000000000000000000e+00,-1.000000000000000000e+00,-1.000000000000000000e+00,-1.000000000000000000e+00,-1.000000000000000000e+00,-1.161241343130566595e+00,-1.162584698753903911e+00,-1.166555740518909534e+00,-1.172977039455009418e+00,-1.181553166599359495e+00,-1.191874093480016938e+00,-1.203420970237163878e+00,-1.215569404069067216e+00,-1.227581012717479103e+00,-1.238570376365762726e+00,-1.247432074379289269e+00,-1.252712208959608553e+00,-1.252411925681063076e+00,-1.243718514025195843e+00,-1.222674719116992437e+00,-1.183821403017458751e+00,-1.119885662008059946e+00,-1.021640798514479975e+00,-8.781467673373108962e-01,-6.777139889377303827e-01,-4.101657658027737519e-01,-7.135859390893983800e-02,3.286073239763116494e-01,7.522096432853757619e-01,1.119195591775115073e+00,1.312752721868053474e+00,1.312826111904781712e+00,1.119422857304670060e+00,7.526122733098361550e-01,3.292217530998218233e-01,-7.048006092330738603e-02,-4.089538520106792419e-01,-6.760815225820131502e-01,-8.759884184380007932e-01,-1.018834023790541776e+00,-1.116293409457543628e+00,-1.179297018279697795e+00,-1.217069250153957505e+00,-1.236890225866164039e+00,-1.244237334341888435e+00,-1.243097439806024385e+00,-1.236322951527925706e+00,-1.225959546282084478e+00,-1.213510717419278961e+00,-1.200129277707344677e+00,-1.186741305998892271e+00,-1.174116121019064707e+00,-1.162898589910242197e+00,-1.153619079251730017e+00,-1.146693096489198371e+00,-1.142418469632869193e+00,-1.140973786810867363e+00,-1.000000000000000000e+00,-1.000000000000000000e+00,-1.000000000000000000e+00,-1.000000000000000000e+00,-1.000000000000000000e+00,-1.000000000000000000e+00,-1.000000000000000000e+00,-1.000000000000000000e+00,-1.000000000000000000e+00,-1.000000000000000000e+00,-1.000000000000000000e+00,-1.000000000000000000e+00,-1.000000000000000000e+00,-1.000000000000000000e+00,-1.000000000000000000e+00,-1.000000000000000000e+00,-1.000000000000000000e+00,-1.000000000000000000e+00,-1.000000000000000000e+00,-1.000000000000000000e+00,-1.000000000000000000e+00,-1.000000000000000000e+00,-1.000000000000000000e+00,-1.000000000000000000e+00,-1.000000000000000000e+00,-1.000000000000000000e+00,-1.000000000000000000e+00,-1.000000000000000000e+00,-1.000000000000000000e+00,-1.000000000000000000e+00,-1.000000000000000000e+00,-1.000000000000000000e+00,-1.000000000000000000e+00,-1.000000000000000000e+00,-1.000000000000000000e+00,-1.000000000000000000e+00,-1.000000000000000000e+00,-1.000000000000000000e+00,-1.000000000000000000e+00,-1.000000000000000000e+00,-1.000000000000000000e+00,-1.000000000000000000e+00,-1.000000000000000000e+00,-1.000000000000000000e+00,-1.000000000000000000e+00,-1.000000000000000000e+00
-1.000000000000000000e+00,-1.000000000000000000e+00,-1.000000000000000000e+00,-1.000000000000000000e+00,-1.000000000000000000e+00,-1.000000000000000000e+00,-1.000000000000000000e+00,-1.000000000000000000e+00,-1.000000000000000000e+00,-1.000000000000000000e+00,-1.000000000000000000e+00,-1.000000000000000000e+00,-1.000000000000000000e+00,-1.000000000000000000e+00,-1.000000000000000000e+00,-1.000000000000000000e+00,-1.000000000000000000e+00,-1.000000000000000000e+00,-1.000000000000000000e+00,-1.000000000000000000e+00,-1.000000000000000000e+00,-1.000000000000000000e+00,-1.000000000000000000e+00,-1.000000000000000000e+00,-1.000000000000000000e+00,-1.000000000000000000e+00,-1.000000000000000000e+00,-1.000000000000000000e+00,-1.000000000000000000e+00,-1.000000000000000000e+00,-1.000000000000000000e+00,-1.000000000000000000e+00,-1.000000000000000000e+00,-1.000000000000000000e+00,-1.000000000000000000e+00,-1.000000000000000000e+00,-1.000000000000000000e+00,-1.000000000000000000e+00,-1.000000000000000000e+00,-1.000000000000000000e+00,-1.000000000000000000e+00,-1.000000000000000000e+00,-1.000000000000000000e+00,-1.000000000000000000e+00,-1.000000000000000000e+00,-1.000000000000000000e+00,-1.187079919053649624e+00,-1.188208864489498362e+00,-1.191541041709527793e+00,-1.196913633067259175e+00,-1.204059418680574423e+00,-1.212613024675401441e+00,-1.222117272220144990e+00,-1.232024016348454376e+00,-1.241680394747403771e+00,-1.250288435495317652e+00,-1.256823950358251674e+00,-1.259900400077721194e+00,-1.257566182306023572e+00,-1.247031295718828314e+00,-1.224333833908411329e+00,-1.183981004387489433e+00,-1.118636507301794758e+00,-1.018981097113384360e+00,-8.739565367436298304e-01,-6.717390093356322422e-01,-4.020223707919698963e-01,-6.057813724493732455e-02,3.424654172662902063e-01,7.693393321446653221e-01,1.139204153979989087e+00,1.334347267150218119e+00,1.334408369221609103e+00,1.139393344140462450e+00,7.696744285410777042e-01,3.429766274528840420e-01,-5.984741590360487251e-02,-4.010145402670978187e-01,-6.703813210771560893e-01,-8.721605764634475788e-01,-1.016643140558538772e+00,-1.115639198864478487e+00,-1.180196747977497296e+00,-1.219630123782786457e+00,-1.241277950224524362e+00,-1.250644083910995130e+00,-1.251710968692225645e+00,-1.247298252038092414e+00,-1.239394679254147702e+00,-1.229428694409094414e+00,-1.218467715165836296e+00,-1.207350785553183536e+00,-1.196766875617568671e+00,-1.187293668384855172e+00,-1.179411029742528871e+00,-1.173500851636803732e+00,-1.169841650948462153e+00,-1.168602950749662028e+00,-1.000000000000000000e+00,-1.000000000000000000e+00,-1.000000000000000000e+00,-1.000000000000000000e+00,-1.000000000000000000e+00,-1.000000000000000000e+00,-1.000000000000000000e+00,-1.000000000000000000e+00,-1.000000000000000000e+00,-1.000000000000000000e+00,-1.000000000000000000e+00,-1.000000000000000000e+00,-1.000000000000000000e+00,-1.000000000000000000e+00,-1.000000000000000000e+00,-1.000000000000000000e+00,-1.000000000000000000e+00,-1.000000000000000000e+00,-1.000000000000000000e+00,-1.000000000000000000e+00,-1.000000000000000000e+00,-1.000000000000000000e+00,-1.000000000000000000e+00,-1.000000000000000000e+00,-1.000000000000000000e+00,-1.000000000000000000e+00,-1.000000000000000000e+00,-1.000000000000000000e+00,-1.000000000000000000e+00,-1.000000000000000000e+00,-1.000000000000000000e+00,-1.000000000000000000e+00,-1.000000000000000000e+00,-1.000000000000000000e+00,-1.000000000000000000e+00,-1.000000000000000000e+00,-1.000000000000000000e+00,-1.000000000000000000e+00,-1.000000000000000000e+00,-1.000000000000000000e+00,-1.000000000000000000e+00,-1.000000000000000000e+00,-1.000000000000000000e+00,-1.000000000000000000e+00,-1.000000000000000000e+00,-1.000000000000000000e+00
-1.000000000000000000e+00,-1.000000000000000000e+00,-1.000000000000000000e+00,-1.000000000000000000e+00,-1.000000000000000000e+00,-1.000000000000000000e+00,-1.000000000000000000e+00,-1.000000000000000000e+00,-1.000000000000000000e+00,-1.000000000000000000e+00,-1.000000000000000000e+00,-1.000000000000000000e+00,-1.000000000000000000e+00,-1.000000000000000000e+00,-1.000000000000000000e+00,-1.000000000000000000e+00,-1.000000000000000000e+00,-1.000000000000000000e+00,-1.000000000000000000e+00,-1.000000000000000000e+00,-1.000000000000000000e+00,-1.000000000000000000e+00,-1.000000000000000000e+00,-1.000000000000000000e+00,-1.000000000000000000e+00,-1.000000000000000000e+00,-1.000000000000000000e+00,-1.000000000000000000e+00,-1.000000000000000000e+00,-1.000000000000000000e+00,-1.000000000000000000e+00,-1.000000000000000000e+00,-1.000000000000000000e+00,-1.000000000000000000e+00,-1.000000000000000000e+00,-1.000000000000000000e+00,-1.000000000000000000e+00,-1.000000000000000000e+00,-1.000000000000000000e+00,-1.000000000000000000e+00,-1.000000000000000000e+00,-1.000000000000000000e+00,-1.000000000000000000e+00,-1.000000000000000000e+00,-1.000000000000000000e+00,-1.000000000000000000e+00,-1.211103556564622208e+00,-1.212021731293821070e+00,-1.214728710209287632e+00,-1.219083491505152050e+00,-1.224856214515826602e+00,-1.231734411332278789e+00,-1.239327586697715589e+00,-1.247164232484776925e+00,-1.254672537222615514e+00,-1.261133516026148094e+00,-1.265593447800440474e+00,-1.266722176625619589e+00,-1.262606270630560967e+00,-1.250473097390563781e+00,-1.226355994435341268e+00,-1.184734797459220612e+00,-1.118223289374115970e+00,-1.017430665601760431e+00,-8.712083746314880361e-01,-6.676307280462836502e-01,-3.962934402634092912e-01,-5.290254215126488635e-02,3.523966567127994054e-01,7.816590812695893842e-01,1.153621963917058846e+00,1.349921004541380753e+00,1.349971187452275068e+00,1.153777317076226439e+00,7.819341465111753209e-01,3.528160655228971265e-01,-5.230341247530345683e-02,-3.954675938394858203e-01,-6.665186648110095202e-01,-8.697374786834966010e-01,-1.015515209264725494e+00,-1.115765415167122576e+00,-1.181626808605849455e+00,-1.222484180952278843e+00,-1.245723146616608767e+00,-1.256870059213704538e+00,-1.259905463997009090e+00,-1.257623736317700969e+00,-1.251967181312632960e+00,-1.244300349477342804e+00,-1.235614592956187696e+00,-1.226667178368180622e+00,-1.218066410211859241e+00,-1.210316574884396479e+00,-1.203835982226197698e+00,-1.198959286392369705e+00,-1.195932541803398141e+00,-1.194906664663217155e+00,-1.000000000000000000e+00,-1.000000000000000000e+00,-1.000000000000000000e+00,-1.000000000000000000e+00,-1.000000000000000000e+00,-1.000000000000000000e+00,-1.000000000000000000e+00,-1.000000000000000000e+00,-1.000000000000000000e+00,-1.000000000000000000e+00,-1.000000000000000000e+00,-1.000000000000000000e+00,-1.000000000000000000e+00,-1.000000000000000000e+00,-1.000000000000000000e+00,-1.000000000000000000e+00,-1.000000000000000000e+00,-1.000000000000000000e+00,-1.000000000000000000e+00,-1.000000000000000000e+00,-1.000000000000000000e+00,-1.000000000000000000e+00,-1.000000000000000000e+00,-1.000000000000000000e+00,-1.000000000000000000e+00,-1.000000000000000000e+00,-1.000000000000000000e+00,-1.000000000000000000e+00,-1.000000000000000000e+00,-1.000000000000000000e+00,-1.000000000000000000e+00,-1.000000000000000000e+00,-1.000000000000000000e+00,-1.000000000000000000e+00,-1.000000000000000000e+00,-1.000000000000000000e+00,-1.000000000000000000e+00,-1.000000000000000000e+00,-1.000000000000000000e+00,-1.000000000000000000e+00,-1.000000000000000000e+00,-1.000000000000000000e+00,-1.000000000000000000e+00,-1.000000000000000000e+00,-1.000000000000000000e+00,-1.000000000000000000e+00
-1.000000000000000000e+00,-1.000000000000000000e+00,-1.000000000000000000e+00,-1.000000000000000000e+00,-1.000000000000000000e+00,-1.000000000000000000e+00,-1.000000000000000000e+00,-1.000000000000000000e+00,-1.000000000000000000e+00,-1.000000000000000000e+00,-1.000000000000000000e+00,-1.000000000000000000e+00,-1.000000000000000000e+00,-1.000000000000000000e+00,-1.000000000000000000e+00,-1.000000000000000000e+00,-1.000000000000000000e+00,-1.000000000000000000e+00,-1.000000000000000000e+00,-1.000000000000000000e+00,-1.000000000000000000e+00,-1.000000000000000000e+00,-1.000000000000000000e+00,-1.000000000000000000e+00,-1.000000000000000000e+00,-1.000000000000000000e+00,-1.000000000000000000e+00,-1.000000000000000000e+00,-1.000000000000000000e+00,-1.000000000000000000e+00,-1.000000000000000000e+00,-1.000000000000000000e+00,-1.000000000000000000e+00,-1.000000000000000000e+00,-1.000000000000000000e+00,-1.000000000000000000e+00,-1.000000000000000000e+00,-1.000000000000000000e+00,-1.000000000000000000e+00,-1.000000000000000000e+00,-1.000000000000000000e+00,-1.000000000000000000e+00,-1.000000000000000000e+00,-1.000000000000000000e+00,-1.000000000000000000e+00,-1.000000000000000000e+00,-1.232382397420614062e+00,-1.233107862817996780e+00,-1.235244796283942570e+00,-1.238676330173418716e+00,-1.243212196223717037e+00,-1.248593374322799932e+00,-1.254493702561766399e+00,-1.260512588085115571e+00,-1.266150501796652783e+00,-1.270756645690191089e+00,-1.273436389589841733e+00,-1.272905603118875462e+00,-1.267281163714745196e+00,-1.253803661005516323e+00,-1.228502177723072908e+00,-1.185835020345203494e+00,-1.118377711940802488e+00,-1.016685502196555291e+00,-8.695425548296336071e-01,-6.649478613008379391e-01,-3.924247251994678054e-01,-4.763018597383472663e-02,3.592808185970366441e-01,7.902410744271759491e-01,1.163691245326822887e+00,1.360809167692411226e+00,1.360849856463853147e+00,1.163817180238244209e+00,7.904639537889690537e-01,3.596204228628054889e-01,-4.714548524642914185e-02,-3.917572508803787157e-01,-6.640498622458947953e-01,-8.683556009754513916e-01,-1.015140307900101790e+00,-1.116394672183140813e+00,-1.183325731906395895e+00,-1.225372152608433796e+00,-1.249956321456216379e+00,-1.262623035393825699e+00,-1.267352420668173441e+00,-1.266919635398370714e+00,-1.263229887336124513e+00,-1.257594856770773317e+00,-1.250940716590925872e+00,-1.243951922760573758e+00,-1.237161758427071545e+00,-1.231002750843961158e+00,-1.225829527576899558e+00,-1.221924768478142909e+00,-1.219496516679473785e+00,-1.218672695206737711e+00,-1.000000000000000000e+00,-1.000000000000000000e+00,-1.000000000000000000e+00,-1.000000000000000000e+00,-1.000000000000000000e+00,-1.000000000000000000e+00,-1.000000000000000000e+00,-1.000000000000000000e+00,-1.000000000000000000e+00,-1.000000000000000000e+00,-1.000000000000000000e+00,-1.000000000000000000e+00,-1.000000000000000000e+00,-1.000000000000000000e+00,-1.000000000000000000e+00,-1.000000000000000000e+00,-1.000000000000000000e+00,-1.000000000000000000e+00,-1.000000000000000000e+00,-1.000000000000000000e+00,-1.000000000000000000e+00,-1.000000000000000000e+00,-1.000000000000000000e+00,-1.000000000000000000e+00,-1.000000000000000000e+00,-1.000000000000000000e+00,-1.000000000000000000e+00,-1.000000000000000000e+00,-1.000000000000000000e+00,-1.000000000000000000e+00,-1.000000000000000000e+00,-1.000000000000000000e+00,-1.000000000000000000e+00,-1.000000000000000000e+00,-1.000000000000000000e+00,-1.000000000000000000e+00,-1.000000000000000000e+00,-1.000000000000000000e+00,-1.000000000000000000e+00,-1.000000000000000000e+00,-1.000000000000000000e+00,-1.000000000000000000e+00,-1.000000000000000000e+00,-1.000000000000000000e+00,-1.000000000000000000e+00,-1.000000000000000000e+00
-1.000000000000000000e+00,-1.000000000000000000e+00,-1.000000000000000000e+00,-1.000000000000000000e+00,-1.000000000000000000e+00,-1.000000000000000000e+00,-1.000000000000000000e+00,-1.000000000000000000e+00,-1.000000000000000000e+00,-1.000000000000000000e+00,-1.000000000000000000e+00,-1.000000000000000000e+00,-1.000000000000000000e+00,-1.000000000000000000e+00,-1.000000000000000000e+00,-1.000000000000000000e+00,-1.000000000000000000e+00,-1.000000000000000000e+00,-1.000000000000000000e+00,-1.000000000000000000e+00,-1.000000000000000000e+00,-1.000000000000000000e+00,-1.000000000000000000e+00,-1.000000000000000000e+00,-1.000000000000000000e+00,-1.000000000000000000e+00,-1.000000000000000000e+00,-1.000000000000000000e+00,-1.000000000000000000e+00,-1.000000000000000000e+00,-1.000000000000000000e+00,-1.000000000000000000e+00,-1.000000000000000000e+00,-1.000000000000000000e+00,-1.000000000000000000e+00,-1.000000000000000000e+00,-1.000000000000000000e+00,-1.000000000000000000e+00,-1.000000000000000000e+00,-1.000000000000000000e+00,-1.000000000000000000e+00,-1.000000000000000000e+00,-1.000000000000000000e+00,-1.000000000000000000e+00,-1.000000000000000000e+00,-1.000000000000000000e+00,-1.250486648579420601e+00,-1.251045500909359731e+00,-1.252690449009873364e+00,-1.255327794787797657e+00,-1.258804498330301502e+00,-1.262910543475255887e+00,-1.267377216749302704e+00,-1.271865646852223586e+00,-1.275937719022613770e+00,-1.278999293038094232e+00,-1.280203833891745413e+00,-1.278303943753695160e+00,-1.271440210777001756e+00,-1.256863290461358584e+00,-1.230598820564184681e+00,-1.187088712049908734e+00,-1.118879910526020760e+00,-1.016487965003238125e+00,-8.686481022143881514e-01,-6.633049928669076944e-01,-3.899299003199665492e-01,-4.414426561965478779e-02,3.638919926602508514e-01,7.960293059967706863e-01,1.170506473444278939e+00,1.368189013001818388e+00,1.368221603408387388e+00,1.170607321650033228e+00,7.962077032340593163e-01,3.641636065682329892e-01,-4.375701981770341309e-02,-3.893973036821505307e-01,-6.625893935935549539e-01,-8.677033770824051917e-01,-1.015259274733614658e+00,-1.117303968930352776e+00,-1.185094786853570836e+00,-1.228110643877540875e+00,-1.253801979331822247e+00,-1.267728182307893858e+00,-1.273869661359699146e+00,-1.274987079064661355e+00,-1.272956517740717830e+00,-1.269046975507476471e+00,-1.264130592013028354e+00,-1.258829772428154303e+00,-1.253611942600392215e+00,-1.248844606165720572e+00,-1.244822738397217243e+00,-1.241778693206529338e+00,-1.239882568578566824e+00,-1.239238774325079895e+00,-1.000000000000000000e+00,-1.000000000000000000e+00,-1.000000000000000000e+00,-1.000000000000000000e+00,-1.000000000000000000e+00,-1.000000000000000000e+00,-1.000000000000000000e+00,-1.000000000000000000e+00,-1.000000000000000000e+00,-1.000000000000000000e+00,-1.000000000000000000e+00,-1.000000000000000000e+00,-1.000000000000000000e+00,-1.000000000000000000e+00,-1.000000000000000000e+00,-1.000000000000000000e+00,-1.000000000000000000e+00,-1.000000000000000000e+00,-1.000000000000000000e+00,-1.000000000000000000e+00,-1.000000000000000000e+00,-1.000000000000000000e+00,-1.000000000000000000e+00,-1.000000000000000000e+00,-1.000000000000000000e+00,-1.000000000000000000e+00,-1.000000000000000000e+00,-1.000000000000000000e+00,-1.000000000000000000e+00,-1.000000000000000000e+00,-1.000000000000000000e+00,-1.000000000000000000e+00,-1.000000000000000000e+00,-1.000000000000000000e+00,-1.000000000000000000e+00,-1.000000000000000000e+00,-1.000000000000000000e+00,-1.000000000000000000e+00,-1.000000000000000000e+00,-1.000000000000000000e+00,-1.000000000000000000e+00,-1.000000000000000000e+00,-1.000000000000000000e+00,-1.000000000000000000e+00,-1.000000000000000000e+00,-1.000000000000000000e+00
-1.000000000000000000e+00,-1.000000000000000000e+00,-1.000000000000000000e+00,-1.000000000000000000e+00,-1.000000000000000000e+00,-1.000000000000000000e+00,-1.000000000000000000e+00,-1.000000000000000000e+00,-1.000000000000000000e+00,-1.000000000000000000e+00,-1.000000000000000000e+00,-1.000000000000000000e+00,-1.000000000000000000e+00,-1.000000000000000000e+00,-1.000000000000000000e+00,-1.000000000000000000e+00,-1.000000000000000000e+00,-1.000000000000000000e+00,-1.000000000000000000e+00,-1.000000000000000000e+00,-1.000000000000000000e+00,-1.000000000000000000e+00,-1.000000000000000000e+00,-1.000000000000000000e+00,-1.000000000000000000e+00,-1.000000000000000000e+00,-1.000000000000000000e+00,-1.000000000000000000e+00,-1.000000000000000000e+00,-1.000000000000000000e+00,-1.000000000000000000e+00,-1.000000000000000000e+00,-1.000000000000000000e+00,-1.000000000000000000e+00,-1.000000000000000000e+00,-1.000000000000000000e+00,-1.000000000000000000e+00,-1.000000000000000000e+00,-1.000000000000000000e+00,-1.000000000000000000e+00,-1.000000000000000000e+00,-1.000000000000000000e+00,-1.000000000000000000e+00,-1.000000000000000000e+00,-1.000000000000000000e+00,-1.000000000000000000e+00,-1.265374420320264148e+00,-1.265795577061779476e+00,-1.267034387816188046e+00,-1.269017524085036541e+00,-1.271624301983847571e+00,-1.274686676677735608e+00,-1.277984353670294393e+00,-1.281229638417336947e+00,-1.284034533663890310e+00,-1.285850438916652516e+00,-1.285868926252636824e+00,-1.282871309267045623e+00,-1.275016471134648999e+00,-1.259562744371313769e+00,-1.232533204618348810e+00,-1.188357652884415527e+00,-1.119562200721563983e+00,-1.016633827504847876e+00,-8.682729560898003740e-01,-6.623859894245096580e-01,-3.884077262124938645e-01,-4.193448432347479660e-02,3.668715115132243909e-01,7.998065966203877775e-01,1.174975940753467896e+00,1.373038108593175100e+00,1.373063907834878972e+00,1.175055760354470902e+00,7.999477351943866665e-01,3.670862294501127110e-01,-4.162871442080229301e-02,-3.879878083797458910e-01,-6.618227147737631988e-01,-8.675305573387714908e-01,-1.015669733008975006e+00,-1.118327155486496416e+00,-1.186796376805038911e+00,-1.230585733767128653e+00,-1.257166549788377274e+00,-1.272109373538670152e+00,-1.279395099481047460e+00,-1.281773499480100886e+00,-1.281098132638371023e+00,-1.278604297525443023e+00,-1.275120631568387175e+00,-1.271218588278753447e+00,-1.267310405895332392e+00,-1.263707953476723045e+00,-1.260654097996604106e+00,-1.258336358392152299e+00,-1.256890441491215649e+00,-1.256399168129606503e+00,-1.000000000000000000e+00,-1.000000000000000000e+00,-1.000000000000000000e+00,-1.000000000000000000e+00,-1.000000000000000000e+00,-1.000000000000000000e+00,-1.000000000000000000e+00,-1.000000000000000000e+00,-1.000000000000000000e+00,-1.000000000000000000e+00,-1.000000000000000000e+00,-1.000000000000000000e+00,-1.000000000000000000e+00,-1.000000000000000000e+00,-1.000000000000000000e+00,-1.000000000000000000e+00,-1.000000000000000000e+00,-1.000000000000000000e+00,-1.000000000000000000e+00,-1.000000000000000000e+00,-1.000000000000000000e+00,-1.000000000000000000e+00,-1.000000000000000000e+00,-1.000000000000000000e+00,-1.000000000000000000e+00,-1.000000000000000000e+00,-1.000000000000000000e+00,-1.000000000000000000e+00,-1.000000000000000000e+00,-1.000000000000000000e+00,-1.000000000000000000e+00,-1.000000000000000000e+00,-1.000000000000000000e+00,-1.000000000000000000e+00,-1.000000000000000000e+00,-1.000000000000000000e+00,-1.000000000000000000e+00,-1.000000000000000000e+00,-1.000000000000000000e+00,-1.000000000000000000e+00,-1.000000000000000000e+00,-1.000000000000000000e+00,-1.000000000000000000e+00,-1.000000000000000000e+00,-1.000000000000000000e+00,-1.000000000000000000e+00
-1.000000000000000000e+00,-1.000000000000000000e+00,-1.000000000000000000e+00,-1.000000000000000000e+00,-1.000000000000000000e+00,-1.000000000000000000e+00,-1.000000000000000000e+00,-1.000000000000000000e+00,-1.000000000000000000e+00,-1.000000000000000000e+00,-1.000000000000000000e+00,-1.000000000000000000e+00,-1.000000000000000000e+00,-1.000000000000000000e+00,-1.000000000000000000e+00,-1.000000000000000000e+00,-1.000000000000000000e+00,-1.000000000000000000e+00,-1.000000000000000000e+00,-1.000000000000000000e+00,-1.000000000000000000e+00,-1.000000000000000000e+00,-1.000000000000000000e+00,-1.000000000000000000e+00,-1.000000000000000000e+00,-1.000000000000000000e+00,-1.000000000000000000e+00,-1.000000000000000000e+00,-1.000000000000000000e+00,-1.000000000000000000e+00,-1.000000000000000000e+00,-1.000000000000000000e+00,-1.000000000000000000e+00,-1.000000000000000000e+00,-1.000000000000000000e+00,-1.000000000000000000e+00,-1.000000000000000000e+00,-1.000000000000000000e+00,-1.000000000000000000e+00,-1.000000000000000000e+00,-1.000000000000000000e+00,-1.000000000000000000e+00,-1.000000000000000000e+00,-1.000000000000000000e+00,-1.000000000000000000e+00,-1.000000000000000000e+00,-1.277266251731735469e+00,-1.277577798423540134e+00,-1.278493541100831354e+00,-1.279956977549123076e+00,-1.281873971405357082e+00,-1.284110609420463955e+00,-1.286485577682031867e+00,-1.288751951671674334e+00,-1.290561245610786223e+00,-1.291400402280121318e+00,-1.290490456023325683e+00,-1.286634728748814238e+00,-1.278006033646961193e+00,-1.261868563320691194e+00,-1.234243633728234091e+00,-1.189552349764376071e+00,-1.120305965589314612e+00,-1.016971312836478791e+00,-8.682245599464274433e-01,-6.619457310633778402e-01,-3.875446903095784990e-01,-4.060054961631542891e-02,3.687235114275546621e-01,8.021890801310616048e-01,1.177815146457864781e+00,1.376126934745784958e+00,1.376147125158246887e+00,1.177877607928941472e+00,8.022994943925796374e-01,3.688913740745201064e-01,-4.036177885671754506e-02,-3.872173007304096082e-01,-6.615073977107278624e-01,-8.676479958160704387e-01,-1.016224054999353088e+00,-1.119350421594639933e+00,-1.188346234442016147e+00,-1.232740911434838660e+00,-1.260020975878021865e+00,-1.275765245486879529e+00,-1.283955040658282698e+00,-1.287331967754701267e+00,-1.287732408365050762e+00,-1.286365593293649079e+00,-1.284026046787936082e+00,-1.281244717158436242e+00,-1.278389359537022818e+00,-1.275726377735831862e+00,-1.273455484507412194e+00,-1.271726610932666368e+00,-1.270646330931734402e+00,-1.270279037531170552e+00,-1.000000000000000000e+00,-1.000000000000000000e+00,-1.000000000000000000e+00,-1.000000000000000000e+00,-1.000000000000000000e+00,-1.000000000000000000e+00,-1.000000000000000000e+00,-1.000000000000000000e+00,-1.000000000000000000e+00,-1.000000000000000000e+00,-1.000000000000000000e+00,-1.000000000000000000e+00,-1.000000000000000000e+00,-1.000000000000000000e+00,-1.000000000000000000e+00,-1.000000000000000000e+00,-1.000000000000000000e+00,-1.000000000000000000e+00,-1.000000000000000000e+00,-1.000000000000000000e+00,-1.000000000000000000e+00,-1.000000000000000000e+00,-1.000000000000000000e+00,-1.000000000000000000e+00,-1.000000000000000000e+00,-1.000000000000000000e+00,-1.000000000000000000e+00,-1.000000000000000000e+00,-1.000000000000000000e+00,-1.000000000000000000e+00,-1.000000000000000000e+00,-1.000000000000000000e+00,-1.000000000000000000e+00,-1.000000000000000000e+00,-1.000000000000000000e+00,-1.000000000000000000e+00,-1.000000000000000000e+00,-1.000000000000000000e+00,-1.000000000000000000e+00,-1.000000000000000000e+00,-1.000000000000000000e+00,-1.000000000000000000e+00,-1.000000000000000000e+00,-1.000000000000000000e+00,-1.000000000000000000e+00,-1.000000000000000000e+00
-1.000000000000000000e+00,-1.000000000000000000e+00,-1.000000000000000000e+00,-1.000000000000000000e+00,-1.000000000000000000e+00,-1.000000000000000000e+00,-1.000000000000000000e+00,-1.000000000000000000e+00,-1.000000000000000000e+00,-1.000000000000000000e+00,-1.000000000000000000e+00,-1.000000000000000000e+00,-1.000000000000000000e+00,-1.000000000000000000e+00,-1.000000000000000000e+00,-1.000000000000000000e+00,-1.000000000000000000e+00,-1.000000000000000000e+00,-1.000000000000000000e+00,-1.000000000000000000e+00,-1.000000000000000000e+00,-1.000000000000000000e+00,-1.000000000000000000e+00,-1.000000000000000000e+00,-1.000000000000000000e+00,-1.000000000000000000e+00,-1.000000000000000000e+00,-1.000000000000000000e+00,-1.000000000000000000e+00,-1.000000000000000000e+00,-1.000000000000000000e+00,-1.000000000000000000e+00,-1.000000000000000000e+00,-1.000000000000000000e+00,-1.000000000000000000e+00,-1.000000000000000000e+00,-1.000000000000000000e+00,-1.000000000000000000e+00,-1.000000000000000000e+00,-1.000000000000000000e+00,-1.000000000000000000e+00,-1.000000000000000000e+00,-1.000000000000000000e+00,-1.000000000000000000e+00,-1.000000000000000000e+00,-1.000000000000000000e+00,-1.286531510172515214e+00,-1.286758530094987529e+00,-1.287425241225413686e+00,-1.288488394707145046e+00,-1.289874679322051243e+00,-1.291476809997053721e+00,-1.293143693574726250e+00,-1.294659804626266286e+00,-1.295706886976529582e+00,-1.295798906805398332e+00,-1.294179172032512426e+00,-1.289667567851340513e+00,-1.280447374743756805e+00,-1.263787248636201177e+00,-1.235707390007060091e+00,-1.190622811422505700e+00,-1.121034370977980199e+00,-1.017394935103486109e+00,-8.683640646493727688e-01,-6.618039541026546901e-01,-3.871078157879952464e-01,-3.984335536189065330e-02,3.698258170328776462e-01,8.036393080587866944e-01,1.179561788601168004e+00,1.378034813226811650e+00,1.378050434556177706e+00,1.179610118835685117e+00,8.037247401441776073e-01,3.699556443543419171e-01,-3.965886787349104381e-02,-3.868552457969521852e-01,-6.614664648482325715e-01,-8.679211462853130277e-01,-1.016822234691396876e+00,-1.120303706018792589e+00,-1.189702464482045752e+00,-1.234562772360176419e+00,-1.262381996574078347e+00,-1.278744911485791613e+00,-1.287633104944509999e+00,-1.291782074868921271e+00,-1.293015274635895162e+00,-1.292522151894616611e+00,-1.291071112804645704e+00,-1.289161812591613998e+00,-1.287127325798347099e+00,-1.285198289930117532e+00,-1.283540177695112527e+00,-1.282272865719148003e+00,-1.281479483566469346e+00,-1.281209525456499465e+00,-1.000000000000000000e+00,-1.000000000000000000e+00,-1.000000000000000000e+00,-1.000000000000000000e+00,-1.000000000000000000e+00,-1.000000000000000000e+00,-1.000000000000000000e+00,-1.000000000000000000e+00,-1.000000000000000000e+00,-1.000000000000000000e+00,-1.000000000000000000e+00,-1.000000000000000000e+00,-1.000000000000000000e+00,-1.000000000000000000e+00,-1.000000000000000000e+00,-1.000000000000000000e+00,-1.000000000000000000e+00,-1.000000000000000000e+00,-1.000000000000000000e+00,-1.000000000000000000e+00,-1.000000000000000000e+00,-1.000000000000000000e+00,-1.000000000000000000e+00,-1.000000000000000000e+00,-1.000000000000000000e+00,-1.000000000000000000e+00,-1.000000000000000000e+00,-1.000000000000000000e+00,-1.000000000000000000e+00,-1.000000000000000000e+00,-1.000000000000000000e+00,-1.000000000000000000e+00,-1.000000000000000000e+00,-1.000000000000000000e+00,-1.000000000000000000e+00,-1.000000000000000000e+00,-1.000000000000000000e+00,-1.000000000000000000e+00,-1.000000000000000000e+00,-1.000000000000000000e+00,-1.000000000000000000e+00,-1.000000000000000000e+00,-1.000000000000000000e+00,-1.000000000000000000e+00,-1.000000000000000000e+00,-1.000000000000000000e+00
-1.000000000000000000e+00,-1.000000000000000000e+00,-1.000000000000000000e+00,-1.000000000000000000e+00,-1.000000000000000000e+00,-1.000000000000000000e+00,-1.000000000000000000e+00,-1.000000000000000000e+00,-1.000000000000000000e+00,-1.000000000000000000e+00,-1.000000000000000000e+00,-1.000000000000000000e+00,-1.000000000000000000e+00,-1.000000000000000000e+00,-1.000000000000000000e+00,-1.000000000000000000e+00,-1.000000000000000000e+00,-1.000000000000000000e+00,-1.000000000000000000e+00,-1.000000000000000000e+00,-1.000000000000000000e+00,-1.000000000000000000e+00,-1.000000000000000000e+00,-1.000000000000000000e+00,-1.000000000000000000e+00,-1.000000000000000000e+00,-1.000000000000000000e+00,-1.000000000000000000e+00,-1.000000000000000000e+00,-1.000000000000000000e+00,-1.000000000000000000e+00,-1.000000000000000000e+00,-1.000000000000000000e+00,-1.000000000000000000e+00,-1.000000000000000000e+00,-1.000000000000000000e+00,-1.000000000000000000e+00,-1.000000000000000000e+00,-1.000000000000000000e+00,-1.000000000000000000e+00,-1.000000000000000000e+00,-1.000000000000000000e+00,-1.000000000000000000e+00,-1.000000000000000000e+00,-1.000000000000000000e+00,-1.000000000000000000e+00,-1.293599139327632708e+00,-1.293762724047552659e+00,-1.294242583153010884e+00,-1.295005516635439502e+00,-1.295993964787292896e+00,-1.297120717031290171e+00,-1.298257377440868110e+00,-1.299211909944969934e+00,-1.299688586501605236e+00,-1.299221442883623290e+00,-1.297070284139019147e+00,-1.292067246882874221e+00,-1.282403372014803145e+00,-1.265350692402893440e+00,-1.236928758084153035e+00,-1.191548395474168576e+00,-1.121703293311154148e+00,-1.017836764879656908e+00,-8.685971570690007582e-01,-6.618348164417484636e-01,-3.869320906972298912e-01,-3.944940851678302440e-02,3.704492409366797467e-01,8.044895960443956273e-01,1.180602669549531303e+00,1.379178730222254234e+00,1.379190675734258242e+00,1.180639639390200557e+00,8.045549720479874267e-01,3.705485911807633315e-01,-3.930831839023973817e-02,-3.867391899057265325e-01,-6.615775563981227680e-01,-8.682603271093154440e-01,-1.017402365391705699e+00,-1.121150537605655195e+00,-1.190853912396915293e+00,-1.236067060755803970e+00,-1.264294961062247369e+00,-1.281126579712212887e+00,-1.290543613532821432e+00,-1.295277010229283210e+00,-1.297140619182115095e+00,-1.297309140196553745e+00,-1.296531413748232886e+00,-1.295283525668266211e+00,-1.293872282859306777e+00,-1.292501081008609498e+00,-1.291309173823287137e+00,-1.290393313555705745e+00,-1.289818519927692142e+00,-1.289622745596458175e+00,-1.000000000000000000e+00,-1.000000000000000000e+00,-1.000000000000000000e+00,-1.000000000000000000e+00,-1.000000000000000000e+00,-1.000000000000000000e+00,-1.000000000000000000e+00,-1.000000000000000000e+00,-1.000000000000000000e+00,-1.000000000000000000e+00,-1.000000000000000000e+00,-1.000000000000000000e+00,-1.000000000000000000e+00,-1.000000000000000000e+00,-1.000000000000000000e+00,-1.000000000000000000e+00,-1.000000000000000000e+00,-1.000000000000000000e+00,-1.000000000000000000e+00,-1.000000000000000000e+00,-1.000000000000000000e+00,-1.000000000000000000e+00,-1.000000000000000000e+00,-1.000000000000000000e+00,-1.000000000000000000e+00,-1.000000000000000000e+00,-1.000000000000000000e+00,-1.000000000000000000e+00,-1.000000000000000000e+00,-1.000000000000000000e+00,-1.000000000000000000e+00,-1.000000000000000000e+00,-1.000000000000000000e+00,-1.000000000000000000e+00,-1.000000000000000000e+00,-1.000000000000000000e+00,-1.000000000000000000e+00,-1.000000000000000000e+00,-1.000000000000000000e+00,-1.000000000000000000e+00,-1.000000000000000000e+00,-1.000000000000000000e+00,-1.000000000000000000e+00,-1.000000000000000000e+00,-1.000000000000000000e+00,-1.000000000000000000e+00
-1.000000000000000000e+00,-1.000000000000000000e+00,-1.000000000000000000e+00,-1.000000000000000000e+00,-1.000000000000000000e+00,-1.000000000000000000e+00,-1.000000000000000000e+00,-1.000000000000000000e+00,-1.000000000000000000e+00,-1.000000000000000000e+00,-1.000000000000000000e+00,-1.000000000000000000e+00,-1.000000000000000000e+00,-1.000000000000000000e+00,-1.000000000000000000e+00,-1.000000000000000000e+00,-1.000000000000000000e+00,-1.000000000000000000e+00,-1.000000000000000000e+00,-1.000000000000000000e+00,-1.000000000000000000e+00,-1.000000000000000000e+00,-1.000000000000000000e+00,-1.000000000000000000e+00,-1.000000000000000000e+00,-1.000000000000000000e+00,-1.000000000000000000e+00,-1.000000000000000000e+00,-1.000000000000000000e+00,-1.000000000000000000e+00,-1.000000000000000000e+00,-1.000000000000000000e+00,-1.000000000000000000e+00,-1.000000000000000000e+00,-1.000000000000000000e+00,-1.000000000000000000e+00,-1.000000000000000000e+00,-1.000000000000000000e+00,-1.000000000000000000e+00,-1.000000000000000000e+00,-1.000000000000000000e+00,-1.000000000000000000e+00,-1.000000000000000000e+00,-1.000000000000000000e+00,-1.000000000000000000e+00,-1.000000000000000000e+00,-1.298895815632995054e+00,-1.299012895360510900e+00,-1.299355779015318291e+00,-1.299898650122417898e+00,-1.300595507033034615e+00,-1.301373842495775923e+00,-1.302121851410037889e+00,-1.302664632975340187e+00,-1.302722864113190715e+00,-1.301845176342214971e+00,-1.299303366616070043e+00,-1.293938486208412897e+00,-1.283947249824064718e+00,-1.266604214825500785e+00,-1.237928581351874335e+00,-1.192328331250724904e+00,-1.122292248939191550e+00,-1.018257161020340806e+00,-8.688639098701611552e-01,-6.619550753216295602e-01,-3.869060821564040964e-01,-3.927294729411201502e-02,3.707797761650806212e-01,8.049689127910903963e-01,1.181204752896163335e+00,1.379846682079515219e+00,1.379855704193138521e+00,1.181232694613246981e+00,8.050183736441769433e-01,3.708549921792940740e-01,-3.916613542392921588e-02,-3.867601795919163310e-01,-6.617608241759183052e-01,-8.686101629928653090e-01,-1.017930791503260490e+00,-1.121878149416522641e+00,-1.191809555527815423e+00,-1.237286675923886525e+00,-1.265819774982977375e+00,-1.283000722992866161e+00,-1.292811213823770178e+00,-1.297978831697903956e+00,-1.300310385132141811e+00,-1.300969762878312563e+00,-1.300691436426911984e+00,-1.299934137250541299e+00,-1.298985273409023700e+00,-1.298028059749333440e+00,-1.297182267454972449e+00,-1.296527417718538189e+00,-1.296115004437192519e+00,-1.295974345840868569e+00,-1.000000000000000000e+00,-1.000000000000000000e+00,-1.000000000000000000e+00,-1.000000000000000000e+00,-1.000000000000000000e+00,-1.000000000000000000e+00,-1.000000000000000000e+00,-1.000000000000000000e+00,-1.000000000000000000e+00,-1.000000000000000000e+00,-1.000000000000000000e+00,-1.000000000000000000e+00,-1.000000000000000000e+00,-1.000000000000000000e+00,-1.000000000000000000e+00,-1.000000000000000000e+00,-1.000000000000000000e+00,-1.000000000000000000e+00,-1.000000000000000000e+00,-1.000000000000000000e+00,-1.000000000000000000e+00,-1.000000000000000000e+00,-1.000000000000000000e+00,-1.000000000000000000e+00,-1.000000000000000000e+00,-1.000000000000000000e+00,-1.000000000000000000e+00,-1.000000000000000000e+00,-1.000000000000000000e+00,-1.000000000000000000e+00,-1.000000000000000000e+00,-1.000000000000000000e+00,-1.000000000000000000e+00,-1.000000000000000000e+00,-1.000000000000000000e+00,-1.000000000000000000e+00,-1.000000000000000000e+00,-1.000000000000000000e+00,-1.000000000000000000e+00,-1.000000000000000000e+00,-1.000000000000000000e+00,-1.000000000000000000e+00,-1.000000000000000000e+00,-1.000000000000000000e+00,-1.000000000000000000e+00,-1.000000000000000000e+00
-1.000000000000000000e+00,-1.000000000000000000e+00,-1.000000000000000000e+00,-1.000000000000000000e+00,-1.000000000000000000e+00,-1.000000000000000000e+00,-1.000000000000000000e+00,-1.000000000000000000e+00,-1.000000000000000000e+00,-1.000000000000000000e+00,-1.000000000000000000e+00,-1.000000000000000000e+00,-1.000000000000000000e+00,-1.000000000000000000e+00,-1.000000000000000000e+00,-1.000000000000000000e+00,-1.000000000000000000e+00,-1.000000000000000000e+00,-1.000000000000000000e+00,-1.000000000000000000e+00,-1.000000000000000000e+00,-1.000000000000000000e+00,-1.000000000000000000e+00,-1.000000000000000000e+00,-1.000000000000000000e+00,-1.000000000000000000e+00,-1.000000000000000000e+00,-1.000000000000000000e+00,-1.000000000000000000e+00,-1.000000000000000000e+00,-1.000000000000000000e+00,-1.000000000000000000e+00,-1.000000000000000000e+00,-1.000000000000000000e+00,-1.000000000000000000e+00,-1.000000000000000000e+00,-1.000000000000000000e+00,-1.000000000000000000e+00,-1.000000000000000000e+00,-1.000000000000000000e+00,-1.000000000000000000e+00,-1.000000000000000000e+00,-1.000000000000000000e+00,-1.000000000000000000e+00,-1.000000000000000000e+00,-1.000000000000000000e+00,-1.302808810834052311e+00,-1.302892477823450745e+00,-1.303136941354806844e+00,-1.303521669045473397e+00,-1.304008925908803462e+00,-1.304536712676500398e+00,-1.305005072205425831e+00,-1.305251333169071604e+00,-1.305007877927361726e+00,-1.303833755648521775e+00,-1.301009332100091953e+00,-1.295382044272199940e+00,-1.285152693716222538e+00,-1.267597690898647711e+00,-1.238736054219579774e+00,-1.192973829357493853e+00,-1.122796441888682439e+00,-1.018636311136039474e+00,-8.691292674894357528e-01,-6.621128450603804838e-01,-3.869581686867715753e-01,-3.921878581222015825e-02,3.709399116874685376e-01,8.052287337383634558e-01,1.181545060432737770e+00,1.380229810000227264e+00,1.380236531819223345e+00,1.181565903756348401e+00,8.052657000217697814e-01,3.709962215464155388e-01,-3.913875405172762001e-02,-3.868488708283273070e-01,-6.619675082601206295e-01,-8.689398069492619836e-01,-1.018393267331114238e+00,-1.122488979972436907e+00,-1.192589838848412409e+00,-1.238262383098215569e+00,-1.267020538237757510e+00,-1.284458177469475881e+00,-1.294556938388415679e+00,-1.300041949575967193e+00,-1.302714928489714374e+00,-1.303731963858139942e+00,-1.303817163753967501e+00,-1.303416737062542463e+00,-1.302804079972968987e+00,-1.302147811982798054e+00,-1.301553594604011543e+00,-1.301088453166497683e+00,-1.300794061028923920e+00,-1.300693461693616548e+00,-1.000000000000000000e+00,-1.000000000000000000e+00,-1.000000000000000000e+00,-1.000000000000000000e+00,-1.000000000000000000e+00,-1.000000000000000000e+00,-1.000000000000000000e+00,-1.000000000000000000e+00,-1.000000000000000000e+00,-1.000000000000000000e+00,-1.000000000000000000e+00,-1.000000000000000000e+00,-1.000000000000000000e+00,-1.000000000000000000e+00,-1.000000000000000000e+00,-1.000000000000000000e+00,-1.000000000000000000e+00,-1.000000000000000000e+00,-1.000000000000000000e+00,-1.000000000000000000e+00,-1.000000000000000000e+00,-1.000000000000000000e+00,-1.000000000000000000e+00,-1.000000000000000000e+00,-1.000000000000000000e+00,-1.000000000000000000e+00,-1.000000000000000000e+00,-1.000000000000000000e+00,-1.000000000000000000e+00,-1.000000000000000000e+00,-1.000000000000000000e+00,-1.000000000000000000e+00,-1.000000000000000000e+00,-1.000000000000000000e+00,-1.000000000000000000e+00,-1.000000000000000000e+00,-1.000000000000000000e+00,-1.000000000000000000e+00,-1.000000000000000000e+00,-1.000000000000000000e+00,-1.000000000000000000e+00,-1.000000000000000000e+00,-1.000000000000000000e+00,-1.000000000000000000e+00,-1.000000000000000000e+00,-1.000000000000000000e+00
-1.000000000000000000e+00,-1.000000000000000000e+00,-1.000000000000000000e+00,-1.000000000000000000e+00,-1.000000000000000000e+00,-1.000000000000000000e+00,-1.000000000000000000e+00,-1.000000000000000000e+00,-1.000000000000000000e+00,-1.000000000000000000e+00,-1.000000000000000000e+00,-1.000000000000000000e+00,-1.000000000000000000e+00,-1.000000000000000000e+00,-1.000000000000000000e+00,-1.000000000000000000e+00,-1.000000000000000000e+00,-1.000000000000000000e+00,-1.000000000000000000e+00,-1.000000000000000000e+00,-1.000000000000000000e+00,-1.000000000000000000e+00,-1.000000000000000000e+00,-1.000000000000000000e+00,-1.000000000000000000e+00,-1.000000000000000000e+00,-1.000000000000000000e+00,-1.000000000000000000e+00,-1.000000000000000000e+00,-1.000000000000000000e+00,-1.000000000000000000e+00,-1.000000000000000000e+00,-1.000000000000000000e+00,-1.000000000000000000e+00,-1.000000000000000000e+00,-1.000000000000000000e+00,-1.000000000000000000e+00,-1.000000000000000000e+00,-1.000000000000000000e+00,-1.000000000000000000e+00,-1.000000000000000000e+00,-1.000000000000000000e+00,-1.000000000000000000e+00,-1.000000000000000000e+00,-1.000000000000000000e+00,-1.000000000000000000e+00,-1.305668164996385272e+00,-1.305728237490479948e+00,-1.305903190038431472e+00,-1.306176188530878912e+00,-1.306515283360170310e+00,-1.306865828977758826e+00,-1.307136161107245176e+00,-1.307172172250643083e+00,-1.306714448886801883e+00,-1.305329352093560269e+00,-1.302303274531821042e+00,-1.296488157844884803e+00,-1.286087699048376942e+00,-1.268379633884813451e+00,-1.239382871393511998e+00,-1.193502112650427049e+00,-1.123220450757564937e+00,-1.018967275951400797e+00,-8.693750462399445489e-01,-6.622780264835503861e-01,-3.870447504036194086e-01,-3.922758492706490685e-02,3.710069575424788102e-01,8.053652889821805161e-01,1.181736421415158667e+00,1.380450094143958140e+00,1.380455024057303248e+00,1.181751739233248166e+00,8.053925434701869612e-01,3.710486036528020115e-01,-3.916826665871064872e-02,-3.869636737507361479e-01,-6.621702687835764323e-01,-8.692347953311545528e-01,-1.018787786887811686e+00,-1.122994045131811891e+00,-1.193220248189950317e+00,-1.239036306326014358e+00,-1.267958702110933977e+00,-1.285582707611369946e+00,-1.295889902446064390e+00,-1.301603655295910711e+00,-1.304522056909657612e+00,-1.305795654023201413e+00,-1.306141202833799531e+00,-1.305996037279575583e+00,-1.305623627948788945e+00,-1.305182256227739979e+00,-1.304767587921654703e+00,-1.304437793557864822e+00,-1.304227585226787944e+00,-1.304155557003315424e+00,-1.000000000000000000e+00,-1.000000000000000000e+00,-1.000000000000000000e+00,-1.000000000000000000e+00,-1.000000000000000000e+00,-1.000000000000000000e+00,-1.000000000000000000e+00,-1.000000000000000000e+00,-1.000000000000000000e+00,-1.000000000000000000e+00,-1.000000000000000000e+00,-1.000000000000000000e+00,-1.000000000000000000e+00,-1.000000000000000000e+00,-1.000000000000000000e+00,-1.000000000000000000e+00,-1.000000000000000000e+00,-1.000000000000000000e+00,-1.000000000000000000e+00,-1.000000000000000000e+00,-1.000000000000000000e+00,-1.000000000000000000e+00,-1.000000000000000000e+00,-1.000000000000000000e+00,-1.000000000000000000e+00,-1.000000000000000000e+00,-1.000000000000000000e+00,-1.000000000000000000e+00,-1.000000000000000000e+00,-1.000000000000000000e+00,-1.000000000000000000e+00,-1.000000000000000000e+00,-1.000000000000000000e+00,-1.000000000000000000e+00,-1.000000000000000000e+00,-1.000000000000000000e+00,-1.000000000000000000e+00,-1.000000000000000000e+00,-1.000000000000000000e+00,-1.000000000000000000e+00,-1.000000000000000000e+00,-1.000000000000000000e+00,-1.000000000000000000e+00,-1.000000000000000000e+00,-1.000000000000000000e+00,-1.000000000000000000e+00
-1.000000000000000000e+00,-1.000000000000000000e+00,-1.000000000000000000e+00,-1.000000000000000000e+00,-1.000000000000000000e+00,-1.000000000000000000e+00,-1.000000000000000000e+00,-1.000000000000000000e+00,-1.000000000000000000e+00,-1.000000000000000000e+00,-1.000000000000000000e+00,-1.000000000000000000e+00,-1.000000000000000000e+00,-1.000000000000000000e+00,-1.000000000000000000e+00,-1.000000000000000000e+00,-1.000000000000000000e+00,-1.000000000000000000e+00,-1.000000000000000000e+00,-1.000000000000000000e+00,-1.000000000000000000e+00,-1.000000000000000000e+00,-1.000000000000000000e+00,-1.000000000000000000e+00,-1.000000000000000000e+00,-1.000000000000000000e+00,-1.000000000000000000e+00,-1.000000000000000000e+00,-1.000000000000000000e+00,-1.000000000000000000e+00,-1.000000000000000000e+00,-1.000000000000000000e+00,-1.000000000000000000e+00,-1.000000000000000000e+00,-1.000000000000000000e+00,-1.000000000000000000e+00,-1.000000000000000000e+00,-1.000000000000000000e+00,-1.000000000000000000e+00,-1.000000000000000000e+00,-1.000000000000000000e+00,-1.000000000000000000e+00,-1.000000000000000000e+00,-1.000000000000000000e+00,-1.000000000000000000e+00,-1.000000000000000000e+00,-1.307742228174125776e+00,-1.307785883131784566e+00,-1.307912456803608903e+00,-1.308107655051319762e+00,-1.308343503002100894e+00,-1.308570409999764816e+00,-1.308702417037475918e+00,-1.308591315505160058e+00,-1.307983352359600948e+00,-1.306449944041382816e+00,-1.303281660043327461e+00,-1.297333570838136829e+00,-1.286811385593080281e+00,-1.268993753126948842e+00,-1.239899483100275646e+00,-1.193932301871979185e+00,-1.123573634289079415e+00,-1.019250735873106883e+00,-8.695937501953037163e-01,-6.624348108031665738e-01,-3.871409521410451582e-01,-3.926419912675838120e-02,3.710275678075447559e-01,8.054372138878349574e-01,1.181847916336505211e+00,1.380582351452257495e+00,1.380585898801115263e+00,1.181858973747717201e+00,8.054569902327068931e-01,3.710579458781708695e-01,-3.922075462243412858e-02,-3.870814324834626063e-01,-6.623556538372056268e-01,-8.694908076469892722e-01,-1.019119242804486847e+00,-1.123408207294981587e+00,-1.193726986305621240e+00,-1.239647867199658471e+00,-1.268689159151055623e+00,-1.286447145312695994e+00,-1.296903382384680059e+00,-1.302780011520005665e+00,-1.305872583126991948e+00,-1.307327765537285247e+00,-1.307857178775423623e+00,-1.307891967115071274e+00,-1.307688688990035208e+00,-1.307398434325043324e+00,-1.307109920762447253e+00,-1.306875166648692632e+00,-1.306724048991035003e+00,-1.306672071680248903e+00,-1.000000000000000000e+00,-1.000000000000000000e+00,-1.000000000000000000e+00,-1.000000000000000000e+00,-1.000000000000000000e+00,-1.000000000000000000e+00,-1.000000000000000000e+00,-1.000000000000000000e+00,-1.000000000000000000e+00,-1.000000000000000000e+00,-1.000000000000000000e+00,-1.000000000000000000e+00,-1.000000000000000000e+00,-1.000000000000000000e+00,-1.000000000000000000e+00,-1.000000000000000000e+00,-1.000000000000000000e+00,-1.000000000000000000e+00,-1.000000000000000000e+00,-1.000000000000000000e+00,-1.000000000000000000e+00,-1.000000000000000000e+00,-1.000000000000000000e+00,-1.000000000000000000e+00,-1.000000000000000000e+00,-1.000000000000000000e+00,-1.000000000000000000e+00,-1.000000000000000000e+00,-1.000000000000000000e+00,-1.000000000000000000e+00,-1.000000000000000000e+00,-1.000000000000000000e+00,-1.000000000000000000e+00,-1.000000000000000000e+00,-1.000000000000000000e+00,-1.000000000000000000e+00,-1.000000000000000000e+00,-1.000000000000000000e+00,-1.000000000000000000e+00,-1.000000000000000000e+00,-1.000000000000000000e+00,-1.000000000000000000e+00,-1.000000000000000000e+00,-1.000000000000000000e+00,-1.000000000000000000e+00,-1.000000000000000000e+00
-1.000000000000000000e+00,-1.000000000000000000e+00,-1.000000000000000000e+00,-1.000000000000000000e+00,-1.000000000000000000e+00,-1.000000000000000000e+00,-1.000000000000000000e+00,-1.000000000000000000e+00,-1.000000000000000000e+00,-1.000000000000000000e+00,-1.000000000000000000e+00,-1.000000000000000000e+00,-1.000000000000000000e+00,-1.000000000000000000e+00,-1.000000000000000000e+00,-1.000000000000000000e+00,-1.000000000000000000e+00,-1.000000000000000000e+00,-1.000000000000000000e+00,-1.000000000000000000e+00,-1.000000000000000000e+00,-1.000000000000000000e+00,-1.000000000000000000e+00,-1.000000000000000000e+00,-1.000000000000000000e+00,-1.000000000000000000e+00,-1.000000000000000000e+00,-1.000000000000000000e+00,-1.000000000000000000e+00,-1.000000000000000000e+00,-1.000000000000000000e+00,-1.000000000000000000e+00,-1.000000000000000000e+00,-1.000000000000000000e+00,-1.000000000000000000e+00,-1.000000000000000000e+00,-1.000000000000000000e+00,-1.000000000000000000e+00,-1.000000000000000000e+00,-1.000000000000000000e+00,-1.000000000000000000e+00,-1.000000000000000000e+00,-1.000000000000000000e+00,-1.000000000000000000e+00,-1.000000000000000000e+00,-1.000000000000000000e+00,-1.309241325320865901e+00,-1.309273697783871926e+00,-1.309367014255679695e+00,-1.309508697475824102e+00,-1.309673460964749125e+00,-1.309815136252123535e+00,-1.309851631869773714e+00,-1.309638744913949715e+00,-1.308926574135981680e+00,-1.307289983658002752e+00,-1.304022396666051797e+00,-1.297981021178461702e+00,-1.287372931421951971e+00,-1.269477370729434007e+00,-1.240313023596085751e+00,-1.194282862925242661e+00,-1.123867064648382819e+00,-1.019491318874275132e+00,-8.697841256292638823e-01,-6.625762035429494379e-01,-3.872337727556554032e-01,-3.930905089089220539e-02,3.710285159497770380e-01,8.054786624578502696e-01,1.181920077435458794e+00,1.380670598002773808e+00,1.380673088506438884e+00,1.181927879984518981e+00,8.054927322511713506e-01,3.710503112361571709e-01,-3.927766672590293773e-02,-3.871905797816874717e-01,-6.625186293822369343e-01,-8.697092258637645346e-01,-1.019395754269315280e+00,-1.123747097286166952e+00,-1.194134386468244990e+00,-1.240131641049761591e+00,-1.269258525749395572e+00,-1.287112097186388304e+00,-1.297673945170829235e+00,-1.303665388707497597e+00,-1.306880234573434274e+00,-1.308462478855392241e+00,-1.309120204989318914e+00,-1.309280302553002651e+00,-1.309194587695221124e+00,-1.309009225071887661e+00,-1.308808180519947628e+00,-1.308639269355915236e+00,-1.308529067786074362e+00,-1.308490970708701351e+00,-1.000000000000000000e+00,-1.000000000000000000e+00,-1.000000000000000000e+00,-1.000000000000000000e+00,-1.000000000000000000e+00,-1.000000000000000000e+00,-1.000000000000000000e+00,-1.000000000000000000e+00,-1.000000000000000000e+00,-1.000000000000000000e+00,-1.000000000000000000e+00,-1.000000000000000000e+00,-1.000000000000000000e+00,-1.000000000000000000e+00,-1.000000000000000000e+00,-1.000000000000000000e+00,-1.000000000000000000e+00,-1.000000000000000000e+00,-1.000000000000000000e+00,-1.000000000000000000e+00,-1.000000000000000000e+00,-1.000000000000000000e+00,-1.000000000000000000e+00,-1.000000000000000000e+00,-1.000000000000000000e+00,-1.000000000000000000e+00,-1.000000000000000000e+00,-1.000000000000000000e+00,-1.000000000000000000e+00,-1.000000000000000000e+00,-1.000000000000000000e+00,-1.000000000000000000e+00,-1.000000000000000000e+00,-1.000000000000000000e+00,-1.000000000000000000e+00,-1.000000000000000000e+00,-1.000000000000000000e+00,-1.000000000000000000e+00,-1.000000000000000000e+00,-1.000000000000000000e+00,-1.000000000000000000e+00,-1.000000000000000000e+00,-1.000000000000000000e+00,-1.000000000000000000e+00,-1.000000000000000000e+00,-1.000000000000000000e+00
-1.000000000000000000e+00,-1.000000000000000000e+00,-1.000000000000000000e+00,-1.000000000000000000e+00,-1.000000000000000000e+00,-1.000000000000000000e+00,-1.000000000000000000e+00,-1.000000000000000000e+00,-1.000000000000000000e+00,-1.000000000000000000e+00,-1.000000000000000000e+00,-1.000000000000000000e+00,-1.000000000000000000e+00,-1.000000000000000000e+00,-1.000000000000000000e+00,-1.000000000000000000e+00,-1.000000000000000000e+00,-1.000000000000000000e+00,-1.000000000000000000e+00,-1.000000000000000000e+00,-1.000000000000000000e+00,-1.000000000000000000e+00,-1.000000000000000000e+00,-1.000000000000000000e+00,-1.000000000000000000e+00,-1.000000000000000000e+00,-1.000000000000000000e+00,-1.000000000000000000e+00,-1.000000000000000000e+00,-1.000000000000000000e+00,-1.000000000000000000e+00,-1.000000000000000000e+00,-1.000000000000000000e+00,-1.000000000000000000e+00,-1.000000000000000000e+00,-1.000000000000000000e+00,-1.000000000000000000e+00,-1.000000000000000000e+00,-1.000000000000000000e+00,-1.000000000000000000e+00,-1.000000000000000000e+00,-1.000000000000000000e+00,-1.000000000000000000e+00,-1.000000000000000000e+00,-1.000000000000000000e+00,-1.000000000000000000e+00,-1.310325524756702054e+00,-1.310350223629261901e+00,-1.310420912702648488e+00,-1.310526159827779979e+00,-1.310642473154003174e+00,-1.310725971476463636e+00,-1.310697152278102351e+00,-1.310414499369125352e+00,-1.309630700393267677e+00,-1.307922940836286241e+00,-1.304586565550308830e+00,-1.298480215372150415e+00,-1.287811860995383917e+00,-1.269861097277759310e+00,-1.240646441164173774e+00,-1.194570237926897649e+00,-1.124111673163033620e+00,-1.019695227707461793e+00,-8.699481769354709959e-01,-6.627002683762646118e-01,-3.873173298117755792e-01,-3.935210510754005853e-02,3.710242475416412056e-01,8.055085154531822500e-01,1.181975572630854288e+00,1.380739554223363807e+00,1.380741244328012485e+00,1.181980911089145270e+00,8.055182687982569423e-01,3.710395605502287975e-01,-3.932980947741482325e-02,-3.872864045689689005e-01,-6.626588546902294485e-01,-8.698941925088732319e-01,-1.019626348404614191e+00,-1.124025326564320304e+00,-1.194463620686824434e+00,-1.240516570355489678e+00,-1.269704899361683736e+00,-1.287626299718019229e+00,-1.298262458240836859e+00,-1.304334177861896427e+00,-1.307634099779867221e+00,-1.309304410123444562e+00,-1.310050791328957409e+00,-1.310297247093817230e+00,-1.310292382843099457e+00,-1.310179035034682693e+00,-1.310037964303877756e+00,-1.309914155153284909e+00,-1.309831963211499195e+00,-1.309803365121562813e+00,-1.000000000000000000e+00,-1.000000000000000000e+00,-1.000000000000000000e+00,-1.000000000000000000e+00,-1.000000000000000000e+00,-1.000000000000000000e+00,-1.000000000000000000e+00,-1.000000000000000000e+00,-1.000000000000000000e+00,-1.000000000000000000e+00,-1.000000000000000000e+00,-1.000000000000000000e+00,-1.000000000000000000e+00,-1.000000000000000000e+00,-1.000000000000000000e+00,-1.000000000000000000e+00,-1.000000000000000000e+00,-1.000000000000000000e+00,-1.000000000000000000e+00,-1.000000000000000000e+00,-1.000000000000000000e+00,-1.000000000000000000e+00,-1.000000000000000000e+00,-1.000000000000000000e+00,-1.000000000000000000e+00,-1.000000000000000000e+00,-1.000000000000000000e+00,-1.000000000000000000e+00,-1.000000000000000000e+00,-1.000000000000000000e+00,-1.000000000000000000e+00,-1.000000000000000000e+00,-1.000000000000000000e+00,-1.000000000000000000e+00,-1.000000000000000000e+00,-1.000000000000000000e+00,-1.000000000000000000e+00,-1.000000000000000000e+00,-1.000000000000000000e+00,-1.000000000000000000e+00,-1.000000000000000000e+00,-1.000000000000000000e+00,-1.000000000000000000e+00,-1.000000000000000000e+00,-1.000000000000000000e+00,-1.000000000000000000e+00
-1.000000000000000000e+00,-1.000000000000000000e+00,-1.000000000000000000e+00,-1.000000000000000000e+00,-1.000000000000000000e+00,-1.000000000000000000e+00,-1.000000000000000000e+00,-1.000000000000000000e+00,-1.000000000000000000e+00,-1.000000000000000000e+00,-1.000000000000000000e+00,-1.000000000000000000e+00,-1.000000000000000000e+00,-1.000000000000000000e+00,-1.000000000000000000e+00,-1.000000000000000000e+00,-1.000000000000000000e+00,-1.000000000000000000e+00,-1.000000000000000000e+00,-1.000000000000000000e+00,-1.000000000000000000e+00,-1.000000000000000000e+00,-1.000000000000000000e+00,-1.000000000000000000e+00,-1.000000000000000000e+00,-1.000000000000000000e+00,-1.000000000000000000e+00,-1.000000000000000000e+00,-1.000000000000000000e+00,-1.000000000000000000e+00,-1.000000000000000000e+00,-1.000000000000000000e+00,-1.000000000000000000e+00,-1.000000000000000000e+00,-1.000000000000000000e+00,-1.000000000000000000e+00,-1.000000000000000000e+00,-1.000000000000000000e+00,-1.000000000000000000e+00,-1.000000000000000000e+00,-1.000000000000000000e+00,-1.000000000000000000e+00,-1.000000000000000000e+00,-1.000000000000000000e+00,-1.000000000000000000e+00,-1.000000000000000000e+00,-1.311113775579616281e+00,-1.311133299819359888e+00,-1.311188724137660744e+00,-1.311269371687829199e+00,-1.311352935571830303e+00,-1.311397046959547730e+00,-1.311323917901522362e+00,-1.310993814882929431e+00,-1.310161146050368153e+00,-1.308404640348759251e+00,-1.305020916307439549e+00,-1.298869552497496249e+00,-1.288159080513260779e+00,-1.270169264148547583e+00,-1.240918406334180268e+00,-1.194808292062468968e+00,-1.124317272666165879e+00,-1.019868839185823495e+00,-8.700893003182916807e-01,-6.628077031618724302e-01,-3.873897378339101749e-01,-3.938887668359258853e-02,3.710219092114863670e-01,8.055365275211667786e-01,1.182026347175865411e+00,1.380802339382372068e+00,1.380803429049302089e+00,1.182029837398191674e+00,8.055430445817992613e-01,3.710323669922550582e-01,-3.937337639274418599e-02,-3.873679616306178186e-01,-6.627783027447580189e-01,-8.700508054122677581e-01,-1.019819641463596716e+00,-1.124255616572491068e+00,-1.194732282440605253e+00,-1.240826040525219609e+00,-1.270058491212806340e+00,-1.288027886752446838e+00,-1.298716073677482985e+00,-1.304843567241061431e+00,-1.308202257924659051e+00,-1.309933131035638798e+00,-1.310740262841066262e+00,-1.311045723937299234e+00,-1.311095971633144064e+00,-1.311031619706004570e+00,-1.310931292161842343e+00,-1.310838089455440780e+00,-1.310774891432735512e+00,-1.310752732572727730e+00,-1.000000000000000000e+00,-1.000000000000000000e+00,-1.000000000000000000e+00,-1.000000000000000000e+00,-1.000000000000000000e+00,-1.000000000000000000e+00,-1.000000000000000000e+00,-1.000000000000000000e+00,-1.000000000000000000e+00,-1.000000000000000000e+00,-1.000000000000000000e+00,-1.000000000000000000e+00,-1.000000000000000000e+00,-1.000000000000000000e+00,-1.000000000000000000e+00,-1.000000000000000000e+00,-1.000000000000000000e+00,-1.000000000000000000e+00,-1.000000000000000000e+00,-1.000000000000000000e+00,-1.000000000000000000e+00,-1.000000000000000000e+00,-1.000000000000000000e+00,-1.000000000000000000e+00,-1.000000000000000000e+00,-1.000000000000000000e+00,-1.000000000000000000e+00,-1.000000000000000000e+00,-1.000000000000000000e+00,-1.000000000000000000e+00,-1.000000000000000000e+00,-1.000000000000000000e+00,-1.000000000000000000e+00,-1.000000000000000000e+00,-1.000000000000000000e+00,-1.000000000000000000e+00,-1.000000000000000000e+00,-1.000000000000000000e+00,-1.000000000000000000e+00,-1.000000000000000000e+00,-1.000000000000000000e+00,-1.000000000000000000e+00,-1.000000000000000000e+00,-1.000000000000000000e+00,-1.000000000000000000e+00,-1.000000000000000000e+00
-1.000000000000000000e+00,-1.000000000000000000e+00,-1.000000000000000000e+00,-1.000000000000000000e+00,-1.000000000000000000e+00,-1.000000000000000000e+00,-1.000000000000000000e+00,-1.000000000000000000e+00,-1.000000000000000000e+00,-1.000000000000000000e+00,-1.000000000000000000e+00,-1.000000000000000000e+00,-1.000000000000000000e+00,-1.000000000000000000e+00,-1.000000000000000000e+00,-1.000000000000000000e+00,-1.000000000000000000e+00,-1.000000000000000000e+00,-1.000000000000000000e+00,-1.000000000000000000e+00,-1.000000000000000000e+00,-1.000000000000000000e+00,-1.000000000000000000e+00,-1.000000000000000000e+00,-1.000000000000000000e+00,-1.000000000000000000e+00,-1.000000000000000000e+00,-1.000000000000000000e+00,-1.000000000000000000e+00,-1.000000000000000000e+00,-1.000000000000000000e+00,-1.000000000000000000e+00,-1.000000000000000000e+00,-1.000000000000000000e+00,-1.000000000000000000e+00,-1.000000000000000000e+00,-1.000000000000000000e+00,-1.000000000000000000e+00,-1.000000000000000000e+00,-1.000000000000000000e+00,-1.000000000000000000e+00,-1.000000000000000000e+00,-1.000000000000000000e+00,-1.000000000000000000e+00,-1.000000000000000000e+00,-1.000000000000000000e+00,-1.311692772492819570e+00,-1.311708831509844408e+00,-1.311754029258865639e+00,-1.311818182508005304e+00,-1.311879759645633525e+00,-1.311897382883861374e+00,-1.311794389349919987e+00,-1.311432216985833898e+00,-1.310566404967814069e+00,-1.308776694886790493e+00,-1.305360533487954111e+00,-1.299178092939289986e+00,-1.288438228025161614e+00,-1.270420736471084444e+00,-1.241143663930459384e+00,-1.195008268560009856e+00,-1.124492160060950541e+00,-1.020017973464813821e+00,-8.702112078087801406e-01,-6.629003721243893477e-01,-3.874511685965289498e-01,-3.941791553055729036e-02,3.710245398927698446e-01,8.055672430079157120e-01,1.182078181648612336e+00,1.380865385894939568e+00,1.380866029619770341e+00,1.182080298916108330e+00,8.055713556096419925e-01,3.710313916305088000e-01,-3.940745653195021347e-02,-3.874361662060645806e-01,-6.628798411561871440e-01,-8.701841093330308086e-01,-1.019983199813844665e+00,-1.124448523001882583e+00,-1.194954499712194140e+00,-1.241078432925497355e+00,-1.270342689375158596e+00,-1.288346043869306179e+00,-1.299070558847745804e+00,-1.305236630252834651e+00,-1.308635692111321136e+00,-1.310407954315058188e+00,-1.311256436881062415e+00,-1.311601931873099147e+00,-1.311689474932301813e+00,-1.311658210601574837e+00,-1.311585352967546303e+00,-1.311512761172360930e+00,-1.311462344232569244e+00,-1.311444516843128127e+00,-1.000000000000000000e+00,-1.000000000000000000e+00,-1.000000000000000000e+00,-1.000000000000000000e+00,-1.000000000000000000e+00,-1.000000000000000000e+00,-1.000000000000000000e+00,-1.000000000000000000e+00,-1.000000000000000000e+00,-1.000000000000000000e+00,-1.000000000000000000e+00,-1.000000000000000000e+00,-1.000000000000000000e+00,-1.000000000000000000e+00,-1.000000000000000000e+00,-1.000000000000000000e+00,-1.000000000000000000e+00,-1.000000000000000000e+00,-1.000000000000000000e+00,-1.000000000000000000e+00,-1.000000000000000000e+00,-1.000000000000000000e+00,-1.000000000000000000e+00,-1.000000000000000000e+00,-1.000000000000000000e+00,-1.000000000000000000e+00,-1.000000000000000000e+00,-1.000000000000000000e+00,-1.000000000000000000e+00,-1.000000000000000000e+00,-1.000000000000000000e+00,-1.000000000000000000e+00,-1.000000000000000000e+00,-1.000000000000000000e+00,-1.000000000000000000e+00,-1.000000000000000000e+00,-1.000000000000000000e+00,-1.000000000000000000e+00,-1.000000000000000000e+00,-1.000000000000000000e+00,-1.000000000000000000e+00,-1.000000000000000000e+00,-1.000000000000000000e+00,-1.000000000000000000e+00,-1.000000000000000000e+00,-1.000000000000000000e+00
-1.000000000000000000e+00,-1.000000000000000000e+00,-1.000000000000000000e+00,-1.000000000000000000e+00,-1.000000000000000000e+00,-1.000000000000000000e+00,-1.000000000000000000e+00,-1.000000000000000000e+00,-1.000000000000000000e+00,-1.000000000000000000e+00,-1.000000000000000000e+00,-1.000000000000000000e+00,-1.000000000000000000e+00,-1.000000000000000000e+00,-1.000000000000000000e+00,-1.000000000000000000e+00,-1.000000000000000000e+00,-1.000000000000000000e+00,-1.000000000000000000e+00,-1.000000000000000000e+00,-1.000000000000000000e+00,-1.000000000000000000e+00,-1.000000000000000000e+00,-1.000000000000000000e+00,-1.000000000000000000e+00,-1.000000000000000000e+00,-1.000000000000000000e+00,-1.000000000000000000e+00,-1.000000000000000000e+00,-1.000000000000000000e+00,-1.000000000000000000e+00,-1.000000000000000000e+00,-1.000000000000000000e+00,-1.000000000000000000e+00,-1.000000000000000000e+00,-1.000000000000000000e+00,-1.000000000000000000e+00,-1.000000000000000000e+00,-1.000000000000000000e+00,-1.000000000000000000e+00,-1.000000000000000000e+00,-1.000000000000000000e+00,-1.000000000000000000e+00,-1.000000000000000000e+00,-1.000000000000000000e+00,-1.000000000000000000e+00,-1.312124716906381217e+00,-1.312138468504876920e+00,-1.312176853517204034e+00,-1.312230008893455535e+00,-1.312276906388267106e+00,-1.312276812668454307e+00,-1.312153797092227236e+00,-1.311770060417031925e+00,-1.310881876985302785e+00,-1.309069642528088995e+00,-1.305631328785831435e+00,-1.299427464646498498e+00,-1.288667061524991331e+00,-1.270629852966608020e+00,-1.241333590811017906e+00,-1.195179021484502169e+00,-1.124643067660923812e+00,-1.020147589615132411e+00,-8.703173715344038053e-01,-6.629804799885066213e-01,-3.875027138157669526e-01,-3.943930040730359021e-02,3.710330032135926714e-01,8.056023807916292689e-01,1.182133475820780877e+00,1.380931444034415811e+00,1.380931760135760911e+00,1.182134583762918911e+00,8.056047241858084185e-01,3.710372002490609500e-01,-3.943255165831749398e-02,-3.874926904936953909e-01,-6.629664541457805926e-01,-8.702986064605483518e-01,-1.020123325363104128e+00,-1.124612506858061245e+00,-1.195141324503060209e+00,-1.241287884091635485e+00,-1.270575252984166958e+00,-1.288602711519059474e+00,-1.299352584794243093e+00,-1.305545272119891020e+00,-1.308971957745443060e+00,-1.310772369831156636e+00,-1.311648848359782349e+00,-1.312021351806805791e+00,-1.312133985203245423e+00,-1.312124930917399013e+00,-1.312070480644609738e+00,-1.312011682494724107e+00,-1.311969812314881301e+00,-1.311954880398241707e+00,-1.000000000000000000e+00,-1.000000000000000000e+00,-1.000000000000000000e+00,-1.000000000000000000e+00,-1.000000000000000000e+00,-1.000000000000000000e+00,-1.000000000000000000e+00,-1.000000000000000000e+00,-1.000000000000000000e+00,-1.000000000000000000e+00,-1.000000000000000000e+00,-1.000000000000000000e+00,-1.000000000000000000e+00,-1.000000000000000000e+00,-1.000000000000000000e+00,-1.000000000000000000e+00,-1.000000000000000000e+00,-1.000000000000000000e+00,-1.000000000000000000e+00,-1.000000000000000000e+00,-1.000000000000000000e+00,-1.000000000000000000e+00,-1.000000000000000000e+00,-1.000000000000000000e+00,-1.000000000000000000e+00,-1.000000000000000000e+00,-1.000000000000000000e+00,-1.000000000000000000e+00,-1.000000000000000000e+00,-1.000000000000000000e+00,-1.000000000000000000e+00,-1.000000000000000000e+00,-1.000000000000000000e+00,-1.000000000000000000e+00,-1.000000000000000000e+00,-1.000000000000000000e+00,-1.000000000000000000e+00,-1.000000000000000000e+00,-1.000000000000000000e+00,-1.000000000000000000e+00,-1.000000000000000000e+00,-1.000000000000000000e+00,-1.000000000000000000e+00,-1.000000000000000000e+00,-1.000000000000000000e+00,-1.000000000000000000e+00
-1.000000000000000000e+00,-1.000000000000000000e+00,-1.000000000000000000e+00,-1.000000000000000000e+00,-1.000000000000000000e+00,-1.000000000000000000e+00,-1.000000000000000000e+00,-1.000000000000000000e+00,-1.000000000000000000e+00,-1.000000000000000000e+00,-1.000000000000000000e+00,-1.000000000000000000e+00,-1.000000000000000000e+00,-1.000000000000000000e+00,-1.000000000000000000e+00,-1.000000000000000000e+00,-1.000000000000000000e+00,-1.000000000000000000e+00,-1.000000000000000000e+00,-1.000000000000000000e+00,-1.000000000000000000e+00,-1.000000000000000000e+00,-1.000000000000000000e+00,-1.000000000000000000e+00,-1.000000000000000000e+00,-1.000000000000000000e+00,-1.000000000000000000e+00,-1.000000000000000000e+00,-1.000000000000000000e+00,-1.000000000000000000e+00,-1.000000000000000000e+00,-1.000000000000000000e+00,-1.000000000000000000e+00,-1.000000000000000000e+00,-1.000000000000000000e+00,-1.000000000000000000e+00,-1.000000000000000000e+00,-1.000000000000000000e+00,-1.000000000000000000e+00,-1.000000000000000000e+00,-1.000000000000000000e+00,-1.000000000000000000e+00,-1.000000000000000000e+00,-1.000000000000000000e+00,-1.000000000000000000e+00,-1.000000000000000000e+00,-1.312453677848480105e+00,-1.312465900033368271e+00,-1.312499767346161139e+00,-1.312545623188879240e+00,-1.312582763991670287e+00,-1.312570872676650291e+00,-1.312434491437860951e+00,-1.312036313063019932e+00,-1.311133083528559062e+00,-1.309305612649394268e+00,-1.305852192592210637e+00,-1.299633547490908647e+00,-1.288858730095925775e+00,-1.270807339864193475e+00,-1.241496806162617705e+00,-1.195327369836017617e+00,-1.124775299089452174e+00,-1.020261729224057223e+00,-8.704107867594813586e-01,-6.630501509148349903e-01,-3.875457618059342524e-01,-3.945378441343150300e-02,3.710471030847983798e-01,8.056422233576701064e-01,1.182192877213071203e+00,1.381001342555617573e+00,1.381001420937420843e+00,1.182193251876322293e+00,8.056432789843777087e-01,3.710493645334038693e-01,-3.944974324466499205e-02,-3.875393711833877708e-01,-6.630408647596155447e-01,-8.703980790993846028e-01,-1.020245080050173669e+00,-1.124754178403210458e+00,-1.195301229008879140e+00,-1.241465079496903989e+00,-1.270769458760029780e+00,-1.288814146151929574e+00,-1.299581765751935070e+00,-1.305792807938582101e+00,-1.309238351095648012e+00,-1.311057842734517642e+00,-1.311953197599414089e+00,-1.312343839886794594e+00,-1.312473272695941384e+00,-1.312479054190998751e+00,-1.312436877439604244e+00,-1.312387264364786255e+00,-1.312351080762358846e+00,-1.312338074713613079e+00,-1.000000000000000000e+00,-1.000000000000000000e+00,-1.000000000000000000e+00,-1.000000000000000000e+00,-1.000000000000000000e+00,-1.000000000000000000e+00,-1.000000000000000000e+00,-1.000000000000000000e+00,-1.000000000000000000e+00,-1.000000000000000000e+00,-1.000000000000000000e+00,-1.000000000000000000e+00,-1.000000000000000000e+00,-1.000000000000000000e+00,-1.000000000000000000e+00,-1.000000000000000000e+00,-1.000000000000000000e+00,-1.000000000000000000e+00,-1.000000000000000000e+00,-1.000000000000000000e+00,-1.000000000000000000e+00,-1.000000000000000000e+00,-1.000000000000000000e+00,-1.000000000000000000e+00,-1.000000000000000000e+00,-1.000000000000000000e+00,-1.000000000000000000e+00,-1.000000000000000000e+00,-1.000000000000000000e+00,-1.000000000000000000e+00,-1.000000000000000000e+00,-1.000000000000000000e+00,-1.000000000000000000e+00,-1.000000000000000000e+00,-1.000000000000000000e+00,-1.000000000000000000e+00,-1.000000000000000000e+00,-1.000000000000000000e+00,-1.000000000000000000e+00,-1.000000000000000000e+00,-1.000000000000000000e+00,-1.000000000000000000e+00,-1.000000000000000000e+00,-1.000000000000000000e+00,-1.000000000000000000e+00,-1.000000000000000000e+00
-1.000000000000000000e+00,-1.000000000000000000e+00,-1.000000000000000000e+00,-1.000000000000000000e+00,-1.000000000000000000e+00,-1.000000000000000000e+00,-1.000000000000000000e+00,-1.000000000000000000e+00,-1.000000000000000000e+00,-1.000000000000000000e+00,-1.000000000000000000e+00,-1.000000000000000000e+00,-1.000000000000000000e+00,-1.000000000000000000e+00,-1.000000000000000000e+00,-1.000000000000000000e+00,-1.000000000000000000e+00,-1.000000000000000000e+00,-1.000000000000000000e+00,-1.000000000000000000e+00,-1.000000000000000000e+00,-1.000000000000000000e+00,-1.000000000000000000e+00,-1.000000000000000000e+00,-1.000000000000000000e+00,-1.000000000000000000e+00,-1.000000000000000000e+00,-1.000000000000000000e+00,-1.000000000000000000e+00,-1.000000000000000000e+00,-1.000000000000000000e+00,-1.000000000000000000e+00,-1.000000000000000000e+00,-1.000000000000000000e+00,-1.000000000000000000e+00,-1.000000000000000000e+00,-1.000000000000000000e+00,-1.000000000000000000e+00,-1.000000000000000000e+00,-1.000000000000000000e+00,-1.000000000000000000e+00,-1.000000000000000000e+00,-1.000000000000000000e+00,-1.000000000000000000e+00,-1.000000000000000000e+00,-1.000000000000000000e+00,-1.312710568096294717e+00,-1.312721780420747386e+00,-1.312752663387406038e+00,-1.312793692864031581e+00,-1.312824373471660033e+00,-1.312804655326901715e+00,-1.312659383481412867e+00,-1.312251564581370822e+00,-1.311338242014285393e+00,-1.309500480048741755e+00,-1.306036754351132645e+00,-1.299807875318221617e+00,-1.289022858378622516e+00,-1.270961120323312876e+00,-1.241639747129678284e+00,-1.195458476667034198e+00,-1.124892942971567056e+00,-1.020363587738745803e+00,-8.704939146575251252e-01,-6.631112465489918950e-01,-3.875816852575140192e-01,-3.946233998332082660e-02,3.710661952693830035e-01,8.056863893049579506e-01,1.182256192960361663e+00,1.381074976913120089e+00,1.381074885440168654e+00,1.182256042492427106e+00,8.056865194848394918e-01,3.710670608564536899e-01,-3.946025635320971059e-02,-3.875779240818069127e-01,-6.631053902556647284e-01,-8.704855837261098461e-01,-1.020352426719384642e+00,-1.124878603629332341e+00,-1.195440606674979422e+00,-1.241617986786308858e+00,-1.270935110205441809e+00,-1.288992253419526612e+00,-1.299772366371321208e+00,-1.305996091642910084e+00,-1.309454500442318592e+00,-1.311286896184330919e+00,-1.312194939813614347e+00,-1.312597721063151424e+00,-1.312738359163512447e+00,-1.312754011301144441e+00,-1.312719985037501313e+00,-1.312676463071244415e+00,-1.312644047365815192e+00,-1.312632316981180658e+00,-1.000000000000000000e+00,-1.000000000000000000e+00,-1.000000000000000000e+00,-1.000000000000000000e+00,-1.000000000000000000e+00,-1.000000000000000000e+00,-1.000000000000000000e+00,-1.000000000000000000e+00,-1.000000000000000000e+00,-1.000000000000000000e+00,-1.000000000000000000e+00,-1.000000000000000000e+00,-1.000000000000000000e+00,-1.000000000000000000e+00,-1.000000000000000000e+00,-1.000000000000000000e+00,-1.000000000000000000e+00,-1.000000000000000000e+00,-1.000000000000000000e+00,-1.000000000000000000e+00,-1.000000000000000000e+00,-1.000000000000000000e+00,-1.000000000000000000e+00,-1.000000000000000000e+00,-1.000000000000000000e+00,-1.000000000000000000e+00,-1.000000000000000000e+00,-1.000000000000000000e+00,-1.000000000000000000e+00,-1.000000000000000000e+00,-1.000000000000000000e+00,-1.000000000000000000e+00,-1.000000000000000000e+00,-1.000000000000000000e+00,-1.000000000000000000e+00,-1.000000000000000000e+00,-1.000000000000000000e+00,-1.000000000000000000e+00,-1.000000000000000000e+00,-1.000000000000000000e+00,-1.000000000000000000e+00,-1.000000000000000000e+00,-1.000000000000000000e+00,-1.000000000000000000e+00,-1.000000000000000000e+00,-1.000000000000000000e+00
-1.000000000000000000e+00,-1.000000000000000000e+00,-1.000000000000000000e+00,-1.000000000000000000e+00,-1.000000000000000000e+00,-1.000000000000000000e+00,-1.000000000000000000e+00,-1.000000000000000000e+00,-1.000000000000000000e+00,-1.000000000000000000e+00,-1.000000000000000000e+00,-1.000000000000000000e+00,-1.000000000000000000e+00,-1.000000000000000000e+00,-1.000000000000000000e+00,-1.000000000000000000e+00,-1.000000000000000000e+00,-1.000000000000000000e+00,-1.000000000000000000e+00,-1.000000000000000000e+00,-1.000000000000000000e+00,-1.000000000000000000e+00,-1.000000000000000000e+00,-1.000000000000000000e+00,-1.000000000000000000e+00,-1.000000000000000000e+00,-1.000000000000000000e+00,-1.000000000000000000e+00,-1.000000000000000000e+00,-1.000000000000000000e+00,-1.000000000000000000e+00,-1.000000000000000000e+00,-1.000000000000000000e+00,-1.000000000000000000e+00,-1.000000000000000000e+00,-1.000000000000000000e+00,-1.000000000000000000e+00,-1.000000000000000000e+00,-1.000000000000000000e+00,-1.000000000000000000e+00,-1.000000000000000000e+00,-1.000000000000000000e+00,-1.000000000000000000e+00,-1.000000000000000000e+00,-1.000000000000000000e+00,-1.000000000000000000e+00,-1.312916904826733511e+00,-1.312927452595454181e+00,-1.312956370779342574e+00,-1.312994219842238630e+00,-1.313020637064966412e+00,-1.312995742984074177e+00,-1.312844574858727409e+00,-1.312430336686026600e+00,-1.311510254800490216e+00,-1.309665542391502013e+00,-1.306194767621163599e+00,-1.299958754322394050e+00,-1.289166427854490315e+00,-1.271096989691860912e+00,-1.241767168475530037e+00,-1.195576201172367403e+00,-1.124999101610218766e+00,-1.020455638828628331e+00,-8.705687155253277743e-01,-6.631653148718683610e-01,-3.876117064464850159e-01,-3.946593658361807755e-02,3.710895022863032189e-01,8.057342411134809090e-01,1.182322876686139335e+00,1.381151838968184720e+00,1.381151628491328776e+00,1.182322356903516170e+00,8.057337165530720213e-01,3.710893742524961070e-01,-3.946525318053062392e-02,-3.876098318155073441e-01,-6.631619222725397833e-01,-8.705635270846386886e-01,-1.020448411426506219e+00,-1.124989609802533153e+00,-1.195564224371105544e+00,-1.241752484123488598e+00,-1.271079376196569743e+00,-1.289145673036546924e+00,-1.299934669254322550e+00,-1.306167201521641674e+00,-1.309634400545098165e+00,-1.311475517200975105e+00,-1.312392072938245446e+00,-1.312802955579786435e+00,-1.312951044375187060e+00,-1.312973242088728121e+00,-1.312944610069500362e+00,-1.312905113503169297e+00,-1.312875185559627900e+00,-1.312864297058229823e+00,-1.000000000000000000e+00,-1.000000000000000000e+00,-1.000000000000000000e+00,-1.000000000000000000e+00,-1.000000000000000000e+00,-1.000000000000000000e+00,-1.000000000000000000e+00,-1.000000000000000000e+00,-1.000000000000000000e+00,-1.000000000000000000e+00,-1.000000000000000000e+00,-1.000000000000000000e+00,-1.000000000000000000e+00,-1.000000000000000000e+00,-1.000000000000000000e+00,-1.000000000000000000e+00,-1.000000000000000000e+00,-1.000000000000000000e+00,-1.000000000000000000e+00,-1.000000000000000000e+00,-1.000000000000000000e+00,-1.000000000000000000e+00,-1.000000000000000000e+00,-1.000000000000000000e+00,-1.000000000000000000e+00,-1.000000000000000000e+00,-1.000000000000000000e+00,-1.000000000000000000e+00,-1.000000000000000000e+00,-1.000000000000000000e+00,-1.000000000000000000e+00,-1.000000000000000000e+00,-1.000000000000000000e+00,-1.000000000000000000e+00,-1.000000000000000000e+00,-1.000000000000000000e+00,-1.000000000000000000e+00,-1.000000000000000000e+00,-1.000000000000000000e+00,-1.000000000000000000e+00,-1.000000000000000000e+00,-1.000000000000000000e+00,-1.000000000000000000e+00,-1.000000000000000000e+00,-1.000000000000000000e+00,-1.000000000000000000e+00
-1.000000000000000000e+00,-1.000000000000000000e+00,-1.000000000000000000e+00,-1.000000000000000000e+00,-1.000000000000000000e+00,-1.000000000000000000e+00,-1.000000000000000000e+00,-1.000000000000000000e+00,-1.000000000000000000e+00,-1.000000000000000000e+00,-1.000000000000000000e+00,-1.000000000000000000e+00,-1.000000000000000000e+00,-1.000000000000000000e+00,-1.000000000000000000e+00,-1.000000000000000000e+00,-1.000000000000000000e+00,-1.000000000000000000e+00,-1.000000000000000000e+00,-1.000000000000000000e+00,-1.000000000000000000e+00,-1.000000000000000000e+00,-1.000000000000000000e+00,-1.000000000000000000e+00,-1.000000000000000000e+00,-1.000000000000000000e+00,-1.000000000000000000e+00,-1.000000000000000000e+00,-1.000000000000000000e+00,-1.000000000000000000e+00,-1.000000000000000000e+00,-1.000000000000000000e+00,-1.000000000000000000e+00,-1.000000000000000000e+00,-1.000000000000000000e+00,-1.000000000000000000e+00,-1.000000000000000000e+00,-1.000000000000000000e+00,-1.000000000000000000e+00,-1.000000000000000000e+00,-1.000000000000000000e+00,-1.000000000000000000e+00,-1.000000000000000000e+00,-1.000000000000000000e+00,-1.000000000000000000e+00,-1.000000000000000000e+00,-1.313087578059049854e+00,-1.313097689897956943e+00,-1.313125318712190959e+00,-1.313161078764616407e+00,-1.313184691148739924e+00,-1.313156384171664248e+00,-1.313001315613589348e+00,-1.312582811072321887e+00,-1.311658205154716095e+00,-1.309808790674099832e+00,-1.306333168288491553e+00,-1.300092127133178010e+00,-1.289294467839001923e+00,-1.271219155568933168e+00,-1.241882553546477475e+00,-1.195683400884013592e+00,-1.125096102352085126e+00,-1.020539769774235772e+00,-8.706367194464053050e-01,-6.632136034609479314e-01,-3.876368565778108843e-01,-3.946544653937023028e-02,3.711162618861949536e-01,8.057850865004851926e-01,1.182392274052249448e+00,1.381231286147076354e+00,1.381230994378507493e+00,1.182391500537574913e+00,8.057841078755767494e-01,3.711154380135828212e-01,-3.946575169836874508e-02,-3.876363214325108109e-01,-6.632119656379953376e-01,-8.706337716342298361e-01,-1.020535345392334925e+00,-1.125090058381625902e+00,-1.195675604384777824e+00,-1.241872872825184437e+00,-1.271207459465057532e+00,-1.289280630374897374e+00,-1.300076036359892440e+00,-1.306314735909653191e+00,-1.309787963773740183e+00,-1.311634979189397310e+00,-1.312557239639338569e+00,-1.312973518200958978e+00,-1.313126548376259528e+00,-1.313153074178515123e+00,-1.313128001406702605e+00,-1.313091156657931746e+00,-1.313062865762570031e+00,-1.313052530855859157e+00,-1.000000000000000000e+00,-1.000000000000000000e+00,-1.000000000000000000e+00,-1.000000000000000000e+00,-1.000000000000000000e+00,-1.000000000000000000e+00,-1.000000000000000000e+00,-1.000000000000000000e+00,-1.000000000000000000e+00,-1.000000000000000000e+00,-1.000000000000000000e+00,-1.000000000000000000e+00,-1.000000000000000000e+00,-1.000000000000000000e+00,-1.000000000000000000e+00,-1.000000000000000000e+00,-1.000000000000000000e+00,-1.000000000000000000e+00,-1.000000000000000000e+00,-1.000000000000000000e+00,-1.000000000000000000e+00,-1.000000000000000000e+00,-1.000000000000000000e+00,-1.000000000000000000e+00,-1.000000000000000000e+00,-1.000000000000000000e+00,-1.000000000000000000e+00,-1.000000000000000000e+00,-1.000000000000000000e+00,-1.000000000000000000e+00,-1.000000000000000000e+00,-1.000000000000000000e+00,-1.000000000000000000e+00,-1.000000000000000000e+00,-1.000000000000000000e+00,-1.000000000000000000e+00,-1.000000000000000000e+00,-1.000000000000000000e+00,-1.000000000000000000e+00,-1.000000000000000000e+00,-1.000000000000000000e+00,-1.000000000000000000e+00,-1.000000000000000000e+00,-1.000000000000000000e+00,-1.000000000000000000e+00,-1.000000000000000000e+00
-1.000000000000000000e+00,-1.000000000000000000e+00,-1.000000000000000000e+00,-1.000000000000000000e+00,-1.000000000000000000e+00,-1.000000000000000000e+00,-1.000000000000000000e+00,-1.000000000000000000e+00,-1.000000000000000000e+00,-1.000000000000000000e+00,-1.000000000000000000e+00,-1.000000000000000000e+00,-1.000000000000000000e+00,-1.000000000000000000e+00,-1.000000000000000000e+00,-1.000000000000000000e+00,-1.000000000000000000e+00,-1.000000000000000000e+00,-1.000000000000000000e+00,-1.000000000000000000e+00,-1.000000000000000000e+00,-1.000000000000000000e+00,-1.000000000000000000e+00,-1.000000000000000000e+00,-1.000000000000000000e+00,-1.000000000000000000e+00,-1.000000000000000000e+00,-1.000000000000000000e+00,-1.000000000000000000e+00,-1.000000000000000000e+00,-1.000000000000000000e+00,-1.000000000000000000e+00,-1.000000000000000000e+00,-1.000000000000000000e+00,-1.000000000000000000e+00,-1.000000000000000000e+00,-1.000000000000000000e+00,-1.000000000000000000e+00,-1.000000000000000000e+00,-1.000000000000000000e+00,-1.000000000000000000e+00,-1.000000000000000000e+00,-1.000000000000000000e+00,-1.000000000000000000e+00,-1.000000000000000000e+00,-1.000000000000000000e+00,-1.313232848094507466e+00,-1.313242674871178295e+00,-1.313269460316282666e+00,-1.313303852887028000e+00,-1.313325626012081804e+00,-1.313295075209186757e+00,-1.313137432397223581e+00,-1.312716095677112893e+00,-1.311788459576025856e+00,-1.309935851459644418e+00,-1.306456865422924052e+00,-1.300212224619747614e+00,-1.289410582841024500e+00,-1.271330656322420039e+00,-1.241988439441730874e+00,-1.195782178019810571e+00,-1.125185678058859828e+00,-1.020617407034837942e+00,-8.706991057447920346e-01,-6.632570993362393308e-01,-3.876579802860256052e-01,-3.946161651868806963e-02,3.711457873044854416e-01,8.058382684338392110e-01,1.182463737123263137e+00,1.381312668705386937e+00,1.381312323325713631e+00,1.182462794834448161e+00,8.058369833933214377e-01,3.711444866730129188e-01,-3.946260782011479229e-02,-3.876583838878752131e-01,-6.632566988586563461e-01,-8.706977427851865237e-01,-1.020614967023922182e+00,-1.125182073135616356e+00,-1.195777332987244979e+00,-1.241982282213484501e+00,-1.271323114784378649e+00,-1.289401586820298595e+00,-1.300201711169561181e+00,-1.306444785255989283e+00,-1.309922176675375027e+00,-1.311773192972556901e+00,-1.312699277260193309e+00,-1.313119144940571026e+00,-1.313275445162976895e+00,-1.313304825253800878e+00,-1.313282094128554123e+00,-1.313246990752899634e+00,-1.313219773177186633e+00,-1.313209800696322871e+00,-1.000000000000000000e+00,-1.000000000000000000e+00,-1.000000000000000000e+00,-1.000000000000000000e+00,-1.000000000000000000e+00,-1.000000000000000000e+00,-1.000000000000000000e+00,-1.000000000000000000e+00,-1.000000000000000000e+00,-1.000000000000000000e+00,-1.000000000000000000e+00,-1.000000000000000000e+00,-1.000000000000000000e+00,-1.000000000000000000e+00,-1.000000000000000000e+00,-1.000000000000000000e+00,-1.000000000000000000e+00,-1.000000000000000000e+00,-1.000000000000000000e+00,-1.000000000000000000e+00,-1.000000000000000000e+00,-1.000000000000000000e+00,-1.000000000000000000e+00,-1.000000000000000000e+00,-1.000000000000000000e+00,-1.000000000000000000e+00,-1.000000000000000000e+00,-1.000000000000000000e+00,-1.000000000000000000e+00,-1.000000000000000000e+00,-1.000000000000000000e+00,-1.000000000000000000e+00,-1.000000000000000000e+00,-1.000000000000000000e+00,-1.000000000000000000e+00,-1.000000000000000000e+00,-1.000000000000000000e+00,-1.000000000000000000e+00,-1.000000000000000000e+00,-1.000000000000000000e+00,-1.000000000000000000e+00,-1.000000000000000000e+00,-1.000000000000000000e+00,-1.000000000000000000e+00,-1.000000000000000000e+00,-1.000000000000000000e+00
-1.000000000000000000e+00,-1.000000000000000000e+00,-1.000000000000000000e+00,-1.000000000000000000e+00,-1.000000000000000000e+00,-1.000000000000000000e+00,-1.000000000000000000e+00,-1.000000000000000000e+00,-1.000000000000000000e+00,-1.000000000000000000e+00,-1.000000000000000000e+00,-1.000000000000000000e+00,-1.000000000000000000e+00,-1.000000000000000000e+00,-1.000000000000000000e+00,-1.000000000000000000e+00,-1.000000000000000000e+00,-1.000000000000000000e+00,-1.000000000000000000e+00,-1.000000000000000000e+00,-1.000000000000000000e+00,-1.000000000000000000e+00,-1.000000000000000000e+00,-1.000000000000000000e+00,-1.000000000000000000e+00,-1.000000000000000000e+00,-1.000000000000000000e+00,-1.000000000000000000e+00,-1.000000000000000000e+00,-1.000000000000000000e+00,-1.000000000000000000e+00,-1.000000000000000000e+00,-1.000000000000000000e+00,-1.000000000000000000e+00,-1.000000000000000000e+00,-1.000000000000000000e+00,-1.000000000000000000e+00,-1.000000000000000000e+00,-1.000000000000000000e+00,-1.000000000000000000e+00,-1.000000000000000000e+00,-1.000000000000000000e+00,-1.000000000000000000e+00,-1.000000000000000000e+00,-1.000000000000000000e+00,-1.000000000000000000e+00,-1.313359764512444849e+00,-1.313369405498959974e+00,-1.313395641199176067e+00,-1.313429141898086794e+00,-1.313449713270870234e+00,-1.313417691864017023e+00,-1.313258353740361706e+00,-1.312835137651626738e+00,-1.311905466869238479e+00,-1.310050674292586148e+00,-1.306569322497916907e+00,-1.300322048916158213e+00,-1.289517347152824289e+00,-1.271433677939321383e+00,-1.242086666986943255e+00,-1.195874072941842448e+00,-1.125269113392540099e+00,-1.020689623345194086e+00,-8.707567774045352760e-01,-6.632965758035894721e-01,-3.876757587461128196e-01,-3.945506970836532012e-02,3.711774839270525206e-01,8.058931984727639719e-01,1.182536670855642402e+00,1.381395383048765968e+00,1.381395004273481941e+00,1.182535621866271924e+00,8.058917149568405325e-01,3.711758666342979129e-01,-3.945652643535124682e-02,-3.876768091824405182e-01,-6.632970369464289417e-01,-8.707565247882200765e-01,-1.020688577354365911e+00,-1.125267222887584184e+00,-1.195871300730990461e+00,-1.242082979855241298e+00,-1.271429041908551216e+00,-1.289511727842830080e+00,-1.300315414320833529e+00,-1.306561647469009824e+00,-1.310041945631126303e+00,-1.311895690210288290e+00,-1.312824341963833907e+00,-1.313246595596836874e+00,-1.313405055686275302e+00,-1.313436313030671210e+00,-1.313415117589523673e+00,-1.313381153612158236e+00,-1.313354636696123734e+00,-1.313344900178979202e+00,-1.000000000000000000e+00,-1.000000000000000000e+00,-1.000000000000000000e+00,-1.000000000000000000e+00,-1.000000000000000000e+00,-1.000000000000000000e+00,-1.000000000000000000e+00,-1.000000000000000000e+00,-1.000000000000000000e+00,-1.000000000000000000e+00,-1.000000000000000000e+00,-1.000000000000000000e+00,-1.000000000000000000e+00,-1.000000000000000000e+00,-1.000000000000000000e+00,-1.000000000000000000e+00,-1.000000000000000000e+00,-1.000000000000000000e+00,-1.000000000000000000e+00,-1.000000000000000000e+00,-1.000000000000000000e+00,-1.000000000000000000e+00,-1.000000000000000000e+00,-1.000000000000000000e+00,-1.000000000000000000e+00,-1.000000000000000000e+00,-1.000000000000000000e+00,-1.000000000000000000e+00,-1.000000000000000000e+00,-1.000000000000000000e+00,-1.000000000000000000e+00,-1.000000000000000000e+00,-1.000000000000000000e+00,-1.000000000000000000e+00,-1.000000000000000000e+00,-1.000000000000000000e+00,-1.000000000000000000e+00,-1.000000000000000000e+00,-1.000000000000000000e+00,-1.000000000000000000e+00,-1.000000000000000000e+00,-1.000000000000000000e+00,-1.000000000000000000e+00,-1.000000000000000000e+00,-1.000000000000000000e+00,-1.000000000000000000e+00
-1.000000000000000000e+00,-1.000000000000000000e+00,-1.000000000000000000e+00,-1.000000000000000000e+00,-1.000000000000000000e+00,-1.000000000000000000e+00,-1.000000000000000000e+00,-1.000000000000000000e+00,-1.000000000000000000e+00,-1.000000000000000000e+00,-1.000000000000000000e+00,-1.000000000000000000e+00,-1.000000000000000000e+00,-1.000000000000000000e+00,-1.000000000000000000e+00,-1.000000000000000000e+00,-1.000000000000000000e+00,-1.000000000000000000e+00,-1.000000000000000000e+00,-1.000000000000000000e+00,-1.000000000000000000e+00,-1.000000000000000000e+00,-1.000000000000000000e+00,-1.000000000000000000e+00,-1.000000000000000000e+00,-1.000000000000000000e+00,-1.000000000000000000e+00,-1.000000000000000000e+00,-1.000000000000000000e+00,-1.000000000000000000e+00,-1.000000000000000000e+00,-1.000000000000000000e+00,-1.000000000000000000e+00,-1.000000000000000000e+00,-1.000000000000000000e+00,-1.000000000000000000e+00,-1.000000000000000000e+00,-1.000000000000000000e+00,-1.000000000000000000e+00,-1.000000000000000000e+00,-1.000000000000000000e+00,-1.000000000000000000e+00,-1.000000000000000000e+00,-1.000000000000000000e+00,-1.000000000000000000e+00,-1.000000000000000000e+00,-1.313473162220295531e+00,-1.313482682644162569e+00,-1.313508561449315604e+00,-1.313541482835794749e+00,-1.313561272040319361e+00,-1.313528289915272929e+00,-1.313367837452600773e+00,-1.312943373429608540e+00,-1.312012329782374032e+00,-1.310156026382422789e+00,-1.306672978662680951e+00,-1.300423726421729320e+00,-1.289616595876535099e+00,-1.271529790099275692e+00,-1.242178569168246538e+00,-1.195960212156086167e+00,-1.125347359093268107e+00,-1.020757224179147160e+00,-8.708104246123807846e-01,-6.633326369565080149e-01,-3.876907381186901480e-01,-3.944632056792229946e-02,3.712108462267507125e-01,8.059493633658587619e-01,1.182610546822253639e+00,1.381478888897284207e+00,1.381478491458990376e+00,1.182609436253128976e+00,8.059477597157718165e-01,3.712090283260995882e-01,-3.944808288977574851e-02,-3.876922240082206761e-01,-6.633336879478106685e-01,-8.708109401947446981e-01,-1.020757148220612587e+00,-1.125346664526800433e+00,-1.195958886571138580e+00,-1.242176604635655934e+00,-1.271527177115586937e+00,-1.289613322715726262e+00,-1.300419780236343970e+00,-1.306668348931588897e+00,-1.310150708348923665e+00,-1.312006329700931229e+00,-1.312936711765803288e+00,-1.313360552254462910e+00,-1.313520436705767569e+00,-1.313552925166161067e+00,-1.313532733050464030e+00,-1.313499511231849493e+00,-1.313473449065074128e+00,-1.313463865011097909e+00,-1.000000000000000000e+00,-1.000000000000000000e+00,-1.000000000000000000e+00,-1.000000000000000000e+00,-1.000000000000000000e+00,-1.000000000000000000e+00,-1.000000000000000000e+00,-1.000000000000000000e+00,-1.000000000000000000e+00,-1.000000000000000000e+00,-1.000000000000000000e+00,-1.000000000000000000e+00,-1.000000000000000000e+00,-1.000000000000000000e+00,-1.000000000000000000e+00,-1.000000000000000000e+00,-1.000000000000000000e+00,-1.000000000000000000e+00,-1.000000000000000000e+00,-1.000000000000000000e+00,-1.000000000000000000e+00,-1.000000000000000000e+00,-1.000000000000000000e+00,-1.000000000000000000e+00,-1.000000000000000000e+00,-1.000000000000000000e+00,-1.000000000000000000e+00,-1.000000000000000000e+00,-1.000000000000000000e+00,-1.000000000000000000e+00,-1.000000000000000000e+00,-1.000000000000000000e+00,-1.000000000000000000e+00,-1.000000000000000000e+00,-1.000000000000000000e+00,-1.000000000000000000e+00,-1.000000000000000000e+00,-1.000000000000000000e+00,-1.000000000000000000e+00,-1.000000000000000000e+00,-1.000000000000000000e+00,-1.000000000000000000e+00,-1.000000000000000000e+00,-1.000000000000000000e+00,-1.000000000000000000e+00,-1.000000000000000000e+00
-1.000000000000000000e+00,-1.000000000000000000e+00,-1.000000000000000000e+00,-1.000000000000000000e+00,-1.000000000000000000e+00,-1.000000000000000000e+00,-1.000000000000000000e+00,-1.000000000000000000e+00,-1.000000000000000000e+00,-1.000000000000000000e+00,-1.000000000000000000e+00,-1.000000000000000000e+00,-1.000000000000000000e+00,-1.000000000000000000e+00,-1.000000000000000000e+00,-1.000000000000000000e+00,-1.000000000000000000e+00,-1.000000000000000000e+00,-1.000000000000000000e+00,-1.000000000000000000e+00,-1.000000000000000000e+00,-1.000000000000000000e+00,-1.000000000000000000e+00,-1.000000000000000000e+00,-1.000000000000000000e+00,-1.000000000000000000e+00,-1.000000000000000000e+00,-1.000000000000000000e+00,-1.000000000000000000e+00,-1.000000000000000000e+00,-1.000000000000000000e+00,-1.000000000000000000e+00,-1.000000000000000000e+00,-1.000000000000000000e+00,-1.000000000000000000e+00,-1.000000000000000000e+00,-1.000000000000000000e+00,-1.000000000000000000e+00,-1.000000000000000000e+00,-1.000000000000000000e+00,-1.000000000000000000e+00,-1.000000000000000000e+00,-1.000000000000000000e+00,-1.000000000000000000e+00,-1.000000000000000000e+00,-1.000000000000000000e+00,-1.313576354357340437e+00,-1.313585797064287908e+00,-1.313611445482972373e+00,-1.313643992466482446e+00,-1.313663274740249687e+00,-1.313629666847196731e+00,-1.313468482644487345e+00,-1.313043187819743496e+00,-1.312111210179375043e+00,-1.310253844819588842e+00,-1.306769550463219076e+00,-1.300518762541220008e+00,-1.289709636872957255e+00,-1.271620119904369073e+00,-1.242265111372276687e+00,-1.196041419774940939e+00,-1.125421119221447386e+00,-1.020820815024135575e+00,-8.708605758318795909e-01,-6.633657556622150064e-01,-3.877033568143519737e-01,-3.943579316425172010e-02,3.712454468852763867e-01,8.060063200967624297e-01,1.182684902350357614e+00,1.381562710196016397e+00,1.381562304711712041e+00,1.182683762609952449e+00,8.060046525166089104e-01,3.712435117513710470e-01,-3.943774612592521045e-02,-3.877051260372729180e-01,-6.633672008115311103e-01,-8.708616135962164995e-01,-1.020821405531036952e+00,-1.125421251183455373e+00,-1.196041096483014599e+00,-1.242264340822191171e+00,-1.271618907971911128e+00,-1.289707985995606654e+00,-1.300516671653352496e+00,-1.306767017886034665e+00,-1.310250870630276010e+00,-1.312107800235501553e+00,-1.313039356064038099e+00,-1.313464253825301187e+00,-1.313625076363318378e+00,-1.313658369532280101e+00,-1.313638829912250783e+00,-1.313606088915115544e+00,-1.313580319907656557e+00,-1.313570833561361173e+00,-1.000000000000000000e+00,-1.000000000000000000e+00,-1.000000000000000000e+00,-1.000000000000000000e+00,-1.000000000000000000e+00,-1.000000000000000000e+00,-1.000000000000000000e+00,-1.000000000000000000e+00,-1.000000000000000000e+00,-1.000000000000000000e+00,-1.000000000000000000e+00,-1.000000000000000000e+00,-1.000000000000000000e+00,-1.000000000000000000e+00,-1.000000000000000000e+00,-1.000000000000000000e+00,-1.000000000000000000e+00,-1.000000000000000000e+00,-1.000000000000000000e+00,-1.000000000000000000e+00,-1.000000000000000000e+00,-1.000000000000000000e+00,-1.000000000000000000e+00,-1.000000000000000000e+00,-1.000000000000000000e+00,-1.000000000000000000e+00,-1.000000000000000000e+00,-1.000000000000000000e+00,-1.000000000000000000e+00,-1.000000000000000000e+00,-1.000000000000000000e+00,-1.000000000000000000e+00,-1.000000000000000000e+00,-1.000000000000000000e+00,-1.000000000000000000e+00,-1.000000000000000000e+00,-1.000000000000000000e+00,-1.000000000000000000e+00,-1.000000000000000000e+00,-1.000000000000000000e+00,-1.000000000000000000e+00,-1.000000000000000000e+00,-1.000000000000000000e+00,-1.000000000000000000e+00,-1.000000000000000000e+00,-1.000000000000000000e+00
-1.000000000000000000e+00,-1.000000000000000000e+00,-1.000000000000000000e+00,-1.000000000000000000e+00,-1.000000000000000000e+00,-1.000000000000000000e+00,-1.000000000000000000e+00,-1.000000000000000000e+00,-1.000000000000000000e+00,-1.000000000000000000e+00,-1.000000000000000000e+00,-1.000000000000000000e+00,-1.000000000000000000e+00,-1.000000000000000000e+00,-1.000000000000000000e+00,-1.000000000000000000e+00,-1.000000000000000000e+00,-1.000000000000000000e+00,-1.000000000000000000e+00,-1.000000000000000000e+00,-1.000000000000000000e+00,-1.000000000000000000e+00,-1.000000000000000000e+00,-1.000000000000000000e+00,-1.000000000000000000e+00,-1.000000000000000000e+00,-1.000000000000000000e+00,-1.000000000000000000e+00,-1.000000000000000000e+00,-1.000000000000000000e+00,-1.000000000000000000e+00,-1.000000000000000000e+00,-1.000000000000000000e+00,-1.000000000000000000e+00,-1.000000000000000000e+00,-1.000000000000000000e+00,-1.000000000000000000e+00,-1.000000000000000000e+00,-1.000000000000000000e+00,-1.000000000000000000e+00,-1.000000000000000000e+00,-1.000000000000000000e+00,-1.000000000000000000e+00,-1.000000000000000000e+00,-1.000000000000000000e+00,-1.000000000000000000e+00,-1.313671611334036537e+00,-1.313681004385129913e+00,-1.313706505244200962e+00,-1.313738811907469550e+00,-1.313757767344688743e+00,-1.313723752911143849e+00,-1.313562087795237421e+00,-1.313136236494981013e+00,-1.312203614808257424e+00,-1.310345485917433939e+00,-1.306860246291865923e+00,-1.300608223673974440e+00,-1.289797403252179508e+00,-1.271705478059407479e+00,-1.242346994440277408e+00,-1.196118300506690879e+00,-1.125490916979599243e+00,-1.020880852828794483e+00,-8.709076375363397071e-01,-6.633963040186279247e-01,-3.877139686952900677e-01,-3.942383864475518251e-02,3.712809239468140010e-01,8.060636866780821475e-01,1.182759333781790989e+00,1.381646429434352896e+00,1.381646023336701834e+00,1.182758187659955773e+00,8.060619949224934189e-01,3.712789310026007872e-01,-3.942589980926469728e-02,-3.877159121651752027e-01,-6.633980033659487852e-01,-8.709090218288504381e-01,-1.020881893452108224e+00,-1.125491612961220245e+00,-1.196118664909274099e+00,-1.242347044935278033e+00,-1.271705229874783072e+00,-1.289796867450522022e+00,-1.300607406331315774e+00,-1.306859151056543267e+00,-1.310344115635986073e+00,-1.312201974511898239e+00,-1.313134335018807608e+00,-1.313559940063884435e+00,-1.313721380078484380e+00,-1.313755197294023569e+00,-1.313736079564279624e+00,-1.313703648066722574e+00,-1.313678066668496403e+00,-1.313668642544873588e+00,-1.000000000000000000e+00,-1.000000000000000000e+00,-1.000000000000000000e+00,-1.000000000000000000e+00,-1.000000000000000000e+00,-1.000000000000000000e+00,-1.000000000000000000e+00,-1.000000000000000000e+00,-1.000000000000000000e+00,-1.000000000000000000e+00,-1.000000000000000000e+00,-1.000000000000000000e+00,-1.000000000000000000e+00,-1.000000000000000000e+00,-1.000000000000000000e+00,-1.000000000000000000e+00,-1.000000000000000000e+00,-1.000000000000000000e+00,-1.000000000000000000e+00,-1.000000000000000000e+00,-1.000000000000000000e+00,-1.000000000000000000e+00,-1.000000000000000000e+00,-1.000000000000000000e+00,-1.000000000000000000e+00,-1.000000000000000000e+00,-1.000000000000000000e+00,-1.000000000000000000e+00,-1.000000000000000000e+00,-1.000000000000000000e+00,-1.000000000000000000e+00,-1.000000000000000000e+00,-1.000000000000000000e+00,-1.000000000000000000e+00,-1.000000000000000000e+00,-1.000000000000000000e+00,-1.000000000000000000e+00,-1.000000000000000000e+00,-1.000000000000000000e+00,-1.000000000000000000e+00,-1.000000000000000000e+00,-1.000000000000000000e+00,-1.000000000000000000e+00,-1.000000000000000000e+00,-1.000000000000000000e+00,-1.000000000000000000e+00
-1.000000000000000000e+00,-1.000000000000000000e+00,-1.000000000000000000e+00,-1.000000000000000000e+00,-1.000000000000000000e+00,-1.000000000000000000e+00,-1.000000000000000000e+00,-1.000000000000000000e+00,-1.000000000000000000e+00,-1.000000000000000000e+00,-1.000000000000000000e+00,-1.000000000000000000e+00,-1.000000000000000000e+00,-1.000000000000000000e+00,-1.000000000000000000e+00,-1.000000000000000000e+00,-1.000000000000000000e+00,-1.000000000000000000e+00,-1.000000000000000000e+00,-1.000000000000000000e+00,-1.000000000000000000e+00,-1.000000000000000000e+00,-1.000000000000000000e+00,-1.000000000000000000e+00,-1.000000000000000000e+00,-1.000000000000000000e+00,-1.000000000000000000e+00,-1.000000000000000000e+00,-1.000000000000000000e+00,-1.000000000000000000e+00,-1.000000000000000000e+00,-1.000000000000000000e+00,-1.000000000000000000e+00,-1.000000000000000000e+00,-1.000000000000000000e+00,-1.000000000000000000e+00,-1.000000000000000000e+00,-1.000000000000000000e+00,-1.000000000000000000e+00,-1.000000000000000000e+00,-1.000000000000000000e+00,-1.000000000000000000e+00,-1.000000000000000000e+00,-1.000000000000000000e+00,-1.000000000000000000e+00,-1.000000000000000000e+00,-1.313760490643817169e+00,-1.313769852251460479e+00,-1.313795259409879179e+00,-1.313827413074787565e+00,-1.313846159165422245e+00,-1.313811881303738271e+00,-1.313649899125682863e+00,-1.313223670950931954e+00,-1.312290595887851463e+00,-1.310431901237909313e+00,-1.306945918497127046e+00,-1.300692866802755976e+00,-1.289880562381662710e+00,-1.271786449538393704e+00,-1.242424729314282494e+00,-1.196191300498027799e+00,-1.125557143753247002e+00,-1.020937685024039476e+00,-8.709519248394193003e-01,-6.634245771842455230e-01,-3.877228616604264655e-01,-3.941074996127413854e-02,3.713169688904121024e-01,8.061211323076702406e-01,1.182833488059793936e+00,1.381729679952719003e+00,1.381729278258004623e+00,1.182832351279853089e+00,8.061194442953043549e-01,3.713149602036756036e-01,-3.941286062242477239e-02,-3.877249015367891793e-01,-6.634264311344932885e-01,-8.709535311317347928e-01,-1.020939022657112227e+00,-1.125558218103927866e+00,-1.196192130408556986e+00,-1.242425338119043765e+00,-1.271786858108283846e+00,-1.289880786990696526e+00,-1.300692917790711167e+00,-1.306945802538849621e+00,-1.310431622490435100e+00,-1.312290158178330834e+00,-1.313223078957855394e+00,-1.313649160468220778e+00,-1.313811007188518065e+00,-1.313845164495589302e+00,-1.313826317971800828e+00,-1.313794084692171849e+00,-1.313768622996545732e+00,-1.313759238719339528e+00,-1.000000000000000000e+00,-1.000000000000000000e+00,-1.000000000000000000e+00,-1.000000000000000000e+00,-1.000000000000000000e+00,-1.000000000000000000e+00,-1.000000000000000000e+00,-1.000000000000000000e+00,-1.000000000000000000e+00,-1.000000000000000000e+00,-1.000000000000000000e+00,-1.000000000000000000e+00,-1.000000000000000000e+00,-1.000000000000000000e+00,-1.000000000000000000e+00,-1.000000000000000000e+00,-1.000000000000000000e+00,-1.000000000000000000e+00,-1.000000000000000000e+00,-1.000000000000000000e+00,-1.000000000000000000e+00,-1.000000000000000000e+00,-1.000000000000000000e+00,-1.000000000000000000e+00,-1.000000000000000000e+00,-1.000000000000000000e+00,-1.000000000000000000e+00,-1.000000000000000000e+00,-1.000000000000000000e+00,-1.000000000000000000e+00,-1.000000000000000000e+00,-1.000000000000000000e+00,-1.000000000000000000e+00,-1.000000000000000000e+00,-1.000000000000000000e+00,-1.000000000000000000e+00,-1.000000000000000000e+00,-1.000000000000000000e+00,-1.000000000000000000e+00,-1.000000000000000000e+00,-1.000000000000000000e+00,-1.000000000000000000e+00,-1.000000000000000000e+00,-1.000000000000000000e+00,-1.000000000000000000e+00,-1.000000000000000000e+00
-1.000000000000000000e+00,-1.000000000000000000e+00,-1.000000000000000000e+00,-1.000000000000000000e+00,-1.000000000000000000e+00,-1.000000000000000000e+00,-1.000000000000000000e+00,-1.000000000000000000e+00,-1.000000000000000000e+00,-1.000000000000000000e+00,-1.000000000000000000e+00,-1.000000000000000000e+00,-1.000000000000000000e+00,-1.000000000000000000e+00,-1.000000000000000000e+00,-1.000000000000000000e+00,-1.000000000000000000e+00,-1.000000000000000000e+00,-1.000000000000000000e+00,-1.000000000000000000e+00,-1.000000000000000000e+00,-1.000000000000000000e+00,-1.000000000000000000e+00,-1.000000000000000000e+00,-1.000000000000000000e+00,-1.000000000000000000e+00,-1.000000000000000000e+00,-1.000000000000000000e+00,-1.000000000000000000e+00,-1.000000000000000000e+00,-1.000000000000000000e+00,-1.000000000000000000e+00,-1.000000000000000000e+00,-1.000000000000000000e+00,-1.000000000000000000e+00,-1.000000000000000000e+00,-1.000000000000000000e+00,-1.000000000000000000e+00,-1.000000000000000000e+00,-1.000000000000000000e+00,-1.000000000000000000e+00,-1.000000000000000000e+00,-1.000000000000000000e+00,-1.000000000000000000e+00,-1.000000000000000000e+00,-1.000000000000000000e+00,-1.313844063026545772e+00,-1.313853404908870592e+00,-1.313878753018059120e+00,-1.313910809909798694e+00,-1.313929422647423406e+00,-1.313894974316472064e+00,-1.313732781774139102e+00,-1.313306293992743345e+00,-1.312372890569139194e+00,-1.310513760957527252e+00,-1.307027170895543655e+00,-1.300773231766005011e+00,-1.289959593912390234e+00,-1.271863458680192460e+00,-1.242498690741653755e+00,-1.196260751313665605e+00,-1.125620094958598383e+00,-1.020991578611958328e+00,-8.709936848912376295e-01,-6.634508119569406670e-01,-3.877302723018389852e-01,-3.939677361364524177e-02,3.713533167360825171e-01,8.061783685654688725e-01,1.182907054585078832e+00,1.381812138189523864e+00,1.381811744295137867e+00,1.182905938035169413e+00,8.061767039827461012e-01,3.713513219994415415e-01,-3.939889265677443131e-02,-3.877323541496440207e-01,-6.634527504659035735e-01,-8.709954251562750382e-01,-1.020993104888465286e+00,-1.125621416565677713e+00,-1.196261890401669081e+00,-1.242499673663896465e+00,-1.271864309453530240e+00,-1.289960331709931074e+00,-1.300773869280482664e+00,-1.307027716262410655e+00,-1.310514218650487672e+00,-1.312373263076180185e+00,-1.313306582754571572e+00,-1.313732989165161458e+00,-1.313895104776173772e+00,-1.313929482399811333e+00,-1.313910809424565507e+00,-1.313878702911487117e+00,-1.313853318065281606e+00,-1.313843959986083609e+00,-1.000000000000000000e+00,-1.000000000000000000e+00,-1.000000000000000000e+00,-1.000000000000000000e+00,-1.000000000000000000e+00,-1.000000000000000000e+00,-1.000000000000000000e+00,-1.000000000000000000e+00,-1.000000000000000000e+00,-1.000000000000000000e+00,-1.000000000000000000e+00,-1.000000000000000000e+00,-1.000000000000000000e+00,-1.000000000000000000e+00,-1.000000000000000000e+00,-1.000000000000000000e+00,-1.000000000000000000e+00,-1.000000000000000000e+00,-1.000000000000000000e+00,-1.000000000000000000e+00,-1.000000000000000000e+00,-1.000000000000000000e+00,-1.000000000000000000e+00,-1.000000000000000000e+00,-1.000000000000000000e+00,-1.000000000000000000e+00,-1.000000000000000000e+00,-1.000000000000000000e+00,-1.000000000000000000e+00,-1.000000000000000000e+00,-1.000000000000000000e+00,-1.000000000000000000e+00,-1.000000000000000000e+00,-1.000000000000000000e+00,-1.000000000000000000e+00,-1.000000000000000000e+00,-1.000000000000000000e+00,-1.000000000000000000e+00,-1.000000000000000000e+00,-1.000000000000000000e+00,-1.000000000000000000e+00,-1.000000000000000000e+00,-1.000000000000000000e+00,-1.000000000000000000e+00,-1.000000000000000000e+00,-1.000000000000000000e+00
-1.000000000000000000e+00,-1.000000000000000000e+00,-1.000000000000000000e+00,-1.000000000000000000e+00,-1.000000000000000000e+00,-1.000000000000000000e+00,-1.000000000000000000e+00,-1.000000000000000000e+00,-1.000000000000000000e+00,-1.000000000000000000e+00,-1.000000000000000000e+00,-1.000000000000000000e+00,-1.000000000000000000e+00,-1.000000000000000000e+00,-1.000000000000000000e+00,-1.000000000000000000e+00,-1.000000000000000000e+00,-1.000000000000000000e+00,-1.000000000000000000e+00,-1.000000000000000000e+00,-1.000000000000000000e+00,-1.000000000000000000e+00,-1.000000000000000000e+00,-1.000000000000000000e+00,-1.000000000000000000e+00,-1.000000000000000000e+00,-1.000000000000000000e+00,-1.000000000000000000e+00,-1.000000000000000000e+00,-1.000000000000000000e+00,-1.000000000000000000e+00,-1.000000000000000000e+00,-1.000000000000000000e+00,-1.000000000000000000e+00,-1.000000000000000000e+00,-1.000000000000000000e+00,-1.000000000000000000e+00,-1.000000000000000000e+00,-1.000000000000000000e+00,-1.000000000000000000e+00,-1.000000000000000000e+00,-1.000000000000000000e+00,-1.000000000000000000e+00,-1.000000000000000000e+00,-1.000000000000000000e+00,-1.000000000000000000e+00,-1.313923066867009659e+00,-1.313932396590746343e+00,-1.313957707861293844e+00,-1.313989703731145209e+00,-1.314008231490470413e+00,-1.313973672250803526e+00,-1.313811338186780420e+00,-1.313384667034263931e+00,-1.312451017154991684e+00,-1.310591539306849684e+00,-1.307104433822062317e+00,-1.300849706347472656e+00,-1.290034845423914112e+00,-1.271936816029194617e+00,-1.242569156114117002e+00,-1.196326901754559913e+00,-1.125679995972561631e+00,-1.021042741358969996e+00,-8.710331143176759383e-01,-6.634752011317321951e-01,-3.877363976227350406e-01,-3.938211914310307815e-02,3.713897381172748258e-01,8.062351422949929347e-01,1.182979758375056534e+00,1.381893516858388793e+00,1.381893133269020080e+00,1.182978669743502298e+00,8.062335147099208843e-01,3.713877778059904156e-01,-3.938421819152260195e-02,-3.877384838337927242e-01,-6.634771755385560077e-01,-8.710349269370148972e-01,-1.021044379998684803e+00,-1.125681472484439505e+00,-1.196328240227506390e+00,-1.242570384294799712e+00,-1.271937959386327366e+00,-1.290035924406949919e+00,-1.300850734682277965e+00,-1.307105419978695560e+00,-1.310592487370437320e+00,-1.312451928321584305e+00,-1.313385540428732901e+00,-1.313812172669243772e+00,-1.313974467855348660e+00,-1.314008988880467577e+00,-1.313990427330381516e+00,-1.313958402761160160e+00,-1.313933068535126036e+00,-1.313923728613259012e+00,-1.000000000000000000e+00,-1.000000000000000000e+00,-1.000000000000000000e+00,-1.000000000000000000e+00,-1.000000000000000000e+00,-1.000000000000000000e+00,-1.000000000000000000e+00,-1.000000000000000000e+00,-1.000000000000000000e+00,-1.000000000000000000e+00,-1.000000000000000000e+00,-1.000000000000000000e+00,-1.000000000000000000e+00,-1.000000000000000000e+00,-1.000000000000000000e+00,-1.000000000000000000e+00,-1.000000000000000000e+00,-1.000000000000000000e+00,-1.000000000000000000e+00,-1.000000000000000000e+00,-1.000000000000000000e+00,-1.000000000000000000e+00,-1.000000000000000000e+00,-1.000000000000000000e+00,-1.000000000000000000e+00,-1.000000000000000000e+00,-1.000000000000000000e+00,-1.000000000000000000e+00,-1.000000000000000000e+00,-1.000000000000000000e+00,-1.000000000000000000e+00,-1.000000000000000000e+00,-1.000000000000000000e+00,-1.000000000000000000e+00,-1.000000000000000000e+00,-1.000000000000000000e+00,-1.000000000000000000e+00,-1.000000000000000000e+00,-1.000000000000000000e+00,-1.000000000000000000e+00,-1.000000000000000000e+00,-1.000000000000000000e+00,-1.000000000000000000e+00,-1.000000000000000000e+00,-1.000000000000000000e+00,-1.000000000000000000e+00
-1.000000000000000000e+00,-1.000000000000000000e+00,-1.000000000000000000e+00,-1.000000000000000000e+00,-1.000000000000000000e+00,-1.000000000000000000e+00,-1.000000000000000000e+00,-1.000000000000000000e+00,-1.000000000000000000e+00,-1.000000000000000000e+00,-1.000000000000000000e+00,-1.000000000000000000e+00,-1.000000000000000000e+00,-1.000000000000000000e+00,-1.000000000000000000e+00,-1.000000000000000000e+00,-1.000000000000000000e+00,-1.000000000000000000e+00,-1.000000000000000000e+00,-1.000000000000000000e+00,-1.000000000000000000e+00,-1.000000000000000000e+00,-1.000000000000000000e+00,-1.000000000000000000e+00,-1.000000000000000000e+00,-1.000000000000000000e+00,-1.000000000000000000e+00,-1.000000000000000000e+00,-1.000000000000000000e+00,-1.000000000000000000e+00,-1.000000000000000000e+00,-1.000000000000000000e+00,-1.000000000000000000e+00,-1.000000000000000000e+00,-1.000000000000000000e+00,-1.000000000000000000e+00,-1.000000000000000000e+00,-1.000000000000000000e+00,-1.000000000000000000e+00,-1.000000000000000000e+00,-1.000000000000000000e+00,-1.000000000000000000e+00,-1.000000000000000000e+00,-1.000000000000000000e+00,-1.000000000000000000e+00,-1.000000000000000000e+00,-1.313998013466910031e+00,-1.314007335917977803e+00,-1.314032624659208892e+00,-1.314064582229992117e+00,-1.314083055446059856e+00,-1.314048422735204280e+00,-1.313885990684487526e+00,-1.313459185018353237e+00,-1.312525342066232170e+00,-1.310665573781255366e+00,-1.307178016058469616e+00,-1.300922571459547594e+00,-1.290106571393263790e+00,-1.272006751617946740e+00,-1.242636333526999204e+00,-1.196389941120041156e+00,-1.125737021097129364e+00,-1.021091337136492694e+00,-8.710703717854870742e-01,-6.634979040931219263e-01,-3.877414042013521689e-01,-3.936696704077191633e-02,3.714260325903397941e-01,8.062912298338049677e-01,1.183051354729613536e+00,1.381973559479742431e+00,1.381973188113491346e+00,1.183050299430403740e+00,8.062896480414731837e-01,3.714241198111547515e-01,-3.936902725470881048e-02,-3.877434688461592893e-01,-6.634998803144094293e-01,-8.710722136006824323e-01,-1.021093034893540086e+00,-1.125738588193201384e+00,-1.196391402526427505e+00,-1.242637717205766545e+00,-1.272008083292449188e+00,-1.290107871731610345e+00,-1.300923854447385786e+00,-1.307179289880044948e+00,-1.310666841790302906e+00,-1.312526604322552970e+00,-1.313460439050168516e+00,-1.313887233092963180e+00,-1.314049650866208063e+00,-1.314084266837994619e+00,-1.314065777989775752e+00,-1.314033807642359220e+00,-1.314008508010632514e+00,-1.313999181273509453e+00,-1.000000000000000000e+00,-1.000000000000000000e+00,-1.000000000000000000e+00,-1.000000000000000000e+00,-1.000000000000000000e+00,-1.000000000000000000e+00,-1.000000000000000000e+00,-1.000000000000000000e+00,-1.000000000000000000e+00,-1.000000000000000000e+00,-1.000000000000000000e+00,-1.000000000000000000e+00,-1.000000000000000000e+00,-1.000000000000000000e+00,-1.000000000000000000e+00,-1.000000000000000000e+00,-1.000000000000000000e+00,-1.000000000000000000e+00,-1.000000000000000000e+00,-1.000000000000000000e+00,-1.000000000000000000e+00,-1.000000000000000000e+00,-1.000000000000000000e+00,-1.000000000000000000e+00,-1.000000000000000000e+00,-1.000000000000000000e+00,-1.000000000000000000e+00,-1.000000000000000000e+00,-1.000000000000000000e+00,-1.000000000000000000e+00,-1.000000000000000000e+00,-1.000000000000000000e+00,-1.000000000000000000e+00,-1.000000000000000000e+00,-1.000000000000000000e+00,-1.000000000000000000e+00,-1.000000000000000000e+00,-1.000000000000000000e+00,-1.000000000000000000e+00,-1.000000000000000000e+00,-1.000000000000000000e+00,-1.000000000000000000e+00,-1.000000000000000000e+00,-1.000000000000000000e+00,-1.000000000000000000e+00,-1.000000000000000000e+00
-1.000000000000000000e+00,-1.000000000000000000e+00,-1.000000000000000000e+00,-1.000000000000000000e+00,-1.000000000000000000e+00,-1.000000000000000000e+00,-1.000000000000000000e+00,-1.000000000000000000e+00,-1.000000000000000000e+00,-1.000000000000000000e+00,-1.000000000000000000e+00,-1.000000000000000000e+00,-1.000000000000000000e+00,-1.000000000000000000e+00,-1.000000000000000000e+00,-1.000000000000000000e+00,-1.000000000000000000e+00,-1.000000000000000000e+00,-1.000000000000000000e+00,-1.000000000000000000e+00,-1.000000000000000000e+00,-1.000000000000000000e+00,-1.000000000000000000e+00,-1.000000000000000000e+00,-1.000000000000000000e+00,-1.000000000000000000e+00,-1.000000000000000000e+00,-1.000000000000000000e+00,-1.000000000000000000e+00,-1.000000000000000000e+00,-1.000000000000000000e+00,-1.000000000000000000e+00,-1.000000000000000000e+00,-1.000000000000000000e+00,-1.000000000000000000e+00,-1.000000000000000000e+00,-1.000000000000000000e+00,-1.000000000000000000e+00,-1.000000000000000000e+00,-1.000000000000000000e+00,-1.000000000000000000e+00,-1.000000000000000000e+00,-1.000000000000000000e+00,-1.000000000000000000e+00,-1.000000000000000000e+00,-1.000000000000000000e+00,-1.314069259159699410e+00,-1.314078577320488384e+00,-1.314103852561032459e+00,-1.314135786315353549e+00,-1.314154224218071043e+00,-1.314119541418715009e+00,-1.313957038414370171e+00,-1.313530128878573233e+00,-1.312596127156175463e+00,-1.310736107008083851e+00,-1.307248141345045411e+00,-1.300992032650373664e+00,-1.290174960205562327e+00,-1.272073438070044471e+00,-1.242700381534273868e+00,-1.196450015999416250e+00,-1.125791307595849444e+00,-1.021137497349458689e+00,-8.711055871666621986e-01,-6.635190543066005198e-01,-3.877454347247825117e-01,-3.935147481978285011e-02,3.714620230033933712e-01,8.063464319801327829e-01,1.183121624726434007e+00,1.382052035881112584e+00,1.382051677819682745e+00,1.183120605971159645e+00,8.063449014205121834e-01,3.714601660525747029e-01,-3.935348393052806593e-02,-3.877474604468531538e-01,-6.635210091312460090e-01,-8.711074284877819984e-01,-1.021139217323749016e+00,-1.125792920467828973e+00,-1.196451546952969958e+00,-1.242701858145588645e+00,-1.272074885620810170e+00,-1.290176398863486673e+00,-1.300993476051879760e+00,-1.307249596940505354e+00,-1.310737577199956094e+00,-1.312597610976147466e+00,-1.313531622827768919e+00,-1.313958537990742137e+00,-1.314121042947508311e+00,-1.314155724332400021e+00,-1.314137284774718584e+00,-1.314105351581271952e+00,-1.314080076328731472e+00,-1.314070759197336180e+00,-1.000000000000000000e+00,-1.000000000000000000e+00,-1.000000000000000000e+00,-1.000000000000000000e+00,-1.000000000000000000e+00,-1.000000000000000000e+00,-1.000000000000000000e+00,-1.000000000000000000e+00,-1.000000000000000000e+00,-1.000000000000000000e+00,-1.000000000000000000e+00,-1.000000000000000000e+00,-1.000000000000000000e+00,-1.000000000000000000e+00,-1.000000000000000000e+00,-1.000000000000000000e+00,-1.000000000000000000e+00,-1.000000000000000000e+00,-1.000000000000000000e+00,-1.000000000000000000e+00,-1.000000000000000000e+00,-1.000000000000000000e+00,-1.000000000000000000e+00,-1.000000000000000000e+00,-1.000000000000000000e+00,-1.000000000000000000e+00,-1.000000000000000000e+00,-1.000000000000000000e+00,-1.000000000000000000e+00,-1.000000000000000000e+00,-1.000000000000000000e+00,-1.000000000000000000e+00,-1.000000000000000000e+00,-1.000000000000000000e+00,-1.000000000000000000e+00,-1.000000000000000000e+00,-1.000000000000000000e+00,-1.000000000000000000e+00,-1.000000000000000000e+00,-1.000000000000000000e+00,-1.000000000000000000e+00,-1.000000000000000000e+00,-1.000000000000000000e+00,-1.000000000000000000e+00,-1.000000000000000000e+00,-1.000000000000000000e+00
-1.000000000000000000e+00,-1.000000000000000000e+00,-1.000000000000000000e+00,-1.000000000000000000e+00,-1.000000000000000000e+00,-1.000000000000000000e+00,-1.000000000000000000e+00,-1.000000000000000000e+00,-1.000000000000000000e+00,-1.000000000000000000e+00,-1.000000000000000000e+00,-1.000000000000000000e+00,-1.000000000000000000e+00,-1.000000000000000000e+00,-1.000000000000000000e+00,-1.000000000000000000e+00,-1.000000000000000000e+00,-1.000000000000000000e+00,-1.000000000000000000e+00,-1.000000000000000000e+00,-1.000000000000000000e+00,-1.000000000000000000e+00,-1.000000000000000000e+00,-1.000000000000000000e+00,-1.000000000000000000e+00,-1.000000000000000000e+00,-1.000000000000000000e+00,-1.000000000000000000e+00,-1.000000000000000000e+00,-1.000000000000000000e+00,-1.000000000000000000e+00,-1.000000000000000000e+00,-1.000000000000000000e+00,-1.000000000000000000e+00,-1.000000000000000000e+00,-1.000000000000000000e+00,-1.000000000000000000e+00,-1.000000000000000000e+00,-1.000000000000000000e+00,-1.000000000000000000e+00,-1.000000000000000000e+00,-1.000000000000000000e+00,-1.000000000000000000e+00,-1.000000000000000000e+00,-1.000000000000000000e+00,-1.000000000000000000e+00,-1.314137054834486840e+00,-1.314146370304862810e+00,-1.314171637258547465e+00,-1.314203556019467367e+00,-1.314221970632231118e+00,-1.314187252453289823e+00,-1.314024695376797336e+00,-1.313597701117544148e+00,-1.312663562527418559e+00,-1.310803316376115246e+00,-1.307314974543367203e+00,-1.301058242768053264e+00,-1.290240153461338135e+00,-1.272137006848944374e+00,-1.242761422808827287e+00,-1.196507241888689066e+00,-1.125842965703043763e+00,-1.021181329505930657e+00,-8.711388686730217046e-01,-6.635387650668091997e-01,-3.877486126456715088e-01,-3.933578113224256434e-02,3.714975514597977924e-01,8.064005699085927681e-01,1.183190371129792862e+00,1.382128738359825526e+00,1.382128393785135856e+00,1.183189389898501531e+00,8.063990932448505955e-01,3.714957554486444380e-01,-3.933773097173010047e-02,-3.877505877945048862e-01,-6.635406830389101174e-01,-8.711406897113475045e-01,-1.021183046816493523e+00,-1.125844593694330209e+00,-1.196508805504976625e+00,-1.242762949025261854e+00,-1.272138520103512915e+00,-1.290241672872585177e+00,-1.301059781107295255e+00,-1.307316538303832765e+00,-1.310804907040320044e+00,-1.312665178375662212e+00,-1.313599338338335754e+00,-1.314026349629223045e+00,-1.314188920545802164e+00,-1.314223649732908061e+00,-1.314205245140093847e+00,-1.314173337713384182e+00,-1.314148079278764980e+00,-1.314138768616179176e+00,-1.000000000000000000e+00,-1.000000000000000000e+00,-1.000000000000000000e+00,-1.000000000000000000e+00,-1.000000000000000000e+00,-1.000000000000000000e+00,-1.000000000000000000e+00,-1.000000000000000000e+00,-1.000000000000000000e+00,-1.000000000000000000e+00,-1.000000000000000000e+00,-1.000000000000000000e+00,-1.000000000000000000e+00,-1.000000000000000000e+00,-1.000000000000000000e+00,-1.000000000000000000e+00,-1.000000000000000000e+00,-1.000000000000000000e+00,-1.000000000000000000e+00,-1.000000000000000000e+00,-1.000000000000000000e+00,-1.000000000000000000e+00,-1.000000000000000000e+00,-1.000000000000000000e+00,-1.000000000000000000e+00,-1.000000000000000000e+00,-1.000000000000000000e+00,-1.000000000000000000e+00,-1.000000000000000000e+00,-1.000000000000000000e+00,-1.000000000000000000e+00,-1.000000000000000000e+00,-1.000000000000000000e+00,-1.000000000000000000e+00,-1.000000000000000000e+00,-1.000000000000000000e+00,-1.000000000000000000e+00,-1.000000000000000000e+00,-1.000000000000000000e+00,-1.000000000000000000e+00,-1.000000000000000000e+00,-1.000000000000000000e+00,-1.000000000000000000e+00,-1.000000000000000000e+00,-1.000000000000000000e+00,-1.000000000000000000e+00
-1.000000000000000000e+00,-1.000000000000000000e+00,-1.000000000000000000e+00,-1.000000000000000000e+00,-1.000000000000000000e+00,-1.000000000000000000e+00,-1.000000000000000000e+00,-1.000000000000000000e+00,-1.000000000000000000e+00,-1.000000000000000000e+00,-1.000000000000000000e+00,-1.000000000000000000e+00,-1.000000000000000000e+00,-1.000000000000000000e+00,-1.000000000000000000e+00,-1.000000000000000000e+00,-1.000000000000000000e+00,-1.000000000000000000e+00,-1.000000000000000000e+00,-1.000000000000000000e+00,-1.000000000000000000e+00,-1.000000000000000000e+00,-1.000000000000000000e+00,-1.000000000000000000e+00,-1.000000000000000000e+00,-1.000000000000000000e+00,-1.000000000000000000e+00,-1.000000000000000000e+00,-1.000000000000000000e+00,-1.000000000000000000e+00,-1.000000000000000000e+00,-1.000000000000000000e+00,-1.000000000000000000e+00,-1.000000000000000000e+00,-1.000000000000000000e+00,-1.000000000000000000e+00,-1.000000000000000000e+00,-1.000000000000000000e+00,-1.000000000000000000e+00,-1.000000000000000000e+00,-1.000000000000000000e+00,-1.000000000000000000e+00,-1.000000000000000000e+00,-1.000000000000000000e+00,-1.000000000000000000e+00,-1.000000000000000000e+00,-1.314201579484392424e+00,-1.314210893082392140e+00,-1.314236154449964777e+00,-1.314268062953429350e+00,-1.314286461111933813e+00,-1.314251716447249585e+00,-1.314089115903957383e+00,-1.313662049204419979e+00,-1.312727788156457187e+00,-1.310867333928112055e+00,-1.307378639695617295e+00,-1.301121318102874680e+00,-1.290302260138245227e+00,-1.272197560334299204e+00,-1.242819554144245053e+00,-1.196561711373711923e+00,-1.125892085483615856e+00,-1.021222923213715772e+00,-8.711703081871403631e-01,-6.635571341049235627e-01,-3.877510459455043579e-01,-3.932000879204777810e-02,3.715324766185323924e-01,8.064534821841273793e-01,1.183257414801300644e+00,1.382203477977431039e+00,1.382203146746887157e+00,1.183256471030115886e+00,8.064520602188933740e-01,3.715307439583124260e-01,-3.932189482104875289e-02,-3.877529635084341342e-01,-6.635590053831725843e-01,-8.711720958208231114e-01,-1.021224621022936097e+00,-1.125893707704755720e+00,-1.196563282488385616e+00,-1.242821100352157426e+00,-1.272199104800632030e+00,-1.290303820436401905e+00,-1.301122905739141355e+00,-1.307380260219456858e+00,-1.310868988247682720e+00,-1.312729474461351575e+00,-1.313663764428899761e+00,-1.314090857102524490e+00,-1.314253481692057912e+00,-1.314288248139144466e+00,-1.314269869251584844e+00,-1.314237979223879416e+00,-1.314212731560400194e+00,-1.314203424674785126e+00,-1.000000000000000000e+00,-1.000000000000000000e+00,-1.000000000000000000e+00,-1.000000000000000000e+00,-1.000000000000000000e+00,-1.000000000000000000e+00,-1.000000000000000000e+00,-1.000000000000000000e+00,-1.000000000000000000e+00,-1.000000000000000000e+00,-1.000000000000000000e+00,-1.000000000000000000e+00,-1.000000000000000000e+00,-1.000000000000000000e+00,-1.000000000000000000e+00,-1.000000000000000000e+00,-1.000000000000000000e+00,-1.000000000000000000e+00,-1.000000000000000000e+00,-1.000000000000000000e+00,-1.000000000000000000e+00,-1.000000000000000000e+00,-1.000000000000000000e+00,-1.000000000000000000e+00,-1.000000000000000000e+00,-1.000000000000000000e+00,-1.000000000000000000e+00,-1.000000000000000000e+00,-1.000000000000000000e+00,-1.000000000000000000e+00,-1.000000000000000000e+00,-1.000000000000000000e+00,-1.000000000000000000e+00,-1.000000000000000000e+00,-1.000000000000000000e+00,-1.000000000000000000e+00,-1.000000000000000000e+00,-1.000000000000000000e+00,-1.000000000000000000e+00,-1.000000000000000000e+00,-1.000000000000000000e+00,-1.000000000000000000e+00,-1.000000000000000000e+00,-1.000000000000000000e+00,-1.000000000000000000e+00,-1.000000000000000000e+00
-1.000000000000000000e+00,-1.000000000000000000e+00,-1.000000000000000000e+00,-1.000000000000000000e+00,-1.000000000000000000e+00,-1.000000000000000000e+00,-1.000000000000000000e+00,-1.000000000000000000e+00,-1.000000000000000000e+00,-1.000000000000000000e+00,-1.000000000000000000e+00,-1.000000000000000000e+00,-1.000000000000000000e+00,-1.000000000000000000e+00,-1.000000000000000000e+00,-1.000000000000000000e+00,-1.000000000000000000e+00,-1.000000000000000000e+00,-1.000000000000000000e+00,-1.000000000000000000e+00,-1.000000000000000000e+00,-1.000000000000000000e+00,-1.000000000000000000e+00,-1.000000000000000000e+00,-1.000000000000000000e+00,-1.000000000000000000e+00,-1.000000000000000000e+00,-1.000000000000000000e+00,-1.000000000000000000e+00,-1.000000000000000000e+00,-1.000000000000000000e+00,-1.000000000000000000e+00,-1.000000000000000000e+00,-1.000000000000000000e+00,-1.000000000000000000e+00,-1.000000000000000000e+00,-1.000000000000000000e+00,-1.000000000000000000e+00,-1.000000000000000000e+00,-1.000000000000000000e+00,-1.000000000000000000e+00,-1.000000000000000000e+00,-1.000000000000000000e+00,-1.000000000000000000e+00,-1.000000000000000000e+00,-1.000000000000000000e+00,-1.314262962531743906e+00,-1.314272274819507480e+00,-1.314297532135213498e+00,-1.314329432680045207e+00,-1.314347817592671497e+00,-1.314313051034958990e+00,-1.314150413195901868e+00,-1.313723281929855435e+00,-1.312788908350787542e+00,-1.310928259288116404e+00,-1.307439231663816814e+00,-1.301181348910231073e+00,-1.290361366149371358e+00,-1.272255180426051568e+00,-1.242874853968285898e+00,-1.196613500405243835e+00,-1.125938741964864098e+00,-1.021262354498113201e+00,-8.711999850662199840e-01,-6.635742470133512150e-01,-3.877528301383420528e-01,-3.930426732908087750e-02,3.715666714135841264e-01,8.065050225338710188e-01,1.183322592488958325e+00,1.382276082032146025e+00,1.382275763691230619e+00,1.183321685221292441e+00,8.065036546956487751e-01,3.715650026470898037e-01,-3.930608756093745271e-02,-3.877546865519106989e-01,-6.635760660398644095e-01,-8.712017312525754953e-01,-1.021264022038734565e+00,-1.125940344722681230e+00,-1.196615062078183467e+00,-1.242876399609754712e+00,-1.272256731636988603e+00,-1.290362938928682146e+00,-1.301182953609136161e+00,-1.307440873280379057e+00,-1.310929938803347072e+00,-1.312790624756887459e+00,-1.313725033827774613e+00,-1.314152199416442235e+00,-1.314314870247119904e+00,-1.314349666714630382e+00,-1.314331306527663168e+00,-1.314299427172892498e+00,-1.314274185505054149e+00,-1.314264880356590615e+00,-1.000000000000000000e+00,-1.000000000000000000e+00,-1.000000000000000000e+00,-1.000000000000000000e+00,-1.000000000000000000e+00,-1.000000000000000000e+00,-1.000000000000000000e+00,-1.000000000000000000e+00,-1.000000000000000000e+00,-1.000000000000000000e+00,-1.000000000000000000e+00,-1.000000000000000000e+00,-1.000000000000000000e+00,-1.000000000000000000e+00,-1.000000000000000000e+00,-1.000000000000000000e+00,-1.000000000000000000e+00,-1.000000000000000000e+00,-1.000000000000000000e+00,-1.000000000000000000e+00,-1.000000000000000000e+00,-1.000000000000000000e+00,-1.000000000000000000e+00,-1.000000000000000000e+00,-1.000000000000000000e+00,-1.000000000000000000e+00,-1.000000000000000000e+00,-1.000000000000000000e+00,-1.000000000000000000e+00,-1.000000000000000000e+00,-1.000000000000000000e+00,-1.000000000000000000e+00,-1.000000000000000000e+00,-1.000000000000000000e+00,-1.000000000000000000e+00,-1.000000000000000000e+00,-1.000000000000000000e+00,-1.000000000000000000e+00,-1.000000000000000000e+00,-1.000000000000000000e+00,-1.000000000000000000e+00,-1.000000000000000000e+00,-1.000000000000000000e+00,-1.000000000000000000e+00,-1.000000000000000000e+00,-1.000000000000000000e+00
-1.000000000000000000e+00,-1.000000000000000000e+00,-1.000000000000000000e+00,-1.000000000000000000e+00,-1.000000000000000000e+00,-1.000000000000000000e+00,-1.000000000000000000e+00,-1.000000000000000000e+00,-1.000000000000000000e+00,-1.000000000000000000e+00,-1.000000000000000000e+00,-1.000000000000000000e+00,-1.000000000000000000e+00,-1.000000000000000000e+00,-1.000000000000000000e+00,-1.000000000000000000e+00,-1.000000000000000000e+00,-1.000000000000000000e+00,-1.000000000000000000e+00,-1.000000000000000000e+00,-1.000000000000000000e+00,-1.000000000000000000e+00,-1.000000000000000000e+00,-1.000000000000000000e+00,-1.000000000000000000e+00,-1.000000000000000000e+00,-1.000000000000000000e+00,-1.000000000000000000e+00,-1.000000000000000000e+00,-1.000000000000000000e+00,-1.000000000000000000e+00,-1.000000000000000000e+00,-1.000000000000000000e+00,-1.000000000000000000e+00,-1.000000000000000000e+00,-1.000000000000000000e+00,-1.000000000000000000e+00,-1.000000000000000000e+00,-1.000000000000000000e+00,-1.000000000000000000e+00,-1.000000000000000000e+00,-1.000000000000000000e+00,-1.000000000000000000e+00,-1.000000000000000000e+00,-1.000000000000000000e+00,-1.000000000000000000e+00,-1.314321299002641830e+00,-1.314330610403571908e+00,-1.314355864781282746e+00,-1.314387758771869752e+00,-1.314406131869520822e+00,-1.314371345329910845e+00,-1.314208673174908082e+00,-1.313781481964087616e+00,-1.312847002711675426e+00,-1.310986169101360455e+00,-1.307496824211900277e+00,-1.301238406279976889e+00,-1.290417540254247264e+00,-1.272309933830680251e+00,-1.242927387233241365e+00,-1.196662672742480726e+00,-1.125982998949119906e+00,-1.021299688992195476e+00,-8.712279689105327796e-01,-6.635901798059870016e-01,-3.877540506469708825e-01,-3.928865528311620281e-02,3.716000205976213167e-01,8.065550575381186249e-01,1.183385755085037072e+00,1.382346392955891456e+00,1.382346086813772690e+00,1.183384882593348397e+00,8.065537418256123470e-01,3.715984141747243896e-01,-3.929041024636803492e-02,-3.877558448543143577e-01,-6.635919434968318154e-01,-8.712296685062518309e-01,-1.021301319295603527e+00,-1.125984573364812613e+00,-1.196664213648253705e+00,-1.242928918006262817e+00,-1.272311474510617657e+00,-1.290419105713787928e+00,-1.301240006207311062e+00,-1.307498463566197699e+00,-1.310987849592286203e+00,-1.312848724825571578e+00,-1.313783246171020380e+00,-1.314210479273248744e+00,-1.314373190926964696e+00,-1.314408011574399460e+00,-1.314389664663079271e+00,-1.314357791244105123e+00,-1.314332552557252010e+00,-1.314323247885533785e+00,-1.000000000000000000e+00,-1.000000000000000000e+00,-1.000000000000000000e+00,-1.000000000000000000e+00,-1.000000000000000000e+00,-1.000000000000000000e+00,-1.000000000000000000e+00,-1.000000000000000000e+00,-1.000000000000000000e+00,-1.000000000000000000e+00,-1.000000000000000000e+00,-1.000000000000000000e+00,-1.000000000000000000e+00,-1.000000000000000000e+00,-1.000000000000000000e+00,-1.000000000000000000e+00,-1.000000000000000000e+00,-1.000000000000000000e+00,-1.000000000000000000e+00,-1.000000000000000000e+00,-1.000000000000000000e+00,-1.000000000000000000e+00,-1.000000000000000000e+00,-1.000000000000000000e+00,-1.000000000000000000e+00,-1.000000000000000000e+00,-1.000000000000000000e+00,-1.000000000000000000e+00,-1.000000000000000000e+00,-1.000000000000000000e+00,-1.000000000000000000e+00,-1.000000000000000000e+00,-1.000000000000000000e+00,-1.000000000000000000e+00,-1.000000000000000000e+00,-1.000000000000000000e+00,-1.000000000000000000e+00,-1.000000000000000000e+00,-1.000000000000000000e+00,-1.000000000000000000e+00,-1.000000000000000000e+00,-1.000000000000000000e+00,-1.000000000000000000e+00,-1.000000000000000000e+00,-1.000000000000000000e+00,-1.000000000000000000e+00
-1.000000000000000000e+00,-1.000000000000000000e+00,-1.000000000000000000e+00,-1.000000000000000000e+00,-1.000000000000000000e+00,-1.000000000000000000e+00,-1.000000000000000000e+00,-1.000000000000000000e+00,-1.000000000000000000e+00,-1.000000000000000000e+00,-1.000000000000000000e+00,-1.000000000000000000e+00,-1.000000000000000000e+00,-1.000000000000000000e+00,-1.000000000000000000e+00,-1.000000000000000000e+00,-1.000000000000000000e+00,-1.000000000000000000e+00,-1.000000000000000000e+00,-1.000000000000000000e+00,-1.000000000000000000e+00,-1.000000000000000000e+00,-1.000000000000000000e+00,-1.000000000000000000e+00,-1.000000000000000000e+00,-1.000000000000000000e+00,-1.000000000000000000e+00,-1.000000000000000000e+00,-1.000000000000000000e+00,-1.000000000000000000e+00,-1.000000000000000000e+00,-1.000000000000000000e+00,-1.000000000000000000e+00,-1.000000000000000000e+00,-1.000000000000000000e+00,-1.000000000000000000e+00,-1.000000000000000000e+00,-1.000000000000000000e+00,-1.000000000000000000e+00,-1.000000000000000000e+00,-1.000000000000000000e+00,-1.000000000000000000e+00,-1.000000000000000000e+00,-1.000000000000000000e+00,-1.000000000000000000e+00,-1.000000000000000000e+00,-1.314376660460856439e+00,-1.314385971061519109e+00,-1.314411223051699995e+00,-1.314443111557163313e+00,-1.314461473887488019e+00,-1.314426668369852891e+00,-1.314263963261703028e+00,-1.313836714640607584e+00,-1.312902134449750680e+00,-1.311041124584838569e+00,-1.307551476642799582e+00,-1.301292547702845415e+00,-1.290470838485274996e+00,-1.272361875578872148e+00,-1.242977208457312965e+00,-1.196709282814031106e+00,-1.126024911550134400e+00,-1.021334983925619611e+00,-8.712543211175147739e-01,-6.636050004421458759e-01,-3.877547846188345027e-01,-3.927326227091243460e-02,3.716324188775663728e-01,8.066034649032363113e-01,1.183446765647194976e+00,1.382414266010577819e+00,1.382413971521704976e+00,1.183445926402017179e+00,8.066021990561682564e-01,3.716308721683856398e-01,-3.927495427186245003e-02,-3.877565176162506289e-01,-6.636067079374252664e-01,-8.712559716372791918e-01,-1.021336573101345069e+00,-1.126026452083171314e+00,-1.196710795253132620e+00,-1.242978714286510744e+00,-1.272363393706400947e+00,-1.290472383354386743e+00,-1.301294128986725696e+00,-1.307553099781485262e+00,-1.311042792524066414e+00,-1.312903849271791712e+00,-1.313838477822878215e+00,-1.314265773825180394e+00,-1.314428521256631344e+00,-1.314463360995296481e+00,-1.314445023536776391e+00,-1.314413153440292747e+00,-1.314387916235645770e+00,-1.314378611282353670e+00,-1.000000000000000000e+00,-1.000000000000000000e+00,-1.000000000000000000e+00,-1.000000000000000000e+00,-1.000000000000000000e+00,-1.000000000000000000e+00,-1.000000000000000000e+00,-1.000000000000000000e+00,-1.000000000000000000e+00,-1.000000000000000000e+00,-1.000000000000000000e+00,-1.000000000000000000e+00,-1.000000000000000000e+00,-1.000000000000000000e+00,-1.000000000000000000e+00,-1.000000000000000000e+00,-1.000000000000000000e+00,-1.000000000000000000e+00,-1.000000000000000000e+00,-1.000000000000000000e+00,-1.000000000000000000e+00,-1.000000000000000000e+00,-1.000000000000000000e+00,-1.000000000000000000e+00,-1.000000000000000000e+00,-1.000000000000000000e+00,-1.000000000000000000e+00,-1.000000000000000000e+00,-1.000000000000000000e+00,-1.000000000000000000e+00,-1.000000000000000000e+00,-1.000000000000000000e+00,-1.000000000000000000e+00,-1.000000000000000000e+00,-1.000000000000000000e+00,-1.000000000000000000e+00,-1.000000000000000000e+00,-1.000000000000000000e+00,-1.000000000000000000e+00,-1.000000000000000000e+00,-1.000000000000000000e+00,-1.000000000000000000e+00,-1.000000000000000000e+00,-1.000000000000000000e+00,-1.000000000000000000e+00,-1.000000000000000000e+00
-1.000000000000000000e+00,-1.000000000000000000e+00,-1.000000000000000000e+00,-1.000000000000000000e+00,-1.000000000000000000e+00,-1.000000000000000000e+00,-1.000000000000000000e+00,-1.000000000000000000e+00,-1.000000000000000000e+00,-1.000000000000000000e+00,-1.000000000000000000e+00,-1.000000000000000000e+00,-1.000000000000000000e+00,-1.000000000000000000e+00,-1.000000000000000000e+00,-1.000000000000000000e+00,-1.000000000000000000e+00,-1.000000000000000000e+00,-1.000000000000000000e+00,-1.000000000000000000e+00,-1.000000000000000000e+00,-1.000000000000000000e+00,-1.000000000000000000e+00,-1.000000000000000000e+00,-1.000000000000000000e+00,-1.000000000000000000e+00,-1.000000000000000000e+00,-1.000000000000000000e+00,-1.000000000000000000e+00,-1.000000000000000000e+00,-1.000000000000000000e+00,-1.000000000000000000e+00,-1.000000000000000000e+00,-1.000000000000000000e+00,-1.000000000000000000e+00,-1.000000000000000000e+00,-1.000000000000000000e+00,-1.000000000000000000e+00,-1.000000000000000000e+00,-1.000000000000000000e+00,-1.000000000000000000e+00,-1.000000000000000000e+00,-1.000000000000000000e+00,-1.000000000000000000e+00,-1.000000000000000000e+00,-1.000000000000000000e+00,-1.314429102819158812e+00,-1.314438412341613294e+00,-1.314463661638891834e+00,-1.314495545029182644e+00,-1.314513897387728836e+00,-1.314479073846857249e+00,-1.314316336858687206e+00,-1.313889032626879061e+00,-1.312954355263669326e+00,-1.311093176457097664e+00,-1.307603238659027722e+00,-1.301343821670979617e+00,-1.290521308150895718e+00,-1.272411052209571070e+00,-1.243024364173820562e+00,-1.196753377824465447e+00,-1.126064528149050226e+00,-1.021368289736175994e+00,-8.712790959108088762e-01,-6.636187695199200487e-01,-3.877551021045830826e-01,-3.925817060026581817e-02,3.716637695073963243e-01,8.066501325530230915e-01,1.183505498683172785e+00,1.382479568310946316e+00,1.382479284756552129e+00,1.183504690618969679e+00,8.066489135474459449e-01,3.716622792004500297e-01,-3.925980252170591100e-02,-3.877567758012081534e-01,-6.636204215577067300e-01,-8.712806969095292509e-01,-1.021369836010862731e+00,-1.126066031442095605e+00,-1.196754856814340684e+00,-1.243025838725666965e+00,-1.272412540545918125e+00,-1.290522824709845029e+00,-1.301345376640683504e+00,-1.307604838435059147e+00,-1.311094825450440426e+00,-1.312956056487647905e+00,-1.313890786920505649e+00,-1.314318140754097808e+00,-1.314480919196317377e+00,-1.314515774434861450e+00,-1.314497444856264963e+00,-1.314465577634144733e+00,-1.314440341540184853e+00,-1.314431035891916899e+00,-1.000000000000000000e+00,-1.000000000000000000e+00,-1.000000000000000000e+00,-1.000000000000000000e+00,-1.000000000000000000e+00,-1.000000000000000000e+00,-1.000000000000000000e+00,-1.000000000000000000e+00,-1.000000000000000000e+00,-1.000000000000000000e+00,-1.000000000000000000e+00,-1.000000000000000000e+00,-1.000000000000000000e+00,-1.000000000000000000e+00,-1.000000000000000000e+00,-1.000000000000000000e+00,-1.000000000000000000e+00,-1.000000000000000000e+00,-1.000000000000000000e+00,-1.000000000000000000e+00,-1.000000000000000000e+00,-1.000000000000000000e+00,-1.000000000000000000e+00,-1.000000000000000000e+00,-1.000000000000000000e+00,-1.000000000000000000e+00,-1.000000000000000000e+00,-1.000000000000000000e+00,-1.000000000000000000e+00,-1.000000000000000000e+00,-1.000000000000000000e+00,-1.000000000000000000e+00,-1.000000000000000000e+00,-1.000000000000000000e+00,-1.000000000000000000e+00,-1.000000000000000000e+00,-1.000000000000000000e+00,-1.000000000000000000e+00,-1.000000000000000000e+00,-1.000000000000000000e+00,-1.000000000000000000e+00,-1.000000000000000000e+00,-1.000000000000000000e+00,-1.000000000000000000e+00,-1.000000000000000000e+00,-1.000000000000000000e+00
-1.000000000000000000e+00,-1.000000000000000000e+00,-1.000000000000000000e+00,-1.000000000000000000e+00,-1.000000000000000000e+00,-1.000000000000000000e+00,-1.000000000000000000e+00,-1.000000000000000000e+00,-1.000000000000000000e+00,-1.000000000000000000e+00,-1.000000000000000000e+00,-1.000000000000000000e+00,-1.000000000000000000e+00,-1.000000000000000000e+00,-1.000000000000000000e+00,-1.000000000000000000e+00,-1.000000000000000000e+00,-1.000000000000000000e+00,-1.000000000000000000e+00,-1.000000000000000000e+00,-1.000000000000000000e+00,-1.000000000000000000e+00,-1.000000000000000000e+00,-1.000000000000000000e+00,-1.000000000000000000e+00,-1.000000000000000000e+00,-1.000000000000000000e+00,-1.000000000000000000e+00,-1.000000000000000000e+00,-1.000000000000000000e+00,-1.000000000000000000e+00,-1.000000000000000000e+00,-1.000000000000000000e+00,-1.000000000000000000e+00,-1.000000000000000000e+00,-1.000000000000000000e+00,-1.000000000000000000e+00,-1.000000000000000000e+00,-1.000000000000000000e+00,-1.000000000000000000e+00,-1.000000000000000000e+00,-1.000000000000000000e+00,-1.000000000000000000e+00,-1.000000000000000000e+00,-1.000000000000000000e+00,-1.000000000000000000e+00,-1.314478671192198522e+00,-1.314487979327307432e+00,-1.314513225150208076e+00,-1.314545102921378605e+00,-1.314563445337159520e+00,-1.314528604355498675e+00,-1.314365836512541241e+00,-1.313938478442598257e+00,-1.313003707567955480e+00,-1.311142367055155189e+00,-1.307652152573401061e+00,-1.301392270245004479e+00,-1.290568990756643997e+00,-1.272457504676095974e+00,-1.243068895295013299e+00,-1.196794999437589269e+00,-1.126101891800255439e+00,-1.021399651555118915e+00,-8.713023417734918619e-01,-6.636315413937172725e-01,-3.877550665193700841e-01,-3.924345550289087825e-02,3.716939834856607394e-01,8.066949570317818452e-01,1.183561838317457315e+00,1.382542177411404172e+00,1.382541904273710376e+00,1.183561059776613966e+00,8.066937821046886725e-01,3.716925461791293905e-01,-3.924503085203034924e-02,-3.877566842845072692e-01,-6.636331408994824432e-01,-8.713038949502261987e-01,-1.021401154702412439e+00,-1.126103355750045942e+00,-1.196796441581973625e+00,-1.243070334565971935e+00,-1.272458959011798729e+00,-1.290570474928737887e+00,-1.301393795521301744e+00,-1.307653726674667061e+00,-1.311143995490844372e+00,-1.313005392762174317e+00,-1.313940218725822895e+00,-1.314367625028187936e+00,-1.314530430742003597e+00,-1.314565299894769446e+00,-1.314546978432436619e+00,-1.314515114800828499e+00,-1.314489879929016114e+00,-1.314480573586538803e+00,-1.000000000000000000e+00,-1.000000000000000000e+00,-1.000000000000000000e+00,-1.000000000000000000e+00,-1.000000000000000000e+00,-1.000000000000000000e+00,-1.000000000000000000e+00,-1.000000000000000000e+00,-1.000000000000000000e+00,-1.000000000000000000e+00,-1.000000000000000000e+00,-1.000000000000000000e+00,-1.000000000000000000e+00,-1.000000000000000000e+00,-1.000000000000000000e+00,-1.000000000000000000e+00,-1.000000000000000000e+00,-1.000000000000000000e+00,-1.000000000000000000e+00,-1.000000000000000000e+00,-1.000000000000000000e+00,-1.000000000000000000e+00,-1.000000000000000000e+00,-1.000000000000000000e+00,-1.000000000000000000e+00,-1.000000000000000000e+00,-1.000000000000000000e+00,-1.000000000000000000e+00,-1.000000000000000000e+00,-1.000000000000000000e+00,-1.000000000000000000e+00,-1.000000000000000000e+00,-1.000000000000000000e+00,-1.000000000000000000e+00,-1.000000000000000000e+00,-1.000000000000000000e+00,-1.000000000000000000e+00,-1.000000000000000000e+00,-1.000000000000000000e+00,-1.000000000000000000e+00,-1.000000000000000000e+00,-1.000000000000000000e+00,-1.000000000000000000e+00,-1.000000000000000000e+00,-1.000000000000000000e+00,-1.000000000000000000e+00
-1.000000000000000000e+00,-1.000000000000000000e+00,-1.000000000000000000e+00,-1.000000000000000000e+00,-1.000000000000000000e+00,-1.000000000000000000e+00,-1.000000000000000000e+00,-1.000000000000000000e+00,-1.000000000000000000e+00,-1.000000000000000000e+00,-1.000000000000000000e+00,-1.000000000000000000e+00,-1.000000000000000000e+00,-1.000000000000000000e+00,-1.000000000000000000e+00,-1.000000000000000000e+00,-1.000000000000000000e+00,-1.000000000000000000e+00,-1.000000000000000000e+00,-1.000000000000000000e+00,-1.000000000000000000e+00,-1.000000000000000000e+00,-1.000000000000000000e+00,-1.000000000000000000e+00,-1.000000000000000000e+00,-1.000000000000000000e+00,-1.000000000000000000e+00,-1.000000000000000000e+00,-1.000000000000000000e+00,-1.000000000000000000e+00,-1.000000000000000000e+00,-1.000000000000000000e+00,-1.000000000000000000e+00,-1.000000000000000000e+00,-1.000000000000000000e+00,-1.000000000000000000e+00,-1.000000000000000000e+00,-1.000000000000000000e+00,-1.000000000000000000e+00,-1.000000000000000000e+00,-1.000000000000000000e+00,-1.000000000000000000e+00,-1.000000000000000000e+00,-1.000000000000000000e+00,-1.000000000000000000e+00,-1.000000000000000000e+00,-1.314525402550092092e+00,-1.314534709283720737e+00,-1.314559951147262984e+00,-1.314591822550777778e+00,-1.314610154371025796e+00,-1.314575295793866561e+00,-1.314412497687252435e+00,-1.313985087391106532e+00,-1.313050226599490777e+00,-1.311188731639747918e+00,-1.307698253924399090e+00,-1.301437929455584008e+00,-1.290613922787651191e+00,-1.272501269781830313e+00,-1.243110838868515033e+00,-1.196834185263932815e+00,-1.126137041341340073e+00,-1.021429110340560831e+00,-8.713241032285073961e-01,-6.636433661128100514e-01,-3.877547357464629085e-01,-3.922918523500407151e-02,3.717229798808570074e-01,8.067378437565539961e-01,1.183615678013746120e+00,1.382601980107190265e+00,1.382601716623840904e+00,1.183614926756353825e+00,8.067367094756743295e-01,3.717215915103011525e-01,-3.923070812334117363e-02,-3.877563014306559808e-01,-6.636449164465191286e-01,-8.713256108193923044e-01,-1.021430570810919258e+00,-1.126138464707301390e+00,-1.196835588436562681e+00,-1.243112240702072269e+00,-1.272502688524207448e+00,-1.290615374035758656e+00,-1.301439425831342644e+00,-1.307699804069768490e+00,-1.311190340735559845e+00,-1.313051894521028329e+00,-1.313986808828972785e+00,-1.314414262885690521e+00,-1.314577094023644754e+00,-1.314611977551721989e+00,-1.314593665513361653e+00,-1.314561806662956522e+00,-1.314536573507999906e+00,-1.314527267034204527e+00,-1.000000000000000000e+00,-1.000000000000000000e+00,-1.000000000000000000e+00,-1.000000000000000000e+00,-1.000000000000000000e+00,-1.000000000000000000e+00,-1.000000000000000000e+00,-1.000000000000000000e+00,-1.000000000000000000e+00,-1.000000000000000000e+00,-1.000000000000000000e+00,-1.000000000000000000e+00,-1.000000000000000000e+00,-1.000000000000000000e+00,-1.000000000000000000e+00,-1.000000000000000000e+00,-1.000000000000000000e+00,-1.000000000000000000e+00,-1.000000000000000000e+00,-1.000000000000000000e+00,-1.000000000000000000e+00,-1.000000000000000000e+00,-1.000000000000000000e+00,-1.000000000000000000e+00,-1.000000000000000000e+00,-1.000000000000000000e+00,-1.000000000000000000e+00,-1.000000000000000000e+00,-1.000000000000000000e+00,-1.000000000000000000e+00,-1.000000000000000000e+00,-1.000000000000000000e+00,-1.000000000000000000e+00,-1.000000000000000000e+00,-1.000000000000000000e+00,-1.000000000000000000e+00,-1.000000000000000000e+00,-1.000000000000000000e+00,-1.000000000000000000e+00,-1.000000000000000000e+00,-1.000000000000000000e+00,-1.000000000000000000e+00,-1.000000000000000000e+00,-1.000000000000000000e+00,-1.000000000000000000e+00,-1.000000000000000000e+00
-1.000000000000000000e+00,-1.000000000000000000e+00,-1.000000000000000000e+00,-1.000000000000000000e+00,-1.000000000000000000e+00,-1.000000000000000000e+00,-1.000000000000000000e+00,-1.000000000000000000e+00,-1.000000000000000000e+00,-1.000000000000000000e+00,-1.000000000000000000e+00,-1.000000000000000000e+00,-1.000000000000000000e+00,-1.000000000000000000e+00,-1.000000000000000000e+00,-1.000000000000000000e+00,-1.000000000000000000e+00,-1.000000000000000000e+00,-1.000000000000000000e+00,-1.000000000000000000e+00,-1.000000000000000000e+00,-1.000000000000000000e+00,-1.000000000000000000e+00,-1.000000000000000000e+00,-1.000000000000000000e+00,-1.000000000000000000e+00,-1.000000000000000000e+00,-1.000000000000000000e+00,-1.000000000000000000e+00,-1.000000000000000000e+00,-1.000000000000000000e+00,-1.000000000000000000e+00,-1.000000000000000000e+00,-1.000000000000000000e+00,-1.000000000000000000e+00,-1.000000000000000000e+00,-1.000000000000000000e+00,-1.000000000000000000e+00,-1.000000000000000000e+00,-1.000000000000000000e+00,-1.000000000000000000e+00,-1.000000000000000000e+00,-1.000000000000000000e+00,-1.000000000000000000e+00,-1.000000000000000000e+00,-1.000000000000000000e+00,-1.314569327632097329e+00,-1.314578633177742262e+00,-1.314603871157794535e+00,-1.314635735917723203e+00,-1.314654056580884411e+00,-1.314619179969827023e+00,-1.314456351843147353e+00,-1.314028890700643437e+00,-1.313093943370095662e+00,-1.311232300922199112e+00,-1.307741573198090368e+00,-1.301480830013354906e+00,-1.290656135614095312e+00,-1.272542379796864687e+00,-1.243150227962487087e+00,-1.196870969172153298e+00,-1.126170011942038807e+00,-1.021456703694233026e+00,-8.713444217068959663e-01,-6.636542903137647720e-01,-3.877541634692411865e-01,-3.921542293768909282e-02,3.717506840211666219e-01,8.067787057839221898e-01,1.183666920147119939e+00,1.382658872843817388e+00,1.382658618055752964e+00,1.183666193480741757e+00,8.067776082138919946e-01,3.717493400103397683e-01,-3.921689795595761918e-02,-3.877556811000759662e-01,-6.636557945083798593e-01,-8.713458855103356493e-01,-1.021458121967607546e+00,-1.126171394083652633e+00,-1.196872332358778435e+00,-1.243151592022937235e+00,-1.272543764133063915e+00,-1.290657556963850983e+00,-1.301482301655469742e+00,-1.307743103102948945e+00,-1.311233891893914594e+00,-1.313095591513818938e+00,-1.314030587488687951e+00,-1.314458086358989419e+00,-1.314620943058003588e+00,-1.314655842557363563e+00,-1.314637541264122689e+00,-1.314605688301067721e+00,-1.314580457687957837e+00,-1.314571152149924815e+00,-1.000000000000000000e+00,-1.000000000000000000e+00,-1.000000000000000000e+00,-1.000000000000000000e+00,-1.000000000000000000e+00,-1.000000000000000000e+00,-1.000000000000000000e+00,-1.000000000000000000e+00,-1.000000000000000000e+00,-1.000000000000000000e+00,-1.000000000000000000e+00,-1.000000000000000000e+00,-1.000000000000000000e+00,-1.000000000000000000e+00,-1.000000000000000000e+00,-1.000000000000000000e+00,-1.000000000000000000e+00,-1.000000000000000000e+00,-1.000000000000000000e+00,-1.000000000000000000e+00,-1.000000000000000000e+00,-1.000000000000000000e+00,-1.000000000000000000e+00,-1.000000000000000000e+00,-1.000000000000000000e+00,-1.000000000000000000e+00,-1.000000000000000000e+00,-1.000000000000000000e+00,-1.000000000000000000e+00,-1.000000000000000000e+00,-1.000000000000000000e+00,-1.000000000000000000e+00,-1.000000000000000000e+00,-1.000000000000000000e+00,-1.000000000000000000e+00,-1.000000000000000000e+00,-1.000000000000000000e+00,-1.000000000000000000e+00,-1.000000000000000000e+00,-1.000000000000000000e+00,-1.000000000000000000e+00,-1.000000000000000000e+00,-1.000000000000000000e+00,-1.000000000000000000e+00,-1.000000000000000000e+00,-1.000000000000000000e+00
-1.000000000000000000e+00,-1.000000000000000000e+00,-1.000000000000000000e+00,-1.000000000000000000e+00,-1.000000000000000000e+00,-1.000000000000000000e+00,-1.000000000000000000e+00,-1.000000000000000000e+00,-1.000000000000000000e+00,-1.000000000000000000e+00,-1.000000000000000000e+00,-1.000000000000000000e+00,-1.000000000000000000e+00,-1.000000000000000000e+00,-1.000000000000000000e+00,-1.000000000000000000e+00,-1.000000000000000000e+00,-1.000000000000000000e+00,-1.000000000000000000e+00,-1.000000000000000000e+00,-1.000000000000000000e+00,-1.000000000000000000e+00,-1.000000000000000000e+00,-1.000000000000000000e+00,-1.000000000000000000e+00,-1.000000000000000000e+00,-1.000000000000000000e+00,-1.000000000000000000e+00,-1.000000000000000000e+00,-1.000000000000000000e+00,-1.000000000000000000e+00,-1.000000000000000000e+00,-1.000000000000000000e+00,-1.000000000000000000e+00,-1.000000000000000000e+00,-1.000000000000000000e+00,-1.000000000000000000e+00,-1.000000000000000000e+00,-1.000000000000000000e+00,-1.000000000000000000e+00,-1.000000000000000000e+00,-1.000000000000000000e+00,-1.000000000000000000e+00,-1.000000000000000000e+00,-1.000000000000000000e+00,-1.000000000000000000e+00,-1.314610472894773174e+00,-1.314619777392683542e+00,-1.314645011701259802e+00,-1.314676869980655027e+00,-1.314695179472022968e+00,-1.314660284792216416e+00,-1.314497427115059569e+00,-1.314069916676772642e+00,-1.313134886305880933e+00,-1.311273103283857822e+00,-1.307782138475114042e+00,-1.301520999800657608e+00,-1.290695657220437775e+00,-1.272580863046746114e+00,-1.243187091445467463e+00,-1.196905380888915849e+00,-1.126200835065762629e+00,-1.021482465986128130e+00,-8.713633353450439545e-01,-6.636643569025129086e-01,-3.877533991659680712e-01,-3.920222688376051590e-02,3.717770269421789564e-01,8.068174627123321230e-01,1.183715474366614728e+00,1.382712759846846495e+00,1.382712512773975888e+00,1.183714769615965334e+00,8.068163981374978366e-01,3.717757232269098822e-01,-3.920365781993995213e-02,-3.877548716837601050e-01,-6.636658166564599615e-01,-8.713647559818823440e-01,-1.021483842425916055e+00,-1.126202176860110482e+00,-1.196906705942773819e+00,-1.243188421045407610e+00,-1.272582217995105625e+00,-1.290697054743417782e+00,-1.301522452059811208e+00,-1.307783650680454768e+00,-1.311274674499899540e+00,-1.313136509364959625e+00,-1.314071581782410236e+00,-1.314499124431667498e+00,-1.314662008078113731e+00,-1.314696925382137893e+00,-1.314678635831121767e+00,-1.314646789776149349e+00,-1.314621562710542202e+00,-1.314612259086328505e+00,-1.000000000000000000e+00,-1.000000000000000000e+00,-1.000000000000000000e+00,-1.000000000000000000e+00,-1.000000000000000000e+00,-1.000000000000000000e+00,-1.000000000000000000e+00,-1.000000000000000000e+00,-1.000000000000000000e+00,-1.000000000000000000e+00,-1.000000000000000000e+00,-1.000000000000000000e+00,-1.000000000000000000e+00,-1.000000000000000000e+00,-1.000000000000000000e+00,-1.000000000000000000e+00,-1.000000000000000000e+00,-1.000000000000000000e+00,-1.000000000000000000e+00,-1.000000000000000000e+00,-1.000000000000000000e+00,-1.000000000000000000e+00,-1.000000000000000000e+00,-1.000000000000000000e+00,-1.000000000000000000e+00,-1.000000000000000000e+00,-1.000000000000000000e+00,-1.000000000000000000e+00,-1.000000000000000000e+00,-1.000000000000000000e+00,-1.000000000000000000e+00,-1.000000000000000000e+00,-1.000000000000000000e+00,-1.000000000000000000e+00,-1.000000000000000000e+00,-1.000000000000000000e+00,-1.000000000000000000e+00,-1.000000000000000000e+00,-1.000000000000000000e+00,-1.000000000000000000e+00,-1.000000000000000000e+00,-1.000000000000000000e+00,-1.000000000000000000e+00,-1.000000000000000000e+00,-1.000000000000000000e+00,-1.000000000000000000e+00
-1.000000000000000000e+00,-1.000000000000000000e+00,-1.000000000000000000e+00,-1.000000000000000000e+00,-1.000000000000000000e+00,-1.000000000000000000e+00,-1.000000000000000000e+00,-1.000000000000000000e+00,-1.000000000000000000e+00,-1.000000000000000000e+00,-1.000000000000000000e+00,-1.000000000000000000e+00,-1.000000000000000000e+00,-1.000000000000000000e+00,-1.000000000000000000e+00,-1.000000000000000000e+00,-1.000000000000000000e+00,-1.000000000000000000e+00,-1.000000000000000000e+00,-1.000000000000000000e+00,-1.000000000000000000e+00,-1.000000000000000000e+00,-1.000000000000000000e+00,-1.000000000000000000e+00,-1.000000000000000000e+00,-1.000000000000000000e+00,-1.000000000000000000e+00,-1.000000000000000000e+00,-1.000000000000000000e+00,-1.000000000000000000e+00,-1.000000000000000000e+00,-1.000000000000000000e+00,-1.000000000000000000e+00,-1.000000000000000000e+00,-1.000000000000000000e+00,-1.000000000000000000e+00,-1.000000000000000000e+00,-1.000000000000000000e+00,-1.000000000000000000e+00,-1.000000000000000000e+00,-1.000000000000000000e+00,-1.000000000000000000e+00,-1.000000000000000000e+00,-1.000000000000000000e+00,-1.000000000000000000e+00,-1.000000000000000000e+00,-1.314648862060648904e+00,-1.314658165463361339e+00,-1.314683396057374942e+00,-1.314715247946999455e+00,-1.314733546505864936e+00,-1.314698634200317962e+00,-1.314535747933078147e+00,-1.314108190223811867e+00,-1.313173080807216397e+00,-1.311311164651683292e+00,-1.307819976044583443e+00,-1.301558465247436347e+00,-1.290732514070826120e+00,-1.272616745840630337e+00,-1.243221455569981870e+00,-1.196937447290692402e+00,-1.126229539139259828e+00,-1.021506427987004306e+00,-8.713808783152351412e-01,-6.636736049696700945e-01,-3.877524884780404468e-01,-3.918965100193483320e-02,3.718019448616129985e-01,8.068540403579145259e-01,1.183761257642106823e+00,1.382763553469149809e+00,1.382763313285925388e+00,1.183760572624647178e+00,8.068530058891083545e-01,3.718006784369529694e-01,-3.919104053827149325e-02,-3.877539179157104554e-01,-6.636750215704521061e-01,-8.713822567396533048e-01,-1.021507764128315898e+00,-1.126230843623977629e+00,-1.196938739047794353e+00,-1.243222756864919232e+00,-1.272618077860586228e+00,-1.290733893075026062e+00,-1.301559900561138239e+00,-1.307821469004334158e+00,-1.311312710964423367e+00,-1.313174672043545987e+00,-1.314109817671068825e+00,-1.314537404467827963e+00,-1.314700316726084672e+00,-1.314735253187760744e+00,-1.314716975932269882e+00,-1.314685137699743489e+00,-1.314659915132240009e+00,-1.314650613888410202e+00,-1.000000000000000000e+00,-1.000000000000000000e+00,-1.000000000000000000e+00,-1.000000000000000000e+00,-1.000000000000000000e+00,-1.000000000000000000e+00,-1.000000000000000000e+00,-1.000000000000000000e+00,-1.000000000000000000e+00,-1.000000000000000000e+00,-1.000000000000000000e+00,-1.000000000000000000e+00,-1.000000000000000000e+00,-1.000000000000000000e+00,-1.000000000000000000e+00,-1.000000000000000000e+00,-1.000000000000000000e+00,-1.000000000000000000e+00,-1.000000000000000000e+00,-1.000000000000000000e+00,-1.000000000000000000e+00,-1.000000000000000000e+00,-1.000000000000000000e+00,-1.000000000000000000e+00,-1.000000000000000000e+00,-1.000000000000000000e+00,-1.000000000000000000e+00,-1.000000000000000000e+00,-1.000000000000000000e+00,-1.000000000000000000e+00,-1.000000000000000000e+00,-1.000000000000000000e+00,-1.000000000000000000e+00,-1.000000000000000000e+00,-1.000000000000000000e+00,-1.000000000000000000e+00,-1.000000000000000000e+00,-1.000000000000000000e+00,-1.000000000000000000e+00,-1.000000000000000000e+00,-1.000000000000000000e+00,-1.000000000000000000e+00,-1.000000000000000000e+00,-1.000000000000000000e+00,-1.000000000000000000e+00,-1.000000000000000000e+00
-1.000000000000000000e+00,-1.000000000000000000e+00,-1.000000000000000000e+00,-1.000000000000000000e+00,-1.000000000000000000e+00,-1.000000000000000000e+00,-1.000000000000000000e+00,-1.000000000000000000e+00,-1.000000000000000000e+00,-1.000000000000000000e+00,-1.000000000000000000e+00,-1.000000000000000000e+00,-1.000000000000000000e+00,-1.000000000000000000e+00,-1.000000000000000000e+00,-1.000000000000000000e+00,-1.000000000000000000e+00,-1.000000000000000000e+00,-1.000000000000000000e+00,-1.000000000000000000e+00,-1.000000000000000000e+00,-1.000000000000000000e+00,-1.000000000000000000e+00,-1.000000000000000000e+00,-1.000000000000000000e+00,-1.000000000000000000e+00,-1.000000000000000000e+00,-1.000000000000000000e+00,-1.000000000000000000e+00,-1.000000000000000000e+00,-1.000000000000000000e+00,-1.000000000000000000e+00,-1.000000000000000000e+00,-1.000000000000000000e+00,-1.000000000000000000e+00,-1.000000000000000000e+00,-1.000000000000000000e+00,-1.000000000000000000e+00,-1.000000000000000000e+00,-1.000000000000000000e+00,-1.000000000000000000e+00,-1.000000000000000000e+00,-1.000000000000000000e+00,-1.000000000000000000e+00,-1.000000000000000000e+00,-1.000000000000000000e+00,-1.314684516707756323e+00,-1.314693818941317316e+00,-1.314719045653694129e+00,-1.314750890999876409e+00,-1.314769178694609408e+00,-1.314734249255214538e+00,-1.314571335562551457e+00,-1.314143732956820187e+00,-1.313208548941156906e+00,-1.311346507733280653e+00,-1.307855109433371688e+00,-1.301593250521133838e+00,-1.290766730705542376e+00,-1.272650052999976467e+00,-1.243253345568343216e+00,-1.196967194348895758e+00,-1.126256151015791573e+00,-1.021528617822054619e+00,-8.713970812627825913e-01,-6.636820693142959637e-01,-3.877514721141829268e-01,-3.917774386916839102e-02,3.718253795556332175e-01,8.068883702457883000e-01,1.183804192858078252e+00,1.382811172208295414e+00,1.382810938495946385e+00,1.183803526536603368e+00,8.068873646170275915e-01,3.718241491226674800e-01,-3.917909327222290905e-02,-3.877528596594765897e-01,-6.636834440230074961e-01,-8.713984193434234360e-01,-1.021529916816217964e+00,-1.126257423092229537e+00,-1.196968459458455536e+00,-1.243254625823909443e+00,-1.272651367966029845e+00,-1.290768093973220898e+00,-1.301594667750792578e+00,-1.307856578660173463e+00,-1.311348023183199540e+00,-1.313210103186164268e+00,-1.314145319980777771e+00,-1.314572951503468090e+00,-1.314735893379460840e+00,-1.314770849470622061e+00,-1.314752584530167079e+00,-1.314720754565353866e+00,-1.314695536756897765e+00,-1.314686237452340034e+00,-1.000000000000000000e+00,-1.000000000000000000e+00,-1.000000000000000000e+00,-1.000000000000000000e+00,-1.000000000000000000e+00,-1.000000000000000000e+00,-1.000000000000000000e+00,-1.000000000000000000e+00,-1.000000000000000000e+00,-1.000000000000000000e+00,-1.000000000000000000e+00,-1.000000000000000000e+00,-1.000000000000000000e+00,-1.000000000000000000e+00,-1.000000000000000000e+00,-1.000000000000000000e+00,-1.000000000000000000e+00,-1.000000000000000000e+00,-1.000000000000000000e+00,-1.000000000000000000e+00,-1.000000000000000000e+00,-1.000000000000000000e+00,-1.000000000000000000e+00,-1.000000000000000000e+00,-1.000000000000000000e+00,-1.000000000000000000e+00,-1.000000000000000000e+00,-1.000000000000000000e+00,-1.000000000000000000e+00,-1.000000000000000000e+00,-1.000000000000000000e+00,-1.000000000000000000e+00,-1.000000000000000000e+00,-1.000000000000000000e+00,-1.000000000000000000e+00,-1.000000000000000000e+00,-1.000000000000000000e+00,-1.000000000000000000e+00,-1.000000000000000000e+00,-1.000000000000000000e+00,-1.000000000000000000e+00,-1.000000000000000000e+00,-1.000000000000000000e+00,-1.000000000000000000e+00,-1.000000000000000000e+00,-1.000000000000000000e+00
-1.000000000000000000e+00,-1.000000000000000000e+00,-1.000000000000000000e+00,-1.000000000000000000e+00,-1.000000000000000000e+00,-1.000000000000000000e+00,-1.000000000000000000e+00,-1.000000000000000000e+00,-1.000000000000000000e+00,-1.000000000000000000e+00,-1.000000000000000000e+00,-1.000000000000000000e+00,-1.000000000000000000e+00,-1.000000000000000000e+00,-1.000000000000000000e+00,-1.000000000000000000e+00,-1.000000000000000000e+00,-1.000000000000000000e+00,-1.000000000000000000e+00,-1.000000000000000000e+00,-1.000000000000000000e+00,-1.000000000000000000e+00,-1.000000000000000000e+00,-1.000000000000000000e+00,-1.000000000000000000e+00,-1.000000000000000000e+00,-1.000000000000000000e+00,-1.000000000000000000e+00,-1.000000000000000000e+00,-1.000000000000000000e+00,-1.000000000000000000e+00,-1.000000000000000000e+00,-1.000000000000000000e+00,-1.000000000000000000e+00,-1.000000000000000000e+00,-1.000000000000000000e+00,-1.000000000000000000e+00,-1.000000000000000000e+00,-1.000000000000000000e+00,-1.000000000000000000e+00,-1.000000000000000000e+00,-1.000000000000000000e+00,-1.000000000000000000e+00,-1.000000000000000000e+00,-1.000000000000000000e+00,-1.000000000000000000e+00,-1.314717456253155392e+00,-1.314726757369697685e+00,-1.314751980247156560e+00,-1.314783818993745079e+00,-1.314802095809727955e+00,-1.314767149564787907e+00,-1.314604209478376529e+00,-1.314176564396586810e+00,-1.313241310332768919e+00,-1.311379152336834331e+00,-1.307887558942568695e+00,-1.301625376506442056e+00,-1.290798328465953215e+00,-1.272680806874207482e+00,-1.243282785312913807e+00,-1.196994646979860022e+00,-1.126280696339664766e+00,-1.021549062468057212e+00,-8.714119733517288191e-01,-6.636897823571570321e-01,-3.877503872631717918e-01,-3.916654931177199206e-02,3.718472788279676422e-01,8.069203910342537256e-01,1.183844210702608812e+00,1.382855542498072410e+00,1.382855314930507173e+00,1.183843562238326097e+00,8.069194131179686647e-01,3.718460831066754402e-01,-3.916785995396587783e-02,-3.877517343856856646e-01,-6.636911170087498313e-01,-8.714132739384498061e-01,-1.021550328760912674e+00,-1.126281941887380622e+00,-1.196995891730232575e+00,-1.243284049816933745e+00,-1.272682107551779129e+00,-1.290799675047122230e+00,-1.301626771280854689e+00,-1.307888998833572680e+00,-1.311380632465464213e+00,-1.313242825743808018e+00,-1.314178112210951488e+00,-1.314605788534874531e+00,-1.314768759946016052e+00,-1.314803735136583107e+00,-1.314785481994225069e+00,-1.314753660235711052e+00,-1.314728446785443206e+00,-1.314719148603206378e+00,-1.000000000000000000e+00,-1.000000000000000000e+00,-1.000000000000000000e+00,-1.000000000000000000e+00,-1.000000000000000000e+00,-1.000000000000000000e+00,-1.000000000000000000e+00,-1.000000000000000000e+00,-1.000000000000000000e+00,-1.000000000000000000e+00,-1.000000000000000000e+00,-1.000000000000000000e+00,-1.000000000000000000e+00,-1.000000000000000000e+00,-1.000000000000000000e+00,-1.000000000000000000e+00,-1.000000000000000000e+00,-1.000000000000000000e+00,-1.000000000000000000e+00,-1.000000000000000000e+00,-1.000000000000000000e+00,-1.000000000000000000e+00,-1.000000000000000000e+00,-1.000000000000000000e+00,-1.000000000000000000e+00,-1.000000000000000000e+00,-1.000000000000000000e+00,-1.000000000000000000e+00,-1.000000000000000000e+00,-1.000000000000000000e+00,-1.000000000000000000e+00,-1.000000000000000000e+00,-1.000000000000000000e+00,-1.000000000000000000e+00,-1.000000000000000000e+00,-1.000000000000000000e+00,-1.000000000000000000e+00,-1.000000000000000000e+00,-1.000000000000000000e+00,-1.000000000000000000e+00,-1.000000000000000000e+00,-1.000000000000000000e+00,-1.000000000000000000e+00,-1.000000000000000000e+00,-1.000000000000000000e+00,-1.000000000000000000e+00
-1.000000000000000000e+00,-1.000000000000000000e+00,-1.000000000000000000e+00,-1.000000000000000000e+00,-1.000000000000000000e+00,-1.000000000000000000e+00,-1.000000000000000000e+00,-1.000000000000000000e+00,-1.000000000000000000e+00,-1.000000000000000000e+00,-1.000000000000000000e+00,-1.000000000000000000e+00,-1.000000000000000000e+00,-1.000000000000000000e+00,-1.000000000000000000e+00,-1.000000000000000000e+00,-1.000000000000000000e+00,-1.000000000000000000e+00,-1.000000000000000000e+00,-1.000000000000000000e+00,-1.000000000000000000e+00,-1.000000000000000000e+00,-1.000000000000000000e+00,-1.000000000000000000e+00,-1.000000000000000000e+00,-1.000000000000000000e+00,-1.000000000000000000e+00,-1.000000000000000000e+00,-1.000000000000000000e+00,-1.000000000000000000e+00,-1.000000000000000000e+00,-1.000000000000000000e+00,-1.000000000000000000e+00,-1.000000000000000000e+00,-1.000000000000000000e+00,-1.000000000000000000e+00,-1.000000000000000000e+00,-1.000000000000000000e+00,-1.000000000000000000e+00,-1.000000000000000000e+00,-1.000000000000000000e+00,-1.000000000000000000e+00,-1.000000000000000000e+00,-1.000000000000000000e+00,-1.000000000000000000e+00,-1.000000000000000000e+00,-1.314747698069877568e+00,-1.314756998186371151e+00,-1.314782217484960825e+00,-1.314814049930121964e+00,-1.314832316180459593e+00,-1.314797353618072595e+00,-1.314634388217448269e+00,-1.314206703169369828e+00,-1.313271383651115842e+00,-1.311409116955034593e+00,-1.307917342789301385e+00,-1.301654861381394745e+00,-1.290827325949943205e+00,-1.272709026926041931e+00,-1.243309795446984500e+00,-1.197019827238182899e+00,-1.126303198639712067e+00,-1.021567786883181839e+00,-8.714255814871805228e-01,-6.636967741631296658e-01,-3.877492686222088203e-01,-3.915610808124170283e-02,3.718675946044496250e-01,8.069500466763313007e-01,1.183881248135723485e+00,1.382896597657740756e+00,1.382896376247331638e+00,1.183880617515999933e+00,8.069490963414085449e-01,3.718664333849650561e-01,-3.915738026489756773e-02,-3.877505760556074765e-01,-6.636980705549047066e-01,-8.714268479903345410e-01,-1.021569025497932603e+00,-1.126304423534004284e+00,-1.197021056989731713e+00,-1.243311047601793451e+00,-1.272710313888831601e+00,-1.290828653543514948e+00,-1.301656229719215574e+00,-1.307918749868925312e+00,-1.311410560432591188e+00,-1.313272861634934507e+00,-1.314208215596258889e+00,-1.314635935532198818e+00,-1.314798935105752964e+00,-1.314833927900040722e+00,-1.314815685402239698e+00,-1.314783871202241938e+00,-1.314758661233831116e+00,-1.314749363838219054e+00,-1.000000000000000000e+00,-1.000000000000000000e+00,-1.000000000000000000e+00,-1.000000000000000000e+00,-1.000000000000000000e+00,-1.000000000000000000e+00,-1.000000000000000000e+00,-1.000000000000000000e+00,-1.000000000000000000e+00,-1.000000000000000000e+00,-1.000000000000000000e+00,-1.000000000000000000e+00,-1.000000000000000000e+00,-1.000000000000000000e+00,-1.000000000000000000e+00,-1.000000000000000000e+00,-1.000000000000000000e+00,-1.000000000000000000e+00,-1.000000000000000000e+00,-1.000000000000000000e+00,-1.000000000000000000e+00,-1.000000000000000000e+00,-1.000000000000000000e+00,-1.000000000000000000e+00,-1.000000000000000000e+00,-1.000000000000000000e+00,-1.000000000000000000e+00,-1.000000000000000000e+00,-1.000000000000000000e+00,-1.000000000000000000e+00,-1.000000000000000000e+00,-1.000000000000000000e+00,-1.000000000000000000e+00,-1.000000000000000000e+00,-1.000000000000000000e+00,-1.000000000000000000e+00,-1.000000000000000000e+00,-1.000000000000000000e+00,-1.000000000000000000e+00,-1.000000000000000000e+00,-1.000000000000000000e+00,-1.000000000000000000e+00,-1.000000000000000000e+00,-1.000000000000000000e+00,-1.000000000000000000e+00,-1.000000000000000000e+00
-1.000000000000000000e+00,-1.000000000000000000e+00,-1.000000000000000000e+00,-1.000000000000000000e+00,-1.000000000000000000e+00,-1.000000000000000000e+00,-1.000000000000000000e+00,-1.000000000000000000e+00,-1.000000000000000000e+00,-1.000000000000000000e+00,-1.000000000000000000e+00,-1.000000000000000000e+00,-1.000000000000000000e+00,-1.000000000000000000e+00,-1.000000000000000000e+00,-1.000000000000000000e+00,-1.000000000000000000e+00,-1.000000000000000000e+00,-1.000000000000000000e+00,-1.000000000000000000e+00,-1.000000000000000000e+00,-1.000000000000000000e+00,-1.000000000000000000e+00,-1.000000000000000000e+00,-1.000000000000000000e+00,-1.000000000000000000e+00,-1.000000000000000000e+00,-1.000000000000000000e+00,-1.000000000000000000e+00,-1.000000000000000000e+00,-1.000000000000000000e+00,-1.000000000000000000e+00,-1.000000000000000000e+00,-1.000000000000000000e+00,-1.000000000000000000e+00,-1.000000000000000000e+00,-1.000000000000000000e+00,-1.000000000000000000e+00,-1.000000000000000000e+00,-1.000000000000000000e+00,-1.000000000000000000e+00,-1.000000000000000000e+00,-1.000000000000000000e+00,-1.000000000000000000e+00,-1.000000000000000000e+00,-1.000000000000000000e+00,-1.314775257940714148e+00,-1.314784557107025353e+00,-1.314809772974615543e+00,-1.314841599518237869e+00,-1.314859855940100353e+00,-1.314824878012696985e+00,-1.314661888746170737e+00,-1.314234166449368191e+00,-1.313298786389980544e+00,-1.311436419329556902e+00,-1.307944478453662240e+00,-1.301681722533637675e+00,-1.290853741094043494e+00,-1.272734731206007996e+00,-1.243334393951560868e+00,-1.197042753827955996e+00,-1.126323678084959701e+00,-1.021584813100617772e+00,-8.714379300481600588e-01,-6.637030723579095959e-01,-3.877481482025575410e-01,-3.914645767252344921e-02,3.718862829922260360e-01,8.069772865320095079e-01,1.183915248778931506e+00,1.382934278501299463e+00,1.382934063729881924e+00,1.183914637112621904e+00,8.069763648102015186e-01,3.718851568253189743e-01,-3.914769162048004070e-02,-3.877494174955001816e-01,-6.637043339353927429e-01,-8.714391677459963903e-01,-1.021586030196399264e+00,-1.126324887913069395e+00,-1.197043972149339330e+00,-1.243335634293985414e+00,-1.272736001974225317e+00,-1.290855045788922517e+00,-1.301683061302175481e+00,-1.307945851458146347e+00,-1.311437827217410534e+00,-1.313300230427085991e+00,-1.314235648454388672e+00,-1.314663409373690195e+00,-1.314826434789296394e+00,-1.314861443463829271e+00,-1.314843210617703262e+00,-1.314811403380410137e+00,-1.314786196288248332e+00,-1.314776900453217268e+00,-1.000000000000000000e+00,-1.000000000000000000e+00,-1.000000000000000000e+00,-1.000000000000000000e+00,-1.000000000000000000e+00,-1.000000000000000000e+00,-1.000000000000000000e+00,-1.000000000000000000e+00,-1.000000000000000000e+00,-1.000000000000000000e+00,-1.000000000000000000e+00,-1.000000000000000000e+00,-1.000000000000000000e+00,-1.000000000000000000e+00,-1.000000000000000000e+00,-1.000000000000000000e+00,-1.000000000000000000e+00,-1.000000000000000000e+00,-1.000000000000000000e+00,-1.000000000000000000e+00,-1.000000000000000000e+00,-1.000000000000000000e+00,-1.000000000000000000e+00,-1.000000000000000000e+00,-1.000000000000000000e+00,-1.000000000000000000e+00,-1.000000000000000000e+00,-1.000000000000000000e+00,-1.000000000000000000e+00,-1.000000000000000000e+00,-1.000000000000000000e+00,-1.000000000000000000e+00,-1.000000000000000000e+00,-1.000000000000000000e+00,-1.000000000000000000e+00,-1.000000000000000000e+00,-1.000000000000000000e+00,-1.000000000000000000e+00,-1.000000000000000000e+00,-1.000000000000000000e+00,-1.000000000000000000e+00,-1.000000000000000000e+00,-1.000000000000000000e+00,-1.000000000000000000e+00,-1.000000000000000000e+00,-1.000000000000000000e+00
-1.000000000000000000e+00,-1.000000000000000000e+00,-1.000000000000000000e+00,-1.000000000000000000e+00,-1.000000000000000000e+00,-1.000000000000000000e+00,-1.000000000000000000e+00,-1.000000000000000000e+00,-1.000000000000000000e+00,-1.000000000000000000e+00,-1.000000000000000000e+00,-1.000000000000000000e+00,-1.000000000000000000e+00,-1.000000000000000000e+00,-1.000000000000000000e+00,-1.000000000000000000e+00,-1.000000000000000000e+00,-1.000000000000000000e+00,-1.000000000000000000e+00,-1.000000000000000000e+00,-1.000000000000000000e+00,-1.000000000000000000e+00,-1.000000000000000000e+00,-1.000000000000000000e+00,-1.000000000000000000e+00,-1.000000000000000000e+00,-1.000000000000000000e+00,-1.000000000000000000e+00,-1.000000000000000000e+00,-1.000000000000000000e+00,-1.000000000000000000e+00,-1.000000000000000000e+00,-1.000000000000000000e+00,-1.000000000000000000e+00,-1.000000000000000000e+00,-1.000000000000000000e+00,-1.000000000000000000e+00,-1.000000000000000000e+00,-1.000000000000000000e+00,-1.000000000000000000e+00,-1.000000000000000000e+00,-1.000000000000000000e+00,-1.000000000000000000e+00,-1.000000000000000000e+00,-1.000000000000000000e+00,-1.000000000000000000e+00,-1.314800150366677300e+00,-1.314809448596485630e+00,-1.314834660952048928e+00,-1.314866481693180100e+00,-1.314884729204004010e+00,-1.314849737409230501e+00,-1.314686726222728197e+00,-1.314258969336857596e+00,-1.313323533632077877e+00,-1.311461075013949928e+00,-1.307968982258088442e+00,-1.301705976956818667e+00,-1.290877591137332692e+00,-1.272757937157077190e+00,-1.243356598264383939e+00,-1.197063443974140995e+00,-1.126342152077034031e+00,-1.021600159588295309e+00,-8.714490396282781326e-01,-6.637087007897493063e-01,-3.877470542980705481e-01,-3.913763191802743791e-02,3.719033038929226986e-01,8.070020642150086410e-01,1.183946161133804686e+00,1.382968531146588909e+00,1.382968324083970302e+00,1.183945571055739165e+00,8.070011739717297683e-01,3.719022146850794464e-01,-3.913882763298559553e-02,-3.877482881222478195e-01,-6.637099330010518550e-01,-8.714502556152123880e-01,-1.021601361741235392e+00,-1.126343350821752409e+00,-1.197064651253820111e+00,-1.243357823996180667e+00,-1.272759187457755070e+00,-1.290878869439480603e+00,-1.301707285117116530e+00,-1.307970322984132405e+00,-1.311462451411680386e+00,-1.313324949346115211e+00,-1.314260426624983102e+00,-1.314688224793375104e+00,-1.314851273166811829e+00,-1.314886295909815983e+00,-1.314868071868069865e+00,-1.314836270676936092e+00,-1.314811066006956963e+00,-1.314801772460895357e+00,-1.000000000000000000e+00,-1.000000000000000000e+00,-1.000000000000000000e+00,-1.000000000000000000e+00,-1.000000000000000000e+00,-1.000000000000000000e+00,-1.000000000000000000e+00,-1.000000000000000000e+00,-1.000000000000000000e+00,-1.000000000000000000e+00,-1.000000000000000000e+00,-1.000000000000000000e+00,-1.000000000000000000e+00,-1.000000000000000000e+00,-1.000000000000000000e+00,-1.000000000000000000e+00,-1.000000000000000000e+00,-1.000000000000000000e+00,-1.000000000000000000e+00,-1.000000000000000000e+00,-1.000000000000000000e+00,-1.000000000000000000e+00,-1.000000000000000000e+00,-1.000000000000000000e+00,-1.000000000000000000e+00,-1.000000000000000000e+00,-1.000000000000000000e+00,-1.000000000000000000e+00,-1.000000000000000000e+00,-1.000000000000000000e+00,-1.000000000000000000e+00,-1.000000000000000000e+00,-1.000000000000000000e+00,-1.000000000000000000e+00,-1.000000000000000000e+00,-1.000000000000000000e+00,-1.000000000000000000e+00,-1.000000000000000000e+00,-1.000000000000000000e+00,-1.000000000000000000e+00,-1.000000000000000000e+00,-1.000000000000000000e+00,-1.000000000000000000e+00,-1.000000000000000000e+00,-1.000000000000000000e+00,-1.000000000000000000e+00
-1.000000000000000000e+00,-1.000000000000000000e+00,-1.000000000000000000e+00,-1.000000000000000000e+00,-1.000000000000000000e+00,-1.000000000000000000e+00,-1.000000000000000000e+00,-1.000000000000000000e+00,-1.000000000000000000e+00,-1.000000000000000000e+00,-1.000000000000000000e+00,-1.000000000000000000e+00,-1.000000000000000000e+00,-1.000000000000000000e+00,-1.000000000000000000e+00,-1.000000000000000000e+00,-1.000000000000000000e+00,-1.000000000000000000e+00,-1.000000000000000000e+00,-1.000000000000000000e+00,-1.000000000000000000e+00,-1.000000000000000000e+00,-1.000000000000000000e+00,-1.000000000000000000e+00,-1.000000000000000000e+00,-1.000000000000000000e+00,-1.000000000000000000e+00,-1.000000000000000000e+00,-1.000000000000000000e+00,-1.000000000000000000e+00,-1.000000000000000000e+00,-1.000000000000000000e+00,-1.000000000000000000e+00,-1.000000000000000000e+00,-1.000000000000000000e+00,-1.000000000000000000e+00,-1.000000000000000000e+00,-1.000000000000000000e+00,-1.000000000000000000e+00,-1.000000000000000000e+00,-1.000000000000000000e+00,-1.000000000000000000e+00,-1.000000000000000000e+00,-1.000000000000000000e+00,-1.000000000000000000e+00,-1.000000000000000000e+00,-1.314822388370976647e+00,-1.314831685818648843e+00,-1.314856894684868882e+00,-1.314888709325965577e+00,-1.314906948526048502e+00,-1.314871944610765730e+00,-1.314708914026906594e+00,-1.314281125397870120e+00,-1.313345638538427673e+00,-1.311483097123380182e+00,-1.307990868480219504e+00,-1.301727640020256205e+00,-1.290898891971567597e+00,-1.272778660946647600e+00,-1.243376424767686617e+00,-1.197081914278156356e+00,-1.126358637661958539e+00,-1.021613844221923584e+00,-8.714589293351511223e-01,-6.637136804478040997e-01,-3.877460109162823576e-01,-3.912965921542466141e-02,3.719186234304574512e-01,8.070243400056438254e-01,1.183973940390188773e+00,1.382999307876876305e+00,1.382999109256724868e+00,1.183973373558643516e+00,8.070234824884403579e-01,3.719175707468511671e-01,-3.913081965411457919e-02,-3.877472148405023411e-01,-6.637148904313114883e-01,-8.714601302200652988e-01,-1.021615035297500640e+00,-1.126359825301854745e+00,-1.197083107017264059e+00,-1.243377630636304021e+00,-1.272779886099036029e+00,-1.290900141668667622e+00,-1.301728918772582455e+00,-1.307992181476155480e+00,-1.311484448793301949e+00,-1.313347032683984450e+00,-1.314282563201701004e+00,-1.314710394272430527e+00,-1.314873462696968920e+00,-1.314908497836686285e+00,-1.314890281920052084e+00,-1.314858485817275824e+00,-1.314833283594712521e+00,-1.314823991377322976e+00,-1.000000000000000000e+00,-1.000000000000000000e+00,-1.000000000000000000e+00,-1.000000000000000000e+00,-1.000000000000000000e+00,-1.000000000000000000e+00,-1.000000000000000000e+00,-1.000000000000000000e+00,-1.000000000000000000e+00,-1.000000000000000000e+00,-1.000000000000000000e+00,-1.000000000000000000e+00,-1.000000000000000000e+00,-1.000000000000000000e+00,-1.000000000000000000e+00,-1.000000000000000000e+00,-1.000000000000000000e+00,-1.000000000000000000e+00,-1.000000000000000000e+00,-1.000000000000000000e+00,-1.000000000000000000e+00,-1.000000000000000000e+00,-1.000000000000000000e+00,-1.000000000000000000e+00,-1.000000000000000000e+00,-1.000000000000000000e+00,-1.000000000000000000e+00,-1.000000000000000000e+00,-1.000000000000000000e+00,-1.000000000000000000e+00,-1.000000000000000000e+00,-1.000000000000000000e+00,-1.000000000000000000e+00,-1.000000000000000000e+00,-1.000000000000000000e+00,-1.000000000000000000e+00,-1.000000000000000000e+00,-1.000000000000000000e+00,-1.000000000000000000e+00,-1.000000000000000000e+00,-1.000000000000000000e+00,-1.000000000000000000e+00,-1.000000000000000000e+00,-1.000000000000000000e+00,-1.000000000000000000e+00,-1.000000000000000000e+00
-1.000000000000000000e+00,-1.000000000000000000e+00,-1.000000000000000000e+00,-1.000000000000000000e+00,-1.000000000000000000e+00,-1.000000000000000000e+00,-1.000000000000000000e+00,-1.000000000000000000e+00,-1.000000000000000000e+00,-1.000000000000000000e+00,-1.000000000000000000e+00,-1.000000000000000000e+00,-1.000000000000000000e+00,-1.000000000000000000e+00,-1.000000000000000000e+00,-1.000000000000000000e+00,-1.000000000000000000e+00,-1.000000000000000000e+00,-1.000000000000000000e+00,-1.000000000000000000e+00,-1.000000000000000000e+00,-1.000000000000000000e+00,-1.000000000000000000e+00,-1.000000000000000000e+00,-1.000000000000000000e+00,-1.000000000000000000e+00,-1.000000000000000000e+00,-1.000000000000000000e+00,-1.000000000000000000e+00,-1.000000000000000000e+00,-1.000000000000000000e+00,-1.000000000000000000e+00,-1.000000000000000000e+00,-1.000000000000000000e+00,-1.000000000000000000e+00,-1.000000000000000000e+00,-1.000000000000000000e+00,-1.000000000000000000e+00,-1.000000000000000000e+00,-1.000000000000000000e+00,-1.000000000000000000e+00,-1.000000000000000000e+00,-1.000000000000000000e+00,-1.000000000000000000e+00,-1.000000000000000000e+00,-1.000000000000000000e+00,-1.314841983128129721e+00,-1.314851280181779991e+00,-1.314876486307975156e+00,-1.314908294880225315e+00,-1.314926525858268747e+00,-1.314891510834197419e+00,-1.314728463155927063e+00,-1.314300646384180871e+00,-1.313365113488849101e+00,-1.311502497950390644e+00,-1.308010149093465024e+00,-1.301746723979118725e+00,-1.290917656541320957e+00,-1.272796916235622522e+00,-1.243393887762173744e+00,-1.197098179665902817e+00,-1.126373150481301488e+00,-1.021625883543160862e+00,-8.714676168699414527e-01,-6.637180306491011761e-01,-3.877450397991673015e-01,-3.912256478323983266e-02,3.719322119674286498e-01,8.070440793734690033e-01,1.183998547477994823e+00,1.383026566612727493e+00,1.383026376167111327e+00,1.183998002853822396e+00,8.070432522086230520e-01,3.719311916128660300e-01,-3.912369593265552226e-02,-3.877462206258867061e-01,-6.637192241438023554e-01,-8.714688054161593422e-01,-1.021627062478888792e+00,-1.126374322783481041e+00,-1.197099352230751812e+00,-1.243395068867602093e+00,-1.272798113921243424e+00,-1.290918878853850593e+00,-1.301747978003330974e+00,-1.308011441465870117e+00,-1.311503832726240493e+00,-1.313366492944511466e+00,-1.314302070238536846e+00,-1.314729929731672131e+00,-1.314893015354081651e+00,-1.314928061078975752e+00,-1.314909851866166379e+00,-1.314878059613938222e+00,-1.314852860247311073e+00,-1.314843568475492663e+00,-1.000000000000000000e+00,-1.000000000000000000e+00,-1.000000000000000000e+00,-1.000000000000000000e+00,-1.000000000000000000e+00,-1.000000000000000000e+00,-1.000000000000000000e+00,-1.000000000000000000e+00,-1.000000000000000000e+00,-1.000000000000000000e+00,-1.000000000000000000e+00,-1.000000000000000000e+00,-1.000000000000000000e+00,-1.000000000000000000e+00,-1.000000000000000000e+00,-1.000000000000000000e+00,-1.000000000000000000e+00,-1.000000000000000000e+00,-1.000000000000000000e+00,-1.000000000000000000e+00,-1.000000000000000000e+00,-1.000000000000000000e+00,-1.000000000000000000e+00,-1.000000000000000000e+00,-1.000000000000000000e+00,-1.000000000000000000e+00,-1.000000000000000000e+00,-1.000000000000000000e+00,-1.000000000000000000e+00,-1.000000000000000000e+00,-1.000000000000000000e+00,-1.000000000000000000e+00,-1.000000000000000000e+00,-1.000000000000000000e+00,-1.000000000000000000e+00,-1.000000000000000000e+00,-1.000000000000000000e+00,-1.000000000000000000e+00,-1.000000000000000000e+00,-1.000000000000000000e+00,-1.000000000000000000e+00,-1.000000000000000000e+00,-1.000000000000000000e+00,-1.000000000000000000e+00,-1.000000000000000000e+00,-1.000000000000000000e+00
-1.000000000000000000e+00,-1.000000000000000000e+00,-1.000000000000000000e+00,-1.000000000000000000e+00,-1.000000000000000000e+00,-1.000000000000000000e+00,-1.000000000000000000e+00,-1.000000000000000000e+00,-1.000000000000000000e+00,-1.000000000000000000e+00,-1.000000000000000000e+00,-1.000000000000000000e+00,-1.000000000000000000e+00,-1.000000000000000000e+00,-1.000000000000000000e+00,-1.000000000000000000e+00,-1.000000000000000000e+00,-1.000000000000000000e+00,-1.000000000000000000e+00,-1.000000000000000000e+00,-1.000000000000000000e+00,-1.000000000000000000e+00,-1.000000000000000000e+00,-1.000000000000000000e+00,-1.000000000000000000e+00,-1.000000000000000000e+00,-1.000000000000000000e+00,-1.000000000000000000e+00,-1.000000000000000000e+00,-1.000000000000000000e+00,-1.000000000000000000e+00,-1.000000000000000000e+00,-1.000000000000000000e+00,-1.000000000000000000e+00,-1.000000000000000000e+00,-1.000000000000000000e+00,-1.000000000000000000e+00,-1.000000000000000000e+00,-1.000000000000000000e+00,-1.000000000000000000e+00,-1.000000000000000000e+00,-1.000000000000000000e+00,-1.000000000000000000e+00,-1.000000000000000000e+00,-1.000000000000000000e+00,-1.000000000000000000e+00,-1.314858944047236022e+00,-1.314868240935594734e+00,-1.314893445632199009e+00,-1.314925249456695422e+00,-1.314943472821090253e+00,-1.314908446848533696e+00,-1.314745383216371577e+00,-1.314317541865248851e+00,-1.313381969674723537e+00,-1.311519290030912055e+00,-1.308026836284081229e+00,-1.301763240037463687e+00,-1.290933895594882808e+00,-1.272812713985913113e+00,-1.243408998830262124e+00,-1.197112252491809858e+00,-1.126385703717114550e+00,-1.021636291733132973e+00,-8.714751177358013301e-01,-6.637217686063109356e-01,-3.877441603620401800e-01,-3.911637089757435959e-02,3.719440436616376910e-01,8.070612524502875917e-01,1.184019948664364108e+00,1.383050270883239286e+00,1.383050087135760275e+00,1.184019422028243618e+00,8.070604492787130102e-01,3.719430479537058076e-01,-3.911748049394170312e-02,-3.877453240443339277e-01,-6.637229480599333709e-01,-8.714762923603794897e-01,-1.021637454002254364e+00,-1.126386855326615422e+00,-1.197113400892976465e+00,-1.243410154149295010e+00,-1.272813886842856901e+00,-1.290935096352926248e+00,-1.301764476894219591e+00,-1.308028115421828508e+00,-1.311520614174641386e+00,-1.313383339953360540e+00,-1.314318956930520921e+00,-1.314746840029946018e+00,-1.314909939865408939e+00,-1.314944994506219933e+00,-1.314926790553788472e+00,-1.314895001311494616e+00,-1.314869803852080077e+00,-1.314860511566235735e+00,-1.000000000000000000e+00,-1.000000000000000000e+00,-1.000000000000000000e+00,-1.000000000000000000e+00,-1.000000000000000000e+00,-1.000000000000000000e+00,-1.000000000000000000e+00,-1.000000000000000000e+00,-1.000000000000000000e+00,-1.000000000000000000e+00,-1.000000000000000000e+00,-1.000000000000000000e+00,-1.000000000000000000e+00,-1.000000000000000000e+00,-1.000000000000000000e+00,-1.000000000000000000e+00,-1.000000000000000000e+00,-1.000000000000000000e+00,-1.000000000000000000e+00,-1.000000000000000000e+00,-1.000000000000000000e+00,-1.000000000000000000e+00,-1.000000000000000000e+00,-1.000000000000000000e+00,-1.000000000000000000e+00,-1.000000000000000000e+00,-1.000000000000000000e+00,-1.000000000000000000e+00,-1.000000000000000000e+00,-1.000000000000000000e+00,-1.000000000000000000e+00,-1.000000000000000000e+00,-1.000000000000000000e+00,-1.000000000000000000e+00,-1.000000000000000000e+00,-1.000000000000000000e+00,-1.000000000000000000e+00,-1.000000000000000000e+00,-1.000000000000000000e+00,-1.000000000000000000e+00,-1.000000000000000000e+00,-1.000000000000000000e+00,-1.000000000000000000e+00,-1.000000000000000000e+00,-1.000000000000000000e+00,-1.000000000000000000e+00
-1.000000000000000000e+00,-1.000000000000000000e+00,-1.000000000000000000e+00,-1.000000000000000000e+00,-1.000000000000000000e+00,-1.000000000000000000e+00,-1.000000000000000000e+00,-1.000000000000000000e+00,-1.000000000000000000e+00,-1.000000000000000000e+00,-1.000000000000000000e+00,-1.000000000000000000e+00,-1.000000000000000000e+00,-1.000000000000000000e+00,-1.000000000000000000e+00,-1.000000000000000000e+00,-1.000000000000000000e+00,-1.000000000000000000e+00,-1.000000000000000000e+00,-1.000000000000000000e+00,-1.000000000000000000e+00,-1.000000000000000000e+00,-1.000000000000000000e+00,-1.000000000000000000e+00,-1.000000000000000000e+00,-1.000000000000000000e+00,-1.000000000000000000e+00,-1.000000000000000000e+00,-1.000000000000000000e+00,-1.000000000000000000e+00,-1.000000000000000000e+00,-1.000000000000000000e+00,-1.000000000000000000e+00,-1.000000000000000000e+00,-1.000000000000000000e+00,-1.000000000000000000e+00,-1.000000000000000000e+00,-1.000000000000000000e+00,-1.000000000000000000e+00,-1.000000000000000000e+00,-1.000000000000000000e+00,-1.000000000000000000e+00,-1.000000000000000000e+00,-1.000000000000000000e+00,-1.000000000000000000e+00,-1.000000000000000000e+00,-1.314873279869121392e+00,-1.314882576185187668e+00,-1.314907779964768375e+00,-1.314939580841223643e+00,-1.314957798255464771e+00,-1.314922762214675522e+00,-1.314759683875978746e+00,-1.314331820835433318e+00,-1.313396215424520008e+00,-1.311533482273995688e+00,-1.308040940419292308e+00,-1.301777199463967971e+00,-1.290947620302233201e+00,-1.272826064828689763e+00,-1.243421768223359258e+00,-1.197124142976440986e+00,-1.126396307919366402e+00,-1.021645080151855067e+00,-8.714814446780931867e-01,-6.637249089405139468e-01,-3.877433895211537251e-01,-3.911109727156392157e-02,3.719540954660875975e-01,8.070758325708975445e-01,1.184038113963228778e+00,1.383070388456627331e+00,1.383070209060657252e+00,1.184037598977319306e+00,8.070750449145762673e-01,3.719531158090942924e-01,-3.911219202561566632e-02,-3.877445392086629194e-01,-6.637260734183172417e-01,-8.714826015390459979e-01,-1.021646221332368487e+00,-1.126397436058810930e+00,-1.197125267364850032e+00,-1.243422900987037227e+00,-1.272827218290406570e+00,-1.290948805611500827e+00,-1.301778424738748496e+00,-1.308042211009994071e+00,-1.311534800069665385e+00,-1.313397580649087182e+00,-1.314333230765363902e+00,-1.314761133305036189e+00,-1.314924244617663884e+00,-1.314959306355456325e+00,-1.314941106670321824e+00,-1.314909320656167280e+00,-1.314884124405938159e+00,-1.314874830876168410e+00,-1.000000000000000000e+00,-1.000000000000000000e+00,-1.000000000000000000e+00,-1.000000000000000000e+00,-1.000000000000000000e+00,-1.000000000000000000e+00,-1.000000000000000000e+00,-1.000000000000000000e+00,-1.000000000000000000e+00,-1.000000000000000000e+00,-1.000000000000000000e+00,-1.000000000000000000e+00,-1.000000000000000000e+00,-1.000000000000000000e+00,-1.000000000000000000e+00,-1.000000000000000000e+00,-1.000000000000000000e+00,-1.000000000000000000e+00,-1.000000000000000000e+00,-1.000000000000000000e+00,-1.000000000000000000e+00,-1.000000000000000000e+00,-1.000000000000000000e+00,-1.000000000000000000e+00,-1.000000000000000000e+00,-1.000000000000000000e+00,-1.000000000000000000e+00,-1.000000000000000000e+00,-1.000000000000000000e+00,-1.000000000000000000e+00,-1.000000000000000000e+00,-1.000000000000000000e+00,-1.000000000000000000e+00,-1.000000000000000000e+00,-1.000000000000000000e+00,-1.000000000000000000e+00,-1.000000000000000000e+00,-1.000000000000000000e+00,-1.000000000000000000e+00,-1.000000000000000000e+00,-1.000000000000000000e+00,-1.000000000000000000e+00,-1.000000000000000000e+00,-1.000000000000000000e+00,-1.000000000000000000e+00,-1.000000000000000000e+00
-1.000000000000000000e+00,-1.000000000000000000e+00,-1.000000000000000000e+00,-1.000000000000000000e+00,-1.000000000000000000e+00,-1.000000000000000000e+00,-1.000000000000000000e+00,-1.000000000000000000e+00,-1.000000000000000000e+00,-1.000000000000000000e+00,-1.000000000000000000e+00,-1.000000000000000000e+00,-1.000000000000000000e+00,-1.000000000000000000e+00,-1.000000000000000000e+00,-1.000000000000000000e+00,-1.000000000000000000e+00,-1.000000000000000000e+00,-1.000000000000000000e+00,-1.000000000000000000e+00,-1.000000000000000000e+00,-1.000000000000000000e+00,-1.000000000000000000e+00,-1.000000000000000000e+00,-1.000000000000000000e+00,-1.000000000000000000e+00,-1.000000000000000000e+00,-1.000000000000000000e+00,-1.000000000000000000e+00,-1.000000000000000000e+00,-1.000000000000000000e+00,-1.000000000000000000e+00,-1.000000000000000000e+00,-1.000000000000000000e+00,-1.000000000000000000e+00,-1.000000000000000000e+00,-1.000000000000000000e+00,-1.000000000000000000e+00,-1.000000000000000000e+00,-1.000000000000000000e+00,-1.000000000000000000e+00,-1.000000000000000000e+00,-1.000000000000000000e+00,-1.000000000000000000e+00,-1.000000000000000000e+00,-1.000000000000000000e+00,-1.314884999173731472e+00,-1.314894294342180858e+00,-1.314919496545508881e+00,-1.314951294952801719e+00,-1.314969507541039251e+00,-1.314934463449822344e+00,-1.314771373480863037e+00,-1.314343492693029081e+00,-1.313407859578026748e+00,-1.311545082441292420e+00,-1.308052468757983089e+00,-1.301788609644316752e+00,-1.290958838470023462e+00,-1.272836977069252695e+00,-1.243432204715388956e+00,-1.197133860289864238e+00,-1.126404972614822642e+00,-1.021652258758726894e+00,-8.714866083276011643e-01,-6.637274633492707965e-01,-3.877427406402433885e-01,-3.910675976664867992e-02,3.719623481649396712e-01,8.070877967071170556e-01,1.184053016871505992e+00,1.383086890712469597e+00,1.383086713006931312e+00,1.184052506734738053e+00,8.070870165341790248e-01,3.719613779029624645e-01,-3.910784339673201160e-02,-3.877438767060823466e-01,-6.637286107519351219e-01,-8.714877447769069363e-01,-1.021653377692196329e+00,-1.126406078787581588e+00,-1.197134964897520915e+00,-1.243433321150246407e+00,-1.272838118183354572e+00,-1.290960014833788749e+00,-1.301789828486790368e+00,-1.308053734469123652e+00,-1.311546396355304234e+00,-1.313409220780509035e+00,-1.314344897460087536e+00,-1.314772815938601846e+00,-1.314935936930412996e+00,-1.314971003992668752e+00,-1.314952807244511579e+00,-1.314921023314760573e+00,-1.314895827454335198e+00,-1.314886532852791667e+00,-1.000000000000000000e+00,-1.000000000000000000e+00,-1.000000000000000000e+00,-1.000000000000000000e+00,-1.000000000000000000e+00,-1.000000000000000000e+00,-1.000000000000000000e+00,-1.000000000000000000e+00,-1.000000000000000000e+00,-1.000000000000000000e+00,-1.000000000000000000e+00,-1.000000000000000000e+00,-1.000000000000000000e+00,-1.000000000000000000e+00,-1.000000000000000000e+00,-1.000000000000000000e+00,-1.000000000000000000e+00,-1.000000000000000000e+00,-1.000000000000000000e+00,-1.000000000000000000e+00,-1.000000000000000000e+00,-1.000000000000000000e+00,-1.000000000000000000e+00,-1.000000000000000000e+00,-1.000000000000000000e+00,-1.000000000000000000e+00,-1.000000000000000000e+00,-1.000000000000000000e+00,-1.000000000000000000e+00,-1.000000000000000000e+00,-1.000000000000000000e+00,-1.000000000000000000e+00,-1.000000000000000000e+00,-1.000000000000000000e+00,-1.000000000000000000e+00,-1.000000000000000000e+00,-1.000000000000000000e+00,-1.000000000000000000e+00,-1.000000000000000000e+00,-1.000000000000000000e+00,-1.000000000000000000e+00,-1.000000000000000000e+00,-1.000000000000000000e+00,-1.000000000000000000e+00,-1.000000000000000000e+00,-1.000000000000000000e+00
-1.000000000000000000e+00,-1.000000000000000000e+00,-1.000000000000000000e+00,-1.000000000000000000e+00,-1.000000000000000000e+00,-1.000000000000000000e+00,-1.000000000000000000e+00,-1.000000000000000000e+00,-1.000000000000000000e+00,-1.000000000000000000e+00,-1.000000000000000000e+00,-1.000000000000000000e+00,-1.000000000000000000e+00,-1.000000000000000000e+00,-1.000000000000000000e+00,-1.000000000000000000e+00,-1.000000000000000000e+00,-1.000000000000000000e+00,-1.000000000000000000e+00,-1.000000000000000000e+00,-1.000000000000000000e+00,-1.000000000000000000e+00,-1.000000000000000000e+00,-1.000000000000000000e+00,-1.000000000000000000e+00,-1.000000000000000000e+00,-1.000000000000000000e+00,-1.000000000000000000e+00,-1.000000000000000000e+00,-1.000000000000000000e+00,-1.000000000000000000e+00,-1.000000000000000000e+00,-1.000000000000000000e+00,-1.000000000000000000e+00,-1.000000000000000000e+00,-1.000000000000000000e+00,-1.000000000000000000e+00,-1.000000000000000000e+00,-1.000000000000000000e+00,-1.000000000000000000e+00,-1.000000000000000000e+00,-1.000000000000000000e+00,-1.000000000000000000e+00,-1.000000000000000000e+00,-1.000000000000000000e+00,-1.000000000000000000e+00,-1.314894108797880712e+00,-1.314903402838176305e+00,-1.314928602970059313e+00,-1.314960398418680843e+00,-1.314978606435571518e+00,-1.314943555582223089e+00,-1.314780457045810813e+00,-1.314352563581580036e+00,-1.313416909430981327e+00,-1.311554097855040402e+00,-1.308061428019040795e+00,-1.301797476956038535e+00,-1.290967556544909467e+00,-1.272845457351752252e+00,-1.243440315101578708e+00,-1.197141411353871199e+00,-1.126411704846309592e+00,-1.021657834723003200e+00,-8.714906161222160108e-01,-6.637294399304225490e-01,-3.877422231717539969e-01,-3.910337020614440551e-02,3.719687863982927833e-01,8.070971251011316294e-01,1.184064633331373351e+00,1.383099750856405574e+00,1.383099571881903689e+00,1.184064120800865982e+00,8.070963446439616273e-01,3.719678200429872295e-01,-3.910444515410205213e-02,-3.877433458690546786e-01,-6.637305699660416280e-01,-8.714917329255208456e-01,-1.021658934087877668e+00,-1.126412793486947672e+00,-1.197142501470107145e+00,-1.243441420203748926e+00,-1.272846590070108475e+00,-1.290968726706961611e+00,-1.301798691335512403e+00,-1.308062690462684863e+00,-1.311555409420050999e+00,-1.313418268041899983e+00,-1.314353964597263946e+00,-1.314781894224618997e+00,-1.314945021678407100e+00,-1.314980092682123125e+00,-1.314961899443217952e+00,-1.314930117491655448e+00,-1.314904921476951705e+00,-1.314895626995314926e+00,-1.000000000000000000e+00,-1.000000000000000000e+00,-1.000000000000000000e+00,-1.000000000000000000e+00,-1.000000000000000000e+00,-1.000000000000000000e+00,-1.000000000000000000e+00,-1.000000000000000000e+00,-1.000000000000000000e+00,-1.000000000000000000e+00,-1.000000000000000000e+00,-1.000000000000000000e+00,-1.000000000000000000e+00,-1.000000000000000000e+00,-1.000000000000000000e+00,-1.000000000000000000e+00,-1.000000000000000000e+00,-1.000000000000000000e+00,-1.000000000000000000e+00,-1.000000000000000000e+00,-1.000000000000000000e+00,-1.000000000000000000e+00,-1.000000000000000000e+00,-1.000000000000000000e+00,-1.000000000000000000e+00,-1.000000000000000000e+00,-1.000000000000000000e+00,-1.000000000000000000e+00,-1.000000000000000000e+00,-1.000000000000000000e+00,-1.000000000000000000e+00,-1.000000000000000000e+00,-1.000000000000000000e+00,-1.000000000000000000e+00,-1.000000000000000000e+00,-1.000000000000000000e+00,-1.000000000000000000e+00,-1.000000000000000000e+00,-1.000000000000000000e+00,-1.000000000000000000e+00,-1.000000000000000000e+00,-1.000000000000000000e+00,-1.000000000000000000e+00,-1.000000000000000000e+00,-1.000000000000000000e+00,-1.000000000000000000e+00
-1.000000000000000000e+00,-1.000000000000000000e+00,-1.000000000000000000e+00,-1.000000000000000000e+00,-1.000000000000000000e+00,-1.000000000000000000e+00,-1.000000000000000000e+00,-1.000000000000000000e+00,-1.000000000000000000e+00,-1.000000000000000000e+00,-1.000000000000000000e+00,-1.000000000000000000e+00,-1.000000000000000000e+00,-1.000000000000000000e+00,-1.000000000000000000e+00,-1.000000000000000000e+00,-1.000000000000000000e+00,-1.000000000000000000e+00,-1.000000000000000000e+00,-1.000000000000000000e+00,-1.000000000000000000e+00,-1.000000000000000000e+00,-1.000000000000000000e+00,-1.000000000000000000e+00,-1.000000000000000000e+00,-1.000000000000000000e+00,-1.000000000000000000e+00,-1.000000000000000000e+00,-1.000000000000000000e+00,-1.000000000000000000e+00,-1.000000000000000000e+00,-1.000000000000000000e+00,-1.000000000000000000e+00,-1.000000000000000000e+00,-1.000000000000000000e+00,-1.000000000000000000e+00,-1.000000000000000000e+00,-1.000000000000000000e+00,-1.000000000000000000e+00,-1.000000000000000000e+00,-1.000000000000000000e+00,-1.000000000000000000e+00,-1.000000000000000000e+00,-1.000000000000000000e+00,-1.000000000000000000e+00,-1.000000000000000000e+00,-1.314900612789958734e+00,-1.314909906065454326e+00,-1.314935104402807253e+00,-1.314966896916062611e+00,-1.314985101611318763e+00,-1.314950045829033298e+00,-1.314786940869220988e+00,-1.314359038584695050e+00,-1.313423369751781422e+00,-1.311560533429112052e+00,-1.308067823198276303e+00,-1.301803806540938746e+00,-1.290973780030582496e+00,-1.272851511633718458e+00,-1.243446105716890848e+00,-1.197146802720429726e+00,-1.126416511177819935e+00,-1.021661814433564519e+00,-8.714934742278528379e-01,-6.637308447560497093e-01,-3.877418433986723478e-01,-3.910093571617823116e-02,3.719734010979642846e-01,8.071038055138393119e-01,1.184072947419612110e+00,1.383108950236000112e+00,1.383108766124913735e+00,1.184072422522815415e+00,8.071030124205011980e-01,3.719724269813460271e-01,-3.910201150923009461e-02,-3.877429600168080803e-01,-6.637319630353419875e-01,-8.714945758640548767e-01,-1.021662897767854794e+00,-1.126417584804353167e+00,-1.197147879852747510e+00,-1.243447200205015202e+00,-1.272852636448200458e+00,-1.290974944959941251e+00,-1.301805018361408051e+00,-1.308069084809138527e+00,-1.311561844791476972e+00,-1.313424727598215602e+00,-1.314360437838869577e+00,-1.314788375360054440e+00,-1.314951507231432837e+00,-1.314986580725381327e+00,-1.314968389479161281e+00,-1.314936607396795853e+00,-1.314911409859025770e+00,-1.314902115392116766e+00,-1.000000000000000000e+00,-1.000000000000000000e+00,-1.000000000000000000e+00,-1.000000000000000000e+00,-1.000000000000000000e+00,-1.000000000000000000e+00,-1.000000000000000000e+00,-1.000000000000000000e+00,-1.000000000000000000e+00,-1.000000000000000000e+00,-1.000000000000000000e+00,-1.000000000000000000e+00,-1.000000000000000000e+00,-1.000000000000000000e+00,-1.000000000000000000e+00,-1.000000000000000000e+00,-1.000000000000000000e+00,-1.000000000000000000e+00,-1.000000000000000000e+00,-1.000000000000000000e+00,-1.000000000000000000e+00,-1.000000000000000000e+00,-1.000000000000000000e+00,-1.000000000000000000e+00,-1.000000000000000000e+00,-1.000000000000000000e+00,-1.000000000000000000e+00,-1.000000000000000000e+00,-1.000000000000000000e+00,-1.000000000000000000e+00,-1.000000000000000000e+00,-1.000000000000000000e+00,-1.000000000000000000e+00,-1.000000000000000000e+00,-1.000000000000000000e+00,-1.000000000000000000e+00,-1.000000000000000000e+00,-1.000000000000000000e+00,-1.000000000000000000e+00,-1.000000000000000000e+00,-1.000000000000000000e+00,-1.000000000000000000e+00,-1.000000000000000000e+00,-1.000000000000000000e+00,-1.000000000000000000e+00,-1.000000000000000000e+00
-1.000000000000000000e+00,-1.000000000000000000e+00,-1.000000000000000000e+00,-1.000000000000000000e+00,-1.000000000000000000e+00,-1.000000000000000000e+00,-1.000000000000000000e+00,-1.000000000000000000e+00,-1.000000000000000000e+00,-1.000000000000000000e+00,-1.000000000000000000e+00,-1.000000000000000000e+00,-1.000000000000000000e+00,-1.000000000000000000e+00,-1.000000000000000000e+00,-1.000000000000000000e+00,-1.000000000000000000e+00,-1.000000000000000000e+00,-1.000000000000000000e+00,-1.000000000000000000e+00,-1.000000000000000000e+00,-1.000000000000000000e+00,-1.000000000000000000e+00,-1.000000000000000000e+00,-1.000000000000000000e+00,-1.000000000000000000e+00,-1.000000000000000000e+00,-1.000000000000000000e+00,-1.000000000000000000e+00,-1.000000000000000000e+00,-1.000000000000000000e+00,-1.000000000000000000e+00,-1.000000000000000000e+00,-1.000000000000000000e+00,-1.000000000000000000e+00,-1.000000000000000000e+00,-1.000000000000000000e+00,-1.000000000000000000e+00,-1.000000000000000000e+00,-1.000000000000000000e+00,-1.000000000000000000e+00,-1.000000000000000000e+00,-1.000000000000000000e+00,-1.000000000000000000e+00,-1.000000000000000000e+00,-1.000000000000000000e+00,-1.314904513434822508e+00,-1.314913806333227075e+00,-1.314939003454780986e+00,-1.314970794121828046e+00,-1.314988997022008554e+00,-1.314953938194327154e+00,-1.314790828735040495e+00,-1.314362921106732029e+00,-1.313427244159703910e+00,-1.311564393605354262e+00,-1.308071659453395652e+00,-1.301807603795521295e+00,-1.290977514234079138e+00,-1.272855145087448347e+00,-1.243449581705944773e+00,-1.197150039643408936e+00,-1.126419397140463463e+00,-1.021664203967838080e+00,-8.714951896445823909e-01,-6.637316860647477501e-01,-3.877416108439446507e-01,-3.909946694497179465e-02,3.719761806189145759e-01,8.071078254879797687e-01,1.184077946680103022e+00,1.383114478100478717e+00,1.383114288075296905e+00,1.184077407235679669e+00,8.071070166552967162e-01,3.719751953371046582e-01,-3.910054669538587380e-02,-3.877427240003462616e-01,-6.637327949083275946e-01,-8.714962783285776782e-01,-1.021665273330213175e+00,-1.126420457543623410e+00,-1.197151105558387885e+00,-1.243450667789356867e+00,-1.272856264896874645e+00,-1.290978677276743536e+00,-1.301808816195419993e+00,-1.308072922540558736e+00,-1.311565705976441398e+00,-1.313428602299886672e+00,-1.314364320292223054e+00,-1.314792262130858758e+00,-1.314955395857047460e+00,-1.314990470637810382e+00,-1.314972280146046169e+00,-1.314940497101306338e+00,-1.314915300575647761e+00,-1.314906007039013724e+00,-1.000000000000000000e+00,-1.000000000000000000e+00,-1.000000000000000000e+00,-1.000000000000000000e+00,-1.000000000000000000e+00,-1.000000000000000000e+00,-1.000000000000000000e+00,-1.000000000000000000e+00,-1.000000000000000000e+00,-1.000000000000000000e+00,-1.000000000000000000e+00,-1.000000000000000000e+00,-1.000000000000000000e+00,-1.000000000000000000e+00,-1.000000000000000000e+00,-1.000000000000000000e+00,-1.000000000000000000e+00,-1.000000000000000000e+00,-1.000000000000000000e+00,-1.000000000000000000e+00,-1.000000000000000000e+00,-1.000000000000000000e+00,-1.000000000000000000e+00,-1.000000000000000000e+00,-1.000000000000000000e+00,-1.000000000000000000e+00,-1.000000000000000000e+00,-1.000000000000000000e+00,-1.000000000000000000e+00,-1.000000000000000000e+00,-1.000000000000000000e+00,-1.000000000000000000e+00,-1.000000000000000000e+00,-1.000000000000000000e+00,-1.000000000000000000e+00,-1.000000000000000000e+00,-1.000000000000000000e+00,-1.000000000000000000e+00,-1.000000000000000000e+00,-1.000000000000000000e+00,-1.000000000000000000e+00,-1.000000000000000000e+00,-1.000000000000000000e+00,-1.000000000000000000e+00,-1.000000000000000000e+00,-1.000000000000000000e+00
-1.000000000000000000e+00,-1.000000000000000000e+00,-1.000000000000000000e+00,-1.000000000000000000e+00,-1.000000000000000000e+00,-1.000000000000000000e+00,-1.000000000000000000e+00,-1.000000000000000000e+00,-1.000000000000000000e+00,-1.000000000000000000e+00,-1.000000000000000000e+00,-1.000000000000000000e+00,-1.000000000000000000e+00,-1.000000000000000000e+00,-1.000000000000000000e+00,-1.000000000000000000e+00,-1.000000000000000000e+00,-1.000000000000000000e+00,-1.000000000000000000e+00,-1.000000000000000000e+00,-1.000000000000000000e+00,-1.000000000000000000e+00,-1.000000000000000000e+00,-1.000000000000000000e+00,-1.000000000000000000e+00,-1.000000000000000000e+00,-1.000000000000000000e+00,-1.000000000000000000e+00,-1.000000000000000000e+00,-1.000000000000000000e+00,-1.000000000000000000e+00,-1.000000000000000000e+00,-1.000000000000000000e+00,-1.000000000000000000e+00,-1.000000000000000000e+00,-1.000000000000000000e+00,-1.000000000000000000e+00,-1.000000000000000000e+00,-1.000000000000000000e+00,-1.000000000000000000e+00,-1.000000000000000000e+00,-1.000000000000000000e+00,-1.000000000000000000e+00,-1.000000000000000000e+00,-1.000000000000000000e+00,-1.000000000000000000e+00,-1.314905812529799878e+00,-1.314915105681181640e+00,-1.314940302657891857e+00,-1.314972092775018586e+00,-1.314990295213027904e+00,-1.314955235216014984e+00,-1.314792123315548400e+00,-1.314364213191408615e+00,-1.313428533716203050e+00,-1.311565678909739852e+00,-1.308072937082074505e+00,-1.301808868574264588e+00,-1.290978758223518597e+00,-1.272856355849581123e+00,-1.243450740340028338e+00,-1.197151118773908562e+00,-1.126420359226174117e+00,-1.021665000405323154e+00,-8.714957611239060320e-01,-6.637319655547930797e-01,-3.877415311761498451e-01,-3.909897381732696520e-02,3.719771114078420648e-01,8.071091693706335946e-01,1.184079615615044379e+00,1.383116321404240789e+00,1.383116127763313941e+00,1.184079066832231852e+00,8.071083492784343338e-01,3.719761164745609694e-01,-3.910005927314819107e-02,-3.877426453451021660e-01,-6.637330714559566136e-01,-8.714968443968302836e-01,-1.021666063376970746e+00,-1.126421413448983611e+00,-1.197152179950280670e+00,-1.243451823956653435e+00,-1.272857475501665503e+00,-1.290979922345699249e+00,-1.301810082447794947e+00,-1.308074202108508111e+00,-1.311566994044979673e+00,-1.313429894932308883e+00,-1.314365614088877754e+00,-1.314793555230752808e+00,-1.314956688134510276e+00,-1.314991764200721835e+00,-1.314973576353117402e+00,-1.314941792648240515e+00,-1.314916595448027969e+00,-1.314907302269268108e+00,-1.000000000000000000e+00,-1.000000000000000000e+00,-1.000000000000000000e+00,-1.000000000000000000e+00,-1.000000000000000000e+00,-1.000000000000000000e+00,-1.000000000000000000e+00,-1.000000000000000000e+00,-1.000000000000000000e+00,-1.000000000000000000e+00,-1.000000000000000000e+00,-1.000000000000000000e+00,-1.000000000000000000e+00,-1.000000000000000000e+00,-1.000000000000000000e+00,-1.000000000000000000e+00,-1.000000000000000000e+00,-1.000000000000000000e+00,-1.000000000000000000e+00,-1.000000000000000000e+00,-1.000000000000000000e+00,-1.000000000000000000e+00,-1.000000000000000000e+00,-1.000000000000000000e+00,-1.000000000000000000e+00,-1.000000000000000000e+00,-1.000000000000000000e+00,-1.000000000000000000e+00,-1.000000000000000000e+00,-1.000000000000000000e+00,-1.000000000000000000e+00,-1.000000000000000000e+00,-1.000000000000000000e+00,-1.000000000000000000e+00,-1.000000000000000000e+00,-1.000000000000000000e+00,-1.000000000000000000e+00,-1.000000000000000000e+00,-1.000000000000000000e+00,-1.000000000000000000e+00,-1.000000000000000000e+00,-1.000000000000000000e+00,-1.000000000000000000e+00,-1.000000000000000000e+00,-1.000000000000000000e+00,-1.000000000000000000e+00
