"Time","Haspini","Plk1i"
0,0.635706544116,0
1,0.635706544116,0
2,0.635706544116,0
3,0.635706544116,0
4,0.635706544116,0
5,0.635706544116,0
6,0.635706544116,0
7,0.635706544116,0
8,0.635706544116,0
9,0.635706544116,0
10,0.635706544116,0
