"Time","pH2A","pH2A_Sgo1","pH2A_Sgo1_CPCa","pH2A_Sgo1_pH3_CPCa"
0,0,92.6307692307692,0,0
1,0,91.7829071234529,0,0
2,0,91.5573880444044,0,0
3,0,91.4754139438002,0,0
4,0,91.4439469165662,0,0
5,0,91.4311384901945,0,0
6,0,91.425718021677,0,0
7,0,91.4233794484523,0,0
8,0,91.4223619758275,0,0
9,0,91.4219179158162,0,0
10,0,91.4217237947382,0,0
