"Time","Bub1a","pKnl1","pKnl1_Bub1a"
0,1.95602013574154,0,0
1,1.95602013574154,0,0
2,1.95602013574154,0,0
3,1.95602013574154,0,0
4,1.95602013574154,0,0
5,1.95602013574154,0,0
6,1.95602013574154,0,0
7,1.95602013574154,0,0
8,1.95602013574154,0,0
9,1.95602013574154,0,0
10,1.95602013574154,0,0
