"Time","pH3","pH3_CPCa","pH2A_Sgo1_pH3_CPCa"
0,0,0,0
1,0.416618194105158,0,0
2,0.91684359021361,0,0
3,1.16890141732472,0,0
4,1.24068133604886,0,0
5,1.23031612054746,0,0
6,1.19048977541573,0,0
7,1.14175168981514,0,0
8,1.09129387614428,0,0
9,1.04175074399915,0,0
10,0.994214085660258,0,0
