"Time","pH3","pH3_CPCa","pH2A_Sgo1_pH3_CPCa"
0,0,0,0
1,0.339660160030429,0,0
2,0.822090097243652,0,0
3,1.11122611300577,0,0
4,1.22015641194489,0,0
5,1.23721754664353,0,0
6,1.2177618277532,0,0
7,1.18472329509036,0,0
8,1.14657131879547,0,0
9,1.10670756025515,0,0
10,1.06676784904051,0,0
