-1.000000000000000000e+00,-1.000000000000000000e+00,-1.000000000000000000e+00,-1.000000000000000000e+00,-1.000000000000000000e+00,-1.000000000000000000e+00,-1.000000000000000000e+00,-1.000000000000000000e+00,-1.000000000000000000e+00,-1.000000000000000000e+00,-1.000000000000000000e+00,-1.000000000000000000e+00,-1.000000000000000000e+00,-1.000000000000000000e+00,-1.000000000000000000e+00,-1.000000000000000000e+00,-1.000000000000000000e+00,-1.000000000000000000e+00,-1.000000000000000000e+00,-1.000000000000000000e+00,-1.000000000000000000e+00,-1.000000000000000000e+00,-1.000000000000000000e+00,-1.000000000000000000e+00,-1.000000000000000000e+00,-1.000000000000000000e+00,-1.000000000000000000e+00,-1.000000000000000000e+00,-1.000000000000000000e+00,-1.000000000000000000e+00,-1.000000000000000000e+00,-1.000000000000000000e+00,-1.000000000000000000e+00,-1.000000000000000000e+00,-1.000000000000000000e+00,-1.000000000000000000e+00,-1.000000000000000000e+00,-1.000000000000000000e+00,-1.000000000000000000e+00,-1.000000000000000000e+00,-1.000000000000000000e+00,-1.000000000000000000e+00,-1.000000000000000000e+00,-1.000000000000000000e+00,-1.000000000000000000e+00,-1.000000000000000000e+00,-4.796230245036285922e-01,-4.796469225127353297e-01,-4.797185556744150148e-01,-4.798376931944137169e-01,-4.800037236838106125e-01,-4.802152325807922395e-01,-4.804689188014066303e-01,-4.807573508627838166e-01,-4.810642605667547755e-01,-4.813550491579468016e-01,-4.815582646723068905e-01,-4.815306243056145519e-01,-4.809930913562388000e-01,-4.794178375446067619e-01,-4.758350796151695761e-01,-4.685151393714264145e-01,-4.544678285585312949e-01,-4.286990812042281718e-01,-3.832024255074584218e-01,-3.058109834396551818e-01,-1.794552432940870190e-01,1.660676336170396894e-02,2.998741875075481289e-01,6.649240108705631869e-01,1.043717824465892008e+00,1.270069613396018759e+00,1.270069612217398003e+00,1.043717821386739075e+00,6.649240069110415874e-01,2.998741835705045489e-01,1.660675991894855485e-02,-1.794552461457348258e-01,-3.058109859037321243e-01,-3.832024280158314866e-01,-4.286990842874045526e-01,-4.544678327140463381e-01,-4.685151450381859206e-01,-4.758350871875469679e-01,-4.794178473838179855e-01,-4.809931037562842349e-01,-4.815306390735329956e-01,-4.815582802416260577e-01,-4.813550616584318931e-01,-4.810642648356671103e-01,-4.807573420053365965e-01,-4.804688926178402042e-01,-4.802151862116792458e-01,-4.800036554773230435e-01,-4.798376032209006326e-01,-4.797184587260874267e-01,-4.796468212940316889e-01,-4.796229222802628200e-01,-1.000000000000000000e+00,-1.000000000000000000e+00,-1.000000000000000000e+00,-1.000000000000000000e+00,-1.000000000000000000e+00,-1.000000000000000000e+00,-1.000000000000000000e+00,-1.000000000000000000e+00,-1.000000000000000000e+00,-1.000000000000000000e+00,-1.000000000000000000e+00,-1.000000000000000000e+00,-1.000000000000000000e+00,-1.000000000000000000e+00,-1.000000000000000000e+00,-1.000000000000000000e+00,-1.000000000000000000e+00,-1.000000000000000000e+00,-1.000000000000000000e+00,-1.000000000000000000e+00,-1.000000000000000000e+00,-1.000000000000000000e+00,-1.000000000000000000e+00,-1.000000000000000000e+00,-1.000000000000000000e+00,-1.000000000000000000e+00,-1.000000000000000000e+00,-1.000000000000000000e+00,-1.000000000000000000e+00,-1.000000000000000000e+00,-1.000000000000000000e+00,-1.000000000000000000e+00,-1.000000000000000000e+00,-1.000000000000000000e+00,-1.000000000000000000e+00,-1.000000000000000000e+00,-1.000000000000000000e+00,-1.000000000000000000e+00,-1.000000000000000000e+00,-1.000000000000000000e+00,-1.000000000000000000e+00,-1.000000000000000000e+00,-1.000000000000000000e+00,-1.000000000000000000e+00,-1.000000000000000000e+00,-1.000000000000000000e+00
-1.000000000000000000e+00,-1.000000000000000000e+00,-1.000000000000000000e+00,-1.000000000000000000e+00,-1.000000000000000000e+00,-1.000000000000000000e+00,-1.000000000000000000e+00,-1.000000000000000000e+00,-1.000000000000000000e+00,-1.000000000000000000e+00,-1.000000000000000000e+00,-1.000000000000000000e+00,-1.000000000000000000e+00,-1.000000000000000000e+00,-1.000000000000000000e+00,-1.000000000000000000e+00,-1.000000000000000000e+00,-1.000000000000000000e+00,-1.000000000000000000e+00,-1.000000000000000000e+00,-1.000000000000000000e+00,-1.000000000000000000e+00,-1.000000000000000000e+00,-1.000000000000000000e+00,-1.000000000000000000e+00,-1.000000000000000000e+00,-1.000000000000000000e+00,-1.000000000000000000e+00,-1.000000000000000000e+00,-1.000000000000000000e+00,-1.000000000000000000e+00,-1.000000000000000000e+00,-1.000000000000000000e+00,-1.000000000000000000e+00,-1.000000000000000000e+00,-1.000000000000000000e+00,-1.000000000000000000e+00,-1.000000000000000000e+00,-1.000000000000000000e+00,-1.000000000000000000e+00,-1.000000000000000000e+00,-1.000000000000000000e+00,-1.000000000000000000e+00,-1.000000000000000000e+00,-1.000000000000000000e+00,-1.000000000000000000e+00,-4.796393609868587760e-01,-4.796632582846545034e-01,-4.797348883081467008e-01,-4.798540238617343689e-01,-4.800200515058117290e-01,-4.802315560391337002e-01,-4.804852373646530950e-01,-4.807736639284545532e-01,-4.810805672990730031e-01,-4.813713487262507584e-01,-4.815745564975788540e-01,-4.815469086557042644e-01,-4.810093696237478511e-01,-4.794341125900016820e-01,-4.758513571132088060e-01,-4.685314308289347807e-01,-4.544841566834634250e-01,-4.287154888213038362e-01,-3.832189894196789126e-01,-3.058278337864406282e-01,-1.794725859678791835e-01,1.658863129274656956e-02,2.998548955429134466e-01,6.649032186331691463e-01,1.043695482358156568e+00,1.270046340244803673e+00,1.270046338999180513e+00,1.043695479017794803e+00,6.649032140738926344e-01,2.998548906281426341e-01,1.658862662609461580e-02,-1.794725900792357720e-01,-3.058278373698453123e-01,-3.832189928362437215e-01,-4.287154926787710707e-01,-4.544841617048778204e-01,-4.685314377421381238e-01,-4.758513665454744412e-01,-4.794341249762341661e-01,-4.810093850463195153e-01,-4.815469263568976643e-01,-4.815745742510131322e-01,-4.813713623954711807e-01,-4.810805719633099997e-01,-4.807736550585159918e-01,-4.804852111487738497e-01,-4.802315098339091648e-01,-4.800199838160548182e-01,-4.798539359023425988e-01,-4.797347953204003090e-01,-4.796631611217145874e-01,-4.796392646077904942e-01,-1.000000000000000000e+00,-1.000000000000000000e+00,-1.000000000000000000e+00,-1.000000000000000000e+00,-1.000000000000000000e+00,-1.000000000000000000e+00,-1.000000000000000000e+00,-1.000000000000000000e+00,-1.000000000000000000e+00,-1.000000000000000000e+00,-1.000000000000000000e+00,-1.000000000000000000e+00,-1.000000000000000000e+00,-1.000000000000000000e+00,-1.000000000000000000e+00,-1.000000000000000000e+00,-1.000000000000000000e+00,-1.000000000000000000e+00,-1.000000000000000000e+00,-1.000000000000000000e+00,-1.000000000000000000e+00,-1.000000000000000000e+00,-1.000000000000000000e+00,-1.000000000000000000e+00,-1.000000000000000000e+00,-1.000000000000000000e+00,-1.000000000000000000e+00,-1.000000000000000000e+00,-1.000000000000000000e+00,-1.000000000000000000e+00,-1.000000000000000000e+00,-1.000000000000000000e+00,-1.000000000000000000e+00,-1.000000000000000000e+00,-1.000000000000000000e+00,-1.000000000000000000e+00,-1.000000000000000000e+00,-1.000000000000000000e+00,-1.000000000000000000e+00,-1.000000000000000000e+00,-1.000000000000000000e+00,-1.000000000000000000e+00,-1.000000000000000000e+00,-1.000000000000000000e+00,-1.000000000000000000e+00,-1.000000000000000000e+00
-1.000000000000000000e+00,-1.000000000000000000e+00,-1.000000000000000000e+00,-1.000000000000000000e+00,-1.000000000000000000e+00,-1.000000000000000000e+00,-1.000000000000000000e+00,-1.000000000000000000e+00,-1.000000000000000000e+00,-1.000000000000000000e+00,-1.000000000000000000e+00,-1.000000000000000000e+00,-1.000000000000000000e+00,-1.000000000000000000e+00,-1.000000000000000000e+00,-1.000000000000000000e+00,-1.000000000000000000e+00,-1.000000000000000000e+00,-1.000000000000000000e+00,-1.000000000000000000e+00,-1.000000000000000000e+00,-1.000000000000000000e+00,-1.000000000000000000e+00,-1.000000000000000000e+00,-1.000000000000000000e+00,-1.000000000000000000e+00,-1.000000000000000000e+00,-1.000000000000000000e+00,-1.000000000000000000e+00,-1.000000000000000000e+00,-1.000000000000000000e+00,-1.000000000000000000e+00,-1.000000000000000000e+00,-1.000000000000000000e+00,-1.000000000000000000e+00,-1.000000000000000000e+00,-1.000000000000000000e+00,-1.000000000000000000e+00,-1.000000000000000000e+00,-1.000000000000000000e+00,-1.000000000000000000e+00,-1.000000000000000000e+00,-1.000000000000000000e+00,-1.000000000000000000e+00,-1.000000000000000000e+00,-1.000000000000000000e+00,-4.796883711711519283e-01,-4.797122685778889561e-01,-4.797838912145815371e-01,-4.799030163492972179e-01,-4.800690339962647712e-01,-4.802805259437690211e-01,-4.805341919007286577e-01,-4.808226010037897069e-01,-4.811294849702658638e-01,-4.814202455248839385e-01,-4.816234312490790259e-01,-4.815957611602703636e-01,-4.810582022988292294e-01,-4.794829329816572283e-01,-4.759001823467956527e-01,-4.685802962558796025e-01,-4.545331315800940075e-01,-4.287647028524403936e-01,-3.832686739351096605e-01,-3.058783797345743238e-01,-1.795246111378272502e-01,1.653423596281911045e-02,2.997970190894241327e-01,6.648408405263701582e-01,1.043628454248008985e+00,1.269976518926886122e+00,1.269976517784159320e+00,1.043628451160261150e+00,6.648408362163200636e-01,2.997970141917063458e-01,1.653423084646199470e-02,-1.795246164170061220e-01,-3.058783854495574772e-01,-3.832686806305334315e-01,-4.287647112300358998e-01,-4.545331423414307181e-01,-4.685803099126504279e-01,-4.759001990627282908e-01,-4.794829524763359885e-01,-4.810582237548839402e-01,-4.815957829582879768e-01,-4.816234506995487052e-01,-4.814202584645110861e-01,-4.811294865366555484e-01,-4.808225868237769873e-01,-4.805341590414196062e-01,-4.802804732153651557e-01,-4.800689622582821059e-01,-4.799029287395661925e-01,-4.797838009323802666e-01,-4.797121750798511997e-01,-4.796882832779836292e-01,-1.000000000000000000e+00,-1.000000000000000000e+00,-1.000000000000000000e+00,-1.000000000000000000e+00,-1.000000000000000000e+00,-1.000000000000000000e+00,-1.000000000000000000e+00,-1.000000000000000000e+00,-1.000000000000000000e+00,-1.000000000000000000e+00,-1.000000000000000000e+00,-1.000000000000000000e+00,-1.000000000000000000e+00,-1.000000000000000000e+00,-1.000000000000000000e+00,-1.000000000000000000e+00,-1.000000000000000000e+00,-1.000000000000000000e+00,-1.000000000000000000e+00,-1.000000000000000000e+00,-1.000000000000000000e+00,-1.000000000000000000e+00,-1.000000000000000000e+00,-1.000000000000000000e+00,-1.000000000000000000e+00,-1.000000000000000000e+00,-1.000000000000000000e+00,-1.000000000000000000e+00,-1.000000000000000000e+00,-1.000000000000000000e+00,-1.000000000000000000e+00,-1.000000000000000000e+00,-1.000000000000000000e+00,-1.000000000000000000e+00,-1.000000000000000000e+00,-1.000000000000000000e+00,-1.000000000000000000e+00,-1.000000000000000000e+00,-1.000000000000000000e+00,-1.000000000000000000e+00,-1.000000000000000000e+00,-1.000000000000000000e+00,-1.000000000000000000e+00,-1.000000000000000000e+00,-1.000000000000000000e+00,-1.000000000000000000e+00
-1.000000000000000000e+00,-1.000000000000000000e+00,-1.000000000000000000e+00,-1.000000000000000000e+00,-1.000000000000000000e+00,-1.000000000000000000e+00,-1.000000000000000000e+00,-1.000000000000000000e+00,-1.000000000000000000e+00,-1.000000000000000000e+00,-1.000000000000000000e+00,-1.000000000000000000e+00,-1.000000000000000000e+00,-1.000000000000000000e+00,-1.000000000000000000e+00,-1.000000000000000000e+00,-1.000000000000000000e+00,-1.000000000000000000e+00,-1.000000000000000000e+00,-1.000000000000000000e+00,-1.000000000000000000e+00,-1.000000000000000000e+00,-1.000000000000000000e+00,-1.000000000000000000e+00,-1.000000000000000000e+00,-1.000000000000000000e+00,-1.000000000000000000e+00,-1.000000000000000000e+00,-1.000000000000000000e+00,-1.000000000000000000e+00,-1.000000000000000000e+00,-1.000000000000000000e+00,-1.000000000000000000e+00,-1.000000000000000000e+00,-1.000000000000000000e+00,-1.000000000000000000e+00,-1.000000000000000000e+00,-1.000000000000000000e+00,-1.000000000000000000e+00,-1.000000000000000000e+00,-1.000000000000000000e+00,-1.000000000000000000e+00,-1.000000000000000000e+00,-1.000000000000000000e+00,-1.000000000000000000e+00,-1.000000000000000000e+00,-4.797700480316393623e-01,-4.797939462473550520e-01,-4.798655640520026466e-01,-4.799846725176406537e-01,-4.801506713380501168e-01,-4.803621409128382425e-01,-4.806157805872466326e-01,-4.809041599281584922e-01,-4.812110107777343160e-01,-4.815017358691946470e-01,-4.817048848846381404e-01,-4.816771785202140777e-01,-4.811395875776911524e-01,-4.795642983730106224e-01,-4.759815559260651696e-01,-4.686617366520113848e-01,-4.546147541835781070e-01,-4.288467239340958415e-01,-3.833514794447827612e-01,-3.059626217564783701e-01,-1.796113198859305982e-01,1.644357511563576679e-02,2.997005543579502884e-01,6.647368712224333009e-01,1.043516733542592334e+00,1.269860141879319393e+00,1.269860140320295372e+00,1.043516729142820232e+00,6.647368645728333192e-01,2.997005459617669842e-01,1.644356524012025034e-02,-1.796113312408511575e-01,-3.059626348450459332e-01,-3.833514947113281224e-01,-4.288467418905792528e-01,-4.546147752321365587e-01,-4.686617608612868580e-01,-4.759815828668587656e-01,-4.795643270450522522e-01,-4.811396164421601895e-01,-4.816772053702518264e-01,-4.817049066413083835e-01,-4.815017481100172247e-01,-4.812110085579464069e-01,-4.809041394352062682e-01,-4.806157405352022849e-01,-4.803620822027321324e-01,-4.801505973041102493e-01,-4.799845873552515130e-01,-4.798654799192547671e-01,-4.797938667840924154e-01,-4.797699791696325988e-01,-1.000000000000000000e+00,-1.000000000000000000e+00,-1.000000000000000000e+00,-1.000000000000000000e+00,-1.000000000000000000e+00,-1.000000000000000000e+00,-1.000000000000000000e+00,-1.000000000000000000e+00,-1.000000000000000000e+00,-1.000000000000000000e+00,-1.000000000000000000e+00,-1.000000000000000000e+00,-1.000000000000000000e+00,-1.000000000000000000e+00,-1.000000000000000000e+00,-1.000000000000000000e+00,-1.000000000000000000e+00,-1.000000000000000000e+00,-1.000000000000000000e+00,-1.000000000000000000e+00,-1.000000000000000000e+00,-1.000000000000000000e+00,-1.000000000000000000e+00,-1.000000000000000000e+00,-1.000000000000000000e+00,-1.000000000000000000e+00,-1.000000000000000000e+00,-1.000000000000000000e+00,-1.000000000000000000e+00,-1.000000000000000000e+00,-1.000000000000000000e+00,-1.000000000000000000e+00,-1.000000000000000000e+00,-1.000000000000000000e+00,-1.000000000000000000e+00,-1.000000000000000000e+00,-1.000000000000000000e+00,-1.000000000000000000e+00,-1.000000000000000000e+00,-1.000000000000000000e+00,-1.000000000000000000e+00,-1.000000000000000000e+00,-1.000000000000000000e+00,-1.000000000000000000e+00,-1.000000000000000000e+00,-1.000000000000000000e+00
-1.000000000000000000e+00,-1.000000000000000000e+00,-1.000000000000000000e+00,-1.000000000000000000e+00,-1.000000000000000000e+00,-1.000000000000000000e+00,-1.000000000000000000e+00,-1.000000000000000000e+00,-1.000000000000000000e+00,-1.000000000000000000e+00,-1.000000000000000000e+00,-1.000000000000000000e+00,-1.000000000000000000e+00,-1.000000000000000000e+00,-1.000000000000000000e+00,-1.000000000000000000e+00,-1.000000000000000000e+00,-1.000000000000000000e+00,-1.000000000000000000e+00,-1.000000000000000000e+00,-1.000000000000000000e+00,-1.000000000000000000e+00,-1.000000000000000000e+00,-1.000000000000000000e+00,-1.000000000000000000e+00,-1.000000000000000000e+00,-1.000000000000000000e+00,-1.000000000000000000e+00,-1.000000000000000000e+00,-1.000000000000000000e+00,-1.000000000000000000e+00,-1.000000000000000000e+00,-1.000000000000000000e+00,-1.000000000000000000e+00,-1.000000000000000000e+00,-1.000000000000000000e+00,-1.000000000000000000e+00,-1.000000000000000000e+00,-1.000000000000000000e+00,-1.000000000000000000e+00,-1.000000000000000000e+00,-1.000000000000000000e+00,-1.000000000000000000e+00,-1.000000000000000000e+00,-1.000000000000000000e+00,-1.000000000000000000e+00,-4.798844002153312971e-01,-4.799082929783633489e-01,-4.799799008889751306e-01,-4.800989896013554414e-01,-4.802649641963547822e-01,-4.804764036708446540e-01,-4.807300076520162335e-01,-4.810183461273309646e-01,-4.813251512996794546e-01,-4.816158267500281198e-01,-4.818189234331580195e-01,-4.817911648303736527e-01,-4.812535275185556571e-01,-4.796782092614426674e-01,-4.760954774146908264e-01,-4.687757512153734041e-01,-4.547290237428276427e-01,-4.289615515776485921e-01,-3.834674057657485591e-01,-3.060805598810807382e-01,-1.797327122536236388e-01,1.631664893728768106e-02,2.995655020055263407e-01,6.645913121762525577e-01,1.043360322902082693e+00,1.269697213082726428e+00,1.269697211988812136e+00,1.043360319735175956e+00,6.645913071195206356e-01,2.995654950434554209e-01,1.631663984503983755e-02,-1.797327238477963718e-01,-3.060805744311902998e-01,-3.834674237201349811e-01,-4.289615732279221660e-01,-4.547290490444861888e-01,-4.687757796057940851e-01,-4.760955076939010766e-01,-4.796782395829648493e-01,-4.812535556084895916e-01,-4.817911880561513982e-01,-4.818189387596021334e-01,-4.816158303350945857e-01,-4.813251392601891610e-01,-4.810183160884138331e-01,-4.807299603030221746e-01,-4.804763422118520921e-01,-4.802648944573784107e-01,-4.800989157122392825e-01,-4.799798319979826644e-01,-4.799082347946708182e-01,-4.798843514806456767e-01,-1.000000000000000000e+00,-1.000000000000000000e+00,-1.000000000000000000e+00,-1.000000000000000000e+00,-1.000000000000000000e+00,-1.000000000000000000e+00,-1.000000000000000000e+00,-1.000000000000000000e+00,-1.000000000000000000e+00,-1.000000000000000000e+00,-1.000000000000000000e+00,-1.000000000000000000e+00,-1.000000000000000000e+00,-1.000000000000000000e+00,-1.000000000000000000e+00,-1.000000000000000000e+00,-1.000000000000000000e+00,-1.000000000000000000e+00,-1.000000000000000000e+00,-1.000000000000000000e+00,-1.000000000000000000e+00,-1.000000000000000000e+00,-1.000000000000000000e+00,-1.000000000000000000e+00,-1.000000000000000000e+00,-1.000000000000000000e+00,-1.000000000000000000e+00,-1.000000000000000000e+00,-1.000000000000000000e+00,-1.000000000000000000e+00,-1.000000000000000000e+00,-1.000000000000000000e+00,-1.000000000000000000e+00,-1.000000000000000000e+00,-1.000000000000000000e+00,-1.000000000000000000e+00,-1.000000000000000000e+00,-1.000000000000000000e+00,-1.000000000000000000e+00,-1.000000000000000000e+00,-1.000000000000000000e+00,-1.000000000000000000e+00,-1.000000000000000000e+00,-1.000000000000000000e+00,-1.000000000000000000e+00,-1.000000000000000000e+00
-1.000000000000000000e+00,-1.000000000000000000e+00,-1.000000000000000000e+00,-1.000000000000000000e+00,-1.000000000000000000e+00,-1.000000000000000000e+00,-1.000000000000000000e+00,-1.000000000000000000e+00,-1.000000000000000000e+00,-1.000000000000000000e+00,-1.000000000000000000e+00,-1.000000000000000000e+00,-1.000000000000000000e+00,-1.000000000000000000e+00,-1.000000000000000000e+00,-1.000000000000000000e+00,-1.000000000000000000e+00,-1.000000000000000000e+00,-1.000000000000000000e+00,-1.000000000000000000e+00,-1.000000000000000000e+00,-1.000000000000000000e+00,-1.000000000000000000e+00,-1.000000000000000000e+00,-1.000000000000000000e+00,-1.000000000000000000e+00,-1.000000000000000000e+00,-1.000000000000000000e+00,-1.000000000000000000e+00,-1.000000000000000000e+00,-1.000000000000000000e+00,-1.000000000000000000e+00,-1.000000000000000000e+00,-1.000000000000000000e+00,-1.000000000000000000e+00,-1.000000000000000000e+00,-1.000000000000000000e+00,-1.000000000000000000e+00,-1.000000000000000000e+00,-1.000000000000000000e+00,-1.000000000000000000e+00,-1.000000000000000000e+00,-1.000000000000000000e+00,-1.000000000000000000e+00,-1.000000000000000000e+00,-1.000000000000000000e+00,-4.800314284848736790e-01,-4.800553151454343137e-01,-4.801269082278247780e-01,-4.802459728386514470e-01,-4.804119165671005831e-01,-4.806233167872271395e-01,-4.808768736904527330e-01,-4.811651576036650724e-01,-4.814719016475725866e-01,-4.817625108383598587e-01,-4.819655379591436528e-01,-4.819377101193049739e-01,-4.814000113663805536e-01,-4.798246541549175959e-01,-4.762419345514459224e-01,-4.689223269046101095e-01,-4.548759265826420872e-01,-4.291091718530424259e-01,-3.836164393506855674e-01,-3.062321817853499439e-01,-1.798887780271840597e-01,1.615346478917789597e-02,2.993918661307457540e-01,6.644041642813052206e-01,1.043159220472226423e+00,1.269487728431331952e+00,1.269487727208986172e+00,1.043159216837818981e+00,6.644041582055209005e-01,2.993918572956397739e-01,1.615345266833756455e-02,-1.798887939795461577e-01,-3.062322019728620504e-01,-3.836164638862040732e-01,-4.291092003886998185e-01,-4.548759582140879942e-01,-4.689223601294214561e-01,-4.762419672588826813e-01,-4.798246837028870004e-01,-4.814000349454694572e-01,-4.819377250381959854e-01,-4.819655417871802072e-01,-4.817625010578625577e-01,-4.814718762195520085e-01,-4.811651163883725602e-01,-4.808768198651858228e-01,-4.806232551603120129e-01,-4.804118543186701729e-01,-4.802459143830839494e-01,-4.801268566153709116e-01,-4.800552758634175632e-01,-4.800313970016354403e-01,-1.000000000000000000e+00,-1.000000000000000000e+00,-1.000000000000000000e+00,-1.000000000000000000e+00,-1.000000000000000000e+00,-1.000000000000000000e+00,-1.000000000000000000e+00,-1.000000000000000000e+00,-1.000000000000000000e+00,-1.000000000000000000e+00,-1.000000000000000000e+00,-1.000000000000000000e+00,-1.000000000000000000e+00,-1.000000000000000000e+00,-1.000000000000000000e+00,-1.000000000000000000e+00,-1.000000000000000000e+00,-1.000000000000000000e+00,-1.000000000000000000e+00,-1.000000000000000000e+00,-1.000000000000000000e+00,-1.000000000000000000e+00,-1.000000000000000000e+00,-1.000000000000000000e+00,-1.000000000000000000e+00,-1.000000000000000000e+00,-1.000000000000000000e+00,-1.000000000000000000e+00,-1.000000000000000000e+00,-1.000000000000000000e+00,-1.000000000000000000e+00,-1.000000000000000000e+00,-1.000000000000000000e+00,-1.000000000000000000e+00,-1.000000000000000000e+00,-1.000000000000000000e+00,-1.000000000000000000e+00,-1.000000000000000000e+00,-1.000000000000000000e+00,-1.000000000000000000e+00,-1.000000000000000000e+00,-1.000000000000000000e+00,-1.000000000000000000e+00,-1.000000000000000000e+00,-1.000000000000000000e+00,-1.000000000000000000e+00
-1.000000000000000000e+00,-1.000000000000000000e+00,-1.000000000000000000e+00,-1.000000000000000000e+00,-1.000000000000000000e+00,-1.000000000000000000e+00,-1.000000000000000000e+00,-1.000000000000000000e+00,-1.000000000000000000e+00,-1.000000000000000000e+00,-1.000000000000000000e+00,-1.000000000000000000e+00,-1.000000000000000000e+00,-1.000000000000000000e+00,-1.000000000000000000e+00,-1.000000000000000000e+00,-1.000000000000000000e+00,-1.000000000000000000e+00,-1.000000000000000000e+00,-1.000000000000000000e+00,-1.000000000000000000e+00,-1.000000000000000000e+00,-1.000000000000000000e+00,-1.000000000000000000e+00,-1.000000000000000000e+00,-1.000000000000000000e+00,-1.000000000000000000e+00,-1.000000000000000000e+00,-1.000000000000000000e+00,-1.000000000000000000e+00,-1.000000000000000000e+00,-1.000000000000000000e+00,-1.000000000000000000e+00,-1.000000000000000000e+00,-1.000000000000000000e+00,-1.000000000000000000e+00,-1.000000000000000000e+00,-1.000000000000000000e+00,-1.000000000000000000e+00,-1.000000000000000000e+00,-1.000000000000000000e+00,-1.000000000000000000e+00,-1.000000000000000000e+00,-1.000000000000000000e+00,-1.000000000000000000e+00,-1.000000000000000000e+00,-4.802111245167299813e-01,-4.802350056094635278e-01,-4.803065806725568265e-01,-4.804256165639468890e-01,-4.805915217038974063e-01,-4.808028726132116404e-01,-4.810563702299450739e-01,-4.813445856424349856e-01,-4.816512531282572951e-01,-4.819417793388476312e-01,-4.821447195308090627e-01,-4.821168053722209024e-01,-4.815790301411428942e-01,-4.800036242806902109e-01,-4.764209190133916749e-01,-4.691014561137061278e-01,-4.550554560664235026e-01,-4.292895792990165660e-01,-3.837985760640956201e-01,-3.064174848391516548e-01,-1.800795163636417229e-01,1.595402145433233443e-02,2.991796434433142693e-01,6.641754226676246375e-01,1.042913420751968800e+00,1.269231682542114825e+00,1.269231681472838602e+00,1.042913417475694438e+00,6.641754168952607174e-01,2.991796345429573734e-01,1.595400863241103195e-02,-1.800795337886968994e-01,-3.064175072423456214e-01,-3.837986033505202954e-01,-4.292896107241510606e-01,-4.550554901453436329e-01,-4.691014906349746383e-01,-4.764209511454717827e-01,-4.800036507655240925e-01,-4.815790477774344325e-01,-4.821168115793623699e-01,-4.821447127404239197e-01,-4.819417586883156801e-01,-4.816512185377863631e-01,-4.813445391526824935e-01,-4.810563175570701233e-01,-4.808028195322293641e-01,-4.805914738977392631e-01,-4.804255787098945518e-01,-4.803065510136423910e-01,-4.802349877272567014e-01,-4.802111136327580354e-01,-1.000000000000000000e+00,-1.000000000000000000e+00,-1.000000000000000000e+00,-1.000000000000000000e+00,-1.000000000000000000e+00,-1.000000000000000000e+00,-1.000000000000000000e+00,-1.000000000000000000e+00,-1.000000000000000000e+00,-1.000000000000000000e+00,-1.000000000000000000e+00,-1.000000000000000000e+00,-1.000000000000000000e+00,-1.000000000000000000e+00,-1.000000000000000000e+00,-1.000000000000000000e+00,-1.000000000000000000e+00,-1.000000000000000000e+00,-1.000000000000000000e+00,-1.000000000000000000e+00,-1.000000000000000000e+00,-1.000000000000000000e+00,-1.000000000000000000e+00,-1.000000000000000000e+00,-1.000000000000000000e+00,-1.000000000000000000e+00,-1.000000000000000000e+00,-1.000000000000000000e+00,-1.000000000000000000e+00,-1.000000000000000000e+00,-1.000000000000000000e+00,-1.000000000000000000e+00,-1.000000000000000000e+00,-1.000000000000000000e+00,-1.000000000000000000e+00,-1.000000000000000000e+00,-1.000000000000000000e+00,-1.000000000000000000e+00,-1.000000000000000000e+00,-1.000000000000000000e+00,-1.000000000000000000e+00,-1.000000000000000000e+00,-1.000000000000000000e+00,-1.000000000000000000e+00,-1.000000000000000000e+00,-1.000000000000000000e+00
-1.000000000000000000e+00,-1.000000000000000000e+00,-1.000000000000000000e+00,-1.000000000000000000e+00,-1.000000000000000000e+00,-1.000000000000000000e+00,-1.000000000000000000e+00,-1.000000000000000000e+00,-1.000000000000000000e+00,-1.000000000000000000e+00,-1.000000000000000000e+00,-1.000000000000000000e+00,-1.000000000000000000e+00,-1.000000000000000000e+00,-1.000000000000000000e+00,-1.000000000000000000e+00,-1.000000000000000000e+00,-1.000000000000000000e+00,-1.000000000000000000e+00,-1.000000000000000000e+00,-1.000000000000000000e+00,-1.000000000000000000e+00,-1.000000000000000000e+00,-1.000000000000000000e+00,-1.000000000000000000e+00,-1.000000000000000000e+00,-1.000000000000000000e+00,-1.000000000000000000e+00,-1.000000000000000000e+00,-1.000000000000000000e+00,-1.000000000000000000e+00,-1.000000000000000000e+00,-1.000000000000000000e+00,-1.000000000000000000e+00,-1.000000000000000000e+00,-1.000000000000000000e+00,-1.000000000000000000e+00,-1.000000000000000000e+00,-1.000000000000000000e+00,-1.000000000000000000e+00,-1.000000000000000000e+00,-1.000000000000000000e+00,-1.000000000000000000e+00,-1.000000000000000000e+00,-1.000000000000000000e+00,-1.000000000000000000e+00,-4.804234897129759929e-01,-4.804473639557542697e-01,-4.805189179714517422e-01,-4.806379200937902496e-01,-4.808037782860976606e-01,-4.810150693490902185e-01,-4.812684948837020471e-01,-4.815566271752835803e-01,-4.818632020611897104e-01,-4.821536279721332363e-01,-4.823564631567336392e-01,-4.823284447659954566e-01,-4.817905770360919604e-01,-4.802151116917929841e-01,-4.766324216082615806e-01,-4.693131284164220318e-01,-4.552676007180407325e-01,-4.295027618265292446e-01,-3.840138039158151884e-01,-3.066364580700122744e-01,-1.803049183198197625e-01,1.571832495311209499e-02,2.989288365807398762e-01,6.639050868381701775e-01,1.042622921016966409e+00,1.268929071331688974e+00,1.268929070487510025e+00,1.042622918308871327e+00,6.639050817141853855e-01,2.989288281269777414e-01,1.571831216058150460e-02,-1.803049362237585385e-01,-3.066364813890780638e-01,-3.840138323173043489e-01,-4.295027941685916062e-01,-4.552676349336408634e-01,-4.693131615678414192e-01,-4.766324501653853574e-01,-4.802151319488183745e-01,-4.817905857483291143e-01,-4.823284399611962314e-01,-4.823564447499109065e-01,-4.821535975686206399e-01,-4.818631621928926023e-01,-4.815565814424243030e-01,-4.812684495548698038e-01,-4.810150306091687256e-01,-4.808037490665624247e-01,-4.806379032440100119e-01,-4.805189100136040281e-01,-4.804473663169996911e-01,-4.804234979714152587e-01,-1.000000000000000000e+00,-1.000000000000000000e+00,-1.000000000000000000e+00,-1.000000000000000000e+00,-1.000000000000000000e+00,-1.000000000000000000e+00,-1.000000000000000000e+00,-1.000000000000000000e+00,-1.000000000000000000e+00,-1.000000000000000000e+00,-1.000000000000000000e+00,-1.000000000000000000e+00,-1.000000000000000000e+00,-1.000000000000000000e+00,-1.000000000000000000e+00,-1.000000000000000000e+00,-1.000000000000000000e+00,-1.000000000000000000e+00,-1.000000000000000000e+00,-1.000000000000000000e+00,-1.000000000000000000e+00,-1.000000000000000000e+00,-1.000000000000000000e+00,-1.000000000000000000e+00,-1.000000000000000000e+00,-1.000000000000000000e+00,-1.000000000000000000e+00,-1.000000000000000000e+00,-1.000000000000000000e+00,-1.000000000000000000e+00,-1.000000000000000000e+00,-1.000000000000000000e+00,-1.000000000000000000e+00,-1.000000000000000000e+00,-1.000000000000000000e+00,-1.000000000000000000e+00,-1.000000000000000000e+00,-1.000000000000000000e+00,-1.000000000000000000e+00,-1.000000000000000000e+00,-1.000000000000000000e+00,-1.000000000000000000e+00,-1.000000000000000000e+00,-1.000000000000000000e+00,-1.000000000000000000e+00,-1.000000000000000000e+00
-1.000000000000000000e+00,-1.000000000000000000e+00,-1.000000000000000000e+00,-1.000000000000000000e+00,-1.000000000000000000e+00,-1.000000000000000000e+00,-1.000000000000000000e+00,-1.000000000000000000e+00,-1.000000000000000000e+00,-1.000000000000000000e+00,-1.000000000000000000e+00,-1.000000000000000000e+00,-1.000000000000000000e+00,-1.000000000000000000e+00,-1.000000000000000000e+00,-1.000000000000000000e+00,-1.000000000000000000e+00,-1.000000000000000000e+00,-1.000000000000000000e+00,-1.000000000000000000e+00,-1.000000000000000000e+00,-1.000000000000000000e+00,-1.000000000000000000e+00,-1.000000000000000000e+00,-1.000000000000000000e+00,-1.000000000000000000e+00,-1.000000000000000000e+00,-1.000000000000000000e+00,-1.000000000000000000e+00,-1.000000000000000000e+00,-1.000000000000000000e+00,-1.000000000000000000e+00,-1.000000000000000000e+00,-1.000000000000000000e+00,-1.000000000000000000e+00,-1.000000000000000000e+00,-1.000000000000000000e+00,-1.000000000000000000e+00,-1.000000000000000000e+00,-1.000000000000000000e+00,-1.000000000000000000e+00,-1.000000000000000000e+00,-1.000000000000000000e+00,-1.000000000000000000e+00,-1.000000000000000000e+00,-1.000000000000000000e+00,-4.806685244675987789e-01,-4.806923902535720217e-01,-4.807639195891990624e-01,-4.808828817326391558e-01,-4.810486838486953687e-01,-4.812599036025249077e-01,-4.815132434953799390e-01,-4.818012770781443521e-01,-4.821077420598660623e-01,-4.823980490169672564e-01,-4.826007597250532299e-01,-4.825726178428517699e-01,-4.820346403583064543e-01,-4.804591036320102759e-01,-4.768764287145792480e-01,-4.695573295675297132e-01,-4.555123459987155954e-01,-4.297487051073876074e-01,-3.842621095220186689e-01,-3.068890899648275550e-01,-1.805649751952698168e-01,1.544638047092838917e-02,2.986394470438327176e-01,6.635931551764349123e-01,1.042287717621656284e+00,1.268579889878314937e+00,1.268579888994178617e+00,1.042287714765166129e+00,6.635931497310929572e-01,2.986394380506558477e-01,1.544636694362822027e-02,-1.805649938776374697e-01,-3.068891137883742459e-01,-3.842621377015946749e-01,-4.297487360122076439e-01,-4.555123771117495224e-01,-4.695573576046783160e-01,-4.768764500228570569e-01,-4.804591147626737779e-01,-4.820346387558904766e-01,-4.825726026685792647e-01,-4.826007323855119324e-01,-4.823980130577192327e-01,-4.821077022076121210e-01,-4.818012382524257120e-01,-4.815132107566828523e-01,-4.812598819952018658e-01,-4.810486743402275778e-01,-4.808828838279346485e-01,-4.807639296432677511e-01,-4.806924081468197940e-01,-4.806685467295883640e-01,-1.000000000000000000e+00,-1.000000000000000000e+00,-1.000000000000000000e+00,-1.000000000000000000e+00,-1.000000000000000000e+00,-1.000000000000000000e+00,-1.000000000000000000e+00,-1.000000000000000000e+00,-1.000000000000000000e+00,-1.000000000000000000e+00,-1.000000000000000000e+00,-1.000000000000000000e+00,-1.000000000000000000e+00,-1.000000000000000000e+00,-1.000000000000000000e+00,-1.000000000000000000e+00,-1.000000000000000000e+00,-1.000000000000000000e+00,-1.000000000000000000e+00,-1.000000000000000000e+00,-1.000000000000000000e+00,-1.000000000000000000e+00,-1.000000000000000000e+00,-1.000000000000000000e+00,-1.000000000000000000e+00,-1.000000000000000000e+00,-1.000000000000000000e+00,-1.000000000000000000e+00,-1.000000000000000000e+00,-1.000000000000000000e+00,-1.000000000000000000e+00,-1.000000000000000000e+00,-1.000000000000000000e+00,-1.000000000000000000e+00,-1.000000000000000000e+00,-1.000000000000000000e+00,-1.000000000000000000e+00,-1.000000000000000000e+00,-1.000000000000000000e+00,-1.000000000000000000e+00,-1.000000000000000000e+00,-1.000000000000000000e+00,-1.000000000000000000e+00,-1.000000000000000000e+00,-1.000000000000000000e+00,-1.000000000000000000e+00
-1.000000000000000000e+00,-1.000000000000000000e+00,-1.000000000000000000e+00,-1.000000000000000000e+00,-1.000000000000000000e+00,-1.000000000000000000e+00,-1.000000000000000000e+00,-1.000000000000000000e+00,-1.000000000000000000e+00,-1.000000000000000000e+00,-1.000000000000000000e+00,-1.000000000000000000e+00,-1.000000000000000000e+00,-1.000000000000000000e+00,-1.000000000000000000e+00,-1.000000000000000000e+00,-1.000000000000000000e+00,-1.000000000000000000e+00,-1.000000000000000000e+00,-1.000000000000000000e+00,-1.000000000000000000e+00,-1.000000000000000000e+00,-1.000000000000000000e+00,-1.000000000000000000e+00,-1.000000000000000000e+00,-1.000000000000000000e+00,-1.000000000000000000e+00,-1.000000000000000000e+00,-1.000000000000000000e+00,-1.000000000000000000e+00,-1.000000000000000000e+00,-1.000000000000000000e+00,-1.000000000000000000e+00,-1.000000000000000000e+00,-1.000000000000000000e+00,-1.000000000000000000e+00,-1.000000000000000000e+00,-1.000000000000000000e+00,-1.000000000000000000e+00,-1.000000000000000000e+00,-1.000000000000000000e+00,-1.000000000000000000e+00,-1.000000000000000000e+00,-1.000000000000000000e+00,-1.000000000000000000e+00,-1.000000000000000000e+00,-4.809462263808743643e-01,-4.809700825859870577e-01,-4.810415833839014610e-01,-4.811604984638995219e-01,-4.813262349098961224e-01,-4.815373710707575583e-01,-4.817906108948157851e-01,-4.820785293260589910e-01,-4.823848661239500402e-01,-4.826750343869408155e-01,-4.828775999513226225e-01,-4.828493139967999781e-01,-4.823112080321116935e-01,-4.807355864683966473e-01,-4.771529251732493648e-01,-4.698340430994853989e-01,-4.557896745673524208e-01,-4.300273915950851844e-01,-3.845434760447616895e-01,-3.071753655389137805e-01,-1.808596751313906736e-01,1.513819560597706726e-02,2.983114776165338711e-01,6.632396260778552488e-01,1.041907805872640758e+00,1.268184131598873776e+00,1.268184130091004391e+00,1.041907801278977530e+00,6.632396181248418898e-01,2.983114657540131276e-01,1.513817932029315472e-02,-1.808596958935924093e-01,-3.071753901293261535e-01,-3.845435030861663606e-01,-4.300274190560919862e-01,-4.557896998010075862e-01,-4.698340629566999382e-01,-4.771529363949387204e-01,-4.807355863307218868e-01,-4.823111951367184957e-01,-4.828492892207192355e-01,-4.828775668010756306e-01,-4.826749981617943774e-01,-4.823848321406858375e-01,-4.820785024139260244e-01,-4.817905944829323772e-01,-4.815373674227814149e-01,-4.813262436860084037e-01,-4.811605162984022854e-01,-4.810416067603782153e-01,-4.809701108233932487e-01,-4.809462576870346950e-01,-1.000000000000000000e+00,-1.000000000000000000e+00,-1.000000000000000000e+00,-1.000000000000000000e+00,-1.000000000000000000e+00,-1.000000000000000000e+00,-1.000000000000000000e+00,-1.000000000000000000e+00,-1.000000000000000000e+00,-1.000000000000000000e+00,-1.000000000000000000e+00,-1.000000000000000000e+00,-1.000000000000000000e+00,-1.000000000000000000e+00,-1.000000000000000000e+00,-1.000000000000000000e+00,-1.000000000000000000e+00,-1.000000000000000000e+00,-1.000000000000000000e+00,-1.000000000000000000e+00,-1.000000000000000000e+00,-1.000000000000000000e+00,-1.000000000000000000e+00,-1.000000000000000000e+00,-1.000000000000000000e+00,-1.000000000000000000e+00,-1.000000000000000000e+00,-1.000000000000000000e+00,-1.000000000000000000e+00,-1.000000000000000000e+00,-1.000000000000000000e+00,-1.000000000000000000e+00,-1.000000000000000000e+00,-1.000000000000000000e+00,-1.000000000000000000e+00,-1.000000000000000000e+00,-1.000000000000000000e+00,-1.000000000000000000e+00,-1.000000000000000000e+00,-1.000000000000000000e+00,-1.000000000000000000e+00,-1.000000000000000000e+00,-1.000000000000000000e+00,-1.000000000000000000e+00,-1.000000000000000000e+00,-1.000000000000000000e+00
-1.000000000000000000e+00,-1.000000000000000000e+00,-1.000000000000000000e+00,-1.000000000000000000e+00,-1.000000000000000000e+00,-1.000000000000000000e+00,-1.000000000000000000e+00,-1.000000000000000000e+00,-1.000000000000000000e+00,-1.000000000000000000e+00,-1.000000000000000000e+00,-1.000000000000000000e+00,-1.000000000000000000e+00,-1.000000000000000000e+00,-1.000000000000000000e+00,-1.000000000000000000e+00,-1.000000000000000000e+00,-1.000000000000000000e+00,-1.000000000000000000e+00,-1.000000000000000000e+00,-1.000000000000000000e+00,-1.000000000000000000e+00,-1.000000000000000000e+00,-1.000000000000000000e+00,-1.000000000000000000e+00,-1.000000000000000000e+00,-1.000000000000000000e+00,-1.000000000000000000e+00,-1.000000000000000000e+00,-1.000000000000000000e+00,-1.000000000000000000e+00,-1.000000000000000000e+00,-1.000000000000000000e+00,-1.000000000000000000e+00,-1.000000000000000000e+00,-1.000000000000000000e+00,-1.000000000000000000e+00,-1.000000000000000000e+00,-1.000000000000000000e+00,-1.000000000000000000e+00,-1.000000000000000000e+00,-1.000000000000000000e+00,-1.000000000000000000e+00,-1.000000000000000000e+00,-1.000000000000000000e+00,-1.000000000000000000e+00,-4.812565943126472234e-01,-4.812804397431929004e-01,-4.813519078120620520e-01,-4.814707681119667626e-01,-4.816364285881089558e-01,-4.818474681307955976e-01,-4.821005923770789181e-01,-4.823883778532236377e-01,-4.826945666735795726e-01,-4.829845748009411466e-01,-4.831869727177870999e-01,-4.831585201895949311e-01,-4.826202650451936194e-01,-4.810445432469796501e-01,-4.774618922466506987e-01,-4.701432488438541668e-01,-4.560995654453225967e-01,-4.303388004255834787e-01,-3.848578839504286364e-01,-3.074952679915785581e-01,-1.811890054448541676e-01,1.479377787339597461e-02,2.979449303518482139e-01,6.628444969426761091e-01,1.041483180242245510e+00,1.267741789537041086e+00,1.267741787135474141e+00,1.041483173214987623e+00,6.628444856292565746e-01,2.979449148886121890e-01,1.479375842284191833e-02,-1.811890282779193839e-01,-3.074952929292411596e-01,-3.848579090521333512e-01,-4.303388232581077943e-01,-4.560995832649545889e-01,-4.701432588430822790e-01,-4.774618920554987156e-01,-4.810445316305438368e-01,-4.826202424276759828e-01,-4.831584891035030083e-01,-4.831869380099300670e-01,-4.829845429324928219e-01,-4.826945429416049649e-01,-4.823883654226861495e-01,-4.821005928707178256e-01,-4.818474810205071179e-01,-4.816364521328857506e-01,-4.814707971730651792e-01,-4.813519390474922943e-01,-4.812804728731290282e-01,-4.812566295776923297e-01,-1.000000000000000000e+00,-1.000000000000000000e+00,-1.000000000000000000e+00,-1.000000000000000000e+00,-1.000000000000000000e+00,-1.000000000000000000e+00,-1.000000000000000000e+00,-1.000000000000000000e+00,-1.000000000000000000e+00,-1.000000000000000000e+00,-1.000000000000000000e+00,-1.000000000000000000e+00,-1.000000000000000000e+00,-1.000000000000000000e+00,-1.000000000000000000e+00,-1.000000000000000000e+00,-1.000000000000000000e+00,-1.000000000000000000e+00,-1.000000000000000000e+00,-1.000000000000000000e+00,-1.000000000000000000e+00,-1.000000000000000000e+00,-1.000000000000000000e+00,-1.000000000000000000e+00,-1.000000000000000000e+00,-1.000000000000000000e+00,-1.000000000000000000e+00,-1.000000000000000000e+00,-1.000000000000000000e+00,-1.000000000000000000e+00,-1.000000000000000000e+00,-1.000000000000000000e+00,-1.000000000000000000e+00,-1.000000000000000000e+00,-1.000000000000000000e+00,-1.000000000000000000e+00,-1.000000000000000000e+00,-1.000000000000000000e+00,-1.000000000000000000e+00,-1.000000000000000000e+00,-1.000000000000000000e+00,-1.000000000000000000e+00,-1.000000000000000000e+00,-1.000000000000000000e+00,-1.000000000000000000e+00,-1.000000000000000000e+00
-1.000000000000000000e+00,-1.000000000000000000e+00,-1.000000000000000000e+00,-1.000000000000000000e+00,-1.000000000000000000e+00,-1.000000000000000000e+00,-1.000000000000000000e+00,-1.000000000000000000e+00,-1.000000000000000000e+00,-1.000000000000000000e+00,-1.000000000000000000e+00,-1.000000000000000000e+00,-1.000000000000000000e+00,-1.000000000000000000e+00,-1.000000000000000000e+00,-1.000000000000000000e+00,-1.000000000000000000e+00,-1.000000000000000000e+00,-1.000000000000000000e+00,-1.000000000000000000e+00,-1.000000000000000000e+00,-1.000000000000000000e+00,-1.000000000000000000e+00,-1.000000000000000000e+00,-1.000000000000000000e+00,-1.000000000000000000e+00,-1.000000000000000000e+00,-1.000000000000000000e+00,-1.000000000000000000e+00,-1.000000000000000000e+00,-1.000000000000000000e+00,-1.000000000000000000e+00,-1.000000000000000000e+00,-1.000000000000000000e+00,-1.000000000000000000e+00,-1.000000000000000000e+00,-1.000000000000000000e+00,-1.000000000000000000e+00,-1.000000000000000000e+00,-1.000000000000000000e+00,-1.000000000000000000e+00,-1.000000000000000000e+00,-1.000000000000000000e+00,-1.000000000000000000e+00,-1.000000000000000000e+00,-1.000000000000000000e+00,-4.815996277014429339e-01,-4.816234607410461166e-01,-4.816948912004086480e-01,-4.818136885103498912e-01,-4.819792616310918376e-01,-4.821901903756504737e-01,-4.824431821543502252e-01,-4.827308152249507600e-01,-4.830368344231583677e-01,-4.833266589538656177e-01,-4.835288645837412247e-01,-4.835002208114538291e-01,-4.829617936903183306e-01,-4.813859543802392338e-01,-4.778033088260613681e-01,-4.704849246554756448e-01,-4.564419960893282280e-01,-4.306829095011579511e-01,-3.852053126612258183e-01,-3.078487795372835123e-01,-1.815529524347168078e-01,1.441313593333592991e-02,2.975398087068699127e-01,6.624077670084655978e-01,1.041013837606725723e+00,1.267252859577178370e+00,1.267252856481015044e+00,1.041013828726540247e+00,6.624077532422285586e-01,2.975397908060806174e-01,1.441311468262007622e-02,-1.815529757892795359e-01,-3.078488030978272505e-01,-3.852053339864660586e-01,-4.306829259417606082e-01,-4.564420051826791891e-01,-4.704849244447881773e-01,-4.778032982062754286e-01,-4.813859336470001082e-01,-4.829617650110735738e-01,-4.835001883320524385e-01,-4.835288337937653225e-01,-4.833266357991172768e-01,-4.830368234343680456e-01,-4.827308176906051074e-01,-4.824431975692338170e-01,-4.821902165831302156e-01,-4.819792953479140607e-01,-4.818137238108830545e-01,-4.816949252326345743e-01,-4.816234939501642387e-01,-4.815996622773530689e-01,-1.000000000000000000e+00,-1.000000000000000000e+00,-1.000000000000000000e+00,-1.000000000000000000e+00,-1.000000000000000000e+00,-1.000000000000000000e+00,-1.000000000000000000e+00,-1.000000000000000000e+00,-1.000000000000000000e+00,-1.000000000000000000e+00,-1.000000000000000000e+00,-1.000000000000000000e+00,-1.000000000000000000e+00,-1.000000000000000000e+00,-1.000000000000000000e+00,-1.000000000000000000e+00,-1.000000000000000000e+00,-1.000000000000000000e+00,-1.000000000000000000e+00,-1.000000000000000000e+00,-1.000000000000000000e+00,-1.000000000000000000e+00,-1.000000000000000000e+00,-1.000000000000000000e+00,-1.000000000000000000e+00,-1.000000000000000000e+00,-1.000000000000000000e+00,-1.000000000000000000e+00,-1.000000000000000000e+00,-1.000000000000000000e+00,-1.000000000000000000e+00,-1.000000000000000000e+00,-1.000000000000000000e+00,-1.000000000000000000e+00,-1.000000000000000000e+00,-1.000000000000000000e+00,-1.000000000000000000e+00,-1.000000000000000000e+00,-1.000000000000000000e+00,-1.000000000000000000e+00,-1.000000000000000000e+00,-1.000000000000000000e+00,-1.000000000000000000e+00,-1.000000000000000000e+00,-1.000000000000000000e+00,-1.000000000000000000e+00
-1.000000000000000000e+00,-1.000000000000000000e+00,-1.000000000000000000e+00,-1.000000000000000000e+00,-1.000000000000000000e+00,-1.000000000000000000e+00,-1.000000000000000000e+00,-1.000000000000000000e+00,-1.000000000000000000e+00,-1.000000000000000000e+00,-1.000000000000000000e+00,-1.000000000000000000e+00,-1.000000000000000000e+00,-1.000000000000000000e+00,-1.000000000000000000e+00,-1.000000000000000000e+00,-1.000000000000000000e+00,-1.000000000000000000e+00,-1.000000000000000000e+00,-1.000000000000000000e+00,-1.000000000000000000e+00,-1.000000000000000000e+00,-1.000000000000000000e+00,-1.000000000000000000e+00,-1.000000000000000000e+00,-1.000000000000000000e+00,-1.000000000000000000e+00,-1.000000000000000000e+00,-1.000000000000000000e+00,-1.000000000000000000e+00,-1.000000000000000000e+00,-1.000000000000000000e+00,-1.000000000000000000e+00,-1.000000000000000000e+00,-1.000000000000000000e+00,-1.000000000000000000e+00,-1.000000000000000000e+00,-1.000000000000000000e+00,-1.000000000000000000e+00,-1.000000000000000000e+00,-1.000000000000000000e+00,-1.000000000000000000e+00,-1.000000000000000000e+00,-1.000000000000000000e+00,-1.000000000000000000e+00,-1.000000000000000000e+00,-4.819753259499597320e-01,-4.819991446385634148e-01,-4.820705317755002994e-01,-4.821892571348920242e-01,-4.823547304446735851e-01,-4.825655328077154138e-01,-4.828183735038713564e-01,-4.831058328535853263e-01,-4.834116587545702615e-01,-4.837012741348551970e-01,-4.839032607549587084e-01,-4.838743990012899232e-01,-4.833357750568652023e-01,-4.817597989685147297e-01,-4.781771521994739871e-01,-4.708590463649038327e-01,-4.568169414459735123e-01,-4.310596937155857233e-01,-3.855857381345799695e-01,-3.082358785864682815e-01,-1.819514984890515663e-01,1.399628212716130804e-02,2.970961192496277548e-01,6.619294378498636888e-01,1.040499776391883735e+00,1.266717338428244410e+00,1.266717334841209741e+00,1.040499766278059290e+00,6.619294227057324065e-01,2.970961005243610842e-01,1.399626127867925618e-02,-1.819515196503012078e-01,-3.082358978088128865e-01,-3.855857529167590059e-01,-4.310597016880901577e-01,-4.568169408287028332e-01,-4.708590363616025343e-01,-4.781771332790842877e-01,-4.817597730573988102e-01,-4.833357454635596184e-01,-4.838743703395493867e-01,-4.839032385289012694e-01,-4.837012630766759358e-01,-4.834116614753778407e-01,-4.831058490926256610e-01,-4.828184005952786961e-01,-4.825655679885008098e-01,-4.823547692813825449e-01,-4.821892939095047126e-01,-4.820705644766345443e-01,-4.819991742349873931e-01,-4.819753563043756017e-01,-1.000000000000000000e+00,-1.000000000000000000e+00,-1.000000000000000000e+00,-1.000000000000000000e+00,-1.000000000000000000e+00,-1.000000000000000000e+00,-1.000000000000000000e+00,-1.000000000000000000e+00,-1.000000000000000000e+00,-1.000000000000000000e+00,-1.000000000000000000e+00,-1.000000000000000000e+00,-1.000000000000000000e+00,-1.000000000000000000e+00,-1.000000000000000000e+00,-1.000000000000000000e+00,-1.000000000000000000e+00,-1.000000000000000000e+00,-1.000000000000000000e+00,-1.000000000000000000e+00,-1.000000000000000000e+00,-1.000000000000000000e+00,-1.000000000000000000e+00,-1.000000000000000000e+00,-1.000000000000000000e+00,-1.000000000000000000e+00,-1.000000000000000000e+00,-1.000000000000000000e+00,-1.000000000000000000e+00,-1.000000000000000000e+00,-1.000000000000000000e+00,-1.000000000000000000e+00,-1.000000000000000000e+00,-1.000000000000000000e+00,-1.000000000000000000e+00,-1.000000000000000000e+00,-1.000000000000000000e+00,-1.000000000000000000e+00,-1.000000000000000000e+00,-1.000000000000000000e+00,-1.000000000000000000e+00,-1.000000000000000000e+00,-1.000000000000000000e+00,-1.000000000000000000e+00,-1.000000000000000000e+00,-1.000000000000000000e+00
-1.000000000000000000e+00,-1.000000000000000000e+00,-1.000000000000000000e+00,-1.000000000000000000e+00,-1.000000000000000000e+00,-1.000000000000000000e+00,-1.000000000000000000e+00,-1.000000000000000000e+00,-1.000000000000000000e+00,-1.000000000000000000e+00,-1.000000000000000000e+00,-1.000000000000000000e+00,-1.000000000000000000e+00,-1.000000000000000000e+00,-1.000000000000000000e+00,-1.000000000000000000e+00,-1.000000000000000000e+00,-1.000000000000000000e+00,-1.000000000000000000e+00,-1.000000000000000000e+00,-1.000000000000000000e+00,-1.000000000000000000e+00,-1.000000000000000000e+00,-1.000000000000000000e+00,-1.000000000000000000e+00,-1.000000000000000000e+00,-1.000000000000000000e+00,-1.000000000000000000e+00,-1.000000000000000000e+00,-1.000000000000000000e+00,-1.000000000000000000e+00,-1.000000000000000000e+00,-1.000000000000000000e+00,-1.000000000000000000e+00,-1.000000000000000000e+00,-1.000000000000000000e+00,-1.000000000000000000e+00,-1.000000000000000000e+00,-1.000000000000000000e+00,-1.000000000000000000e+00,-1.000000000000000000e+00,-1.000000000000000000e+00,-1.000000000000000000e+00,-1.000000000000000000e+00,-1.000000000000000000e+00,-1.000000000000000000e+00,-4.823836879229395080e-01,-4.824074900785939590e-01,-4.824788276825842104e-01,-4.825974710886509200e-01,-4.827628309948028829e-01,-4.829734900022311095e-01,-4.832261592981561549e-01,-4.835134217350249841e-01,-4.838190285685621816e-01,-4.841084069455483530e-01,-4.843101453807943102e-01,-4.842810363515717142e-01,-4.837421881611652097e-01,-4.821660535253036173e-01,-4.785833965822821057e-01,-4.712655862951722341e-01,-4.572243726349789483e-01,-4.314691240135362094e-01,-3.859991325117215766e-01,-3.086565401067424830e-01,-1.823846230693151327e-01,1.354323120064204744e-02,2.966138705787155772e-01,6.614095129725150457e-01,1.039940997141692414e+00,1.266135225199088943e+00,1.266135221598283955e+00,1.039940987136068529e+00,6.614094984555674017e-01,2.966138535129303477e-01,1.354321355647236658e-02,-1.823846391066750172e-01,-3.086565521865693995e-01,-3.859991384153076410e-01,-4.314691220890427559e-01,-4.572243622391063411e-01,-4.712655680525825730e-01,-4.785833724088508490e-01,-4.821660266039309306e-01,-4.837421625428195426e-01,-4.842810160929920116e-01,-4.843101345919968992e-01,-4.841084090511627025e-01,-4.838190440884728716e-01,-4.835134491046533256e-01,-4.832261942878250949e-01,-4.829735296932042843e-01,-4.827628705275879284e-01,-4.825975056794193918e-01,-4.824788562584618745e-01,-4.824075140553931718e-01,-4.823837123088070555e-01,-1.000000000000000000e+00,-1.000000000000000000e+00,-1.000000000000000000e+00,-1.000000000000000000e+00,-1.000000000000000000e+00,-1.000000000000000000e+00,-1.000000000000000000e+00,-1.000000000000000000e+00,-1.000000000000000000e+00,-1.000000000000000000e+00,-1.000000000000000000e+00,-1.000000000000000000e+00,-1.000000000000000000e+00,-1.000000000000000000e+00,-1.000000000000000000e+00,-1.000000000000000000e+00,-1.000000000000000000e+00,-1.000000000000000000e+00,-1.000000000000000000e+00,-1.000000000000000000e+00,-1.000000000000000000e+00,-1.000000000000000000e+00,-1.000000000000000000e+00,-1.000000000000000000e+00,-1.000000000000000000e+00,-1.000000000000000000e+00,-1.000000000000000000e+00,-1.000000000000000000e+00,-1.000000000000000000e+00,-1.000000000000000000e+00,-1.000000000000000000e+00,-1.000000000000000000e+00,-1.000000000000000000e+00,-1.000000000000000000e+00,-1.000000000000000000e+00,-1.000000000000000000e+00,-1.000000000000000000e+00,-1.000000000000000000e+00,-1.000000000000000000e+00,-1.000000000000000000e+00,-1.000000000000000000e+00,-1.000000000000000000e+00,-1.000000000000000000e+00,-1.000000000000000000e+00,-1.000000000000000000e+00,-1.000000000000000000e+00
-1.000000000000000000e+00,-1.000000000000000000e+00,-1.000000000000000000e+00,-1.000000000000000000e+00,-1.000000000000000000e+00,-1.000000000000000000e+00,-1.000000000000000000e+00,-1.000000000000000000e+00,-1.000000000000000000e+00,-1.000000000000000000e+00,-1.000000000000000000e+00,-1.000000000000000000e+00,-1.000000000000000000e+00,-1.000000000000000000e+00,-1.000000000000000000e+00,-1.000000000000000000e+00,-1.000000000000000000e+00,-1.000000000000000000e+00,-1.000000000000000000e+00,-1.000000000000000000e+00,-1.000000000000000000e+00,-1.000000000000000000e+00,-1.000000000000000000e+00,-1.000000000000000000e+00,-1.000000000000000000e+00,-1.000000000000000000e+00,-1.000000000000000000e+00,-1.000000000000000000e+00,-1.000000000000000000e+00,-1.000000000000000000e+00,-1.000000000000000000e+00,-1.000000000000000000e+00,-1.000000000000000000e+00,-1.000000000000000000e+00,-1.000000000000000000e+00,-1.000000000000000000e+00,-1.000000000000000000e+00,-1.000000000000000000e+00,-1.000000000000000000e+00,-1.000000000000000000e+00,-1.000000000000000000e+00,-1.000000000000000000e+00,-1.000000000000000000e+00,-1.000000000000000000e+00,-1.000000000000000000e+00,-1.000000000000000000e+00,-4.828247125270994644e-01,-4.828484956754870439e-01,-4.829197771815492146e-01,-4.830383277778356188e-01,-4.832035594725470062e-01,-4.834140565333351347e-01,-4.836665322050599514e-01,-4.839535723311678694e-01,-4.842589318521559605e-01,-4.845480426770318871e-01,-4.847495008864743937e-01,-4.847201122858271205e-01,-4.841810093945602134e-01,-4.826046915112982560e-01,-4.790220127745996592e-01,-4.717045130703727551e-01,-4.576642568572486525e-01,-4.319111672522737422e-01,-3.864454637545984284e-01,-3.091107349266719595e-01,-1.828523017090617486e-01,1.305400145728707884e-02,2.960930744005958459e-01,6.608479985909792020e-01,1.039337502852139217e+00,1.265506521247155902e+00,1.265506518252714763e+00,1.039337494680216523e+00,6.608479872100163632e-01,2.960930619537691655e-01,1.305399010435515095e-02,-1.828523097583021340e-01,-3.091107376068595869e-01,-3.864454595058042230e-01,-4.319111554297903055e-01,-4.576642380971307489e-01,-4.717044894010218314e-01,-4.790219872513965527e-01,-4.826046677150817032e-01,-4.841809912257781789e-01,-4.847201029894145918e-01,-4.847495024454326895e-01,-4.845480567860498411e-01,-4.842589575884712616e-01,-4.839536069755254744e-01,-4.836665709482357300e-01,-4.834140964993416389e-01,-4.832035961697558335e-01,-4.830383578068762063e-01,-4.829198003729473498e-01,-4.828485138404037258e-01,-4.828247309393045583e-01,-1.000000000000000000e+00,-1.000000000000000000e+00,-1.000000000000000000e+00,-1.000000000000000000e+00,-1.000000000000000000e+00,-1.000000000000000000e+00,-1.000000000000000000e+00,-1.000000000000000000e+00,-1.000000000000000000e+00,-1.000000000000000000e+00,-1.000000000000000000e+00,-1.000000000000000000e+00,-1.000000000000000000e+00,-1.000000000000000000e+00,-1.000000000000000000e+00,-1.000000000000000000e+00,-1.000000000000000000e+00,-1.000000000000000000e+00,-1.000000000000000000e+00,-1.000000000000000000e+00,-1.000000000000000000e+00,-1.000000000000000000e+00,-1.000000000000000000e+00,-1.000000000000000000e+00,-1.000000000000000000e+00,-1.000000000000000000e+00,-1.000000000000000000e+00,-1.000000000000000000e+00,-1.000000000000000000e+00,-1.000000000000000000e+00,-1.000000000000000000e+00,-1.000000000000000000e+00,-1.000000000000000000e+00,-1.000000000000000000e+00,-1.000000000000000000e+00,-1.000000000000000000e+00,-1.000000000000000000e+00,-1.000000000000000000e+00,-1.000000000000000000e+00,-1.000000000000000000e+00,-1.000000000000000000e+00,-1.000000000000000000e+00,-1.000000000000000000e+00,-1.000000000000000000e+00,-1.000000000000000000e+00,-1.000000000000000000e+00
-1.000000000000000000e+00,-1.000000000000000000e+00,-1.000000000000000000e+00,-1.000000000000000000e+00,-1.000000000000000000e+00,-1.000000000000000000e+00,-1.000000000000000000e+00,-1.000000000000000000e+00,-1.000000000000000000e+00,-1.000000000000000000e+00,-1.000000000000000000e+00,-1.000000000000000000e+00,-1.000000000000000000e+00,-1.000000000000000000e+00,-1.000000000000000000e+00,-1.000000000000000000e+00,-1.000000000000000000e+00,-1.000000000000000000e+00,-1.000000000000000000e+00,-1.000000000000000000e+00,-1.000000000000000000e+00,-1.000000000000000000e+00,-1.000000000000000000e+00,-1.000000000000000000e+00,-1.000000000000000000e+00,-1.000000000000000000e+00,-1.000000000000000000e+00,-1.000000000000000000e+00,-1.000000000000000000e+00,-1.000000000000000000e+00,-1.000000000000000000e+00,-1.000000000000000000e+00,-1.000000000000000000e+00,-1.000000000000000000e+00,-1.000000000000000000e+00,-1.000000000000000000e+00,-1.000000000000000000e+00,-1.000000000000000000e+00,-1.000000000000000000e+00,-1.000000000000000000e+00,-1.000000000000000000e+00,-1.000000000000000000e+00,-1.000000000000000000e+00,-1.000000000000000000e+00,-1.000000000000000000e+00,-1.000000000000000000e+00,-4.832983991344237396e-01,-4.833221606407978044e-01,-4.833933787620381395e-01,-4.835118247330267849e-01,-4.836769120166737324e-01,-4.838872266569707037e-01,-4.841394842606279170e-01,-4.844262741051057475e-01,-4.847313551765743966e-01,-4.850201647608232136e-01,-4.852213074002360571e-01,-4.851916035162746610e-01,-4.846522120399656686e-01,-4.830756828958433502e-01,-4.794929677269861301e-01,-4.721757911696276011e-01,-4.581365569893556255e-01,-4.323857859324897746e-01,-3.869246955765941465e-01,-3.095984298418912317e-01,-1.833545061810166743e-01,1.252861471506427904e-02,2.955337458084619229e-01,6.602449043583851207e-01,1.038689300148666561e+00,1.264831231650069832e+00,1.264831229931282941e+00,1.038689295637048815e+00,6.602448986674760434e-01,2.955337408246991870e-01,1.252861239641767099e-02,-1.833545039850470459e-01,-3.095984217507341540e-01,-3.869246810590247776e-01,-4.323857655690090951e-01,-4.581365325843025360e-01,-4.721757656818752480e-01,-4.794929448048410592e-01,-4.830756658719028707e-01,-4.846522035800058248e-01,-4.851916056074987438e-01,-4.852213202581472373e-01,-4.850201881465476816e-01,-4.847313874563266012e-01,-4.844263117153717602e-01,-4.841395227193387996e-01,-4.838872632837283305e-01,-4.836769433948067132e-01,-4.835118490798482327e-01,-4.833933966357379930e-01,-4.833221739297073327e-01,-4.832984126844594996e-01,-1.000000000000000000e+00,-1.000000000000000000e+00,-1.000000000000000000e+00,-1.000000000000000000e+00,-1.000000000000000000e+00,-1.000000000000000000e+00,-1.000000000000000000e+00,-1.000000000000000000e+00,-1.000000000000000000e+00,-1.000000000000000000e+00,-1.000000000000000000e+00,-1.000000000000000000e+00,-1.000000000000000000e+00,-1.000000000000000000e+00,-1.000000000000000000e+00,-1.000000000000000000e+00,-1.000000000000000000e+00,-1.000000000000000000e+00,-1.000000000000000000e+00,-1.000000000000000000e+00,-1.000000000000000000e+00,-1.000000000000000000e+00,-1.000000000000000000e+00,-1.000000000000000000e+00,-1.000000000000000000e+00,-1.000000000000000000e+00,-1.000000000000000000e+00,-1.000000000000000000e+00,-1.000000000000000000e+00,-1.000000000000000000e+00,-1.000000000000000000e+00,-1.000000000000000000e+00,-1.000000000000000000e+00,-1.000000000000000000e+00,-1.000000000000000000e+00,-1.000000000000000000e+00,-1.000000000000000000e+00,-1.000000000000000000e+00,-1.000000000000000000e+00,-1.000000000000000000e+00,-1.000000000000000000e+00,-1.000000000000000000e+00,-1.000000000000000000e+00,-1.000000000000000000e+00,-1.000000000000000000e+00,-1.000000000000000000e+00
-1.000000000000000000e+00,-1.000000000000000000e+00,-1.000000000000000000e+00,-1.000000000000000000e+00,-1.000000000000000000e+00,-1.000000000000000000e+00,-1.000000000000000000e+00,-1.000000000000000000e+00,-1.000000000000000000e+00,-1.000000000000000000e+00,-1.000000000000000000e+00,-1.000000000000000000e+00,-1.000000000000000000e+00,-1.000000000000000000e+00,-1.000000000000000000e+00,-1.000000000000000000e+00,-1.000000000000000000e+00,-1.000000000000000000e+00,-1.000000000000000000e+00,-1.000000000000000000e+00,-1.000000000000000000e+00,-1.000000000000000000e+00,-1.000000000000000000e+00,-1.000000000000000000e+00,-1.000000000000000000e+00,-1.000000000000000000e+00,-1.000000000000000000e+00,-1.000000000000000000e+00,-1.000000000000000000e+00,-1.000000000000000000e+00,-1.000000000000000000e+00,-1.000000000000000000e+00,-1.000000000000000000e+00,-1.000000000000000000e+00,-1.000000000000000000e+00,-1.000000000000000000e+00,-1.000000000000000000e+00,-1.000000000000000000e+00,-1.000000000000000000e+00,-1.000000000000000000e+00,-1.000000000000000000e+00,-1.000000000000000000e+00,-1.000000000000000000e+00,-1.000000000000000000e+00,-1.000000000000000000e+00,-1.000000000000000000e+00,-4.838047467761077414e-01,-4.838284840368372031e-01,-4.838996307387226636e-01,-4.840179591400213255e-01,-4.841828841494679736e-01,-4.843929938039632788e-01,-4.846450064023519744e-01,-4.849315151200679352e-01,-4.852362833916687990e-01,-4.855247545382344043e-01,-4.857255425317932307e-01,-4.856954837836191530e-01,-4.851557659807879119e-01,-4.835789938797203646e-01,-4.799962243215558644e-01,-4.726793807496960653e-01,-4.586412313559709020e-01,-4.328929378077948087e-01,-3.874367868106034507e-01,-3.101195867274011420e-01,-1.838912034171231724e-01,1.196709744031121403e-02,2.949359043014077031e-01,6.596002441293489227e-01,1.037996399714230300e+00,1.264109365320060796e+00,1.264109365363424331e+00,1.037996400227923388e+00,6.596002461183374521e-01,2.949359090404284345e-01,1.196710620562502214e-02,-1.838911896791284306e-01,-3.101195677446471066e-01,-3.874367632477913048e-01,-4.328929114068875705e-01,-4.586412048169874467e-01,-4.726793572931864418e-01,-4.799962072815118219e-01,-4.835789858851207157e-01,-4.851557680873446188e-01,-4.856954961585611130e-01,-4.857255641013891179e-01,-4.855247835346769847e-01,-4.852363180189902536e-01,-4.849315516040633156e-01,-4.846450411905003364e-01,-4.843930245569332271e-01,-4.841829090188056739e-01,-4.840179779071087651e-01,-4.838996444364047633e-01,-4.838284941894697155e-01,-4.838047575244397436e-01,-1.000000000000000000e+00,-1.000000000000000000e+00,-1.000000000000000000e+00,-1.000000000000000000e+00,-1.000000000000000000e+00,-1.000000000000000000e+00,-1.000000000000000000e+00,-1.000000000000000000e+00,-1.000000000000000000e+00,-1.000000000000000000e+00,-1.000000000000000000e+00,-1.000000000000000000e+00,-1.000000000000000000e+00,-1.000000000000000000e+00,-1.000000000000000000e+00,-1.000000000000000000e+00,-1.000000000000000000e+00,-1.000000000000000000e+00,-1.000000000000000000e+00,-1.000000000000000000e+00,-1.000000000000000000e+00,-1.000000000000000000e+00,-1.000000000000000000e+00,-1.000000000000000000e+00,-1.000000000000000000e+00,-1.000000000000000000e+00,-1.000000000000000000e+00,-1.000000000000000000e+00,-1.000000000000000000e+00,-1.000000000000000000e+00,-1.000000000000000000e+00,-1.000000000000000000e+00,-1.000000000000000000e+00,-1.000000000000000000e+00,-1.000000000000000000e+00,-1.000000000000000000e+00,-1.000000000000000000e+00,-1.000000000000000000e+00,-1.000000000000000000e+00,-1.000000000000000000e+00,-1.000000000000000000e+00,-1.000000000000000000e+00,-1.000000000000000000e+00,-1.000000000000000000e+00,-1.000000000000000000e+00,-1.000000000000000000e+00
-1.000000000000000000e+00,-1.000000000000000000e+00,-1.000000000000000000e+00,-1.000000000000000000e+00,-1.000000000000000000e+00,-1.000000000000000000e+00,-1.000000000000000000e+00,-1.000000000000000000e+00,-1.000000000000000000e+00,-1.000000000000000000e+00,-1.000000000000000000e+00,-1.000000000000000000e+00,-1.000000000000000000e+00,-1.000000000000000000e+00,-1.000000000000000000e+00,-1.000000000000000000e+00,-1.000000000000000000e+00,-1.000000000000000000e+00,-1.000000000000000000e+00,-1.000000000000000000e+00,-1.000000000000000000e+00,-1.000000000000000000e+00,-1.000000000000000000e+00,-1.000000000000000000e+00,-1.000000000000000000e+00,-1.000000000000000000e+00,-1.000000000000000000e+00,-1.000000000000000000e+00,-1.000000000000000000e+00,-1.000000000000000000e+00,-1.000000000000000000e+00,-1.000000000000000000e+00,-1.000000000000000000e+00,-1.000000000000000000e+00,-1.000000000000000000e+00,-1.000000000000000000e+00,-1.000000000000000000e+00,-1.000000000000000000e+00,-1.000000000000000000e+00,-1.000000000000000000e+00,-1.000000000000000000e+00,-1.000000000000000000e+00,-1.000000000000000000e+00,-1.000000000000000000e+00,-1.000000000000000000e+00,-1.000000000000000000e+00,-4.843437540805606289e-01,-4.843674642830304578e-01,-4.844385308485508190e-01,-4.845567275112347971e-01,-4.847214705172877558e-01,-4.849313502545529175e-01,-4.851830880555434433e-01,-4.854692814770587006e-01,-4.857736989085994495e-01,-4.860617904632746900e-01,-4.862621806118676560e-01,-4.862317232215298546e-01,-4.856916372156163675e-01,-4.841145865244360635e-01,-4.805317410473923800e-01,-4.732152373031759396e-01,-4.591782333170479902e-01,-4.334325753544474580e-01,-3.879816907416691052e-01,-3.106741617539796607e-01,-1.844623546682360171e-01,1.136948155899109025e-02,2.942995745018386344e-01,6.589140366145791461e-01,1.037258817032708613e+00,1.263340936012739668e+00,1.263340938159983828e+00,1.037258823442606115e+00,6.589140473211791971e-01,2.942995898075810857e-01,1.136950178405893297e-02,-1.844623296950018698e-01,-3.106741330699236414e-01,-3.879816602973269468e-01,-4.334325458336119041e-01,-4.591782078807078449e-01,-4.732152189689839972e-01,-4.805317320780231327e-01,-4.841145882345951890e-01,-4.856916491962737226e-01,-4.862317438172381046e-01,-4.862622076902978208e-01,-4.860618213876319871e-01,-4.857737320205197662e-01,-4.854693135315519825e-01,-4.851831167254125887e-01,-4.849313737327296536e-01,-4.847214887817354878e-01,-4.845567416557843288e-01,-4.844385421422741089e-01,-4.843674734699812134e-01,-4.843437644160930589e-01,-1.000000000000000000e+00,-1.000000000000000000e+00,-1.000000000000000000e+00,-1.000000000000000000e+00,-1.000000000000000000e+00,-1.000000000000000000e+00,-1.000000000000000000e+00,-1.000000000000000000e+00,-1.000000000000000000e+00,-1.000000000000000000e+00,-1.000000000000000000e+00,-1.000000000000000000e+00,-1.000000000000000000e+00,-1.000000000000000000e+00,-1.000000000000000000e+00,-1.000000000000000000e+00,-1.000000000000000000e+00,-1.000000000000000000e+00,-1.000000000000000000e+00,-1.000000000000000000e+00,-1.000000000000000000e+00,-1.000000000000000000e+00,-1.000000000000000000e+00,-1.000000000000000000e+00,-1.000000000000000000e+00,-1.000000000000000000e+00,-1.000000000000000000e+00,-1.000000000000000000e+00,-1.000000000000000000e+00,-1.000000000000000000e+00,-1.000000000000000000e+00,-1.000000000000000000e+00,-1.000000000000000000e+00,-1.000000000000000000e+00,-1.000000000000000000e+00,-1.000000000000000000e+00,-1.000000000000000000e+00,-1.000000000000000000e+00,-1.000000000000000000e+00,-1.000000000000000000e+00,-1.000000000000000000e+00,-1.000000000000000000e+00,-1.000000000000000000e+00,-1.000000000000000000e+00,-1.000000000000000000e+00,-1.000000000000000000e+00
-1.000000000000000000e+00,-1.000000000000000000e+00,-1.000000000000000000e+00,-1.000000000000000000e+00,-1.000000000000000000e+00,-1.000000000000000000e+00,-1.000000000000000000e+00,-1.000000000000000000e+00,-1.000000000000000000e+00,-1.000000000000000000e+00,-1.000000000000000000e+00,-1.000000000000000000e+00,-1.000000000000000000e+00,-1.000000000000000000e+00,-1.000000000000000000e+00,-1.000000000000000000e+00,-1.000000000000000000e+00,-1.000000000000000000e+00,-1.000000000000000000e+00,-1.000000000000000000e+00,-1.000000000000000000e+00,-1.000000000000000000e+00,-1.000000000000000000e+00,-1.000000000000000000e+00,-1.000000000000000000e+00,-1.000000000000000000e+00,-1.000000000000000000e+00,-1.000000000000000000e+00,-1.000000000000000000e+00,-1.000000000000000000e+00,-1.000000000000000000e+00,-1.000000000000000000e+00,-1.000000000000000000e+00,-1.000000000000000000e+00,-1.000000000000000000e+00,-1.000000000000000000e+00,-1.000000000000000000e+00,-1.000000000000000000e+00,-1.000000000000000000e+00,-1.000000000000000000e+00,-1.000000000000000000e+00,-1.000000000000000000e+00,-1.000000000000000000e+00,-1.000000000000000000e+00,-1.000000000000000000e+00,-1.000000000000000000e+00,-4.849154186802673294e-01,-4.849390985708863511e-01,-4.850100754269810466e-01,-4.851281245885772364e-01,-4.852926636909149494e-01,-4.855022858657411788e-01,-4.857537159265099547e-01,-4.860395563219945814e-01,-4.863435810018446048e-01,-4.866312476954393063e-01,-4.868311924971875371e-01,-4.868002882432262979e-01,-4.862597876626928439e-01,-4.846824183221238869e-01,-4.810994712349421221e-01,-4.737833105509521303e-01,-4.597475099289258793e-01,-4.340046443954896915e-01,-3.885593539088496584e-01,-3.112621045178451951e-01,-1.850679149545291224e-01,1.073580487840519737e-02,2.936247867279559998e-01,6.581863062735999748e-01,1.036476573520319633e+00,1.262525963408218210e+00,1.262525967641682456e+00,1.036476585758567381e+00,6.581863255043041150e-01,2.936248120855537991e-01,1.073583542951350722e-02,-1.850678806982486435e-01,-3.112620688102474276e-01,-3.885593196966707907e-01,-4.340046149267058340e-01,-4.597474882596390700e-01,-4.737832990519583731e-01,-4.810994708983313828e-01,-4.846824287942377296e-01,-4.862598072539379146e-01,-4.868003140270671381e-01,-4.868312216076970955e-01,-4.866312772872305459e-01,-4.863436097510138723e-01,-4.860395820543859102e-01,-4.857537374972356048e-01,-4.855023021034270414e-01,-4.852926763282248146e-01,-4.851281356554597579e-01,-4.850100861670858521e-01,-4.849391087425471980e-01,-4.849154304699672124e-01,-1.000000000000000000e+00,-1.000000000000000000e+00,-1.000000000000000000e+00,-1.000000000000000000e+00,-1.000000000000000000e+00,-1.000000000000000000e+00,-1.000000000000000000e+00,-1.000000000000000000e+00,-1.000000000000000000e+00,-1.000000000000000000e+00,-1.000000000000000000e+00,-1.000000000000000000e+00,-1.000000000000000000e+00,-1.000000000000000000e+00,-1.000000000000000000e+00,-1.000000000000000000e+00,-1.000000000000000000e+00,-1.000000000000000000e+00,-1.000000000000000000e+00,-1.000000000000000000e+00,-1.000000000000000000e+00,-1.000000000000000000e+00,-1.000000000000000000e+00,-1.000000000000000000e+00,-1.000000000000000000e+00,-1.000000000000000000e+00,-1.000000000000000000e+00,-1.000000000000000000e+00,-1.000000000000000000e+00,-1.000000000000000000e+00,-1.000000000000000000e+00,-1.000000000000000000e+00,-1.000000000000000000e+00,-1.000000000000000000e+00,-1.000000000000000000e+00,-1.000000000000000000e+00,-1.000000000000000000e+00,-1.000000000000000000e+00,-1.000000000000000000e+00,-1.000000000000000000e+00,-1.000000000000000000e+00,-1.000000000000000000e+00,-1.000000000000000000e+00,-1.000000000000000000e+00,-1.000000000000000000e+00,-1.000000000000000000e+00
-1.000000000000000000e+00,-1.000000000000000000e+00,-1.000000000000000000e+00,-1.000000000000000000e+00,-1.000000000000000000e+00,-1.000000000000000000e+00,-1.000000000000000000e+00,-1.000000000000000000e+00,-1.000000000000000000e+00,-1.000000000000000000e+00,-1.000000000000000000e+00,-1.000000000000000000e+00,-1.000000000000000000e+00,-1.000000000000000000e+00,-1.000000000000000000e+00,-1.000000000000000000e+00,-1.000000000000000000e+00,-1.000000000000000000e+00,-1.000000000000000000e+00,-1.000000000000000000e+00,-1.000000000000000000e+00,-1.000000000000000000e+00,-1.000000000000000000e+00,-1.000000000000000000e+00,-1.000000000000000000e+00,-1.000000000000000000e+00,-1.000000000000000000e+00,-1.000000000000000000e+00,-1.000000000000000000e+00,-1.000000000000000000e+00,-1.000000000000000000e+00,-1.000000000000000000e+00,-1.000000000000000000e+00,-1.000000000000000000e+00,-1.000000000000000000e+00,-1.000000000000000000e+00,-1.000000000000000000e+00,-1.000000000000000000e+00,-1.000000000000000000e+00,-1.000000000000000000e+00,-1.000000000000000000e+00,-1.000000000000000000e+00,-1.000000000000000000e+00,-1.000000000000000000e+00,-1.000000000000000000e+00,-1.000000000000000000e+00,-4.855197350943596390e-01,-4.855433810127252059e-01,-4.856142576162758573e-01,-4.857321417878193159e-01,-4.858964528681788408e-01,-4.861057870818425997e-01,-4.863568732497940417e-01,-4.866423192158544353e-01,-4.869459051533535643e-01,-4.872330972759657541e-01,-4.874325444810763130e-01,-4.874011401798830079e-01,-4.868601736156179527e-01,-4.852824406334343976e-01,-4.816993616619242857e-01,-4.743835433535048551e-01,-4.603490011968345286e-01,-4.346090835987830303e-01,-3.891697156302180716e-01,-3.118833573397994385e-01,-1.857078320035530083e-01,1.006611242077060098e-02,2.929115783377467253e-01,6.574170844527698065e-01,1.035649697485781395e+00,1.261664474150742343e+00,1.261664480169383040e+00,1.035649714624706341e+00,6.574171106080592963e-01,2.929116114781287195e-01,1.006615046213088505e-02,-1.857077917346625640e-01,-3.118833181327698156e-01,-3.891696810407969664e-01,-4.346090569716629659e-01,-4.603489850720645649e-01,-4.743835390673458718e-01,-4.816993689797142153e-01,-4.852824577243897153e-01,-4.868601976939261888e-01,-4.874011676582652441e-01,-4.874325722361287916e-01,-4.872331228047421803e-01,-4.869459277253049834e-01,-4.866423380217144157e-01,-4.863568880877835454e-01,-4.861057974087339417e-01,-4.858964617827430388e-01,-4.857321517764852103e-01,-4.856142695641194607e-01,-4.855433937206319328e-01,-4.855197495962197962e-01,-1.000000000000000000e+00,-1.000000000000000000e+00,-1.000000000000000000e+00,-1.000000000000000000e+00,-1.000000000000000000e+00,-1.000000000000000000e+00,-1.000000000000000000e+00,-1.000000000000000000e+00,-1.000000000000000000e+00,-1.000000000000000000e+00,-1.000000000000000000e+00,-1.000000000000000000e+00,-1.000000000000000000e+00,-1.000000000000000000e+00,-1.000000000000000000e+00,-1.000000000000000000e+00,-1.000000000000000000e+00,-1.000000000000000000e+00,-1.000000000000000000e+00,-1.000000000000000000e+00,-1.000000000000000000e+00,-1.000000000000000000e+00,-1.000000000000000000e+00,-1.000000000000000000e+00,-1.000000000000000000e+00,-1.000000000000000000e+00,-1.000000000000000000e+00,-1.000000000000000000e+00,-1.000000000000000000e+00,-1.000000000000000000e+00,-1.000000000000000000e+00,-1.000000000000000000e+00,-1.000000000000000000e+00,-1.000000000000000000e+00,-1.000000000000000000e+00,-1.000000000000000000e+00,-1.000000000000000000e+00,-1.000000000000000000e+00,-1.000000000000000000e+00,-1.000000000000000000e+00,-1.000000000000000000e+00,-1.000000000000000000e+00,-1.000000000000000000e+00,-1.000000000000000000e+00,-1.000000000000000000e+00,-1.000000000000000000e+00
-1.000000000000000000e+00,-1.000000000000000000e+00,-1.000000000000000000e+00,-1.000000000000000000e+00,-1.000000000000000000e+00,-1.000000000000000000e+00,-1.000000000000000000e+00,-1.000000000000000000e+00,-1.000000000000000000e+00,-1.000000000000000000e+00,-1.000000000000000000e+00,-1.000000000000000000e+00,-1.000000000000000000e+00,-1.000000000000000000e+00,-1.000000000000000000e+00,-1.000000000000000000e+00,-1.000000000000000000e+00,-1.000000000000000000e+00,-1.000000000000000000e+00,-1.000000000000000000e+00,-1.000000000000000000e+00,-1.000000000000000000e+00,-1.000000000000000000e+00,-1.000000000000000000e+00,-1.000000000000000000e+00,-1.000000000000000000e+00,-1.000000000000000000e+00,-1.000000000000000000e+00,-1.000000000000000000e+00,-1.000000000000000000e+00,-1.000000000000000000e+00,-1.000000000000000000e+00,-1.000000000000000000e+00,-1.000000000000000000e+00,-1.000000000000000000e+00,-1.000000000000000000e+00,-1.000000000000000000e+00,-1.000000000000000000e+00,-1.000000000000000000e+00,-1.000000000000000000e+00,-1.000000000000000000e+00,-1.000000000000000000e+00,-1.000000000000000000e+00,-1.000000000000000000e+00,-1.000000000000000000e+00,-1.000000000000000000e+00,-4.861566925911233739e-01,-4.861803006145288819e-01,-4.862510654211451566e-01,-4.863687654394128757e-01,-4.865328221515508034e-01,-4.867418351977521596e-01,-4.869925379842499069e-01,-4.872775442536578794e-01,-4.875806411299459242e-01,-4.878673042406198590e-01,-4.880661965304140537e-01,-4.880342337058047875e-01,-4.874927443730943111e-01,-4.859145974816234670e-01,-4.823313514240954447e-01,-4.750158705489253563e-01,-4.609826387851168050e-01,-4.352458230442382003e-01,-3.898127065317993356e-01,-3.125378539341321371e-01,-1.863820451711850623e-01,9.360457328257965059e-03,2.921599946953881144e-01,6.566064106199123174e-01,1.034778225637980498e+00,1.260756503415416674e+00,1.260756510578513456e+00,1.034778245875314084e+00,6.566064409681562353e-01,2.921600321103037246e-01,9.360498774066527972e-03,-1.863820031455327708e-01,-3.125378151808098082e-01,-3.898126748078292181e-01,-4.352458013699074257e-01,-4.609826289113438946e-01,-4.750158726858186853e-01,-4.823313642249162925e-01,-4.859146181590840996e-01,-4.874927694512010135e-01,-4.880342594619966334e-01,-4.880662200768979275e-01,-4.878673237918773609e-01,-4.875806567897154054e-01,-4.872775566056146701e-01,-4.869925474491108019e-01,-4.867418417620248405e-01,-4.865328296895246041e-01,-4.863687763875867986e-01,-4.862510799811854412e-01,-4.861803168009952714e-01,-4.861567104369450831e-01,-1.000000000000000000e+00,-1.000000000000000000e+00,-1.000000000000000000e+00,-1.000000000000000000e+00,-1.000000000000000000e+00,-1.000000000000000000e+00,-1.000000000000000000e+00,-1.000000000000000000e+00,-1.000000000000000000e+00,-1.000000000000000000e+00,-1.000000000000000000e+00,-1.000000000000000000e+00,-1.000000000000000000e+00,-1.000000000000000000e+00,-1.000000000000000000e+00,-1.000000000000000000e+00,-1.000000000000000000e+00,-1.000000000000000000e+00,-1.000000000000000000e+00,-1.000000000000000000e+00,-1.000000000000000000e+00,-1.000000000000000000e+00,-1.000000000000000000e+00,-1.000000000000000000e+00,-1.000000000000000000e+00,-1.000000000000000000e+00,-1.000000000000000000e+00,-1.000000000000000000e+00,-1.000000000000000000e+00,-1.000000000000000000e+00,-1.000000000000000000e+00,-1.000000000000000000e+00,-1.000000000000000000e+00,-1.000000000000000000e+00,-1.000000000000000000e+00,-1.000000000000000000e+00,-1.000000000000000000e+00,-1.000000000000000000e+00,-1.000000000000000000e+00,-1.000000000000000000e+00,-1.000000000000000000e+00,-1.000000000000000000e+00,-1.000000000000000000e+00,-1.000000000000000000e+00,-1.000000000000000000e+00,-1.000000000000000000e+00
-1.000000000000000000e+00,-1.000000000000000000e+00,-1.000000000000000000e+00,-1.000000000000000000e+00,-1.000000000000000000e+00,-1.000000000000000000e+00,-1.000000000000000000e+00,-1.000000000000000000e+00,-1.000000000000000000e+00,-1.000000000000000000e+00,-1.000000000000000000e+00,-1.000000000000000000e+00,-1.000000000000000000e+00,-1.000000000000000000e+00,-1.000000000000000000e+00,-1.000000000000000000e+00,-1.000000000000000000e+00,-1.000000000000000000e+00,-1.000000000000000000e+00,-1.000000000000000000e+00,-1.000000000000000000e+00,-1.000000000000000000e+00,-1.000000000000000000e+00,-1.000000000000000000e+00,-1.000000000000000000e+00,-1.000000000000000000e+00,-1.000000000000000000e+00,-1.000000000000000000e+00,-1.000000000000000000e+00,-1.000000000000000000e+00,-1.000000000000000000e+00,-1.000000000000000000e+00,-1.000000000000000000e+00,-1.000000000000000000e+00,-1.000000000000000000e+00,-1.000000000000000000e+00,-1.000000000000000000e+00,-1.000000000000000000e+00,-1.000000000000000000e+00,-1.000000000000000000e+00,-1.000000000000000000e+00,-1.000000000000000000e+00,-1.000000000000000000e+00,-1.000000000000000000e+00,-1.000000000000000000e+00,-1.000000000000000000e+00,-4.868262720542055888e-01,-4.868498380627048761e-01,-4.869204785585301565e-01,-4.870379736846448537e-01,-4.872017475023122657e-01,-4.874104033821398119e-01,-4.876606799256224534e-01,-4.879451972912827173e-01,-4.882477503361064564e-01,-4.885338251040121094e-01,-4.887320999053672566e-01,-4.886995145961163800e-01,-4.881574401352901660e-01,-4.865788235834020981e-01,-4.829953700947688944e-01,-4.756802172501366499e-01,-4.616483444723940011e-01,-4.359147828299105853e-01,-3.904882472293351725e-01,-3.132255180495411295e-01,-1.870904839712075329e-01,8.618902424092134140e-03,2.913700907533716133e-01,6.557543339264926274e-01,1.033862204679272701e+00,1.259802096661839066e+00,1.259802104131082956e+00,1.033862225634666565e+00,6.557543649158530386e-01,2.913701281563296774e-01,8.618942650132410677e-03,-1.870904447332772946e-01,-3.132254836511902951e-01,-3.904882210933271480e-01,-4.359147673584695681e-01,-4.616483405316733624e-01,-4.756802241007651588e-01,-4.829953855760038550e-01,-4.865788444825929204e-01,-4.881574628573872587e-01,-4.886995357531729312e-01,-4.887321172354246457e-01,-4.885338377462904447e-01,-4.882477593288037099e-01,-4.879452044121821430e-01,-4.876606859020942153e-01,-4.874104085720567525e-01,-4.872017559055414893e-01,-4.870379872481729322e-01,-4.869204965538846963e-01,-4.868498579471776111e-01,-4.868262932366587137e-01,-1.000000000000000000e+00,-1.000000000000000000e+00,-1.000000000000000000e+00,-1.000000000000000000e+00,-1.000000000000000000e+00,-1.000000000000000000e+00,-1.000000000000000000e+00,-1.000000000000000000e+00,-1.000000000000000000e+00,-1.000000000000000000e+00,-1.000000000000000000e+00,-1.000000000000000000e+00,-1.000000000000000000e+00,-1.000000000000000000e+00,-1.000000000000000000e+00,-1.000000000000000000e+00,-1.000000000000000000e+00,-1.000000000000000000e+00,-1.000000000000000000e+00,-1.000000000000000000e+00,-1.000000000000000000e+00,-1.000000000000000000e+00,-1.000000000000000000e+00,-1.000000000000000000e+00,-1.000000000000000000e+00,-1.000000000000000000e+00,-1.000000000000000000e+00,-1.000000000000000000e+00,-1.000000000000000000e+00,-1.000000000000000000e+00,-1.000000000000000000e+00,-1.000000000000000000e+00,-1.000000000000000000e+00,-1.000000000000000000e+00,-1.000000000000000000e+00,-1.000000000000000000e+00,-1.000000000000000000e+00,-1.000000000000000000e+00,-1.000000000000000000e+00,-1.000000000000000000e+00,-1.000000000000000000e+00,-1.000000000000000000e+00,-1.000000000000000000e+00,-1.000000000000000000e+00,-1.000000000000000000e+00,-1.000000000000000000e+00
-1.000000000000000000e+00,-1.000000000000000000e+00,-1.000000000000000000e+00,-1.000000000000000000e+00,-1.000000000000000000e+00,-1.000000000000000000e+00,-1.000000000000000000e+00,-1.000000000000000000e+00,-1.000000000000000000e+00,-1.000000000000000000e+00,-1.000000000000000000e+00,-1.000000000000000000e+00,-1.000000000000000000e+00,-1.000000000000000000e+00,-1.000000000000000000e+00,-1.000000000000000000e+00,-1.000000000000000000e+00,-1.000000000000000000e+00,-1.000000000000000000e+00,-1.000000000000000000e+00,-1.000000000000000000e+00,-1.000000000000000000e+00,-1.000000000000000000e+00,-1.000000000000000000e+00,-1.000000000000000000e+00,-1.000000000000000000e+00,-1.000000000000000000e+00,-1.000000000000000000e+00,-1.000000000000000000e+00,-1.000000000000000000e+00,-1.000000000000000000e+00,-1.000000000000000000e+00,-1.000000000000000000e+00,-1.000000000000000000e+00,-1.000000000000000000e+00,-1.000000000000000000e+00,-1.000000000000000000e+00,-1.000000000000000000e+00,-1.000000000000000000e+00,-1.000000000000000000e+00,-1.000000000000000000e+00,-1.000000000000000000e+00,-1.000000000000000000e+00,-1.000000000000000000e+00,-1.000000000000000000e+00,-1.000000000000000000e+00,-4.875284411410758523e-01,-4.875519607519933629e-01,-4.876224635613723990e-01,-4.877397316144023165e-01,-4.879031919585870014e-01,-4.881114520170157789e-01,-4.883612562155832393e-01,-4.886452316860667722e-01,-4.889471818469104392e-01,-4.892326042203674064e-01,-4.894301938503016203e-01,-4.893969167099267992e-01,-4.888541892244822051e-01,-4.872750417590285821e-01,-4.836913352906568875e-01,-4.763764965369032822e-01,-4.623460279507316528e-01,-4.366158709901508672e-01,-3.911962464035614317e-01,-3.139462617118091714e-01,-1.878330664304499464e-01,7.841521844365040295e-03,2.905419327882405867e-01,6.548609151488697933e-01,1.032901693449635339e+00,1.258801311836654335e+00,1.258801318690387028e+00,1.032901712549596063e+00,6.548609430134559872e-01,2.905419657461365546e-01,7.841556324403420319e-03,-1.878330340760561157e-01,-3.139462349149475529e-01,-3.911962278351373001e-01,-4.366158621896136793e-01,-4.623460289529637279e-01,-4.763765059065736551e-01,-4.836913505224753607e-01,-4.872750597064872125e-01,-4.888542067439383132e-01,-4.893969311786117160e-01,-4.894302038901638952e-01,-4.892326099848602894e-01,-4.889471852132754037e-01,-4.886452352523518172e-01,-4.883612607193423827e-01,-4.881114579721410607e-01,-4.879032029004868320e-01,-4.877397487133068310e-01,-4.876224850586305948e-01,-4.875519838179833698e-01,-4.875284649618034649e-01,-1.000000000000000000e+00,-1.000000000000000000e+00,-1.000000000000000000e+00,-1.000000000000000000e+00,-1.000000000000000000e+00,-1.000000000000000000e+00,-1.000000000000000000e+00,-1.000000000000000000e+00,-1.000000000000000000e+00,-1.000000000000000000e+00,-1.000000000000000000e+00,-1.000000000000000000e+00,-1.000000000000000000e+00,-1.000000000000000000e+00,-1.000000000000000000e+00,-1.000000000000000000e+00,-1.000000000000000000e+00,-1.000000000000000000e+00,-1.000000000000000000e+00,-1.000000000000000000e+00,-1.000000000000000000e+00,-1.000000000000000000e+00,-1.000000000000000000e+00,-1.000000000000000000e+00,-1.000000000000000000e+00,-1.000000000000000000e+00,-1.000000000000000000e+00,-1.000000000000000000e+00,-1.000000000000000000e+00,-1.000000000000000000e+00,-1.000000000000000000e+00,-1.000000000000000000e+00,-1.000000000000000000e+00,-1.000000000000000000e+00,-1.000000000000000000e+00,-1.000000000000000000e+00,-1.000000000000000000e+00,-1.000000000000000000e+00,-1.000000000000000000e+00,-1.000000000000000000e+00,-1.000000000000000000e+00,-1.000000000000000000e+00,-1.000000000000000000e+00,-1.000000000000000000e+00,-1.000000000000000000e+00,-1.000000000000000000e+00
-1.000000000000000000e+00,-1.000000000000000000e+00,-1.000000000000000000e+00,-1.000000000000000000e+00,-1.000000000000000000e+00,-1.000000000000000000e+00,-1.000000000000000000e+00,-1.000000000000000000e+00,-1.000000000000000000e+00,-1.000000000000000000e+00,-1.000000000000000000e+00,-1.000000000000000000e+00,-1.000000000000000000e+00,-1.000000000000000000e+00,-1.000000000000000000e+00,-1.000000000000000000e+00,-1.000000000000000000e+00,-1.000000000000000000e+00,-1.000000000000000000e+00,-1.000000000000000000e+00,-1.000000000000000000e+00,-1.000000000000000000e+00,-1.000000000000000000e+00,-1.000000000000000000e+00,-1.000000000000000000e+00,-1.000000000000000000e+00,-1.000000000000000000e+00,-1.000000000000000000e+00,-1.000000000000000000e+00,-1.000000000000000000e+00,-1.000000000000000000e+00,-1.000000000000000000e+00,-1.000000000000000000e+00,-1.000000000000000000e+00,-1.000000000000000000e+00,-1.000000000000000000e+00,-1.000000000000000000e+00,-1.000000000000000000e+00,-1.000000000000000000e+00,-1.000000000000000000e+00,-1.000000000000000000e+00,-1.000000000000000000e+00,-1.000000000000000000e+00,-1.000000000000000000e+00,-1.000000000000000000e+00,-1.000000000000000000e+00,-4.882631465102313939e-01,-4.882866150428784024e-01,-4.883569660988920091e-01,-4.884739837427609643e-01,-4.886370983626964204e-01,-4.888449217762822485e-01,-4.890942048419235633e-01,-4.893775822421426724e-01,-4.896788667867815192e-01,-4.899635685608476621e-01,-4.901604007358812964e-01,-4.901263574733025763e-01,-4.895829039046235565e-01,-4.880031591002547131e-01,-4.844191492106588726e-01,-4.771046063800170600e-01,-4.630755841033691311e-01,-4.373489810267203737e-01,-3.919365984632561251e-01,-3.146999829403043236e-01,-1.886096968270916108e-01,7.028403289295326317e-03,2.896756006463299116e-01,6.539262289606524448e-01,1.031896765318109033e+00,1.257754221931492999e+00,1.257754227309501260e+00,1.031896780210558973e+00,6.539262503729181830e-01,2.896756253496732825e-01,7.028428220708704544e-03,-1.886096745925760487e-01,-3.146999659844968988e-01,-3.919365885073560207e-01,-4.373489786423787606e-01,-4.630755886619066786e-01,-4.771046160765211042e-01,-4.844191616508863873e-01,-4.880031716444870327e-01,-4.895829142788628019e-01,-4.901263641365867230e-01,-4.901604033086552903e-01,-4.899635682033105510e-01,-4.896788659830804136e-01,-4.893775839783200965e-01,-4.890942096268666717e-01,-4.888449300341326520e-01,-4.886371127001414294e-01,-4.884740044390696312e-01,-4.883569904379916338e-01,-4.882866401833432235e-01,-4.882631716839300751e-01,-1.000000000000000000e+00,-1.000000000000000000e+00,-1.000000000000000000e+00,-1.000000000000000000e+00,-1.000000000000000000e+00,-1.000000000000000000e+00,-1.000000000000000000e+00,-1.000000000000000000e+00,-1.000000000000000000e+00,-1.000000000000000000e+00,-1.000000000000000000e+00,-1.000000000000000000e+00,-1.000000000000000000e+00,-1.000000000000000000e+00,-1.000000000000000000e+00,-1.000000000000000000e+00,-1.000000000000000000e+00,-1.000000000000000000e+00,-1.000000000000000000e+00,-1.000000000000000000e+00,-1.000000000000000000e+00,-1.000000000000000000e+00,-1.000000000000000000e+00,-1.000000000000000000e+00,-1.000000000000000000e+00,-1.000000000000000000e+00,-1.000000000000000000e+00,-1.000000000000000000e+00,-1.000000000000000000e+00,-1.000000000000000000e+00,-1.000000000000000000e+00,-1.000000000000000000e+00,-1.000000000000000000e+00,-1.000000000000000000e+00,-1.000000000000000000e+00,-1.000000000000000000e+00,-1.000000000000000000e+00,-1.000000000000000000e+00,-1.000000000000000000e+00,-1.000000000000000000e+00,-1.000000000000000000e+00,-1.000000000000000000e+00,-1.000000000000000000e+00,-1.000000000000000000e+00,-1.000000000000000000e+00,-1.000000000000000000e+00
-1.000000000000000000e+00,-1.000000000000000000e+00,-1.000000000000000000e+00,-1.000000000000000000e+00,-1.000000000000000000e+00,-1.000000000000000000e+00,-1.000000000000000000e+00,-1.000000000000000000e+00,-1.000000000000000000e+00,-1.000000000000000000e+00,-1.000000000000000000e+00,-1.000000000000000000e+00,-1.000000000000000000e+00,-1.000000000000000000e+00,-1.000000000000000000e+00,-1.000000000000000000e+00,-1.000000000000000000e+00,-1.000000000000000000e+00,-1.000000000000000000e+00,-1.000000000000000000e+00,-1.000000000000000000e+00,-1.000000000000000000e+00,-1.000000000000000000e+00,-1.000000000000000000e+00,-1.000000000000000000e+00,-1.000000000000000000e+00,-1.000000000000000000e+00,-1.000000000000000000e+00,-1.000000000000000000e+00,-1.000000000000000000e+00,-1.000000000000000000e+00,-1.000000000000000000e+00,-1.000000000000000000e+00,-1.000000000000000000e+00,-1.000000000000000000e+00,-1.000000000000000000e+00,-1.000000000000000000e+00,-1.000000000000000000e+00,-1.000000000000000000e+00,-1.000000000000000000e+00,-1.000000000000000000e+00,-1.000000000000000000e+00,-1.000000000000000000e+00,-1.000000000000000000e+00,-1.000000000000000000e+00,-1.000000000000000000e+00,-4.890303019511197391e-01,-4.890537145766407079e-01,-4.891238994950644070e-01,-4.892406428678528485e-01,-4.894033786749201198e-01,-4.896107234569990752e-01,-4.898594350312217571e-01,-4.901421561853469555e-01,-4.904427099072554697e-01,-4.907266199172122256e-01,-4.909226189175175392e-01,-4.908877314121689039e-01,-4.903434745902881531e-01,-4.887630618128495641e-01,-4.851786940176356921e-01,-4.778644254475272746e-01,-4.638368891616213574e-01,-4.381139883978102390e-01,-3.927091803596152175e-01,-3.154865628453533688e-01,-1.894202629785421976e-01,6.179650681981563309e-03,2.887711904791681050e-01,6.529503667860874216e-01,1.030847511097189972e+00,1.256660917903983155e+00,1.256660921174092671e+00,1.030847520038569165e+00,6.529503793028981207e-01,2.887712042700689707e-01,6.179663599038320854e-03,-1.894202527977331130e-01,-3.154865568106783869e-01,-3.927091791427628209e-01,-4.381139916746388252e-01,-4.638368958141541043e-01,-4.778644336685964333e-01,-4.851787018645934424e-01,-4.887630675277288006e-01,-4.903434770123720199e-01,-4.908877302175955748e-01,-4.909226146847158745e-01,-4.907266146690476560e-01,-4.904427064335088460e-01,-4.901421574701130268e-01,-4.898594412199903658e-01,-4.896107346757831991e-01,-4.894033963274067034e-01,-4.892406664068680300e-01,-4.891239254786903246e-01,-4.890537403728476562e-01,-4.890303269474118864e-01,-1.000000000000000000e+00,-1.000000000000000000e+00,-1.000000000000000000e+00,-1.000000000000000000e+00,-1.000000000000000000e+00,-1.000000000000000000e+00,-1.000000000000000000e+00,-1.000000000000000000e+00,-1.000000000000000000e+00,-1.000000000000000000e+00,-1.000000000000000000e+00,-1.000000000000000000e+00,-1.000000000000000000e+00,-1.000000000000000000e+00,-1.000000000000000000e+00,-1.000000000000000000e+00,-1.000000000000000000e+00,-1.000000000000000000e+00,-1.000000000000000000e+00,-1.000000000000000000e+00,-1.000000000000000000e+00,-1.000000000000000000e+00,-1.000000000000000000e+00,-1.000000000000000000e+00,-1.000000000000000000e+00,-1.000000000000000000e+00,-1.000000000000000000e+00,-1.000000000000000000e+00,-1.000000000000000000e+00,-1.000000000000000000e+00,-1.000000000000000000e+00,-1.000000000000000000e+00,-1.000000000000000000e+00,-1.000000000000000000e+00,-1.000000000000000000e+00,-1.000000000000000000e+00,-1.000000000000000000e+00,-1.000000000000000000e+00,-1.000000000000000000e+00,-1.000000000000000000e+00,-1.000000000000000000e+00,-1.000000000000000000e+00,-1.000000000000000000e+00,-1.000000000000000000e+00,-1.000000000000000000e+00,-1.000000000000000000e+00
-1.000000000000000000e+00,-1.000000000000000000e+00,-1.000000000000000000e+00,-1.000000000000000000e+00,-1.000000000000000000e+00,-1.000000000000000000e+00,-1.000000000000000000e+00,-1.000000000000000000e+00,-1.000000000000000000e+00,-1.000000000000000000e+00,-1.000000000000000000e+00,-1.000000000000000000e+00,-1.000000000000000000e+00,-1.000000000000000000e+00,-1.000000000000000000e+00,-1.000000000000000000e+00,-1.000000000000000000e+00,-1.000000000000000000e+00,-1.000000000000000000e+00,-1.000000000000000000e+00,-1.000000000000000000e+00,-1.000000000000000000e+00,-1.000000000000000000e+00,-1.000000000000000000e+00,-1.000000000000000000e+00,-1.000000000000000000e+00,-1.000000000000000000e+00,-1.000000000000000000e+00,-1.000000000000000000e+00,-1.000000000000000000e+00,-1.000000000000000000e+00,-1.000000000000000000e+00,-1.000000000000000000e+00,-1.000000000000000000e+00,-1.000000000000000000e+00,-1.000000000000000000e+00,-1.000000000000000000e+00,-1.000000000000000000e+00,-1.000000000000000000e+00,-1.000000000000000000e+00,-1.000000000000000000e+00,-1.000000000000000000e+00,-1.000000000000000000e+00,-1.000000000000000000e+00,-1.000000000000000000e+00,-1.000000000000000000e+00,-4.898297709449277448e-01,-4.898531229787357333e-01,-4.899231277465858625e-01,-4.900395735461353652e-01,-4.902018980491735789e-01,-4.904087227862099496e-01,-4.906568129065949080e-01,-4.909388197694122269e-01,-4.912385772196454781e-01,-4.915216236091204394e-01,-4.917167125229795488e-01,-4.916809009675739972e-01,-4.911357615996250203e-01,-4.895546078255526012e-01,-4.859698252582287381e-01,-4.786558073006217384e-01,-4.646297956042424460e-01,-4.389107459930876587e-01,-3.935138474733079761e-01,-3.163058617846488119e-01,-1.902646326002424004e-01,5.295387614838276136e-03,2.878288180489851911e-01,6.519334401075642660e-01,1.029754042450789164e+00,1.255521512108572324e+00,1.255521512949130170e+00,1.029754044571425275e+00,6.519334425558493962e-01,2.878288197548908300e-01,5.295387627975323142e-03,-1.902646349186296604e-01,-3.163058665649085555e-01,-3.935138542964411457e-01,-4.389107538357439608e-01,-4.646298030703643889e-01,-4.786558129036704301e-01,-4.859698277239230535e-01,-4.895546064813132148e-01,-4.911357564518086249e-01,-4.916808928473699325e-01,-4.917167028178672794e-01,-4.915216149319832084e-01,-4.912385723540015903e-01,-4.909388214014134277e-01,-4.906568207989545627e-01,-4.904087366450546881e-01,-4.902019180209240545e-01,-4.900395984795267168e-01,-4.899231538347725845e-01,-4.898531479480388029e-01,-4.898297943136018517e-01,-1.000000000000000000e+00,-1.000000000000000000e+00,-1.000000000000000000e+00,-1.000000000000000000e+00,-1.000000000000000000e+00,-1.000000000000000000e+00,-1.000000000000000000e+00,-1.000000000000000000e+00,-1.000000000000000000e+00,-1.000000000000000000e+00,-1.000000000000000000e+00,-1.000000000000000000e+00,-1.000000000000000000e+00,-1.000000000000000000e+00,-1.000000000000000000e+00,-1.000000000000000000e+00,-1.000000000000000000e+00,-1.000000000000000000e+00,-1.000000000000000000e+00,-1.000000000000000000e+00,-1.000000000000000000e+00,-1.000000000000000000e+00,-1.000000000000000000e+00,-1.000000000000000000e+00,-1.000000000000000000e+00,-1.000000000000000000e+00,-1.000000000000000000e+00,-1.000000000000000000e+00,-1.000000000000000000e+00,-1.000000000000000000e+00,-1.000000000000000000e+00,-1.000000000000000000e+00,-1.000000000000000000e+00,-1.000000000000000000e+00,-1.000000000000000000e+00,-1.000000000000000000e+00,-1.000000000000000000e+00,-1.000000000000000000e+00,-1.000000000000000000e+00,-1.000000000000000000e+00,-1.000000000000000000e+00,-1.000000000000000000e+00,-1.000000000000000000e+00,-1.000000000000000000e+00,-1.000000000000000000e+00,-1.000000000000000000e+00
-1.000000000000000000e+00,-1.000000000000000000e+00,-1.000000000000000000e+00,-1.000000000000000000e+00,-1.000000000000000000e+00,-1.000000000000000000e+00,-1.000000000000000000e+00,-1.000000000000000000e+00,-1.000000000000000000e+00,-1.000000000000000000e+00,-1.000000000000000000e+00,-1.000000000000000000e+00,-1.000000000000000000e+00,-1.000000000000000000e+00,-1.000000000000000000e+00,-1.000000000000000000e+00,-1.000000000000000000e+00,-1.000000000000000000e+00,-1.000000000000000000e+00,-1.000000000000000000e+00,-1.000000000000000000e+00,-1.000000000000000000e+00,-1.000000000000000000e+00,-1.000000000000000000e+00,-1.000000000000000000e+00,-1.000000000000000000e+00,-1.000000000000000000e+00,-1.000000000000000000e+00,-1.000000000000000000e+00,-1.000000000000000000e+00,-1.000000000000000000e+00,-1.000000000000000000e+00,-1.000000000000000000e+00,-1.000000000000000000e+00,-1.000000000000000000e+00,-1.000000000000000000e+00,-1.000000000000000000e+00,-1.000000000000000000e+00,-1.000000000000000000e+00,-1.000000000000000000e+00,-1.000000000000000000e+00,-1.000000000000000000e+00,-1.000000000000000000e+00,-1.000000000000000000e+00,-1.000000000000000000e+00,-1.000000000000000000e+00,-4.906613407637339108e-01,-4.906846280583332387e-01,-4.907544401456718219e-01,-4.908705674195603663e-01,-4.910324511282100346e-01,-4.912387179130828230e-01,-4.914861403710215626e-01,-4.917673786849929840e-01,-4.920662779987674540e-01,-4.923483920921087886e-01,-4.925424966434510665e-01,-4.925056832412852970e-01,-4.919595834124077527e-01,-4.903776164664996884e-01,-4.867923628019656945e-01,-4.794785724063510557e-01,-4.654541250727408652e-01,-4.397390778439715930e-01,-3.943504280633716164e-01,-3.171577144530877135e-01,-1.911426488340772778e-01,4.375761607575689993e-03,2.868486228795452675e-01,6.508755845200608903e-01,1.028616495900640082e+00,1.254336142299634638e+00,1.254336140721555637e+00,1.028616491274061850e+00,6.508755771057774808e-01,2.868486128974199190e-01,4.375749397288686282e-03,-1.911426626345402724e-01,-3.171577288005851258e-01,-3.943504415871483815e-01,-4.397390890342567360e-01,-4.654541324711241046e-01,-4.794785750151397963e-01,-4.867923601444159587e-01,-4.903776089697196028e-01,-4.919595721451663906e-01,-4.925056699470280464e-01,-4.925424832686919885e-01,-4.923483814676137271e-01,-4.920662726299012135e-01,-4.917673808011464587e-01,-4.914861494528803831e-01,-4.912387332328336242e-01,-4.910324717208132128e-01,-4.908705918564937321e-01,-4.907544646919923537e-01,-4.906846508663385009e-01,-4.906613613449444244e-01,-1.000000000000000000e+00,-1.000000000000000000e+00,-1.000000000000000000e+00,-1.000000000000000000e+00,-1.000000000000000000e+00,-1.000000000000000000e+00,-1.000000000000000000e+00,-1.000000000000000000e+00,-1.000000000000000000e+00,-1.000000000000000000e+00,-1.000000000000000000e+00,-1.000000000000000000e+00,-1.000000000000000000e+00,-1.000000000000000000e+00,-1.000000000000000000e+00,-1.000000000000000000e+00,-1.000000000000000000e+00,-1.000000000000000000e+00,-1.000000000000000000e+00,-1.000000000000000000e+00,-1.000000000000000000e+00,-1.000000000000000000e+00,-1.000000000000000000e+00,-1.000000000000000000e+00,-1.000000000000000000e+00,-1.000000000000000000e+00,-1.000000000000000000e+00,-1.000000000000000000e+00,-1.000000000000000000e+00,-1.000000000000000000e+00,-1.000000000000000000e+00,-1.000000000000000000e+00,-1.000000000000000000e+00,-1.000000000000000000e+00,-1.000000000000000000e+00,-1.000000000000000000e+00,-1.000000000000000000e+00,-1.000000000000000000e+00,-1.000000000000000000e+00,-1.000000000000000000e+00,-1.000000000000000000e+00,-1.000000000000000000e+00,-1.000000000000000000e+00,-1.000000000000000000e+00,-1.000000000000000000e+00,-1.000000000000000000e+00
-1.000000000000000000e+00,-1.000000000000000000e+00,-1.000000000000000000e+00,-1.000000000000000000e+00,-1.000000000000000000e+00,-1.000000000000000000e+00,-1.000000000000000000e+00,-1.000000000000000000e+00,-1.000000000000000000e+00,-1.000000000000000000e+00,-1.000000000000000000e+00,-1.000000000000000000e+00,-1.000000000000000000e+00,-1.000000000000000000e+00,-1.000000000000000000e+00,-1.000000000000000000e+00,-1.000000000000000000e+00,-1.000000000000000000e+00,-1.000000000000000000e+00,-1.000000000000000000e+00,-1.000000000000000000e+00,-1.000000000000000000e+00,-1.000000000000000000e+00,-1.000000000000000000e+00,-1.000000000000000000e+00,-1.000000000000000000e+00,-1.000000000000000000e+00,-1.000000000000000000e+00,-1.000000000000000000e+00,-1.000000000000000000e+00,-1.000000000000000000e+00,-1.000000000000000000e+00,-1.000000000000000000e+00,-1.000000000000000000e+00,-1.000000000000000000e+00,-1.000000000000000000e+00,-1.000000000000000000e+00,-1.000000000000000000e+00,-1.000000000000000000e+00,-1.000000000000000000e+00,-1.000000000000000000e+00,-1.000000000000000000e+00,-1.000000000000000000e+00,-1.000000000000000000e+00,-1.000000000000000000e+00,-1.000000000000000000e+00,-4.915246839488043307e-01,-4.915479034951122372e-01,-4.916175136441998106e-01,-4.917333066938454067e-01,-4.918947270462812327e-01,-4.921004062716516358e-01,-4.923471240927650427e-01,-4.926275493543208484e-01,-4.929255385119226673e-01,-4.932066611823033853e-01,-4.933997160312904029e-01,-4.933618310632565951e-01,-4.928146999469387168e-01,-4.912318537725841594e-01,-4.876460780196181233e-01,-4.803324970310294262e-01,-4.663096587848585273e-01,-4.405987707860381519e-01,-3.952187158891948826e-01,-3.180419232782529804e-01,-1.920541243443887325e-01,3.420949422339170098e-03,2.858307732230178644e-01,6.497769645749524869e-01,1.027435037613016355e+00,1.253104976346556931e+00,1.253104972672692163e+00,1.027435027161399894e+00,6.497769487283884260e-01,2.858307533902886277e-01,3.420927087815606171e-03,-1.920541474264760851e-01,-3.180419451030473965e-01,-3.952187343770106054e-01,-4.405987841243304004e-01,-4.663096656711189780e-01,-4.803324970069269284e-01,-4.876460714290145049e-01,-4.912318419583456830e-01,-4.928146847908720929e-01,-4.933618148663807546e-01,-4.933997009902570952e-01,-4.932066499499780932e-01,-4.929255331150157460e-01,-4.926275515340963196e-01,-4.923471332414681711e-01,-4.921004213142570194e-01,-4.918947462030391904e-01,-4.917333286238703138e-01,-4.916175351275553496e-01,-4.915479231006045779e-01,-4.915247009704870607e-01,-1.000000000000000000e+00,-1.000000000000000000e+00,-1.000000000000000000e+00,-1.000000000000000000e+00,-1.000000000000000000e+00,-1.000000000000000000e+00,-1.000000000000000000e+00,-1.000000000000000000e+00,-1.000000000000000000e+00,-1.000000000000000000e+00,-1.000000000000000000e+00,-1.000000000000000000e+00,-1.000000000000000000e+00,-1.000000000000000000e+00,-1.000000000000000000e+00,-1.000000000000000000e+00,-1.000000000000000000e+00,-1.000000000000000000e+00,-1.000000000000000000e+00,-1.000000000000000000e+00,-1.000000000000000000e+00,-1.000000000000000000e+00,-1.000000000000000000e+00,-1.000000000000000000e+00,-1.000000000000000000e+00,-1.000000000000000000e+00,-1.000000000000000000e+00,-1.000000000000000000e+00,-1.000000000000000000e+00,-1.000000000000000000e+00,-1.000000000000000000e+00,-1.000000000000000000e+00,-1.000000000000000000e+00,-1.000000000000000000e+00,-1.000000000000000000e+00,-1.000000000000000000e+00,-1.000000000000000000e+00,-1.000000000000000000e+00,-1.000000000000000000e+00,-1.000000000000000000e+00,-1.000000000000000000e+00,-1.000000000000000000e+00,-1.000000000000000000e+00,-1.000000000000000000e+00,-1.000000000000000000e+00,-1.000000000000000000e+00
-1.000000000000000000e+00,-1.000000000000000000e+00,-1.000000000000000000e+00,-1.000000000000000000e+00,-1.000000000000000000e+00,-1.000000000000000000e+00,-1.000000000000000000e+00,-1.000000000000000000e+00,-1.000000000000000000e+00,-1.000000000000000000e+00,-1.000000000000000000e+00,-1.000000000000000000e+00,-1.000000000000000000e+00,-1.000000000000000000e+00,-1.000000000000000000e+00,-1.000000000000000000e+00,-1.000000000000000000e+00,-1.000000000000000000e+00,-1.000000000000000000e+00,-1.000000000000000000e+00,-1.000000000000000000e+00,-1.000000000000000000e+00,-1.000000000000000000e+00,-1.000000000000000000e+00,-1.000000000000000000e+00,-1.000000000000000000e+00,-1.000000000000000000e+00,-1.000000000000000000e+00,-1.000000000000000000e+00,-1.000000000000000000e+00,-1.000000000000000000e+00,-1.000000000000000000e+00,-1.000000000000000000e+00,-1.000000000000000000e+00,-1.000000000000000000e+00,-1.000000000000000000e+00,-1.000000000000000000e+00,-1.000000000000000000e+00,-1.000000000000000000e+00,-1.000000000000000000e+00,-1.000000000000000000e+00,-1.000000000000000000e+00,-1.000000000000000000e+00,-1.000000000000000000e+00,-1.000000000000000000e+00,-1.000000000000000000e+00,-4.924193011851194512e-01,-4.924424520751475853e-01,-4.925118571751481156e-01,-4.926273102137255222e-01,-4.927882578599236396e-01,-4.929933358689435607e-01,-4.932393300534716474e-01,-4.935189170235272371e-01,-4.938159638138648333e-01,-4.940960555938538334e-01,-4.942880143262637915e-01,-4.942490057857202856e-01,-4.937007887387281357e-01,-4.921170117956226164e-01,-4.885306758835312735e-01,-4.812172977751627556e-01,-4.671961241982272028e-01,-4.414895630221034040e-01,-3.961184604319516467e-01,-3.189582499551804062e-01,-1.929988337917558638e-01,2.431163889673904066e-03,2.847754723065136773e-01,6.486377796320867972e-01,1.026209869091047722e+00,1.251828217855504022e+00,1.251828212647070337e+00,1.026209854401114008e+00,6.486377577223976232e-01,2.847754455026692000e-01,2.431134519502720082e-03,-1.929988631622352457e-01,-3.189582766366578781e-01,-3.961184819499301568e-01,-4.414895774789213689e-01,-4.671961305844742895e-01,-4.812172961103637903e-01,-4.885306672052980304e-01,-4.921169980558488533e-01,-4.937007723023585370e-01,-4.942489891266523827e-01,-4.942879995612212696e-01,-4.940960448412097250e-01,-4.938159585166896903e-01,-4.935189185105155474e-01,-4.932393378749875268e-01,-4.929933487539388537e-01,-4.927882735827457950e-01,-4.926273278571704495e-01,-4.925118744176035790e-01,-4.924424678364740515e-01,-4.924193143071162737e-01,-1.000000000000000000e+00,-1.000000000000000000e+00,-1.000000000000000000e+00,-1.000000000000000000e+00,-1.000000000000000000e+00,-1.000000000000000000e+00,-1.000000000000000000e+00,-1.000000000000000000e+00,-1.000000000000000000e+00,-1.000000000000000000e+00,-1.000000000000000000e+00,-1.000000000000000000e+00,-1.000000000000000000e+00,-1.000000000000000000e+00,-1.000000000000000000e+00,-1.000000000000000000e+00,-1.000000000000000000e+00,-1.000000000000000000e+00,-1.000000000000000000e+00,-1.000000000000000000e+00,-1.000000000000000000e+00,-1.000000000000000000e+00,-1.000000000000000000e+00,-1.000000000000000000e+00,-1.000000000000000000e+00,-1.000000000000000000e+00,-1.000000000000000000e+00,-1.000000000000000000e+00,-1.000000000000000000e+00,-1.000000000000000000e+00,-1.000000000000000000e+00,-1.000000000000000000e+00,-1.000000000000000000e+00,-1.000000000000000000e+00,-1.000000000000000000e+00,-1.000000000000000000e+00,-1.000000000000000000e+00,-1.000000000000000000e+00,-1.000000000000000000e+00,-1.000000000000000000e+00,-1.000000000000000000e+00,-1.000000000000000000e+00,-1.000000000000000000e+00,-1.000000000000000000e+00,-1.000000000000000000e+00,-1.000000000000000000e+00
-1.000000000000000000e+00,-1.000000000000000000e+00,-1.000000000000000000e+00,-1.000000000000000000e+00,-1.000000000000000000e+00,-1.000000000000000000e+00,-1.000000000000000000e+00,-1.000000000000000000e+00,-1.000000000000000000e+00,-1.000000000000000000e+00,-1.000000000000000000e+00,-1.000000000000000000e+00,-1.000000000000000000e+00,-1.000000000000000000e+00,-1.000000000000000000e+00,-1.000000000000000000e+00,-1.000000000000000000e+00,-1.000000000000000000e+00,-1.000000000000000000e+00,-1.000000000000000000e+00,-1.000000000000000000e+00,-1.000000000000000000e+00,-1.000000000000000000e+00,-1.000000000000000000e+00,-1.000000000000000000e+00,-1.000000000000000000e+00,-1.000000000000000000e+00,-1.000000000000000000e+00,-1.000000000000000000e+00,-1.000000000000000000e+00,-1.000000000000000000e+00,-1.000000000000000000e+00,-1.000000000000000000e+00,-1.000000000000000000e+00,-1.000000000000000000e+00,-1.000000000000000000e+00,-1.000000000000000000e+00,-1.000000000000000000e+00,-1.000000000000000000e+00,-1.000000000000000000e+00,-1.000000000000000000e+00,-1.000000000000000000e+00,-1.000000000000000000e+00,-1.000000000000000000e+00,-1.000000000000000000e+00,-1.000000000000000000e+00,-4.933444369492825388e-01,-4.933675218953705865e-01,-4.934367295124157948e-01,-4.935518540055907621e-01,-4.937123426913077040e-01,-4.939168337924231267e-01,-4.941621170135936936e-01,-4.944408746007633582e-01,-4.947369822013243379e-01,-4.950160390803803878e-01,-4.952068897810635306e-01,-4.951667383441620274e-01,-4.946174109921246398e-01,-4.930326792583050732e-01,-4.894457698202234752e-01,-4.821326101702583244e-01,-4.681131768321744602e-01,-4.424111286345491223e-01,-3.970493536623544983e-01,-3.199064041615846676e-01,-1.939765041705650006e-01,1.406662400635916299e-03,2.836829660829334188e-01,6.474582711102900845e-01,1.024941234094690401e+00,1.250506112945614312e+00,1.250506106906479786e+00,1.024941217144554884e+00,6.474582460222482183e-01,2.836829357091046333e-01,1.406629575542162058e-03,-1.939765364550938287e-01,-3.199064329242755633e-01,-3.970493763481721672e-01,-4.424111434538771093e-01,-4.681131830834583951e-01,-4.821326082474648445e-01,-4.894457612097555810e-01,-4.930326661554609302e-01,-4.946173958641226776e-01,-4.951667234746617297e-01,-4.952068769197346398e-01,-4.950160295669867594e-01,-4.947369769051510602e-01,-4.944408745823283269e-01,-4.941621222235781374e-01,-4.939168429312807973e-01,-4.937123534436622663e-01,-4.935518661246280914e-01,-4.934367418407026307e-01,-4.933675336094829333e-01,-4.933444462340261794e-01,-1.000000000000000000e+00,-1.000000000000000000e+00,-1.000000000000000000e+00,-1.000000000000000000e+00,-1.000000000000000000e+00,-1.000000000000000000e+00,-1.000000000000000000e+00,-1.000000000000000000e+00,-1.000000000000000000e+00,-1.000000000000000000e+00,-1.000000000000000000e+00,-1.000000000000000000e+00,-1.000000000000000000e+00,-1.000000000000000000e+00,-1.000000000000000000e+00,-1.000000000000000000e+00,-1.000000000000000000e+00,-1.000000000000000000e+00,-1.000000000000000000e+00,-1.000000000000000000e+00,-1.000000000000000000e+00,-1.000000000000000000e+00,-1.000000000000000000e+00,-1.000000000000000000e+00,-1.000000000000000000e+00,-1.000000000000000000e+00,-1.000000000000000000e+00,-1.000000000000000000e+00,-1.000000000000000000e+00,-1.000000000000000000e+00,-1.000000000000000000e+00,-1.000000000000000000e+00,-1.000000000000000000e+00,-1.000000000000000000e+00,-1.000000000000000000e+00,-1.000000000000000000e+00,-1.000000000000000000e+00,-1.000000000000000000e+00,-1.000000000000000000e+00,-1.000000000000000000e+00,-1.000000000000000000e+00,-1.000000000000000000e+00,-1.000000000000000000e+00,-1.000000000000000000e+00,-1.000000000000000000e+00,-1.000000000000000000e+00
-1.000000000000000000e+00,-1.000000000000000000e+00,-1.000000000000000000e+00,-1.000000000000000000e+00,-1.000000000000000000e+00,-1.000000000000000000e+00,-1.000000000000000000e+00,-1.000000000000000000e+00,-1.000000000000000000e+00,-1.000000000000000000e+00,-1.000000000000000000e+00,-1.000000000000000000e+00,-1.000000000000000000e+00,-1.000000000000000000e+00,-1.000000000000000000e+00,-1.000000000000000000e+00,-1.000000000000000000e+00,-1.000000000000000000e+00,-1.000000000000000000e+00,-1.000000000000000000e+00,-1.000000000000000000e+00,-1.000000000000000000e+00,-1.000000000000000000e+00,-1.000000000000000000e+00,-1.000000000000000000e+00,-1.000000000000000000e+00,-1.000000000000000000e+00,-1.000000000000000000e+00,-1.000000000000000000e+00,-1.000000000000000000e+00,-1.000000000000000000e+00,-1.000000000000000000e+00,-1.000000000000000000e+00,-1.000000000000000000e+00,-1.000000000000000000e+00,-1.000000000000000000e+00,-1.000000000000000000e+00,-1.000000000000000000e+00,-1.000000000000000000e+00,-1.000000000000000000e+00,-1.000000000000000000e+00,-1.000000000000000000e+00,-1.000000000000000000e+00,-1.000000000000000000e+00,-1.000000000000000000e+00,-1.000000000000000000e+00,-4.942989550319527581e-01,-4.943219827482598916e-01,-4.943910182008224297e-01,-4.945058543272082829e-01,-4.946659362851475450e-01,-4.948699014266928486e-01,-4.951145392763187658e-01,-4.953925335653650563e-01,-4.956877645840185309e-01,-4.959658423296611218e-01,-4.961556315231563374e-01,-4.961143735391573273e-01,-4.955639633616266693e-01,-4.939783001839961329e-01,-4.903908464719721749e-01,-4.830779588626805676e-01,-4.690603752115585223e-01,-4.433630566330206690e-01,-3.980110124830540386e-01,-3.208860286975907528e-01,-1.949868021159311127e-01,3.477578277326642819e-04,2.825535528630487292e-01,6.462387313736908112e-01,1.023629427124992830e+00,1.249138958507172603e+00,1.249138952379809986e+00,1.023629409957925951e+00,6.462387060543708373e-01,2.825535223727513312e-01,3.477251097674383118e-04,-1.949868340654843379e-01,-3.208860569889635528e-01,-3.980110347279000038e-01,-4.433630713148923874e-01,-4.690603819010652487e-01,-4.830779581911075482e-01,-4.903908400400549539e-01,-4.939782900583367109e-01,-4.955639517434535790e-01,-4.961143622364545536e-01,-4.961556217236378075e-01,-4.959658344947781572e-01,-4.956877591142472284e-01,-4.953925314291494075e-01,-4.951145410181219120e-01,-4.948699058656380600e-01,-4.946659412867946415e-01,-4.945058604328904650e-01,-4.943910255324555081e-01,-4.943219906404383579e-01,-4.942989608827517145e-01,-1.000000000000000000e+00,-1.000000000000000000e+00,-1.000000000000000000e+00,-1.000000000000000000e+00,-1.000000000000000000e+00,-1.000000000000000000e+00,-1.000000000000000000e+00,-1.000000000000000000e+00,-1.000000000000000000e+00,-1.000000000000000000e+00,-1.000000000000000000e+00,-1.000000000000000000e+00,-1.000000000000000000e+00,-1.000000000000000000e+00,-1.000000000000000000e+00,-1.000000000000000000e+00,-1.000000000000000000e+00,-1.000000000000000000e+00,-1.000000000000000000e+00,-1.000000000000000000e+00,-1.000000000000000000e+00,-1.000000000000000000e+00,-1.000000000000000000e+00,-1.000000000000000000e+00,-1.000000000000000000e+00,-1.000000000000000000e+00,-1.000000000000000000e+00,-1.000000000000000000e+00,-1.000000000000000000e+00,-1.000000000000000000e+00,-1.000000000000000000e+00,-1.000000000000000000e+00,-1.000000000000000000e+00,-1.000000000000000000e+00,-1.000000000000000000e+00,-1.000000000000000000e+00,-1.000000000000000000e+00,-1.000000000000000000e+00,-1.000000000000000000e+00,-1.000000000000000000e+00,-1.000000000000000000e+00,-1.000000000000000000e+00,-1.000000000000000000e+00,-1.000000000000000000e+00,-1.000000000000000000e+00,-1.000000000000000000e+00
-1.000000000000000000e+00,-1.000000000000000000e+00,-1.000000000000000000e+00,-1.000000000000000000e+00,-1.000000000000000000e+00,-1.000000000000000000e+00,-1.000000000000000000e+00,-1.000000000000000000e+00,-1.000000000000000000e+00,-1.000000000000000000e+00,-1.000000000000000000e+00,-1.000000000000000000e+00,-1.000000000000000000e+00,-1.000000000000000000e+00,-1.000000000000000000e+00,-1.000000000000000000e+00,-1.000000000000000000e+00,-1.000000000000000000e+00,-1.000000000000000000e+00,-1.000000000000000000e+00,-1.000000000000000000e+00,-1.000000000000000000e+00,-1.000000000000000000e+00,-1.000000000000000000e+00,-1.000000000000000000e+00,-1.000000000000000000e+00,-1.000000000000000000e+00,-1.000000000000000000e+00,-1.000000000000000000e+00,-1.000000000000000000e+00,-1.000000000000000000e+00,-1.000000000000000000e+00,-1.000000000000000000e+00,-1.000000000000000000e+00,-1.000000000000000000e+00,-1.000000000000000000e+00,-1.000000000000000000e+00,-1.000000000000000000e+00,-1.000000000000000000e+00,-1.000000000000000000e+00,-1.000000000000000000e+00,-1.000000000000000000e+00,-1.000000000000000000e+00,-1.000000000000000000e+00,-1.000000000000000000e+00,-1.000000000000000000e+00,-4.952811550802493912e-01,-4.953041439851499916e-01,-4.953730613077382827e-01,-4.954876956988085723e-01,-4.956474854206414093e-01,-4.958510609857871287e-01,-4.960952046675579652e-01,-4.963725942904675392e-01,-4.966671076070916513e-01,-4.969443589241420156e-01,-4.971332280318847552e-01,-4.970909904318530081e-01,-4.965396094616432165e-01,-4.949531155653623671e-01,-4.913652164683641743e-01,-4.840527163656913601e-01,-4.700371464729098392e-01,-4.443448223878325720e-01,-3.990029551004870001e-01,-3.218966799302664938e-01,-1.960293175028242629e-01,-7.451674302956234897e-04,2.813875955708660115e-01,6.449795147544650220e-01,1.022274803812019961e+00,1.247727112318625764e+00,1.247727106769479732e+00,1.022274788249804445e+00,6.449794918293063617e-01,2.813875680149937608e-01,-7.451969829821436520e-04,-1.960293463977986761e-01,-3.218967056689585604e-01,-3.990029756850050902e-01,-4.443448366775681890e-01,-4.700371542287538063e-01,-4.840527182744471801e-01,-4.913652139202717706e-01,-4.949531101941326838e-01,-4.965396029068758210e-01,-4.970909838412120862e-01,-4.971332219366901839e-01,-4.969443529564436801e-01,-4.966671018689350348e-01,-4.963725898371338374e-01,-4.960952027431728695e-01,-4.958510606184995950e-01,-4.956474847886447321e-01,-4.954876961065641794e-01,-4.953730641190770001e-01,-4.953041486191382958e-01,-4.952811581274074726e-01,-1.000000000000000000e+00,-1.000000000000000000e+00,-1.000000000000000000e+00,-1.000000000000000000e+00,-1.000000000000000000e+00,-1.000000000000000000e+00,-1.000000000000000000e+00,-1.000000000000000000e+00,-1.000000000000000000e+00,-1.000000000000000000e+00,-1.000000000000000000e+00,-1.000000000000000000e+00,-1.000000000000000000e+00,-1.000000000000000000e+00,-1.000000000000000000e+00,-1.000000000000000000e+00,-1.000000000000000000e+00,-1.000000000000000000e+00,-1.000000000000000000e+00,-1.000000000000000000e+00,-1.000000000000000000e+00,-1.000000000000000000e+00,-1.000000000000000000e+00,-1.000000000000000000e+00,-1.000000000000000000e+00,-1.000000000000000000e+00,-1.000000000000000000e+00,-1.000000000000000000e+00,-1.000000000000000000e+00,-1.000000000000000000e+00,-1.000000000000000000e+00,-1.000000000000000000e+00,-1.000000000000000000e+00,-1.000000000000000000e+00,-1.000000000000000000e+00,-1.000000000000000000e+00,-1.000000000000000000e+00,-1.000000000000000000e+00,-1.000000000000000000e+00,-1.000000000000000000e+00,-1.000000000000000000e+00,-1.000000000000000000e+00,-1.000000000000000000e+00,-1.000000000000000000e+00,-1.000000000000000000e+00,-1.000000000000000000e+00
-1.000000000000000000e+00,-1.000000000000000000e+00,-1.000000000000000000e+00,-1.000000000000000000e+00,-1.000000000000000000e+00,-1.000000000000000000e+00,-1.000000000000000000e+00,-1.000000000000000000e+00,-1.000000000000000000e+00,-1.000000000000000000e+00,-1.000000000000000000e+00,-1.000000000000000000e+00,-1.000000000000000000e+00,-1.000000000000000000e+00,-1.000000000000000000e+00,-1.000000000000000000e+00,-1.000000000000000000e+00,-1.000000000000000000e+00,-1.000000000000000000e+00,-1.000000000000000000e+00,-1.000000000000000000e+00,-1.000000000000000000e+00,-1.000000000000000000e+00,-1.000000000000000000e+00,-1.000000000000000000e+00,-1.000000000000000000e+00,-1.000000000000000000e+00,-1.000000000000000000e+00,-1.000000000000000000e+00,-1.000000000000000000e+00,-1.000000000000000000e+00,-1.000000000000000000e+00,-1.000000000000000000e+00,-1.000000000000000000e+00,-1.000000000000000000e+00,-1.000000000000000000e+00,-1.000000000000000000e+00,-1.000000000000000000e+00,-1.000000000000000000e+00,-1.000000000000000000e+00,-1.000000000000000000e+00,-1.000000000000000000e+00,-1.000000000000000000e+00,-1.000000000000000000e+00,-1.000000000000000000e+00,-1.000000000000000000e+00,-4.962885022995742190e-01,-4.963114862341821976e-01,-4.963803850867076761e-01,-4.964949781624010683e-01,-4.966546889613594473e-01,-4.968581309785315980e-01,-4.971020673757156061e-01,-4.973791575334276516e-01,-4.976732644073429412e-01,-4.979499953748875996e-01,-4.981382359169010954e-01,-4.980952888882832497e-01,-4.975431828626604158e-01,-4.959560812834320487e-01,-4.923679456396374832e-01,-4.850560459306931804e-01,-4.710427392757310372e-01,-4.453557489780521905e-01,-4.000245693120323409e-01,-3.229378017670887502e-01,-1.971035420178273156e-01,-1.871643499500308394e-03,2.801855372497739083e-01,6.436810513751805019e-01,1.020877793718466542e+00,1.246271005441844437e+00,1.246271000969325193e+00,1.020877781155076214e+00,6.436810328400266457e-01,2.801855148961287512e-01,-1.871667651677455524e-03,-1.971035659149675823e-01,-3.229378235364723793e-01,-4.000245874970280724e-01,-4.453557627950308628e-01,-4.710427485900989808e-01,-4.850560513095762971e-01,-4.923679480201528236e-01,-4.959560816573915787e-01,-4.975431821258453624e-01,-4.980952874653894469e-01,-4.981382336935675781e-01,-4.979499913317315674e-01,-4.976732585331395953e-01,-4.973791511074887595e-01,-4.971020623375572711e-01,-4.968581265876759190e-01,-4.966546836881686744e-01,-4.964949739142126006e-01,-4.963803842943788069e-01,-4.963114883747010708e-01,-4.962885032619546166e-01,-1.000000000000000000e+00,-1.000000000000000000e+00,-1.000000000000000000e+00,-1.000000000000000000e+00,-1.000000000000000000e+00,-1.000000000000000000e+00,-1.000000000000000000e+00,-1.000000000000000000e+00,-1.000000000000000000e+00,-1.000000000000000000e+00,-1.000000000000000000e+00,-1.000000000000000000e+00,-1.000000000000000000e+00,-1.000000000000000000e+00,-1.000000000000000000e+00,-1.000000000000000000e+00,-1.000000000000000000e+00,-1.000000000000000000e+00,-1.000000000000000000e+00,-1.000000000000000000e+00,-1.000000000000000000e+00,-1.000000000000000000e+00,-1.000000000000000000e+00,-1.000000000000000000e+00,-1.000000000000000000e+00,-1.000000000000000000e+00,-1.000000000000000000e+00,-1.000000000000000000e+00,-1.000000000000000000e+00,-1.000000000000000000e+00,-1.000000000000000000e+00,-1.000000000000000000e+00,-1.000000000000000000e+00,-1.000000000000000000e+00,-1.000000000000000000e+00,-1.000000000000000000e+00,-1.000000000000000000e+00,-1.000000000000000000e+00,-1.000000000000000000e+00,-1.000000000000000000e+00,-1.000000000000000000e+00,-1.000000000000000000e+00,-1.000000000000000000e+00,-1.000000000000000000e+00,-1.000000000000000000e+00,-1.000000000000000000e+00
-1.000000000000000000e+00,-1.000000000000000000e+00,-1.000000000000000000e+00,-1.000000000000000000e+00,-1.000000000000000000e+00,-1.000000000000000000e+00,-1.000000000000000000e+00,-1.000000000000000000e+00,-1.000000000000000000e+00,-1.000000000000000000e+00,-1.000000000000000000e+00,-1.000000000000000000e+00,-1.000000000000000000e+00,-1.000000000000000000e+00,-1.000000000000000000e+00,-1.000000000000000000e+00,-1.000000000000000000e+00,-1.000000000000000000e+00,-1.000000000000000000e+00,-1.000000000000000000e+00,-1.000000000000000000e+00,-1.000000000000000000e+00,-1.000000000000000000e+00,-1.000000000000000000e+00,-1.000000000000000000e+00,-1.000000000000000000e+00,-1.000000000000000000e+00,-1.000000000000000000e+00,-1.000000000000000000e+00,-1.000000000000000000e+00,-1.000000000000000000e+00,-1.000000000000000000e+00,-1.000000000000000000e+00,-1.000000000000000000e+00,-1.000000000000000000e+00,-1.000000000000000000e+00,-1.000000000000000000e+00,-1.000000000000000000e+00,-1.000000000000000000e+00,-1.000000000000000000e+00,-1.000000000000000000e+00,-1.000000000000000000e+00,-1.000000000000000000e+00,-1.000000000000000000e+00,-1.000000000000000000e+00,-1.000000000000000000e+00,-4.973172293676890732e-01,-4.973402664006796314e-01,-4.974093180692937821e-01,-4.975241460170689578e-01,-4.976841460689822583e-01,-4.978878978547243150e-01,-4.981321259662276901e-01,-4.984094506843330663e-01,-4.987036999038050311e-01,-4.989804553150696265e-01,-4.991685920728938797e-01,-4.991254281133672421e-01,-4.985730499465441667e-01,-4.969857529129102502e-01,-4.933977592271165946e-01,-4.860868225952259536e-01,-4.720761592481830249e-01,-4.463949547829848541e-01,-4.010750701104681681e-01,-3.240086912697730526e-01,-1.982088410903974918e-01,-3.031089880760617916e-03,2.789479206488403307e-01,6.423438644079739746e-01,1.019438916184333799e+00,1.244771157414405138e+00,1.244771154309659345e+00,1.019438907452309806e+00,6.423438514283592582e-01,2.789479047845722093e-01,-3.031107382543751783e-03,-1.982088589669315226e-01,-3.240087083885327957e-01,-4.010750855846065832e-01,-4.463949681183532192e-01,-4.720761703562708078e-01,-4.860868317610274048e-01,-4.933977667903075570e-01,-4.969857591383766149e-01,-4.985730549570996928e-01,-4.991254316722955053e-01,-4.991685935237315519e-01,-4.989804532442878582e-01,-4.987036943369602682e-01,-4.984094431903276501e-01,-4.981321190723448922e-01,-4.978878910073039066e-01,-4.976841378655976200e-01,-4.975241386968356494e-01,-4.974093148523346386e-01,-4.973402668596280662e-01,-4.973172289183889205e-01,-1.000000000000000000e+00,-1.000000000000000000e+00,-1.000000000000000000e+00,-1.000000000000000000e+00,-1.000000000000000000e+00,-1.000000000000000000e+00,-1.000000000000000000e+00,-1.000000000000000000e+00,-1.000000000000000000e+00,-1.000000000000000000e+00,-1.000000000000000000e+00,-1.000000000000000000e+00,-1.000000000000000000e+00,-1.000000000000000000e+00,-1.000000000000000000e+00,-1.000000000000000000e+00,-1.000000000000000000e+00,-1.000000000000000000e+00,-1.000000000000000000e+00,-1.000000000000000000e+00,-1.000000000000000000e+00,-1.000000000000000000e+00,-1.000000000000000000e+00,-1.000000000000000000e+00,-1.000000000000000000e+00,-1.000000000000000000e+00,-1.000000000000000000e+00,-1.000000000000000000e+00,-1.000000000000000000e+00,-1.000000000000000000e+00,-1.000000000000000000e+00,-1.000000000000000000e+00,-1.000000000000000000e+00,-1.000000000000000000e+00,-1.000000000000000000e+00,-1.000000000000000000e+00,-1.000000000000000000e+00,-1.000000000000000000e+00,-1.000000000000000000e+00,-1.000000000000000000e+00,-1.000000000000000000e+00,-1.000000000000000000e+00,-1.000000000000000000e+00,-1.000000000000000000e+00,-1.000000000000000000e+00,-1.000000000000000000e+00
-1.000000000000000000e+00,-1.000000000000000000e+00,-1.000000000000000000e+00,-1.000000000000000000e+00,-1.000000000000000000e+00,-1.000000000000000000e+00,-1.000000000000000000e+00,-1.000000000000000000e+00,-1.000000000000000000e+00,-1.000000000000000000e+00,-1.000000000000000000e+00,-1.000000000000000000e+00,-1.000000000000000000e+00,-1.000000000000000000e+00,-1.000000000000000000e+00,-1.000000000000000000e+00,-1.000000000000000000e+00,-1.000000000000000000e+00,-1.000000000000000000e+00,-1.000000000000000000e+00,-1.000000000000000000e+00,-1.000000000000000000e+00,-1.000000000000000000e+00,-1.000000000000000000e+00,-1.000000000000000000e+00,-1.000000000000000000e+00,-1.000000000000000000e+00,-1.000000000000000000e+00,-1.000000000000000000e+00,-1.000000000000000000e+00,-1.000000000000000000e+00,-1.000000000000000000e+00,-1.000000000000000000e+00,-1.000000000000000000e+00,-1.000000000000000000e+00,-1.000000000000000000e+00,-1.000000000000000000e+00,-1.000000000000000000e+00,-1.000000000000000000e+00,-1.000000000000000000e+00,-1.000000000000000000e+00,-1.000000000000000000e+00,-1.000000000000000000e+00,-1.000000000000000000e+00,-1.000000000000000000e+00,-1.000000000000000000e+00,-4.983617501750750023e-01,-4.983849361283940738e-01,-4.984544234394112650e-01,-4.985699425930842921e-01,-4.987308407247512676e-01,-4.989356362019963242e-01,-4.991809835726774836e-01,-4.994594306281872065e-01,-4.997547373934274617e-01,-5.000324294272777692e-01,-5.002213452972954499e-01,-5.001787973559883582e-01,-4.996269164147406627e-01,-4.980401243474110728e-01,-4.944529087665952005e-01,-4.871435244515636143e-01,-4.731360808856148736e-01,-4.474612825571862018e-01,-4.021534428920405801e-01,-3.251084532555612583e-01,-1.993444173637017869e-01,-4.222785648549276516e-03,2.776754130536627230e-01,6.409685915590817018e-01,1.017958799856618413e+00,1.243228194847715962e+00,1.243228193195940356e+00,1.017958795180277320e+00,6.409685844234846996e-01,2.776754039637259197e-01,-4.222796268400941244e-03,-1.993444291007815394e-01,-3.251084656917830884e-01,-4.021534556713808328e-01,-4.474612954134800091e-01,-4.731360937002317968e-01,-4.871435371042833751e-01,-4.944529209851538099e-01,-4.980401357201582613e-01,-4.996269263987995757e-01,-5.001788052068576462e-01,-5.002213499929091256e-01,-5.000324294469642439e-01,-4.997547328883316098e-01,-4.994594234338158856e-01,-4.991809766083354916e-01,-4.989356289974384850e-01,-4.987308317412537662e-01,-4.985699340725862072e-01,-4.984544190593673818e-01,-4.983849356519929330e-01,-4.983617488615763591e-01,-1.000000000000000000e+00,-1.000000000000000000e+00,-1.000000000000000000e+00,-1.000000000000000000e+00,-1.000000000000000000e+00,-1.000000000000000000e+00,-1.000000000000000000e+00,-1.000000000000000000e+00,-1.000000000000000000e+00,-1.000000000000000000e+00,-1.000000000000000000e+00,-1.000000000000000000e+00,-1.000000000000000000e+00,-1.000000000000000000e+00,-1.000000000000000000e+00,-1.000000000000000000e+00,-1.000000000000000000e+00,-1.000000000000000000e+00,-1.000000000000000000e+00,-1.000000000000000000e+00,-1.000000000000000000e+00,-1.000000000000000000e+00,-1.000000000000000000e+00,-1.000000000000000000e+00,-1.000000000000000000e+00,-1.000000000000000000e+00,-1.000000000000000000e+00,-1.000000000000000000e+00,-1.000000000000000000e+00,-1.000000000000000000e+00,-1.000000000000000000e+00,-1.000000000000000000e+00,-1.000000000000000000e+00,-1.000000000000000000e+00,-1.000000000000000000e+00,-1.000000000000000000e+00,-1.000000000000000000e+00,-1.000000000000000000e+00,-1.000000000000000000e+00,-1.000000000000000000e+00,-1.000000000000000000e+00,-1.000000000000000000e+00,-1.000000000000000000e+00,-1.000000000000000000e+00,-1.000000000000000000e+00,-1.000000000000000000e+00
-1.000000000000000000e+00,-1.000000000000000000e+00,-1.000000000000000000e+00,-1.000000000000000000e+00,-1.000000000000000000e+00,-1.000000000000000000e+00,-1.000000000000000000e+00,-1.000000000000000000e+00,-1.000000000000000000e+00,-1.000000000000000000e+00,-1.000000000000000000e+00,-1.000000000000000000e+00,-1.000000000000000000e+00,-1.000000000000000000e+00,-1.000000000000000000e+00,-1.000000000000000000e+00,-1.000000000000000000e+00,-1.000000000000000000e+00,-1.000000000000000000e+00,-1.000000000000000000e+00,-1.000000000000000000e+00,-1.000000000000000000e+00,-1.000000000000000000e+00,-1.000000000000000000e+00,-1.000000000000000000e+00,-1.000000000000000000e+00,-1.000000000000000000e+00,-1.000000000000000000e+00,-1.000000000000000000e+00,-1.000000000000000000e+00,-1.000000000000000000e+00,-1.000000000000000000e+00,-1.000000000000000000e+00,-1.000000000000000000e+00,-1.000000000000000000e+00,-1.000000000000000000e+00,-1.000000000000000000e+00,-1.000000000000000000e+00,-1.000000000000000000e+00,-1.000000000000000000e+00,-1.000000000000000000e+00,-1.000000000000000000e+00,-1.000000000000000000e+00,-1.000000000000000000e+00,-1.000000000000000000e+00,-1.000000000000000000e+00,-4.994137965210567742e-01,-4.994372857373630126e-01,-4.995076642890019514e-01,-4.996246097646732665e-01,-4.997873866622919437e-01,-4.999944080220988241e-01,-5.002422079013211231e-01,-5.005232082601329680e-01,-5.008210488694704310e-01,-5.011011506270310889e-01,-5.012922735465874524e-01,-5.012516910209523502e-01,-5.007015550480256039e-01,-4.991164024253595954e-01,-4.955309876127875768e-01,-4.882240832333115677e-01,-4.742207276691194906e-01,-4.485532039339528154e-01,-4.032583677353303031e-01,-3.262359404052732614e-01,-2.005092632101685979e-01,-5.445831314829341352e-03,2.763688376447701600e-01,6.395560117732665972e-01,1.016438206619402429e+00,1.241642874078283221e+00,1.241642873775541389e+00,1.016438205668390715e+00,6.395560099873520699e-01,2.763688347235850884e-01,-5.445835712970747977e-03,-2.005092694258179264e-01,-3.262359486349151183e-01,-4.032583780692000630e-01,-4.485532162586842730e-01,-4.742207417530908131e-01,-4.882240985315906556e-01,-4.955310033400097680e-01,-4.991164176386240214e-01,-5.007015687401317194e-01,-5.012517021545477292e-01,-5.012922809564566151e-01,-5.011011529524473929e-01,-5.008210464061564338e-01,-5.005232029977593200e-01,-5.002422028943307453e-01,-4.999944027437743799e-01,-4.997873791406499677e-01,-4.996246019162855490e-01,-4.995076599138146278e-01,-4.994372849243307044e-01,-4.994137947274497336e-01,-1.000000000000000000e+00,-1.000000000000000000e+00,-1.000000000000000000e+00,-1.000000000000000000e+00,-1.000000000000000000e+00,-1.000000000000000000e+00,-1.000000000000000000e+00,-1.000000000000000000e+00,-1.000000000000000000e+00,-1.000000000000000000e+00,-1.000000000000000000e+00,-1.000000000000000000e+00,-1.000000000000000000e+00,-1.000000000000000000e+00,-1.000000000000000000e+00,-1.000000000000000000e+00,-1.000000000000000000e+00,-1.000000000000000000e+00,-1.000000000000000000e+00,-1.000000000000000000e+00,-1.000000000000000000e+00,-1.000000000000000000e+00,-1.000000000000000000e+00,-1.000000000000000000e+00,-1.000000000000000000e+00,-1.000000000000000000e+00,-1.000000000000000000e+00,-1.000000000000000000e+00,-1.000000000000000000e+00,-1.000000000000000000e+00,-1.000000000000000000e+00,-1.000000000000000000e+00,-1.000000000000000000e+00,-1.000000000000000000e+00,-1.000000000000000000e+00,-1.000000000000000000e+00,-1.000000000000000000e+00,-1.000000000000000000e+00,-1.000000000000000000e+00,-1.000000000000000000e+00,-1.000000000000000000e+00,-1.000000000000000000e+00,-1.000000000000000000e+00,-1.000000000000000000e+00,-1.000000000000000000e+00,-1.000000000000000000e+00
-1.000000000000000000e+00,-1.000000000000000000e+00,-1.000000000000000000e+00,-1.000000000000000000e+00,-1.000000000000000000e+00,-1.000000000000000000e+00,-1.000000000000000000e+00,-1.000000000000000000e+00,-1.000000000000000000e+00,-1.000000000000000000e+00,-1.000000000000000000e+00,-1.000000000000000000e+00,-1.000000000000000000e+00,-1.000000000000000000e+00,-1.000000000000000000e+00,-1.000000000000000000e+00,-1.000000000000000000e+00,-1.000000000000000000e+00,-1.000000000000000000e+00,-1.000000000000000000e+00,-1.000000000000000000e+00,-1.000000000000000000e+00,-1.000000000000000000e+00,-1.000000000000000000e+00,-1.000000000000000000e+00,-1.000000000000000000e+00,-1.000000000000000000e+00,-1.000000000000000000e+00,-1.000000000000000000e+00,-1.000000000000000000e+00,-1.000000000000000000e+00,-1.000000000000000000e+00,-1.000000000000000000e+00,-1.000000000000000000e+00,-1.000000000000000000e+00,-1.000000000000000000e+00,-1.000000000000000000e+00,-1.000000000000000000e+00,-1.000000000000000000e+00,-1.000000000000000000e+00,-1.000000000000000000e+00,-1.000000000000000000e+00,-1.000000000000000000e+00,-1.000000000000000000e+00,-1.000000000000000000e+00,-1.000000000000000000e+00,-5.004611468177868616e-01,-5.004851840453961032e-01,-5.005571761598828218e-01,-5.006767129920453030e-01,-5.008429218500234370e-01,-5.010540400384240201e-01,-5.013064007599403737e-01,-5.015922155515086800e-01,-5.018949210749301670e-01,-5.021797571438897378e-01,-5.023753392942893470e-01,-5.023388494606750854e-01,-5.017924237121516029e-01,-5.002106931909562348e-01,-4.966286762939571275e-01,-4.893256798579814770e-01,-4.753277095165078237e-01,-4.496686913016443299e-01,-4.043881190119940072e-01,-3.273896747808349161e-01,-2.017020992716709316e-01,-6.699100252336442907e-03,2.750292127830586963e-01,6.381070781957003391e-01,1.014878060697871121e+00,1.240016108496654113e+00,1.240016109281227408e+00,1.014878062722510244e+00,6.381070806750752666e-01,2.750292147625978956e-01,-6.699099719138068565e-03,-2.017021010860506891e-01,-3.273896796150044253e-01,-4.043881272611846711e-01,-4.496687029324082374e-01,-4.753277241482338766e-01,-4.893256965995318453e-01,-4.966286940054116528e-01,-5.002107106087834154e-01,-5.017924396197663839e-01,-5.023388627600384737e-01,-5.023753488976732129e-01,-5.021797620572989729e-01,-5.018949216983852324e-01,-5.015922138489354865e-01,-5.013063996418782864e-01,-5.010540387760809011e-01,-5.008429177732027782e-01,-5.006767074158249287e-01,-5.005571727236981516e-01,-5.004851833138044270e-01,-5.004611447784323985e-01,-1.000000000000000000e+00,-1.000000000000000000e+00,-1.000000000000000000e+00,-1.000000000000000000e+00,-1.000000000000000000e+00,-1.000000000000000000e+00,-1.000000000000000000e+00,-1.000000000000000000e+00,-1.000000000000000000e+00,-1.000000000000000000e+00,-1.000000000000000000e+00,-1.000000000000000000e+00,-1.000000000000000000e+00,-1.000000000000000000e+00,-1.000000000000000000e+00,-1.000000000000000000e+00,-1.000000000000000000e+00,-1.000000000000000000e+00,-1.000000000000000000e+00,-1.000000000000000000e+00,-1.000000000000000000e+00,-1.000000000000000000e+00,-1.000000000000000000e+00,-1.000000000000000000e+00,-1.000000000000000000e+00,-1.000000000000000000e+00,-1.000000000000000000e+00,-1.000000000000000000e+00,-1.000000000000000000e+00,-1.000000000000000000e+00,-1.000000000000000000e+00,-1.000000000000000000e+00,-1.000000000000000000e+00,-1.000000000000000000e+00,-1.000000000000000000e+00,-1.000000000000000000e+00,-1.000000000000000000e+00,-1.000000000000000000e+00,-1.000000000000000000e+00,-1.000000000000000000e+00,-1.000000000000000000e+00,-1.000000000000000000e+00,-1.000000000000000000e+00,-1.000000000000000000e+00,-1.000000000000000000e+00,-1.000000000000000000e+00
-1.000000000000000000e+00,-1.000000000000000000e+00,-1.000000000000000000e+00,-1.000000000000000000e+00,-1.000000000000000000e+00,-1.000000000000000000e+00,-1.000000000000000000e+00,-1.000000000000000000e+00,-1.000000000000000000e+00,-1.000000000000000000e+00,-1.000000000000000000e+00,-1.000000000000000000e+00,-1.000000000000000000e+00,-1.000000000000000000e+00,-1.000000000000000000e+00,-1.000000000000000000e+00,-1.000000000000000000e+00,-1.000000000000000000e+00,-1.000000000000000000e+00,-1.000000000000000000e+00,-1.000000000000000000e+00,-1.000000000000000000e+00,-1.000000000000000000e+00,-1.000000000000000000e+00,-1.000000000000000000e+00,-1.000000000000000000e+00,-1.000000000000000000e+00,-1.000000000000000000e+00,-1.000000000000000000e+00,-1.000000000000000000e+00,-1.000000000000000000e+00,-1.000000000000000000e+00,-1.000000000000000000e+00,-1.000000000000000000e+00,-1.000000000000000000e+00,-1.000000000000000000e+00,-1.000000000000000000e+00,-1.000000000000000000e+00,-1.000000000000000000e+00,-1.000000000000000000e+00,-1.000000000000000000e+00,-1.000000000000000000e+00,-1.000000000000000000e+00,-1.000000000000000000e+00,-1.000000000000000000e+00,-1.000000000000000000e+00,-5.014857542054356188e-01,-5.015107235689848508e-01,-5.015854625053117744e-01,-5.017094173050784534e-01,-5.018814907381088375e-01,-5.020996322673747514e-01,-5.023598467164118730e-01,-5.026540016653537890e-01,-5.029652004557529921e-01,-5.032583824880871859e-01,-5.034619165095159943e-01,-5.034328119010353930e-01,-5.028931312277986621e-01,-5.013175668034683952e-01,-4.977413925023057573e-01,-4.904444660880624696e-01,-4.764538037026797568e-01,-4.508050469138167315e-01,-4.055404330642033983e-01,-3.285677457712479210e-01,-2.029212956516373012e-01,-7.981177352366586319e-03,2.736578007181407202e-01,6.366229583233486977e-01,1.013279483577415263e+00,1.238349001011546768e+00,1.238349002521194286e+00,1.013279487588143013e+00,6.366229636462144015e-01,2.736578059713981048e-01,-7.981173496858673388e-03,-2.029212944305163191e-01,-3.285677481503999076e-01,-4.055404395857289401e-01,-4.508050575820190531e-01,-4.764538180009409984e-01,-4.904444829162333264e-01,-4.977414105645179276e-01,-5.013175847633286608e-01,-5.028931479054667975e-01,-5.034328263375273949e-01,-5.034619278744978388e-01,-5.032583902737730597e-01,-5.029652050813586683e-01,-5.026540048582051057e-01,-5.023598509896141096e-01,-5.020996365771148717e-01,-5.018814915382829867e-01,-5.017094151229057886e-01,-5.015854606272700522e-01,-5.015107231657962572e-01,-5.014857520497075782e-01,-1.000000000000000000e+00,-1.000000000000000000e+00,-1.000000000000000000e+00,-1.000000000000000000e+00,-1.000000000000000000e+00,-1.000000000000000000e+00,-1.000000000000000000e+00,-1.000000000000000000e+00,-1.000000000000000000e+00,-1.000000000000000000e+00,-1.000000000000000000e+00,-1.000000000000000000e+00,-1.000000000000000000e+00,-1.000000000000000000e+00,-1.000000000000000000e+00,-1.000000000000000000e+00,-1.000000000000000000e+00,-1.000000000000000000e+00,-1.000000000000000000e+00,-1.000000000000000000e+00,-1.000000000000000000e+00,-1.000000000000000000e+00,-1.000000000000000000e+00,-1.000000000000000000e+00,-1.000000000000000000e+00,-1.000000000000000000e+00,-1.000000000000000000e+00,-1.000000000000000000e+00,-1.000000000000000000e+00,-1.000000000000000000e+00,-1.000000000000000000e+00,-1.000000000000000000e+00,-1.000000000000000000e+00,-1.000000000000000000e+00,-1.000000000000000000e+00,-1.000000000000000000e+00,-1.000000000000000000e+00,-1.000000000000000000e+00,-1.000000000000000000e+00,-1.000000000000000000e+00,-1.000000000000000000e+00,-1.000000000000000000e+00,-1.000000000000000000e+00,-1.000000000000000000e+00,-1.000000000000000000e+00,-1.000000000000000000e+00
-1.000000000000000000e+00,-1.000000000000000000e+00,-1.000000000000000000e+00,-1.000000000000000000e+00,-1.000000000000000000e+00,-1.000000000000000000e+00,-1.000000000000000000e+00,-1.000000000000000000e+00,-1.000000000000000000e+00,-1.000000000000000000e+00,-1.000000000000000000e+00,-1.000000000000000000e+00,-1.000000000000000000e+00,-1.000000000000000000e+00,-1.000000000000000000e+00,-1.000000000000000000e+00,-1.000000000000000000e+00,-1.000000000000000000e+00,-1.000000000000000000e+00,-1.000000000000000000e+00,-1.000000000000000000e+00,-1.000000000000000000e+00,-1.000000000000000000e+00,-1.000000000000000000e+00,-1.000000000000000000e+00,-1.000000000000000000e+00,-1.000000000000000000e+00,-1.000000000000000000e+00,-1.000000000000000000e+00,-1.000000000000000000e+00,-1.000000000000000000e+00,-1.000000000000000000e+00,-1.000000000000000000e+00,-1.000000000000000000e+00,-1.000000000000000000e+00,-1.000000000000000000e+00,-1.000000000000000000e+00,-1.000000000000000000e+00,-1.000000000000000000e+00,-1.000000000000000000e+00,-1.000000000000000000e+00,-1.000000000000000000e+00,-1.000000000000000000e+00,-1.000000000000000000e+00,-1.000000000000000000e+00,-1.000000000000000000e+00,-5.024609911196380452e-01,-5.024874913975185819e-01,-5.025667428652926816e-01,-5.026979590989002489e-01,-5.028796787681111269e-01,-5.031093852836070468e-01,-5.033825531865474545e-01,-5.036904959232506584e-01,-5.040157797923914273e-01,-5.043228585863301916e-01,-5.045396968925235370e-01,-5.045230079583262750e-01,-5.039946937039996300e-01,-5.024294571422380784e-01,-4.988628126504419669e-01,-4.915751879112368883e-01,-4.775946617007207351e-01,-4.519586769184540387e-01,-4.067123354348991526e-01,-3.297676787576611090e-01,-2.041647721777133384e-01,-9.290282783962489077e-03,2.722561669105258986e-01,6.351050818483372495e-01,1.011643834848473311e+00,1.236642881573877695e+00,1.236642883420775441e+00,1.011643839801423361e+00,6.351050885250977274e-01,2.722561737613373722e-01,-9.290277233830579462e-03,-2.041647692731496377e-01,-3.297676795579578268e-01,-4.067123405085926180e-01,-4.519586862847431163e-01,-4.775946747558501571e-01,-4.915752035264437936e-01,-4.988628295878783092e-01,-5.024294742198067709e-01,-5.039947099680093245e-01,-5.045230227311794380e-01,-5.045397097136614661e-01,-5.043228694499308773e-01,-5.040157890233984972e-01,-5.036905048125044360e-01,-5.033825636624680300e-01,-5.031093959420607220e-01,-5.028796851412558055e-01,-5.026979608488746365e-01,-5.025667428364171130e-01,-5.024874914434658280e-01,-5.024609889389708428e-01,-1.000000000000000000e+00,-1.000000000000000000e+00,-1.000000000000000000e+00,-1.000000000000000000e+00,-1.000000000000000000e+00,-1.000000000000000000e+00,-1.000000000000000000e+00,-1.000000000000000000e+00,-1.000000000000000000e+00,-1.000000000000000000e+00,-1.000000000000000000e+00,-1.000000000000000000e+00,-1.000000000000000000e+00,-1.000000000000000000e+00,-1.000000000000000000e+00,-1.000000000000000000e+00,-1.000000000000000000e+00,-1.000000000000000000e+00,-1.000000000000000000e+00,-1.000000000000000000e+00,-1.000000000000000000e+00,-1.000000000000000000e+00,-1.000000000000000000e+00,-1.000000000000000000e+00,-1.000000000000000000e+00,-1.000000000000000000e+00,-1.000000000000000000e+00,-1.000000000000000000e+00,-1.000000000000000000e+00,-1.000000000000000000e+00,-1.000000000000000000e+00,-1.000000000000000000e+00,-1.000000000000000000e+00,-1.000000000000000000e+00,-1.000000000000000000e+00,-1.000000000000000000e+00,-1.000000000000000000e+00,-1.000000000000000000e+00,-1.000000000000000000e+00,-1.000000000000000000e+00,-1.000000000000000000e+00,-1.000000000000000000e+00,-1.000000000000000000e+00,-1.000000000000000000e+00,-1.000000000000000000e+00,-1.000000000000000000e+00
-1.000000000000000000e+00,-1.000000000000000000e+00,-1.000000000000000000e+00,-1.000000000000000000e+00,-1.000000000000000000e+00,-1.000000000000000000e+00,-1.000000000000000000e+00,-1.000000000000000000e+00,-1.000000000000000000e+00,-1.000000000000000000e+00,-1.000000000000000000e+00,-1.000000000000000000e+00,-1.000000000000000000e+00,-1.000000000000000000e+00,-1.000000000000000000e+00,-1.000000000000000000e+00,-1.000000000000000000e+00,-1.000000000000000000e+00,-1.000000000000000000e+00,-1.000000000000000000e+00,-1.000000000000000000e+00,-1.000000000000000000e+00,-1.000000000000000000e+00,-1.000000000000000000e+00,-1.000000000000000000e+00,-1.000000000000000000e+00,-1.000000000000000000e+00,-1.000000000000000000e+00,-1.000000000000000000e+00,-1.000000000000000000e+00,-1.000000000000000000e+00,-1.000000000000000000e+00,-1.000000000000000000e+00,-1.000000000000000000e+00,-1.000000000000000000e+00,-1.000000000000000000e+00,-1.000000000000000000e+00,-1.000000000000000000e+00,-1.000000000000000000e+00,-1.000000000000000000e+00,-1.000000000000000000e+00,-1.000000000000000000e+00,-1.000000000000000000e+00,-1.000000000000000000e+00,-1.000000000000000000e+00,-1.000000000000000000e+00,-5.033475959545317124e-01,-5.033765563830874257e-01,-5.034630590318505128e-01,-5.036059421895764388e-01,-5.038031576503909648e-01,-5.040514396282231857e-01,-5.043454130996183338e-01,-5.046755071592343711e-01,-5.050234333286507393e-01,-5.053528736893291295e-01,-5.055911482764940956e-01,-5.055944879242089129e-01,-5.050845045886687146e-01,-5.035358384081654037e-01,-4.999842226053301530e-01,-4.927106801875806852e-01,-4.787444206199777952e-01,-4.531247959238058343e-01,-4.078999184032792158e-01,-3.309862688720945911e-01,-2.054298746912035512e-01,-1.062417966892059695e-02,2.708262499433704562e-01,6.335551953865508068e-01,1.009972757675693167e+00,1.234899348251772722e+00,1.234899350091636983e+00,1.009972762635960919e+00,6.335552021009167589e-01,2.708262569322723579e-01,-1.062417381097624514e-02,-2.054298712155864237e-01,-3.309862687650229063e-01,-4.078999221892871674e-01,-4.531248036219244213e-01,-4.787444316289706236e-01,-4.927106935424028222e-01,-4.999842373055720657e-01,-5.035358535930214430e-01,-5.050845196497402156e-01,-5.055945025327011066e-01,-5.055911623682343148e-01,-5.053528876777146905e-01,-5.050234473254953116e-01,-5.046755218644287666e-01,-5.043454297609040182e-01,-5.040514565277831593e-01,-5.038031695061180315e-01,-5.036059478278769319e-01,-5.034630608597421286e-01,-5.033765569397257167e-01,-5.033475938758957824e-01,-1.000000000000000000e+00,-1.000000000000000000e+00,-1.000000000000000000e+00,-1.000000000000000000e+00,-1.000000000000000000e+00,-1.000000000000000000e+00,-1.000000000000000000e+00,-1.000000000000000000e+00,-1.000000000000000000e+00,-1.000000000000000000e+00,-1.000000000000000000e+00,-1.000000000000000000e+00,-1.000000000000000000e+00,-1.000000000000000000e+00,-1.000000000000000000e+00,-1.000000000000000000e+00,-1.000000000000000000e+00,-1.000000000000000000e+00,-1.000000000000000000e+00,-1.000000000000000000e+00,-1.000000000000000000e+00,-1.000000000000000000e+00,-1.000000000000000000e+00,-1.000000000000000000e+00,-1.000000000000000000e+00,-1.000000000000000000e+00,-1.000000000000000000e+00,-1.000000000000000000e+00,-1.000000000000000000e+00,-1.000000000000000000e+00,-1.000000000000000000e+00,-1.000000000000000000e+00,-1.000000000000000000e+00,-1.000000000000000000e+00,-1.000000000000000000e+00,-1.000000000000000000e+00,-1.000000000000000000e+00,-1.000000000000000000e+00,-1.000000000000000000e+00,-1.000000000000000000e+00,-1.000000000000000000e+00,-1.000000000000000000e+00,-1.000000000000000000e+00,-1.000000000000000000e+00,-1.000000000000000000e+00,-1.000000000000000000e+00
-1.000000000000000000e+00,-1.000000000000000000e+00,-1.000000000000000000e+00,-1.000000000000000000e+00,-1.000000000000000000e+00,-1.000000000000000000e+00,-1.000000000000000000e+00,-1.000000000000000000e+00,-1.000000000000000000e+00,-1.000000000000000000e+00,-1.000000000000000000e+00,-1.000000000000000000e+00,-1.000000000000000000e+00,-1.000000000000000000e+00,-1.000000000000000000e+00,-1.000000000000000000e+00,-1.000000000000000000e+00,-1.000000000000000000e+00,-1.000000000000000000e+00,-1.000000000000000000e+00,-1.000000000000000000e+00,-1.000000000000000000e+00,-1.000000000000000000e+00,-1.000000000000000000e+00,-1.000000000000000000e+00,-1.000000000000000000e+00,-1.000000000000000000e+00,-1.000000000000000000e+00,-1.000000000000000000e+00,-1.000000000000000000e+00,-1.000000000000000000e+00,-1.000000000000000000e+00,-1.000000000000000000e+00,-1.000000000000000000e+00,-1.000000000000000000e+00,-1.000000000000000000e+00,-1.000000000000000000e+00,-1.000000000000000000e+00,-1.000000000000000000e+00,-1.000000000000000000e+00,-1.000000000000000000e+00,-1.000000000000000000e+00,-1.000000000000000000e+00,-1.000000000000000000e+00,-1.000000000000000000e+00,-1.000000000000000000e+00,-5.040877180386962308e-01,-5.041205765490834878e-01,-5.042185655575268655e-01,-5.043799199715559567e-01,-5.046016491234954771e-01,-5.048792881314794201e-01,-5.052061077949652201e-01,-5.055711346401592365e-01,-5.059547309980994001e-01,-5.063193668559948790e-01,-5.065913526129577349e-01,-5.066261585397375811e-01,-5.061449179768438000e-01,-5.046221049013173143e-01,-5.010936449009850691e-01,-4.938411962161017854e-01,-4.798951951752545853e-01,-4.542970470594038801e-01,-4.090980603690983486e-01,-3.322193760698270992e-01,-2.067132267752720409e-01,-1.198006728982559110e-02,2.693704389076012617e-01,6.319754200360936380e-01,1.008268224252076628e+00,1.233120306955412637e+00,1.233120308533012910e+00,1.008268228515358800e+00,6.319754258179939299e-01,2.693704449791010092e-01,-1.198006209011737155e-02,-2.067132234612873987e-01,-3.322193754529303433e-01,-4.090980628967537669e-01,-4.542970527576608575e-01,-4.798952035640384750e-01,-4.938412066477253504e-01,-5.010936567309549616e-01,-5.046221176849474688e-01,-5.061449314872312755e-01,-5.066261727796383951e-01,-5.065913678604827552e-01,-5.063193837898332106e-01,-5.059547494199740925e-01,-5.055711545779892901e-01,-5.052061298175498649e-01,-5.048793103406188365e-01,-5.046016656735217154e-01,-5.043799289711916600e-01,-5.042185690548972588e-01,-5.041205776895836266e-01,-5.040877162831387537e-01,-1.000000000000000000e+00,-1.000000000000000000e+00,-1.000000000000000000e+00,-1.000000000000000000e+00,-1.000000000000000000e+00,-1.000000000000000000e+00,-1.000000000000000000e+00,-1.000000000000000000e+00,-1.000000000000000000e+00,-1.000000000000000000e+00,-1.000000000000000000e+00,-1.000000000000000000e+00,-1.000000000000000000e+00,-1.000000000000000000e+00,-1.000000000000000000e+00,-1.000000000000000000e+00,-1.000000000000000000e+00,-1.000000000000000000e+00,-1.000000000000000000e+00,-1.000000000000000000e+00,-1.000000000000000000e+00,-1.000000000000000000e+00,-1.000000000000000000e+00,-1.000000000000000000e+00,-1.000000000000000000e+00,-1.000000000000000000e+00,-1.000000000000000000e+00,-1.000000000000000000e+00,-1.000000000000000000e+00,-1.000000000000000000e+00,-1.000000000000000000e+00,-1.000000000000000000e+00,-1.000000000000000000e+00,-1.000000000000000000e+00,-1.000000000000000000e+00,-1.000000000000000000e+00,-1.000000000000000000e+00,-1.000000000000000000e+00,-1.000000000000000000e+00,-1.000000000000000000e+00,-1.000000000000000000e+00,-1.000000000000000000e+00,-1.000000000000000000e+00,-1.000000000000000000e+00,-1.000000000000000000e+00,-1.000000000000000000e+00
-1.000000000000000000e+00,-1.000000000000000000e+00,-1.000000000000000000e+00,-1.000000000000000000e+00,-1.000000000000000000e+00,-1.000000000000000000e+00,-1.000000000000000000e+00,-1.000000000000000000e+00,-1.000000000000000000e+00,-1.000000000000000000e+00,-1.000000000000000000e+00,-1.000000000000000000e+00,-1.000000000000000000e+00,-1.000000000000000000e+00,-1.000000000000000000e+00,-1.000000000000000000e+00,-1.000000000000000000e+00,-1.000000000000000000e+00,-1.000000000000000000e+00,-1.000000000000000000e+00,-1.000000000000000000e+00,-1.000000000000000000e+00,-1.000000000000000000e+00,-1.000000000000000000e+00,-1.000000000000000000e+00,-1.000000000000000000e+00,-1.000000000000000000e+00,-1.000000000000000000e+00,-1.000000000000000000e+00,-1.000000000000000000e+00,-1.000000000000000000e+00,-1.000000000000000000e+00,-1.000000000000000000e+00,-1.000000000000000000e+00,-1.000000000000000000e+00,-1.000000000000000000e+00,-1.000000000000000000e+00,-1.000000000000000000e+00,-1.000000000000000000e+00,-1.000000000000000000e+00,-1.000000000000000000e+00,-1.000000000000000000e+00,-1.000000000000000000e+00,-1.000000000000000000e+00,-1.000000000000000000e+00,-1.000000000000000000e+00,-5.045961879243536785e-01,-5.046351654621492600e-01,-5.047511776050601640e-01,-5.049414906639633216e-01,-5.052016037421909189e-01,-5.055251377765959120e-01,-5.059032120762507745e-01,-5.063226380529783910e-01,-5.067616609726828258e-01,-5.071808630309551091e-01,-5.075049934390580830e-01,-5.075883502331510755e-01,-5.071513174067323604e-01,-5.056680632217123161e-01,-5.021746804746971549e-01,-4.949535321577007707e-01,-4.810364263906237170e-01,-4.554670254733883539e-01,-4.103000833058372265e-01,-3.334616835180908012e-01,-2.080105628464377077e-01,-1.335446834090525670e-02,2.678916480227364616e-01,6.303683004137097257e-01,1.006532569212111206e+00,1.231307997457751213e+00,1.231307998628031974e+00,1.006532572376354295e+00,6.303683047290125074e-01,2.678916526183439117e-01,-1.335446427074860054e-02,-2.080105600090611517e-01,-3.334616825127261208e-01,-4.103000845015483122e-01,-4.554670289430067243e-01,-4.810364318898878722e-01,-4.949535394435864433e-01,-5.021746893145548896e-01,-5.056680735950669359e-01,-5.071513294157536933e-01,-5.075883641271001778e-01,-5.075050097257705062e-01,-5.071808824644810088e-01,-5.067616829960170932e-01,-5.063226620287579749e-01,-5.059032379812906655e-01,-5.055251637312476731e-01,-5.052016237006515809e-01,-5.049415021908671974e-01,-5.047511825040196243e-01,-5.046351673288747008e-01,-5.045961868340551604e-01,-1.000000000000000000e+00,-1.000000000000000000e+00,-1.000000000000000000e+00,-1.000000000000000000e+00,-1.000000000000000000e+00,-1.000000000000000000e+00,-1.000000000000000000e+00,-1.000000000000000000e+00,-1.000000000000000000e+00,-1.000000000000000000e+00,-1.000000000000000000e+00,-1.000000000000000000e+00,-1.000000000000000000e+00,-1.000000000000000000e+00,-1.000000000000000000e+00,-1.000000000000000000e+00,-1.000000000000000000e+00,-1.000000000000000000e+00,-1.000000000000000000e+00,-1.000000000000000000e+00,-1.000000000000000000e+00,-1.000000000000000000e+00,-1.000000000000000000e+00,-1.000000000000000000e+00,-1.000000000000000000e+00,-1.000000000000000000e+00,-1.000000000000000000e+00,-1.000000000000000000e+00,-1.000000000000000000e+00,-1.000000000000000000e+00,-1.000000000000000000e+00,-1.000000000000000000e+00,-1.000000000000000000e+00,-1.000000000000000000e+00,-1.000000000000000000e+00,-1.000000000000000000e+00,-1.000000000000000000e+00,-1.000000000000000000e+00,-1.000000000000000000e+00,-1.000000000000000000e+00,-1.000000000000000000e+00,-1.000000000000000000e+00,-1.000000000000000000e+00,-1.000000000000000000e+00,-1.000000000000000000e+00,-1.000000000000000000e+00
-1.000000000000000000e+00,-1.000000000000000000e+00,-1.000000000000000000e+00,-1.000000000000000000e+00,-1.000000000000000000e+00,-1.000000000000000000e+00,-1.000000000000000000e+00,-1.000000000000000000e+00,-1.000000000000000000e+00,-1.000000000000000000e+00,-1.000000000000000000e+00,-1.000000000000000000e+00,-1.000000000000000000e+00,-1.000000000000000000e+00,-1.000000000000000000e+00,-1.000000000000000000e+00,-1.000000000000000000e+00,-1.000000000000000000e+00,-1.000000000000000000e+00,-1.000000000000000000e+00,-1.000000000000000000e+00,-1.000000000000000000e+00,-1.000000000000000000e+00,-1.000000000000000000e+00,-1.000000000000000000e+00,-1.000000000000000000e+00,-1.000000000000000000e+00,-1.000000000000000000e+00,-1.000000000000000000e+00,-1.000000000000000000e+00,-1.000000000000000000e+00,-1.000000000000000000e+00,-1.000000000000000000e+00,-1.000000000000000000e+00,-1.000000000000000000e+00,-1.000000000000000000e+00,-1.000000000000000000e+00,-1.000000000000000000e+00,-1.000000000000000000e+00,-1.000000000000000000e+00,-1.000000000000000000e+00,-1.000000000000000000e+00,-1.000000000000000000e+00,-1.000000000000000000e+00,-1.000000000000000000e+00,-1.000000000000000000e+00,-5.047477653212943949e-01,-5.047962876681779676e-01,-5.049403980060391817e-01,-5.051758088877802422e-01,-5.054956023263574849e-01,-5.058903482913486016e-01,-5.063477551787185504e-01,-5.068511463515070758e-01,-5.073754596054689259e-01,-5.078783558151123145e-01,-5.082821939984922821e-01,-5.084394960223956872e-01,-5.080695145956042325e-01,-5.066459320312359793e-01,-5.032049988783411365e-01,-4.960299091489348555e-01,-4.821540708604299397e-01,-4.566237039821121613e-01,-4.114973572674536229e-01,-3.347064352172042234e-01,-2.093165631460589537e-01,-1.474313376044023016e-02,2.663933630115193907e-01,6.287368184080284195e-01,1.004768483441151439e+00,1.229464977746737020e+00,1.229464978477390780e+00,1.004768485422416369e+00,6.287368211653268091e-01,2.663933660666062408e-01,-1.474313082438971634e-02,-2.093165607311462395e-01,-3.347064337237357634e-01,-4.114973570156497118e-01,-4.566237051516379708e-01,-4.821540735250451348e-01,-4.960299134917018904e-01,-5.032050050672127739e-01,-5.066459403880401169e-01,-5.080695254340810152e-01,-5.084395097150995468e-01,-5.082822111369891260e-01,-5.078783770399830644e-01,-5.073754840144806266e-01,-5.068511727317792648e-01,-5.063477830702822757e-01,-5.058903760738600042e-01,-5.054956241768575609e-01,-5.051758220051540960e-01,-5.049404040624896339e-01,-5.047962905024325764e-01,-5.047477653534446773e-01,-1.000000000000000000e+00,-1.000000000000000000e+00,-1.000000000000000000e+00,-1.000000000000000000e+00,-1.000000000000000000e+00,-1.000000000000000000e+00,-1.000000000000000000e+00,-1.000000000000000000e+00,-1.000000000000000000e+00,-1.000000000000000000e+00,-1.000000000000000000e+00,-1.000000000000000000e+00,-1.000000000000000000e+00,-1.000000000000000000e+00,-1.000000000000000000e+00,-1.000000000000000000e+00,-1.000000000000000000e+00,-1.000000000000000000e+00,-1.000000000000000000e+00,-1.000000000000000000e+00,-1.000000000000000000e+00,-1.000000000000000000e+00,-1.000000000000000000e+00,-1.000000000000000000e+00,-1.000000000000000000e+00,-1.000000000000000000e+00,-1.000000000000000000e+00,-1.000000000000000000e+00,-1.000000000000000000e+00,-1.000000000000000000e+00,-1.000000000000000000e+00,-1.000000000000000000e+00,-1.000000000000000000e+00,-1.000000000000000000e+00,-1.000000000000000000e+00,-1.000000000000000000e+00,-1.000000000000000000e+00,-1.000000000000000000e+00,-1.000000000000000000e+00,-1.000000000000000000e+00,-1.000000000000000000e+00,-1.000000000000000000e+00,-1.000000000000000000e+00,-1.000000000000000000e+00,-1.000000000000000000e+00,-1.000000000000000000e+00
-1.000000000000000000e+00,-1.000000000000000000e+00,-1.000000000000000000e+00,-1.000000000000000000e+00,-1.000000000000000000e+00,-1.000000000000000000e+00,-1.000000000000000000e+00,-1.000000000000000000e+00,-1.000000000000000000e+00,-1.000000000000000000e+00,-1.000000000000000000e+00,-1.000000000000000000e+00,-1.000000000000000000e+00,-1.000000000000000000e+00,-1.000000000000000000e+00,-1.000000000000000000e+00,-1.000000000000000000e+00,-1.000000000000000000e+00,-1.000000000000000000e+00,-1.000000000000000000e+00,-1.000000000000000000e+00,-1.000000000000000000e+00,-1.000000000000000000e+00,-1.000000000000000000e+00,-1.000000000000000000e+00,-1.000000000000000000e+00,-1.000000000000000000e+00,-1.000000000000000000e+00,-1.000000000000000000e+00,-1.000000000000000000e+00,-1.000000000000000000e+00,-1.000000000000000000e+00,-1.000000000000000000e+00,-1.000000000000000000e+00,-1.000000000000000000e+00,-1.000000000000000000e+00,-1.000000000000000000e+00,-1.000000000000000000e+00,-1.000000000000000000e+00,-1.000000000000000000e+00,-1.000000000000000000e+00,-1.000000000000000000e+00,-1.000000000000000000e+00,-1.000000000000000000e+00,-1.000000000000000000e+00,-1.000000000000000000e+00,-5.043586116027345412e-01,-5.044219565839682673e-01,-5.046096739462466729e-01,-5.049149848017817632e-01,-5.053271057003057010e-01,-5.058317489584727156e-01,-5.064112240595610714e-01,-5.070433745941809178e-01,-5.076979892817305995e-01,-5.083282320294726375e-01,-5.088528322623053768e-01,-5.091216578834947271e-01,-5.088523016496129259e-01,-5.075177409445785770e-01,-5.041544197355856127e-01,-4.970465932727741176e-01,-4.832296372478195323e-01,-4.577527858841605735e-01,-4.126788893067843134e-01,-3.359451982939640757e-01,-2.106247412795916318e-01,-1.614101913073628936e-02,2.648796030862339279e-01,6.270843140427251328e-01,1.002978909681733199e+00,1.227594007599728698e+00,1.227594007955868705e+00,1.002978910668795187e+00,6.270843155191716534e-01,2.648796049346930914e-01,-1.614101698160830267e-02,-2.106247389803046488e-01,-3.359451960952020144e-01,-4.126788875301494741e-01,-4.577527848737306115e-01,-4.832296374325055766e-01,-4.970465952214819794e-01,-5.041544239396307248e-01,-5.075177479234262989e-01,-5.088523117813545937e-01,-5.091216715278523708e-01,-5.088528499457689591e-01,-5.083282541281972655e-01,-5.076980146226084400e-01,-5.070434015438376463e-01,-5.064112519169832183e-01,-5.058317766088720191e-01,-5.053271279670896732e-01,-5.049149986630672160e-01,-5.046096810245206399e-01,-5.044219607320181709e-01,-5.043586132980033554e-01,-1.000000000000000000e+00,-1.000000000000000000e+00,-1.000000000000000000e+00,-1.000000000000000000e+00,-1.000000000000000000e+00,-1.000000000000000000e+00,-1.000000000000000000e+00,-1.000000000000000000e+00,-1.000000000000000000e+00,-1.000000000000000000e+00,-1.000000000000000000e+00,-1.000000000000000000e+00,-1.000000000000000000e+00,-1.000000000000000000e+00,-1.000000000000000000e+00,-1.000000000000000000e+00,-1.000000000000000000e+00,-1.000000000000000000e+00,-1.000000000000000000e+00,-1.000000000000000000e+00,-1.000000000000000000e+00,-1.000000000000000000e+00,-1.000000000000000000e+00,-1.000000000000000000e+00,-1.000000000000000000e+00,-1.000000000000000000e+00,-1.000000000000000000e+00,-1.000000000000000000e+00,-1.000000000000000000e+00,-1.000000000000000000e+00,-1.000000000000000000e+00,-1.000000000000000000e+00,-1.000000000000000000e+00,-1.000000000000000000e+00,-1.000000000000000000e+00,-1.000000000000000000e+00,-1.000000000000000000e+00,-1.000000000000000000e+00,-1.000000000000000000e+00,-1.000000000000000000e+00,-1.000000000000000000e+00,-1.000000000000000000e+00,-1.000000000000000000e+00,-1.000000000000000000e+00,-1.000000000000000000e+00,-1.000000000000000000e+00
-1.000000000000000000e+00,-1.000000000000000000e+00,-1.000000000000000000e+00,-1.000000000000000000e+00,-1.000000000000000000e+00,-1.000000000000000000e+00,-1.000000000000000000e+00,-1.000000000000000000e+00,-1.000000000000000000e+00,-1.000000000000000000e+00,-1.000000000000000000e+00,-1.000000000000000000e+00,-1.000000000000000000e+00,-1.000000000000000000e+00,-1.000000000000000000e+00,-1.000000000000000000e+00,-1.000000000000000000e+00,-1.000000000000000000e+00,-1.000000000000000000e+00,-1.000000000000000000e+00,-1.000000000000000000e+00,-1.000000000000000000e+00,-1.000000000000000000e+00,-1.000000000000000000e+00,-1.000000000000000000e+00,-1.000000000000000000e+00,-1.000000000000000000e+00,-1.000000000000000000e+00,-1.000000000000000000e+00,-1.000000000000000000e+00,-1.000000000000000000e+00,-1.000000000000000000e+00,-1.000000000000000000e+00,-1.000000000000000000e+00,-1.000000000000000000e+00,-1.000000000000000000e+00,-1.000000000000000000e+00,-1.000000000000000000e+00,-1.000000000000000000e+00,-1.000000000000000000e+00,-1.000000000000000000e+00,-1.000000000000000000e+00,-1.000000000000000000e+00,-1.000000000000000000e+00,-1.000000000000000000e+00,-1.000000000000000000e+00,-5.031595833014259611e-01,-5.032458698550792420e-01,-5.035010304130427272e-01,-5.039142932866944591e-01,-5.044686984573596433e-01,-5.051422324041743295e-01,-5.059086721168100098e-01,-5.067372709774931039e-01,-5.075898271284620122e-01,-5.084126144797540547e-01,-5.091188906936459091e-01,-5.095546067878675700e-01,-5.094349799535615730e-01,-5.082320408975338211e-01,-5.049825635273315072e-01,-4.979722784552720327e-01,-4.842391276243418474e-01,-4.588360643636484326e-01,-4.138309904618253654e-01,-3.371677526444223361e-01,-2.119274925821326150e-01,-1.754244444384500667e-02,2.633546844112455432e-01,6.254141975913274365e-01,1.001166722759750272e+00,1.225697713489356744e+00,1.225697713602017735e+00,1.001166723118037893e+00,6.254141982970669034e-01,2.633546856233772715e-01,-1.754244255077441750e-02,-2.119274899910319476e-01,-3.371677495270120062e-01,-4.138309871946193041e-01,-4.588360614930602210e-01,-4.842391259196237030e-01,-4.979722787764817582e-01,-5.049825665654044116e-01,-5.082320472038137638e-01,-5.094349898224068696e-01,-5.095546204432768178e-01,-5.091189084772373974e-01,-5.084126364189707203e-01,-5.075898519036767809e-01,-5.067372967272492090e-01,-5.059086980915248333e-01,-5.051422582073445966e-01,-5.044687199383561804e-01,-5.039143072919136657e-01,-5.035010385365445984e-01,-5.032458757391227167e-01,-5.031595872217016208e-01,-1.000000000000000000e+00,-1.000000000000000000e+00,-1.000000000000000000e+00,-1.000000000000000000e+00,-1.000000000000000000e+00,-1.000000000000000000e+00,-1.000000000000000000e+00,-1.000000000000000000e+00,-1.000000000000000000e+00,-1.000000000000000000e+00,-1.000000000000000000e+00,-1.000000000000000000e+00,-1.000000000000000000e+00,-1.000000000000000000e+00,-1.000000000000000000e+00,-1.000000000000000000e+00,-1.000000000000000000e+00,-1.000000000000000000e+00,-1.000000000000000000e+00,-1.000000000000000000e+00,-1.000000000000000000e+00,-1.000000000000000000e+00,-1.000000000000000000e+00,-1.000000000000000000e+00,-1.000000000000000000e+00,-1.000000000000000000e+00,-1.000000000000000000e+00,-1.000000000000000000e+00,-1.000000000000000000e+00,-1.000000000000000000e+00,-1.000000000000000000e+00,-1.000000000000000000e+00,-1.000000000000000000e+00,-1.000000000000000000e+00,-1.000000000000000000e+00,-1.000000000000000000e+00,-1.000000000000000000e+00,-1.000000000000000000e+00,-1.000000000000000000e+00,-1.000000000000000000e+00,-1.000000000000000000e+00,-1.000000000000000000e+00,-1.000000000000000000e+00,-1.000000000000000000e+00,-1.000000000000000000e+00,-1.000000000000000000e+00
-1.000000000000000000e+00,-1.000000000000000000e+00,-1.000000000000000000e+00,-1.000000000000000000e+00,-1.000000000000000000e+00,-1.000000000000000000e+00,-1.000000000000000000e+00,-1.000000000000000000e+00,-1.000000000000000000e+00,-1.000000000000000000e+00,-1.000000000000000000e+00,-1.000000000000000000e+00,-1.000000000000000000e+00,-1.000000000000000000e+00,-1.000000000000000000e+00,-1.000000000000000000e+00,-1.000000000000000000e+00,-1.000000000000000000e+00,-1.000000000000000000e+00,-1.000000000000000000e+00,-1.000000000000000000e+00,-1.000000000000000000e+00,-1.000000000000000000e+00,-1.000000000000000000e+00,-1.000000000000000000e+00,-1.000000000000000000e+00,-1.000000000000000000e+00,-1.000000000000000000e+00,-1.000000000000000000e+00,-1.000000000000000000e+00,-1.000000000000000000e+00,-1.000000000000000000e+00,-1.000000000000000000e+00,-1.000000000000000000e+00,-1.000000000000000000e+00,-1.000000000000000000e+00,-1.000000000000000000e+00,-1.000000000000000000e+00,-1.000000000000000000e+00,-1.000000000000000000e+00,-1.000000000000000000e+00,-1.000000000000000000e+00,-1.000000000000000000e+00,-1.000000000000000000e+00,-1.000000000000000000e+00,-1.000000000000000000e+00,-5.007581655329476078e-01,-5.008798555724132129e-01,-5.012390118493783575e-01,-5.018184711591731073e-01,-5.025914173473884361e-01,-5.035235684302978854e-01,-5.045752422953109217e-01,-5.057022588686290732e-01,-5.068540569285042707e-01,-5.079664025431389618e-01,-5.089443615437776458e-01,-5.096281716010864216e-01,-5.097297317802720329e-01,-5.087199048854689210e-01,-5.056361320557973826e-01,-4.987663494225476057e-01,-4.851520390168584385e-01,-4.598509686671992114e-01,-4.149372165343532259e-01,-3.383623130922490674e-01,-2.132165141243973494e-01,-1.894165156152727292e-02,2.618225681999346577e-01,6.237292339437043864e-01,9.993339735161335113e-01,1.223777812795015407e+00,1.223777812819496269e+00,9.993339736688424679e-01,6.237292344585254611e-01,2.618225693952993538e-01,-1.894164938946563126e-02,-2.132165108844450430e-01,-3.383623089526990313e-01,-4.149372119682732674e-01,-4.598509644303385713e-01,-4.851520361497696499e-01,-4.987663489459563948e-01,-5.056361347202420475e-01,-5.087199111223990045e-01,-5.097297416808661552e-01,-5.096281851694746123e-01,-5.089443788651522027e-01,-5.079664232920917399e-01,-5.068540797931762043e-01,-5.057022819597456476e-01,-5.045752649664052569e-01,-5.035235911482001114e-01,-5.025914372795856622e-01,-5.018184850406637310e-01,-5.012390211986987865e-01,-5.008798636352116418e-01,-5.007581721845797418e-01,-1.000000000000000000e+00,-1.000000000000000000e+00,-1.000000000000000000e+00,-1.000000000000000000e+00,-1.000000000000000000e+00,-1.000000000000000000e+00,-1.000000000000000000e+00,-1.000000000000000000e+00,-1.000000000000000000e+00,-1.000000000000000000e+00,-1.000000000000000000e+00,-1.000000000000000000e+00,-1.000000000000000000e+00,-1.000000000000000000e+00,-1.000000000000000000e+00,-1.000000000000000000e+00,-1.000000000000000000e+00,-1.000000000000000000e+00,-1.000000000000000000e+00,-1.000000000000000000e+00,-1.000000000000000000e+00,-1.000000000000000000e+00,-1.000000000000000000e+00,-1.000000000000000000e+00,-1.000000000000000000e+00,-1.000000000000000000e+00,-1.000000000000000000e+00,-1.000000000000000000e+00,-1.000000000000000000e+00,-1.000000000000000000e+00,-1.000000000000000000e+00,-1.000000000000000000e+00,-1.000000000000000000e+00,-1.000000000000000000e+00,-1.000000000000000000e+00,-1.000000000000000000e+00,-1.000000000000000000e+00,-1.000000000000000000e+00,-1.000000000000000000e+00,-1.000000000000000000e+00,-1.000000000000000000e+00,-1.000000000000000000e+00,-1.000000000000000000e+00,-1.000000000000000000e+00,-1.000000000000000000e+00,-1.000000000000000000e+00
-1.000000000000000000e+00,-1.000000000000000000e+00,-1.000000000000000000e+00,-1.000000000000000000e+00,-1.000000000000000000e+00,-1.000000000000000000e+00,-1.000000000000000000e+00,-1.000000000000000000e+00,-1.000000000000000000e+00,-1.000000000000000000e+00,-1.000000000000000000e+00,-1.000000000000000000e+00,-1.000000000000000000e+00,-1.000000000000000000e+00,-1.000000000000000000e+00,-1.000000000000000000e+00,-1.000000000000000000e+00,-1.000000000000000000e+00,-1.000000000000000000e+00,-1.000000000000000000e+00,-1.000000000000000000e+00,-1.000000000000000000e+00,-1.000000000000000000e+00,-1.000000000000000000e+00,-1.000000000000000000e+00,-1.000000000000000000e+00,-1.000000000000000000e+00,-1.000000000000000000e+00,-1.000000000000000000e+00,-1.000000000000000000e+00,-1.000000000000000000e+00,-1.000000000000000000e+00,-1.000000000000000000e+00,-1.000000000000000000e+00,-1.000000000000000000e+00,-1.000000000000000000e+00,-1.000000000000000000e+00,-1.000000000000000000e+00,-1.000000000000000000e+00,-1.000000000000000000e+00,-1.000000000000000000e+00,-1.000000000000000000e+00,-1.000000000000000000e+00,-1.000000000000000000e+00,-1.000000000000000000e+00,-1.000000000000000000e+00,-4.965850502714443948e-01,-4.967612075268066363e-01,-4.972802225435444257e-01,-4.981147234362008902e-01,-4.992222028808983580e-01,-5.005489448931754737e-01,-5.020340946687547046e-01,-5.036125300859337628e-01,-5.052146456399837504e-01,-5.067602608236425610e-01,-5.081422636680210658e-01,-5.091926557033685796e-01,-5.096188187411190285e-01,-5.088903390747754329e-01,-5.060460344516890530e-01,-4.993773055678003558e-01,-4.859307483099266634e-01,-4.607706465741738810e-01,-4.159789478864324153e-01,-3.395164582933709596e-01,-2.144839757454288787e-01,-2.033414205515793327e-02,2.602854079850747127e-01,6.220300108226570757e-01,9.974803050624094780e-01,1.221833504108585267e+00,1.221833504184593799e+00,9.974803053820533449e-01,6.220300116458652440e-01,2.602854096652569282e-01,-2.033413921796878299e-02,-2.144839716711777200e-01,-3.395164532096863752e-01,-4.159789423814359566e-01,-4.607706415818881851e-01,-4.859307450281882268e-01,-4.993773050386289825e-01,-5.060460373553841151e-01,-5.088903456141817827e-01,-5.096188287411305140e-01,-5.091926689186285770e-01,-5.081422799104018395e-01,-5.067602794845855740e-01,-5.052146655703868561e-01,-5.036125495539831576e-01,-5.020341132218826274e-01,-5.005489639114157896e-01,-4.992222210166330498e-01,-4.981147372680272412e-01,-4.972802334145738357e-01,-4.967612181686895667e-01,-4.965850600345280697e-01,-1.000000000000000000e+00,-1.000000000000000000e+00,-1.000000000000000000e+00,-1.000000000000000000e+00,-1.000000000000000000e+00,-1.000000000000000000e+00,-1.000000000000000000e+00,-1.000000000000000000e+00,-1.000000000000000000e+00,-1.000000000000000000e+00,-1.000000000000000000e+00,-1.000000000000000000e+00,-1.000000000000000000e+00,-1.000000000000000000e+00,-1.000000000000000000e+00,-1.000000000000000000e+00,-1.000000000000000000e+00,-1.000000000000000000e+00,-1.000000000000000000e+00,-1.000000000000000000e+00,-1.000000000000000000e+00,-1.000000000000000000e+00,-1.000000000000000000e+00,-1.000000000000000000e+00,-1.000000000000000000e+00,-1.000000000000000000e+00,-1.000000000000000000e+00,-1.000000000000000000e+00,-1.000000000000000000e+00,-1.000000000000000000e+00,-1.000000000000000000e+00,-1.000000000000000000e+00,-1.000000000000000000e+00,-1.000000000000000000e+00,-1.000000000000000000e+00,-1.000000000000000000e+00,-1.000000000000000000e+00,-1.000000000000000000e+00,-1.000000000000000000e+00,-1.000000000000000000e+00,-1.000000000000000000e+00,-1.000000000000000000e+00,-1.000000000000000000e+00,-1.000000000000000000e+00,-1.000000000000000000e+00,-1.000000000000000000e+00
-1.000000000000000000e+00,-1.000000000000000000e+00,-1.000000000000000000e+00,-1.000000000000000000e+00,-1.000000000000000000e+00,-1.000000000000000000e+00,-1.000000000000000000e+00,-1.000000000000000000e+00,-1.000000000000000000e+00,-1.000000000000000000e+00,-1.000000000000000000e+00,-1.000000000000000000e+00,-1.000000000000000000e+00,-1.000000000000000000e+00,-1.000000000000000000e+00,-1.000000000000000000e+00,-1.000000000000000000e+00,-1.000000000000000000e+00,-1.000000000000000000e+00,-1.000000000000000000e+00,-1.000000000000000000e+00,-1.000000000000000000e+00,-1.000000000000000000e+00,-1.000000000000000000e+00,-1.000000000000000000e+00,-1.000000000000000000e+00,-1.000000000000000000e+00,-1.000000000000000000e+00,-1.000000000000000000e+00,-1.000000000000000000e+00,-1.000000000000000000e+00,-1.000000000000000000e+00,-1.000000000000000000e+00,-1.000000000000000000e+00,-1.000000000000000000e+00,-1.000000000000000000e+00,-1.000000000000000000e+00,-1.000000000000000000e+00,-1.000000000000000000e+00,-1.000000000000000000e+00,-1.000000000000000000e+00,-1.000000000000000000e+00,-1.000000000000000000e+00,-1.000000000000000000e+00,-1.000000000000000000e+00,-1.000000000000000000e+00,-4.898207406350323367e-01,-4.900803822351083028e-01,-4.908442036305888934e-01,-4.920685881964921293e-01,-4.936861420254992083e-01,-4.956124821770178102e-01,-4.977535781549633498e-01,-5.000117970088568953e-01,-5.022883252786956021e-01,-5.044789169710801602e-01,-5.064584922216566198e-01,-5.080473245044876407e-01,-5.089468213342183134e-01,-5.086254700048389310e-01,-5.061248284848476331e-01,-4.997418837510547718e-01,-4.865308611110563675e-01,-4.615651888939389380e-01,-4.169372279270291415e-01,-3.406193933925312223e-01,-2.157250731135738064e-01,-2.171942933540726983e-02,2.587406588589757916e-01,6.203119493214916957e-01,9.955998950378939227e-01,1.219858374281833413e+00,1.219858374504942056e+00,9.955998957721927667e-01,6.203119507668262145e-01,2.587406612955094332e-01,-2.171942569243512366e-02,-2.157250682584086476e-01,-3.406193876456127256e-01,-4.169372219803220148e-01,-4.615651837916399103e-01,-4.865308580706901864e-01,-4.997418837122191704e-01,-5.061248319580355925e-01,-5.086254769190343694e-01,-5.089468312564120467e-01,-5.080473369678513151e-01,-5.064585068021125736e-01,-5.044789328966938768e-01,-5.022883416891525954e-01,-5.000118124778083484e-01,-4.977535924493405872e-01,-4.956124975369906593e-01,-4.936861586174288163e-01,-4.920686023455420610e-01,-4.908442163667059432e-01,-4.900803957492021468e-01,-4.898207537052252647e-01,-1.000000000000000000e+00,-1.000000000000000000e+00,-1.000000000000000000e+00,-1.000000000000000000e+00,-1.000000000000000000e+00,-1.000000000000000000e+00,-1.000000000000000000e+00,-1.000000000000000000e+00,-1.000000000000000000e+00,-1.000000000000000000e+00,-1.000000000000000000e+00,-1.000000000000000000e+00,-1.000000000000000000e+00,-1.000000000000000000e+00,-1.000000000000000000e+00,-1.000000000000000000e+00,-1.000000000000000000e+00,-1.000000000000000000e+00,-1.000000000000000000e+00,-1.000000000000000000e+00,-1.000000000000000000e+00,-1.000000000000000000e+00,-1.000000000000000000e+00,-1.000000000000000000e+00,-1.000000000000000000e+00,-1.000000000000000000e+00,-1.000000000000000000e+00,-1.000000000000000000e+00,-1.000000000000000000e+00,-1.000000000000000000e+00,-1.000000000000000000e+00,-1.000000000000000000e+00,-1.000000000000000000e+00,-1.000000000000000000e+00,-1.000000000000000000e+00,-1.000000000000000000e+00,-1.000000000000000000e+00,-1.000000000000000000e+00,-1.000000000000000000e+00,-1.000000000000000000e+00,-1.000000000000000000e+00,-1.000000000000000000e+00,-1.000000000000000000e+00,-1.000000000000000000e+00,-1.000000000000000000e+00,-1.000000000000000000e+00
-1.000000000000000000e+00,-1.000000000000000000e+00,-1.000000000000000000e+00,-1.000000000000000000e+00,-1.000000000000000000e+00,-1.000000000000000000e+00,-1.000000000000000000e+00,-1.000000000000000000e+00,-1.000000000000000000e+00,-1.000000000000000000e+00,-1.000000000000000000e+00,-1.000000000000000000e+00,-1.000000000000000000e+00,-1.000000000000000000e+00,-1.000000000000000000e+00,-1.000000000000000000e+00,-1.000000000000000000e+00,-1.000000000000000000e+00,-1.000000000000000000e+00,-1.000000000000000000e+00,-1.000000000000000000e+00,-1.000000000000000000e+00,-1.000000000000000000e+00,-1.000000000000000000e+00,-1.000000000000000000e+00,-1.000000000000000000e+00,-1.000000000000000000e+00,-1.000000000000000000e+00,-1.000000000000000000e+00,-1.000000000000000000e+00,-1.000000000000000000e+00,-1.000000000000000000e+00,-1.000000000000000000e+00,-1.000000000000000000e+00,-1.000000000000000000e+00,-1.000000000000000000e+00,-1.000000000000000000e+00,-1.000000000000000000e+00,-1.000000000000000000e+00,-1.000000000000000000e+00,-1.000000000000000000e+00,-1.000000000000000000e+00,-1.000000000000000000e+00,-1.000000000000000000e+00,-1.000000000000000000e+00,-1.000000000000000000e+00,-4.792975859561980911e-01,-4.796845633031896483e-01,-4.808214438692584025e-01,-4.826389091228682204e-01,-4.850303183420008324e-01,-4.878631681644067797e-01,-4.909917358451290070e-01,-4.942682037150412100e-01,-4.975492270323114141e-01,-5.006944791929353045e-01,-5.035525857857514609e-01,-5.059273359492157951e-01,-5.075125025190052597e-01,-5.077762380843227064e-01,-5.057653051115567067e-01,-4.997857692127585238e-01,-4.869034496247257593e-01,-4.622049403244696819e-01,-4.177968139413810178e-01,-3.416665041639275202e-01,-2.169429227034607166e-01,-2.310616747199034648e-02,2.571757819569615577e-01,6.185598834292109771e-01,9.936759429144483846e-01,1.217834836390751185e+00,1.217834836797229592e+00,9.936759441482596600e-01,6.185598855719156575e-01,2.571757851431097919e-01,-2.310616315989921787e-02,-2.169429173644692455e-01,-3.416664982076671464e-01,-4.177968081225076347e-01,-4.622049357022346427e-01,-4.869034473023701182e-01,-4.997857699349488314e-01,-5.057653091652944966e-01,-5.077762451497340734e-01,-5.075125119813641561e-01,-5.059273471995711091e-01,-5.035525982460962169e-01,-5.006944920680567179e-01,-4.975492398249938830e-01,-4.942682153934718770e-01,-4.909917463635196100e-01,-4.878631804808160055e-01,-4.850303340423876008e-01,-4.826389241556068299e-01,-4.808214587901531445e-01,-4.796845798306623720e-01,-4.792976023196704460e-01,-1.000000000000000000e+00,-1.000000000000000000e+00,-1.000000000000000000e+00,-1.000000000000000000e+00,-1.000000000000000000e+00,-1.000000000000000000e+00,-1.000000000000000000e+00,-1.000000000000000000e+00,-1.000000000000000000e+00,-1.000000000000000000e+00,-1.000000000000000000e+00,-1.000000000000000000e+00,-1.000000000000000000e+00,-1.000000000000000000e+00,-1.000000000000000000e+00,-1.000000000000000000e+00,-1.000000000000000000e+00,-1.000000000000000000e+00,-1.000000000000000000e+00,-1.000000000000000000e+00,-1.000000000000000000e+00,-1.000000000000000000e+00,-1.000000000000000000e+00,-1.000000000000000000e+00,-1.000000000000000000e+00,-1.000000000000000000e+00,-1.000000000000000000e+00,-1.000000000000000000e+00,-1.000000000000000000e+00,-1.000000000000000000e+00,-1.000000000000000000e+00,-1.000000000000000000e+00,-1.000000000000000000e+00,-1.000000000000000000e+00,-1.000000000000000000e+00,-1.000000000000000000e+00,-1.000000000000000000e+00,-1.000000000000000000e+00,-1.000000000000000000e+00,-1.000000000000000000e+00,-1.000000000000000000e+00,-1.000000000000000000e+00,-1.000000000000000000e+00,-1.000000000000000000e+00,-1.000000000000000000e+00,-1.000000000000000000e+00
-1.000000000000000000e+00,-1.000000000000000000e+00,-1.000000000000000000e+00,-1.000000000000000000e+00,-1.000000000000000000e+00,-1.000000000000000000e+00,-1.000000000000000000e+00,-1.000000000000000000e+00,-1.000000000000000000e+00,-1.000000000000000000e+00,-1.000000000000000000e+00,-1.000000000000000000e+00,-1.000000000000000000e+00,-1.000000000000000000e+00,-1.000000000000000000e+00,-1.000000000000000000e+00,-1.000000000000000000e+00,-1.000000000000000000e+00,-1.000000000000000000e+00,-1.000000000000000000e+00,-1.000000000000000000e+00,-1.000000000000000000e+00,-1.000000000000000000e+00,-1.000000000000000000e+00,-1.000000000000000000e+00,-1.000000000000000000e+00,-1.000000000000000000e+00,-1.000000000000000000e+00,-1.000000000000000000e+00,-1.000000000000000000e+00,-1.000000000000000000e+00,-1.000000000000000000e+00,-1.000000000000000000e+00,-1.000000000000000000e+00,-1.000000000000000000e+00,-1.000000000000000000e+00,-1.000000000000000000e+00,-1.000000000000000000e+00,-1.000000000000000000e+00,-1.000000000000000000e+00,-1.000000000000000000e+00,-1.000000000000000000e+00,-1.000000000000000000e+00,-1.000000000000000000e+00,-1.000000000000000000e+00,-1.000000000000000000e+00,-4.633741304705969455e-01,-4.639540593695077320e-01,-4.656557318314380467e-01,-4.683694975345717992e-01,-4.719273207304164330e-01,-4.761217854643398084e-01,-4.807272439323568847e-01,-4.855189946811835355e-01,-4.902863078793764373e-01,-4.948351831309913962e-01,-4.989761129441205867e-01,-5.024900351229133477e-01,-5.050613715975300622e-01,-5.061597770030461518e-01,-5.048414598950747845e-01,-4.994271743468550184e-01,-4.870004769793618848e-01,-4.626672007377070628e-01,-4.185537452576477691e-01,-3.426675066599216279e-01,-2.181571024901973743e-01,-2.452096288754024300e-02,2.555592318483164149e-01,6.167388862261979909e-01,9.916713684621614178e-01,1.215724757339037509e+00,1.215724757903507758e+00,9.916713701119999058e-01,6.167388889009703945e-01,2.555592355108826652e-01,-2.452095829254830051e-02,-2.181570971600184095e-01,-3.426675010563515755e-01,-4.185537401321477446e-01,-4.626671970583151605e-01,-4.870004756272727775e-01,-4.994271758201076494e-01,-5.048414642579430733e-01,-5.061597837733904370e-01,-5.050613801049506080e-01,-5.024900447302291795e-01,-4.989761230284006643e-01,-4.948351930048380254e-01,-4.902863174214697750e-01,-4.855190032730511973e-01,-4.807272516403608975e-01,-4.761217957548247171e-01,-4.719273364258382841e-01,-4.683695140999111217e-01,-4.656557491826562867e-01,-4.639540788927929427e-01,-4.633741499199803826e-01,-1.000000000000000000e+00,-1.000000000000000000e+00,-1.000000000000000000e+00,-1.000000000000000000e+00,-1.000000000000000000e+00,-1.000000000000000000e+00,-1.000000000000000000e+00,-1.000000000000000000e+00,-1.000000000000000000e+00,-1.000000000000000000e+00,-1.000000000000000000e+00,-1.000000000000000000e+00,-1.000000000000000000e+00,-1.000000000000000000e+00,-1.000000000000000000e+00,-1.000000000000000000e+00,-1.000000000000000000e+00,-1.000000000000000000e+00,-1.000000000000000000e+00,-1.000000000000000000e+00,-1.000000000000000000e+00,-1.000000000000000000e+00,-1.000000000000000000e+00,-1.000000000000000000e+00,-1.000000000000000000e+00,-1.000000000000000000e+00,-1.000000000000000000e+00,-1.000000000000000000e+00,-1.000000000000000000e+00,-1.000000000000000000e+00,-1.000000000000000000e+00,-1.000000000000000000e+00,-1.000000000000000000e+00,-1.000000000000000000e+00,-1.000000000000000000e+00,-1.000000000000000000e+00,-1.000000000000000000e+00,-1.000000000000000000e+00,-1.000000000000000000e+00,-1.000000000000000000e+00,-1.000000000000000000e+00,-1.000000000000000000e+00,-1.000000000000000000e+00,-1.000000000000000000e+00,-1.000000000000000000e+00,-1.000000000000000000e+00
-1.000000000000000000e+00,-1.000000000000000000e+00,-1.000000000000000000e+00,-1.000000000000000000e+00,-1.000000000000000000e+00,-1.000000000000000000e+00,-1.000000000000000000e+00,-1.000000000000000000e+00,-1.000000000000000000e+00,-1.000000000000000000e+00,-1.000000000000000000e+00,-1.000000000000000000e+00,-1.000000000000000000e+00,-1.000000000000000000e+00,-1.000000000000000000e+00,-1.000000000000000000e+00,-1.000000000000000000e+00,-1.000000000000000000e+00,-1.000000000000000000e+00,-1.000000000000000000e+00,-1.000000000000000000e+00,-1.000000000000000000e+00,-1.000000000000000000e+00,-1.000000000000000000e+00,-1.000000000000000000e+00,-1.000000000000000000e+00,-1.000000000000000000e+00,-1.000000000000000000e+00,-1.000000000000000000e+00,-1.000000000000000000e+00,-1.000000000000000000e+00,-1.000000000000000000e+00,-1.000000000000000000e+00,-1.000000000000000000e+00,-1.000000000000000000e+00,-1.000000000000000000e+00,-1.000000000000000000e+00,-1.000000000000000000e+00,-1.000000000000000000e+00,-1.000000000000000000e+00,-1.000000000000000000e+00,-1.000000000000000000e+00,-1.000000000000000000e+00,-1.000000000000000000e+00,-1.000000000000000000e+00,-1.000000000000000000e+00,-4.397828698960424276e-01,-4.406526381967186268e-01,-4.432019773998527867e-01,-4.472586545902261790e-01,-4.525596402496674386e-01,-4.587821306346500094e-01,-4.655781586709748510e-01,-4.726063866620373588e-01,-4.795550761177862498e-01,-4.861511203513062540e-01,-4.921502597161513393e-01,-4.973022076514990175e-01,-5.012805431821067970e-01,-5.035600643417348365e-01,-5.032134212808001550e-01,-4.985848375647039532e-01,-4.867849426966328608e-01,-4.629478361432459721e-01,-4.192279359413477735e-01,-3.436596917630208026e-01,-2.194173349400205808e-01,-2.602236833022608664e-02,2.538262185529314152e-01,6.147798201669916196e-01,9.895141824956130705e-01,1.213454725860909633e+00,1.213454726505441172e+00,9.895141843353369993e-01,6.147798230128120878e-01,2.538262222170963867e-01,-2.602236400957291806e-02,-2.194173302186426255e-01,-3.436596870950943128e-01,-4.192279319953460259e-01,-4.629478336965702212e-01,-4.867849423421457544e-01,-4.985848395481422557e-01,-5.032134254959430564e-01,-5.035600702708942222e-01,-5.012805502472090780e-01,-4.973022153123771716e-01,-4.921502674172195668e-01,-4.861511276114836022e-01,-4.795550831453025964e-01,-4.726063932065081019e-01,-4.655781648128085592e-01,-4.587821401008520539e-01,-4.525596568653300622e-01,-4.472586732896912665e-01,-4.432019973116876344e-01,-4.406526605544911490e-01,-4.397828920714328405e-01,-1.000000000000000000e+00,-1.000000000000000000e+00,-1.000000000000000000e+00,-1.000000000000000000e+00,-1.000000000000000000e+00,-1.000000000000000000e+00,-1.000000000000000000e+00,-1.000000000000000000e+00,-1.000000000000000000e+00,-1.000000000000000000e+00,-1.000000000000000000e+00,-1.000000000000000000e+00,-1.000000000000000000e+00,-1.000000000000000000e+00,-1.000000000000000000e+00,-1.000000000000000000e+00,-1.000000000000000000e+00,-1.000000000000000000e+00,-1.000000000000000000e+00,-1.000000000000000000e+00,-1.000000000000000000e+00,-1.000000000000000000e+00,-1.000000000000000000e+00,-1.000000000000000000e+00,-1.000000000000000000e+00,-1.000000000000000000e+00,-1.000000000000000000e+00,-1.000000000000000000e+00,-1.000000000000000000e+00,-1.000000000000000000e+00,-1.000000000000000000e+00,-1.000000000000000000e+00,-1.000000000000000000e+00,-1.000000000000000000e+00,-1.000000000000000000e+00,-1.000000000000000000e+00,-1.000000000000000000e+00,-1.000000000000000000e+00,-1.000000000000000000e+00,-1.000000000000000000e+00,-1.000000000000000000e+00,-1.000000000000000000e+00,-1.000000000000000000e+00,-1.000000000000000000e+00,-1.000000000000000000e+00,-1.000000000000000000e+00
-1.000000000000000000e+00,-1.000000000000000000e+00,-1.000000000000000000e+00,-1.000000000000000000e+00,-1.000000000000000000e+00,-1.000000000000000000e+00,-1.000000000000000000e+00,-1.000000000000000000e+00,-1.000000000000000000e+00,-1.000000000000000000e+00,-1.000000000000000000e+00,-1.000000000000000000e+00,-1.000000000000000000e+00,-1.000000000000000000e+00,-1.000000000000000000e+00,-1.000000000000000000e+00,-1.000000000000000000e+00,-1.000000000000000000e+00,-1.000000000000000000e+00,-1.000000000000000000e+00,-1.000000000000000000e+00,-1.000000000000000000e+00,-1.000000000000000000e+00,-1.000000000000000000e+00,-1.000000000000000000e+00,-1.000000000000000000e+00,-1.000000000000000000e+00,-1.000000000000000000e+00,-1.000000000000000000e+00,-1.000000000000000000e+00,-1.000000000000000000e+00,-1.000000000000000000e+00,-1.000000000000000000e+00,-1.000000000000000000e+00,-1.000000000000000000e+00,-1.000000000000000000e+00,-1.000000000000000000e+00,-1.000000000000000000e+00,-1.000000000000000000e+00,-1.000000000000000000e+00,-1.000000000000000000e+00,-1.000000000000000000e+00,-1.000000000000000000e+00,-1.000000000000000000e+00,-1.000000000000000000e+00,-1.000000000000000000e+00,-4.054612748591219784e-01,-4.067614817054385767e-01,-4.105686894968307854e-01,-4.166149856141823093e-01,-4.244924656414426067e-01,-4.337030431719686163e-01,-4.437140078244139474e-01,-4.540092727089817259e-01,-4.641274498349909905e-01,-4.736801173554612276e-01,-4.823452518415916046e-01,-4.898305104222195894e-01,-4.957977969641227389e-01,-4.997335201598609444e-01,-5.007378493617613557e-01,-4.971918426352308629e-01,-4.862470732837635978e-01,-4.630790736238035166e-01,-4.198820358953172516e-01,-3.447274922661875962e-01,-2.208235346505595942e-01,-2.772128544860041899e-02,2.518580056828652047e-01,6.125583542328083553e-01,9.870762520237557069e-01,1.210894670016127606e+00,1.210894670628088754e+00,9.870762537351609467e-01,6.125583567738219770e-01,2.518580087752209096e-01,-2.772128201624557420e-02,-2.208235311316730787e-01,-3.447274890387523882e-01,-4.198820334663464493e-01,-4.630790725061446622e-01,-4.862470737640460783e-01,-4.971918447456600276e-01,-5.007378529144022039e-01,-4.997335247404395275e-01,-4.957978022259634798e-01,-4.898305160343010556e-01,-4.823452574079611921e-01,-4.736801226515447993e-01,-4.641274553039709261e-01,-4.540092783766995765e-01,-4.437140136909398791e-01,-4.337030529760310671e-01,-4.244924839538661843e-01,-4.166150068742098256e-01,-4.105687119420808884e-01,-4.067615066102785448e-01,-4.054612992967481233e-01,-1.000000000000000000e+00,-1.000000000000000000e+00,-1.000000000000000000e+00,-1.000000000000000000e+00,-1.000000000000000000e+00,-1.000000000000000000e+00,-1.000000000000000000e+00,-1.000000000000000000e+00,-1.000000000000000000e+00,-1.000000000000000000e+00,-1.000000000000000000e+00,-1.000000000000000000e+00,-1.000000000000000000e+00,-1.000000000000000000e+00,-1.000000000000000000e+00,-1.000000000000000000e+00,-1.000000000000000000e+00,-1.000000000000000000e+00,-1.000000000000000000e+00,-1.000000000000000000e+00,-1.000000000000000000e+00,-1.000000000000000000e+00,-1.000000000000000000e+00,-1.000000000000000000e+00,-1.000000000000000000e+00,-1.000000000000000000e+00,-1.000000000000000000e+00,-1.000000000000000000e+00,-1.000000000000000000e+00,-1.000000000000000000e+00,-1.000000000000000000e+00,-1.000000000000000000e+00,-1.000000000000000000e+00,-1.000000000000000000e+00,-1.000000000000000000e+00,-1.000000000000000000e+00,-1.000000000000000000e+00,-1.000000000000000000e+00,-1.000000000000000000e+00,-1.000000000000000000e+00,-1.000000000000000000e+00,-1.000000000000000000e+00,-1.000000000000000000e+00,-1.000000000000000000e+00,-1.000000000000000000e+00,-1.000000000000000000e+00
-1.000000000000000000e+00,-1.000000000000000000e+00,-1.000000000000000000e+00,-1.000000000000000000e+00,-1.000000000000000000e+00,-1.000000000000000000e+00,-1.000000000000000000e+00,-1.000000000000000000e+00,-1.000000000000000000e+00,-1.000000000000000000e+00,-1.000000000000000000e+00,-1.000000000000000000e+00,-1.000000000000000000e+00,-1.000000000000000000e+00,-1.000000000000000000e+00,-1.000000000000000000e+00,-1.000000000000000000e+00,-1.000000000000000000e+00,-1.000000000000000000e+00,-1.000000000000000000e+00,-1.000000000000000000e+00,-1.000000000000000000e+00,-1.000000000000000000e+00,-1.000000000000000000e+00,-1.000000000000000000e+00,-1.000000000000000000e+00,-1.000000000000000000e+00,-1.000000000000000000e+00,-1.000000000000000000e+00,-1.000000000000000000e+00,-1.000000000000000000e+00,-1.000000000000000000e+00,-1.000000000000000000e+00,-1.000000000000000000e+00,-1.000000000000000000e+00,-1.000000000000000000e+00,-1.000000000000000000e+00,-1.000000000000000000e+00,-1.000000000000000000e+00,-1.000000000000000000e+00,-1.000000000000000000e+00,-1.000000000000000000e+00,-1.000000000000000000e+00,-1.000000000000000000e+00,-1.000000000000000000e+00,-1.000000000000000000e+00,-3.563915228662066781e-01,-3.583216702160898492e-01,-3.639684933977820336e-01,-3.729205780158366679e-01,-3.845531304549494322e-01,-3.981064670502076908e-01,-4.127734682506956077e-01,-4.277802636759471255e-01,-4.424468830693299992e-01,-4.562189463246939525e-01,-4.686652534947564064e-01,-4.794375561620416448e-01,-4.881864661015375972e-01,-4.944205851575169675e-01,-4.972844326038199370e-01,-4.952156219047196828e-01,-4.854267555606188722e-01,-4.631535787122240677e-01,-4.206466036620151172e-01,-3.460283891994038186e-01,-2.225522295987056864e-01,-2.980779019388357653e-02,2.494547156310336078e-01,6.098673975332840058e-01,9.841453868881240297e-01,1.207829737232644085e+00,1.207829737689547045e+00,9.841453881314565777e-01,6.098673992843739455e-01,2.494547176038723890e-01,-2.980778819177398731e-02,-2.225522277523133141e-01,-3.460283877477010606e-01,-4.206466028894908504e-01,-4.631535788319514069e-01,-4.854267565808791929e-01,-4.952156237178373388e-01,-4.972844350441159023e-01,-4.944205880404357600e-01,-4.881864694141340166e-01,-4.794375598606590572e-01,-4.686652573979053216e-01,-4.562189504610021373e-01,-4.424468879895062656e-01,-4.277802695663872612e-01,-4.127734749654825563e-01,-3.981064781257925844e-01,-3.845531509484860777e-01,-3.729206019980910725e-01,-3.639685181668603775e-01,-3.583216972704148517e-01,-3.563915490383786633e-01,-1.000000000000000000e+00,-1.000000000000000000e+00,-1.000000000000000000e+00,-1.000000000000000000e+00,-1.000000000000000000e+00,-1.000000000000000000e+00,-1.000000000000000000e+00,-1.000000000000000000e+00,-1.000000000000000000e+00,-1.000000000000000000e+00,-1.000000000000000000e+00,-1.000000000000000000e+00,-1.000000000000000000e+00,-1.000000000000000000e+00,-1.000000000000000000e+00,-1.000000000000000000e+00,-1.000000000000000000e+00,-1.000000000000000000e+00,-1.000000000000000000e+00,-1.000000000000000000e+00,-1.000000000000000000e+00,-1.000000000000000000e+00,-1.000000000000000000e+00,-1.000000000000000000e+00,-1.000000000000000000e+00,-1.000000000000000000e+00,-1.000000000000000000e+00,-1.000000000000000000e+00,-1.000000000000000000e+00,-1.000000000000000000e+00,-1.000000000000000000e+00,-1.000000000000000000e+00,-1.000000000000000000e+00,-1.000000000000000000e+00,-1.000000000000000000e+00,-1.000000000000000000e+00,-1.000000000000000000e+00,-1.000000000000000000e+00,-1.000000000000000000e+00,-1.000000000000000000e+00,-1.000000000000000000e+00,-1.000000000000000000e+00,-1.000000000000000000e+00,-1.000000000000000000e+00,-1.000000000000000000e+00,-1.000000000000000000e+00
-1.000000000000000000e+00,-1.000000000000000000e+00,-1.000000000000000000e+00,-1.000000000000000000e+00,-1.000000000000000000e+00,-1.000000000000000000e+00,-1.000000000000000000e+00,-1.000000000000000000e+00,-1.000000000000000000e+00,-1.000000000000000000e+00,-1.000000000000000000e+00,-1.000000000000000000e+00,-1.000000000000000000e+00,-1.000000000000000000e+00,-1.000000000000000000e+00,-1.000000000000000000e+00,-1.000000000000000000e+00,-1.000000000000000000e+00,-1.000000000000000000e+00,-1.000000000000000000e+00,-1.000000000000000000e+00,-1.000000000000000000e+00,-1.000000000000000000e+00,-1.000000000000000000e+00,-1.000000000000000000e+00,-1.000000000000000000e+00,-1.000000000000000000e+00,-1.000000000000000000e+00,-1.000000000000000000e+00,-1.000000000000000000e+00,-1.000000000000000000e+00,-1.000000000000000000e+00,-1.000000000000000000e+00,-1.000000000000000000e+00,-1.000000000000000000e+00,-1.000000000000000000e+00,-1.000000000000000000e+00,-1.000000000000000000e+00,-1.000000000000000000e+00,-1.000000000000000000e+00,-1.000000000000000000e+00,-1.000000000000000000e+00,-1.000000000000000000e+00,-1.000000000000000000e+00,-1.000000000000000000e+00,-1.000000000000000000e+00,-2.874990288376322312e-01,-2.903341354597639423e-01,-2.986223447646043638e-01,-3.117422414986368295e-01,-3.287518955020916067e-01,-3.485098025471478067e-01,-3.698096124983267785e-01,-3.915043406386802260e-01,-4.126001358270521280e-01,-4.323072532970639870e-01,-4.500430227653344772e-01,-4.653856159091587230e-01,-4.779764584832726371e-01,-4.873624389930464318e-01,-4.927568855878909915e-01,-4.926820651583687649e-01,-4.844398425835274580e-01,-4.633522778223797545e-01,-4.217489651425143649e-01,-3.478224912891674236e-01,-2.248866780213836236e-01,-3.258170783942127002e-02,2.463043006548497615e-01,6.063855891098519635e-01,9.803933689676531671e-01,1.203928046495864379e+00,1.203928046693049758e+00,9.803933694594384463e-01,6.063855896859973171e-01,2.463043011058347886e-01,-3.258170762298462364e-02,-2.248866781001739312e-01,-3.478224917174896902e-01,-4.217489659509787714e-01,-4.633522789319597379e-01,-4.844398437891559439e-01,-4.926820663051989513e-01,-4.927568866315708007e-01,-4.873624400707576854e-01,-4.779764599623446131e-01,-4.653856180623474614e-01,-4.500430256351588554e-01,-4.323072571144503939e-01,-4.126001411108584094e-01,-3.915043476201001127e-01,-3.698096208620116343e-01,-3.485098154709858065e-01,-3.287519182898073211e-01,-3.117422680694783566e-01,-2.986223714760996018e-01,-2.903341641792795969e-01,-2.874990561869372740e-01,-1.000000000000000000e+00,-1.000000000000000000e+00,-1.000000000000000000e+00,-1.000000000000000000e+00,-1.000000000000000000e+00,-1.000000000000000000e+00,-1.000000000000000000e+00,-1.000000000000000000e+00,-1.000000000000000000e+00,-1.000000000000000000e+00,-1.000000000000000000e+00,-1.000000000000000000e+00,-1.000000000000000000e+00,-1.000000000000000000e+00,-1.000000000000000000e+00,-1.000000000000000000e+00,-1.000000000000000000e+00,-1.000000000000000000e+00,-1.000000000000000000e+00,-1.000000000000000000e+00,-1.000000000000000000e+00,-1.000000000000000000e+00,-1.000000000000000000e+00,-1.000000000000000000e+00,-1.000000000000000000e+00,-1.000000000000000000e+00,-1.000000000000000000e+00,-1.000000000000000000e+00,-1.000000000000000000e+00,-1.000000000000000000e+00,-1.000000000000000000e+00,-1.000000000000000000e+00,-1.000000000000000000e+00,-1.000000000000000000e+00,-1.000000000000000000e+00,-1.000000000000000000e+00,-1.000000000000000000e+00,-1.000000000000000000e+00,-1.000000000000000000e+00,-1.000000000000000000e+00,-1.000000000000000000e+00,-1.000000000000000000e+00,-1.000000000000000000e+00,-1.000000000000000000e+00,-1.000000000000000000e+00,-1.000000000000000000e+00
-1.000000000000000000e+00,-1.000000000000000000e+00,-1.000000000000000000e+00,-1.000000000000000000e+00,-1.000000000000000000e+00,-1.000000000000000000e+00,-1.000000000000000000e+00,-1.000000000000000000e+00,-1.000000000000000000e+00,-1.000000000000000000e+00,-1.000000000000000000e+00,-1.000000000000000000e+00,-1.000000000000000000e+00,-1.000000000000000000e+00,-1.000000000000000000e+00,-1.000000000000000000e+00,-1.000000000000000000e+00,-1.000000000000000000e+00,-1.000000000000000000e+00,-1.000000000000000000e+00,-1.000000000000000000e+00,-1.000000000000000000e+00,-1.000000000000000000e+00,-1.000000000000000000e+00,-1.000000000000000000e+00,-1.000000000000000000e+00,-1.000000000000000000e+00,-1.000000000000000000e+00,-1.000000000000000000e+00,-1.000000000000000000e+00,-1.000000000000000000e+00,-1.000000000000000000e+00,-1.000000000000000000e+00,-1.000000000000000000e+00,-1.000000000000000000e+00,-1.000000000000000000e+00,-1.000000000000000000e+00,-1.000000000000000000e+00,-1.000000000000000000e+00,-1.000000000000000000e+00,-1.000000000000000000e+00,-1.000000000000000000e+00,-1.000000000000000000e+00,-1.000000000000000000e+00,-1.000000000000000000e+00,-1.000000000000000000e+00,-1.926946236409365909e-01,-1.967998466302613991e-01,-2.087942718126436503e-01,-2.277587239081952930e-01,-2.523012305135541311e-01,-2.807383133379541817e-01,-3.112974510907262626e-01,-3.423038924419463669e-01,-3.723220080004310262e-01,-4.002337043331563038e-01,-4.252485721837757637e-01,-4.468483110713421524e-01,-4.646690347379403008e-01,-4.783186107175536605e-01,-4.871129750998264285e-01,-4.896974940488609818e-01,-4.835016339221276382e-01,-4.639689695010780213e-01,-4.235386677403782940e-01,-3.504986354133245996e-01,-2.282435071373045687e-01,-3.647976221810278474e-02,2.419548486123819231e-01,6.016490046982525541e-01,9.753470789131659657e-01,1.198711464202794730e+00,1.198711464077320876e+00,9.753470784909952229e-01,6.016490039014819047e-01,2.419548473726820248e-01,-3.647976388065998776e-02,-2.282435091252805748e-01,-3.504986375763952111e-01,-4.235386698594414412e-01,-4.639689712533625610e-01,-4.835016349783431977e-01,-4.896974943004739345e-01,-4.871129746992375331e-01,-4.783186101636385246e-01,-4.646690347624993223e-01,-4.468483122370106031e-01,-4.252485747247680692e-01,-4.002337085977449860e-01,-3.723220143484766709e-01,-3.423039010538886373e-01,-3.112974614994605815e-01,-2.807383282722479834e-01,-2.523012553197183649e-01,-2.277587526519333494e-01,-2.087942999489786899e-01,-1.967998764775478193e-01,-1.926946516124097286e-01,-1.000000000000000000e+00,-1.000000000000000000e+00,-1.000000000000000000e+00,-1.000000000000000000e+00,-1.000000000000000000e+00,-1.000000000000000000e+00,-1.000000000000000000e+00,-1.000000000000000000e+00,-1.000000000000000000e+00,-1.000000000000000000e+00,-1.000000000000000000e+00,-1.000000000000000000e+00,-1.000000000000000000e+00,-1.000000000000000000e+00,-1.000000000000000000e+00,-1.000000000000000000e+00,-1.000000000000000000e+00,-1.000000000000000000e+00,-1.000000000000000000e+00,-1.000000000000000000e+00,-1.000000000000000000e+00,-1.000000000000000000e+00,-1.000000000000000000e+00,-1.000000000000000000e+00,-1.000000000000000000e+00,-1.000000000000000000e+00,-1.000000000000000000e+00,-1.000000000000000000e+00,-1.000000000000000000e+00,-1.000000000000000000e+00,-1.000000000000000000e+00,-1.000000000000000000e+00,-1.000000000000000000e+00,-1.000000000000000000e+00,-1.000000000000000000e+00,-1.000000000000000000e+00,-1.000000000000000000e+00,-1.000000000000000000e+00,-1.000000000000000000e+00,-1.000000000000000000e+00,-1.000000000000000000e+00,-1.000000000000000000e+00,-1.000000000000000000e+00,-1.000000000000000000e+00,-1.000000000000000000e+00,-1.000000000000000000e+00
-1.000000000000000000e+00,-1.000000000000000000e+00,-1.000000000000000000e+00,-1.000000000000000000e+00,-1.000000000000000000e+00,-1.000000000000000000e+00,-1.000000000000000000e+00,-1.000000000000000000e+00,-1.000000000000000000e+00,-1.000000000000000000e+00,-1.000000000000000000e+00,-1.000000000000000000e+00,-1.000000000000000000e+00,-1.000000000000000000e+00,-1.000000000000000000e+00,-1.000000000000000000e+00,-1.000000000000000000e+00,-1.000000000000000000e+00,-1.000000000000000000e+00,-1.000000000000000000e+00,-1.000000000000000000e+00,-1.000000000000000000e+00,-1.000000000000000000e+00,-1.000000000000000000e+00,-1.000000000000000000e+00,-1.000000000000000000e+00,-1.000000000000000000e+00,-1.000000000000000000e+00,-1.000000000000000000e+00,-1.000000000000000000e+00,-1.000000000000000000e+00,-1.000000000000000000e+00,-1.000000000000000000e+00,-1.000000000000000000e+00,-1.000000000000000000e+00,-1.000000000000000000e+00,-1.000000000000000000e+00,-1.000000000000000000e+00,-1.000000000000000000e+00,-1.000000000000000000e+00,-1.000000000000000000e+00,-1.000000000000000000e+00,-1.000000000000000000e+00,-1.000000000000000000e+00,-1.000000000000000000e+00,-1.000000000000000000e+00,-6.518741443772135824e-02,-7.102397158392204091e-02,-8.807105320721664299e-02,-1.150043578101183073e-01,-1.498173441538543926e-01,-1.900837513469291196e-01,-2.332530365468921119e-01,-2.769242984644160188e-01,-3.190544777045820624e-01,-3.580756192738157040e-01,-3.929153351134662131e-01,-4.229281049974042972e-01,-4.477491454076396593e-01,-4.670765683925912626e-01,-4.803728923441372700e-01,-4.864567136177102569e-01,-4.829350808877492796e-01,-4.654189004537077068e-01,-4.264965065893502327e-01,-3.545838866396877620e-01,-2.331827078284742782e-01,-4.208611295287933984e-02,2.358034232608048342e-01,5.950392962809969433e-01,9.683759548194732503e-01,1.191542649317167246e+00,1.191542648862821352e+00,9.683759534811633429e-01,5.950392941489228704e-01,2.358034204383132604e-01,-4.208611629761804807e-02,-2.331827114346234353e-01,-3.545838901633286966e-01,-4.264965096018036306e-01,-4.654189024682908737e-01,-4.829350815490878190e-01,-4.864567129378887245e-01,-4.803728907100692780e-01,-4.670765666444189890e-01,-4.477491445692312055e-01,-4.229281058440061969e-01,-3.929153380082741620e-01,-3.580756245790492898e-01,-3.190544855291959081e-01,-2.769243088732737945e-01,-2.332530489730704204e-01,-1.900837680425038201e-01,-1.498173703419443115e-01,-1.150043880578586197e-01,-8.807108214367964649e-02,-7.102400198635283601e-02,-6.518744248884367209e-02,-1.000000000000000000e+00,-1.000000000000000000e+00,-1.000000000000000000e+00,-1.000000000000000000e+00,-1.000000000000000000e+00,-1.000000000000000000e+00,-1.000000000000000000e+00,-1.000000000000000000e+00,-1.000000000000000000e+00,-1.000000000000000000e+00,-1.000000000000000000e+00,-1.000000000000000000e+00,-1.000000000000000000e+00,-1.000000000000000000e+00,-1.000000000000000000e+00,-1.000000000000000000e+00,-1.000000000000000000e+00,-1.000000000000000000e+00,-1.000000000000000000e+00,-1.000000000000000000e+00,-1.000000000000000000e+00,-1.000000000000000000e+00,-1.000000000000000000e+00,-1.000000000000000000e+00,-1.000000000000000000e+00,-1.000000000000000000e+00,-1.000000000000000000e+00,-1.000000000000000000e+00,-1.000000000000000000e+00,-1.000000000000000000e+00,-1.000000000000000000e+00,-1.000000000000000000e+00,-1.000000000000000000e+00,-1.000000000000000000e+00,-1.000000000000000000e+00,-1.000000000000000000e+00,-1.000000000000000000e+00,-1.000000000000000000e+00,-1.000000000000000000e+00,-1.000000000000000000e+00,-1.000000000000000000e+00,-1.000000000000000000e+00,-1.000000000000000000e+00,-1.000000000000000000e+00,-1.000000000000000000e+00,-1.000000000000000000e+00
-1.000000000000000000e+00,-1.000000000000000000e+00,-1.000000000000000000e+00,-1.000000000000000000e+00,-1.000000000000000000e+00,-1.000000000000000000e+00,-1.000000000000000000e+00,-1.000000000000000000e+00,-1.000000000000000000e+00,-1.000000000000000000e+00,-1.000000000000000000e+00,-1.000000000000000000e+00,-1.000000000000000000e+00,-1.000000000000000000e+00,-1.000000000000000000e+00,-1.000000000000000000e+00,-1.000000000000000000e+00,-1.000000000000000000e+00,-1.000000000000000000e+00,-1.000000000000000000e+00,-1.000000000000000000e+00,-1.000000000000000000e+00,-1.000000000000000000e+00,-1.000000000000000000e+00,-1.000000000000000000e+00,-1.000000000000000000e+00,-1.000000000000000000e+00,-1.000000000000000000e+00,-1.000000000000000000e+00,-1.000000000000000000e+00,-1.000000000000000000e+00,-1.000000000000000000e+00,-1.000000000000000000e+00,-1.000000000000000000e+00,-1.000000000000000000e+00,-1.000000000000000000e+00,-1.000000000000000000e+00,-1.000000000000000000e+00,-1.000000000000000000e+00,-1.000000000000000000e+00,-1.000000000000000000e+00,-1.000000000000000000e+00,-1.000000000000000000e+00,-1.000000000000000000e+00,-1.000000000000000000e+00,-1.000000000000000000e+00,1.017662892890633941e-01,9.365503586686418913e-02,6.996474161688492899e-02,3.254105589919564778e-02,-1.581157965781176955e-02,-7.169355412675493255e-02,-1.315262297033799044e-01,-1.919423575434322515e-01,-2.500859612419654709e-01,-3.037846184141006489e-01,-3.515863319648282470e-01,-3.926747620759627466e-01,-4.266853414537070677e-01,-4.534398037184841357e-01,-4.726001951426725967e-01,-4.832199165129598128e-01,-4.831456111196823500e-01,-4.682126853545867107e-01,-4.312082118141642439e-01,-3.607173675511523570e-01,-2.403818249867466506e-01,-5.010706077147641935e-02,2.271207113896061003e-01,5.858075922697318916e-01,9.587151654756285168e-01,1.181647782699555727e+00,1.181647781970047717e+00,9.587151633845252263e-01,5.858075890758467352e-01,2.271207073592096393e-01,-5.010706533435627108e-02,-2.403818296827626710e-01,-3.607173718849816524e-01,-4.312082152181258010e-01,-4.682126872764209580e-01,-4.831456112684797688e-01,-4.832199150631000251e-01,-4.726001927098693045e-01,-4.534398014070033511e-01,-4.266853404632762192e-01,-3.926747632815272837e-01,-3.515863357781272569e-01,-3.037846251066058656e-01,-2.500859706308729002e-01,-1.919423695468980284e-01,-1.315262437321962352e-01,-7.169357198122661146e-02,-1.581160630243161336e-02,3.254102502239231143e-02,6.996471259093084427e-02,9.365500551968874987e-02,1.017662616981453994e-01,-1.000000000000000000e+00,-1.000000000000000000e+00,-1.000000000000000000e+00,-1.000000000000000000e+00,-1.000000000000000000e+00,-1.000000000000000000e+00,-1.000000000000000000e+00,-1.000000000000000000e+00,-1.000000000000000000e+00,-1.000000000000000000e+00,-1.000000000000000000e+00,-1.000000000000000000e+00,-1.000000000000000000e+00,-1.000000000000000000e+00,-1.000000000000000000e+00,-1.000000000000000000e+00,-1.000000000000000000e+00,-1.000000000000000000e+00,-1.000000000000000000e+00,-1.000000000000000000e+00,-1.000000000000000000e+00,-1.000000000000000000e+00,-1.000000000000000000e+00,-1.000000000000000000e+00,-1.000000000000000000e+00,-1.000000000000000000e+00,-1.000000000000000000e+00,-1.000000000000000000e+00,-1.000000000000000000e+00,-1.000000000000000000e+00,-1.000000000000000000e+00,-1.000000000000000000e+00,-1.000000000000000000e+00,-1.000000000000000000e+00,-1.000000000000000000e+00,-1.000000000000000000e+00,-1.000000000000000000e+00,-1.000000000000000000e+00,-1.000000000000000000e+00,-1.000000000000000000e+00,-1.000000000000000000e+00,-1.000000000000000000e+00,-1.000000000000000000e+00,-1.000000000000000000e+00,-1.000000000000000000e+00,-1.000000000000000000e+00
-1.000000000000000000e+00,-1.000000000000000000e+00,-1.000000000000000000e+00,-1.000000000000000000e+00,-1.000000000000000000e+00,-1.000000000000000000e+00,-1.000000000000000000e+00,-1.000000000000000000e+00,-1.000000000000000000e+00,-1.000000000000000000e+00,-1.000000000000000000e+00,-1.000000000000000000e+00,-1.000000000000000000e+00,-1.000000000000000000e+00,-1.000000000000000000e+00,-1.000000000000000000e+00,-1.000000000000000000e+00,-1.000000000000000000e+00,-1.000000000000000000e+00,-1.000000000000000000e+00,-1.000000000000000000e+00,-1.000000000000000000e+00,-1.000000000000000000e+00,-1.000000000000000000e+00,-1.000000000000000000e+00,-1.000000000000000000e+00,-1.000000000000000000e+00,-1.000000000000000000e+00,-1.000000000000000000e+00,-1.000000000000000000e+00,-1.000000000000000000e+00,-1.000000000000000000e+00,-1.000000000000000000e+00,-1.000000000000000000e+00,-1.000000000000000000e+00,-1.000000000000000000e+00,-1.000000000000000000e+00,-1.000000000000000000e+00,-1.000000000000000000e+00,-1.000000000000000000e+00,-1.000000000000000000e+00,-1.000000000000000000e+00,-1.000000000000000000e+00,-1.000000000000000000e+00,-1.000000000000000000e+00,-1.000000000000000000e+00,3.135060131786548965e-01,3.025439853969009718e-01,2.705136793266609274e-01,2.198804103746310190e-01,1.544153215343397889e-01,7.872044494267527170e-02,-2.332793790214893193e-03,-8.414232411981270587e-02,-1.627978145989725789e-01,-2.353312802329003972e-01,-2.997825285153261632e-01,-3.550990154792295073e-01,-4.009058482119627342e-01,-4.371791104667606120e-01,-4.638374171044290506e-01,-4.802388450746137849e-01,-4.845419058471538420e-01,-4.728742395790410669e-01,-4.382810593877257688e-01,-3.695664273521206411e-01,-2.505521872298270836e-01,-6.128763788782176647e-02,2.151338737376118360e-01,5.731566673121291089e-01,9.455471083357354090e-01,1.168197648777693942e+00,1.168197647876730194e+00,9.455471057900339815e-01,5.731566635155713740e-01,2.151338690773130224e-01,-6.128764301217781707e-02,-2.505521923311997412e-01,-3.695664318517097868e-01,-4.382810626690867295e-01,-4.728742411260657974e-01,-4.845419055033470812e-01,-4.802388431808122249e-01,-4.638374144587498193e-01,-4.371791083171245873e-01,-4.009058477918703289e-01,-3.550990176363022499e-01,-2.997825336242048166e-01,-2.353312883850140480e-01,-1.627978253346036297e-01,-8.414233721103414609e-02,-2.332808717086187755e-03,7.872042677224744267e-02,1.544152955278450534e-01,2.198803798671313814e-01,2.705136509670831302e-01,3.025439557486997444e-01,3.135059865891269837e-01,-1.000000000000000000e+00,-1.000000000000000000e+00,-1.000000000000000000e+00,-1.000000000000000000e+00,-1.000000000000000000e+00,-1.000000000000000000e+00,-1.000000000000000000e+00,-1.000000000000000000e+00,-1.000000000000000000e+00,-1.000000000000000000e+00,-1.000000000000000000e+00,-1.000000000000000000e+00,-1.000000000000000000e+00,-1.000000000000000000e+00,-1.000000000000000000e+00,-1.000000000000000000e+00,-1.000000000000000000e+00,-1.000000000000000000e+00,-1.000000000000000000e+00,-1.000000000000000000e+00,-1.000000000000000000e+00,-1.000000000000000000e+00,-1.000000000000000000e+00,-1.000000000000000000e+00,-1.000000000000000000e+00,-1.000000000000000000e+00,-1.000000000000000000e+00,-1.000000000000000000e+00,-1.000000000000000000e+00,-1.000000000000000000e+00,-1.000000000000000000e+00,-1.000000000000000000e+00,-1.000000000000000000e+00,-1.000000000000000000e+00,-1.000000000000000000e+00,-1.000000000000000000e+00,-1.000000000000000000e+00,-1.000000000000000000e+00,-1.000000000000000000e+00,-1.000000000000000000e+00,-1.000000000000000000e+00,-1.000000000000000000e+00,-1.000000000000000000e+00,-1.000000000000000000e+00,-1.000000000000000000e+00,-1.000000000000000000e+00
-1.000000000000000000e+00,-1.000000000000000000e+00,-1.000000000000000000e+00,-1.000000000000000000e+00,-1.000000000000000000e+00,-1.000000000000000000e+00,-1.000000000000000000e+00,-1.000000000000000000e+00,-1.000000000000000000e+00,-1.000000000000000000e+00,-1.000000000000000000e+00,-1.000000000000000000e+00,-1.000000000000000000e+00,-1.000000000000000000e+00,-1.000000000000000000e+00,-1.000000000000000000e+00,-1.000000000000000000e+00,-1.000000000000000000e+00,-1.000000000000000000e+00,-1.000000000000000000e+00,-1.000000000000000000e+00,-1.000000000000000000e+00,-1.000000000000000000e+00,-1.000000000000000000e+00,-1.000000000000000000e+00,-1.000000000000000000e+00,-1.000000000000000000e+00,-1.000000000000000000e+00,-1.000000000000000000e+00,-1.000000000000000000e+00,-1.000000000000000000e+00,-1.000000000000000000e+00,-1.000000000000000000e+00,-1.000000000000000000e+00,-1.000000000000000000e+00,-1.000000000000000000e+00,-1.000000000000000000e+00,-1.000000000000000000e+00,-1.000000000000000000e+00,-1.000000000000000000e+00,-1.000000000000000000e+00,-1.000000000000000000e+00,-1.000000000000000000e+00,-1.000000000000000000e+00,-1.000000000000000000e+00,-1.000000000000000000e+00,5.719100794579947689e-01,5.575905931635709578e-01,5.157040644876600410e-01,4.493659063080821525e-01,3.634057177012133266e-01,2.637948835755876686e-01,1.569280092089844203e-01,4.890703623446146509e-02,-5.503976545874245119e-02,-1.509204645190198590e-01,-2.360969237887875494e-01,-3.091787054547250335e-01,-3.697433847804747487e-01,-4.179362481199735413e-01,-4.539831350274123878e-01,-4.776173345489720390e-01,-4.873866096573697959e-01,-4.797859265074189139e-01,-4.481860755248021633e-01,-3.816674483672324314e-01,-2.642791975893032941e-01,-7.625188100021329518e-02,1.991860020136764220e-01,5.563999690762972961e-01,9.281599753736484715e-01,1.150465900036707012e+00,1.150465899097992128e+00,9.281599727496825381e-01,5.563999652362854320e-01,1.991859974013010515e-01,-7.625188594915233153e-02,-2.642792023681526103e-01,-3.816674523960745802e-01,-4.481860782338129567e-01,-4.797859275056284289e-01,-4.873866089627316711e-01,-4.776173326400154906e-01,-4.539831328060150994e-01,-4.179362468375957818e-01,-3.697433855595848584e-01,-3.091787089977584557e-01,-2.360969303520903395e-01,-1.509204739538221318e-01,-5.503977708786322864e-02,4.890702275695968382e-02,1.569279942439134601e-01,2.637948660341820073e-01,3.634056934566469721e-01,4.493658771933226603e-01,5.157040375399990495e-01,5.575905648766479317e-01,5.719100544080779613e-01,-1.000000000000000000e+00,-1.000000000000000000e+00,-1.000000000000000000e+00,-1.000000000000000000e+00,-1.000000000000000000e+00,-1.000000000000000000e+00,-1.000000000000000000e+00,-1.000000000000000000e+00,-1.000000000000000000e+00,-1.000000000000000000e+00,-1.000000000000000000e+00,-1.000000000000000000e+00,-1.000000000000000000e+00,-1.000000000000000000e+00,-1.000000000000000000e+00,-1.000000000000000000e+00,-1.000000000000000000e+00,-1.000000000000000000e+00,-1.000000000000000000e+00,-1.000000000000000000e+00,-1.000000000000000000e+00,-1.000000000000000000e+00,-1.000000000000000000e+00,-1.000000000000000000e+00,-1.000000000000000000e+00,-1.000000000000000000e+00,-1.000000000000000000e+00,-1.000000000000000000e+00,-1.000000000000000000e+00,-1.000000000000000000e+00,-1.000000000000000000e+00,-1.000000000000000000e+00,-1.000000000000000000e+00,-1.000000000000000000e+00,-1.000000000000000000e+00,-1.000000000000000000e+00,-1.000000000000000000e+00,-1.000000000000000000e+00,-1.000000000000000000e+00,-1.000000000000000000e+00,-1.000000000000000000e+00,-1.000000000000000000e+00,-1.000000000000000000e+00,-1.000000000000000000e+00,-1.000000000000000000e+00,-1.000000000000000000e+00
-1.000000000000000000e+00,-1.000000000000000000e+00,-1.000000000000000000e+00,-1.000000000000000000e+00,-1.000000000000000000e+00,-1.000000000000000000e+00,-1.000000000000000000e+00,-1.000000000000000000e+00,-1.000000000000000000e+00,-1.000000000000000000e+00,-1.000000000000000000e+00,-1.000000000000000000e+00,-1.000000000000000000e+00,-1.000000000000000000e+00,-1.000000000000000000e+00,-1.000000000000000000e+00,-1.000000000000000000e+00,-1.000000000000000000e+00,-1.000000000000000000e+00,-1.000000000000000000e+00,-1.000000000000000000e+00,-1.000000000000000000e+00,-1.000000000000000000e+00,-1.000000000000000000e+00,-1.000000000000000000e+00,-1.000000000000000000e+00,-1.000000000000000000e+00,-1.000000000000000000e+00,-1.000000000000000000e+00,-1.000000000000000000e+00,-1.000000000000000000e+00,-1.000000000000000000e+00,-1.000000000000000000e+00,-1.000000000000000000e+00,-1.000000000000000000e+00,-1.000000000000000000e+00,-1.000000000000000000e+00,-1.000000000000000000e+00,-1.000000000000000000e+00,-1.000000000000000000e+00,-1.000000000000000000e+00,-1.000000000000000000e+00,-1.000000000000000000e+00,-1.000000000000000000e+00,-1.000000000000000000e+00,-1.000000000000000000e+00,8.727970132650808566e-01,8.548466562817909065e-01,8.022303055182735676e-01,7.186010104711133550e-01,6.097689271233139863e-01,4.830864700711252624e-01,3.465874268645325884e-01,2.080787034819646664e-01,7.436306682713755833e-02,-4.928297539088077883e-02,-1.593206564830911276e-01,-2.538630191234103606e-01,-3.323531447432372943e-01,-3.950830427727005656e-01,-4.426122444616407137e-01,-4.751068413231376297e-01,-4.915766164819812545e-01,-4.889597837775960798e-01,-4.610240772802374210e-01,-3.971890366473695977e-01,-2.817840273566973863e-01,-9.526378451896633237e-02,1.789754913258363445e-01,5.352010854407129870e-01,9.061871905899598900e-01,1.128068429780815229e+00,1.128068428943647561e+00,9.061871882740062389e-01,5.352010821165347210e-01,1.789754874202671431e-01,-9.526378860148199124e-02,-2.817840311620747329e-01,-3.971890396766966091e-01,-4.610240790943054279e-01,-4.889597841730344285e-01,-4.915766156568661671e-01,-4.751068398430957629e-01,-4.426122432385577454e-01,-3.950830429272107480e-01,-3.323531471650271740e-01,-2.538630242789192692e-01,-1.593206644417479723e-01,-4.928298573983624919e-02,7.436305489904171395e-02,2.080786903911233665e-01,3.465874127427106544e-01,4.830864540774406635e-01,6.097689056697204180e-01,7.186009837158868763e-01,8.022302806727843461e-01,8.548466300229122794e-01,8.727969902801113733e-01,-1.000000000000000000e+00,-1.000000000000000000e+00,-1.000000000000000000e+00,-1.000000000000000000e+00,-1.000000000000000000e+00,-1.000000000000000000e+00,-1.000000000000000000e+00,-1.000000000000000000e+00,-1.000000000000000000e+00,-1.000000000000000000e+00,-1.000000000000000000e+00,-1.000000000000000000e+00,-1.000000000000000000e+00,-1.000000000000000000e+00,-1.000000000000000000e+00,-1.000000000000000000e+00,-1.000000000000000000e+00,-1.000000000000000000e+00,-1.000000000000000000e+00,-1.000000000000000000e+00,-1.000000000000000000e+00,-1.000000000000000000e+00,-1.000000000000000000e+00,-1.000000000000000000e+00,-1.000000000000000000e+00,-1.000000000000000000e+00,-1.000000000000000000e+00,-1.000000000000000000e+00,-1.000000000000000000e+00,-1.000000000000000000e+00,-1.000000000000000000e+00,-1.000000000000000000e+00,-1.000000000000000000e+00,-1.000000000000000000e+00,-1.000000000000000000e+00,-1.000000000000000000e+00,-1.000000000000000000e+00,-1.000000000000000000e+00,-1.000000000000000000e+00,-1.000000000000000000e+00,-1.000000000000000000e+00,-1.000000000000000000e+00,-1.000000000000000000e+00,-1.000000000000000000e+00,-1.000000000000000000e+00,-1.000000000000000000e+00
-1.000000000000000000e+00,-1.000000000000000000e+00,-1.000000000000000000e+00,-1.000000000000000000e+00,-1.000000000000000000e+00,-1.000000000000000000e+00,-1.000000000000000000e+00,-1.000000000000000000e+00,-1.000000000000000000e+00,-1.000000000000000000e+00,-1.000000000000000000e+00,-1.000000000000000000e+00,-1.000000000000000000e+00,-1.000000000000000000e+00,-1.000000000000000000e+00,-1.000000000000000000e+00,-1.000000000000000000e+00,-1.000000000000000000e+00,-1.000000000000000000e+00,-1.000000000000000000e+00,-1.000000000000000000e+00,-1.000000000000000000e+00,-1.000000000000000000e+00,-1.000000000000000000e+00,-1.000000000000000000e+00,-1.000000000000000000e+00,-1.000000000000000000e+00,-1.000000000000000000e+00,-1.000000000000000000e+00,-1.000000000000000000e+00,-1.000000000000000000e+00,-1.000000000000000000e+00,-1.000000000000000000e+00,-1.000000000000000000e+00,-1.000000000000000000e+00,-1.000000000000000000e+00,-1.000000000000000000e+00,-1.000000000000000000e+00,-1.000000000000000000e+00,-1.000000000000000000e+00,-1.000000000000000000e+00,-1.000000000000000000e+00,-1.000000000000000000e+00,-1.000000000000000000e+00,-1.000000000000000000e+00,-1.000000000000000000e+00,1.203443373405795214e+00,1.182029516532068669e+00,1.119040610992501072e+00,1.018327153519490658e+00,8.863317007179389861e-01,7.315333462611324222e-01,5.634989416919493621e-01,3.917997213583186422e-01,2.250103155102003427e-01,6.996644105679727943e-02,-6.860891013871661670e-02,-1.880930207132287535e-01,-2.876278099676143896e-01,-3.675625739762784505e-01,-4.287671576526630446e-01,-4.718647853139747994e-01,-4.963803964849553552e-01,-4.997617297266749858e-01,-4.762418434224890973e-01,-4.156433142458970664e-01,-3.026319091888955981e-01,-1.179336612867665224e-01,1.548510262837829998e-01,5.098697295784315742e-01,8.799040984422443756e-01,1.101260399663072320e+00,1.101260399047969685e+00,8.799040967638278588e-01,5.098697272338545972e-01,1.548510236134132967e-01,-1.179336639723276292e-01,-3.026319115509039648e-01,-4.156433159329804283e-01,-4.762418441844236128e-01,-4.997617295746605848e-01,-4.963803957709531645e-01,-4.718647846323271722e-01,-4.287671578350416013e-01,-3.675625759069749421e-01,-2.876278142239776514e-01,-1.880930274742329544e-01,-6.860891924100087635e-02,6.996643027756110911e-02,2.250103039147139938e-01,3.917997093789011842e-01,5.634989291974292769e-01,7.315333326003088388e-01,8.863316828916483203e-01,1.018327129969006428e+00,1.119040588845326312e+00,1.182029492946336191e+00,1.203443352965432034e+00,-1.000000000000000000e+00,-1.000000000000000000e+00,-1.000000000000000000e+00,-1.000000000000000000e+00,-1.000000000000000000e+00,-1.000000000000000000e+00,-1.000000000000000000e+00,-1.000000000000000000e+00,-1.000000000000000000e+00,-1.000000000000000000e+00,-1.000000000000000000e+00,-1.000000000000000000e+00,-1.000000000000000000e+00,-1.000000000000000000e+00,-1.000000000000000000e+00,-1.000000000000000000e+00,-1.000000000000000000e+00,-1.000000000000000000e+00,-1.000000000000000000e+00,-1.000000000000000000e+00,-1.000000000000000000e+00,-1.000000000000000000e+00,-1.000000000000000000e+00,-1.000000000000000000e+00,-1.000000000000000000e+00,-1.000000000000000000e+00,-1.000000000000000000e+00,-1.000000000000000000e+00,-1.000000000000000000e+00,-1.000000000000000000e+00,-1.000000000000000000e+00,-1.000000000000000000e+00,-1.000000000000000000e+00,-1.000000000000000000e+00,-1.000000000000000000e+00,-1.000000000000000000e+00,-1.000000000000000000e+00,-1.000000000000000000e+00,-1.000000000000000000e+00,-1.000000000000000000e+00,-1.000000000000000000e+00,-1.000000000000000000e+00,-1.000000000000000000e+00,-1.000000000000000000e+00,-1.000000000000000000e+00,-1.000000000000000000e+00
-1.000000000000000000e+00,-1.000000000000000000e+00,-1.000000000000000000e+00,-1.000000000000000000e+00,-1.000000000000000000e+00,-1.000000000000000000e+00,-1.000000000000000000e+00,-1.000000000000000000e+00,-1.000000000000000000e+00,-1.000000000000000000e+00,-1.000000000000000000e+00,-1.000000000000000000e+00,-1.000000000000000000e+00,-1.000000000000000000e+00,-1.000000000000000000e+00,-1.000000000000000000e+00,-1.000000000000000000e+00,-1.000000000000000000e+00,-1.000000000000000000e+00,-1.000000000000000000e+00,-1.000000000000000000e+00,-1.000000000000000000e+00,-1.000000000000000000e+00,-1.000000000000000000e+00,-1.000000000000000000e+00,-1.000000000000000000e+00,-1.000000000000000000e+00,-1.000000000000000000e+00,-1.000000000000000000e+00,-1.000000000000000000e+00,-1.000000000000000000e+00,-1.000000000000000000e+00,-1.000000000000000000e+00,-1.000000000000000000e+00,-1.000000000000000000e+00,-1.000000000000000000e+00,-1.000000000000000000e+00,-1.000000000000000000e+00,-1.000000000000000000e+00,-1.000000000000000000e+00,-1.000000000000000000e+00,-1.000000000000000000e+00,-1.000000000000000000e+00,-1.000000000000000000e+00,-1.000000000000000000e+00,-1.000000000000000000e+00,1.541568229790476252e+00,1.517480215593418613e+00,1.446229342350742186e+00,1.331246567180236262e+00,1.178943959849367396e+00,9.983257614946161596e-01,8.000508548484512872e-01,5.952560886273410290e-01,3.943415611757208339e-01,2.059454516966248150e-01,3.631041668363366171e-02,-1.108686330317540936e-01,-2.341560010726482233e-01,-3.337680711589001703e-01,-4.107804075050687231e-01,-4.662384380932413919e-01,-5.001958513410267315e-01,-5.106521998560475950e-01,-4.923614523581756330e-01,-4.356077951050165709e-01,-3.254489297597054076e-01,-1.429312463395238098e-01,1.281013824213461660e-01,4.816539412520040031e-01,8.505220103951636190e-01,1.071231261599476348e+00,1.071231261288112080e+00,8.505220095724084217e-01,4.816539401792603314e-01,1.281013812983893274e-01,-1.429312473417496676e-01,-3.254489304599026411e-01,-4.356077953388419743e-01,-4.923614520878158984e-01,-5.106521992965840084e-01,-5.001958509495318950e-01,-4.662384384375428681e-01,-4.107804092661888617e-01,-3.337680749235261146e-01,-2.341560070794939108e-01,-1.108686411649371095e-01,3.631040683222153120e-02,2.059454410007317549e-01,3.943415504795932947e-01,5.952560783307738745e-01,8.000508445679912484e-01,9.983257507302685241e-01,1.178943946215417427e+00,1.331246547489794096e+00,1.446229323350157969e+00,1.517480195245682673e+00,1.541568212261990034e+00,-1.000000000000000000e+00,-1.000000000000000000e+00,-1.000000000000000000e+00,-1.000000000000000000e+00,-1.000000000000000000e+00,-1.000000000000000000e+00,-1.000000000000000000e+00,-1.000000000000000000e+00,-1.000000000000000000e+00,-1.000000000000000000e+00,-1.000000000000000000e+00,-1.000000000000000000e+00,-1.000000000000000000e+00,-1.000000000000000000e+00,-1.000000000000000000e+00,-1.000000000000000000e+00,-1.000000000000000000e+00,-1.000000000000000000e+00,-1.000000000000000000e+00,-1.000000000000000000e+00,-1.000000000000000000e+00,-1.000000000000000000e+00,-1.000000000000000000e+00,-1.000000000000000000e+00,-1.000000000000000000e+00,-1.000000000000000000e+00,-1.000000000000000000e+00,-1.000000000000000000e+00,-1.000000000000000000e+00,-1.000000000000000000e+00,-1.000000000000000000e+00,-1.000000000000000000e+00,-1.000000000000000000e+00,-1.000000000000000000e+00,-1.000000000000000000e+00,-1.000000000000000000e+00,-1.000000000000000000e+00,-1.000000000000000000e+00,-1.000000000000000000e+00,-1.000000000000000000e+00,-1.000000000000000000e+00,-1.000000000000000000e+00,-1.000000000000000000e+00,-1.000000000000000000e+00,-1.000000000000000000e+00,-1.000000000000000000e+00
-1.000000000000000000e+00,-1.000000000000000000e+00,-1.000000000000000000e+00,-1.000000000000000000e+00,-1.000000000000000000e+00,-1.000000000000000000e+00,-1.000000000000000000e+00,-1.000000000000000000e+00,-1.000000000000000000e+00,-1.000000000000000000e+00,-1.000000000000000000e+00,-1.000000000000000000e+00,-1.000000000000000000e+00,-1.000000000000000000e+00,-1.000000000000000000e+00,-1.000000000000000000e+00,-1.000000000000000000e+00,-1.000000000000000000e+00,-1.000000000000000000e+00,-1.000000000000000000e+00,-1.000000000000000000e+00,-1.000000000000000000e+00,-1.000000000000000000e+00,-1.000000000000000000e+00,-1.000000000000000000e+00,-1.000000000000000000e+00,-1.000000000000000000e+00,-1.000000000000000000e+00,-1.000000000000000000e+00,-1.000000000000000000e+00,-1.000000000000000000e+00,-1.000000000000000000e+00,-1.000000000000000000e+00,-1.000000000000000000e+00,-1.000000000000000000e+00,-1.000000000000000000e+00,-1.000000000000000000e+00,-1.000000000000000000e+00,-1.000000000000000000e+00,-1.000000000000000000e+00,-1.000000000000000000e+00,-1.000000000000000000e+00,-1.000000000000000000e+00,-1.000000000000000000e+00,-1.000000000000000000e+00,-1.000000000000000000e+00,1.857583450561184790e+00,1.832259862208363899e+00,1.756714871702797609e+00,1.633123483175106472e+00,1.467009053928586049e+00,1.266982011901121474e+00,1.043949305454286325e+00,8.100375540939825925e-01,5.772607338318538339e-01,3.561804268962029951e-01,1.548978978537354223e-01,-2.139637022886642370e-02,-1.702874806845713351e-01,-2.915400632728859520e-01,-3.862189287810977589e-01,-4.556697351899119397e-01,-5.004264417350157146e-01,-5.190417747931963532e-01,-5.068213529493093006e-01,-4.545560305157909653e-01,-3.477449725747598919e-01,-1.678026058366048900e-01,1.011435888459439880e-01,4.529326571164400406e-01,8.203843002221171687e-01,1.040302783922852470e+00,1.040302783945033838e+00,8.203843003270483436e-01,4.529326573910656961e-01,1.011435893202241587e-01,-1.678026051521293027e-01,-3.477449716711769057e-01,-4.545560294225241549e-01,-5.068213518280151320e-01,-5.190417740197945662e-01,-5.004264418130013325e-01,-4.556697366161994722e-01,-3.862189320454936237e-01,-2.915400686538003328e-01,-1.702874881080260749e-01,-2.139637931868332288e-02,1.548978877255615672e-01,3.561804167506039676e-01,5.772607244570302498e-01,8.100375458252404570e-01,1.043949297706635804e+00,1.266982004309230803e+00,1.467009044718234456e+00,1.633123467732416678e+00,1.756714856080740184e+00,1.832259845497953954e+00,1.857583436119730536e+00,-1.000000000000000000e+00,-1.000000000000000000e+00,-1.000000000000000000e+00,-1.000000000000000000e+00,-1.000000000000000000e+00,-1.000000000000000000e+00,-1.000000000000000000e+00,-1.000000000000000000e+00,-1.000000000000000000e+00,-1.000000000000000000e+00,-1.000000000000000000e+00,-1.000000000000000000e+00,-1.000000000000000000e+00,-1.000000000000000000e+00,-1.000000000000000000e+00,-1.000000000000000000e+00,-1.000000000000000000e+00,-1.000000000000000000e+00,-1.000000000000000000e+00,-1.000000000000000000e+00,-1.000000000000000000e+00,-1.000000000000000000e+00,-1.000000000000000000e+00,-1.000000000000000000e+00,-1.000000000000000000e+00,-1.000000000000000000e+00,-1.000000000000000000e+00,-1.000000000000000000e+00,-1.000000000000000000e+00,-1.000000000000000000e+00,-1.000000000000000000e+00,-1.000000000000000000e+00,-1.000000000000000000e+00,-1.000000000000000000e+00,-1.000000000000000000e+00,-1.000000000000000000e+00,-1.000000000000000000e+00,-1.000000000000000000e+00,-1.000000000000000000e+00,-1.000000000000000000e+00,-1.000000000000000000e+00,-1.000000000000000000e+00,-1.000000000000000000e+00,-1.000000000000000000e+00,-1.000000000000000000e+00,-1.000000000000000000e+00
-1.000000000000000000e+00,-1.000000000000000000e+00,-1.000000000000000000e+00,-1.000000000000000000e+00,-1.000000000000000000e+00,-1.000000000000000000e+00,-1.000000000000000000e+00,-1.000000000000000000e+00,-1.000000000000000000e+00,-1.000000000000000000e+00,-1.000000000000000000e+00,-1.000000000000000000e+00,-1.000000000000000000e+00,-1.000000000000000000e+00,-1.000000000000000000e+00,-1.000000000000000000e+00,-1.000000000000000000e+00,-1.000000000000000000e+00,-1.000000000000000000e+00,-1.000000000000000000e+00,-1.000000000000000000e+00,-1.000000000000000000e+00,-1.000000000000000000e+00,-1.000000000000000000e+00,-1.000000000000000000e+00,-1.000000000000000000e+00,-1.000000000000000000e+00,-1.000000000000000000e+00,-1.000000000000000000e+00,-1.000000000000000000e+00,-1.000000000000000000e+00,-1.000000000000000000e+00,-1.000000000000000000e+00,-1.000000000000000000e+00,-1.000000000000000000e+00,-1.000000000000000000e+00,-1.000000000000000000e+00,-1.000000000000000000e+00,-1.000000000000000000e+00,-1.000000000000000000e+00,-1.000000000000000000e+00,-1.000000000000000000e+00,-1.000000000000000000e+00,-1.000000000000000000e+00,-1.000000000000000000e+00,-1.000000000000000000e+00,2.121163324022329988e+00,2.096441059996903888e+00,2.021761269928627591e+00,1.897184685499690104e+00,1.726672627972006602e+00,1.517417380836246998e+00,1.279375698885776735e+00,1.024639902833986760e+00,7.662248559393507463e-01,5.164709532881186504e-01,2.855705939621593359e-01,8.065731871745462911e-02,-9.436983592262571108e-02,-2.383711234234677789e-01,-3.520538870089549022e-01,-4.368329979631750959e-01,-4.935917624385721680e-01,-5.213798678301273526e-01,-5.160478591839270379e-01,-4.689156864552712634e-01,-3.659611364737651584e-01,-1.890086938702157937e-01,7.749218550732717148e-02,4.271920348805604561e-01,7.929485780048723953e-01,1.011914517301013561e+00,1.011914517630641441e+00,7.929485789551078412e-01,4.271920363564216672e-01,7.749218736925733708e-02,-1.890086917647160192e-01,-3.659611342749196083e-01,-4.689156843617094950e-01,-5.160478575139650914e-01,-5.213798670567602045e-01,-4.935917630551296398e-01,-4.368330003665841232e-01,-3.520538914899677962e-01,-2.383711299871595912e-01,-9.436984424892713719e-02,8.065730919848146385e-02,2.855705840421913777e-01,5.164709440602930357e-01,7.662248481203244310e-01,1.024639896685041407e+00,1.279375693693827643e+00,1.517417376373241922e+00,1.726672623045168109e+00,1.897184674357257350e+00,2.021761257645381171e+00,2.096441047078974051e+00,2.121163312599633421e+00,-1.000000000000000000e+00,-1.000000000000000000e+00,-1.000000000000000000e+00,-1.000000000000000000e+00,-1.000000000000000000e+00,-1.000000000000000000e+00,-1.000000000000000000e+00,-1.000000000000000000e+00,-1.000000000000000000e+00,-1.000000000000000000e+00,-1.000000000000000000e+00,-1.000000000000000000e+00,-1.000000000000000000e+00,-1.000000000000000000e+00,-1.000000000000000000e+00,-1.000000000000000000e+00,-1.000000000000000000e+00,-1.000000000000000000e+00,-1.000000000000000000e+00,-1.000000000000000000e+00,-1.000000000000000000e+00,-1.000000000000000000e+00,-1.000000000000000000e+00,-1.000000000000000000e+00,-1.000000000000000000e+00,-1.000000000000000000e+00,-1.000000000000000000e+00,-1.000000000000000000e+00,-1.000000000000000000e+00,-1.000000000000000000e+00,-1.000000000000000000e+00,-1.000000000000000000e+00,-1.000000000000000000e+00,-1.000000000000000000e+00,-1.000000000000000000e+00,-1.000000000000000000e+00,-1.000000000000000000e+00,-1.000000000000000000e+00,-1.000000000000000000e+00,-1.000000000000000000e+00,-1.000000000000000000e+00,-1.000000000000000000e+00,-1.000000000000000000e+00,-1.000000000000000000e+00,-1.000000000000000000e+00,-1.000000000000000000e+00
-1.000000000000000000e+00,-1.000000000000000000e+00,-1.000000000000000000e+00,-1.000000000000000000e+00,-1.000000000000000000e+00,-1.000000000000000000e+00,-1.000000000000000000e+00,-1.000000000000000000e+00,-1.000000000000000000e+00,-1.000000000000000000e+00,-1.000000000000000000e+00,-1.000000000000000000e+00,-1.000000000000000000e+00,-1.000000000000000000e+00,-1.000000000000000000e+00,-1.000000000000000000e+00,-1.000000000000000000e+00,-1.000000000000000000e+00,-1.000000000000000000e+00,-1.000000000000000000e+00,-1.000000000000000000e+00,-1.000000000000000000e+00,-1.000000000000000000e+00,-1.000000000000000000e+00,-1.000000000000000000e+00,-1.000000000000000000e+00,-1.000000000000000000e+00,-1.000000000000000000e+00,-1.000000000000000000e+00,-1.000000000000000000e+00,-1.000000000000000000e+00,-1.000000000000000000e+00,-1.000000000000000000e+00,-1.000000000000000000e+00,-1.000000000000000000e+00,-1.000000000000000000e+00,-1.000000000000000000e+00,-1.000000000000000000e+00,-1.000000000000000000e+00,-1.000000000000000000e+00,-1.000000000000000000e+00,-1.000000000000000000e+00,-1.000000000000000000e+00,-1.000000000000000000e+00,-1.000000000000000000e+00,-1.000000000000000000e+00,2.310482855711325278e+00,2.288092332446419519e+00,2.219237947590167792e+00,2.101199953763583927e+00,1.936509983312302730e+00,1.730149868030685489e+00,1.489792535537659113e+00,1.226101914186529029e+00,9.520113107333338931e-01,6.810745132458295714e-01,4.255333921355433091e-01,1.948046681341173425e-01,-5.200840461276001747e-03,-1.718900600165138570e-01,-3.051452050142460237e-01,-4.061049626287411840e-01,-4.757776751244788827e-01,-5.135845290459197798e-01,-5.158664797248944112e-01,-4.744639587347041498e-01,-3.758515951510128517e-01,-2.022953540117553572e-01,6.140011212419071995e-02,4.086765716616085342e-01,7.724465930994481866e-01,9.902887709560204144e-01,9.902887715180197503e-01,7.724465946795753268e-01,4.086765740082975995e-01,6.140011495716191092e-02,-2.022953509558567120e-01,-3.758515921443823515e-01,-4.744639560973871184e-01,-5.158664778709232124e-01,-5.135845284750812922e-01,-4.757776762738918919e-01,-4.061049657832942472e-01,-3.051452102866942795e-01,-1.718900672056671297e-01,-5.200849090042147793e-03,1.948046587439860033e-01,4.255333828640344151e-01,6.810745051772952863e-01,9.520113045138618446e-01,1.226101910015191976e+00,1.489792532648979595e+00,1.730149866346193832e+00,1.936509982161961574e+00,2.101199946610685210e+00,2.219237938324166493e+00,2.288092323197992606e+00,2.310482847003404672e+00,-1.000000000000000000e+00,-1.000000000000000000e+00,-1.000000000000000000e+00,-1.000000000000000000e+00,-1.000000000000000000e+00,-1.000000000000000000e+00,-1.000000000000000000e+00,-1.000000000000000000e+00,-1.000000000000000000e+00,-1.000000000000000000e+00,-1.000000000000000000e+00,-1.000000000000000000e+00,-1.000000000000000000e+00,-1.000000000000000000e+00,-1.000000000000000000e+00,-1.000000000000000000e+00,-1.000000000000000000e+00,-1.000000000000000000e+00,-1.000000000000000000e+00,-1.000000000000000000e+00,-1.000000000000000000e+00,-1.000000000000000000e+00,-1.000000000000000000e+00,-1.000000000000000000e+00,-1.000000000000000000e+00,-1.000000000000000000e+00,-1.000000000000000000e+00,-1.000000000000000000e+00,-1.000000000000000000e+00,-1.000000000000000000e+00,-1.000000000000000000e+00,-1.000000000000000000e+00,-1.000000000000000000e+00,-1.000000000000000000e+00,-1.000000000000000000e+00,-1.000000000000000000e+00,-1.000000000000000000e+00,-1.000000000000000000e+00,-1.000000000000000000e+00,-1.000000000000000000e+00,-1.000000000000000000e+00,-1.000000000000000000e+00,-1.000000000000000000e+00,-1.000000000000000000e+00,-1.000000000000000000e+00,-1.000000000000000000e+00
-1.000000000000000000e+00,-1.000000000000000000e+00,-1.000000000000000000e+00,-1.000000000000000000e+00,-1.000000000000000000e+00,-1.000000000000000000e+00,-1.000000000000000000e+00,-1.000000000000000000e+00,-1.000000000000000000e+00,-1.000000000000000000e+00,-1.000000000000000000e+00,-1.000000000000000000e+00,-1.000000000000000000e+00,-1.000000000000000000e+00,-1.000000000000000000e+00,-1.000000000000000000e+00,-1.000000000000000000e+00,-1.000000000000000000e+00,-1.000000000000000000e+00,-1.000000000000000000e+00,-1.000000000000000000e+00,-1.000000000000000000e+00,-1.000000000000000000e+00,-1.000000000000000000e+00,-1.000000000000000000e+00,-1.000000000000000000e+00,-1.000000000000000000e+00,-1.000000000000000000e+00,-1.000000000000000000e+00,-1.000000000000000000e+00,-1.000000000000000000e+00,-1.000000000000000000e+00,-1.000000000000000000e+00,-1.000000000000000000e+00,-1.000000000000000000e+00,-1.000000000000000000e+00,-1.000000000000000000e+00,-1.000000000000000000e+00,-1.000000000000000000e+00,-1.000000000000000000e+00,-1.000000000000000000e+00,-1.000000000000000000e+00,-1.000000000000000000e+00,-1.000000000000000000e+00,-1.000000000000000000e+00,-1.000000000000000000e+00,2.419185154991366105e+00,2.400258775640146780e+00,2.340604771556781927e+00,2.234156787810202438e+00,2.083675787210339969e+00,1.891488018887180544e+00,1.661861697672872396e+00,1.402604992410759088e+00,1.125163106659215373e+00,8.432647770509209550e-01,5.707234270546761579e-01,3.192925175255716397e-01,9.730212639698709864e-02,-9.064885091575991538e-02,-2.430797541838609632e-01,-3.604163496251384657e-01,-4.434815424112805715e-01,-4.918726066970622313e-01,-5.023144256578726541e-01,-4.671228679783272497e-01,-3.732631608476877361e-01,-2.034584972879400766e-01,5.710721460255197002e-02,4.016509495008158126e-01,7.631580012150847026e-01,9.797114523371375228e-01,9.797114530237278629e-01,7.631580031232640948e-01,4.016509522742017779e-01,5.710721787107697622e-02,-2.034584938595660475e-01,-3.732631576014373564e-01,-4.671228652964041217e-01,-5.023144239840835468e-01,-4.918726064944509702e-01,-4.434815440296118183e-01,-3.604163532414812465e-01,-2.430797597736900073e-01,-9.064885815328782570e-02,9.730211805254107560e-02,3.192925087721105726e-01,5.707234187796181857e-01,8.432647702520084110e-01,1.125163101920112041e+00,1.402604989890963161e+00,1.661861696617977557e+00,1.891488019383730901e+00,2.083675789027961578e+00,2.234156784018980879e+00,2.340604764762153955e+00,2.400258769700658767e+00,2.419185148535704322e+00,-1.000000000000000000e+00,-1.000000000000000000e+00,-1.000000000000000000e+00,-1.000000000000000000e+00,-1.000000000000000000e+00,-1.000000000000000000e+00,-1.000000000000000000e+00,-1.000000000000000000e+00,-1.000000000000000000e+00,-1.000000000000000000e+00,-1.000000000000000000e+00,-1.000000000000000000e+00,-1.000000000000000000e+00,-1.000000000000000000e+00,-1.000000000000000000e+00,-1.000000000000000000e+00,-1.000000000000000000e+00,-1.000000000000000000e+00,-1.000000000000000000e+00,-1.000000000000000000e+00,-1.000000000000000000e+00,-1.000000000000000000e+00,-1.000000000000000000e+00,-1.000000000000000000e+00,-1.000000000000000000e+00,-1.000000000000000000e+00,-1.000000000000000000e+00,-1.000000000000000000e+00,-1.000000000000000000e+00,-1.000000000000000000e+00,-1.000000000000000000e+00,-1.000000000000000000e+00,-1.000000000000000000e+00,-1.000000000000000000e+00,-1.000000000000000000e+00,-1.000000000000000000e+00,-1.000000000000000000e+00,-1.000000000000000000e+00,-1.000000000000000000e+00,-1.000000000000000000e+00,-1.000000000000000000e+00,-1.000000000000000000e+00,-1.000000000000000000e+00,-1.000000000000000000e+00,-1.000000000000000000e+00,-1.000000000000000000e+00
-1.000000000000000000e+00,-1.000000000000000000e+00,-1.000000000000000000e+00,-1.000000000000000000e+00,-1.000000000000000000e+00,-1.000000000000000000e+00,-1.000000000000000000e+00,-1.000000000000000000e+00,-1.000000000000000000e+00,-1.000000000000000000e+00,-1.000000000000000000e+00,-1.000000000000000000e+00,-1.000000000000000000e+00,-1.000000000000000000e+00,-1.000000000000000000e+00,-1.000000000000000000e+00,-1.000000000000000000e+00,-1.000000000000000000e+00,-1.000000000000000000e+00,-1.000000000000000000e+00,-1.000000000000000000e+00,-1.000000000000000000e+00,-1.000000000000000000e+00,-1.000000000000000000e+00,-1.000000000000000000e+00,-1.000000000000000000e+00,-1.000000000000000000e+00,-1.000000000000000000e+00,-1.000000000000000000e+00,-1.000000000000000000e+00,-1.000000000000000000e+00,-1.000000000000000000e+00,-1.000000000000000000e+00,-1.000000000000000000e+00,-1.000000000000000000e+00,-1.000000000000000000e+00,-1.000000000000000000e+00,-1.000000000000000000e+00,-1.000000000000000000e+00,-1.000000000000000000e+00,-1.000000000000000000e+00,-1.000000000000000000e+00,-1.000000000000000000e+00,-1.000000000000000000e+00,-1.000000000000000000e+00,-1.000000000000000000e+00,2.456120953579086219e+00,2.441010526299325356e+00,2.391923549814293004e+00,2.298507140847428687e+00,2.167380460175237999e+00,1.997425292576780365e+00,1.789009829015801856e+00,1.546224752055668894e+00,1.277744501318307080e+00,9.961488190852056945e-01,7.158739532351878765e-01,4.506275898753004938e-01,2.112772283266863838e-01,4.844951827091215080e-03,-1.653136989547512314e-01,-2.984425956140466241e-01,-3.948156776626756681e-01,-4.539573579519391444e-01,-4.728242665173132409e-01,-4.441265789165873556e-01,-3.552864713879300140e-01,-1.894799551236561186e-01,6.771940045800484143e-02,4.092943506556263600e-01,7.683188366756734666e-01,9.834491920941133003e-01,9.834491927863666660e-01,7.683188385834229805e-01,4.092943533840998072e-01,6.771940360974504358e-02,-1.894799519008127930e-01,-3.552864684498029391e-01,-4.441265766490962719e-01,-4.728242653344807422e-01,-4.539573582329321511e-01,-3.948156796546511416e-01,-2.984425994028470086e-01,-1.653137044266195232e-01,4.844945042627557541e-03,2.112772207522581880e-01,4.506275821513607838e-01,7.158739461812038130e-01,9.961488135459406479e-01,1.277744497822143721e+00,1.546224750743077081e+00,1.789009829194475820e+00,1.997425294514758143e+00,2.167380463989691641e+00,2.298507139602648408e+00,2.391923544829434256e+00,2.441010523162647772e+00,2.456120948853936170e+00,-1.000000000000000000e+00,-1.000000000000000000e+00,-1.000000000000000000e+00,-1.000000000000000000e+00,-1.000000000000000000e+00,-1.000000000000000000e+00,-1.000000000000000000e+00,-1.000000000000000000e+00,-1.000000000000000000e+00,-1.000000000000000000e+00,-1.000000000000000000e+00,-1.000000000000000000e+00,-1.000000000000000000e+00,-1.000000000000000000e+00,-1.000000000000000000e+00,-1.000000000000000000e+00,-1.000000000000000000e+00,-1.000000000000000000e+00,-1.000000000000000000e+00,-1.000000000000000000e+00,-1.000000000000000000e+00,-1.000000000000000000e+00,-1.000000000000000000e+00,-1.000000000000000000e+00,-1.000000000000000000e+00,-1.000000000000000000e+00,-1.000000000000000000e+00,-1.000000000000000000e+00,-1.000000000000000000e+00,-1.000000000000000000e+00,-1.000000000000000000e+00,-1.000000000000000000e+00,-1.000000000000000000e+00,-1.000000000000000000e+00,-1.000000000000000000e+00,-1.000000000000000000e+00,-1.000000000000000000e+00,-1.000000000000000000e+00,-1.000000000000000000e+00,-1.000000000000000000e+00,-1.000000000000000000e+00,-1.000000000000000000e+00,-1.000000000000000000e+00,-1.000000000000000000e+00,-1.000000000000000000e+00,-1.000000000000000000e+00
-1.000000000000000000e+00,-1.000000000000000000e+00,-1.000000000000000000e+00,-1.000000000000000000e+00,-1.000000000000000000e+00,-1.000000000000000000e+00,-1.000000000000000000e+00,-1.000000000000000000e+00,-1.000000000000000000e+00,-1.000000000000000000e+00,-1.000000000000000000e+00,-1.000000000000000000e+00,-1.000000000000000000e+00,-1.000000000000000000e+00,-1.000000000000000000e+00,-1.000000000000000000e+00,-1.000000000000000000e+00,-1.000000000000000000e+00,-1.000000000000000000e+00,-1.000000000000000000e+00,-1.000000000000000000e+00,-1.000000000000000000e+00,-1.000000000000000000e+00,-1.000000000000000000e+00,-1.000000000000000000e+00,-1.000000000000000000e+00,-1.000000000000000000e+00,-1.000000000000000000e+00,-1.000000000000000000e+00,-1.000000000000000000e+00,-1.000000000000000000e+00,-1.000000000000000000e+00,-1.000000000000000000e+00,-1.000000000000000000e+00,-1.000000000000000000e+00,-1.000000000000000000e+00,-1.000000000000000000e+00,-1.000000000000000000e+00,-1.000000000000000000e+00,-1.000000000000000000e+00,-1.000000000000000000e+00,-1.000000000000000000e+00,-1.000000000000000000e+00,-1.000000000000000000e+00,-1.000000000000000000e+00,-1.000000000000000000e+00,2.434002041634132141e+00,2.422009065057183719e+00,2.382680998883734524e+00,2.306732166378940185e+00,2.198186369753808656e+00,2.054329386506545063e+00,1.872908926571159149e+00,1.654608448777205254e+00,1.404710892362142083e+00,1.133448595632256861e+00,8.546521627074508132e-01,5.831585833449173251e-01,3.320872649792203646e-01,1.110242733143680383e-01,-7.443799462591638161e-02,-2.219530440043158137e-01,-3.308913623269482684e-01,-4.004397259719789659e-01,-4.276088470969856559e-01,-4.053945187668857031e-01,-3.216159975891281775e-01,-1.598745183218612809e-01,9.387457346731942209e-02,4.323799895922979530e-01,7.888144701959607374e-01,1.002450838638576869e+00,1.002450839228324675e+00,7.888144718080329909e-01,4.323799918604498416e-01,9.387457602846094318e-02,-1.598745157865009148e-01,-3.216159954003954269e-01,-4.053945172660755603e-01,-4.276088466239196251e-01,-4.004397267954917794e-01,-3.308913645906406131e-01,-2.219530477253366385e-01,-7.443799964608643904e-02,1.110242673451109496e-01,3.320872585052798698e-01,5.831585768935445557e-01,8.546521569668641405e-01,1.133448591247194770e+00,1.404710889806279006e+00,1.654608448183937597e+00,1.872908927358225561e+00,2.054329389137810935e+00,2.198186374604643945e+00,2.306732166838360243e+00,2.382680995066952967e+00,2.422009064163093583e+00,2.434002038133084689e+00,-1.000000000000000000e+00,-1.000000000000000000e+00,-1.000000000000000000e+00,-1.000000000000000000e+00,-1.000000000000000000e+00,-1.000000000000000000e+00,-1.000000000000000000e+00,-1.000000000000000000e+00,-1.000000000000000000e+00,-1.000000000000000000e+00,-1.000000000000000000e+00,-1.000000000000000000e+00,-1.000000000000000000e+00,-1.000000000000000000e+00,-1.000000000000000000e+00,-1.000000000000000000e+00,-1.000000000000000000e+00,-1.000000000000000000e+00,-1.000000000000000000e+00,-1.000000000000000000e+00,-1.000000000000000000e+00,-1.000000000000000000e+00,-1.000000000000000000e+00,-1.000000000000000000e+00,-1.000000000000000000e+00,-1.000000000000000000e+00,-1.000000000000000000e+00,-1.000000000000000000e+00,-1.000000000000000000e+00,-1.000000000000000000e+00,-1.000000000000000000e+00,-1.000000000000000000e+00,-1.000000000000000000e+00,-1.000000000000000000e+00,-1.000000000000000000e+00,-1.000000000000000000e+00,-1.000000000000000000e+00,-1.000000000000000000e+00,-1.000000000000000000e+00,-1.000000000000000000e+00,-1.000000000000000000e+00,-1.000000000000000000e+00,-1.000000000000000000e+00,-1.000000000000000000e+00,-1.000000000000000000e+00,-1.000000000000000000e+00
-1.000000000000000000e+00,-1.000000000000000000e+00,-1.000000000000000000e+00,-1.000000000000000000e+00,-1.000000000000000000e+00,-1.000000000000000000e+00,-1.000000000000000000e+00,-1.000000000000000000e+00,-1.000000000000000000e+00,-1.000000000000000000e+00,-1.000000000000000000e+00,-1.000000000000000000e+00,-1.000000000000000000e+00,-1.000000000000000000e+00,-1.000000000000000000e+00,-1.000000000000000000e+00,-1.000000000000000000e+00,-1.000000000000000000e+00,-1.000000000000000000e+00,-1.000000000000000000e+00,-1.000000000000000000e+00,-1.000000000000000000e+00,-1.000000000000000000e+00,-1.000000000000000000e+00,-1.000000000000000000e+00,-1.000000000000000000e+00,-1.000000000000000000e+00,-1.000000000000000000e+00,-1.000000000000000000e+00,-1.000000000000000000e+00,-1.000000000000000000e+00,-1.000000000000000000e+00,-1.000000000000000000e+00,-1.000000000000000000e+00,-1.000000000000000000e+00,-1.000000000000000000e+00,-1.000000000000000000e+00,-1.000000000000000000e+00,-1.000000000000000000e+00,-1.000000000000000000e+00,-1.000000000000000000e+00,-1.000000000000000000e+00,-1.000000000000000000e+00,-1.000000000000000000e+00,-1.000000000000000000e+00,-1.000000000000000000e+00,2.385061360192720414e+00,2.375516415126334380e+00,2.344187691714910926e+00,2.283564376294171971e+00,2.195452989651283104e+00,2.076206963712691866e+00,1.921925421187342664e+00,1.730612077166324703e+00,1.504215221843257844e+00,1.249922109078072552e+00,9.798368410773239390e-01,7.088759289514090511e-01,4.517582105934465631e-01,2.204232868343307672e-01,2.279780345020387955e-02,-1.369431743102147436e-01,-2.570069833611459131e-01,-3.360204766982963775e-01,-3.708802081952295993e-01,-3.547490441591136801e-01,-2.757634845352452402e-01,-1.178984663450837189e-01,1.325392477030193916e-01,4.680776689332173390e-01,8.219890478264462175e-01,1.034161767497078444e+00,1.034161767904961060e+00,8.219890489292680513e-01,4.680776704482054740e-01,1.325392493508266156e-01,-1.178984648124812296e-01,-2.757634833694311283e-01,-3.547490436247695555e-01,-3.708802085332960630e-01,-3.360204780612789932e-01,-2.570069857990731066e-01,-1.369431777937890615e-01,2.279779908913504016e-02,2.204232818828018026e-01,4.517582053833351097e-01,7.088759238641406668e-01,9.798368366243792593e-01,1.249922105681968709e+00,1.504215219916478219e+00,1.730612076838606406e+00,1.921925422032733977e+00,2.076206966394284592e+00,2.195452994718766426e+00,2.283564377681448931e+00,2.344187688452641360e+00,2.375516415878209386e+00,2.385061357392309844e+00,-1.000000000000000000e+00,-1.000000000000000000e+00,-1.000000000000000000e+00,-1.000000000000000000e+00,-1.000000000000000000e+00,-1.000000000000000000e+00,-1.000000000000000000e+00,-1.000000000000000000e+00,-1.000000000000000000e+00,-1.000000000000000000e+00,-1.000000000000000000e+00,-1.000000000000000000e+00,-1.000000000000000000e+00,-1.000000000000000000e+00,-1.000000000000000000e+00,-1.000000000000000000e+00,-1.000000000000000000e+00,-1.000000000000000000e+00,-1.000000000000000000e+00,-1.000000000000000000e+00,-1.000000000000000000e+00,-1.000000000000000000e+00,-1.000000000000000000e+00,-1.000000000000000000e+00,-1.000000000000000000e+00,-1.000000000000000000e+00,-1.000000000000000000e+00,-1.000000000000000000e+00,-1.000000000000000000e+00,-1.000000000000000000e+00,-1.000000000000000000e+00,-1.000000000000000000e+00,-1.000000000000000000e+00,-1.000000000000000000e+00,-1.000000000000000000e+00,-1.000000000000000000e+00,-1.000000000000000000e+00,-1.000000000000000000e+00,-1.000000000000000000e+00,-1.000000000000000000e+00,-1.000000000000000000e+00,-1.000000000000000000e+00,-1.000000000000000000e+00,-1.000000000000000000e+00,-1.000000000000000000e+00,-1.000000000000000000e+00
-1.000000000000000000e+00,-1.000000000000000000e+00,-1.000000000000000000e+00,-1.000000000000000000e+00,-1.000000000000000000e+00,-1.000000000000000000e+00,-1.000000000000000000e+00,-1.000000000000000000e+00,-1.000000000000000000e+00,-1.000000000000000000e+00,-1.000000000000000000e+00,-1.000000000000000000e+00,-1.000000000000000000e+00,-1.000000000000000000e+00,-1.000000000000000000e+00,-1.000000000000000000e+00,-1.000000000000000000e+00,-1.000000000000000000e+00,-1.000000000000000000e+00,-1.000000000000000000e+00,-1.000000000000000000e+00,-1.000000000000000000e+00,-1.000000000000000000e+00,-1.000000000000000000e+00,-1.000000000000000000e+00,-1.000000000000000000e+00,-1.000000000000000000e+00,-1.000000000000000000e+00,-1.000000000000000000e+00,-1.000000000000000000e+00,-1.000000000000000000e+00,-1.000000000000000000e+00,-1.000000000000000000e+00,-1.000000000000000000e+00,-1.000000000000000000e+00,-1.000000000000000000e+00,-1.000000000000000000e+00,-1.000000000000000000e+00,-1.000000000000000000e+00,-1.000000000000000000e+00,-1.000000000000000000e+00,-1.000000000000000000e+00,-1.000000000000000000e+00,-1.000000000000000000e+00,-1.000000000000000000e+00,-1.000000000000000000e+00,2.332258160355871190e+00,2.324508950352166536e+00,2.299099542762897741e+00,2.249925971451063766e+00,2.177627869060853705e+00,2.078200042175510909e+00,1.946905936222139921e+00,1.779994123173063159e+00,1.576740888430484766e+00,1.341347785704342321e+00,1.083628950440947314e+00,8.177113898201895381e-01,5.591201179286695577e-01,3.216355854640360334e-01,1.152924642010448864e-01,-5.393510868974882300e-02,-1.830187969397556458e-01,-2.699152226500523000e-01,-3.112925736456144676e-01,-3.003769639657711821e-01,-2.255330529532919570e-01,-7.103606854735300402e-02,1.765113692972226644e-01,5.094465991391885495e-01,8.611304419316887504e-01,1.072004814275504536e+00,1.072004814461991806e+00,8.611304424222403497e-01,5.094465997690615922e-01,1.765113699000666614e-01,-7.103606812910356894e-02,-2.255330528857895089e-01,-3.003769644238243330e-01,-3.112925747668366938e-01,-2.699152244810507639e-01,-1.830187994546221830e-01,-5.393511183000843090e-02,1.152924605919194434e-01,3.216355815918898742e-01,5.591201140022432625e-01,8.177113860635163434e-01,1.083628947163936651e+00,1.341347783112542658e+00,1.576740886865753311e+00,1.779994122759449127e+00,1.946905936724060204e+00,2.078200044445457806e+00,2.177627873748925857e+00,2.249925973128891421e+00,2.299099539533899339e+00,2.324508952184478616e+00,2.332258157766455398e+00,-1.000000000000000000e+00,-1.000000000000000000e+00,-1.000000000000000000e+00,-1.000000000000000000e+00,-1.000000000000000000e+00,-1.000000000000000000e+00,-1.000000000000000000e+00,-1.000000000000000000e+00,-1.000000000000000000e+00,-1.000000000000000000e+00,-1.000000000000000000e+00,-1.000000000000000000e+00,-1.000000000000000000e+00,-1.000000000000000000e+00,-1.000000000000000000e+00,-1.000000000000000000e+00,-1.000000000000000000e+00,-1.000000000000000000e+00,-1.000000000000000000e+00,-1.000000000000000000e+00,-1.000000000000000000e+00,-1.000000000000000000e+00,-1.000000000000000000e+00,-1.000000000000000000e+00,-1.000000000000000000e+00,-1.000000000000000000e+00,-1.000000000000000000e+00,-1.000000000000000000e+00,-1.000000000000000000e+00,-1.000000000000000000e+00,-1.000000000000000000e+00,-1.000000000000000000e+00,-1.000000000000000000e+00,-1.000000000000000000e+00,-1.000000000000000000e+00,-1.000000000000000000e+00,-1.000000000000000000e+00,-1.000000000000000000e+00,-1.000000000000000000e+00,-1.000000000000000000e+00,-1.000000000000000000e+00,-1.000000000000000000e+00,-1.000000000000000000e+00,-1.000000000000000000e+00,-1.000000000000000000e+00,-1.000000000000000000e+00
-1.000000000000000000e+00,-1.000000000000000000e+00,-1.000000000000000000e+00,-1.000000000000000000e+00,-1.000000000000000000e+00,-1.000000000000000000e+00,-1.000000000000000000e+00,-1.000000000000000000e+00,-1.000000000000000000e+00,-1.000000000000000000e+00,-1.000000000000000000e+00,-1.000000000000000000e+00,-1.000000000000000000e+00,-1.000000000000000000e+00,-1.000000000000000000e+00,-1.000000000000000000e+00,-1.000000000000000000e+00,-1.000000000000000000e+00,-1.000000000000000000e+00,-1.000000000000000000e+00,-1.000000000000000000e+00,-1.000000000000000000e+00,-1.000000000000000000e+00,-1.000000000000000000e+00,-1.000000000000000000e+00,-1.000000000000000000e+00,-1.000000000000000000e+00,-1.000000000000000000e+00,-1.000000000000000000e+00,-1.000000000000000000e+00,-1.000000000000000000e+00,-1.000000000000000000e+00,-1.000000000000000000e+00,-1.000000000000000000e+00,-1.000000000000000000e+00,-1.000000000000000000e+00,-1.000000000000000000e+00,-1.000000000000000000e+00,-1.000000000000000000e+00,-1.000000000000000000e+00,-1.000000000000000000e+00,-1.000000000000000000e+00,-1.000000000000000000e+00,-1.000000000000000000e+00,-1.000000000000000000e+00,-1.000000000000000000e+00,2.290100627267890765e+00,2.283521350681183115e+00,2.261968891195447640e+00,2.220257646343825719e+00,2.158500776298316381e+00,2.072657515908301384e+00,1.957683009608112812e+00,1.808884568407100879e+00,1.623804273202939186e+00,1.404376299854548371e+00,1.158332849389698715e+00,8.986923494740137741e-01,6.411655190581377894e-01,4.007172726141776664e-01,1.889626165694977544e-01,1.332736271819801033e-02,-1.221075599281986612e-01,-2.146886450193612461e-01,-2.608357784652071132e-01,-2.537730253689387538e-01,-1.820069299841309274e-01,-3.002227901321585790e-02,2.153631249403158421e-01,5.463446492769463703e-01,8.963493778425561942e-01,1.106241563133799843e+00,1.106241563102024372e+00,8.963493777348023883e-01,5.463446490572909653e-01,2.153631245620832857e-01,-3.002227961560066660e-02,-1.820069308928822238e-01,-2.537730266732589612e-01,-2.608357802120053748e-01,-2.146886471714806177e-01,-1.221075624057936793e-01,1.332735999153111806e-02,1.889626137292426122e-01,4.007172697870338141e-01,6.411655163378320310e-01,8.986923469323961911e-01,1.158332847131962495e+00,1.404376297899699644e+00,1.623804271815782130e+00,1.808884567700427937e+00,1.957683009547080744e+00,2.072657517512718428e+00,2.158500780251684681e+00,2.220257647843523863e+00,2.261968887605932288e+00,2.283521353101917839e+00,2.290100624462533929e+00,-1.000000000000000000e+00,-1.000000000000000000e+00,-1.000000000000000000e+00,-1.000000000000000000e+00,-1.000000000000000000e+00,-1.000000000000000000e+00,-1.000000000000000000e+00,-1.000000000000000000e+00,-1.000000000000000000e+00,-1.000000000000000000e+00,-1.000000000000000000e+00,-1.000000000000000000e+00,-1.000000000000000000e+00,-1.000000000000000000e+00,-1.000000000000000000e+00,-1.000000000000000000e+00,-1.000000000000000000e+00,-1.000000000000000000e+00,-1.000000000000000000e+00,-1.000000000000000000e+00,-1.000000000000000000e+00,-1.000000000000000000e+00,-1.000000000000000000e+00,-1.000000000000000000e+00,-1.000000000000000000e+00,-1.000000000000000000e+00,-1.000000000000000000e+00,-1.000000000000000000e+00,-1.000000000000000000e+00,-1.000000000000000000e+00,-1.000000000000000000e+00,-1.000000000000000000e+00,-1.000000000000000000e+00,-1.000000000000000000e+00,-1.000000000000000000e+00,-1.000000000000000000e+00,-1.000000000000000000e+00,-1.000000000000000000e+00,-1.000000000000000000e+00,-1.000000000000000000e+00,-1.000000000000000000e+00,-1.000000000000000000e+00,-1.000000000000000000e+00,-1.000000000000000000e+00,-1.000000000000000000e+00,-1.000000000000000000e+00
-1.000000000000000000e+00,-1.000000000000000000e+00,-1.000000000000000000e+00,-1.000000000000000000e+00,-1.000000000000000000e+00,-1.000000000000000000e+00,-1.000000000000000000e+00,-1.000000000000000000e+00,-1.000000000000000000e+00,-1.000000000000000000e+00,-1.000000000000000000e+00,-1.000000000000000000e+00,-1.000000000000000000e+00,-1.000000000000000000e+00,-1.000000000000000000e+00,-1.000000000000000000e+00,-1.000000000000000000e+00,-1.000000000000000000e+00,-1.000000000000000000e+00,-1.000000000000000000e+00,-1.000000000000000000e+00,-1.000000000000000000e+00,-1.000000000000000000e+00,-1.000000000000000000e+00,-1.000000000000000000e+00,-1.000000000000000000e+00,-1.000000000000000000e+00,-1.000000000000000000e+00,-1.000000000000000000e+00,-1.000000000000000000e+00,-1.000000000000000000e+00,-1.000000000000000000e+00,-1.000000000000000000e+00,-1.000000000000000000e+00,-1.000000000000000000e+00,-1.000000000000000000e+00,-1.000000000000000000e+00,-1.000000000000000000e+00,-1.000000000000000000e+00,-1.000000000000000000e+00,-1.000000000000000000e+00,-1.000000000000000000e+00,-1.000000000000000000e+00,-1.000000000000000000e+00,-1.000000000000000000e+00,-1.000000000000000000e+00,2.267064137359258602e+00,2.261060091973205566e+00,2.241402212581409259e+00,2.203354992091312248e+00,2.146835555845997945e+00,2.067849281574915210e+00,1.961280564381075564e+00,1.822056709267050323e+00,1.646900931004503299e+00,1.436556168402861822e+00,1.197538259475712685e+00,9.420941836209095754e-01,6.858745411058784214e-01,4.443969268121614746e-01,2.301168975997498478e-01,5.127394072656077384e-02,-8.744076751412244164e-02,-1.830072484028546498e-01,-2.316844544564942154e-01,-2.266779845839188567e-01,-1.565606411524491648e-01,-5.924685718230904286e-03,2.382984597679067562e-01,5.682279502313631880e-01,9.173262235190549063e-01,1.126687023775491348e+00,1.126687023566408818e+00,9.173262229304119941e-01,5.682279493438393558e-01,2.382984586406466931e-01,-5.924687072223377982e-03,-1.565606427469949935e-01,-2.266779864404844247e-01,-2.316844565553930479e-01,-1.830072506524222931e-01,-8.744076980450543601e-02,5.127393848328765102e-02,2.301168955171446484e-01,4.443969249526578125e-01,6.858745394679779395e-01,9.420941821426449536e-01,1.197538258075432793e+00,1.436556166961042713e+00,1.646900929709803840e+00,1.822056708212098641e+00,1.961280563717489933e+00,2.067849282452051796e+00,2.146835558912488118e+00,2.203354993102651704e+00,2.241402208372939242e+00,2.261060094576835766e+00,2.267064133984624696e+00,-1.000000000000000000e+00,-1.000000000000000000e+00,-1.000000000000000000e+00,-1.000000000000000000e+00,-1.000000000000000000e+00,-1.000000000000000000e+00,-1.000000000000000000e+00,-1.000000000000000000e+00,-1.000000000000000000e+00,-1.000000000000000000e+00,-1.000000000000000000e+00,-1.000000000000000000e+00,-1.000000000000000000e+00,-1.000000000000000000e+00,-1.000000000000000000e+00,-1.000000000000000000e+00,-1.000000000000000000e+00,-1.000000000000000000e+00,-1.000000000000000000e+00,-1.000000000000000000e+00,-1.000000000000000000e+00,-1.000000000000000000e+00,-1.000000000000000000e+00,-1.000000000000000000e+00,-1.000000000000000000e+00,-1.000000000000000000e+00,-1.000000000000000000e+00,-1.000000000000000000e+00,-1.000000000000000000e+00,-1.000000000000000000e+00,-1.000000000000000000e+00,-1.000000000000000000e+00,-1.000000000000000000e+00,-1.000000000000000000e+00,-1.000000000000000000e+00,-1.000000000000000000e+00,-1.000000000000000000e+00,-1.000000000000000000e+00,-1.000000000000000000e+00,-1.000000000000000000e+00,-1.000000000000000000e+00,-1.000000000000000000e+00,-1.000000000000000000e+00,-1.000000000000000000e+00,-1.000000000000000000e+00,-1.000000000000000000e+00
-1.000000000000000000e+00,-1.000000000000000000e+00,-1.000000000000000000e+00,-1.000000000000000000e+00,-1.000000000000000000e+00,-1.000000000000000000e+00,-1.000000000000000000e+00,-1.000000000000000000e+00,-1.000000000000000000e+00,-1.000000000000000000e+00,-1.000000000000000000e+00,-1.000000000000000000e+00,-1.000000000000000000e+00,-1.000000000000000000e+00,-1.000000000000000000e+00,-1.000000000000000000e+00,-1.000000000000000000e+00,-1.000000000000000000e+00,-1.000000000000000000e+00,-1.000000000000000000e+00,-1.000000000000000000e+00,-1.000000000000000000e+00,-1.000000000000000000e+00,-1.000000000000000000e+00,-1.000000000000000000e+00,-1.000000000000000000e+00,-1.000000000000000000e+00,-1.000000000000000000e+00,-1.000000000000000000e+00,-1.000000000000000000e+00,-1.000000000000000000e+00,-1.000000000000000000e+00,-1.000000000000000000e+00,-1.000000000000000000e+00,-1.000000000000000000e+00,-1.000000000000000000e+00,-1.000000000000000000e+00,-1.000000000000000000e+00,-1.000000000000000000e+00,-1.000000000000000000e+00,-1.000000000000000000e+00,-1.000000000000000000e+00,-1.000000000000000000e+00,-1.000000000000000000e+00,-1.000000000000000000e+00,-1.000000000000000000e+00,2.267064138450587407e+00,2.261060092652144249e+00,2.241402213521203279e+00,2.203354992743007834e+00,2.146835557039620035e+00,2.067849282660157328e+00,1.961280565310865143e+00,1.822056710005971247e+00,1.646900931536549706e+00,1.436556168779450360e+00,1.197538259798592186e+00,9.420941839596590484e-01,6.858745415096203502e-01,4.443969272902563716e-01,2.301168981343346687e-01,5.127394128069973078e-02,-8.744076697732872105e-02,-1.830072479190594237e-01,-2.316844540508515848e-01,-2.266779842655992638e-01,-1.565606409221578232e-01,-5.924685577178401275e-03,2.382984598133743859e-01,5.682279501644051933e-01,9.173262233161203483e-01,1.126687023430471335e+00,1.126687023112649122e+00,9.173262224388478714e-01,5.682279488942612033e-01,2.382984582865201872e-01,-5.924687293127561816e-03,-1.565606427973094128e-01,-2.266779862792089872e-01,-2.316844561461834928e-01,-1.830072499820820653e-01,-8.744076889132923469e-02,5.127393961080795037e-02,2.301168968039375429e-01,4.443969263172826700e-01,6.858745408233168916e-01,9.420941833921183672e-01,1.197538259116964099e+00,1.436556167781542825e+00,1.646900930343599967e+00,1.822056708677776804e+00,1.961280564153075723e+00,2.067849282896928820e+00,2.146835559211941913e+00,2.203354993088287195e+00,2.241402208568551657e+00,2.261060095124699743e+00,2.267064134239573647e+00,-1.000000000000000000e+00,-1.000000000000000000e+00,-1.000000000000000000e+00,-1.000000000000000000e+00,-1.000000000000000000e+00,-1.000000000000000000e+00,-1.000000000000000000e+00,-1.000000000000000000e+00,-1.000000000000000000e+00,-1.000000000000000000e+00,-1.000000000000000000e+00,-1.000000000000000000e+00,-1.000000000000000000e+00,-1.000000000000000000e+00,-1.000000000000000000e+00,-1.000000000000000000e+00,-1.000000000000000000e+00,-1.000000000000000000e+00,-1.000000000000000000e+00,-1.000000000000000000e+00,-1.000000000000000000e+00,-1.000000000000000000e+00,-1.000000000000000000e+00,-1.000000000000000000e+00,-1.000000000000000000e+00,-1.000000000000000000e+00,-1.000000000000000000e+00,-1.000000000000000000e+00,-1.000000000000000000e+00,-1.000000000000000000e+00,-1.000000000000000000e+00,-1.000000000000000000e+00,-1.000000000000000000e+00,-1.000000000000000000e+00,-1.000000000000000000e+00,-1.000000000000000000e+00,-1.000000000000000000e+00,-1.000000000000000000e+00,-1.000000000000000000e+00,-1.000000000000000000e+00,-1.000000000000000000e+00,-1.000000000000000000e+00,-1.000000000000000000e+00,-1.000000000000000000e+00,-1.000000000000000000e+00,-1.000000000000000000e+00
-1.000000000000000000e+00,-1.000000000000000000e+00,-1.000000000000000000e+00,-1.000000000000000000e+00,-1.000000000000000000e+00,-1.000000000000000000e+00,-1.000000000000000000e+00,-1.000000000000000000e+00,-1.000000000000000000e+00,-1.000000000000000000e+00,-1.000000000000000000e+00,-1.000000000000000000e+00,-1.000000000000000000e+00,-1.000000000000000000e+00,-1.000000000000000000e+00,-1.000000000000000000e+00,-1.000000000000000000e+00,-1.000000000000000000e+00,-1.000000000000000000e+00,-1.000000000000000000e+00,-1.000000000000000000e+00,-1.000000000000000000e+00,-1.000000000000000000e+00,-1.000000000000000000e+00,-1.000000000000000000e+00,-1.000000000000000000e+00,-1.000000000000000000e+00,-1.000000000000000000e+00,-1.000000000000000000e+00,-1.000000000000000000e+00,-1.000000000000000000e+00,-1.000000000000000000e+00,-1.000000000000000000e+00,-1.000000000000000000e+00,-1.000000000000000000e+00,-1.000000000000000000e+00,-1.000000000000000000e+00,-1.000000000000000000e+00,-1.000000000000000000e+00,-1.000000000000000000e+00,-1.000000000000000000e+00,-1.000000000000000000e+00,-1.000000000000000000e+00,-1.000000000000000000e+00,-1.000000000000000000e+00,-1.000000000000000000e+00,2.290100630435756734e+00,2.283521352611387556e+00,2.261968893899923394e+00,2.220257648196404254e+00,2.158500779798296243e+00,2.072657519106638091e+00,1.957683012354448415e+00,1.808884570601580144e+00,1.623804274792122193e+00,1.404376300982499437e+00,1.158332850345845877e+00,8.986923504616157743e-01,6.411655202214046056e-01,4.007172739829725217e-01,1.889626180945729317e-01,1.332736429633563091e-02,-1.221075584002289105e-01,-2.146886436415238464e-01,-2.608357773075304920e-01,-2.537730244558389359e-01,-1.820069293166115543e-01,-3.002227859465023130e-02,2.153631250916401285e-01,5.463446491121892734e-01,8.963493772931805381e-01,1.106241562180780846e+00,1.106241561837735254e+00,8.963493763595575814e-01,5.463446477974827076e-01,2.153631235717980985e-01,-3.002228022734865220e-02,-1.820069310171623655e-01,-2.537730261892603423e-01,-2.608357790100424012e-01,-2.146886452075627005e-01,-1.221075597256788825e-01,1.332736330988470996e-02,1.889626175298122490e-01,4.007172738332007711e-01,6.411655203736419395e-01,8.986923506741364420e-01,1.158332850282025817e+00,1.404376300412217837e+00,1.623804273781697560e+00,1.808884569165353007e+00,1.957683010909827104e+00,2.072657518881915628e+00,2.158500781159201409e+00,2.220257647798993261e+00,2.261968888203758077e+00,2.283521354735273512e+00,2.290100625219574582e+00,-1.000000000000000000e+00,-1.000000000000000000e+00,-1.000000000000000000e+00,-1.000000000000000000e+00,-1.000000000000000000e+00,-1.000000000000000000e+00,-1.000000000000000000e+00,-1.000000000000000000e+00,-1.000000000000000000e+00,-1.000000000000000000e+00,-1.000000000000000000e+00,-1.000000000000000000e+00,-1.000000000000000000e+00,-1.000000000000000000e+00,-1.000000000000000000e+00,-1.000000000000000000e+00,-1.000000000000000000e+00,-1.000000000000000000e+00,-1.000000000000000000e+00,-1.000000000000000000e+00,-1.000000000000000000e+00,-1.000000000000000000e+00,-1.000000000000000000e+00,-1.000000000000000000e+00,-1.000000000000000000e+00,-1.000000000000000000e+00,-1.000000000000000000e+00,-1.000000000000000000e+00,-1.000000000000000000e+00,-1.000000000000000000e+00,-1.000000000000000000e+00,-1.000000000000000000e+00,-1.000000000000000000e+00,-1.000000000000000000e+00,-1.000000000000000000e+00,-1.000000000000000000e+00,-1.000000000000000000e+00,-1.000000000000000000e+00,-1.000000000000000000e+00,-1.000000000000000000e+00,-1.000000000000000000e+00,-1.000000000000000000e+00,-1.000000000000000000e+00,-1.000000000000000000e+00,-1.000000000000000000e+00,-1.000000000000000000e+00
-1.000000000000000000e+00,-1.000000000000000000e+00,-1.000000000000000000e+00,-1.000000000000000000e+00,-1.000000000000000000e+00,-1.000000000000000000e+00,-1.000000000000000000e+00,-1.000000000000000000e+00,-1.000000000000000000e+00,-1.000000000000000000e+00,-1.000000000000000000e+00,-1.000000000000000000e+00,-1.000000000000000000e+00,-1.000000000000000000e+00,-1.000000000000000000e+00,-1.000000000000000000e+00,-1.000000000000000000e+00,-1.000000000000000000e+00,-1.000000000000000000e+00,-1.000000000000000000e+00,-1.000000000000000000e+00,-1.000000000000000000e+00,-1.000000000000000000e+00,-1.000000000000000000e+00,-1.000000000000000000e+00,-1.000000000000000000e+00,-1.000000000000000000e+00,-1.000000000000000000e+00,-1.000000000000000000e+00,-1.000000000000000000e+00,-1.000000000000000000e+00,-1.000000000000000000e+00,-1.000000000000000000e+00,-1.000000000000000000e+00,-1.000000000000000000e+00,-1.000000000000000000e+00,-1.000000000000000000e+00,-1.000000000000000000e+00,-1.000000000000000000e+00,-1.000000000000000000e+00,-1.000000000000000000e+00,-1.000000000000000000e+00,-1.000000000000000000e+00,-1.000000000000000000e+00,-1.000000000000000000e+00,-1.000000000000000000e+00,2.332258165288637386e+00,2.324508953219308616e+00,2.299099546894232127e+00,2.249925974205727819e+00,2.177627874620616133e+00,2.078200047313090160e+00,1.946905940653586242e+00,1.779994126749905980e+00,1.576740891049380089e+00,1.341347787572734873e+00,1.083628951991371991e+00,8.177113913738800477e-01,5.591201197160371450e-01,3.216355875395615627e-01,1.152924664955445877e-01,-5.393510632564968432e-02,-1.830187946556440792e-01,-2.699152205907209279e-01,-3.112925719103571964e-01,-3.003769625855232661e-01,-2.255330519254261645e-01,-7.103606787529681554e-02,1.765113695862696730e-01,5.094465989700527331e-01,8.611304411983322638e-01,1.072004812943970542e+00,1.072004812662523676e+00,8.611304404484743102e-01,5.094465979562521341e-01,1.765113684836014940e-01,-7.103606898133385528e-02,-2.255330530029047154e-01,-3.003769636123081455e-01,-3.112925728430742112e-01,-2.699152213580378046e-01,-1.830187951795902990e-01,-5.393510650767385783e-02,1.152924667312857920e-01,3.216355881792365423e-01,5.591201206282363501e-01,8.177113922737273555e-01,1.083628952488540520e+00,1.341347787455967833e+00,1.576740890343748980e+00,1.779994125416438422e+00,1.946905939175371358e+00,2.078200046843558191e+00,2.177627875303024929e+00,2.249925973061726481e+00,2.299099540572631106e+00,2.324508954882016809e+00,2.332258159010002885e+00,-1.000000000000000000e+00,-1.000000000000000000e+00,-1.000000000000000000e+00,-1.000000000000000000e+00,-1.000000000000000000e+00,-1.000000000000000000e+00,-1.000000000000000000e+00,-1.000000000000000000e+00,-1.000000000000000000e+00,-1.000000000000000000e+00,-1.000000000000000000e+00,-1.000000000000000000e+00,-1.000000000000000000e+00,-1.000000000000000000e+00,-1.000000000000000000e+00,-1.000000000000000000e+00,-1.000000000000000000e+00,-1.000000000000000000e+00,-1.000000000000000000e+00,-1.000000000000000000e+00,-1.000000000000000000e+00,-1.000000000000000000e+00,-1.000000000000000000e+00,-1.000000000000000000e+00,-1.000000000000000000e+00,-1.000000000000000000e+00,-1.000000000000000000e+00,-1.000000000000000000e+00,-1.000000000000000000e+00,-1.000000000000000000e+00,-1.000000000000000000e+00,-1.000000000000000000e+00,-1.000000000000000000e+00,-1.000000000000000000e+00,-1.000000000000000000e+00,-1.000000000000000000e+00,-1.000000000000000000e+00,-1.000000000000000000e+00,-1.000000000000000000e+00,-1.000000000000000000e+00,-1.000000000000000000e+00,-1.000000000000000000e+00,-1.000000000000000000e+00,-1.000000000000000000e+00,-1.000000000000000000e+00,-1.000000000000000000e+00
-1.000000000000000000e+00,-1.000000000000000000e+00,-1.000000000000000000e+00,-1.000000000000000000e+00,-1.000000000000000000e+00,-1.000000000000000000e+00,-1.000000000000000000e+00,-1.000000000000000000e+00,-1.000000000000000000e+00,-1.000000000000000000e+00,-1.000000000000000000e+00,-1.000000000000000000e+00,-1.000000000000000000e+00,-1.000000000000000000e+00,-1.000000000000000000e+00,-1.000000000000000000e+00,-1.000000000000000000e+00,-1.000000000000000000e+00,-1.000000000000000000e+00,-1.000000000000000000e+00,-1.000000000000000000e+00,-1.000000000000000000e+00,-1.000000000000000000e+00,-1.000000000000000000e+00,-1.000000000000000000e+00,-1.000000000000000000e+00,-1.000000000000000000e+00,-1.000000000000000000e+00,-1.000000000000000000e+00,-1.000000000000000000e+00,-1.000000000000000000e+00,-1.000000000000000000e+00,-1.000000000000000000e+00,-1.000000000000000000e+00,-1.000000000000000000e+00,-1.000000000000000000e+00,-1.000000000000000000e+00,-1.000000000000000000e+00,-1.000000000000000000e+00,-1.000000000000000000e+00,-1.000000000000000000e+00,-1.000000000000000000e+00,-1.000000000000000000e+00,-1.000000000000000000e+00,-1.000000000000000000e+00,-1.000000000000000000e+00,2.385061366391724391e+00,2.375516418428678556e+00,2.344187696736404369e+00,2.283564379480748308e+00,2.195452996850645100e+00,2.076206970498661875e+00,1.921925427081809801e+00,1.730612081989242768e+00,1.504215225428331415e+00,1.249922111651837753e+00,9.798368431536346179e-01,7.088759309455809898e-01,4.517582128066601754e-01,2.204232893489708189e-01,2.279780619214477611e-02,-1.369431715101550040e-01,-2.570069806718313643e-01,-3.360204742815131596e-01,-3.708802061565243946e-01,-3.547490425226511590e-01,-2.757634832873776531e-01,-1.178984654828285628e-01,1.325392481507128295e-01,4.680776688761660864e-01,8.219890471353332728e-01,1.034161766121669324e+00,1.034161765982204884e+00,8.219890467910371257e-01,4.680776684802392396e-01,1.325392478377560579e-01,-1.178984656636474782e-01,-2.757634833422528686e-01,-3.547490424661106090e-01,-3.708802059880227375e-01,-3.360204739820815689e-01,-2.570069801962775458e-01,-1.369431707614010563e-01,2.279780728806191092e-02,2.204232907835388389e-01,4.517582144466274485e-01,7.088759324887163871e-01,9.798368442027740599e-01,1.249922112048166056e+00,1.504215225162967684e+00,1.730612080970574951e+00,1.921925425816764843e+00,2.076206969992670182e+00,2.195452997012893093e+00,2.283564377640153964e+00,2.344187690017034420e+00,2.375516419633751930e+00,2.385061359123779035e+00,-1.000000000000000000e+00,-1.000000000000000000e+00,-1.000000000000000000e+00,-1.000000000000000000e+00,-1.000000000000000000e+00,-1.000000000000000000e+00,-1.000000000000000000e+00,-1.000000000000000000e+00,-1.000000000000000000e+00,-1.000000000000000000e+00,-1.000000000000000000e+00,-1.000000000000000000e+00,-1.000000000000000000e+00,-1.000000000000000000e+00,-1.000000000000000000e+00,-1.000000000000000000e+00,-1.000000000000000000e+00,-1.000000000000000000e+00,-1.000000000000000000e+00,-1.000000000000000000e+00,-1.000000000000000000e+00,-1.000000000000000000e+00,-1.000000000000000000e+00,-1.000000000000000000e+00,-1.000000000000000000e+00,-1.000000000000000000e+00,-1.000000000000000000e+00,-1.000000000000000000e+00,-1.000000000000000000e+00,-1.000000000000000000e+00,-1.000000000000000000e+00,-1.000000000000000000e+00,-1.000000000000000000e+00,-1.000000000000000000e+00,-1.000000000000000000e+00,-1.000000000000000000e+00,-1.000000000000000000e+00,-1.000000000000000000e+00,-1.000000000000000000e+00,-1.000000000000000000e+00,-1.000000000000000000e+00,-1.000000000000000000e+00,-1.000000000000000000e+00,-1.000000000000000000e+00,-1.000000000000000000e+00,-1.000000000000000000e+00
-1.000000000000000000e+00,-1.000000000000000000e+00,-1.000000000000000000e+00,-1.000000000000000000e+00,-1.000000000000000000e+00,-1.000000000000000000e+00,-1.000000000000000000e+00,-1.000000000000000000e+00,-1.000000000000000000e+00,-1.000000000000000000e+00,-1.000000000000000000e+00,-1.000000000000000000e+00,-1.000000000000000000e+00,-1.000000000000000000e+00,-1.000000000000000000e+00,-1.000000000000000000e+00,-1.000000000000000000e+00,-1.000000000000000000e+00,-1.000000000000000000e+00,-1.000000000000000000e+00,-1.000000000000000000e+00,-1.000000000000000000e+00,-1.000000000000000000e+00,-1.000000000000000000e+00,-1.000000000000000000e+00,-1.000000000000000000e+00,-1.000000000000000000e+00,-1.000000000000000000e+00,-1.000000000000000000e+00,-1.000000000000000000e+00,-1.000000000000000000e+00,-1.000000000000000000e+00,-1.000000000000000000e+00,-1.000000000000000000e+00,-1.000000000000000000e+00,-1.000000000000000000e+00,-1.000000000000000000e+00,-1.000000000000000000e+00,-1.000000000000000000e+00,-1.000000000000000000e+00,-1.000000000000000000e+00,-1.000000000000000000e+00,-1.000000000000000000e+00,-1.000000000000000000e+00,-1.000000000000000000e+00,-1.000000000000000000e+00,2.434002048438201449e+00,2.422009068143424315e+00,2.382681004102499500e+00,2.306732169394591025e+00,2.198186378004440833e+00,2.054329394539292863e+00,1.872908933617160265e+00,1.654608454634436399e+00,1.404710896792638941e+00,1.133448598833162180e+00,8.546521652108358680e-01,5.831585856287748726e-01,3.320872673926240637e-01,1.110242759654154199e-01,-7.443799180352872469e-02,-2.219530411731556185e-01,-3.308913596466664941e-01,-4.004397235901135943e-01,-4.276088450989181666e-01,-4.053945171537289838e-01,-3.216159963251170595e-01,-1.598745173859041913e-01,9.387457405772714480e-02,4.323799897496671818e-01,7.888144697890844270e-01,1.002450837602316014e+00,1.002450837671082340e+00,7.888144700327179848e-01,4.323799902316132204e-01,9.387457483748118392e-02,-1.598745163199115638e-01,-3.216159950373533860e-01,-4.053945157136480404e-01,-4.276088435638403240e-01,-4.004397220019857428e-01,-3.308913579937620142e-01,-2.219530393608613039e-01,-7.443798975810089757e-02,1.110242782448294108e-01,3.320872697787642380e-01,5.831585878232603548e-01,8.546521668493713975e-01,1.133448599827922010e+00,1.404710897096324906e+00,1.654608454107832749e+00,1.872908932762371137e+00,2.054329394163149303e+00,2.198186377810347203e+00,2.306732166954695629e+00,2.382680997314381877e+00,2.422009069015201632e+00,2.434002040403084877e+00,-1.000000000000000000e+00,-1.000000000000000000e+00,-1.000000000000000000e+00,-1.000000000000000000e+00,-1.000000000000000000e+00,-1.000000000000000000e+00,-1.000000000000000000e+00,-1.000000000000000000e+00,-1.000000000000000000e+00,-1.000000000000000000e+00,-1.000000000000000000e+00,-1.000000000000000000e+00,-1.000000000000000000e+00,-1.000000000000000000e+00,-1.000000000000000000e+00,-1.000000000000000000e+00,-1.000000000000000000e+00,-1.000000000000000000e+00,-1.000000000000000000e+00,-1.000000000000000000e+00,-1.000000000000000000e+00,-1.000000000000000000e+00,-1.000000000000000000e+00,-1.000000000000000000e+00,-1.000000000000000000e+00,-1.000000000000000000e+00,-1.000000000000000000e+00,-1.000000000000000000e+00,-1.000000000000000000e+00,-1.000000000000000000e+00,-1.000000000000000000e+00,-1.000000000000000000e+00,-1.000000000000000000e+00,-1.000000000000000000e+00,-1.000000000000000000e+00,-1.000000000000000000e+00,-1.000000000000000000e+00,-1.000000000000000000e+00,-1.000000000000000000e+00,-1.000000000000000000e+00,-1.000000000000000000e+00,-1.000000000000000000e+00,-1.000000000000000000e+00,-1.000000000000000000e+00,-1.000000000000000000e+00,-1.000000000000000000e+00
-1.000000000000000000e+00,-1.000000000000000000e+00,-1.000000000000000000e+00,-1.000000000000000000e+00,-1.000000000000000000e+00,-1.000000000000000000e+00,-1.000000000000000000e+00,-1.000000000000000000e+00,-1.000000000000000000e+00,-1.000000000000000000e+00,-1.000000000000000000e+00,-1.000000000000000000e+00,-1.000000000000000000e+00,-1.000000000000000000e+00,-1.000000000000000000e+00,-1.000000000000000000e+00,-1.000000000000000000e+00,-1.000000000000000000e+00,-1.000000000000000000e+00,-1.000000000000000000e+00,-1.000000000000000000e+00,-1.000000000000000000e+00,-1.000000000000000000e+00,-1.000000000000000000e+00,-1.000000000000000000e+00,-1.000000000000000000e+00,-1.000000000000000000e+00,-1.000000000000000000e+00,-1.000000000000000000e+00,-1.000000000000000000e+00,-1.000000000000000000e+00,-1.000000000000000000e+00,-1.000000000000000000e+00,-1.000000000000000000e+00,-1.000000000000000000e+00,-1.000000000000000000e+00,-1.000000000000000000e+00,-1.000000000000000000e+00,-1.000000000000000000e+00,-1.000000000000000000e+00,-1.000000000000000000e+00,-1.000000000000000000e+00,-1.000000000000000000e+00,-1.000000000000000000e+00,-1.000000000000000000e+00,-1.000000000000000000e+00,2.456120960198965975e+00,2.441010528422790316e+00,2.391923554437902943e+00,2.298507143012514575e+00,2.167380468758156375e+00,1.997425301364583738e+00,1.789009836819166921e+00,1.546224758653777620e+00,1.277744506397244351e+00,9.961488227751953417e-01,7.158739560340690034e-01,4.506275922863993699e-01,2.112772307171866260e-01,4.844954320405214787e-03,-1.653136964110810680e-01,-2.984425931548431166e-01,-3.948156754130893731e-01,-4.539573560160370391e-01,-4.728242649344451820e-01,-4.441265776475802340e-01,-3.552864703608671348e-01,-1.894799542831995254e-01,6.771940112438290527e-02,4.092943510866788870e-01,7.683188367640108041e-01,9.834491917657111060e-01,9.834491920886963001e-01,7.683188377218668208e-01,4.092943526262562415e-01,6.771940320504743482e-02,-1.894799517507870235e-01,-3.552864675125242400e-01,-4.441265746184139829e-01,-4.728242618457043633e-01,-4.539573529689402420e-01,-3.948156724258797823e-01,-2.984425901382463664e-01,-1.653136932958005900e-01,4.844957538795213736e-03,2.112772339166086866e-01,4.506275951893403686e-01,7.158739583398823214e-01,9.961488244693184058e-01,1.277744507378931083e+00,1.546224758739085381e+00,1.789009836495511152e+00,1.997425301222686578e+00,2.167380468358396151e+00,2.298507140125763293e+00,2.391923548010384870e+00,2.441010529208453406e+00,2.456120951783216100e+00,-1.000000000000000000e+00,-1.000000000000000000e+00,-1.000000000000000000e+00,-1.000000000000000000e+00,-1.000000000000000000e+00,-1.000000000000000000e+00,-1.000000000000000000e+00,-1.000000000000000000e+00,-1.000000000000000000e+00,-1.000000000000000000e+00,-1.000000000000000000e+00,-1.000000000000000000e+00,-1.000000000000000000e+00,-1.000000000000000000e+00,-1.000000000000000000e+00,-1.000000000000000000e+00,-1.000000000000000000e+00,-1.000000000000000000e+00,-1.000000000000000000e+00,-1.000000000000000000e+00,-1.000000000000000000e+00,-1.000000000000000000e+00,-1.000000000000000000e+00,-1.000000000000000000e+00,-1.000000000000000000e+00,-1.000000000000000000e+00,-1.000000000000000000e+00,-1.000000000000000000e+00,-1.000000000000000000e+00,-1.000000000000000000e+00,-1.000000000000000000e+00,-1.000000000000000000e+00,-1.000000000000000000e+00,-1.000000000000000000e+00,-1.000000000000000000e+00,-1.000000000000000000e+00,-1.000000000000000000e+00,-1.000000000000000000e+00,-1.000000000000000000e+00,-1.000000000000000000e+00,-1.000000000000000000e+00,-1.000000000000000000e+00,-1.000000000000000000e+00,-1.000000000000000000e+00,-1.000000000000000000e+00,-1.000000000000000000e+00
-1.000000000000000000e+00,-1.000000000000000000e+00,-1.000000000000000000e+00,-1.000000000000000000e+00,-1.000000000000000000e+00,-1.000000000000000000e+00,-1.000000000000000000e+00,-1.000000000000000000e+00,-1.000000000000000000e+00,-1.000000000000000000e+00,-1.000000000000000000e+00,-1.000000000000000000e+00,-1.000000000000000000e+00,-1.000000000000000000e+00,-1.000000000000000000e+00,-1.000000000000000000e+00,-1.000000000000000000e+00,-1.000000000000000000e+00,-1.000000000000000000e+00,-1.000000000000000000e+00,-1.000000000000000000e+00,-1.000000000000000000e+00,-1.000000000000000000e+00,-1.000000000000000000e+00,-1.000000000000000000e+00,-1.000000000000000000e+00,-1.000000000000000000e+00,-1.000000000000000000e+00,-1.000000000000000000e+00,-1.000000000000000000e+00,-1.000000000000000000e+00,-1.000000000000000000e+00,-1.000000000000000000e+00,-1.000000000000000000e+00,-1.000000000000000000e+00,-1.000000000000000000e+00,-1.000000000000000000e+00,-1.000000000000000000e+00,-1.000000000000000000e+00,-1.000000000000000000e+00,-1.000000000000000000e+00,-1.000000000000000000e+00,-1.000000000000000000e+00,-1.000000000000000000e+00,-1.000000000000000000e+00,-1.000000000000000000e+00,2.419185160567575821e+00,2.400258776030335994e+00,2.340604774760487672e+00,2.234156788445813113e+00,2.083675795347300408e+00,1.891488027881660372e+00,1.661861705772874842e+00,1.402604999379190254e+00,1.125163112106752905e+00,8.432647810230768926e-01,5.707234299801315913e-01,3.192925198942129228e-01,9.730212856181985615e-02,-9.064884883367341217e-02,-2.430797522257082122e-01,-3.604163478862574266e-01,-4.434815409651911011e-01,-4.918726055818520848e-01,-5.023144248457542815e-01,-4.671228673738312409e-01,-3.732631603277436483e-01,-2.034584967450276949e-01,5.710721523245076980e-02,4.016509502083440708e-01,7.631580019426964512e-01,9.797114530121868725e-01,9.797114536103084248e-01,7.631580036718492721e-01,4.016509528870004786e-01,5.710721870770374409e-02,-2.034584926480649258e-01,-3.732631558204211331e-01,-4.671228626587842214e-01,-5.023144201050513402e-01,-4.918726009653386910e-01,-4.434815365147386501e-01,-3.604163435248652902e-01,-2.430797478993307337e-01,-9.064884454884403198e-02,9.730213268031739915e-02,3.192925236022929880e-01,5.707234330610191364e-01,8.432647835214845955e-01,1.125163113848284269e+00,1.402605000136356139e+00,1.661861706022908614e+00,1.891488028017787926e+00,2.083675794866872266e+00,2.234156785328591965e+00,2.340604769220538728e+00,2.400258777085081618e+00,2.419185152316308596e+00,-1.000000000000000000e+00,-1.000000000000000000e+00,-1.000000000000000000e+00,-1.000000000000000000e+00,-1.000000000000000000e+00,-1.000000000000000000e+00,-1.000000000000000000e+00,-1.000000000000000000e+00,-1.000000000000000000e+00,-1.000000000000000000e+00,-1.000000000000000000e+00,-1.000000000000000000e+00,-1.000000000000000000e+00,-1.000000000000000000e+00,-1.000000000000000000e+00,-1.000000000000000000e+00,-1.000000000000000000e+00,-1.000000000000000000e+00,-1.000000000000000000e+00,-1.000000000000000000e+00,-1.000000000000000000e+00,-1.000000000000000000e+00,-1.000000000000000000e+00,-1.000000000000000000e+00,-1.000000000000000000e+00,-1.000000000000000000e+00,-1.000000000000000000e+00,-1.000000000000000000e+00,-1.000000000000000000e+00,-1.000000000000000000e+00,-1.000000000000000000e+00,-1.000000000000000000e+00,-1.000000000000000000e+00,-1.000000000000000000e+00,-1.000000000000000000e+00,-1.000000000000000000e+00,-1.000000000000000000e+00,-1.000000000000000000e+00,-1.000000000000000000e+00,-1.000000000000000000e+00,-1.000000000000000000e+00,-1.000000000000000000e+00,-1.000000000000000000e+00,-1.000000000000000000e+00,-1.000000000000000000e+00,-1.000000000000000000e+00
-1.000000000000000000e+00,-1.000000000000000000e+00,-1.000000000000000000e+00,-1.000000000000000000e+00,-1.000000000000000000e+00,-1.000000000000000000e+00,-1.000000000000000000e+00,-1.000000000000000000e+00,-1.000000000000000000e+00,-1.000000000000000000e+00,-1.000000000000000000e+00,-1.000000000000000000e+00,-1.000000000000000000e+00,-1.000000000000000000e+00,-1.000000000000000000e+00,-1.000000000000000000e+00,-1.000000000000000000e+00,-1.000000000000000000e+00,-1.000000000000000000e+00,-1.000000000000000000e+00,-1.000000000000000000e+00,-1.000000000000000000e+00,-1.000000000000000000e+00,-1.000000000000000000e+00,-1.000000000000000000e+00,-1.000000000000000000e+00,-1.000000000000000000e+00,-1.000000000000000000e+00,-1.000000000000000000e+00,-1.000000000000000000e+00,-1.000000000000000000e+00,-1.000000000000000000e+00,-1.000000000000000000e+00,-1.000000000000000000e+00,-1.000000000000000000e+00,-1.000000000000000000e+00,-1.000000000000000000e+00,-1.000000000000000000e+00,-1.000000000000000000e+00,-1.000000000000000000e+00,-1.000000000000000000e+00,-1.000000000000000000e+00,-1.000000000000000000e+00,-1.000000000000000000e+00,-1.000000000000000000e+00,-1.000000000000000000e+00,2.310482859440623038e+00,2.288092330466949598e+00,2.219237948676506811e+00,2.101199952305239371e+00,1.936509990256698011e+00,1.730149876667982589e+00,1.489792543433845928e+00,1.226101921095120950e+00,9.520113161975354288e-01,6.810745172264942582e-01,4.255333949767399204e-01,1.948046702805159569e-01,-5.200838698453225106e-03,-1.718900585397022951e-01,-3.051452038628212904e-01,-4.061049618587402321e-01,-4.757776747528863481e-01,-5.135845290335288027e-01,-5.158664799642291854e-01,-4.744639590626436032e-01,-3.758515953802739062e-01,-2.022953539656668909e-01,6.140011258065136701e-02,4.086765725938699134e-01,7.724465945212664053e-01,9.902887728092757413e-01,9.902887736756866843e-01,7.724465970027223349e-01,4.086765763848401178e-01,6.140011741860096350e-02,-2.022953483388807427e-01,-3.758515892459168839e-01,-4.744639526842382438e-01,-5.158664735732783058e-01,-5.135845228110635929e-01,-4.757776687564971851e-01,-4.061049560342384623e-01,-3.051451981865556107e-01,-1.718900530494682499e-01,-5.200833534463100705e-03,1.948046749145770917e-01,4.255333989558778285e-01,6.810745206258328466e-01,9.520113187520928832e-01,1.226101922542480516e+00,1.489792544250670758e+00,1.730149877092631350e+00,1.936509989788685715e+00,2.101199949196850270e+00,2.219237944538390295e+00,2.288092332215012625e+00,2.310482852023437061e+00,-1.000000000000000000e+00,-1.000000000000000000e+00,-1.000000000000000000e+00,-1.000000000000000000e+00,-1.000000000000000000e+00,-1.000000000000000000e+00,-1.000000000000000000e+00,-1.000000000000000000e+00,-1.000000000000000000e+00,-1.000000000000000000e+00,-1.000000000000000000e+00,-1.000000000000000000e+00,-1.000000000000000000e+00,-1.000000000000000000e+00,-1.000000000000000000e+00,-1.000000000000000000e+00,-1.000000000000000000e+00,-1.000000000000000000e+00,-1.000000000000000000e+00,-1.000000000000000000e+00,-1.000000000000000000e+00,-1.000000000000000000e+00,-1.000000000000000000e+00,-1.000000000000000000e+00,-1.000000000000000000e+00,-1.000000000000000000e+00,-1.000000000000000000e+00,-1.000000000000000000e+00,-1.000000000000000000e+00,-1.000000000000000000e+00,-1.000000000000000000e+00,-1.000000000000000000e+00,-1.000000000000000000e+00,-1.000000000000000000e+00,-1.000000000000000000e+00,-1.000000000000000000e+00,-1.000000000000000000e+00,-1.000000000000000000e+00,-1.000000000000000000e+00,-1.000000000000000000e+00,-1.000000000000000000e+00,-1.000000000000000000e+00,-1.000000000000000000e+00,-1.000000000000000000e+00,-1.000000000000000000e+00,-1.000000000000000000e+00
-1.000000000000000000e+00,-1.000000000000000000e+00,-1.000000000000000000e+00,-1.000000000000000000e+00,-1.000000000000000000e+00,-1.000000000000000000e+00,-1.000000000000000000e+00,-1.000000000000000000e+00,-1.000000000000000000e+00,-1.000000000000000000e+00,-1.000000000000000000e+00,-1.000000000000000000e+00,-1.000000000000000000e+00,-1.000000000000000000e+00,-1.000000000000000000e+00,-1.000000000000000000e+00,-1.000000000000000000e+00,-1.000000000000000000e+00,-1.000000000000000000e+00,-1.000000000000000000e+00,-1.000000000000000000e+00,-1.000000000000000000e+00,-1.000000000000000000e+00,-1.000000000000000000e+00,-1.000000000000000000e+00,-1.000000000000000000e+00,-1.000000000000000000e+00,-1.000000000000000000e+00,-1.000000000000000000e+00,-1.000000000000000000e+00,-1.000000000000000000e+00,-1.000000000000000000e+00,-1.000000000000000000e+00,-1.000000000000000000e+00,-1.000000000000000000e+00,-1.000000000000000000e+00,-1.000000000000000000e+00,-1.000000000000000000e+00,-1.000000000000000000e+00,-1.000000000000000000e+00,-1.000000000000000000e+00,-1.000000000000000000e+00,-1.000000000000000000e+00,-1.000000000000000000e+00,-1.000000000000000000e+00,-1.000000000000000000e+00,2.121163325274652678e+00,2.096441055248508434e+00,2.021761268431848890e+00,1.897184681590404765e+00,1.726672633087976472e+00,1.517417388575696080e+00,1.279375706071268048e+00,1.024639909218611145e+00,7.662248610188573394e-01,5.164709569478231899e-01,2.855705964643924233e-01,8.065732044542528456e-02,-9.436983471676718693e-02,-2.383711226838718389e-01,-3.520538867856481957e-01,-4.368329982846006487e-01,-4.935917632741313454e-01,-5.213798690663695723e-01,-5.160478606332885576e-01,-4.689156878835278874e-01,-3.659611376215741174e-01,-1.890086944791953272e-01,7.749218565618942733e-02,4.271920359416361279e-01,7.929485800762758885e-01,1.011914520353194291e+00,1.011914521454648330e+00,7.929485832186164984e-01,4.271920407140763487e-01,7.749219170324739281e-02,-1.890086874865737343e-01,-3.659611300206826456e-01,-4.689156799854732327e-01,-5.160478527012326566e-01,-5.213798612914297692e-01,-4.935917557207600836e-01,-4.368329909324364380e-01,-3.520538796570686912e-01,-2.383711158690315912e-01,-9.436982838556762232e-02,8.065732612991638462e-02,2.855706014630801093e-01,5.164709613259370613e-01,7.662248644140525755e-01,1.024639911360894828e+00,1.279375707446367194e+00,1.517417389318925558e+00,1.726672632726937273e+00,1.897184678755427178e+00,2.021761266163887960e+00,2.096441058138779567e+00,2.121163319415130921e+00,-1.000000000000000000e+00,-1.000000000000000000e+00,-1.000000000000000000e+00,-1.000000000000000000e+00,-1.000000000000000000e+00,-1.000000000000000000e+00,-1.000000000000000000e+00,-1.000000000000000000e+00,-1.000000000000000000e+00,-1.000000000000000000e+00,-1.000000000000000000e+00,-1.000000000000000000e+00,-1.000000000000000000e+00,-1.000000000000000000e+00,-1.000000000000000000e+00,-1.000000000000000000e+00,-1.000000000000000000e+00,-1.000000000000000000e+00,-1.000000000000000000e+00,-1.000000000000000000e+00,-1.000000000000000000e+00,-1.000000000000000000e+00,-1.000000000000000000e+00,-1.000000000000000000e+00,-1.000000000000000000e+00,-1.000000000000000000e+00,-1.000000000000000000e+00,-1.000000000000000000e+00,-1.000000000000000000e+00,-1.000000000000000000e+00,-1.000000000000000000e+00,-1.000000000000000000e+00,-1.000000000000000000e+00,-1.000000000000000000e+00,-1.000000000000000000e+00,-1.000000000000000000e+00,-1.000000000000000000e+00,-1.000000000000000000e+00,-1.000000000000000000e+00,-1.000000000000000000e+00,-1.000000000000000000e+00,-1.000000000000000000e+00,-1.000000000000000000e+00,-1.000000000000000000e+00,-1.000000000000000000e+00,-1.000000000000000000e+00
-1.000000000000000000e+00,-1.000000000000000000e+00,-1.000000000000000000e+00,-1.000000000000000000e+00,-1.000000000000000000e+00,-1.000000000000000000e+00,-1.000000000000000000e+00,-1.000000000000000000e+00,-1.000000000000000000e+00,-1.000000000000000000e+00,-1.000000000000000000e+00,-1.000000000000000000e+00,-1.000000000000000000e+00,-1.000000000000000000e+00,-1.000000000000000000e+00,-1.000000000000000000e+00,-1.000000000000000000e+00,-1.000000000000000000e+00,-1.000000000000000000e+00,-1.000000000000000000e+00,-1.000000000000000000e+00,-1.000000000000000000e+00,-1.000000000000000000e+00,-1.000000000000000000e+00,-1.000000000000000000e+00,-1.000000000000000000e+00,-1.000000000000000000e+00,-1.000000000000000000e+00,-1.000000000000000000e+00,-1.000000000000000000e+00,-1.000000000000000000e+00,-1.000000000000000000e+00,-1.000000000000000000e+00,-1.000000000000000000e+00,-1.000000000000000000e+00,-1.000000000000000000e+00,-1.000000000000000000e+00,-1.000000000000000000e+00,-1.000000000000000000e+00,-1.000000000000000000e+00,-1.000000000000000000e+00,-1.000000000000000000e+00,-1.000000000000000000e+00,-1.000000000000000000e+00,-1.000000000000000000e+00,-1.000000000000000000e+00,1.857583449005118403e+00,1.832259854616796524e+00,1.756714867457305651e+00,1.633123476698128407e+00,1.467009056732057282e+00,1.266982018255195186e+00,1.043949311449433814e+00,8.100375594875526275e-01,5.772607381050214315e-01,3.561804298696786830e-01,1.548978997261274415e-01,-2.139636913334097557e-02,-1.702874801765430490e-01,-2.915400633476004089e-01,-3.862189295106421838e-01,-4.556697365949551326e-01,-5.004264437581440461e-01,-5.190417772648245887e-01,-5.068213556157461497e-01,-4.545560330779068181e-01,-3.477449747014720316e-01,-1.678026071839928690e-01,1.011435885838203319e-01,4.529326581851220723e-01,8.203843028058388498e-01,1.040302788033141468e+00,1.040302789316093879e+00,8.203843064607898583e-01,4.529326637251465115e-01,1.011435955876001103e-01,-1.678025990964906455e-01,-3.477449659048206243e-01,-4.545560239130370661e-01,-5.068213463561397347e-01,-5.190417680903047781e-01,-5.004264347312599170e-01,-4.556697277370034271e-01,-3.862189209014506019e-01,-2.915400551463243062e-01,-1.702874725934488964e-01,-2.139636229660091260e-02,1.548979058437032208e-01,3.561804352781159366e-01,5.772607423510995872e-01,8.100375623379862944e-01,1.043949313409032520e+00,1.266982019403036119e+00,1.467009056606327633e+00,1.633123474432521149e+00,1.756714867427229265e+00,1.832259859052745909e+00,1.857583445358950591e+00,-1.000000000000000000e+00,-1.000000000000000000e+00,-1.000000000000000000e+00,-1.000000000000000000e+00,-1.000000000000000000e+00,-1.000000000000000000e+00,-1.000000000000000000e+00,-1.000000000000000000e+00,-1.000000000000000000e+00,-1.000000000000000000e+00,-1.000000000000000000e+00,-1.000000000000000000e+00,-1.000000000000000000e+00,-1.000000000000000000e+00,-1.000000000000000000e+00,-1.000000000000000000e+00,-1.000000000000000000e+00,-1.000000000000000000e+00,-1.000000000000000000e+00,-1.000000000000000000e+00,-1.000000000000000000e+00,-1.000000000000000000e+00,-1.000000000000000000e+00,-1.000000000000000000e+00,-1.000000000000000000e+00,-1.000000000000000000e+00,-1.000000000000000000e+00,-1.000000000000000000e+00,-1.000000000000000000e+00,-1.000000000000000000e+00,-1.000000000000000000e+00,-1.000000000000000000e+00,-1.000000000000000000e+00,-1.000000000000000000e+00,-1.000000000000000000e+00,-1.000000000000000000e+00,-1.000000000000000000e+00,-1.000000000000000000e+00,-1.000000000000000000e+00,-1.000000000000000000e+00,-1.000000000000000000e+00,-1.000000000000000000e+00,-1.000000000000000000e+00,-1.000000000000000000e+00,-1.000000000000000000e+00,-1.000000000000000000e+00
-1.000000000000000000e+00,-1.000000000000000000e+00,-1.000000000000000000e+00,-1.000000000000000000e+00,-1.000000000000000000e+00,-1.000000000000000000e+00,-1.000000000000000000e+00,-1.000000000000000000e+00,-1.000000000000000000e+00,-1.000000000000000000e+00,-1.000000000000000000e+00,-1.000000000000000000e+00,-1.000000000000000000e+00,-1.000000000000000000e+00,-1.000000000000000000e+00,-1.000000000000000000e+00,-1.000000000000000000e+00,-1.000000000000000000e+00,-1.000000000000000000e+00,-1.000000000000000000e+00,-1.000000000000000000e+00,-1.000000000000000000e+00,-1.000000000000000000e+00,-1.000000000000000000e+00,-1.000000000000000000e+00,-1.000000000000000000e+00,-1.000000000000000000e+00,-1.000000000000000000e+00,-1.000000000000000000e+00,-1.000000000000000000e+00,-1.000000000000000000e+00,-1.000000000000000000e+00,-1.000000000000000000e+00,-1.000000000000000000e+00,-1.000000000000000000e+00,-1.000000000000000000e+00,-1.000000000000000000e+00,-1.000000000000000000e+00,-1.000000000000000000e+00,-1.000000000000000000e+00,-1.000000000000000000e+00,-1.000000000000000000e+00,-1.000000000000000000e+00,-1.000000000000000000e+00,-1.000000000000000000e+00,-1.000000000000000000e+00,1.541568225451333873e+00,1.517480205416014805e+00,1.446229335487099199e+00,1.331246558234576050e+00,1.178943960020101045e+00,9.983257660550446388e-01,8.000508592342283620e-01,5.952560925942869119e-01,3.943415642339669347e-01,2.059454536138138891e-01,3.631041762299247466e-02,-1.108686327873256161e-01,-2.341560013871486490e-01,-3.337680720767464138e-01,-4.107804091280788938e-01,-4.662384404569781537e-01,-5.001958543887496944e-01,-5.106522033926452764e-01,-4.923614560906850457e-01,-4.356077986856723427e-01,-3.254489327951688438e-01,-1.429312484087725821e-01,1.281013817023533008e-01,4.816539422099426204e-01,8.505220132908624109e-01,1.071231266493475331e+00,1.071231267893516304e+00,8.505220172787639754e-01,4.816539482560449059e-01,1.281013893507214618e-01,-1.429312395659367851e-01,-3.254489231494428481e-01,-4.356077885876548095e-01,-4.923614458029668128e-01,-5.106521930651641838e-01,-5.001958440744651568e-01,-4.662384302207271958e-01,-4.107803991119496345e-01,-3.337680625159062942e-01,-2.341559925345997328e-01,-1.108686247445191952e-01,3.631042491944658224e-02,2.059454600779151434e-01,3.943415693402982924e-01,5.952560961924113769e-01,8.000508618553467954e-01,9.983257677523749152e-01,1.178943960288859394e+00,1.331246556839671413e+00,1.446229337899986866e+00,1.517480211657255218e+00,1.541568224450729829e+00,-1.000000000000000000e+00,-1.000000000000000000e+00,-1.000000000000000000e+00,-1.000000000000000000e+00,-1.000000000000000000e+00,-1.000000000000000000e+00,-1.000000000000000000e+00,-1.000000000000000000e+00,-1.000000000000000000e+00,-1.000000000000000000e+00,-1.000000000000000000e+00,-1.000000000000000000e+00,-1.000000000000000000e+00,-1.000000000000000000e+00,-1.000000000000000000e+00,-1.000000000000000000e+00,-1.000000000000000000e+00,-1.000000000000000000e+00,-1.000000000000000000e+00,-1.000000000000000000e+00,-1.000000000000000000e+00,-1.000000000000000000e+00,-1.000000000000000000e+00,-1.000000000000000000e+00,-1.000000000000000000e+00,-1.000000000000000000e+00,-1.000000000000000000e+00,-1.000000000000000000e+00,-1.000000000000000000e+00,-1.000000000000000000e+00,-1.000000000000000000e+00,-1.000000000000000000e+00,-1.000000000000000000e+00,-1.000000000000000000e+00,-1.000000000000000000e+00,-1.000000000000000000e+00,-1.000000000000000000e+00,-1.000000000000000000e+00,-1.000000000000000000e+00,-1.000000000000000000e+00,-1.000000000000000000e+00,-1.000000000000000000e+00,-1.000000000000000000e+00,-1.000000000000000000e+00,-1.000000000000000000e+00,-1.000000000000000000e+00
-1.000000000000000000e+00,-1.000000000000000000e+00,-1.000000000000000000e+00,-1.000000000000000000e+00,-1.000000000000000000e+00,-1.000000000000000000e+00,-1.000000000000000000e+00,-1.000000000000000000e+00,-1.000000000000000000e+00,-1.000000000000000000e+00,-1.000000000000000000e+00,-1.000000000000000000e+00,-1.000000000000000000e+00,-1.000000000000000000e+00,-1.000000000000000000e+00,-1.000000000000000000e+00,-1.000000000000000000e+00,-1.000000000000000000e+00,-1.000000000000000000e+00,-1.000000000000000000e+00,-1.000000000000000000e+00,-1.000000000000000000e+00,-1.000000000000000000e+00,-1.000000000000000000e+00,-1.000000000000000000e+00,-1.000000000000000000e+00,-1.000000000000000000e+00,-1.000000000000000000e+00,-1.000000000000000000e+00,-1.000000000000000000e+00,-1.000000000000000000e+00,-1.000000000000000000e+00,-1.000000000000000000e+00,-1.000000000000000000e+00,-1.000000000000000000e+00,-1.000000000000000000e+00,-1.000000000000000000e+00,-1.000000000000000000e+00,-1.000000000000000000e+00,-1.000000000000000000e+00,-1.000000000000000000e+00,-1.000000000000000000e+00,-1.000000000000000000e+00,-1.000000000000000000e+00,-1.000000000000000000e+00,-1.000000000000000000e+00,1.203443366614818544e+00,1.182029504270652787e+00,1.119040601862722362e+00,1.018327142359960469e+00,8.863316980929987210e-01,7.315333487148958369e-01,5.634989441349365080e-01,3.917997235256125421e-01,2.250103169898407529e-01,6.996644158096199106e-02,-6.860891041220806841e-02,-1.880930215193457045e-01,-2.876278112039463153e-01,-3.675625757252252157e-01,-4.287671600479461276e-01,-4.718647884262034964e-01,-4.963804002862675091e-01,-4.997617340328508462e-01,-4.762418479361230084e-01,-4.156433185950048070e-01,-3.026319129367500693e-01,-1.179336639559256383e-01,1.548510251355343925e-01,5.098697303378036949e-01,8.799041014282309447e-01,1.101260404986676988e+00,1.101260406438973938e+00,8.799041055666396716e-01,5.098697366213196247e-01,1.548510331018180253e-01,-1.179336547201561558e-01,-3.026319028208979134e-01,-4.156433079393355712e-01,-4.762418369746521662e-01,-4.997617228719928306e-01,-4.963803889635860500e-01,-4.718647770456287915e-01,-4.287671488100670558e-01,-3.675625649352989299e-01,-2.876278011492345854e-01,-1.880930122809578720e-01,-6.860890192580360036e-02,6.996644910560601005e-02,2.250103229845876740e-01,3.917997279511267195e-01,5.634989475458347385e-01,7.315333511455017756e-01,8.863316989209701902e-01,1.018327142099926697e+00,1.119040606723747722e+00,1.182029512354596967e+00,1.203443368358667165e+00,-1.000000000000000000e+00,-1.000000000000000000e+00,-1.000000000000000000e+00,-1.000000000000000000e+00,-1.000000000000000000e+00,-1.000000000000000000e+00,-1.000000000000000000e+00,-1.000000000000000000e+00,-1.000000000000000000e+00,-1.000000000000000000e+00,-1.000000000000000000e+00,-1.000000000000000000e+00,-1.000000000000000000e+00,-1.000000000000000000e+00,-1.000000000000000000e+00,-1.000000000000000000e+00,-1.000000000000000000e+00,-1.000000000000000000e+00,-1.000000000000000000e+00,-1.000000000000000000e+00,-1.000000000000000000e+00,-1.000000000000000000e+00,-1.000000000000000000e+00,-1.000000000000000000e+00,-1.000000000000000000e+00,-1.000000000000000000e+00,-1.000000000000000000e+00,-1.000000000000000000e+00,-1.000000000000000000e+00,-1.000000000000000000e+00,-1.000000000000000000e+00,-1.000000000000000000e+00,-1.000000000000000000e+00,-1.000000000000000000e+00,-1.000000000000000000e+00,-1.000000000000000000e+00,-1.000000000000000000e+00,-1.000000000000000000e+00,-1.000000000000000000e+00,-1.000000000000000000e+00,-1.000000000000000000e+00,-1.000000000000000000e+00,-1.000000000000000000e+00,-1.000000000000000000e+00,-1.000000000000000000e+00,-1.000000000000000000e+00
-1.000000000000000000e+00,-1.000000000000000000e+00,-1.000000000000000000e+00,-1.000000000000000000e+00,-1.000000000000000000e+00,-1.000000000000000000e+00,-1.000000000000000000e+00,-1.000000000000000000e+00,-1.000000000000000000e+00,-1.000000000000000000e+00,-1.000000000000000000e+00,-1.000000000000000000e+00,-1.000000000000000000e+00,-1.000000000000000000e+00,-1.000000000000000000e+00,-1.000000000000000000e+00,-1.000000000000000000e+00,-1.000000000000000000e+00,-1.000000000000000000e+00,-1.000000000000000000e+00,-1.000000000000000000e+00,-1.000000000000000000e+00,-1.000000000000000000e+00,-1.000000000000000000e+00,-1.000000000000000000e+00,-1.000000000000000000e+00,-1.000000000000000000e+00,-1.000000000000000000e+00,-1.000000000000000000e+00,-1.000000000000000000e+00,-1.000000000000000000e+00,-1.000000000000000000e+00,-1.000000000000000000e+00,-1.000000000000000000e+00,-1.000000000000000000e+00,-1.000000000000000000e+00,-1.000000000000000000e+00,-1.000000000000000000e+00,-1.000000000000000000e+00,-1.000000000000000000e+00,-1.000000000000000000e+00,-1.000000000000000000e+00,-1.000000000000000000e+00,-1.000000000000000000e+00,-1.000000000000000000e+00,-1.000000000000000000e+00,8.727970045258679477e-01,8.548466425403509206e-01,8.022302945809922647e-01,7.186009974331764028e-01,6.097689216746262630e-01,4.830864702004822320e-01,3.465874271286581987e-01,2.080787035643680838e-01,7.436306644013779277e-02,-4.928297652467517054e-02,-1.593206581901762675e-01,-2.538630211360972666e-01,-3.323531469671037186e-01,-3.950830453105611539e-01,-4.426122474752443026e-01,-4.751068449326183440e-01,-4.915766207120890741e-01,-4.889597884895104940e-01,-4.610240822070146294e-01,-3.971890414222345456e-01,-2.817840315254933614e-01,-9.526378757734299541e-02,1.789754898500897085e-01,5.352010859653981711e-01,9.061871934674607942e-01,1.128068435166063033e+00,1.128068436612866599e+00,9.061871975927298095e-01,5.352010922416363670e-01,1.789754978295388099e-01,-9.526377829545662479e-02,-2.817840213118909531e-01,-3.971890305897476381e-01,-4.610240709485582400e-01,-4.889597768612139461e-01,-4.915766087339221713e-01,-4.751068327373362266e-01,-4.426122353086139327e-01,-3.950830335276345195e-01,-3.323531358699147731e-01,-2.538630107884332077e-01,-1.593206485612883583e-01,-4.928296795772268979e-02,7.436307337011349716e-02,2.080787089299427350e-01,3.465874314886798757e-01,4.830864735505500107e-01,6.097689231993266290e-01,7.186009984984655929e-01,8.022303017077323517e-01,8.548466522773994214e-01,8.727970087830607682e-01,-1.000000000000000000e+00,-1.000000000000000000e+00,-1.000000000000000000e+00,-1.000000000000000000e+00,-1.000000000000000000e+00,-1.000000000000000000e+00,-1.000000000000000000e+00,-1.000000000000000000e+00,-1.000000000000000000e+00,-1.000000000000000000e+00,-1.000000000000000000e+00,-1.000000000000000000e+00,-1.000000000000000000e+00,-1.000000000000000000e+00,-1.000000000000000000e+00,-1.000000000000000000e+00,-1.000000000000000000e+00,-1.000000000000000000e+00,-1.000000000000000000e+00,-1.000000000000000000e+00,-1.000000000000000000e+00,-1.000000000000000000e+00,-1.000000000000000000e+00,-1.000000000000000000e+00,-1.000000000000000000e+00,-1.000000000000000000e+00,-1.000000000000000000e+00,-1.000000000000000000e+00,-1.000000000000000000e+00,-1.000000000000000000e+00,-1.000000000000000000e+00,-1.000000000000000000e+00,-1.000000000000000000e+00,-1.000000000000000000e+00,-1.000000000000000000e+00,-1.000000000000000000e+00,-1.000000000000000000e+00,-1.000000000000000000e+00,-1.000000000000000000e+00,-1.000000000000000000e+00,-1.000000000000000000e+00,-1.000000000000000000e+00,-1.000000000000000000e+00,-1.000000000000000000e+00,-1.000000000000000000e+00,-1.000000000000000000e+00
-1.000000000000000000e+00,-1.000000000000000000e+00,-1.000000000000000000e+00,-1.000000000000000000e+00,-1.000000000000000000e+00,-1.000000000000000000e+00,-1.000000000000000000e+00,-1.000000000000000000e+00,-1.000000000000000000e+00,-1.000000000000000000e+00,-1.000000000000000000e+00,-1.000000000000000000e+00,-1.000000000000000000e+00,-1.000000000000000000e+00,-1.000000000000000000e+00,-1.000000000000000000e+00,-1.000000000000000000e+00,-1.000000000000000000e+00,-1.000000000000000000e+00,-1.000000000000000000e+00,-1.000000000000000000e+00,-1.000000000000000000e+00,-1.000000000000000000e+00,-1.000000000000000000e+00,-1.000000000000000000e+00,-1.000000000000000000e+00,-1.000000000000000000e+00,-1.000000000000000000e+00,-1.000000000000000000e+00,-1.000000000000000000e+00,-1.000000000000000000e+00,-1.000000000000000000e+00,-1.000000000000000000e+00,-1.000000000000000000e+00,-1.000000000000000000e+00,-1.000000000000000000e+00,-1.000000000000000000e+00,-1.000000000000000000e+00,-1.000000000000000000e+00,-1.000000000000000000e+00,-1.000000000000000000e+00,-1.000000000000000000e+00,-1.000000000000000000e+00,-1.000000000000000000e+00,-1.000000000000000000e+00,-1.000000000000000000e+00,5.719100692921363915e-01,5.575905785102666101e-01,5.157040521949358691e-01,4.493658917338132497e-01,3.634057095004790128e-01,2.637948812464321335e-01,1.569280071587471070e-01,4.890703405387242242e-02,-5.503976789718123541e-02,-1.509204674711757121e-01,-2.360969270606059212e-01,-3.091787087634569886e-01,-3.697433880132416917e-01,-4.179362513793636325e-01,-4.539831384952295323e-01,-4.776173384025197421e-01,-4.873866139900355776e-01,-4.797859312521648434e-01,-4.481860804737136661e-01,-3.816674531866857123e-01,-2.642792018363451234e-01,-7.625188417625139436e-02,1.991860003797132350e-01,5.563999694010153263e-01,9.281599780140972200e-01,1.150465905174907988e+00,1.150465906568811647e+00,9.281599819915999916e-01,5.563999754648367713e-01,1.991860081101641811e-01,-7.625187515474429745e-02,-2.642791918640376991e-01,-3.816674425359476430e-01,-4.481860692895818232e-01,-4.797859195423530565e-01,-4.873866017581232057e-01,-4.776173257956646268e-01,-4.539831257822841692e-01,-4.179362389324703386e-01,-3.697433761214412584e-01,-3.091786974753265582e-01,-2.360969164077477700e-01,-1.509204579203231589e-01,-5.503975999306121025e-02,4.890704047188965120e-02,1.569280126192342806e-01,2.637948856642156059e-01,3.634057118099383032e-01,4.493658942249929567e-01,5.157040612708794214e-01,5.575905895478241447e-01,5.719100756044124267e-01,-1.000000000000000000e+00,-1.000000000000000000e+00,-1.000000000000000000e+00,-1.000000000000000000e+00,-1.000000000000000000e+00,-1.000000000000000000e+00,-1.000000000000000000e+00,-1.000000000000000000e+00,-1.000000000000000000e+00,-1.000000000000000000e+00,-1.000000000000000000e+00,-1.000000000000000000e+00,-1.000000000000000000e+00,-1.000000000000000000e+00,-1.000000000000000000e+00,-1.000000000000000000e+00,-1.000000000000000000e+00,-1.000000000000000000e+00,-1.000000000000000000e+00,-1.000000000000000000e+00,-1.000000000000000000e+00,-1.000000000000000000e+00,-1.000000000000000000e+00,-1.000000000000000000e+00,-1.000000000000000000e+00,-1.000000000000000000e+00,-1.000000000000000000e+00,-1.000000000000000000e+00,-1.000000000000000000e+00,-1.000000000000000000e+00,-1.000000000000000000e+00,-1.000000000000000000e+00,-1.000000000000000000e+00,-1.000000000000000000e+00,-1.000000000000000000e+00,-1.000000000000000000e+00,-1.000000000000000000e+00,-1.000000000000000000e+00,-1.000000000000000000e+00,-1.000000000000000000e+00,-1.000000000000000000e+00,-1.000000000000000000e+00,-1.000000000000000000e+00,-1.000000000000000000e+00,-1.000000000000000000e+00,-1.000000000000000000e+00
-1.000000000000000000e+00,-1.000000000000000000e+00,-1.000000000000000000e+00,-1.000000000000000000e+00,-1.000000000000000000e+00,-1.000000000000000000e+00,-1.000000000000000000e+00,-1.000000000000000000e+00,-1.000000000000000000e+00,-1.000000000000000000e+00,-1.000000000000000000e+00,-1.000000000000000000e+00,-1.000000000000000000e+00,-1.000000000000000000e+00,-1.000000000000000000e+00,-1.000000000000000000e+00,-1.000000000000000000e+00,-1.000000000000000000e+00,-1.000000000000000000e+00,-1.000000000000000000e+00,-1.000000000000000000e+00,-1.000000000000000000e+00,-1.000000000000000000e+00,-1.000000000000000000e+00,-1.000000000000000000e+00,-1.000000000000000000e+00,-1.000000000000000000e+00,-1.000000000000000000e+00,-1.000000000000000000e+00,-1.000000000000000000e+00,-1.000000000000000000e+00,-1.000000000000000000e+00,-1.000000000000000000e+00,-1.000000000000000000e+00,-1.000000000000000000e+00,-1.000000000000000000e+00,-1.000000000000000000e+00,-1.000000000000000000e+00,-1.000000000000000000e+00,-1.000000000000000000e+00,-1.000000000000000000e+00,-1.000000000000000000e+00,-1.000000000000000000e+00,-1.000000000000000000e+00,-1.000000000000000000e+00,-1.000000000000000000e+00,3.135060020036730677e-01,3.025439702668375475e-01,2.705136660402782667e-01,2.198803945534217874e-01,1.544153107122712143e-01,7.872044008863543496e-02,-2.332798192523632963e-03,-8.414232862384984912e-02,-1.627978191523311580e-01,-2.353312850395266054e-01,-2.997825333731691799e-01,-3.550990200883852310e-01,-4.009058524211432939e-01,-4.371791143566090554e-01,-4.638374208668682996e-01,-4.802388489449498366e-01,-4.845419099937862129e-01,-4.728742440222184484e-01,-4.382810639968948152e-01,-3.695664318476170607e-01,-2.505521912051706934e-01,-6.128764087952820461e-02,2.151338721708393464e-01,5.731566675558479318e-01,9.455471107207431558e-01,1.168197653484804199e+00,1.168197654788952988e+00,9.455471144461382593e-01,5.731566732456441216e-01,2.151338794414288103e-01,-6.128763237104895012e-02,-2.505521817608347135e-01,-3.695664216919904987e-01,-4.382810532266594450e-01,-4.728742326067694179e-01,-4.845418979231688184e-01,-4.802388363633225410e-01,-4.638374080378921960e-01,-4.371791016292192467e-01,-4.009058400421245949e-01,-3.550990080964258055e-01,-2.997825218823599869e-01,-2.353312746130074018e-01,-1.627978102717380082e-01,-8.414232107731933752e-02,-2.332791522507982052e-03,7.872044566237779151e-02,1.544153138534056779e-01,2.198803985044719411e-01,2.705136767028859524e-01,3.025439821960258513e-01,3.135060098341613255e-01,-1.000000000000000000e+00,-1.000000000000000000e+00,-1.000000000000000000e+00,-1.000000000000000000e+00,-1.000000000000000000e+00,-1.000000000000000000e+00,-1.000000000000000000e+00,-1.000000000000000000e+00,-1.000000000000000000e+00,-1.000000000000000000e+00,-1.000000000000000000e+00,-1.000000000000000000e+00,-1.000000000000000000e+00,-1.000000000000000000e+00,-1.000000000000000000e+00,-1.000000000000000000e+00,-1.000000000000000000e+00,-1.000000000000000000e+00,-1.000000000000000000e+00,-1.000000000000000000e+00,-1.000000000000000000e+00,-1.000000000000000000e+00,-1.000000000000000000e+00,-1.000000000000000000e+00,-1.000000000000000000e+00,-1.000000000000000000e+00,-1.000000000000000000e+00,-1.000000000000000000e+00,-1.000000000000000000e+00,-1.000000000000000000e+00,-1.000000000000000000e+00,-1.000000000000000000e+00,-1.000000000000000000e+00,-1.000000000000000000e+00,-1.000000000000000000e+00,-1.000000000000000000e+00,-1.000000000000000000e+00,-1.000000000000000000e+00,-1.000000000000000000e+00,-1.000000000000000000e+00,-1.000000000000000000e+00,-1.000000000000000000e+00,-1.000000000000000000e+00,-1.000000000000000000e+00,-1.000000000000000000e+00,-1.000000000000000000e+00
-1.000000000000000000e+00,-1.000000000000000000e+00,-1.000000000000000000e+00,-1.000000000000000000e+00,-1.000000000000000000e+00,-1.000000000000000000e+00,-1.000000000000000000e+00,-1.000000000000000000e+00,-1.000000000000000000e+00,-1.000000000000000000e+00,-1.000000000000000000e+00,-1.000000000000000000e+00,-1.000000000000000000e+00,-1.000000000000000000e+00,-1.000000000000000000e+00,-1.000000000000000000e+00,-1.000000000000000000e+00,-1.000000000000000000e+00,-1.000000000000000000e+00,-1.000000000000000000e+00,-1.000000000000000000e+00,-1.000000000000000000e+00,-1.000000000000000000e+00,-1.000000000000000000e+00,-1.000000000000000000e+00,-1.000000000000000000e+00,-1.000000000000000000e+00,-1.000000000000000000e+00,-1.000000000000000000e+00,-1.000000000000000000e+00,-1.000000000000000000e+00,-1.000000000000000000e+00,-1.000000000000000000e+00,-1.000000000000000000e+00,-1.000000000000000000e+00,-1.000000000000000000e+00,-1.000000000000000000e+00,-1.000000000000000000e+00,-1.000000000000000000e+00,-1.000000000000000000e+00,-1.000000000000000000e+00,-1.000000000000000000e+00,-1.000000000000000000e+00,-1.000000000000000000e+00,-1.000000000000000000e+00,-1.000000000000000000e+00,1.017662773500092044e-01,9.365502051147522877e-02,6.996472755893190509e-02,3.254103902909921686e-02,-1.581159294921352654e-02,-7.169356151961192580e-02,-1.315262364078222390e-01,-1.919423643163806759e-01,-2.500859678503140060e-01,-3.037846249866493764e-01,-3.515863383180901636e-01,-3.926747679023039339e-01,-4.266853465549242941e-01,-4.534398081322761342e-01,-4.726001990591068846e-01,-4.832199202196427734e-01,-4.831456148581469989e-01,-4.682126892361342385e-01,-4.312082157929193471e-01,-3.607173714118321328e-01,-2.403818283767584774e-01,-5.010706328330361004e-02,2.271207101459919997e-01,5.858075926258425881e-01,9.587151677056793275e-01,1.181647786945094758e+00,1.181647788131215293e+00,9.587151710997803278e-01,5.858075978185386390e-01,2.271207167949027550e-01,-5.010705548361382711e-02,-2.403818196853331202e-01,-3.607173620033696793e-01,-4.312082057211119590e-01,-4.682126784480642456e-01,-4.831456033337104827e-01,-4.832199080816588221e-01,-4.726001865351436848e-01,-4.534397955072950737e-01,-4.266853340098766267e-01,-3.926747554775316118e-01,-3.515863262201852635e-01,-3.037846138355533299e-01,-2.500859580408105742e-01,-1.919423556215820170e-01,-1.315262284777602986e-01,-7.169355476205474531e-02,-1.581158893747502958e-02,3.254104446228467395e-02,6.996473950083537119e-02,9.365503298123645237e-02,1.017662862263444268e-01,-1.000000000000000000e+00,-1.000000000000000000e+00,-1.000000000000000000e+00,-1.000000000000000000e+00,-1.000000000000000000e+00,-1.000000000000000000e+00,-1.000000000000000000e+00,-1.000000000000000000e+00,-1.000000000000000000e+00,-1.000000000000000000e+00,-1.000000000000000000e+00,-1.000000000000000000e+00,-1.000000000000000000e+00,-1.000000000000000000e+00,-1.000000000000000000e+00,-1.000000000000000000e+00,-1.000000000000000000e+00,-1.000000000000000000e+00,-1.000000000000000000e+00,-1.000000000000000000e+00,-1.000000000000000000e+00,-1.000000000000000000e+00,-1.000000000000000000e+00,-1.000000000000000000e+00,-1.000000000000000000e+00,-1.000000000000000000e+00,-1.000000000000000000e+00,-1.000000000000000000e+00,-1.000000000000000000e+00,-1.000000000000000000e+00,-1.000000000000000000e+00,-1.000000000000000000e+00,-1.000000000000000000e+00,-1.000000000000000000e+00,-1.000000000000000000e+00,-1.000000000000000000e+00,-1.000000000000000000e+00,-1.000000000000000000e+00,-1.000000000000000000e+00,-1.000000000000000000e+00,-1.000000000000000000e+00,-1.000000000000000000e+00,-1.000000000000000000e+00,-1.000000000000000000e+00,-1.000000000000000000e+00,-1.000000000000000000e+00
-1.000000000000000000e+00,-1.000000000000000000e+00,-1.000000000000000000e+00,-1.000000000000000000e+00,-1.000000000000000000e+00,-1.000000000000000000e+00,-1.000000000000000000e+00,-1.000000000000000000e+00,-1.000000000000000000e+00,-1.000000000000000000e+00,-1.000000000000000000e+00,-1.000000000000000000e+00,-1.000000000000000000e+00,-1.000000000000000000e+00,-1.000000000000000000e+00,-1.000000000000000000e+00,-1.000000000000000000e+00,-1.000000000000000000e+00,-1.000000000000000000e+00,-1.000000000000000000e+00,-1.000000000000000000e+00,-1.000000000000000000e+00,-1.000000000000000000e+00,-1.000000000000000000e+00,-1.000000000000000000e+00,-1.000000000000000000e+00,-1.000000000000000000e+00,-1.000000000000000000e+00,-1.000000000000000000e+00,-1.000000000000000000e+00,-1.000000000000000000e+00,-1.000000000000000000e+00,-1.000000000000000000e+00,-1.000000000000000000e+00,-1.000000000000000000e+00,-1.000000000000000000e+00,-1.000000000000000000e+00,-1.000000000000000000e+00,-1.000000000000000000e+00,-1.000000000000000000e+00,-1.000000000000000000e+00,-1.000000000000000000e+00,-1.000000000000000000e+00,-1.000000000000000000e+00,-1.000000000000000000e+00,-1.000000000000000000e+00,-6.518742708775260297e-02,-7.102398711191337810e-02,-8.807106797713259994e-02,-1.150043756442853393e-01,-1.498173597721708106e-01,-1.900837612554333589e-01,-2.332530454373715756e-01,-2.769243073581542092e-01,-3.190544862064603748e-01,-3.580756274249834448e-01,-3.929153427827056788e-01,-4.229281118890328983e-01,-4.477491512803482010e-01,-4.670765732245332202e-01,-4.803728963102003036e-01,-4.864567170458302670e-01,-4.829350840846116100e-01,-4.654189036151734626e-01,-4.264965097506809855e-01,-3.545838896502786497e-01,-2.331827103979975391e-01,-4.208611473996537455e-02,2.358034225828529173e-01,5.950392969754929595e-01,9.683759570785390736e-01,1.191542653201767443e+00,1.191542654247413680e+00,9.683759600786796540e-01,5.950393015756914039e-01,2.358034284866459274e-01,-4.208610779616339670e-02,-2.331827026266619640e-01,-3.545838811776356181e-01,-4.264965005960634770e-01,-4.654188937209076116e-01,-4.829350734240849263e-01,-4.864567057038673425e-01,-4.803728844505101847e-01,-4.670765610351361730e-01,-4.477491388654151194e-01,-4.229280993064401528e-01,-3.929153303308963174e-01,-3.580756157345961199e-01,-3.190544755718116576e-01,-2.769242975646646343e-01,-2.332530362676168423e-01,-1.900837533460526529e-01,-1.498173548354762019e-01,-1.150043686769386397e-01,-8.807105494122335898e-02,-7.102397431413631779e-02,-6.518741747581291435e-02,-1.000000000000000000e+00,-1.000000000000000000e+00,-1.000000000000000000e+00,-1.000000000000000000e+00,-1.000000000000000000e+00,-1.000000000000000000e+00,-1.000000000000000000e+00,-1.000000000000000000e+00,-1.000000000000000000e+00,-1.000000000000000000e+00,-1.000000000000000000e+00,-1.000000000000000000e+00,-1.000000000000000000e+00,-1.000000000000000000e+00,-1.000000000000000000e+00,-1.000000000000000000e+00,-1.000000000000000000e+00,-1.000000000000000000e+00,-1.000000000000000000e+00,-1.000000000000000000e+00,-1.000000000000000000e+00,-1.000000000000000000e+00,-1.000000000000000000e+00,-1.000000000000000000e+00,-1.000000000000000000e+00,-1.000000000000000000e+00,-1.000000000000000000e+00,-1.000000000000000000e+00,-1.000000000000000000e+00,-1.000000000000000000e+00,-1.000000000000000000e+00,-1.000000000000000000e+00,-1.000000000000000000e+00,-1.000000000000000000e+00,-1.000000000000000000e+00,-1.000000000000000000e+00,-1.000000000000000000e+00,-1.000000000000000000e+00,-1.000000000000000000e+00,-1.000000000000000000e+00,-1.000000000000000000e+00,-1.000000000000000000e+00,-1.000000000000000000e+00,-1.000000000000000000e+00,-1.000000000000000000e+00,-1.000000000000000000e+00
-1.000000000000000000e+00,-1.000000000000000000e+00,-1.000000000000000000e+00,-1.000000000000000000e+00,-1.000000000000000000e+00,-1.000000000000000000e+00,-1.000000000000000000e+00,-1.000000000000000000e+00,-1.000000000000000000e+00,-1.000000000000000000e+00,-1.000000000000000000e+00,-1.000000000000000000e+00,-1.000000000000000000e+00,-1.000000000000000000e+00,-1.000000000000000000e+00,-1.000000000000000000e+00,-1.000000000000000000e+00,-1.000000000000000000e+00,-1.000000000000000000e+00,-1.000000000000000000e+00,-1.000000000000000000e+00,-1.000000000000000000e+00,-1.000000000000000000e+00,-1.000000000000000000e+00,-1.000000000000000000e+00,-1.000000000000000000e+00,-1.000000000000000000e+00,-1.000000000000000000e+00,-1.000000000000000000e+00,-1.000000000000000000e+00,-1.000000000000000000e+00,-1.000000000000000000e+00,-1.000000000000000000e+00,-1.000000000000000000e+00,-1.000000000000000000e+00,-1.000000000000000000e+00,-1.000000000000000000e+00,-1.000000000000000000e+00,-1.000000000000000000e+00,-1.000000000000000000e+00,-1.000000000000000000e+00,-1.000000000000000000e+00,-1.000000000000000000e+00,-1.000000000000000000e+00,-1.000000000000000000e+00,-1.000000000000000000e+00,-1.926946371239539602e-01,-1.967998624618187975e-01,-2.087942873930854759e-01,-2.277587427399216935e-01,-2.523012483481403834e-01,-2.807383257182261005e-01,-3.112974620162693995e-01,-3.423039032511088209e-01,-3.723220181734010481e-01,-4.002337138214482337e-01,-4.252485809407096085e-01,-4.468483188395309114e-01,-4.646690412476859322e-01,-4.783186158805330379e-01,-4.871129790625605693e-01,-4.896974971610887906e-01,-4.835016365417379447e-01,-4.639689718948281083e-01,-4.235386700125234327e-01,-3.504986374720271414e-01,-2.282435087560550357e-01,-3.647976312287681822e-02,2.419548486814369070e-01,6.016490059313630567e-01,9.753470814045943627e-01,1.198711467898447403e+00,1.198711468784476430e+00,9.753470839565263617e-01,6.016490098592637281e-01,2.419548537409728084e-01,-3.647975714747886400e-02,-2.282435020269444337e-01,-3.504986300691044221e-01,-4.235386619298919797e-01,-4.639689630837660062e-01,-4.835016269732106409e-01,-4.896974868693853011e-01,-4.871129681288302038e-01,-4.783186043800551346e-01,-4.646690292118531573e-01,-4.468483063599126837e-01,-4.252485683969551289e-01,-4.002337018088510945e-01,-3.723220068810002559e-01,-3.423038924915049463e-01,-3.112974517135711494e-01,-2.807383167562935711e-01,-2.523012424217112581e-01,-2.277587341544160537e-01,-2.087942733146181951e-01,-1.967998493821392358e-01,-1.926946268886666758e-01,-1.000000000000000000e+00,-1.000000000000000000e+00,-1.000000000000000000e+00,-1.000000000000000000e+00,-1.000000000000000000e+00,-1.000000000000000000e+00,-1.000000000000000000e+00,-1.000000000000000000e+00,-1.000000000000000000e+00,-1.000000000000000000e+00,-1.000000000000000000e+00,-1.000000000000000000e+00,-1.000000000000000000e+00,-1.000000000000000000e+00,-1.000000000000000000e+00,-1.000000000000000000e+00,-1.000000000000000000e+00,-1.000000000000000000e+00,-1.000000000000000000e+00,-1.000000000000000000e+00,-1.000000000000000000e+00,-1.000000000000000000e+00,-1.000000000000000000e+00,-1.000000000000000000e+00,-1.000000000000000000e+00,-1.000000000000000000e+00,-1.000000000000000000e+00,-1.000000000000000000e+00,-1.000000000000000000e+00,-1.000000000000000000e+00,-1.000000000000000000e+00,-1.000000000000000000e+00,-1.000000000000000000e+00,-1.000000000000000000e+00,-1.000000000000000000e+00,-1.000000000000000000e+00,-1.000000000000000000e+00,-1.000000000000000000e+00,-1.000000000000000000e+00,-1.000000000000000000e+00,-1.000000000000000000e+00,-1.000000000000000000e+00,-1.000000000000000000e+00,-1.000000000000000000e+00,-1.000000000000000000e+00,-1.000000000000000000e+00
-1.000000000000000000e+00,-1.000000000000000000e+00,-1.000000000000000000e+00,-1.000000000000000000e+00,-1.000000000000000000e+00,-1.000000000000000000e+00,-1.000000000000000000e+00,-1.000000000000000000e+00,-1.000000000000000000e+00,-1.000000000000000000e+00,-1.000000000000000000e+00,-1.000000000000000000e+00,-1.000000000000000000e+00,-1.000000000000000000e+00,-1.000000000000000000e+00,-1.000000000000000000e+00,-1.000000000000000000e+00,-1.000000000000000000e+00,-1.000000000000000000e+00,-1.000000000000000000e+00,-1.000000000000000000e+00,-1.000000000000000000e+00,-1.000000000000000000e+00,-1.000000000000000000e+00,-1.000000000000000000e+00,-1.000000000000000000e+00,-1.000000000000000000e+00,-1.000000000000000000e+00,-1.000000000000000000e+00,-1.000000000000000000e+00,-1.000000000000000000e+00,-1.000000000000000000e+00,-1.000000000000000000e+00,-1.000000000000000000e+00,-1.000000000000000000e+00,-1.000000000000000000e+00,-1.000000000000000000e+00,-1.000000000000000000e+00,-1.000000000000000000e+00,-1.000000000000000000e+00,-1.000000000000000000e+00,-1.000000000000000000e+00,-1.000000000000000000e+00,-1.000000000000000000e+00,-1.000000000000000000e+00,-1.000000000000000000e+00,-2.874990433910262766e-01,-2.903341518504820584e-01,-2.986223613619749528e-01,-3.117422614492202371e-01,-3.287519154724956039e-01,-3.485098173400302812e-01,-3.698096252948328555e-01,-3.915043531285355982e-01,-4.126001474225651222e-01,-4.323072638656855204e-01,-4.500430323688373591e-01,-4.653856243570171358e-01,-4.779764654986369266e-01,-4.873624444261750455e-01,-4.927568895449239150e-01,-4.926820679861547703e-01,-4.844398446716500217e-01,-4.633522794911240084e-01,-4.217489665495266493e-01,-3.478224923948127767e-01,-2.248866786616110502e-01,-3.258170780420233115e-02,2.463043015615129505e-01,6.063855910087623258e-01,9.803933718533581754e-01,1.203928050180834930e+00,1.203928050889155443e+00,9.803933739049197627e-01,6.063855941901445945e-01,2.463043056902307626e-01,-3.258170288735406928e-02,-2.248866730637262279e-01,-3.478224861504246590e-01,-4.217489596340007196e-01,-4.633522718713889432e-01,-4.844398363203117341e-01,-4.926820588819520452e-01,-4.927568796825569919e-01,-4.873624337738853285e-01,-4.779764540327313682e-01,-4.653856122148090080e-01,-4.500430199921563457e-01,-4.323072517750148336e-01,-4.126001357024966509e-01,-3.915043416206200888e-01,-3.698096140551196953e-01,-3.485098074916486155e-01,-3.287519084974794836e-01,-3.117422511485337111e-01,-2.986223461831576387e-01,-2.903341383863278224e-01,-2.874990324668011965e-01,-1.000000000000000000e+00,-1.000000000000000000e+00,-1.000000000000000000e+00,-1.000000000000000000e+00,-1.000000000000000000e+00,-1.000000000000000000e+00,-1.000000000000000000e+00,-1.000000000000000000e+00,-1.000000000000000000e+00,-1.000000000000000000e+00,-1.000000000000000000e+00,-1.000000000000000000e+00,-1.000000000000000000e+00,-1.000000000000000000e+00,-1.000000000000000000e+00,-1.000000000000000000e+00,-1.000000000000000000e+00,-1.000000000000000000e+00,-1.000000000000000000e+00,-1.000000000000000000e+00,-1.000000000000000000e+00,-1.000000000000000000e+00,-1.000000000000000000e+00,-1.000000000000000000e+00,-1.000000000000000000e+00,-1.000000000000000000e+00,-1.000000000000000000e+00,-1.000000000000000000e+00,-1.000000000000000000e+00,-1.000000000000000000e+00,-1.000000000000000000e+00,-1.000000000000000000e+00,-1.000000000000000000e+00,-1.000000000000000000e+00,-1.000000000000000000e+00,-1.000000000000000000e+00,-1.000000000000000000e+00,-1.000000000000000000e+00,-1.000000000000000000e+00,-1.000000000000000000e+00,-1.000000000000000000e+00,-1.000000000000000000e+00,-1.000000000000000000e+00,-1.000000000000000000e+00,-1.000000000000000000e+00,-1.000000000000000000e+00
-1.000000000000000000e+00,-1.000000000000000000e+00,-1.000000000000000000e+00,-1.000000000000000000e+00,-1.000000000000000000e+00,-1.000000000000000000e+00,-1.000000000000000000e+00,-1.000000000000000000e+00,-1.000000000000000000e+00,-1.000000000000000000e+00,-1.000000000000000000e+00,-1.000000000000000000e+00,-1.000000000000000000e+00,-1.000000000000000000e+00,-1.000000000000000000e+00,-1.000000000000000000e+00,-1.000000000000000000e+00,-1.000000000000000000e+00,-1.000000000000000000e+00,-1.000000000000000000e+00,-1.000000000000000000e+00,-1.000000000000000000e+00,-1.000000000000000000e+00,-1.000000000000000000e+00,-1.000000000000000000e+00,-1.000000000000000000e+00,-1.000000000000000000e+00,-1.000000000000000000e+00,-1.000000000000000000e+00,-1.000000000000000000e+00,-1.000000000000000000e+00,-1.000000000000000000e+00,-1.000000000000000000e+00,-1.000000000000000000e+00,-1.000000000000000000e+00,-1.000000000000000000e+00,-1.000000000000000000e+00,-1.000000000000000000e+00,-1.000000000000000000e+00,-1.000000000000000000e+00,-1.000000000000000000e+00,-1.000000000000000000e+00,-1.000000000000000000e+00,-1.000000000000000000e+00,-1.000000000000000000e+00,-1.000000000000000000e+00,-3.563915387404605895e-01,-3.583216874471206737e-01,-3.639685112344315243e-01,-3.729205992256101609e-01,-3.845531524823373459e-01,-3.981064841729713422e-01,-4.127734827492135494e-01,-4.277802775986119244e-01,-4.424468958363441118e-01,-4.562189577302886434e-01,-4.686652637194113069e-01,-4.794375651058828680e-01,-4.881864735039158631e-01,-4.944205908218819445e-01,-4.972844365873445582e-01,-4.952156245237109289e-01,-4.854267572123465158e-01,-4.631535797519070741e-01,-4.206466042860563803e-01,-3.460283894188957987e-01,-2.225522293122867978e-01,-2.980778925213556363e-02,2.494547173670280671e-01,6.098674001263200140e-01,9.841453902451942071e-01,1.207829741036813509e+00,1.207829741549560687e+00,9.841453917457121392e-01,6.098674024909440661e-01,2.494547204897301640e-01,-2.980778546300832943e-02,-2.225522249035316591e-01,-3.460283843788518610e-01,-4.206465985736214108e-01,-4.631535733476841443e-01,-4.854267500929747570e-01,-4.952156166185419650e-01,-4.972844278183892186e-01,-4.944205810772137610e-01,-4.881864627318943661e-01,-4.794375534953205786e-01,-4.686652517477085667e-01,-4.562189458152188237e-01,-4.424468839613684423e-01,-4.277802656220792699e-01,-4.127734708346624259e-01,-3.981064736477497590e-01,-3.845531444098799767e-01,-3.729205871178553622e-01,-3.639684948321635360e-01,-3.583216733988923153e-01,-3.563915269460133928e-01,-1.000000000000000000e+00,-1.000000000000000000e+00,-1.000000000000000000e+00,-1.000000000000000000e+00,-1.000000000000000000e+00,-1.000000000000000000e+00,-1.000000000000000000e+00,-1.000000000000000000e+00,-1.000000000000000000e+00,-1.000000000000000000e+00,-1.000000000000000000e+00,-1.000000000000000000e+00,-1.000000000000000000e+00,-1.000000000000000000e+00,-1.000000000000000000e+00,-1.000000000000000000e+00,-1.000000000000000000e+00,-1.000000000000000000e+00,-1.000000000000000000e+00,-1.000000000000000000e+00,-1.000000000000000000e+00,-1.000000000000000000e+00,-1.000000000000000000e+00,-1.000000000000000000e+00,-1.000000000000000000e+00,-1.000000000000000000e+00,-1.000000000000000000e+00,-1.000000000000000000e+00,-1.000000000000000000e+00,-1.000000000000000000e+00,-1.000000000000000000e+00,-1.000000000000000000e+00,-1.000000000000000000e+00,-1.000000000000000000e+00,-1.000000000000000000e+00,-1.000000000000000000e+00,-1.000000000000000000e+00,-1.000000000000000000e+00,-1.000000000000000000e+00,-1.000000000000000000e+00,-1.000000000000000000e+00,-1.000000000000000000e+00,-1.000000000000000000e+00,-1.000000000000000000e+00,-1.000000000000000000e+00,-1.000000000000000000e+00
-1.000000000000000000e+00,-1.000000000000000000e+00,-1.000000000000000000e+00,-1.000000000000000000e+00,-1.000000000000000000e+00,-1.000000000000000000e+00,-1.000000000000000000e+00,-1.000000000000000000e+00,-1.000000000000000000e+00,-1.000000000000000000e+00,-1.000000000000000000e+00,-1.000000000000000000e+00,-1.000000000000000000e+00,-1.000000000000000000e+00,-1.000000000000000000e+00,-1.000000000000000000e+00,-1.000000000000000000e+00,-1.000000000000000000e+00,-1.000000000000000000e+00,-1.000000000000000000e+00,-1.000000000000000000e+00,-1.000000000000000000e+00,-1.000000000000000000e+00,-1.000000000000000000e+00,-1.000000000000000000e+00,-1.000000000000000000e+00,-1.000000000000000000e+00,-1.000000000000000000e+00,-1.000000000000000000e+00,-1.000000000000000000e+00,-1.000000000000000000e+00,-1.000000000000000000e+00,-1.000000000000000000e+00,-1.000000000000000000e+00,-1.000000000000000000e+00,-1.000000000000000000e+00,-1.000000000000000000e+00,-1.000000000000000000e+00,-1.000000000000000000e+00,-1.000000000000000000e+00,-1.000000000000000000e+00,-1.000000000000000000e+00,-1.000000000000000000e+00,-1.000000000000000000e+00,-1.000000000000000000e+00,-1.000000000000000000e+00,-4.054612922104396944e-01,-4.067614999835544864e-01,-4.105687087203655494e-01,-4.166150081728225985e-01,-4.244924896182880047e-01,-4.337030625150264385e-01,-4.437140238680594706e-01,-4.540092878317656400e-01,-4.641274635512102620e-01,-4.736801294020400732e-01,-4.823452625110942193e-01,-4.898305197184420479e-01,-4.957978046652247173e-01,-4.997335260433883874e-01,-5.007378534318984720e-01,-4.971918451499020009e-01,-4.862470746213087835e-01,-4.630790741542831768e-01,-4.198820358455073176e-01,-3.447274917051590393e-01,-2.208235335455688286e-01,-2.772128371170268224e-02,2.518580081410659588e-01,6.125583574328770098e-01,9.870762558091632499e-01,1.210894673968955004e+00,1.210894674270512894e+00,9.870762567166462276e-01,6.125583589242964422e-01,2.518580102044483127e-01,-2.772128108864801987e-02,-2.208235303442576125e-01,-3.447274878661259478e-01,-4.198820313092532786e-01,-4.630790689058743581e-01,-4.862470686408482123e-01,-4.971918383354436699e-01,-5.007378456620701357e-01,-4.997335171688979116e-01,-4.957977946383103074e-01,-4.898305087782235390e-01,-4.823452511383061747e-01,-4.736801178971505877e-01,-4.641274517999436355e-01,-4.540092756847586841e-01,-4.437140115642774774e-01,-4.337030515262476627e-01,-4.244924804021881215e-01,-4.166149941875021412e-01,-4.105686909629406856e-01,-4.067614851264345077e-01,-4.054612793322176501e-01,-1.000000000000000000e+00,-1.000000000000000000e+00,-1.000000000000000000e+00,-1.000000000000000000e+00,-1.000000000000000000e+00,-1.000000000000000000e+00,-1.000000000000000000e+00,-1.000000000000000000e+00,-1.000000000000000000e+00,-1.000000000000000000e+00,-1.000000000000000000e+00,-1.000000000000000000e+00,-1.000000000000000000e+00,-1.000000000000000000e+00,-1.000000000000000000e+00,-1.000000000000000000e+00,-1.000000000000000000e+00,-1.000000000000000000e+00,-1.000000000000000000e+00,-1.000000000000000000e+00,-1.000000000000000000e+00,-1.000000000000000000e+00,-1.000000000000000000e+00,-1.000000000000000000e+00,-1.000000000000000000e+00,-1.000000000000000000e+00,-1.000000000000000000e+00,-1.000000000000000000e+00,-1.000000000000000000e+00,-1.000000000000000000e+00,-1.000000000000000000e+00,-1.000000000000000000e+00,-1.000000000000000000e+00,-1.000000000000000000e+00,-1.000000000000000000e+00,-1.000000000000000000e+00,-1.000000000000000000e+00,-1.000000000000000000e+00,-1.000000000000000000e+00,-1.000000000000000000e+00,-1.000000000000000000e+00,-1.000000000000000000e+00,-1.000000000000000000e+00,-1.000000000000000000e+00,-1.000000000000000000e+00,-1.000000000000000000e+00
-1.000000000000000000e+00,-1.000000000000000000e+00,-1.000000000000000000e+00,-1.000000000000000000e+00,-1.000000000000000000e+00,-1.000000000000000000e+00,-1.000000000000000000e+00,-1.000000000000000000e+00,-1.000000000000000000e+00,-1.000000000000000000e+00,-1.000000000000000000e+00,-1.000000000000000000e+00,-1.000000000000000000e+00,-1.000000000000000000e+00,-1.000000000000000000e+00,-1.000000000000000000e+00,-1.000000000000000000e+00,-1.000000000000000000e+00,-1.000000000000000000e+00,-1.000000000000000000e+00,-1.000000000000000000e+00,-1.000000000000000000e+00,-1.000000000000000000e+00,-1.000000000000000000e+00,-1.000000000000000000e+00,-1.000000000000000000e+00,-1.000000000000000000e+00,-1.000000000000000000e+00,-1.000000000000000000e+00,-1.000000000000000000e+00,-1.000000000000000000e+00,-1.000000000000000000e+00,-1.000000000000000000e+00,-1.000000000000000000e+00,-1.000000000000000000e+00,-1.000000000000000000e+00,-1.000000000000000000e+00,-1.000000000000000000e+00,-1.000000000000000000e+00,-1.000000000000000000e+00,-1.000000000000000000e+00,-1.000000000000000000e+00,-1.000000000000000000e+00,-1.000000000000000000e+00,-1.000000000000000000e+00,-1.000000000000000000e+00,-4.397828886994323838e-01,-4.406526575722864436e-01,-4.432019980158683481e-01,-4.472586784882501831e-01,-4.525596660192228171e-01,-4.587821520644705942e-01,-4.655781761391484252e-01,-4.726064028069734135e-01,-4.795550906285050985e-01,-4.861511329269747606e-01,-4.921502707381142372e-01,-4.973022172277632436e-01,-5.012805511491427168e-01,-5.035600704744025435e-01,-5.032134255304816506e-01,-4.985848401049137735e-01,-4.867849438604352486e-01,-4.629478362956236381e-01,-4.192279353400758524e-01,-3.436596905509636812e-01,-2.194173331664455162e-01,-2.602236597621132574e-02,2.538262215315834069e-01,6.147798237636328267e-01,9.895141865209851062e-01,1.213454729846153768e+00,1.213454729927611275e+00,9.895141868140324704e-01,6.147798243556028552e-01,2.538262225206784350e-01,-2.602236451213002510e-02,-2.194173311395779535e-01,-3.436596878528872523e-01,-4.192279318874518879e-01,-4.629478320657494095e-01,-4.867849388346749961e-01,-4.985848341774872239e-01,-5.032134185756733658e-01,-5.035600623550742228e-01,-5.012805418514236777e-01,-4.973022070325026078e-01,-4.921502600951255246e-01,-4.861511220168308611e-01,-4.795550792423126651e-01,-4.726063907554047816e-01,-4.655781637067093470e-01,-4.587821407894923098e-01,-4.525596556135980109e-01,-4.472586625992454046e-01,-4.432019788213272804e-01,-4.406526417284233332e-01,-4.397828745725664845e-01,-1.000000000000000000e+00,-1.000000000000000000e+00,-1.000000000000000000e+00,-1.000000000000000000e+00,-1.000000000000000000e+00,-1.000000000000000000e+00,-1.000000000000000000e+00,-1.000000000000000000e+00,-1.000000000000000000e+00,-1.000000000000000000e+00,-1.000000000000000000e+00,-1.000000000000000000e+00,-1.000000000000000000e+00,-1.000000000000000000e+00,-1.000000000000000000e+00,-1.000000000000000000e+00,-1.000000000000000000e+00,-1.000000000000000000e+00,-1.000000000000000000e+00,-1.000000000000000000e+00,-1.000000000000000000e+00,-1.000000000000000000e+00,-1.000000000000000000e+00,-1.000000000000000000e+00,-1.000000000000000000e+00,-1.000000000000000000e+00,-1.000000000000000000e+00,-1.000000000000000000e+00,-1.000000000000000000e+00,-1.000000000000000000e+00,-1.000000000000000000e+00,-1.000000000000000000e+00,-1.000000000000000000e+00,-1.000000000000000000e+00,-1.000000000000000000e+00,-1.000000000000000000e+00,-1.000000000000000000e+00,-1.000000000000000000e+00,-1.000000000000000000e+00,-1.000000000000000000e+00,-1.000000000000000000e+00,-1.000000000000000000e+00,-1.000000000000000000e+00,-1.000000000000000000e+00,-1.000000000000000000e+00,-1.000000000000000000e+00
-1.000000000000000000e+00,-1.000000000000000000e+00,-1.000000000000000000e+00,-1.000000000000000000e+00,-1.000000000000000000e+00,-1.000000000000000000e+00,-1.000000000000000000e+00,-1.000000000000000000e+00,-1.000000000000000000e+00,-1.000000000000000000e+00,-1.000000000000000000e+00,-1.000000000000000000e+00,-1.000000000000000000e+00,-1.000000000000000000e+00,-1.000000000000000000e+00,-1.000000000000000000e+00,-1.000000000000000000e+00,-1.000000000000000000e+00,-1.000000000000000000e+00,-1.000000000000000000e+00,-1.000000000000000000e+00,-1.000000000000000000e+00,-1.000000000000000000e+00,-1.000000000000000000e+00,-1.000000000000000000e+00,-1.000000000000000000e+00,-1.000000000000000000e+00,-1.000000000000000000e+00,-1.000000000000000000e+00,-1.000000000000000000e+00,-1.000000000000000000e+00,-1.000000000000000000e+00,-1.000000000000000000e+00,-1.000000000000000000e+00,-1.000000000000000000e+00,-1.000000000000000000e+00,-1.000000000000000000e+00,-1.000000000000000000e+00,-1.000000000000000000e+00,-1.000000000000000000e+00,-1.000000000000000000e+00,-1.000000000000000000e+00,-1.000000000000000000e+00,-1.000000000000000000e+00,-1.000000000000000000e+00,-1.000000000000000000e+00,-4.633741504550483725e-01,-4.639540796701391301e-01,-4.656557536485443904e-01,-4.683695226195867534e-01,-4.719273480586743119e-01,-4.761218088118104319e-01,-4.807272627428602618e-01,-4.855190117453540566e-01,-4.902863231210812245e-01,-4.948351962288466410e-01,-4.989761243283590275e-01,-5.024900449951363868e-01,-5.050613798663352583e-01,-5.061597834619089298e-01,-5.048414644465140100e-01,-4.994271770611291572e-01,-4.870004781210743872e-01,-4.626672006488634636e-01,-4.185537442347060377e-01,-3.426675049394587447e-01,-2.181571002236220025e-01,-2.452096013913962480e-02,2.555592350738926655e-01,6.167388899037016259e-01,9.916713724016039677e-01,1.215724761083404104e+00,1.215724760948733163e+00,9.916713720939576149e-01,6.167388896207697258e-01,2.555592350321953532e-01,-2.452095976519785836e-02,-2.181570992754409133e-01,-3.426675032606292248e-01,-4.185537417118139203e-01,-4.626671972393960885e-01,-4.870004738064546146e-01,-4.994271717631821872e-01,-5.048414580765969717e-01,-5.061597759394951268e-01,-5.050613712322347126e-01,-5.024900355558665765e-01,-4.989761144702544726e-01,-4.948351860200661534e-01,-4.902863122627456605e-01,-4.855189999772440146e-01,-4.807272503784663087e-01,-4.761217973693234740e-01,-4.719273364318565811e-01,-4.683695048765841307e-01,-4.656557330350192814e-01,-4.639540627649427762e-01,-4.633741350254183544e-01,-1.000000000000000000e+00,-1.000000000000000000e+00,-1.000000000000000000e+00,-1.000000000000000000e+00,-1.000000000000000000e+00,-1.000000000000000000e+00,-1.000000000000000000e+00,-1.000000000000000000e+00,-1.000000000000000000e+00,-1.000000000000000000e+00,-1.000000000000000000e+00,-1.000000000000000000e+00,-1.000000000000000000e+00,-1.000000000000000000e+00,-1.000000000000000000e+00,-1.000000000000000000e+00,-1.000000000000000000e+00,-1.000000000000000000e+00,-1.000000000000000000e+00,-1.000000000000000000e+00,-1.000000000000000000e+00,-1.000000000000000000e+00,-1.000000000000000000e+00,-1.000000000000000000e+00,-1.000000000000000000e+00,-1.000000000000000000e+00,-1.000000000000000000e+00,-1.000000000000000000e+00,-1.000000000000000000e+00,-1.000000000000000000e+00,-1.000000000000000000e+00,-1.000000000000000000e+00,-1.000000000000000000e+00,-1.000000000000000000e+00,-1.000000000000000000e+00,-1.000000000000000000e+00,-1.000000000000000000e+00,-1.000000000000000000e+00,-1.000000000000000000e+00,-1.000000000000000000e+00,-1.000000000000000000e+00,-1.000000000000000000e+00,-1.000000000000000000e+00,-1.000000000000000000e+00,-1.000000000000000000e+00,-1.000000000000000000e+00
-1.000000000000000000e+00,-1.000000000000000000e+00,-1.000000000000000000e+00,-1.000000000000000000e+00,-1.000000000000000000e+00,-1.000000000000000000e+00,-1.000000000000000000e+00,-1.000000000000000000e+00,-1.000000000000000000e+00,-1.000000000000000000e+00,-1.000000000000000000e+00,-1.000000000000000000e+00,-1.000000000000000000e+00,-1.000000000000000000e+00,-1.000000000000000000e+00,-1.000000000000000000e+00,-1.000000000000000000e+00,-1.000000000000000000e+00,-1.000000000000000000e+00,-1.000000000000000000e+00,-1.000000000000000000e+00,-1.000000000000000000e+00,-1.000000000000000000e+00,-1.000000000000000000e+00,-1.000000000000000000e+00,-1.000000000000000000e+00,-1.000000000000000000e+00,-1.000000000000000000e+00,-1.000000000000000000e+00,-1.000000000000000000e+00,-1.000000000000000000e+00,-1.000000000000000000e+00,-1.000000000000000000e+00,-1.000000000000000000e+00,-1.000000000000000000e+00,-1.000000000000000000e+00,-1.000000000000000000e+00,-1.000000000000000000e+00,-1.000000000000000000e+00,-1.000000000000000000e+00,-1.000000000000000000e+00,-1.000000000000000000e+00,-1.000000000000000000e+00,-1.000000000000000000e+00,-1.000000000000000000e+00,-1.000000000000000000e+00,-4.792976065824472443e-01,-4.796845841015748846e-01,-4.808214664611902833e-01,-4.826389350515860599e-01,-4.850303468749332936e-01,-4.878631931904626740e-01,-4.909917559209304727e-01,-4.942682216525238204e-01,-4.975492430224148777e-01,-5.006944929025651803e-01,-5.035525976374470858e-01,-5.059273462169802116e-01,-5.075125111903178166e-01,-5.077762449867879724e-01,-5.057653101052617117e-01,-4.997857722582672579e-01,-4.869034508990139898e-01,-4.622049401319126005e-01,-4.177968126267188609e-01,-3.416665020760776272e-01,-2.169429201187629275e-01,-2.310616455784764156e-02,2.571757851330573885e-01,6.185598868216262147e-01,9.936759463600850495e-01,1.217834839508478595e+00,1.217834839179791295e+00,9.936759455132619934e-01,6.185598857567642384e-01,2.571757841794450883e-01,-2.310616513099450486e-02,-2.169429200841417327e-01,-3.416665012332975593e-01,-4.177968108296727934e-01,-4.622049373099725855e-01,-4.869034470349014043e-01,-4.997857673294454628e-01,-5.057653040948393297e-01,-5.077762378985370972e-01,-5.075125031268035158e-01,-5.059273374881874119e-01,-5.035525885382874378e-01,-5.006944834033806302e-01,-4.975492327464445808e-01,-4.942682102506523734e-01,-4.909917437413620078e-01,-4.878631816444523039e-01,-4.850303340354420456e-01,-4.826389156075920894e-01,-4.808214445776997081e-01,-4.796845661958313300e-01,-4.792975899407787566e-01,-1.000000000000000000e+00,-1.000000000000000000e+00,-1.000000000000000000e+00,-1.000000000000000000e+00,-1.000000000000000000e+00,-1.000000000000000000e+00,-1.000000000000000000e+00,-1.000000000000000000e+00,-1.000000000000000000e+00,-1.000000000000000000e+00,-1.000000000000000000e+00,-1.000000000000000000e+00,-1.000000000000000000e+00,-1.000000000000000000e+00,-1.000000000000000000e+00,-1.000000000000000000e+00,-1.000000000000000000e+00,-1.000000000000000000e+00,-1.000000000000000000e+00,-1.000000000000000000e+00,-1.000000000000000000e+00,-1.000000000000000000e+00,-1.000000000000000000e+00,-1.000000000000000000e+00,-1.000000000000000000e+00,-1.000000000000000000e+00,-1.000000000000000000e+00,-1.000000000000000000e+00,-1.000000000000000000e+00,-1.000000000000000000e+00,-1.000000000000000000e+00,-1.000000000000000000e+00,-1.000000000000000000e+00,-1.000000000000000000e+00,-1.000000000000000000e+00,-1.000000000000000000e+00,-1.000000000000000000e+00,-1.000000000000000000e+00,-1.000000000000000000e+00,-1.000000000000000000e+00,-1.000000000000000000e+00,-1.000000000000000000e+00,-1.000000000000000000e+00,-1.000000000000000000e+00,-1.000000000000000000e+00,-1.000000000000000000e+00
-1.000000000000000000e+00,-1.000000000000000000e+00,-1.000000000000000000e+00,-1.000000000000000000e+00,-1.000000000000000000e+00,-1.000000000000000000e+00,-1.000000000000000000e+00,-1.000000000000000000e+00,-1.000000000000000000e+00,-1.000000000000000000e+00,-1.000000000000000000e+00,-1.000000000000000000e+00,-1.000000000000000000e+00,-1.000000000000000000e+00,-1.000000000000000000e+00,-1.000000000000000000e+00,-1.000000000000000000e+00,-1.000000000000000000e+00,-1.000000000000000000e+00,-1.000000000000000000e+00,-1.000000000000000000e+00,-1.000000000000000000e+00,-1.000000000000000000e+00,-1.000000000000000000e+00,-1.000000000000000000e+00,-1.000000000000000000e+00,-1.000000000000000000e+00,-1.000000000000000000e+00,-1.000000000000000000e+00,-1.000000000000000000e+00,-1.000000000000000000e+00,-1.000000000000000000e+00,-1.000000000000000000e+00,-1.000000000000000000e+00,-1.000000000000000000e+00,-1.000000000000000000e+00,-1.000000000000000000e+00,-1.000000000000000000e+00,-1.000000000000000000e+00,-1.000000000000000000e+00,-1.000000000000000000e+00,-1.000000000000000000e+00,-1.000000000000000000e+00,-1.000000000000000000e+00,-1.000000000000000000e+00,-1.000000000000000000e+00,-4.898207611313711851e-01,-4.900804028712304472e-01,-4.908442263415242479e-01,-4.920686144117931704e-01,-4.936861712535893787e-01,-4.956125085313640710e-01,-4.977535993736408315e-01,-5.000118157863138180e-01,-5.022883420750803296e-01,-5.044789314422022386e-01,-5.064585047138185914e-01,-5.080473353328729402e-01,-5.089468305630031608e-01,-5.086254775022052144e-01,-5.061248340749022745e-01,-4.997418872900469822e-01,-4.865308626741366993e-01,-4.615651887392333563e-01,-4.169372264530197825e-01,-3.406193910723862572e-01,-2.157250703666893088e-01,-2.171942645377811232e-02,2.587406617222862693e-01,6.203119520885360672e-01,9.955998975896003245e-01,1.219858376364744146e+00,1.219858375884041557e+00,9.955998963180476835e-01,6.203119504098335568e-01,2.587406600575574700e-01,-2.171942775296376027e-02,-2.157250710129927640e-01,-3.406193908289170125e-01,-4.169372251451202160e-01,-4.615651862664238436e-01,-4.865308590245893683e-01,-4.997418825133177478e-01,-5.061248282445776070e-01,-5.086254707106290240e-01,-5.089468229665898846e-01,-5.080473272202024049e-01,-5.064584962682179281e-01,-5.044789225534653809e-01,-5.022883323135793887e-01,-5.000118047216703943e-01,-4.977535874177307917e-01,-4.956124969077793097e-01,-4.936861572698720835e-01,-4.920685935275619372e-01,-4.908442034682281019e-01,-4.900803841672889405e-01,-4.898207435211867633e-01,-1.000000000000000000e+00,-1.000000000000000000e+00,-1.000000000000000000e+00,-1.000000000000000000e+00,-1.000000000000000000e+00,-1.000000000000000000e+00,-1.000000000000000000e+00,-1.000000000000000000e+00,-1.000000000000000000e+00,-1.000000000000000000e+00,-1.000000000000000000e+00,-1.000000000000000000e+00,-1.000000000000000000e+00,-1.000000000000000000e+00,-1.000000000000000000e+00,-1.000000000000000000e+00,-1.000000000000000000e+00,-1.000000000000000000e+00,-1.000000000000000000e+00,-1.000000000000000000e+00,-1.000000000000000000e+00,-1.000000000000000000e+00,-1.000000000000000000e+00,-1.000000000000000000e+00,-1.000000000000000000e+00,-1.000000000000000000e+00,-1.000000000000000000e+00,-1.000000000000000000e+00,-1.000000000000000000e+00,-1.000000000000000000e+00,-1.000000000000000000e+00,-1.000000000000000000e+00,-1.000000000000000000e+00,-1.000000000000000000e+00,-1.000000000000000000e+00,-1.000000000000000000e+00,-1.000000000000000000e+00,-1.000000000000000000e+00,-1.000000000000000000e+00,-1.000000000000000000e+00,-1.000000000000000000e+00,-1.000000000000000000e+00,-1.000000000000000000e+00,-1.000000000000000000e+00,-1.000000000000000000e+00,-1.000000000000000000e+00
-1.000000000000000000e+00,-1.000000000000000000e+00,-1.000000000000000000e+00,-1.000000000000000000e+00,-1.000000000000000000e+00,-1.000000000000000000e+00,-1.000000000000000000e+00,-1.000000000000000000e+00,-1.000000000000000000e+00,-1.000000000000000000e+00,-1.000000000000000000e+00,-1.000000000000000000e+00,-1.000000000000000000e+00,-1.000000000000000000e+00,-1.000000000000000000e+00,-1.000000000000000000e+00,-1.000000000000000000e+00,-1.000000000000000000e+00,-1.000000000000000000e+00,-1.000000000000000000e+00,-1.000000000000000000e+00,-1.000000000000000000e+00,-1.000000000000000000e+00,-1.000000000000000000e+00,-1.000000000000000000e+00,-1.000000000000000000e+00,-1.000000000000000000e+00,-1.000000000000000000e+00,-1.000000000000000000e+00,-1.000000000000000000e+00,-1.000000000000000000e+00,-1.000000000000000000e+00,-1.000000000000000000e+00,-1.000000000000000000e+00,-1.000000000000000000e+00,-1.000000000000000000e+00,-1.000000000000000000e+00,-1.000000000000000000e+00,-1.000000000000000000e+00,-1.000000000000000000e+00,-1.000000000000000000e+00,-1.000000000000000000e+00,-1.000000000000000000e+00,-1.000000000000000000e+00,-1.000000000000000000e+00,-1.000000000000000000e+00,-4.965850697179634565e-01,-4.967612271824570769e-01,-4.972802445545063676e-01,-4.981147492003392685e-01,-4.992222321389752082e-01,-5.005489720903817386e-01,-5.020341168212052452e-01,-5.036125496370917887e-01,-5.052146632923628644e-01,-5.067602762191274479e-01,-5.081422770053931615e-01,-5.091926673013729143e-01,-5.096188287268272887e-01,-5.088903473520058895e-01,-5.060460408125972975e-01,-4.993773097765155100e-01,-4.859307503341829815e-01,-4.607706466236516363e-01,-4.159789464098633260e-01,-3.395164558866508031e-01,-2.144839729768568404e-01,-2.033413935889605284e-02,2.602854103450686907e-01,6.220300127171718430e-01,9.974803064174455614e-01,1.221833504825492689e+00,1.221833504252458624e+00,9.974803048855518384e-01,6.220300106630913817e-01,2.602854082473315955e-01,-2.033414109117792634e-02,-2.144839740139428130e-01,-3.395164559670345028e-01,-4.159789453406217419e-01,-4.607706442805366009e-01,-4.859307467154119209e-01,-4.993773050032297434e-01,-5.060460350451982947e-01,-5.088903407530480649e-01,-5.096188214849046716e-01,-5.091926596594600340e-01,-5.081422690291619304e-01,-5.067602677349851703e-01,-5.052146538559991740e-01,-5.036125387778787044e-01,-5.020341050577998843e-01,-5.005489603863111370e-01,-4.992222171371247796e-01,-4.981147272248538371e-01,-4.972802210795714828e-01,-4.967612080136438735e-01,-4.965850515277265842e-01,-1.000000000000000000e+00,-1.000000000000000000e+00,-1.000000000000000000e+00,-1.000000000000000000e+00,-1.000000000000000000e+00,-1.000000000000000000e+00,-1.000000000000000000e+00,-1.000000000000000000e+00,-1.000000000000000000e+00,-1.000000000000000000e+00,-1.000000000000000000e+00,-1.000000000000000000e+00,-1.000000000000000000e+00,-1.000000000000000000e+00,-1.000000000000000000e+00,-1.000000000000000000e+00,-1.000000000000000000e+00,-1.000000000000000000e+00,-1.000000000000000000e+00,-1.000000000000000000e+00,-1.000000000000000000e+00,-1.000000000000000000e+00,-1.000000000000000000e+00,-1.000000000000000000e+00,-1.000000000000000000e+00,-1.000000000000000000e+00,-1.000000000000000000e+00,-1.000000000000000000e+00,-1.000000000000000000e+00,-1.000000000000000000e+00,-1.000000000000000000e+00,-1.000000000000000000e+00,-1.000000000000000000e+00,-1.000000000000000000e+00,-1.000000000000000000e+00,-1.000000000000000000e+00,-1.000000000000000000e+00,-1.000000000000000000e+00,-1.000000000000000000e+00,-1.000000000000000000e+00,-1.000000000000000000e+00,-1.000000000000000000e+00,-1.000000000000000000e+00,-1.000000000000000000e+00,-1.000000000000000000e+00,-1.000000000000000000e+00
-1.000000000000000000e+00,-1.000000000000000000e+00,-1.000000000000000000e+00,-1.000000000000000000e+00,-1.000000000000000000e+00,-1.000000000000000000e+00,-1.000000000000000000e+00,-1.000000000000000000e+00,-1.000000000000000000e+00,-1.000000000000000000e+00,-1.000000000000000000e+00,-1.000000000000000000e+00,-1.000000000000000000e+00,-1.000000000000000000e+00,-1.000000000000000000e+00,-1.000000000000000000e+00,-1.000000000000000000e+00,-1.000000000000000000e+00,-1.000000000000000000e+00,-1.000000000000000000e+00,-1.000000000000000000e+00,-1.000000000000000000e+00,-1.000000000000000000e+00,-1.000000000000000000e+00,-1.000000000000000000e+00,-1.000000000000000000e+00,-1.000000000000000000e+00,-1.000000000000000000e+00,-1.000000000000000000e+00,-1.000000000000000000e+00,-1.000000000000000000e+00,-1.000000000000000000e+00,-1.000000000000000000e+00,-1.000000000000000000e+00,-1.000000000000000000e+00,-1.000000000000000000e+00,-1.000000000000000000e+00,-1.000000000000000000e+00,-1.000000000000000000e+00,-1.000000000000000000e+00,-1.000000000000000000e+00,-1.000000000000000000e+00,-1.000000000000000000e+00,-1.000000000000000000e+00,-1.000000000000000000e+00,-1.000000000000000000e+00,-5.007581829728886547e-01,-5.008798733743464737e-01,-5.012390322790754027e-01,-5.018184956289744036e-01,-5.025914458529125994e-01,-5.035235958521635524e-01,-5.045752650583690269e-01,-5.057022790514666966e-01,-5.068540754297421458e-01,-5.079664189861912149e-01,-5.089443759181540017e-01,-5.096281841911993737e-01,-5.097297427511264800e-01,-5.087199141604887842e-01,-5.056361393932267134e-01,-4.987663545080422978e-01,-4.851520417154322473e-01,-4.598509691394907506e-01,-4.149372152650636636e-01,-3.383623107798143792e-01,-2.132165114752977431e-01,-1.894164915967166962e-02,2.618225699600742473e-01,6.237292348597680558e-01,9.993339735404127566e-01,1.223777811977271313e+00,1.223777811383439662e+00,9.993339719483778083e-01,6.237292327197136999e-01,2.618225677641721205e-01,-1.894165098045963447e-02,-2.132165125751450674e-01,-3.383623108901678833e-01,-4.149372141882894383e-01,-4.598509667402099765e-01,-4.851520380021083767e-01,-4.987663496557823706e-01,-5.056361336224428626e-01,-5.087199076704624900e-01,-5.097297357331669332e-01,-5.096281768208381635e-01,-5.089443681538705633e-01,-5.079664106115551192e-01,-5.068540660316180890e-01,-5.057022681903937666e-01,-5.045752534027343472e-01,-5.035235840404190810e-01,-5.025914299990326128e-01,-5.018184729696786306e-01,-5.012390086696534297e-01,-5.008798541855243869e-01,-5.007581647149619286e-01,-1.000000000000000000e+00,-1.000000000000000000e+00,-1.000000000000000000e+00,-1.000000000000000000e+00,-1.000000000000000000e+00,-1.000000000000000000e+00,-1.000000000000000000e+00,-1.000000000000000000e+00,-1.000000000000000000e+00,-1.000000000000000000e+00,-1.000000000000000000e+00,-1.000000000000000000e+00,-1.000000000000000000e+00,-1.000000000000000000e+00,-1.000000000000000000e+00,-1.000000000000000000e+00,-1.000000000000000000e+00,-1.000000000000000000e+00,-1.000000000000000000e+00,-1.000000000000000000e+00,-1.000000000000000000e+00,-1.000000000000000000e+00,-1.000000000000000000e+00,-1.000000000000000000e+00,-1.000000000000000000e+00,-1.000000000000000000e+00,-1.000000000000000000e+00,-1.000000000000000000e+00,-1.000000000000000000e+00,-1.000000000000000000e+00,-1.000000000000000000e+00,-1.000000000000000000e+00,-1.000000000000000000e+00,-1.000000000000000000e+00,-1.000000000000000000e+00,-1.000000000000000000e+00,-1.000000000000000000e+00,-1.000000000000000000e+00,-1.000000000000000000e+00,-1.000000000000000000e+00,-1.000000000000000000e+00,-1.000000000000000000e+00,-1.000000000000000000e+00,-1.000000000000000000e+00,-1.000000000000000000e+00,-1.000000000000000000e+00
-1.000000000000000000e+00,-1.000000000000000000e+00,-1.000000000000000000e+00,-1.000000000000000000e+00,-1.000000000000000000e+00,-1.000000000000000000e+00,-1.000000000000000000e+00,-1.000000000000000000e+00,-1.000000000000000000e+00,-1.000000000000000000e+00,-1.000000000000000000e+00,-1.000000000000000000e+00,-1.000000000000000000e+00,-1.000000000000000000e+00,-1.000000000000000000e+00,-1.000000000000000000e+00,-1.000000000000000000e+00,-1.000000000000000000e+00,-1.000000000000000000e+00,-1.000000000000000000e+00,-1.000000000000000000e+00,-1.000000000000000000e+00,-1.000000000000000000e+00,-1.000000000000000000e+00,-1.000000000000000000e+00,-1.000000000000000000e+00,-1.000000000000000000e+00,-1.000000000000000000e+00,-1.000000000000000000e+00,-1.000000000000000000e+00,-1.000000000000000000e+00,-1.000000000000000000e+00,-1.000000000000000000e+00,-1.000000000000000000e+00,-1.000000000000000000e+00,-1.000000000000000000e+00,-1.000000000000000000e+00,-1.000000000000000000e+00,-1.000000000000000000e+00,-1.000000000000000000e+00,-1.000000000000000000e+00,-1.000000000000000000e+00,-1.000000000000000000e+00,-1.000000000000000000e+00,-1.000000000000000000e+00,-1.000000000000000000e+00,-5.031595978549043835e-01,-5.032458849776109133e-01,-5.035010484149262666e-01,-5.039143155976981703e-01,-5.044687253679747130e-01,-5.051422593212508971e-01,-5.059086950342699396e-01,-5.067372915305128345e-01,-5.075898463603341071e-01,-5.084126319918302883e-01,-5.091189062249332764e-01,-5.095546205559742248e-01,-5.094349921313350293e-01,-5.082320514043887627e-01,-5.049825720774832050e-01,-4.979722846663676705e-01,-4.842391312686853411e-01,-4.588360655475947070e-01,-4.138309896818253009e-01,-3.371677506609342956e-01,-2.119274902115320103e-01,-1.754244240972457902e-02,2.633546855777151308e-01,6.254141975946510001e-01,1.001166721539758164e+00,1.225697711198438178e+00,1.225697710658373296e+00,1.001166720098609630e+00,6.254141956747982789e-01,2.633546836394149437e-01,-1.754244395672976964e-02,-2.119274910371728993e-01,-3.371677505129717645e-01,-4.138309883721973392e-01,-4.588360629453989148e-01,-4.842391273851767153e-01,-4.979722796981889132e-01,-5.049825662614972899e-01,-5.082320449379329474e-01,-5.094349851818655850e-01,-5.095546132159993746e-01,-5.091188983662231493e-01,-5.084126233803836215e-01,-5.075898366624347346e-01,-5.067372804261953689e-01,-5.059086833715902287e-01,-5.051422473613937925e-01,-5.044687088563595267e-01,-5.039142926950059831e-01,-5.035010251886822275e-01,-5.032458662985366260e-01,-5.031595801302897186e-01,-1.000000000000000000e+00,-1.000000000000000000e+00,-1.000000000000000000e+00,-1.000000000000000000e+00,-1.000000000000000000e+00,-1.000000000000000000e+00,-1.000000000000000000e+00,-1.000000000000000000e+00,-1.000000000000000000e+00,-1.000000000000000000e+00,-1.000000000000000000e+00,-1.000000000000000000e+00,-1.000000000000000000e+00,-1.000000000000000000e+00,-1.000000000000000000e+00,-1.000000000000000000e+00,-1.000000000000000000e+00,-1.000000000000000000e+00,-1.000000000000000000e+00,-1.000000000000000000e+00,-1.000000000000000000e+00,-1.000000000000000000e+00,-1.000000000000000000e+00,-1.000000000000000000e+00,-1.000000000000000000e+00,-1.000000000000000000e+00,-1.000000000000000000e+00,-1.000000000000000000e+00,-1.000000000000000000e+00,-1.000000000000000000e+00,-1.000000000000000000e+00,-1.000000000000000000e+00,-1.000000000000000000e+00,-1.000000000000000000e+00,-1.000000000000000000e+00,-1.000000000000000000e+00,-1.000000000000000000e+00,-1.000000000000000000e+00,-1.000000000000000000e+00,-1.000000000000000000e+00,-1.000000000000000000e+00,-1.000000000000000000e+00,-1.000000000000000000e+00,-1.000000000000000000e+00,-1.000000000000000000e+00,-1.000000000000000000e+00
-1.000000000000000000e+00,-1.000000000000000000e+00,-1.000000000000000000e+00,-1.000000000000000000e+00,-1.000000000000000000e+00,-1.000000000000000000e+00,-1.000000000000000000e+00,-1.000000000000000000e+00,-1.000000000000000000e+00,-1.000000000000000000e+00,-1.000000000000000000e+00,-1.000000000000000000e+00,-1.000000000000000000e+00,-1.000000000000000000e+00,-1.000000000000000000e+00,-1.000000000000000000e+00,-1.000000000000000000e+00,-1.000000000000000000e+00,-1.000000000000000000e+00,-1.000000000000000000e+00,-1.000000000000000000e+00,-1.000000000000000000e+00,-1.000000000000000000e+00,-1.000000000000000000e+00,-1.000000000000000000e+00,-1.000000000000000000e+00,-1.000000000000000000e+00,-1.000000000000000000e+00,-1.000000000000000000e+00,-1.000000000000000000e+00,-1.000000000000000000e+00,-1.000000000000000000e+00,-1.000000000000000000e+00,-1.000000000000000000e+00,-1.000000000000000000e+00,-1.000000000000000000e+00,-1.000000000000000000e+00,-1.000000000000000000e+00,-1.000000000000000000e+00,-1.000000000000000000e+00,-1.000000000000000000e+00,-1.000000000000000000e+00,-1.000000000000000000e+00,-1.000000000000000000e+00,-1.000000000000000000e+00,-1.000000000000000000e+00,-5.043586225789056243e-01,-5.044219683541575350e-01,-5.046096888019162563e-01,-5.049150041479348872e-01,-5.053271301729624909e-01,-5.058317745649381081e-01,-5.064112465418544318e-01,-5.070433951052155663e-01,-5.076980089668143847e-01,-5.083282504728794393e-01,-5.088528489407249111e-01,-5.091216729226086812e-01,-5.088523152023478602e-01,-5.075177529001653198e-01,-5.041544297504403360e-01,-4.970466009006875296e-01,-4.832296421740354120e-01,-4.577527881481096017e-01,-4.126788893806594416e-01,-3.359451969411155758e-01,-2.106247393802256340e-01,-1.614101751660435013e-02,2.648796037586631513e-01,6.270843133704948613e-01,1.002978907540076570e+00,1.227594004159668906e+00,1.227594003742214390e+00,1.002978906443726892e+00,6.270843119537827803e-01,2.648796024098336588e-01,-1.614101845311211036e-02,-2.106247396225091606e-01,-3.359451962766932809e-01,-4.126788876444855703e-01,-4.577527852286982224e-01,-4.832296380730385366e-01,-4.970465957948935198e-01,-5.041544238433566250e-01,-5.075177463510174292e-01,-5.088523081365847744e-01,-5.091216653489114563e-01,-5.088528406689425410e-01,-5.083282412762475388e-01,-5.076979986362779584e-01,-5.070433835305960812e-01,-5.064112347586195995e-01,-5.058317624265997736e-01,-5.053271132331476068e-01,-5.049149814667126535e-01,-5.046096665014250249e-01,-5.044219507629170707e-01,-5.043586060309959151e-01,-1.000000000000000000e+00,-1.000000000000000000e+00,-1.000000000000000000e+00,-1.000000000000000000e+00,-1.000000000000000000e+00,-1.000000000000000000e+00,-1.000000000000000000e+00,-1.000000000000000000e+00,-1.000000000000000000e+00,-1.000000000000000000e+00,-1.000000000000000000e+00,-1.000000000000000000e+00,-1.000000000000000000e+00,-1.000000000000000000e+00,-1.000000000000000000e+00,-1.000000000000000000e+00,-1.000000000000000000e+00,-1.000000000000000000e+00,-1.000000000000000000e+00,-1.000000000000000000e+00,-1.000000000000000000e+00,-1.000000000000000000e+00,-1.000000000000000000e+00,-1.000000000000000000e+00,-1.000000000000000000e+00,-1.000000000000000000e+00,-1.000000000000000000e+00,-1.000000000000000000e+00,-1.000000000000000000e+00,-1.000000000000000000e+00,-1.000000000000000000e+00,-1.000000000000000000e+00,-1.000000000000000000e+00,-1.000000000000000000e+00,-1.000000000000000000e+00,-1.000000000000000000e+00,-1.000000000000000000e+00,-1.000000000000000000e+00,-1.000000000000000000e+00,-1.000000000000000000e+00,-1.000000000000000000e+00,-1.000000000000000000e+00,-1.000000000000000000e+00,-1.000000000000000000e+00,-1.000000000000000000e+00,-1.000000000000000000e+00
-1.000000000000000000e+00,-1.000000000000000000e+00,-1.000000000000000000e+00,-1.000000000000000000e+00,-1.000000000000000000e+00,-1.000000000000000000e+00,-1.000000000000000000e+00,-1.000000000000000000e+00,-1.000000000000000000e+00,-1.000000000000000000e+00,-1.000000000000000000e+00,-1.000000000000000000e+00,-1.000000000000000000e+00,-1.000000000000000000e+00,-1.000000000000000000e+00,-1.000000000000000000e+00,-1.000000000000000000e+00,-1.000000000000000000e+00,-1.000000000000000000e+00,-1.000000000000000000e+00,-1.000000000000000000e+00,-1.000000000000000000e+00,-1.000000000000000000e+00,-1.000000000000000000e+00,-1.000000000000000000e+00,-1.000000000000000000e+00,-1.000000000000000000e+00,-1.000000000000000000e+00,-1.000000000000000000e+00,-1.000000000000000000e+00,-1.000000000000000000e+00,-1.000000000000000000e+00,-1.000000000000000000e+00,-1.000000000000000000e+00,-1.000000000000000000e+00,-1.000000000000000000e+00,-1.000000000000000000e+00,-1.000000000000000000e+00,-1.000000000000000000e+00,-1.000000000000000000e+00,-1.000000000000000000e+00,-1.000000000000000000e+00,-1.000000000000000000e+00,-1.000000000000000000e+00,-1.000000000000000000e+00,-1.000000000000000000e+00,-5.047477723318101184e-01,-5.047962956779645793e-01,-5.049404092207456785e-01,-5.051758246014967924e-01,-5.054956235801979503e-01,-5.058903717561396007e-01,-5.063477765273951547e-01,-5.068511662534733730e-01,-5.073754792820270865e-01,-5.078783748565651734e-01,-5.082822116428857839e-01,-5.084395122875760009e-01,-5.080695295915269583e-01,-5.066459455962872838e-01,-5.032050106008707502e-01,-4.960299185150578438e-01,-4.821540774642558702e-01,-4.566237077764574437e-01,-4.114973586462369326e-01,-3.347064348743860052e-01,-2.093165619620771523e-01,-1.474313262389781443e-02,2.663933633461734729e-01,6.287368174253282760e-01,1.004768480896703231e+00,1.229464973722456556e+00,1.229464973481908530e+00,1.004768480295069821e+00,6.287368167304689948e-01,2.663933628452461733e-01,-1.474313268621152417e-02,-2.093165613782463907e-01,-3.347064334873586233e-01,-4.114973563251007604e-01,-4.566237044393881561e-01,-4.821540730949349651e-01,-4.960299132293890523e-01,-5.032050045264675475e-01,-5.066459388272148701e-01,-5.080695222000404243e-01,-5.084395042134994824e-01,-5.082822026662698889e-01,-5.078783647787066258e-01,-5.073754680514079851e-01,-5.068511540507714130e-01,-5.063477645598419841e-01,-5.058903594592880637e-01,-5.054956064944775562e-01,-5.051758026275408042e-01,-5.049403883854965969e-01,-5.047962797520160194e-01,-5.047477575861378796e-01,-1.000000000000000000e+00,-1.000000000000000000e+00,-1.000000000000000000e+00,-1.000000000000000000e+00,-1.000000000000000000e+00,-1.000000000000000000e+00,-1.000000000000000000e+00,-1.000000000000000000e+00,-1.000000000000000000e+00,-1.000000000000000000e+00,-1.000000000000000000e+00,-1.000000000000000000e+00,-1.000000000000000000e+00,-1.000000000000000000e+00,-1.000000000000000000e+00,-1.000000000000000000e+00,-1.000000000000000000e+00,-1.000000000000000000e+00,-1.000000000000000000e+00,-1.000000000000000000e+00,-1.000000000000000000e+00,-1.000000000000000000e+00,-1.000000000000000000e+00,-1.000000000000000000e+00,-1.000000000000000000e+00,-1.000000000000000000e+00,-1.000000000000000000e+00,-1.000000000000000000e+00,-1.000000000000000000e+00,-1.000000000000000000e+00,-1.000000000000000000e+00,-1.000000000000000000e+00,-1.000000000000000000e+00,-1.000000000000000000e+00,-1.000000000000000000e+00,-1.000000000000000000e+00,-1.000000000000000000e+00,-1.000000000000000000e+00,-1.000000000000000000e+00,-1.000000000000000000e+00,-1.000000000000000000e+00,-1.000000000000000000e+00,-1.000000000000000000e+00,-1.000000000000000000e+00,-1.000000000000000000e+00,-1.000000000000000000e+00
-1.000000000000000000e+00,-1.000000000000000000e+00,-1.000000000000000000e+00,-1.000000000000000000e+00,-1.000000000000000000e+00,-1.000000000000000000e+00,-1.000000000000000000e+00,-1.000000000000000000e+00,-1.000000000000000000e+00,-1.000000000000000000e+00,-1.000000000000000000e+00,-1.000000000000000000e+00,-1.000000000000000000e+00,-1.000000000000000000e+00,-1.000000000000000000e+00,-1.000000000000000000e+00,-1.000000000000000000e+00,-1.000000000000000000e+00,-1.000000000000000000e+00,-1.000000000000000000e+00,-1.000000000000000000e+00,-1.000000000000000000e+00,-1.000000000000000000e+00,-1.000000000000000000e+00,-1.000000000000000000e+00,-1.000000000000000000e+00,-1.000000000000000000e+00,-1.000000000000000000e+00,-1.000000000000000000e+00,-1.000000000000000000e+00,-1.000000000000000000e+00,-1.000000000000000000e+00,-1.000000000000000000e+00,-1.000000000000000000e+00,-1.000000000000000000e+00,-1.000000000000000000e+00,-1.000000000000000000e+00,-1.000000000000000000e+00,-1.000000000000000000e+00,-1.000000000000000000e+00,-1.000000000000000000e+00,-1.000000000000000000e+00,-1.000000000000000000e+00,-1.000000000000000000e+00,-1.000000000000000000e+00,-1.000000000000000000e+00,-5.045961909691820679e-01,-5.046351696601663051e-01,-5.047511849980068632e-01,-5.049415023105350286e-01,-5.052016211393617340e-01,-5.055251583103999025e-01,-5.059032315320877160e-01,-5.063226566536398465e-01,-5.067616800056518045e-01,-5.071808821357768338e-01,-5.075050116777442000e-01,-5.075883675125618666e-01,-5.071513337769362195e-01,-5.056680784620493085e-01,-5.021746941012450449e-01,-4.949535435791672100e-01,-4.810364351014264628e-01,-4.554670313110236179e-01,-4.103000865120876028e-01,-3.334616846427351788e-01,-2.080105626903119287e-01,-1.335446778370741328e-02,2.678916481699795682e-01,6.303682995302946068e-01,1.006532566888351354e+00,1.231307993578052873e+00,1.231307993544872303e+00,1.006532566862728295e+00,6.303682996752488776e-01,2.678916486582076928e-01,-1.335446682081720127e-02,-2.080105611330269610e-01,-3.334616823935263596e-01,-4.103000834822942977e-01,-4.554670274510526085e-01,-4.810364303794054663e-01,-4.949535380206508961e-01,-5.021746877317427860e-01,-5.056680712999179761e-01,-5.071513258387083667e-01,-5.075883586924874180e-01,-5.075050017658551127e-01,-5.071808709809300098e-01,-5.067616677287958282e-01,-5.063226437837720084e-01,-5.059032194133790128e-01,-5.055251459656293633e-01,-5.052016042526839001e-01,-5.049414815318140626e-01,-5.047511661245751569e-01,-5.046351559217718830e-01,-5.045961785731032379e-01,-1.000000000000000000e+00,-1.000000000000000000e+00,-1.000000000000000000e+00,-1.000000000000000000e+00,-1.000000000000000000e+00,-1.000000000000000000e+00,-1.000000000000000000e+00,-1.000000000000000000e+00,-1.000000000000000000e+00,-1.000000000000000000e+00,-1.000000000000000000e+00,-1.000000000000000000e+00,-1.000000000000000000e+00,-1.000000000000000000e+00,-1.000000000000000000e+00,-1.000000000000000000e+00,-1.000000000000000000e+00,-1.000000000000000000e+00,-1.000000000000000000e+00,-1.000000000000000000e+00,-1.000000000000000000e+00,-1.000000000000000000e+00,-1.000000000000000000e+00,-1.000000000000000000e+00,-1.000000000000000000e+00,-1.000000000000000000e+00,-1.000000000000000000e+00,-1.000000000000000000e+00,-1.000000000000000000e+00,-1.000000000000000000e+00,-1.000000000000000000e+00,-1.000000000000000000e+00,-1.000000000000000000e+00,-1.000000000000000000e+00,-1.000000000000000000e+00,-1.000000000000000000e+00,-1.000000000000000000e+00,-1.000000000000000000e+00,-1.000000000000000000e+00,-1.000000000000000000e+00,-1.000000000000000000e+00,-1.000000000000000000e+00,-1.000000000000000000e+00,-1.000000000000000000e+00,-1.000000000000000000e+00,-1.000000000000000000e+00
-1.000000000000000000e+00,-1.000000000000000000e+00,-1.000000000000000000e+00,-1.000000000000000000e+00,-1.000000000000000000e+00,-1.000000000000000000e+00,-1.000000000000000000e+00,-1.000000000000000000e+00,-1.000000000000000000e+00,-1.000000000000000000e+00,-1.000000000000000000e+00,-1.000000000000000000e+00,-1.000000000000000000e+00,-1.000000000000000000e+00,-1.000000000000000000e+00,-1.000000000000000000e+00,-1.000000000000000000e+00,-1.000000000000000000e+00,-1.000000000000000000e+00,-1.000000000000000000e+00,-1.000000000000000000e+00,-1.000000000000000000e+00,-1.000000000000000000e+00,-1.000000000000000000e+00,-1.000000000000000000e+00,-1.000000000000000000e+00,-1.000000000000000000e+00,-1.000000000000000000e+00,-1.000000000000000000e+00,-1.000000000000000000e+00,-1.000000000000000000e+00,-1.000000000000000000e+00,-1.000000000000000000e+00,-1.000000000000000000e+00,-1.000000000000000000e+00,-1.000000000000000000e+00,-1.000000000000000000e+00,-1.000000000000000000e+00,-1.000000000000000000e+00,-1.000000000000000000e+00,-1.000000000000000000e+00,-1.000000000000000000e+00,-1.000000000000000000e+00,-1.000000000000000000e+00,-1.000000000000000000e+00,-1.000000000000000000e+00,-5.040877175389848475e-01,-5.041205772880203995e-01,-5.042185693283176562e-01,-5.043799274401328248e-01,-5.046016622567464083e-01,-5.048793050692026441e-01,-5.052061246122603322e-01,-5.055711511844478423e-01,-5.059547486254523108e-01,-5.063193853171474856e-01,-5.065913708934965953e-01,-5.066261764483641628e-01,-5.061449354962483937e-01,-5.046221217545339144e-01,-5.010936605314961767e-01,-4.938412099522304644e-01,-4.798952064039037069e-01,-4.542970554620113788e-01,-4.090980659563046018e-01,-3.322193791768830451e-01,-2.067132280342542927e-01,-1.198006749763003143e-02,2.693704389375453090e-01,6.319754195998052992e-01,1.008268222751030230e+00,1.233120303991849909e+00,1.233120304165119308e+00,1.008268223296703070e+00,6.319754205791854318e-01,2.693704404135459640e-01,-1.198006549450791880e-02,-2.067132254664354463e-01,-3.322193759993110618e-01,-4.090980621248245797e-01,-4.542970509567698656e-01,-4.798952011906436610e-01,-4.938412039592607883e-01,-5.010936536766301685e-01,-5.046221139849551562e-01,-5.061449267854003509e-01,-5.066261666757707616e-01,-5.065913599005922308e-01,-5.063193730203190412e-01,-5.059547353181708118e-01,-5.055711377641500803e-01,-5.052061125011801934e-01,-5.048792928935972313e-01,-5.046016459687283628e-01,-5.043799083204989486e-01,-5.042185528304132802e-01,-5.041205661533085802e-01,-5.040877079104255643e-01,-1.000000000000000000e+00,-1.000000000000000000e+00,-1.000000000000000000e+00,-1.000000000000000000e+00,-1.000000000000000000e+00,-1.000000000000000000e+00,-1.000000000000000000e+00,-1.000000000000000000e+00,-1.000000000000000000e+00,-1.000000000000000000e+00,-1.000000000000000000e+00,-1.000000000000000000e+00,-1.000000000000000000e+00,-1.000000000000000000e+00,-1.000000000000000000e+00,-1.000000000000000000e+00,-1.000000000000000000e+00,-1.000000000000000000e+00,-1.000000000000000000e+00,-1.000000000000000000e+00,-1.000000000000000000e+00,-1.000000000000000000e+00,-1.000000000000000000e+00,-1.000000000000000000e+00,-1.000000000000000000e+00,-1.000000000000000000e+00,-1.000000000000000000e+00,-1.000000000000000000e+00,-1.000000000000000000e+00,-1.000000000000000000e+00,-1.000000000000000000e+00,-1.000000000000000000e+00,-1.000000000000000000e+00,-1.000000000000000000e+00,-1.000000000000000000e+00,-1.000000000000000000e+00,-1.000000000000000000e+00,-1.000000000000000000e+00,-1.000000000000000000e+00,-1.000000000000000000e+00,-1.000000000000000000e+00,-1.000000000000000000e+00,-1.000000000000000000e+00,-1.000000000000000000e+00,-1.000000000000000000e+00,-1.000000000000000000e+00
-1.000000000000000000e+00,-1.000000000000000000e+00,-1.000000000000000000e+00,-1.000000000000000000e+00,-1.000000000000000000e+00,-1.000000000000000000e+00,-1.000000000000000000e+00,-1.000000000000000000e+00,-1.000000000000000000e+00,-1.000000000000000000e+00,-1.000000000000000000e+00,-1.000000000000000000e+00,-1.000000000000000000e+00,-1.000000000000000000e+00,-1.000000000000000000e+00,-1.000000000000000000e+00,-1.000000000000000000e+00,-1.000000000000000000e+00,-1.000000000000000000e+00,-1.000000000000000000e+00,-1.000000000000000000e+00,-1.000000000000000000e+00,-1.000000000000000000e+00,-1.000000000000000000e+00,-1.000000000000000000e+00,-1.000000000000000000e+00,-1.000000000000000000e+00,-1.000000000000000000e+00,-1.000000000000000000e+00,-1.000000000000000000e+00,-1.000000000000000000e+00,-1.000000000000000000e+00,-1.000000000000000000e+00,-1.000000000000000000e+00,-1.000000000000000000e+00,-1.000000000000000000e+00,-1.000000000000000000e+00,-1.000000000000000000e+00,-1.000000000000000000e+00,-1.000000000000000000e+00,-1.000000000000000000e+00,-1.000000000000000000e+00,-1.000000000000000000e+00,-1.000000000000000000e+00,-1.000000000000000000e+00,-1.000000000000000000e+00,-5.033475927207877731e-01,-5.033765544018988791e-01,-5.034630597634794924e-01,-5.036059457386006244e-01,-5.038031664188293846e-01,-5.040514525248163125e-01,-5.043454266405147379e-01,-5.046755209105810991e-01,-5.050234487329943178e-01,-5.053528906859536818e-01,-5.055911659019791671e-01,-5.055945059196780278e-01,-5.050845228714821999e-01,-5.035358566535075298e-01,-4.999842401933412006e-01,-4.927106963763474567e-01,-4.787444346808999995e-01,-4.531248073379892105e-01,-4.078999268907708142e-01,-3.309862744877554164e-01,-2.054298778143301973e-01,-1.062418093820038933e-02,2.708262497782003564e-01,6.335551955747051878e-01,1.009972757439670410e+00,1.234899346869266168e+00,1.234899347213844756e+00,1.009972758462194697e+00,6.335551972569843926e-01,2.708262520981836730e-01,-1.062417801514392579e-02,-2.054298743069837840e-01,-3.309862703880934731e-01,-4.078999221922900986e-01,-4.531248020470926008e-01,-4.787444287769471174e-01,-4.927106897121573681e-01,-4.999842325989529712e-01,-5.035358480241356460e-01,-5.050845131646193309e-01,-5.055944950418869155e-01,-5.055911537877024742e-01,-5.053528773332747193e-01,-5.050234345929434099e-01,-5.046755072284394572e-01,-5.043454148296042661e-01,-5.040514408320611039e-01,-5.038031511537077733e-01,-5.036059286852312411e-01,-5.034630459426248095e-01,-5.033765461430501631e-01,-5.033475861077247870e-01,-1.000000000000000000e+00,-1.000000000000000000e+00,-1.000000000000000000e+00,-1.000000000000000000e+00,-1.000000000000000000e+00,-1.000000000000000000e+00,-1.000000000000000000e+00,-1.000000000000000000e+00,-1.000000000000000000e+00,-1.000000000000000000e+00,-1.000000000000000000e+00,-1.000000000000000000e+00,-1.000000000000000000e+00,-1.000000000000000000e+00,-1.000000000000000000e+00,-1.000000000000000000e+00,-1.000000000000000000e+00,-1.000000000000000000e+00,-1.000000000000000000e+00,-1.000000000000000000e+00,-1.000000000000000000e+00,-1.000000000000000000e+00,-1.000000000000000000e+00,-1.000000000000000000e+00,-1.000000000000000000e+00,-1.000000000000000000e+00,-1.000000000000000000e+00,-1.000000000000000000e+00,-1.000000000000000000e+00,-1.000000000000000000e+00,-1.000000000000000000e+00,-1.000000000000000000e+00,-1.000000000000000000e+00,-1.000000000000000000e+00,-1.000000000000000000e+00,-1.000000000000000000e+00,-1.000000000000000000e+00,-1.000000000000000000e+00,-1.000000000000000000e+00,-1.000000000000000000e+00,-1.000000000000000000e+00,-1.000000000000000000e+00,-1.000000000000000000e+00,-1.000000000000000000e+00,-1.000000000000000000e+00,-1.000000000000000000e+00
-1.000000000000000000e+00,-1.000000000000000000e+00,-1.000000000000000000e+00,-1.000000000000000000e+00,-1.000000000000000000e+00,-1.000000000000000000e+00,-1.000000000000000000e+00,-1.000000000000000000e+00,-1.000000000000000000e+00,-1.000000000000000000e+00,-1.000000000000000000e+00,-1.000000000000000000e+00,-1.000000000000000000e+00,-1.000000000000000000e+00,-1.000000000000000000e+00,-1.000000000000000000e+00,-1.000000000000000000e+00,-1.000000000000000000e+00,-1.000000000000000000e+00,-1.000000000000000000e+00,-1.000000000000000000e+00,-1.000000000000000000e+00,-1.000000000000000000e+00,-1.000000000000000000e+00,-1.000000000000000000e+00,-1.000000000000000000e+00,-1.000000000000000000e+00,-1.000000000000000000e+00,-1.000000000000000000e+00,-1.000000000000000000e+00,-1.000000000000000000e+00,-1.000000000000000000e+00,-1.000000000000000000e+00,-1.000000000000000000e+00,-1.000000000000000000e+00,-1.000000000000000000e+00,-1.000000000000000000e+00,-1.000000000000000000e+00,-1.000000000000000000e+00,-1.000000000000000000e+00,-1.000000000000000000e+00,-1.000000000000000000e+00,-1.000000000000000000e+00,-1.000000000000000000e+00,-1.000000000000000000e+00,-1.000000000000000000e+00,-5.024609862523439219e-01,-5.024874877321598987e-01,-5.025667414572367875e-01,-5.026979593448155370e-01,-5.028796834200717214e-01,-5.031093939954089933e-01,-5.033825630185715383e-01,-5.036905062651069187e-01,-5.040157922028969395e-01,-5.043228732748978871e-01,-5.045397130880386882e-01,-5.045230253782113650e-01,-5.039947122121537504e-01,-5.024294763847052536e-01,-4.988628319675640910e-01,-4.915752065040051022e-01,-4.775946787205596067e-01,-4.519586916193292225e-01,-4.067123472210125712e-01,-3.297676873483075255e-01,-2.041647776398569647e-01,-9.290285525195507432e-03,2.722561662772484681e-01,6.351050825754853690e-01,1.011643836028522259e+00,1.236642882171032021e+00,1.236642882623587347e+00,1.011643837359122777e+00,6.351050847242909470e-01,2.722561691824365582e-01,-9.290281911868092379e-03,-2.041647733523088704e-01,-3.297676823944613034e-01,-4.067123416179336814e-01,-4.519586853975896545e-01,-4.775946718808610214e-01,-4.915751988686247742e-01,-4.988628233248508792e-01,-5.024294666201178927e-01,-5.039947013074046467e-01,-5.045230133132658779e-01,-5.045396999282942829e-01,-5.043228591075683553e-01,-5.040157775997355927e-01,-5.036904927574337165e-01,-5.033825519060366460e-01,-5.031093831660395921e-01,-5.028796695946047279e-01,-5.026979446829020759e-01,-5.025667304873193686e-01,-5.024874824603982049e-01,-5.024609827184898236e-01,-1.000000000000000000e+00,-1.000000000000000000e+00,-1.000000000000000000e+00,-1.000000000000000000e+00,-1.000000000000000000e+00,-1.000000000000000000e+00,-1.000000000000000000e+00,-1.000000000000000000e+00,-1.000000000000000000e+00,-1.000000000000000000e+00,-1.000000000000000000e+00,-1.000000000000000000e+00,-1.000000000000000000e+00,-1.000000000000000000e+00,-1.000000000000000000e+00,-1.000000000000000000e+00,-1.000000000000000000e+00,-1.000000000000000000e+00,-1.000000000000000000e+00,-1.000000000000000000e+00,-1.000000000000000000e+00,-1.000000000000000000e+00,-1.000000000000000000e+00,-1.000000000000000000e+00,-1.000000000000000000e+00,-1.000000000000000000e+00,-1.000000000000000000e+00,-1.000000000000000000e+00,-1.000000000000000000e+00,-1.000000000000000000e+00,-1.000000000000000000e+00,-1.000000000000000000e+00,-1.000000000000000000e+00,-1.000000000000000000e+00,-1.000000000000000000e+00,-1.000000000000000000e+00,-1.000000000000000000e+00,-1.000000000000000000e+00,-1.000000000000000000e+00,-1.000000000000000000e+00,-1.000000000000000000e+00,-1.000000000000000000e+00,-1.000000000000000000e+00,-1.000000000000000000e+00,-1.000000000000000000e+00,-1.000000000000000000e+00
-1.000000000000000000e+00,-1.000000000000000000e+00,-1.000000000000000000e+00,-1.000000000000000000e+00,-1.000000000000000000e+00,-1.000000000000000000e+00,-1.000000000000000000e+00,-1.000000000000000000e+00,-1.000000000000000000e+00,-1.000000000000000000e+00,-1.000000000000000000e+00,-1.000000000000000000e+00,-1.000000000000000000e+00,-1.000000000000000000e+00,-1.000000000000000000e+00,-1.000000000000000000e+00,-1.000000000000000000e+00,-1.000000000000000000e+00,-1.000000000000000000e+00,-1.000000000000000000e+00,-1.000000000000000000e+00,-1.000000000000000000e+00,-1.000000000000000000e+00,-1.000000000000000000e+00,-1.000000000000000000e+00,-1.000000000000000000e+00,-1.000000000000000000e+00,-1.000000000000000000e+00,-1.000000000000000000e+00,-1.000000000000000000e+00,-1.000000000000000000e+00,-1.000000000000000000e+00,-1.000000000000000000e+00,-1.000000000000000000e+00,-1.000000000000000000e+00,-1.000000000000000000e+00,-1.000000000000000000e+00,-1.000000000000000000e+00,-1.000000000000000000e+00,-1.000000000000000000e+00,-1.000000000000000000e+00,-1.000000000000000000e+00,-1.000000000000000000e+00,-1.000000000000000000e+00,-1.000000000000000000e+00,-1.000000000000000000e+00,-5.014857489596238338e-01,-5.015107194272179214e-01,-5.015854600671589836e-01,-5.017094151591026119e-01,-5.018814918583212048e-01,-5.020996369926784553e-01,-5.023598527003736436e-01,-5.026540082166572887e-01,-5.029652092728813528e-01,-5.032583941237689373e-01,-5.034619305206646800e-01,-5.034328280295143898e-01,-5.028931493097967831e-01,-5.013175864871648457e-01,-4.977414131180326606e-01,-4.904444867936872399e-01,-4.764538235450004322e-01,-4.508050649204102811e-01,-4.055404483329878573e-01,-3.285677576653007748e-01,-2.029213038976926953e-01,-7.981182062839486946e-03,2.736577991315440883e-01,6.366229591822856193e-01,1.013279485928221035e+00,1.238349003577500440e+00,1.238349004060395941e+00,1.013279487357509723e+00,6.366229615015495114e-01,2.736578022988149783e-01,-7.981178054611959283e-03,-2.029212990483557633e-01,-3.285677519697562943e-01,-4.055404418156891566e-01,-4.508050576340814075e-01,-4.764538155107409523e-01,-4.904444778608665345e-01,-4.977414030960343183e-01,-5.013175753146139613e-01,-5.028931370475620000e-01,-5.034328147769437933e-01,-5.034619164968949789e-01,-5.032583795089715650e-01,-5.029651947089046615e-01,-5.026539954216167061e-01,-5.023598427464719407e-01,-5.020996274383469071e-01,-5.018814798607547090e-01,-5.017094031287152589e-01,-5.015854519977649417e-01,-5.015107170859458563e-01,-5.014857483784149750e-01,-1.000000000000000000e+00,-1.000000000000000000e+00,-1.000000000000000000e+00,-1.000000000000000000e+00,-1.000000000000000000e+00,-1.000000000000000000e+00,-1.000000000000000000e+00,-1.000000000000000000e+00,-1.000000000000000000e+00,-1.000000000000000000e+00,-1.000000000000000000e+00,-1.000000000000000000e+00,-1.000000000000000000e+00,-1.000000000000000000e+00,-1.000000000000000000e+00,-1.000000000000000000e+00,-1.000000000000000000e+00,-1.000000000000000000e+00,-1.000000000000000000e+00,-1.000000000000000000e+00,-1.000000000000000000e+00,-1.000000000000000000e+00,-1.000000000000000000e+00,-1.000000000000000000e+00,-1.000000000000000000e+00,-1.000000000000000000e+00,-1.000000000000000000e+00,-1.000000000000000000e+00,-1.000000000000000000e+00,-1.000000000000000000e+00,-1.000000000000000000e+00,-1.000000000000000000e+00,-1.000000000000000000e+00,-1.000000000000000000e+00,-1.000000000000000000e+00,-1.000000000000000000e+00,-1.000000000000000000e+00,-1.000000000000000000e+00,-1.000000000000000000e+00,-1.000000000000000000e+00,-1.000000000000000000e+00,-1.000000000000000000e+00,-1.000000000000000000e+00,-1.000000000000000000e+00,-1.000000000000000000e+00,-1.000000000000000000e+00
-1.000000000000000000e+00,-1.000000000000000000e+00,-1.000000000000000000e+00,-1.000000000000000000e+00,-1.000000000000000000e+00,-1.000000000000000000e+00,-1.000000000000000000e+00,-1.000000000000000000e+00,-1.000000000000000000e+00,-1.000000000000000000e+00,-1.000000000000000000e+00,-1.000000000000000000e+00,-1.000000000000000000e+00,-1.000000000000000000e+00,-1.000000000000000000e+00,-1.000000000000000000e+00,-1.000000000000000000e+00,-1.000000000000000000e+00,-1.000000000000000000e+00,-1.000000000000000000e+00,-1.000000000000000000e+00,-1.000000000000000000e+00,-1.000000000000000000e+00,-1.000000000000000000e+00,-1.000000000000000000e+00,-1.000000000000000000e+00,-1.000000000000000000e+00,-1.000000000000000000e+00,-1.000000000000000000e+00,-1.000000000000000000e+00,-1.000000000000000000e+00,-1.000000000000000000e+00,-1.000000000000000000e+00,-1.000000000000000000e+00,-1.000000000000000000e+00,-1.000000000000000000e+00,-1.000000000000000000e+00,-1.000000000000000000e+00,-1.000000000000000000e+00,-1.000000000000000000e+00,-1.000000000000000000e+00,-1.000000000000000000e+00,-1.000000000000000000e+00,-1.000000000000000000e+00,-1.000000000000000000e+00,-1.000000000000000000e+00,-5.004611424558520483e-01,-5.004851806656338553e-01,-5.005571738801330994e-01,-5.006767095563660064e-01,-5.008429203001156793e-01,-5.010540413119874970e-01,-5.013064031003917620e-01,-5.015922182580876409e-01,-5.018949259885951975e-01,-5.021797652122392819e-01,-5.023753505062797942e-01,-5.023388636252290596e-01,-5.017924406729523668e-01,-5.002107126305173068e-01,-4.966286975686804439e-01,-4.893257021162336073e-01,-4.753277317366579879e-01,-4.496687123120883811e-01,-4.043881376541635930e-01,-3.273896900963206846e-01,-2.017021106423175780e-01,-6.699107459147590760e-03,2.750292095692303818e-01,6.381070784503890536e-01,1.014878063527662633e+00,1.240016112521453273e+00,1.240016112958071126e+00,1.014878064844374705e+00,6.381070806426984987e-01,2.750292126760660594e-01,-6.699103358641878003e-03,-2.017021054682821557e-01,-3.273896837958316652e-01,-4.043881302424594537e-01,-4.496687038560462923e-01,-4.753277222752307907e-01,-4.893256915845221044e-01,-4.966286858712187779e-01,-5.002106998256721226e-01,-5.017924269591720332e-01,-5.023388492672928862e-01,-5.023753358822728998e-01,-5.021797505941378859e-01,-5.018949120369899930e-01,-5.015922067583984401e-01,-5.013063947878304560e-01,-5.010540334476214497e-01,-5.008429104715723668e-01,-5.006767003065260013e-01,-5.005571686404763909e-01,-5.004851810328636574e-01,-5.004611445161373240e-01,-1.000000000000000000e+00,-1.000000000000000000e+00,-1.000000000000000000e+00,-1.000000000000000000e+00,-1.000000000000000000e+00,-1.000000000000000000e+00,-1.000000000000000000e+00,-1.000000000000000000e+00,-1.000000000000000000e+00,-1.000000000000000000e+00,-1.000000000000000000e+00,-1.000000000000000000e+00,-1.000000000000000000e+00,-1.000000000000000000e+00,-1.000000000000000000e+00,-1.000000000000000000e+00,-1.000000000000000000e+00,-1.000000000000000000e+00,-1.000000000000000000e+00,-1.000000000000000000e+00,-1.000000000000000000e+00,-1.000000000000000000e+00,-1.000000000000000000e+00,-1.000000000000000000e+00,-1.000000000000000000e+00,-1.000000000000000000e+00,-1.000000000000000000e+00,-1.000000000000000000e+00,-1.000000000000000000e+00,-1.000000000000000000e+00,-1.000000000000000000e+00,-1.000000000000000000e+00,-1.000000000000000000e+00,-1.000000000000000000e+00,-1.000000000000000000e+00,-1.000000000000000000e+00,-1.000000000000000000e+00,-1.000000000000000000e+00,-1.000000000000000000e+00,-1.000000000000000000e+00,-1.000000000000000000e+00,-1.000000000000000000e+00,-1.000000000000000000e+00,-1.000000000000000000e+00,-1.000000000000000000e+00,-1.000000000000000000e+00
-1.000000000000000000e+00,-1.000000000000000000e+00,-1.000000000000000000e+00,-1.000000000000000000e+00,-1.000000000000000000e+00,-1.000000000000000000e+00,-1.000000000000000000e+00,-1.000000000000000000e+00,-1.000000000000000000e+00,-1.000000000000000000e+00,-1.000000000000000000e+00,-1.000000000000000000e+00,-1.000000000000000000e+00,-1.000000000000000000e+00,-1.000000000000000000e+00,-1.000000000000000000e+00,-1.000000000000000000e+00,-1.000000000000000000e+00,-1.000000000000000000e+00,-1.000000000000000000e+00,-1.000000000000000000e+00,-1.000000000000000000e+00,-1.000000000000000000e+00,-1.000000000000000000e+00,-1.000000000000000000e+00,-1.000000000000000000e+00,-1.000000000000000000e+00,-1.000000000000000000e+00,-1.000000000000000000e+00,-1.000000000000000000e+00,-1.000000000000000000e+00,-1.000000000000000000e+00,-1.000000000000000000e+00,-1.000000000000000000e+00,-1.000000000000000000e+00,-1.000000000000000000e+00,-1.000000000000000000e+00,-1.000000000000000000e+00,-1.000000000000000000e+00,-1.000000000000000000e+00,-1.000000000000000000e+00,-1.000000000000000000e+00,-1.000000000000000000e+00,-1.000000000000000000e+00,-1.000000000000000000e+00,-1.000000000000000000e+00,-4.994137941687357696e-01,-4.994372842475129914e-01,-4.995076633009523093e-01,-4.996246062129596766e-01,-4.997873834886803479e-01,-4.999944066577510782e-01,-5.002422071361030120e-01,-5.005232074330407954e-01,-5.008210499399874394e-01,-5.011011549545933974e-01,-5.012922815984985903e-01,-5.012517026980374268e-01,-5.007015702291894854e-01,-4.991164208564358162e-01,-4.955310087295146104e-01,-4.882241062297039136e-01,-4.742207514971141791e-01,-4.485532272930186082e-01,-4.032583893047991808e-01,-3.262359589823313755e-01,-2.005092778579635748e-01,-5.445841499411407938e-03,2.763688320137918097e-01,6.395560104157551606e-01,1.016438208817982414e+00,1.241642878547797757e+00,1.241642878875596878e+00,1.016438209847274621e+00,6.395560122401482417e-01,2.763688348005421958e-01,-5.445837554243659895e-03,-2.005092725638455420e-01,-3.262359522104407716e-01,-4.032583810431216165e-01,-4.485532176076878486e-01,-4.742207404486897815e-01,-4.882240938797144381e-01,-4.955309951552040459e-01,-4.991164062955153469e-01,-5.007015550626672251e-01,-5.012516873916181837e-01,-5.012922666863932619e-01,-5.011011408012278068e-01,-5.008210371829751040e-01,-5.005231977947053323e-01,-5.002422009220213184e-01,-4.999944008682781771e-01,-4.997873761048490238e-01,-4.996245997947523776e-01,-4.995076606996935453e-01,-4.994372869402381454e-01,-4.994137983894058053e-01,-1.000000000000000000e+00,-1.000000000000000000e+00,-1.000000000000000000e+00,-1.000000000000000000e+00,-1.000000000000000000e+00,-1.000000000000000000e+00,-1.000000000000000000e+00,-1.000000000000000000e+00,-1.000000000000000000e+00,-1.000000000000000000e+00,-1.000000000000000000e+00,-1.000000000000000000e+00,-1.000000000000000000e+00,-1.000000000000000000e+00,-1.000000000000000000e+00,-1.000000000000000000e+00,-1.000000000000000000e+00,-1.000000000000000000e+00,-1.000000000000000000e+00,-1.000000000000000000e+00,-1.000000000000000000e+00,-1.000000000000000000e+00,-1.000000000000000000e+00,-1.000000000000000000e+00,-1.000000000000000000e+00,-1.000000000000000000e+00,-1.000000000000000000e+00,-1.000000000000000000e+00,-1.000000000000000000e+00,-1.000000000000000000e+00,-1.000000000000000000e+00,-1.000000000000000000e+00,-1.000000000000000000e+00,-1.000000000000000000e+00,-1.000000000000000000e+00,-1.000000000000000000e+00,-1.000000000000000000e+00,-1.000000000000000000e+00,-1.000000000000000000e+00,-1.000000000000000000e+00,-1.000000000000000000e+00,-1.000000000000000000e+00,-1.000000000000000000e+00,-1.000000000000000000e+00,-1.000000000000000000e+00,-1.000000000000000000e+00
-1.000000000000000000e+00,-1.000000000000000000e+00,-1.000000000000000000e+00,-1.000000000000000000e+00,-1.000000000000000000e+00,-1.000000000000000000e+00,-1.000000000000000000e+00,-1.000000000000000000e+00,-1.000000000000000000e+00,-1.000000000000000000e+00,-1.000000000000000000e+00,-1.000000000000000000e+00,-1.000000000000000000e+00,-1.000000000000000000e+00,-1.000000000000000000e+00,-1.000000000000000000e+00,-1.000000000000000000e+00,-1.000000000000000000e+00,-1.000000000000000000e+00,-1.000000000000000000e+00,-1.000000000000000000e+00,-1.000000000000000000e+00,-1.000000000000000000e+00,-1.000000000000000000e+00,-1.000000000000000000e+00,-1.000000000000000000e+00,-1.000000000000000000e+00,-1.000000000000000000e+00,-1.000000000000000000e+00,-1.000000000000000000e+00,-1.000000000000000000e+00,-1.000000000000000000e+00,-1.000000000000000000e+00,-1.000000000000000000e+00,-1.000000000000000000e+00,-1.000000000000000000e+00,-1.000000000000000000e+00,-1.000000000000000000e+00,-1.000000000000000000e+00,-1.000000000000000000e+00,-1.000000000000000000e+00,-1.000000000000000000e+00,-1.000000000000000000e+00,-1.000000000000000000e+00,-1.000000000000000000e+00,-1.000000000000000000e+00,-4.983617506987041423e-01,-4.983849374224638140e-01,-4.984544247007640649e-01,-4.985699400482861421e-01,-4.987308370498464427e-01,-4.989356332058498822e-01,-4.991809805201263828e-01,-4.994594269257959240e-01,-4.997547350702458147e-01,-5.000324302339489435e-01,-5.002213501527101869e-01,-5.001788062520740041e-01,-4.996269292765092018e-01,-4.980401410106480853e-01,-4.944529288022065927e-01,-4.871435471595058075e-01,-4.731361052544489354e-01,-4.474613072855255780e-01,-4.021534666079711329e-01,-3.251084746096521982e-01,-1.993444351899675837e-01,-4.222799160311652145e-03,2.776754042221005747e-01,6.409685874299499986e-01,1.017958800009367337e+00,1.243228198327645195e+00,1.243228198512424498e+00,1.017958800654367835e+00,6.409685887551548333e-01,2.776754065428361784e-01,-4.222795512955457298e-03,-1.993444299012923082e-01,-3.251084674646600448e-01,-4.021534575481480189e-01,-4.474612963630919538e-01,-4.731360925691499020e-01,-4.871435329120386015e-01,-4.944529132978257024e-01,-4.980401247078667382e-01,-4.996269127700108115e-01,-5.001787902257524010e-01,-5.002213352876880847e-01,-5.000324169923198170e-01,-4.997547240497555165e-01,-4.994594196519406282e-01,-4.991809767897192884e-01,-4.989356297946185848e-01,-4.987308322760117818e-01,-4.985699363878612900e-01,-4.984544244201138952e-01,-4.983849419096024747e-01,-4.983617564526143795e-01,-1.000000000000000000e+00,-1.000000000000000000e+00,-1.000000000000000000e+00,-1.000000000000000000e+00,-1.000000000000000000e+00,-1.000000000000000000e+00,-1.000000000000000000e+00,-1.000000000000000000e+00,-1.000000000000000000e+00,-1.000000000000000000e+00,-1.000000000000000000e+00,-1.000000000000000000e+00,-1.000000000000000000e+00,-1.000000000000000000e+00,-1.000000000000000000e+00,-1.000000000000000000e+00,-1.000000000000000000e+00,-1.000000000000000000e+00,-1.000000000000000000e+00,-1.000000000000000000e+00,-1.000000000000000000e+00,-1.000000000000000000e+00,-1.000000000000000000e+00,-1.000000000000000000e+00,-1.000000000000000000e+00,-1.000000000000000000e+00,-1.000000000000000000e+00,-1.000000000000000000e+00,-1.000000000000000000e+00,-1.000000000000000000e+00,-1.000000000000000000e+00,-1.000000000000000000e+00,-1.000000000000000000e+00,-1.000000000000000000e+00,-1.000000000000000000e+00,-1.000000000000000000e+00,-1.000000000000000000e+00,-1.000000000000000000e+00,-1.000000000000000000e+00,-1.000000000000000000e+00,-1.000000000000000000e+00,-1.000000000000000000e+00,-1.000000000000000000e+00,-1.000000000000000000e+00,-1.000000000000000000e+00,-1.000000000000000000e+00
-1.000000000000000000e+00,-1.000000000000000000e+00,-1.000000000000000000e+00,-1.000000000000000000e+00,-1.000000000000000000e+00,-1.000000000000000000e+00,-1.000000000000000000e+00,-1.000000000000000000e+00,-1.000000000000000000e+00,-1.000000000000000000e+00,-1.000000000000000000e+00,-1.000000000000000000e+00,-1.000000000000000000e+00,-1.000000000000000000e+00,-1.000000000000000000e+00,-1.000000000000000000e+00,-1.000000000000000000e+00,-1.000000000000000000e+00,-1.000000000000000000e+00,-1.000000000000000000e+00,-1.000000000000000000e+00,-1.000000000000000000e+00,-1.000000000000000000e+00,-1.000000000000000000e+00,-1.000000000000000000e+00,-1.000000000000000000e+00,-1.000000000000000000e+00,-1.000000000000000000e+00,-1.000000000000000000e+00,-1.000000000000000000e+00,-1.000000000000000000e+00,-1.000000000000000000e+00,-1.000000000000000000e+00,-1.000000000000000000e+00,-1.000000000000000000e+00,-1.000000000000000000e+00,-1.000000000000000000e+00,-1.000000000000000000e+00,-1.000000000000000000e+00,-1.000000000000000000e+00,-1.000000000000000000e+00,-1.000000000000000000e+00,-1.000000000000000000e+00,-1.000000000000000000e+00,-1.000000000000000000e+00,-1.000000000000000000e+00,-4.973172332898467829e-01,-4.973402710483352251e-01,-4.974093222647830714e-01,-4.975241454376195804e-01,-4.976841429830667352e-01,-4.978878943284259506e-01,-4.981321216452361256e-01,-4.984094450482716709e-01,-4.987036949837335698e-01,-4.989804531950658983e-01,-4.991685940272860833e-01,-4.991254342058537574e-01,-4.985730601414211094e-01,-4.969857671452508896e-01,-4.933977772395010675e-01,-4.860868438605878694e-01,-4.720761828940025495e-01,-4.463949796543467130e-01,-4.010750948929633353e-01,-3.240087145985732775e-01,-1.982088617173545231e-01,-3.031106838398578418e-03,2.789479079875798462e-01,6.423438563687078329e-01,1.019438912761350124e+00,1.244771158209521111e+00,1.244771158257105270e+00,1.019438913036839089e+00,6.423438572136879188e-01,2.789479098535583290e-01,-3.031103486057951102e-03,-1.982088564449728807e-01,-3.240087071119486239e-01,-4.010750850766475750e-01,-4.463949675436662545e-01,-4.720761686479608699e-01,-4.860868278136942777e-01,-4.933977599398522429e-01,-4.969857492844296232e-01,-4.985730425420191736e-01,-4.991254177717232565e-01,-4.991685795693916461e-01,-4.989804412702687486e-01,-4.987036861534406285e-01,-4.984094405192527333e-01,-4.981321206481963415e-01,-4.978878934523116584e-01,-4.976841408197607564e-01,-4.975241443014866149e-01,-4.974093238561687613e-01,-4.973402766816246157e-01,-4.973172398522560655e-01,-1.000000000000000000e+00,-1.000000000000000000e+00,-1.000000000000000000e+00,-1.000000000000000000e+00,-1.000000000000000000e+00,-1.000000000000000000e+00,-1.000000000000000000e+00,-1.000000000000000000e+00,-1.000000000000000000e+00,-1.000000000000000000e+00,-1.000000000000000000e+00,-1.000000000000000000e+00,-1.000000000000000000e+00,-1.000000000000000000e+00,-1.000000000000000000e+00,-1.000000000000000000e+00,-1.000000000000000000e+00,-1.000000000000000000e+00,-1.000000000000000000e+00,-1.000000000000000000e+00,-1.000000000000000000e+00,-1.000000000000000000e+00,-1.000000000000000000e+00,-1.000000000000000000e+00,-1.000000000000000000e+00,-1.000000000000000000e+00,-1.000000000000000000e+00,-1.000000000000000000e+00,-1.000000000000000000e+00,-1.000000000000000000e+00,-1.000000000000000000e+00,-1.000000000000000000e+00,-1.000000000000000000e+00,-1.000000000000000000e+00,-1.000000000000000000e+00,-1.000000000000000000e+00,-1.000000000000000000e+00,-1.000000000000000000e+00,-1.000000000000000000e+00,-1.000000000000000000e+00,-1.000000000000000000e+00,-1.000000000000000000e+00,-1.000000000000000000e+00,-1.000000000000000000e+00,-1.000000000000000000e+00,-1.000000000000000000e+00
-1.000000000000000000e+00,-1.000000000000000000e+00,-1.000000000000000000e+00,-1.000000000000000000e+00,-1.000000000000000000e+00,-1.000000000000000000e+00,-1.000000000000000000e+00,-1.000000000000000000e+00,-1.000000000000000000e+00,-1.000000000000000000e+00,-1.000000000000000000e+00,-1.000000000000000000e+00,-1.000000000000000000e+00,-1.000000000000000000e+00,-1.000000000000000000e+00,-1.000000000000000000e+00,-1.000000000000000000e+00,-1.000000000000000000e+00,-1.000000000000000000e+00,-1.000000000000000000e+00,-1.000000000000000000e+00,-1.000000000000000000e+00,-1.000000000000000000e+00,-1.000000000000000000e+00,-1.000000000000000000e+00,-1.000000000000000000e+00,-1.000000000000000000e+00,-1.000000000000000000e+00,-1.000000000000000000e+00,-1.000000000000000000e+00,-1.000000000000000000e+00,-1.000000000000000000e+00,-1.000000000000000000e+00,-1.000000000000000000e+00,-1.000000000000000000e+00,-1.000000000000000000e+00,-1.000000000000000000e+00,-1.000000000000000000e+00,-1.000000000000000000e+00,-1.000000000000000000e+00,-1.000000000000000000e+00,-1.000000000000000000e+00,-1.000000000000000000e+00,-1.000000000000000000e+00,-1.000000000000000000e+00,-1.000000000000000000e+00,-4.962885097691511760e-01,-4.963114944364264147e-01,-4.963803925659640015e-01,-4.964949802509304178e-01,-4.966546874245212351e-01,-4.968581280184700688e-01,-4.971020629102049782e-01,-4.973791510963447848e-01,-4.976732579495450892e-01,-4.979499912211160506e-01,-4.981382355534620388e-01,-4.980952924198769338e-01,-4.975431902706306531e-01,-4.959560925912951390e-01,-4.923679607823103765e-01,-4.850560646146764299e-01,-4.710427608764566898e-01,-4.453557726141932349e-01,-4.000245938674984458e-01,-3.229378260213815466e-01,-1.971035647793959455e-01,-1.871663704918979931e-03,2.801855204137746469e-01,6.436810385082951669e-01,1.020877785310204899e+00,1.246271001820753455e+00,1.246271001781228627e+00,1.020877785354769252e+00,6.436810390620832933e-01,2.801855220250777379e-01,-1.871660467793745397e-03,-1.971035593943444297e-01,-3.229378181344104703e-01,-4.000245833167737075e-01,-4.453557594318438007e-01,-4.710427452816796645e-01,-4.850560470558926696e-01,-4.923679420236268811e-01,-4.959560735489363381e-01,-4.975431719835645694e-01,-4.980952759880548086e-01,-4.981382218864442990e-01,-4.979499809589542636e-01,-4.976732516325874656e-01,-4.973791495128256912e-01,-4.971020646931130216e-01,-4.968581296198362196e-01,-4.966546876608806116e-01,-4.964949812293015796e-01,-4.963803954640528815e-01,-4.963115004932587837e-01,-4.962885163705257341e-01,-1.000000000000000000e+00,-1.000000000000000000e+00,-1.000000000000000000e+00,-1.000000000000000000e+00,-1.000000000000000000e+00,-1.000000000000000000e+00,-1.000000000000000000e+00,-1.000000000000000000e+00,-1.000000000000000000e+00,-1.000000000000000000e+00,-1.000000000000000000e+00,-1.000000000000000000e+00,-1.000000000000000000e+00,-1.000000000000000000e+00,-1.000000000000000000e+00,-1.000000000000000000e+00,-1.000000000000000000e+00,-1.000000000000000000e+00,-1.000000000000000000e+00,-1.000000000000000000e+00,-1.000000000000000000e+00,-1.000000000000000000e+00,-1.000000000000000000e+00,-1.000000000000000000e+00,-1.000000000000000000e+00,-1.000000000000000000e+00,-1.000000000000000000e+00,-1.000000000000000000e+00,-1.000000000000000000e+00,-1.000000000000000000e+00,-1.000000000000000000e+00,-1.000000000000000000e+00,-1.000000000000000000e+00,-1.000000000000000000e+00,-1.000000000000000000e+00,-1.000000000000000000e+00,-1.000000000000000000e+00,-1.000000000000000000e+00,-1.000000000000000000e+00,-1.000000000000000000e+00,-1.000000000000000000e+00,-1.000000000000000000e+00,-1.000000000000000000e+00,-1.000000000000000000e+00,-1.000000000000000000e+00,-1.000000000000000000e+00
-1.000000000000000000e+00,-1.000000000000000000e+00,-1.000000000000000000e+00,-1.000000000000000000e+00,-1.000000000000000000e+00,-1.000000000000000000e+00,-1.000000000000000000e+00,-1.000000000000000000e+00,-1.000000000000000000e+00,-1.000000000000000000e+00,-1.000000000000000000e+00,-1.000000000000000000e+00,-1.000000000000000000e+00,-1.000000000000000000e+00,-1.000000000000000000e+00,-1.000000000000000000e+00,-1.000000000000000000e+00,-1.000000000000000000e+00,-1.000000000000000000e+00,-1.000000000000000000e+00,-1.000000000000000000e+00,-1.000000000000000000e+00,-1.000000000000000000e+00,-1.000000000000000000e+00,-1.000000000000000000e+00,-1.000000000000000000e+00,-1.000000000000000000e+00,-1.000000000000000000e+00,-1.000000000000000000e+00,-1.000000000000000000e+00,-1.000000000000000000e+00,-1.000000000000000000e+00,-1.000000000000000000e+00,-1.000000000000000000e+00,-1.000000000000000000e+00,-1.000000000000000000e+00,-1.000000000000000000e+00,-1.000000000000000000e+00,-1.000000000000000000e+00,-1.000000000000000000e+00,-1.000000000000000000e+00,-1.000000000000000000e+00,-1.000000000000000000e+00,-1.000000000000000000e+00,-1.000000000000000000e+00,-1.000000000000000000e+00,-4.952811658954274776e-01,-4.953041555826853681e-01,-4.953730720739955018e-01,-4.954877008515303771e-01,-4.956474861832091960e-01,-4.958510595816694178e-01,-4.960952011790791261e-01,-4.963725882638811981e-01,-4.966671008201251070e-01,-4.969443538193178966e-01,-4.971332261438625721e-01,-4.970909918669530470e-01,-4.965396141968634325e-01,-4.949531236902187104e-01,-4.913652281089220253e-01,-4.840527314853497742e-01,-4.700371647884917792e-01,-4.443448434055827789e-01,-3.990029780643418178e-01,-3.218967038985347529e-01,-1.960293414545342117e-01,-7.451903394128933655e-04,2.813875746001803790e-01,6.449794965590873730e-01,1.022274789371756754e+00,1.247727102790444853e+00,1.247727102755439965e+00,1.022274789441042664e+00,6.449794971796585230e-01,2.813875763512259098e-01,-7.451868520362836534e-04,-1.960293356833933132e-01,-3.218966954656901081e-01,-3.990029667890739873e-01,-4.443448293362521895e-01,-4.700371481894514147e-01,-4.840527128911027432e-01,-4.913652084305413226e-01,-4.949531040399639537e-01,-4.965395957931093562e-01,-4.970909759523651772e-01,-4.971332136664923240e-01,-4.969443454800508420e-01,-4.966670971588600381e-01,-4.963725895932329379e-01,-4.960952055379266312e-01,-4.958510633490131880e-01,-4.956474883749635296e-01,-4.954877033587816726e-01,-4.953730756244985045e-01,-4.953041613233635232e-01,-4.952811717877612097e-01,-1.000000000000000000e+00,-1.000000000000000000e+00,-1.000000000000000000e+00,-1.000000000000000000e+00,-1.000000000000000000e+00,-1.000000000000000000e+00,-1.000000000000000000e+00,-1.000000000000000000e+00,-1.000000000000000000e+00,-1.000000000000000000e+00,-1.000000000000000000e+00,-1.000000000000000000e+00,-1.000000000000000000e+00,-1.000000000000000000e+00,-1.000000000000000000e+00,-1.000000000000000000e+00,-1.000000000000000000e+00,-1.000000000000000000e+00,-1.000000000000000000e+00,-1.000000000000000000e+00,-1.000000000000000000e+00,-1.000000000000000000e+00,-1.000000000000000000e+00,-1.000000000000000000e+00,-1.000000000000000000e+00,-1.000000000000000000e+00,-1.000000000000000000e+00,-1.000000000000000000e+00,-1.000000000000000000e+00,-1.000000000000000000e+00,-1.000000000000000000e+00,-1.000000000000000000e+00,-1.000000000000000000e+00,-1.000000000000000000e+00,-1.000000000000000000e+00,-1.000000000000000000e+00,-1.000000000000000000e+00,-1.000000000000000000e+00,-1.000000000000000000e+00,-1.000000000000000000e+00,-1.000000000000000000e+00,-1.000000000000000000e+00,-1.000000000000000000e+00,-1.000000000000000000e+00,-1.000000000000000000e+00,-1.000000000000000000e+00
-1.000000000000000000e+00,-1.000000000000000000e+00,-1.000000000000000000e+00,-1.000000000000000000e+00,-1.000000000000000000e+00,-1.000000000000000000e+00,-1.000000000000000000e+00,-1.000000000000000000e+00,-1.000000000000000000e+00,-1.000000000000000000e+00,-1.000000000000000000e+00,-1.000000000000000000e+00,-1.000000000000000000e+00,-1.000000000000000000e+00,-1.000000000000000000e+00,-1.000000000000000000e+00,-1.000000000000000000e+00,-1.000000000000000000e+00,-1.000000000000000000e+00,-1.000000000000000000e+00,-1.000000000000000000e+00,-1.000000000000000000e+00,-1.000000000000000000e+00,-1.000000000000000000e+00,-1.000000000000000000e+00,-1.000000000000000000e+00,-1.000000000000000000e+00,-1.000000000000000000e+00,-1.000000000000000000e+00,-1.000000000000000000e+00,-1.000000000000000000e+00,-1.000000000000000000e+00,-1.000000000000000000e+00,-1.000000000000000000e+00,-1.000000000000000000e+00,-1.000000000000000000e+00,-1.000000000000000000e+00,-1.000000000000000000e+00,-1.000000000000000000e+00,-1.000000000000000000e+00,-1.000000000000000000e+00,-1.000000000000000000e+00,-1.000000000000000000e+00,-1.000000000000000000e+00,-1.000000000000000000e+00,-1.000000000000000000e+00,-4.942989687291108325e-01,-4.943219973001236056e-01,-4.943910319652129459e-01,-4.945058626342166974e-01,-4.946659398376542782e-01,-4.948699023734022262e-01,-4.951145377746559717e-01,-4.953925291124603447e-01,-4.956877586896402121e-01,-4.959658374142064119e-01,-4.961556290160409333e-01,-4.961143735098056951e-01,-4.955639657631856210e-01,-4.939783051355464139e-01,-4.903908542634338730e-01,-4.830779697147331575e-01,-4.690603892574527478e-01,-4.433630738365845758e-01,-3.980110325568624319e-01,-3.208860510895963358e-01,-1.949868261071774356e-01,3.477330849541715452e-04,2.825535282653399705e-01,6.462387079134108703e-01,1.023629406188258706e+00,1.249138942112119288e+00,1.249138942205521907e+00,1.023629406630377936e+00,6.462387090975552084e-01,2.825535307093023363e-01,3.477373393501181909e-04,-1.949868195585100494e-01,-3.208860419062666836e-01,-3.980110205780471588e-01,-4.433630591293136192e-01,-4.690603721085313538e-01,-4.830779507232731973e-01,-4.903908343977549933e-01,-4.939782856387138210e-01,-4.955639479602655939e-01,-4.961143587052401216e-01,-4.961556181189585857e-01,-4.959658311532404440e-01,-4.956877576158831289e-01,-4.953925330546073980e-01,-4.951145442287634424e-01,-4.948699077349347775e-01,-4.946659433261100247e-01,-4.945058659456336159e-01,-4.943910354695226772e-01,-4.943220020219820654e-01,-4.942989732399389879e-01,-1.000000000000000000e+00,-1.000000000000000000e+00,-1.000000000000000000e+00,-1.000000000000000000e+00,-1.000000000000000000e+00,-1.000000000000000000e+00,-1.000000000000000000e+00,-1.000000000000000000e+00,-1.000000000000000000e+00,-1.000000000000000000e+00,-1.000000000000000000e+00,-1.000000000000000000e+00,-1.000000000000000000e+00,-1.000000000000000000e+00,-1.000000000000000000e+00,-1.000000000000000000e+00,-1.000000000000000000e+00,-1.000000000000000000e+00,-1.000000000000000000e+00,-1.000000000000000000e+00,-1.000000000000000000e+00,-1.000000000000000000e+00,-1.000000000000000000e+00,-1.000000000000000000e+00,-1.000000000000000000e+00,-1.000000000000000000e+00,-1.000000000000000000e+00,-1.000000000000000000e+00,-1.000000000000000000e+00,-1.000000000000000000e+00,-1.000000000000000000e+00,-1.000000000000000000e+00,-1.000000000000000000e+00,-1.000000000000000000e+00,-1.000000000000000000e+00,-1.000000000000000000e+00,-1.000000000000000000e+00,-1.000000000000000000e+00,-1.000000000000000000e+00,-1.000000000000000000e+00,-1.000000000000000000e+00,-1.000000000000000000e+00,-1.000000000000000000e+00,-1.000000000000000000e+00,-1.000000000000000000e+00,-1.000000000000000000e+00
-1.000000000000000000e+00,-1.000000000000000000e+00,-1.000000000000000000e+00,-1.000000000000000000e+00,-1.000000000000000000e+00,-1.000000000000000000e+00,-1.000000000000000000e+00,-1.000000000000000000e+00,-1.000000000000000000e+00,-1.000000000000000000e+00,-1.000000000000000000e+00,-1.000000000000000000e+00,-1.000000000000000000e+00,-1.000000000000000000e+00,-1.000000000000000000e+00,-1.000000000000000000e+00,-1.000000000000000000e+00,-1.000000000000000000e+00,-1.000000000000000000e+00,-1.000000000000000000e+00,-1.000000000000000000e+00,-1.000000000000000000e+00,-1.000000000000000000e+00,-1.000000000000000000e+00,-1.000000000000000000e+00,-1.000000000000000000e+00,-1.000000000000000000e+00,-1.000000000000000000e+00,-1.000000000000000000e+00,-1.000000000000000000e+00,-1.000000000000000000e+00,-1.000000000000000000e+00,-1.000000000000000000e+00,-1.000000000000000000e+00,-1.000000000000000000e+00,-1.000000000000000000e+00,-1.000000000000000000e+00,-1.000000000000000000e+00,-1.000000000000000000e+00,-1.000000000000000000e+00,-1.000000000000000000e+00,-1.000000000000000000e+00,-1.000000000000000000e+00,-1.000000000000000000e+00,-1.000000000000000000e+00,-1.000000000000000000e+00,-4.933444529246120425e-01,-4.933675387927314304e-01,-4.934367457872319562e-01,-4.935518653003621026e-01,-4.937123492619495124e-01,-4.939168376349236667e-01,-4.941621182947866231e-01,-4.944408727042866047e-01,-4.947369782919901482e-01,-4.950160354193586798e-01,-4.952068875660842195e-01,-4.951667375776853675e-01,-4.946174115757973055e-01,-4.930326813041210343e-01,-4.894457737482573734e-01,-4.821326164518531243e-01,-4.681131860271872114e-01,-4.424111411633395718e-01,-3.970493697567807345e-01,-3.199064237660822485e-01,-1.939765269698447980e-01,1.406636988111387154e-03,2.836829388565487164e-01,6.474582430856372639e-01,1.024941206956334838e+00,1.250506089498914619e+00,1.250506089867321258e+00,1.024941208175263796e+00,6.474582454059101266e-01,2.836829426295199852e-01,1.406642598315244186e-03,-1.939765191981539516e-01,-3.199064136033635819e-01,-3.970493571144695366e-01,-4.424111261247967164e-01,-4.681131688762301124e-01,-4.821325978177037896e-01,-4.894457545722854519e-01,-4.930326628601235939e-01,-4.946173951892580689e-01,-4.951667245027087105e-01,-4.952068785950727303e-01,-4.950160312667710727e-01,-4.947369795258422798e-01,-4.944408787072775979e-01,-4.941621261137356669e-01,-4.939168437912178078e-01,-4.937123532124259029e-01,-4.935518685955706530e-01,-4.934367485476549575e-01,-4.933675418832645931e-01,-4.933444555081729632e-01,-1.000000000000000000e+00,-1.000000000000000000e+00,-1.000000000000000000e+00,-1.000000000000000000e+00,-1.000000000000000000e+00,-1.000000000000000000e+00,-1.000000000000000000e+00,-1.000000000000000000e+00,-1.000000000000000000e+00,-1.000000000000000000e+00,-1.000000000000000000e+00,-1.000000000000000000e+00,-1.000000000000000000e+00,-1.000000000000000000e+00,-1.000000000000000000e+00,-1.000000000000000000e+00,-1.000000000000000000e+00,-1.000000000000000000e+00,-1.000000000000000000e+00,-1.000000000000000000e+00,-1.000000000000000000e+00,-1.000000000000000000e+00,-1.000000000000000000e+00,-1.000000000000000000e+00,-1.000000000000000000e+00,-1.000000000000000000e+00,-1.000000000000000000e+00,-1.000000000000000000e+00,-1.000000000000000000e+00,-1.000000000000000000e+00,-1.000000000000000000e+00,-1.000000000000000000e+00,-1.000000000000000000e+00,-1.000000000000000000e+00,-1.000000000000000000e+00,-1.000000000000000000e+00,-1.000000000000000000e+00,-1.000000000000000000e+00,-1.000000000000000000e+00,-1.000000000000000000e+00,-1.000000000000000000e+00,-1.000000000000000000e+00,-1.000000000000000000e+00,-1.000000000000000000e+00,-1.000000000000000000e+00,-1.000000000000000000e+00
-1.000000000000000000e+00,-1.000000000000000000e+00,-1.000000000000000000e+00,-1.000000000000000000e+00,-1.000000000000000000e+00,-1.000000000000000000e+00,-1.000000000000000000e+00,-1.000000000000000000e+00,-1.000000000000000000e+00,-1.000000000000000000e+00,-1.000000000000000000e+00,-1.000000000000000000e+00,-1.000000000000000000e+00,-1.000000000000000000e+00,-1.000000000000000000e+00,-1.000000000000000000e+00,-1.000000000000000000e+00,-1.000000000000000000e+00,-1.000000000000000000e+00,-1.000000000000000000e+00,-1.000000000000000000e+00,-1.000000000000000000e+00,-1.000000000000000000e+00,-1.000000000000000000e+00,-1.000000000000000000e+00,-1.000000000000000000e+00,-1.000000000000000000e+00,-1.000000000000000000e+00,-1.000000000000000000e+00,-1.000000000000000000e+00,-1.000000000000000000e+00,-1.000000000000000000e+00,-1.000000000000000000e+00,-1.000000000000000000e+00,-1.000000000000000000e+00,-1.000000000000000000e+00,-1.000000000000000000e+00,-1.000000000000000000e+00,-1.000000000000000000e+00,-1.000000000000000000e+00,-1.000000000000000000e+00,-1.000000000000000000e+00,-1.000000000000000000e+00,-1.000000000000000000e+00,-1.000000000000000000e+00,-1.000000000000000000e+00,-4.924193188349912376e-01,-4.924424706807437602e-01,-4.925118754007753452e-01,-4.926273241620853227e-01,-4.927882674436903088e-01,-4.929933428716948285e-01,-4.932393346211743079e-01,-4.935189183791628409e-01,-4.938159627251472727e-01,-4.940960540443422033e-01,-4.942880131970133206e-01,-4.942490050103360844e-01,-4.937007881340624849e-01,-4.921170114409969543e-01,-4.885306762856300722e-01,-4.812172996292947147e-01,-4.671961284285925942e-01,-4.414895704783470265e-01,-3.961184718560915030e-01,-3.189582658147358529e-01,-1.929988542000771190e-01,2.431139175048890877e-03,2.847754438653753439e-01,6.486377483975003244e-01,1.026209836904015127e+00,1.251828188089265659e+00,1.251828188887921023e+00,1.026209839307901994e+00,6.486377524120614524e-01,2.847754495828231924e-01,2.431146703375297591e-03,-1.929988447885371272e-01,-3.189582544714522072e-01,-3.961184586126078599e-01,-4.414895554454085769e-01,-4.671961118815355363e-01,-4.812172821667841660e-01,-4.885306587455930938e-01,-4.921169949963344337e-01,-4.937007739888708002e-01,-4.942489942440380091e-01,-4.942880064253412087e-01,-4.940960519057009392e-01,-4.938159658007306163e-01,-4.935189256808394376e-01,-4.932393428845678329e-01,-4.929933488694873134e-01,-4.927882709237749737e-01,-4.926273265969625115e-01,-4.925118767739533610e-01,-4.924424716595252605e-01,-4.924193191037602446e-01,-1.000000000000000000e+00,-1.000000000000000000e+00,-1.000000000000000000e+00,-1.000000000000000000e+00,-1.000000000000000000e+00,-1.000000000000000000e+00,-1.000000000000000000e+00,-1.000000000000000000e+00,-1.000000000000000000e+00,-1.000000000000000000e+00,-1.000000000000000000e+00,-1.000000000000000000e+00,-1.000000000000000000e+00,-1.000000000000000000e+00,-1.000000000000000000e+00,-1.000000000000000000e+00,-1.000000000000000000e+00,-1.000000000000000000e+00,-1.000000000000000000e+00,-1.000000000000000000e+00,-1.000000000000000000e+00,-1.000000000000000000e+00,-1.000000000000000000e+00,-1.000000000000000000e+00,-1.000000000000000000e+00,-1.000000000000000000e+00,-1.000000000000000000e+00,-1.000000000000000000e+00,-1.000000000000000000e+00,-1.000000000000000000e+00,-1.000000000000000000e+00,-1.000000000000000000e+00,-1.000000000000000000e+00,-1.000000000000000000e+00,-1.000000000000000000e+00,-1.000000000000000000e+00,-1.000000000000000000e+00,-1.000000000000000000e+00,-1.000000000000000000e+00,-1.000000000000000000e+00,-1.000000000000000000e+00,-1.000000000000000000e+00,-1.000000000000000000e+00,-1.000000000000000000e+00,-1.000000000000000000e+00,-1.000000000000000000e+00
-1.000000000000000000e+00,-1.000000000000000000e+00,-1.000000000000000000e+00,-1.000000000000000000e+00,-1.000000000000000000e+00,-1.000000000000000000e+00,-1.000000000000000000e+00,-1.000000000000000000e+00,-1.000000000000000000e+00,-1.000000000000000000e+00,-1.000000000000000000e+00,-1.000000000000000000e+00,-1.000000000000000000e+00,-1.000000000000000000e+00,-1.000000000000000000e+00,-1.000000000000000000e+00,-1.000000000000000000e+00,-1.000000000000000000e+00,-1.000000000000000000e+00,-1.000000000000000000e+00,-1.000000000000000000e+00,-1.000000000000000000e+00,-1.000000000000000000e+00,-1.000000000000000000e+00,-1.000000000000000000e+00,-1.000000000000000000e+00,-1.000000000000000000e+00,-1.000000000000000000e+00,-1.000000000000000000e+00,-1.000000000000000000e+00,-1.000000000000000000e+00,-1.000000000000000000e+00,-1.000000000000000000e+00,-1.000000000000000000e+00,-1.000000000000000000e+00,-1.000000000000000000e+00,-1.000000000000000000e+00,-1.000000000000000000e+00,-1.000000000000000000e+00,-1.000000000000000000e+00,-1.000000000000000000e+00,-1.000000000000000000e+00,-1.000000000000000000e+00,-1.000000000000000000e+00,-1.000000000000000000e+00,-1.000000000000000000e+00,-4.915247027832192472e-01,-4.915479232600956649e-01,-4.916175333016958859e-01,-4.917333228894609221e-01,-4.918947394631736358e-01,-4.921004164392908109e-01,-4.923471321329433437e-01,-4.926275543043203697e-01,-4.929255407180033188e-01,-4.932066622768127573e-01,-4.933997165554089293e-01,-4.933618309108913635e-01,-4.928146988184716193e-01,-4.912318516981093453e-01,-4.876460755443883244e-01,-4.803324950400620352e-01,-4.663096584592274496e-01,-4.405987733365277492e-01,-3.952187224599370552e-01,-3.180419347974314803e-01,-1.920541413505612027e-01,3.420926796542822501e-03,2.858307452771571278e-01,6.497769320806385807e-01,1.027435002358737748e+00,1.253104941942175365e+00,1.253104943296504459e+00,1.027435006277320539e+00,6.497769382350071510e-01,2.858307534162749519e-01,3.420936673004248973e-03,-1.920541299852756012e-01,-3.180419221517567507e-01,-3.952187087244753982e-01,-4.405987586621993302e-01,-4.663096431175377532e-01,-4.803324795292596150e-01,-4.876460605442209939e-01,-4.912318381373887988e-01,-4.928146876516992236e-01,-4.933618229223739604e-01,-4.933997121513229445e-01,-4.932066619531108032e-01,-4.929255450524987481e-01,-4.926275620270690325e-01,-4.923471398337335714e-01,-4.921004212701731717e-01,-4.918947415313299487e-01,-4.917333236688179454e-01,-4.916175327479592738e-01,-4.915479218136917794e-01,-4.915247005329952401e-01,-1.000000000000000000e+00,-1.000000000000000000e+00,-1.000000000000000000e+00,-1.000000000000000000e+00,-1.000000000000000000e+00,-1.000000000000000000e+00,-1.000000000000000000e+00,-1.000000000000000000e+00,-1.000000000000000000e+00,-1.000000000000000000e+00,-1.000000000000000000e+00,-1.000000000000000000e+00,-1.000000000000000000e+00,-1.000000000000000000e+00,-1.000000000000000000e+00,-1.000000000000000000e+00,-1.000000000000000000e+00,-1.000000000000000000e+00,-1.000000000000000000e+00,-1.000000000000000000e+00,-1.000000000000000000e+00,-1.000000000000000000e+00,-1.000000000000000000e+00,-1.000000000000000000e+00,-1.000000000000000000e+00,-1.000000000000000000e+00,-1.000000000000000000e+00,-1.000000000000000000e+00,-1.000000000000000000e+00,-1.000000000000000000e+00,-1.000000000000000000e+00,-1.000000000000000000e+00,-1.000000000000000000e+00,-1.000000000000000000e+00,-1.000000000000000000e+00,-1.000000000000000000e+00,-1.000000000000000000e+00,-1.000000000000000000e+00,-1.000000000000000000e+00,-1.000000000000000000e+00,-1.000000000000000000e+00,-1.000000000000000000e+00,-1.000000000000000000e+00,-1.000000000000000000e+00,-1.000000000000000000e+00,-1.000000000000000000e+00
-1.000000000000000000e+00,-1.000000000000000000e+00,-1.000000000000000000e+00,-1.000000000000000000e+00,-1.000000000000000000e+00,-1.000000000000000000e+00,-1.000000000000000000e+00,-1.000000000000000000e+00,-1.000000000000000000e+00,-1.000000000000000000e+00,-1.000000000000000000e+00,-1.000000000000000000e+00,-1.000000000000000000e+00,-1.000000000000000000e+00,-1.000000000000000000e+00,-1.000000000000000000e+00,-1.000000000000000000e+00,-1.000000000000000000e+00,-1.000000000000000000e+00,-1.000000000000000000e+00,-1.000000000000000000e+00,-1.000000000000000000e+00,-1.000000000000000000e+00,-1.000000000000000000e+00,-1.000000000000000000e+00,-1.000000000000000000e+00,-1.000000000000000000e+00,-1.000000000000000000e+00,-1.000000000000000000e+00,-1.000000000000000000e+00,-1.000000000000000000e+00,-1.000000000000000000e+00,-1.000000000000000000e+00,-1.000000000000000000e+00,-1.000000000000000000e+00,-1.000000000000000000e+00,-1.000000000000000000e+00,-1.000000000000000000e+00,-1.000000000000000000e+00,-1.000000000000000000e+00,-1.000000000000000000e+00,-1.000000000000000000e+00,-1.000000000000000000e+00,-1.000000000000000000e+00,-1.000000000000000000e+00,-1.000000000000000000e+00,-4.906613604857961164e-01,-4.906846486116522854e-01,-4.907544608466061220e-01,-4.908705854700059490e-01,-4.910324660872875668e-01,-4.912387310326948864e-01,-4.914861517602107099e-01,-4.917673872003147650e-01,-4.920662835720115424e-01,-4.923483959812999800e-01,-4.925424990934157421e-01,-4.925056841474040326e-01,-4.919595823620914743e-01,-4.903776134489472582e-01,-4.867923583587145941e-01,-4.794785675521984203e-01,-4.654541210962088726e-01,-4.397390761930628500e-01,-3.943504301392621869e-01,-3.171577215249463677e-01,-1.911426617887421742e-01,4.375742329532528174e-03,2.868485972814500684e-01,6.508755531070367084e-01,1.028616460209983430e+00,1.254336105805924362e+00,1.254336107770861020e+00,1.028616465812212333e+00,6.508755616465284888e-01,2.868486080804109051e-01,4.375754744729398737e-03,-1.911426483484781613e-01,-3.171577075776985666e-01,-3.943504160711288620e-01,-4.397390622276216021e-01,-4.654541074961926483e-01,-4.794785546476969529e-01,-4.867923466281496303e-01,-4.903776034632940650e-01,-4.919595747220588677e-01,-4.925056792428241792e-01,-4.925424970965721627e-01,-4.923483971961148953e-01,-4.920662885379512019e-01,-4.917673944567155786e-01,-4.914861579270173308e-01,-4.912387337564751988e-01,-4.910324659063709518e-01,-4.908705839358118439e-01,-4.907544579764140380e-01,-4.906846446020303176e-01,-4.906613556842618351e-01,-1.000000000000000000e+00,-1.000000000000000000e+00,-1.000000000000000000e+00,-1.000000000000000000e+00,-1.000000000000000000e+00,-1.000000000000000000e+00,-1.000000000000000000e+00,-1.000000000000000000e+00,-1.000000000000000000e+00,-1.000000000000000000e+00,-1.000000000000000000e+00,-1.000000000000000000e+00,-1.000000000000000000e+00,-1.000000000000000000e+00,-1.000000000000000000e+00,-1.000000000000000000e+00,-1.000000000000000000e+00,-1.000000000000000000e+00,-1.000000000000000000e+00,-1.000000000000000000e+00,-1.000000000000000000e+00,-1.000000000000000000e+00,-1.000000000000000000e+00,-1.000000000000000000e+00,-1.000000000000000000e+00,-1.000000000000000000e+00,-1.000000000000000000e+00,-1.000000000000000000e+00,-1.000000000000000000e+00,-1.000000000000000000e+00,-1.000000000000000000e+00,-1.000000000000000000e+00,-1.000000000000000000e+00,-1.000000000000000000e+00,-1.000000000000000000e+00,-1.000000000000000000e+00,-1.000000000000000000e+00,-1.000000000000000000e+00,-1.000000000000000000e+00,-1.000000000000000000e+00,-1.000000000000000000e+00,-1.000000000000000000e+00,-1.000000000000000000e+00,-1.000000000000000000e+00,-1.000000000000000000e+00,-1.000000000000000000e+00
-1.000000000000000000e+00,-1.000000000000000000e+00,-1.000000000000000000e+00,-1.000000000000000000e+00,-1.000000000000000000e+00,-1.000000000000000000e+00,-1.000000000000000000e+00,-1.000000000000000000e+00,-1.000000000000000000e+00,-1.000000000000000000e+00,-1.000000000000000000e+00,-1.000000000000000000e+00,-1.000000000000000000e+00,-1.000000000000000000e+00,-1.000000000000000000e+00,-1.000000000000000000e+00,-1.000000000000000000e+00,-1.000000000000000000e+00,-1.000000000000000000e+00,-1.000000000000000000e+00,-1.000000000000000000e+00,-1.000000000000000000e+00,-1.000000000000000000e+00,-1.000000000000000000e+00,-1.000000000000000000e+00,-1.000000000000000000e+00,-1.000000000000000000e+00,-1.000000000000000000e+00,-1.000000000000000000e+00,-1.000000000000000000e+00,-1.000000000000000000e+00,-1.000000000000000000e+00,-1.000000000000000000e+00,-1.000000000000000000e+00,-1.000000000000000000e+00,-1.000000000000000000e+00,-1.000000000000000000e+00,-1.000000000000000000e+00,-1.000000000000000000e+00,-1.000000000000000000e+00,-1.000000000000000000e+00,-1.000000000000000000e+00,-1.000000000000000000e+00,-1.000000000000000000e+00,-1.000000000000000000e+00,-1.000000000000000000e+00,-4.898297914604006209e-01,-4.898531441528213293e-01,-4.899231492664890553e-01,-4.900395931243108905e-01,-4.902019152031398264e-01,-4.904087384908972780e-01,-4.906568272734253000e-01,-4.909388315008076376e-01,-4.912385858591772347e-01,-4.915216300575435682e-01,-4.917167168508269626e-01,-4.916809031189179890e-01,-4.911357611080315877e-01,-4.895546046644794203e-01,-4.859698199158728471e-01,-4.786558008261971864e-01,-4.646297892663149298e-01,-4.389107413220285636e-01,-3.935138459594540450e-01,-3.163058648221301894e-01,-1.902646412673743015e-01,5.295372666254571925e-03,2.878287965463259823e-01,6.519334122213624738e-01,1.029754009312741303e+00,1.255521476690011795e+00,1.255521479251357597e+00,1.029754016566664099e+00,6.519334230940811992e-01,2.878288099211125939e-01,5.295387510340532344e-03,-1.902646258996414375e-01,-3.163058497625543808e-01,-3.935138317914459449e-01,-4.389107283824342787e-01,-4.646297777998755762e-01,-4.786557909719526549e-01,-4.859698119047219933e-01,-4.895545986473548439e-01,-4.911357572651553483e-01,-4.916809013844183340e-01,-4.917167171462173414e-01,-4.915216324876370280e-01,-4.912385908613376984e-01,-4.909388375073735489e-01,-4.906568310997405646e-01,-4.904087383652298016e-01,-4.902019121504288535e-01,-4.900395888266073641e-01,-4.899231438658695481e-01,-4.898531376088151035e-01,-4.898297842288714676e-01,-1.000000000000000000e+00,-1.000000000000000000e+00,-1.000000000000000000e+00,-1.000000000000000000e+00,-1.000000000000000000e+00,-1.000000000000000000e+00,-1.000000000000000000e+00,-1.000000000000000000e+00,-1.000000000000000000e+00,-1.000000000000000000e+00,-1.000000000000000000e+00,-1.000000000000000000e+00,-1.000000000000000000e+00,-1.000000000000000000e+00,-1.000000000000000000e+00,-1.000000000000000000e+00,-1.000000000000000000e+00,-1.000000000000000000e+00,-1.000000000000000000e+00,-1.000000000000000000e+00,-1.000000000000000000e+00,-1.000000000000000000e+00,-1.000000000000000000e+00,-1.000000000000000000e+00,-1.000000000000000000e+00,-1.000000000000000000e+00,-1.000000000000000000e+00,-1.000000000000000000e+00,-1.000000000000000000e+00,-1.000000000000000000e+00,-1.000000000000000000e+00,-1.000000000000000000e+00,-1.000000000000000000e+00,-1.000000000000000000e+00,-1.000000000000000000e+00,-1.000000000000000000e+00,-1.000000000000000000e+00,-1.000000000000000000e+00,-1.000000000000000000e+00,-1.000000000000000000e+00,-1.000000000000000000e+00,-1.000000000000000000e+00,-1.000000000000000000e+00,-1.000000000000000000e+00,-1.000000000000000000e+00,-1.000000000000000000e+00
-1.000000000000000000e+00,-1.000000000000000000e+00,-1.000000000000000000e+00,-1.000000000000000000e+00,-1.000000000000000000e+00,-1.000000000000000000e+00,-1.000000000000000000e+00,-1.000000000000000000e+00,-1.000000000000000000e+00,-1.000000000000000000e+00,-1.000000000000000000e+00,-1.000000000000000000e+00,-1.000000000000000000e+00,-1.000000000000000000e+00,-1.000000000000000000e+00,-1.000000000000000000e+00,-1.000000000000000000e+00,-1.000000000000000000e+00,-1.000000000000000000e+00,-1.000000000000000000e+00,-1.000000000000000000e+00,-1.000000000000000000e+00,-1.000000000000000000e+00,-1.000000000000000000e+00,-1.000000000000000000e+00,-1.000000000000000000e+00,-1.000000000000000000e+00,-1.000000000000000000e+00,-1.000000000000000000e+00,-1.000000000000000000e+00,-1.000000000000000000e+00,-1.000000000000000000e+00,-1.000000000000000000e+00,-1.000000000000000000e+00,-1.000000000000000000e+00,-1.000000000000000000e+00,-1.000000000000000000e+00,-1.000000000000000000e+00,-1.000000000000000000e+00,-1.000000000000000000e+00,-1.000000000000000000e+00,-1.000000000000000000e+00,-1.000000000000000000e+00,-1.000000000000000000e+00,-1.000000000000000000e+00,-1.000000000000000000e+00,-4.890303233278556760e-01,-4.890537363829956519e-01,-4.891239217611031975e-01,-4.892406637273314374e-01,-4.894033976513600948e-01,-4.896107412773922363e-01,-4.898594518266214948e-01,-4.901421705459307887e-01,-4.904427210305977169e-01,-4.907266283940812102e-01,-4.909226248211764343e-01,-4.908877347719000639e-01,-4.903434749768527112e-01,-4.887630592261293927e-01,-4.851786888744307191e-01,-4.778644187252183428e-01,-4.638368820064338038e-01,-4.381139822100879044e-01,-3.927091765340637863e-01,-3.154865626788332378e-01,-1.894202675667937541e-01,6.179640600634250802e-03,2.887711744739034359e-01,6.529503447024005425e-01,1.030847483502266293e+00,1.256660886929533483e+00,1.256660890002280873e+00,1.030847492142876298e+00,6.529503574929451659e-01,2.887711899546498984e-01,6.179657410568140108e-03,-1.894202507204987285e-01,-3.154865469091348018e-01,-3.927091626086909315e-01,-4.381139705893408731e-01,-4.638368728873913938e-01,-4.778644120862347577e-01,-4.851786846693642019e-01,-4.887630572027950038e-01,-4.903434748671768872e-01,-4.908877360347956298e-01,-4.909226271228339655e-01,-4.907266316772993520e-01,-4.904427255504053562e-01,-4.901421747041263544e-01,-4.898594527747883731e-01,-4.896107378762728501e-01,-4.894033914241662231e-01,-4.892406564906268684e-01,-4.891239138030085698e-01,-4.890537274594022321e-01,-4.890303138797538196e-01,-1.000000000000000000e+00,-1.000000000000000000e+00,-1.000000000000000000e+00,-1.000000000000000000e+00,-1.000000000000000000e+00,-1.000000000000000000e+00,-1.000000000000000000e+00,-1.000000000000000000e+00,-1.000000000000000000e+00,-1.000000000000000000e+00,-1.000000000000000000e+00,-1.000000000000000000e+00,-1.000000000000000000e+00,-1.000000000000000000e+00,-1.000000000000000000e+00,-1.000000000000000000e+00,-1.000000000000000000e+00,-1.000000000000000000e+00,-1.000000000000000000e+00,-1.000000000000000000e+00,-1.000000000000000000e+00,-1.000000000000000000e+00,-1.000000000000000000e+00,-1.000000000000000000e+00,-1.000000000000000000e+00,-1.000000000000000000e+00,-1.000000000000000000e+00,-1.000000000000000000e+00,-1.000000000000000000e+00,-1.000000000000000000e+00,-1.000000000000000000e+00,-1.000000000000000000e+00,-1.000000000000000000e+00,-1.000000000000000000e+00,-1.000000000000000000e+00,-1.000000000000000000e+00,-1.000000000000000000e+00,-1.000000000000000000e+00,-1.000000000000000000e+00,-1.000000000000000000e+00,-1.000000000000000000e+00,-1.000000000000000000e+00,-1.000000000000000000e+00,-1.000000000000000000e+00,-1.000000000000000000e+00,-1.000000000000000000e+00
-1.000000000000000000e+00,-1.000000000000000000e+00,-1.000000000000000000e+00,-1.000000000000000000e+00,-1.000000000000000000e+00,-1.000000000000000000e+00,-1.000000000000000000e+00,-1.000000000000000000e+00,-1.000000000000000000e+00,-1.000000000000000000e+00,-1.000000000000000000e+00,-1.000000000000000000e+00,-1.000000000000000000e+00,-1.000000000000000000e+00,-1.000000000000000000e+00,-1.000000000000000000e+00,-1.000000000000000000e+00,-1.000000000000000000e+00,-1.000000000000000000e+00,-1.000000000000000000e+00,-1.000000000000000000e+00,-1.000000000000000000e+00,-1.000000000000000000e+00,-1.000000000000000000e+00,-1.000000000000000000e+00,-1.000000000000000000e+00,-1.000000000000000000e+00,-1.000000000000000000e+00,-1.000000000000000000e+00,-1.000000000000000000e+00,-1.000000000000000000e+00,-1.000000000000000000e+00,-1.000000000000000000e+00,-1.000000000000000000e+00,-1.000000000000000000e+00,-1.000000000000000000e+00,-1.000000000000000000e+00,-1.000000000000000000e+00,-1.000000000000000000e+00,-1.000000000000000000e+00,-1.000000000000000000e+00,-1.000000000000000000e+00,-1.000000000000000000e+00,-1.000000000000000000e+00,-1.000000000000000000e+00,-1.000000000000000000e+00,-4.882631688606773324e-01,-4.882866375708196927e-01,-4.883569891168360044e-01,-4.884740056944067987e-01,-4.886371187780218506e-01,-4.888449411797459732e-01,-4.890942234091184559e-01,-4.893775985099217962e-01,-4.896788796609152783e-01,-4.899635783830937896e-01,-4.901604077622172539e-01,-4.901263618589721816e-01,-4.895829053638474093e-01,-4.880031576952337247e-01,-4.844191452931640995e-01,-4.771046007404784461e-01,-4.630755776789303724e-01,-4.373489749020738060e-01,-3.919365937782153253e-01,-3.146999807058277199e-01,-1.886096979285758479e-01,7.028398173825500805e-03,2.896755910291215486e-01,6.539262144417294920e-01,1.031896745843543073e+00,1.257754198514536625e+00,1.257754201898185542e+00,1.031896755326134674e+00,6.539262283979425661e-01,2.896756077681814645e-01,7.028416073414867071e-03,-1.886096804086010437e-01,-3.146999648617549994e-01,-3.919365805439332107e-01,-4.373489648408064312e-01,-4.630755709333582715e-01,-4.771045971867229341e-01,-4.844191446069201490e-01,-4.880031592921945105e-01,-4.895829085370566602e-01,-4.901263656449712514e-01,-4.901604116008719814e-01,-4.899635821193699670e-01,-4.896788833018632658e-01,-4.893776004830039383e-01,-4.890942212927349431e-01,-4.888449344632652682e-01,-4.886371094290966610e-01,-4.884739956267649674e-01,-4.883569787567241249e-01,-4.882866265327052702e-01,-4.882631574840141653e-01,-1.000000000000000000e+00,-1.000000000000000000e+00,-1.000000000000000000e+00,-1.000000000000000000e+00,-1.000000000000000000e+00,-1.000000000000000000e+00,-1.000000000000000000e+00,-1.000000000000000000e+00,-1.000000000000000000e+00,-1.000000000000000000e+00,-1.000000000000000000e+00,-1.000000000000000000e+00,-1.000000000000000000e+00,-1.000000000000000000e+00,-1.000000000000000000e+00,-1.000000000000000000e+00,-1.000000000000000000e+00,-1.000000000000000000e+00,-1.000000000000000000e+00,-1.000000000000000000e+00,-1.000000000000000000e+00,-1.000000000000000000e+00,-1.000000000000000000e+00,-1.000000000000000000e+00,-1.000000000000000000e+00,-1.000000000000000000e+00,-1.000000000000000000e+00,-1.000000000000000000e+00,-1.000000000000000000e+00,-1.000000000000000000e+00,-1.000000000000000000e+00,-1.000000000000000000e+00,-1.000000000000000000e+00,-1.000000000000000000e+00,-1.000000000000000000e+00,-1.000000000000000000e+00,-1.000000000000000000e+00,-1.000000000000000000e+00,-1.000000000000000000e+00,-1.000000000000000000e+00,-1.000000000000000000e+00,-1.000000000000000000e+00,-1.000000000000000000e+00,-1.000000000000000000e+00,-1.000000000000000000e+00,-1.000000000000000000e+00
-1.000000000000000000e+00,-1.000000000000000000e+00,-1.000000000000000000e+00,-1.000000000000000000e+00,-1.000000000000000000e+00,-1.000000000000000000e+00,-1.000000000000000000e+00,-1.000000000000000000e+00,-1.000000000000000000e+00,-1.000000000000000000e+00,-1.000000000000000000e+00,-1.000000000000000000e+00,-1.000000000000000000e+00,-1.000000000000000000e+00,-1.000000000000000000e+00,-1.000000000000000000e+00,-1.000000000000000000e+00,-1.000000000000000000e+00,-1.000000000000000000e+00,-1.000000000000000000e+00,-1.000000000000000000e+00,-1.000000000000000000e+00,-1.000000000000000000e+00,-1.000000000000000000e+00,-1.000000000000000000e+00,-1.000000000000000000e+00,-1.000000000000000000e+00,-1.000000000000000000e+00,-1.000000000000000000e+00,-1.000000000000000000e+00,-1.000000000000000000e+00,-1.000000000000000000e+00,-1.000000000000000000e+00,-1.000000000000000000e+00,-1.000000000000000000e+00,-1.000000000000000000e+00,-1.000000000000000000e+00,-1.000000000000000000e+00,-1.000000000000000000e+00,-1.000000000000000000e+00,-1.000000000000000000e+00,-1.000000000000000000e+00,-1.000000000000000000e+00,-1.000000000000000000e+00,-1.000000000000000000e+00,-1.000000000000000000e+00,-4.875284645167843323e-01,-4.875519840502366975e-01,-4.876224873101451252e-01,-4.877397544662596118e-01,-4.879032134161835899e-01,-4.881114724430837271e-01,-4.883612758515400998e-01,-4.886452490873480770e-01,-4.889471956993398649e-01,-4.892326147011152315e-01,-4.894302015325582289e-01,-4.893969219181126817e-01,-4.888541919010753745e-01,-4.872750420217544232e-01,-4.836913334480659188e-01,-4.763764931263976266e-01,-4.623460236261234257e-01,-4.366158663900634451e-01,-3.911962422373651549e-01,-3.139462585813852513e-01,-1.878330648443329309e-01,7.841521404370332959e-03,2.905419298482874169e-01,6.548609091678612160e-01,1.032901683831337181e+00,1.258801298351171383e+00,1.258801301755832824e+00,1.032901693380926744e+00,6.548609232121211932e-01,2.905419466030823017e-01,7.841539130819974446e-03,-1.878330477703560319e-01,-3.139462435444615451e-01,-3.911962302721629925e-01,-4.366158580793761956e-01,-4.623460190889767674e-01,-4.763764922017763581e-01,-4.836913356077756632e-01,-4.872750464575377194e-01,-4.888541975291298414e-01,-4.893969274834963912e-01,-4.894302062978725942e-01,-4.892326184697290969e-01,-4.889471982089945712e-01,-4.886452488201795674e-01,-4.883612708504649902e-01,-4.881114627667360040e-01,-4.879032013528927791e-01,-4.877397419542237600e-01,-4.876224748724817815e-01,-4.875519712428904029e-01,-4.875284515405553520e-01,-1.000000000000000000e+00,-1.000000000000000000e+00,-1.000000000000000000e+00,-1.000000000000000000e+00,-1.000000000000000000e+00,-1.000000000000000000e+00,-1.000000000000000000e+00,-1.000000000000000000e+00,-1.000000000000000000e+00,-1.000000000000000000e+00,-1.000000000000000000e+00,-1.000000000000000000e+00,-1.000000000000000000e+00,-1.000000000000000000e+00,-1.000000000000000000e+00,-1.000000000000000000e+00,-1.000000000000000000e+00,-1.000000000000000000e+00,-1.000000000000000000e+00,-1.000000000000000000e+00,-1.000000000000000000e+00,-1.000000000000000000e+00,-1.000000000000000000e+00,-1.000000000000000000e+00,-1.000000000000000000e+00,-1.000000000000000000e+00,-1.000000000000000000e+00,-1.000000000000000000e+00,-1.000000000000000000e+00,-1.000000000000000000e+00,-1.000000000000000000e+00,-1.000000000000000000e+00,-1.000000000000000000e+00,-1.000000000000000000e+00,-1.000000000000000000e+00,-1.000000000000000000e+00,-1.000000000000000000e+00,-1.000000000000000000e+00,-1.000000000000000000e+00,-1.000000000000000000e+00,-1.000000000000000000e+00,-1.000000000000000000e+00,-1.000000000000000000e+00,-1.000000000000000000e+00,-1.000000000000000000e+00,-1.000000000000000000e+00
-1.000000000000000000e+00,-1.000000000000000000e+00,-1.000000000000000000e+00,-1.000000000000000000e+00,-1.000000000000000000e+00,-1.000000000000000000e+00,-1.000000000000000000e+00,-1.000000000000000000e+00,-1.000000000000000000e+00,-1.000000000000000000e+00,-1.000000000000000000e+00,-1.000000000000000000e+00,-1.000000000000000000e+00,-1.000000000000000000e+00,-1.000000000000000000e+00,-1.000000000000000000e+00,-1.000000000000000000e+00,-1.000000000000000000e+00,-1.000000000000000000e+00,-1.000000000000000000e+00,-1.000000000000000000e+00,-1.000000000000000000e+00,-1.000000000000000000e+00,-1.000000000000000000e+00,-1.000000000000000000e+00,-1.000000000000000000e+00,-1.000000000000000000e+00,-1.000000000000000000e+00,-1.000000000000000000e+00,-1.000000000000000000e+00,-1.000000000000000000e+00,-1.000000000000000000e+00,-1.000000000000000000e+00,-1.000000000000000000e+00,-1.000000000000000000e+00,-1.000000000000000000e+00,-1.000000000000000000e+00,-1.000000000000000000e+00,-1.000000000000000000e+00,-1.000000000000000000e+00,-1.000000000000000000e+00,-1.000000000000000000e+00,-1.000000000000000000e+00,-1.000000000000000000e+00,-1.000000000000000000e+00,-1.000000000000000000e+00,-4.868262964178482477e-01,-4.868498620413479472e-01,-4.869205028725547280e-01,-4.870379971444958045e-01,-4.872017695499177847e-01,-4.874104242504984086e-01,-4.876606999329506920e-01,-4.879452150913436981e-01,-4.882477644740310652e-01,-4.885338356768276213e-01,-4.887321078575004307e-01,-4.886995204691633177e-01,-4.881574441725451408e-01,-4.865788259234902213e-01,-4.829953709864387434e-01,-4.756802169421492366e-01,-4.616483432564777445e-01,-4.359147808535794866e-01,-3.904882446469599699e-01,-3.132255150052714043e-01,-1.870904805651729674e-01,8.618906026628181394e-03,2.913700942060222232e-01,6.557543366026603593e-01,1.033862205521074884e+00,1.259802094286931684e+00,1.259802097395920306e+00,1.033862214228551402e+00,6.557543493718025474e-01,2.913701093871887693e-01,8.618922018455599243e-03,-1.870904653047373856e-01,-3.132255018394030088e-01,-3.904882345717171077e-01,-4.359147744055569262e-01,-4.616483405975486676e-01,-4.756802179180530388e-01,-4.829953749920008477e-01,-4.865788320478330320e-01,-4.881574511028130559e-01,-4.886995268578644414e-01,-4.887321128596520126e-01,-4.885338390902642658e-01,-4.882477657825772255e-01,-4.879452128131021027e-01,-4.876606925464281872e-01,-4.874104122785682947e-01,-4.872017554478409451e-01,-4.870379828040807269e-01,-4.869204888453246838e-01,-4.868498478956695408e-01,-4.868262822144640012e-01,-1.000000000000000000e+00,-1.000000000000000000e+00,-1.000000000000000000e+00,-1.000000000000000000e+00,-1.000000000000000000e+00,-1.000000000000000000e+00,-1.000000000000000000e+00,-1.000000000000000000e+00,-1.000000000000000000e+00,-1.000000000000000000e+00,-1.000000000000000000e+00,-1.000000000000000000e+00,-1.000000000000000000e+00,-1.000000000000000000e+00,-1.000000000000000000e+00,-1.000000000000000000e+00,-1.000000000000000000e+00,-1.000000000000000000e+00,-1.000000000000000000e+00,-1.000000000000000000e+00,-1.000000000000000000e+00,-1.000000000000000000e+00,-1.000000000000000000e+00,-1.000000000000000000e+00,-1.000000000000000000e+00,-1.000000000000000000e+00,-1.000000000000000000e+00,-1.000000000000000000e+00,-1.000000000000000000e+00,-1.000000000000000000e+00,-1.000000000000000000e+00,-1.000000000000000000e+00,-1.000000000000000000e+00,-1.000000000000000000e+00,-1.000000000000000000e+00,-1.000000000000000000e+00,-1.000000000000000000e+00,-1.000000000000000000e+00,-1.000000000000000000e+00,-1.000000000000000000e+00,-1.000000000000000000e+00,-1.000000000000000000e+00,-1.000000000000000000e+00,-1.000000000000000000e+00,-1.000000000000000000e+00,-1.000000000000000000e+00
-1.000000000000000000e+00,-1.000000000000000000e+00,-1.000000000000000000e+00,-1.000000000000000000e+00,-1.000000000000000000e+00,-1.000000000000000000e+00,-1.000000000000000000e+00,-1.000000000000000000e+00,-1.000000000000000000e+00,-1.000000000000000000e+00,-1.000000000000000000e+00,-1.000000000000000000e+00,-1.000000000000000000e+00,-1.000000000000000000e+00,-1.000000000000000000e+00,-1.000000000000000000e+00,-1.000000000000000000e+00,-1.000000000000000000e+00,-1.000000000000000000e+00,-1.000000000000000000e+00,-1.000000000000000000e+00,-1.000000000000000000e+00,-1.000000000000000000e+00,-1.000000000000000000e+00,-1.000000000000000000e+00,-1.000000000000000000e+00,-1.000000000000000000e+00,-1.000000000000000000e+00,-1.000000000000000000e+00,-1.000000000000000000e+00,-1.000000000000000000e+00,-1.000000000000000000e+00,-1.000000000000000000e+00,-1.000000000000000000e+00,-1.000000000000000000e+00,-1.000000000000000000e+00,-1.000000000000000000e+00,-1.000000000000000000e+00,-1.000000000000000000e+00,-1.000000000000000000e+00,-1.000000000000000000e+00,-1.000000000000000000e+00,-1.000000000000000000e+00,-1.000000000000000000e+00,-1.000000000000000000e+00,-1.000000000000000000e+00,-4.861567178237429232e-01,-4.861803250237617391e-01,-4.862510899662630948e-01,-4.863687890868435559e-01,-4.865328442682939070e-01,-4.867418559129514932e-01,-4.869925576899456487e-01,-4.872775617964562045e-01,-4.875806550123691352e-01,-4.878673145506571274e-01,-4.880662045547721206e-01,-4.880342402214932207e-01,-4.874927499324517299e-01,-4.859146022125964137e-01,-4.823313554641419643e-01,-4.750158738604470798e-01,-4.609826412451969446e-01,-4.352458243180246100e-01,-3.898127061838998486e-01,-3.125378516075940638e-01,-1.863820406307095112e-01,9.360464168405080443e-03,2.921600036762397323e-01,6.566064211506681403e-01,1.034778236336412860e+00,1.260756511932134671e+00,1.260756514376225823e+00,1.034778243180232593e+00,6.566064311926185226e-01,2.921600156310697471e-01,9.360476741680834323e-03,-1.863820287253501462e-01,-3.125378414695356710e-01,-3.898126985863736849e-01,-4.352458197510058469e-01,-4.609826399672254382e-01,-4.750158757893609973e-01,-4.823313600865359874e-01,-4.859146086535064413e-01,-4.874927568600151417e-01,-4.880342463810620757e-01,-4.880662090831036082e-01,-4.878673172614176323e-01,-4.875806551851926685e-01,-4.872775579513834998e-01,-4.869925486612389776e-01,-4.867418425463991838e-01,-4.865328290195574112e-01,-4.863687737236226383e-01,-4.862510749656214770e-01,-4.861803100095496433e-01,-4.861567027369080307e-01,-1.000000000000000000e+00,-1.000000000000000000e+00,-1.000000000000000000e+00,-1.000000000000000000e+00,-1.000000000000000000e+00,-1.000000000000000000e+00,-1.000000000000000000e+00,-1.000000000000000000e+00,-1.000000000000000000e+00,-1.000000000000000000e+00,-1.000000000000000000e+00,-1.000000000000000000e+00,-1.000000000000000000e+00,-1.000000000000000000e+00,-1.000000000000000000e+00,-1.000000000000000000e+00,-1.000000000000000000e+00,-1.000000000000000000e+00,-1.000000000000000000e+00,-1.000000000000000000e+00,-1.000000000000000000e+00,-1.000000000000000000e+00,-1.000000000000000000e+00,-1.000000000000000000e+00,-1.000000000000000000e+00,-1.000000000000000000e+00,-1.000000000000000000e+00,-1.000000000000000000e+00,-1.000000000000000000e+00,-1.000000000000000000e+00,-1.000000000000000000e+00,-1.000000000000000000e+00,-1.000000000000000000e+00,-1.000000000000000000e+00,-1.000000000000000000e+00,-1.000000000000000000e+00,-1.000000000000000000e+00,-1.000000000000000000e+00,-1.000000000000000000e+00,-1.000000000000000000e+00,-1.000000000000000000e+00,-1.000000000000000000e+00,-1.000000000000000000e+00,-1.000000000000000000e+00,-1.000000000000000000e+00,-1.000000000000000000e+00
-1.000000000000000000e+00,-1.000000000000000000e+00,-1.000000000000000000e+00,-1.000000000000000000e+00,-1.000000000000000000e+00,-1.000000000000000000e+00,-1.000000000000000000e+00,-1.000000000000000000e+00,-1.000000000000000000e+00,-1.000000000000000000e+00,-1.000000000000000000e+00,-1.000000000000000000e+00,-1.000000000000000000e+00,-1.000000000000000000e+00,-1.000000000000000000e+00,-1.000000000000000000e+00,-1.000000000000000000e+00,-1.000000000000000000e+00,-1.000000000000000000e+00,-1.000000000000000000e+00,-1.000000000000000000e+00,-1.000000000000000000e+00,-1.000000000000000000e+00,-1.000000000000000000e+00,-1.000000000000000000e+00,-1.000000000000000000e+00,-1.000000000000000000e+00,-1.000000000000000000e+00,-1.000000000000000000e+00,-1.000000000000000000e+00,-1.000000000000000000e+00,-1.000000000000000000e+00,-1.000000000000000000e+00,-1.000000000000000000e+00,-1.000000000000000000e+00,-1.000000000000000000e+00,-1.000000000000000000e+00,-1.000000000000000000e+00,-1.000000000000000000e+00,-1.000000000000000000e+00,-1.000000000000000000e+00,-1.000000000000000000e+00,-1.000000000000000000e+00,-1.000000000000000000e+00,-1.000000000000000000e+00,-1.000000000000000000e+00,-4.855197608318393421e-01,-4.855434053801364058e-01,-4.856142818471456124e-01,-4.857321650655324063e-01,-4.858964744982046113e-01,-4.861058070952477550e-01,-4.863568920719671951e-01,-4.866423359708775820e-01,-4.869459184180238154e-01,-4.872331071843811756e-01,-4.874325525881335608e-01,-4.874011474900266094e-01,-4.868601809063628494e-01,-4.852824480019242159e-01,-4.816993690395401373e-01,-4.743835503987074986e-01,-4.603490073611071765e-01,-4.346090881250956883e-01,-3.891697176365163102e-01,-3.118833560226565993e-01,-1.857078268275458299e-01,1.006612166865217262e-02,2.929115915889726196e-01,6.574171012153078308e-01,1.035649716257855069e+00,1.261664491926148379e+00,1.261664493370622253e+00,1.035649720317849187e+00,6.574171072035444041e-01,2.929115987459285364e-01,1.006612920116722876e-02,-1.857078196789601066e-01,-3.118833498797339843e-01,-3.891697130021336548e-01,-4.346090854396242875e-01,-4.603490069377382810e-01,-4.743835522967740914e-01,-4.816993729883174424e-01,-4.852824533251824946e-01,-4.868601864973571836e-01,-4.874011523371351018e-01,-4.874325559545606978e-01,-4.872331089172190488e-01,-4.869459176427817226e-01,-4.866423311575562849e-01,-4.863568822753299159e-01,-4.861057933254588903e-01,-4.858964590700960429e-01,-4.857321495525059873e-01,-4.856142665301659278e-01,-4.855433899506813589e-01,-4.855197451434998257e-01,-1.000000000000000000e+00,-1.000000000000000000e+00,-1.000000000000000000e+00,-1.000000000000000000e+00,-1.000000000000000000e+00,-1.000000000000000000e+00,-1.000000000000000000e+00,-1.000000000000000000e+00,-1.000000000000000000e+00,-1.000000000000000000e+00,-1.000000000000000000e+00,-1.000000000000000000e+00,-1.000000000000000000e+00,-1.000000000000000000e+00,-1.000000000000000000e+00,-1.000000000000000000e+00,-1.000000000000000000e+00,-1.000000000000000000e+00,-1.000000000000000000e+00,-1.000000000000000000e+00,-1.000000000000000000e+00,-1.000000000000000000e+00,-1.000000000000000000e+00,-1.000000000000000000e+00,-1.000000000000000000e+00,-1.000000000000000000e+00,-1.000000000000000000e+00,-1.000000000000000000e+00,-1.000000000000000000e+00,-1.000000000000000000e+00,-1.000000000000000000e+00,-1.000000000000000000e+00,-1.000000000000000000e+00,-1.000000000000000000e+00,-1.000000000000000000e+00,-1.000000000000000000e+00,-1.000000000000000000e+00,-1.000000000000000000e+00,-1.000000000000000000e+00,-1.000000000000000000e+00,-1.000000000000000000e+00,-1.000000000000000000e+00,-1.000000000000000000e+00,-1.000000000000000000e+00,-1.000000000000000000e+00,-1.000000000000000000e+00
-1.000000000000000000e+00,-1.000000000000000000e+00,-1.000000000000000000e+00,-1.000000000000000000e+00,-1.000000000000000000e+00,-1.000000000000000000e+00,-1.000000000000000000e+00,-1.000000000000000000e+00,-1.000000000000000000e+00,-1.000000000000000000e+00,-1.000000000000000000e+00,-1.000000000000000000e+00,-1.000000000000000000e+00,-1.000000000000000000e+00,-1.000000000000000000e+00,-1.000000000000000000e+00,-1.000000000000000000e+00,-1.000000000000000000e+00,-1.000000000000000000e+00,-1.000000000000000000e+00,-1.000000000000000000e+00,-1.000000000000000000e+00,-1.000000000000000000e+00,-1.000000000000000000e+00,-1.000000000000000000e+00,-1.000000000000000000e+00,-1.000000000000000000e+00,-1.000000000000000000e+00,-1.000000000000000000e+00,-1.000000000000000000e+00,-1.000000000000000000e+00,-1.000000000000000000e+00,-1.000000000000000000e+00,-1.000000000000000000e+00,-1.000000000000000000e+00,-1.000000000000000000e+00,-1.000000000000000000e+00,-1.000000000000000000e+00,-1.000000000000000000e+00,-1.000000000000000000e+00,-1.000000000000000000e+00,-1.000000000000000000e+00,-1.000000000000000000e+00,-1.000000000000000000e+00,-1.000000000000000000e+00,-1.000000000000000000e+00,-4.849154441584522246e-01,-4.849391221481598180e-01,-4.850100985171383883e-01,-4.851281467404380265e-01,-4.852926842097673443e-01,-4.855023046924848984e-01,-4.857537334536097262e-01,-4.860395719872325770e-01,-4.863435935470485916e-01,-4.866312573149214060e-01,-4.868312009058186618e-01,-4.868002966349296301e-01,-4.862597968851636310e-01,-4.846824284275417227e-01,-4.810994818681422203e-01,-4.737833210420383523e-01,-4.597475193496958212e-01,-4.340046516297926260e-01,-3.885593578110455582e-01,-3.112621040795451322e-01,-1.850679094746086051e-01,1.073581567891590538e-02,2.936248027771446445e-01,6.581863271082459832e-01,1.036476597643016362e+00,1.262525987576308850e+00,1.262525987787236126e+00,1.036476598249873149e+00,6.581863280330848553e-01,2.936248039392230780e-01,1.073581699202996731e-02,-1.850679080758412809e-01,-3.112621026719306627e-01,-3.885593565592602161e-01,-4.340046508033603700e-01,-4.597475192854538761e-01,-4.737833220364731091e-01,-4.810994839913664833e-01,-4.846824313592552613e-01,-4.862597999500088974e-01,-4.868002991760018716e-01,-4.868312024924605907e-01,-4.866312578490408214e-01,-4.863435920425560610e-01,-4.860395668132495572e-01,-4.857537237309568212e-01,-4.855022914492259645e-01,-4.852926695127166568e-01,-4.851281319111402368e-01,-4.850100835214883332e-01,-4.849391067021233681e-01,-4.849154281020755519e-01,-1.000000000000000000e+00,-1.000000000000000000e+00,-1.000000000000000000e+00,-1.000000000000000000e+00,-1.000000000000000000e+00,-1.000000000000000000e+00,-1.000000000000000000e+00,-1.000000000000000000e+00,-1.000000000000000000e+00,-1.000000000000000000e+00,-1.000000000000000000e+00,-1.000000000000000000e+00,-1.000000000000000000e+00,-1.000000000000000000e+00,-1.000000000000000000e+00,-1.000000000000000000e+00,-1.000000000000000000e+00,-1.000000000000000000e+00,-1.000000000000000000e+00,-1.000000000000000000e+00,-1.000000000000000000e+00,-1.000000000000000000e+00,-1.000000000000000000e+00,-1.000000000000000000e+00,-1.000000000000000000e+00,-1.000000000000000000e+00,-1.000000000000000000e+00,-1.000000000000000000e+00,-1.000000000000000000e+00,-1.000000000000000000e+00,-1.000000000000000000e+00,-1.000000000000000000e+00,-1.000000000000000000e+00,-1.000000000000000000e+00,-1.000000000000000000e+00,-1.000000000000000000e+00,-1.000000000000000000e+00,-1.000000000000000000e+00,-1.000000000000000000e+00,-1.000000000000000000e+00,-1.000000000000000000e+00,-1.000000000000000000e+00,-1.000000000000000000e+00,-1.000000000000000000e+00,-1.000000000000000000e+00,-1.000000000000000000e+00
-1.000000000000000000e+00,-1.000000000000000000e+00,-1.000000000000000000e+00,-1.000000000000000000e+00,-1.000000000000000000e+00,-1.000000000000000000e+00,-1.000000000000000000e+00,-1.000000000000000000e+00,-1.000000000000000000e+00,-1.000000000000000000e+00,-1.000000000000000000e+00,-1.000000000000000000e+00,-1.000000000000000000e+00,-1.000000000000000000e+00,-1.000000000000000000e+00,-1.000000000000000000e+00,-1.000000000000000000e+00,-1.000000000000000000e+00,-1.000000000000000000e+00,-1.000000000000000000e+00,-1.000000000000000000e+00,-1.000000000000000000e+00,-1.000000000000000000e+00,-1.000000000000000000e+00,-1.000000000000000000e+00,-1.000000000000000000e+00,-1.000000000000000000e+00,-1.000000000000000000e+00,-1.000000000000000000e+00,-1.000000000000000000e+00,-1.000000000000000000e+00,-1.000000000000000000e+00,-1.000000000000000000e+00,-1.000000000000000000e+00,-1.000000000000000000e+00,-1.000000000000000000e+00,-1.000000000000000000e+00,-1.000000000000000000e+00,-1.000000000000000000e+00,-1.000000000000000000e+00,-1.000000000000000000e+00,-1.000000000000000000e+00,-1.000000000000000000e+00,-1.000000000000000000e+00,-1.000000000000000000e+00,-1.000000000000000000e+00,-4.843437782728345908e-01,-4.843674861358211459e-01,-4.844385517805038788e-01,-4.845567476046177546e-01,-4.847214892043023582e-01,-4.849313674195112611e-01,-4.851831040099714443e-01,-4.854692959623783111e-01,-4.857737108732029796e-01,-4.860618001364294116e-01,-4.862621897467800380e-01,-4.862317331123930941e-01,-4.856916485879470002e-01,-4.841145993109341461e-01,-4.805317545703822191e-01,-4.732152505441113988e-01,-4.591782450778119085e-01,-4.334325843181314752e-01,-3.879816956511312753e-01,-3.106741616501791370e-01,-1.844623489755656820e-01,1.136949303239642717e-02,2.942995916529014266e-01,6.589140590157294142e-01,1.037258843291789745e+00,1.263340962995539662e+00,1.263340961847690735e+00,1.037258840112280645e+00,6.589140544317482195e-01,2.942995863417596780e-01,1.136948764043221871e-02,-1.844623538221412673e-01,-3.106741654187992197e-01,-3.879816980230792467e-01,-4.334325853106264503e-01,-4.591782450702348584e-01,-4.732152500653512561e-01,-4.805317540493891926e-01,-4.841145989132948912e-01,-4.856916481973492239e-01,-4.862317325528726641e-01,-4.862621890595910656e-01,-4.860617993038793827e-01,-4.857737088017186622e-01,-4.854692908723841072e-01,-4.851830949672724103e-01,-4.849313553772356400e-01,-4.847214759235063397e-01,-4.845567341264036543e-01,-4.844385376776214613e-01,-4.843674710441074893e-01,-4.843437621358628320e-01,-1.000000000000000000e+00,-1.000000000000000000e+00,-1.000000000000000000e+00,-1.000000000000000000e+00,-1.000000000000000000e+00,-1.000000000000000000e+00,-1.000000000000000000e+00,-1.000000000000000000e+00,-1.000000000000000000e+00,-1.000000000000000000e+00,-1.000000000000000000e+00,-1.000000000000000000e+00,-1.000000000000000000e+00,-1.000000000000000000e+00,-1.000000000000000000e+00,-1.000000000000000000e+00,-1.000000000000000000e+00,-1.000000000000000000e+00,-1.000000000000000000e+00,-1.000000000000000000e+00,-1.000000000000000000e+00,-1.000000000000000000e+00,-1.000000000000000000e+00,-1.000000000000000000e+00,-1.000000000000000000e+00,-1.000000000000000000e+00,-1.000000000000000000e+00,-1.000000000000000000e+00,-1.000000000000000000e+00,-1.000000000000000000e+00,-1.000000000000000000e+00,-1.000000000000000000e+00,-1.000000000000000000e+00,-1.000000000000000000e+00,-1.000000000000000000e+00,-1.000000000000000000e+00,-1.000000000000000000e+00,-1.000000000000000000e+00,-1.000000000000000000e+00,-1.000000000000000000e+00,-1.000000000000000000e+00,-1.000000000000000000e+00,-1.000000000000000000e+00,-1.000000000000000000e+00,-1.000000000000000000e+00,-1.000000000000000000e+00
-1.000000000000000000e+00,-1.000000000000000000e+00,-1.000000000000000000e+00,-1.000000000000000000e+00,-1.000000000000000000e+00,-1.000000000000000000e+00,-1.000000000000000000e+00,-1.000000000000000000e+00,-1.000000000000000000e+00,-1.000000000000000000e+00,-1.000000000000000000e+00,-1.000000000000000000e+00,-1.000000000000000000e+00,-1.000000000000000000e+00,-1.000000000000000000e+00,-1.000000000000000000e+00,-1.000000000000000000e+00,-1.000000000000000000e+00,-1.000000000000000000e+00,-1.000000000000000000e+00,-1.000000000000000000e+00,-1.000000000000000000e+00,-1.000000000000000000e+00,-1.000000000000000000e+00,-1.000000000000000000e+00,-1.000000000000000000e+00,-1.000000000000000000e+00,-1.000000000000000000e+00,-1.000000000000000000e+00,-1.000000000000000000e+00,-1.000000000000000000e+00,-1.000000000000000000e+00,-1.000000000000000000e+00,-1.000000000000000000e+00,-1.000000000000000000e+00,-1.000000000000000000e+00,-1.000000000000000000e+00,-1.000000000000000000e+00,-1.000000000000000000e+00,-1.000000000000000000e+00,-1.000000000000000000e+00,-1.000000000000000000e+00,-1.000000000000000000e+00,-1.000000000000000000e+00,-1.000000000000000000e+00,-1.000000000000000000e+00,-4.838047687507742722e-01,-4.838285032602449576e-01,-4.838996485411879434e-01,-4.840179762004783726e-01,-4.841829002325983566e-01,-4.843930088065890871e-01,-4.846450205786272392e-01,-4.849315284964346162e-01,-4.852362951016981896e-01,-4.855247647588178950e-01,-4.857255529149195894e-01,-4.856954955854826395e-01,-4.851557796438479286e-01,-4.835790090666005625e-01,-4.799962400503714477e-01,-4.726793956931780727e-01,-4.586412441623561875e-01,-4.328929472369003051e-01,-3.874367917501837510e-01,-3.101195863948342790e-01,-1.838911974896095813e-01,1.196710889216490159e-02,2.949359209822386418e-01,6.596002655647108526e-01,1.037996424719388244e+00,1.264109391265391125e+00,1.264109388838621229e+00,1.037996417961608131e+00,6.596002557353033424e-01,2.949359094485277666e-01,1.196709699380438252e-02,-1.838912084332307018e-01,-3.101195952219857332e-01,-3.874367976832813198e-01,-4.328929500650477991e-01,-4.586412441994891509e-01,-4.726793935645705602e-01,-4.799962365530578978e-01,-4.835790049094681464e-01,-4.851557752995105943e-01,-4.856954914852877891e-01,-4.857255496260837191e-01,-4.855247623587359840e-01,-4.852362923865483069e-01,-4.849315235671189939e-01,-4.846450124324137576e-01,-4.843929982891852504e-01,-4.841828887733665709e-01,-4.840179645445505940e-01,-4.838996358198093262e-01,-4.838284889074122574e-01,-4.838047529731008822e-01,-1.000000000000000000e+00,-1.000000000000000000e+00,-1.000000000000000000e+00,-1.000000000000000000e+00,-1.000000000000000000e+00,-1.000000000000000000e+00,-1.000000000000000000e+00,-1.000000000000000000e+00,-1.000000000000000000e+00,-1.000000000000000000e+00,-1.000000000000000000e+00,-1.000000000000000000e+00,-1.000000000000000000e+00,-1.000000000000000000e+00,-1.000000000000000000e+00,-1.000000000000000000e+00,-1.000000000000000000e+00,-1.000000000000000000e+00,-1.000000000000000000e+00,-1.000000000000000000e+00,-1.000000000000000000e+00,-1.000000000000000000e+00,-1.000000000000000000e+00,-1.000000000000000000e+00,-1.000000000000000000e+00,-1.000000000000000000e+00,-1.000000000000000000e+00,-1.000000000000000000e+00,-1.000000000000000000e+00,-1.000000000000000000e+00,-1.000000000000000000e+00,-1.000000000000000000e+00,-1.000000000000000000e+00,-1.000000000000000000e+00,-1.000000000000000000e+00,-1.000000000000000000e+00,-1.000000000000000000e+00,-1.000000000000000000e+00,-1.000000000000000000e+00,-1.000000000000000000e+00,-1.000000000000000000e+00,-1.000000000000000000e+00,-1.000000000000000000e+00,-1.000000000000000000e+00,-1.000000000000000000e+00,-1.000000000000000000e+00
-1.000000000000000000e+00,-1.000000000000000000e+00,-1.000000000000000000e+00,-1.000000000000000000e+00,-1.000000000000000000e+00,-1.000000000000000000e+00,-1.000000000000000000e+00,-1.000000000000000000e+00,-1.000000000000000000e+00,-1.000000000000000000e+00,-1.000000000000000000e+00,-1.000000000000000000e+00,-1.000000000000000000e+00,-1.000000000000000000e+00,-1.000000000000000000e+00,-1.000000000000000000e+00,-1.000000000000000000e+00,-1.000000000000000000e+00,-1.000000000000000000e+00,-1.000000000000000000e+00,-1.000000000000000000e+00,-1.000000000000000000e+00,-1.000000000000000000e+00,-1.000000000000000000e+00,-1.000000000000000000e+00,-1.000000000000000000e+00,-1.000000000000000000e+00,-1.000000000000000000e+00,-1.000000000000000000e+00,-1.000000000000000000e+00,-1.000000000000000000e+00,-1.000000000000000000e+00,-1.000000000000000000e+00,-1.000000000000000000e+00,-1.000000000000000000e+00,-1.000000000000000000e+00,-1.000000000000000000e+00,-1.000000000000000000e+00,-1.000000000000000000e+00,-1.000000000000000000e+00,-1.000000000000000000e+00,-1.000000000000000000e+00,-1.000000000000000000e+00,-1.000000000000000000e+00,-1.000000000000000000e+00,-1.000000000000000000e+00,-4.832984184236899239e-01,-4.833221766843021072e-01,-4.833933929147686825e-01,-4.835118381826299938e-01,-4.836769250011707655e-01,-4.838872391310848897e-01,-4.841394964906635678e-01,-4.844262864063386687e-01,-4.847313668606716419e-01,-4.850201758713730271e-01,-4.852213193703951433e-01,-4.851916174357029377e-01,-4.846522279841005698e-01,-4.830757000761503051e-01,-4.794929848224409596e-01,-4.721758066625323380e-01,-4.581365694614127904e-01,-4.323857943681339577e-01,-3.869246993459274364e-01,-3.095984286561792587e-01,-1.833545001102061534e-01,1.252862531241483168e-02,2.955337604526286910e-01,6.602449225360178531e-01,1.038689320930446414e+00,1.264831253112485676e+00,1.264831249626679366e+00,1.038689311211864919e+00,6.602449083711929845e-01,2.955337437724940841e-01,1.252860800157762355e-02,-1.833545162092526937e-01,-3.095984419163189116e-01,-3.869247086069034225e-01,-4.323857990902286730e-01,-4.581365697279302651e-01,-4.721758031462570671e-01,-4.794929786300565766e-01,-4.830756923198435970e-01,-4.846522196952403050e-01,-4.851916097296200547e-01,-4.852213132969174225e-01,-4.850201716335673652e-01,-4.847313631844247794e-01,-4.844262813716406768e-01,-4.841394890791130834e-01,-4.838872300823657824e-01,-4.836769154353603994e-01,-4.835118285808324146e-01,-4.833933819777262997e-01,-4.833221635583013764e-01,-4.832984037142429301e-01,-1.000000000000000000e+00,-1.000000000000000000e+00,-1.000000000000000000e+00,-1.000000000000000000e+00,-1.000000000000000000e+00,-1.000000000000000000e+00,-1.000000000000000000e+00,-1.000000000000000000e+00,-1.000000000000000000e+00,-1.000000000000000000e+00,-1.000000000000000000e+00,-1.000000000000000000e+00,-1.000000000000000000e+00,-1.000000000000000000e+00,-1.000000000000000000e+00,-1.000000000000000000e+00,-1.000000000000000000e+00,-1.000000000000000000e+00,-1.000000000000000000e+00,-1.000000000000000000e+00,-1.000000000000000000e+00,-1.000000000000000000e+00,-1.000000000000000000e+00,-1.000000000000000000e+00,-1.000000000000000000e+00,-1.000000000000000000e+00,-1.000000000000000000e+00,-1.000000000000000000e+00,-1.000000000000000000e+00,-1.000000000000000000e+00,-1.000000000000000000e+00,-1.000000000000000000e+00,-1.000000000000000000e+00,-1.000000000000000000e+00,-1.000000000000000000e+00,-1.000000000000000000e+00,-1.000000000000000000e+00,-1.000000000000000000e+00,-1.000000000000000000e+00,-1.000000000000000000e+00,-1.000000000000000000e+00,-1.000000000000000000e+00,-1.000000000000000000e+00,-1.000000000000000000e+00,-1.000000000000000000e+00,-1.000000000000000000e+00
-1.000000000000000000e+00,-1.000000000000000000e+00,-1.000000000000000000e+00,-1.000000000000000000e+00,-1.000000000000000000e+00,-1.000000000000000000e+00,-1.000000000000000000e+00,-1.000000000000000000e+00,-1.000000000000000000e+00,-1.000000000000000000e+00,-1.000000000000000000e+00,-1.000000000000000000e+00,-1.000000000000000000e+00,-1.000000000000000000e+00,-1.000000000000000000e+00,-1.000000000000000000e+00,-1.000000000000000000e+00,-1.000000000000000000e+00,-1.000000000000000000e+00,-1.000000000000000000e+00,-1.000000000000000000e+00,-1.000000000000000000e+00,-1.000000000000000000e+00,-1.000000000000000000e+00,-1.000000000000000000e+00,-1.000000000000000000e+00,-1.000000000000000000e+00,-1.000000000000000000e+00,-1.000000000000000000e+00,-1.000000000000000000e+00,-1.000000000000000000e+00,-1.000000000000000000e+00,-1.000000000000000000e+00,-1.000000000000000000e+00,-1.000000000000000000e+00,-1.000000000000000000e+00,-1.000000000000000000e+00,-1.000000000000000000e+00,-1.000000000000000000e+00,-1.000000000000000000e+00,-1.000000000000000000e+00,-1.000000000000000000e+00,-1.000000000000000000e+00,-1.000000000000000000e+00,-1.000000000000000000e+00,-1.000000000000000000e+00,-4.828247287020488443e-01,-4.828485081263202972e-01,-4.829197875215953673e-01,-4.830383375921893929e-01,-4.832035694247220903e-01,-4.834140666483648374e-01,-4.836665427575521647e-01,-4.839535838316031402e-01,-4.842589437521276352e-01,-4.845480548080880467e-01,-4.847495143334157319e-01,-4.847201278981021488e-01,-4.841810269196660244e-01,-4.826047097557983889e-01,-4.790220300726684144e-01,-4.717045278740696901e-01,-4.576642679170381811e-01,-4.319111738264531652e-01,-3.864454656857274628e-01,-3.091107325228552583e-01,-1.828522955786509030e-01,1.305401056702049090e-02,2.960930857773140801e-01,6.608480116755366396e-01,1.039337517033292357e+00,1.265506535499996588e+00,1.265506531352425412e+00,1.039337505452797572e+00,6.608479947472734040e-01,2.960930657394795773e-01,1.305398959079351329e-02,-1.828523153604075802e-01,-3.091107491620403991e-01,-3.864454776651982115e-01,-4.319111802675106304e-01,-4.576642687059502279e-01,-4.717045236551600240e-01,-4.790220219816951897e-01,-4.826046991152725951e-01,-4.841810152924637123e-01,-4.847201169740138482e-01,-4.847495055255910401e-01,-4.845480484615443117e-01,-4.842589386291766829e-01,-4.839535781323247576e-01,-4.836665355619880202e-01,-4.834140586634658732e-01,-4.832035615443919241e-01,-4.830383300729943485e-01,-4.829197787165711020e-01,-4.828484968968034252e-01,-4.828247160819545414e-01,-1.000000000000000000e+00,-1.000000000000000000e+00,-1.000000000000000000e+00,-1.000000000000000000e+00,-1.000000000000000000e+00,-1.000000000000000000e+00,-1.000000000000000000e+00,-1.000000000000000000e+00,-1.000000000000000000e+00,-1.000000000000000000e+00,-1.000000000000000000e+00,-1.000000000000000000e+00,-1.000000000000000000e+00,-1.000000000000000000e+00,-1.000000000000000000e+00,-1.000000000000000000e+00,-1.000000000000000000e+00,-1.000000000000000000e+00,-1.000000000000000000e+00,-1.000000000000000000e+00,-1.000000000000000000e+00,-1.000000000000000000e+00,-1.000000000000000000e+00,-1.000000000000000000e+00,-1.000000000000000000e+00,-1.000000000000000000e+00,-1.000000000000000000e+00,-1.000000000000000000e+00,-1.000000000000000000e+00,-1.000000000000000000e+00,-1.000000000000000000e+00,-1.000000000000000000e+00,-1.000000000000000000e+00,-1.000000000000000000e+00,-1.000000000000000000e+00,-1.000000000000000000e+00,-1.000000000000000000e+00,-1.000000000000000000e+00,-1.000000000000000000e+00,-1.000000000000000000e+00,-1.000000000000000000e+00,-1.000000000000000000e+00,-1.000000000000000000e+00,-1.000000000000000000e+00,-1.000000000000000000e+00,-1.000000000000000000e+00
-1.000000000000000000e+00,-1.000000000000000000e+00,-1.000000000000000000e+00,-1.000000000000000000e+00,-1.000000000000000000e+00,-1.000000000000000000e+00,-1.000000000000000000e+00,-1.000000000000000000e+00,-1.000000000000000000e+00,-1.000000000000000000e+00,-1.000000000000000000e+00,-1.000000000000000000e+00,-1.000000000000000000e+00,-1.000000000000000000e+00,-1.000000000000000000e+00,-1.000000000000000000e+00,-1.000000000000000000e+00,-1.000000000000000000e+00,-1.000000000000000000e+00,-1.000000000000000000e+00,-1.000000000000000000e+00,-1.000000000000000000e+00,-1.000000000000000000e+00,-1.000000000000000000e+00,-1.000000000000000000e+00,-1.000000000000000000e+00,-1.000000000000000000e+00,-1.000000000000000000e+00,-1.000000000000000000e+00,-1.000000000000000000e+00,-1.000000000000000000e+00,-1.000000000000000000e+00,-1.000000000000000000e+00,-1.000000000000000000e+00,-1.000000000000000000e+00,-1.000000000000000000e+00,-1.000000000000000000e+00,-1.000000000000000000e+00,-1.000000000000000000e+00,-1.000000000000000000e+00,-1.000000000000000000e+00,-1.000000000000000000e+00,-1.000000000000000000e+00,-1.000000000000000000e+00,-1.000000000000000000e+00,-1.000000000000000000e+00,-4.823837003799962275e-01,-4.824074986496862394e-01,-4.824788342454846557e-01,-4.825974775983876697e-01,-4.827628383540556456e-01,-4.829734983193629816e-01,-4.832261688195540472e-01,-4.835134329908354900e-01,-4.838190410553453447e-01,-4.841084202033334449e-01,-4.843101599809491731e-01,-4.842810528407754944e-01,-4.837422059992491086e-01,-4.821660713845403734e-01,-4.785834126712060765e-01,-4.712655990973564357e-01,-4.572243812315948119e-01,-4.314691281341929141e-01,-3.859991324926195233e-01,-3.086565367436371332e-01,-1.823846174045140600e-01,1.354323808970825382e-02,2.966138777750551014e-01,6.614095198671288145e-01,1.039941003403799691e+00,1.266135230679359402e+00,1.266135226322189666e+00,1.039940991221653732e+00,6.614095020100565492e-01,2.966138565365161739e-01,1.354321568206451332e-02,-1.823846387964476179e-01,-3.086565550797129021e-01,-3.859991461154823611e-01,-4.314691359830140627e-01,-4.572243829665492143e-01,-4.712655950872148836e-01,-4.785834038499414689e-01,-4.821660591698337939e-01,-4.837421922353248860e-01,-4.842810394831351672e-01,-4.843101487203300692e-01,-4.841084115456180115e-01,-4.838190339499002235e-01,-4.835134258863380552e-01,-4.832261610633974414e-01,-4.829734907430367485e-01,-4.827628317686851744e-01,-4.825974720806822660e-01,-4.824788279732024066e-01,-4.824074902766550821e-01,-4.823836912409689148e-01,-1.000000000000000000e+00,-1.000000000000000000e+00,-1.000000000000000000e+00,-1.000000000000000000e+00,-1.000000000000000000e+00,-1.000000000000000000e+00,-1.000000000000000000e+00,-1.000000000000000000e+00,-1.000000000000000000e+00,-1.000000000000000000e+00,-1.000000000000000000e+00,-1.000000000000000000e+00,-1.000000000000000000e+00,-1.000000000000000000e+00,-1.000000000000000000e+00,-1.000000000000000000e+00,-1.000000000000000000e+00,-1.000000000000000000e+00,-1.000000000000000000e+00,-1.000000000000000000e+00,-1.000000000000000000e+00,-1.000000000000000000e+00,-1.000000000000000000e+00,-1.000000000000000000e+00,-1.000000000000000000e+00,-1.000000000000000000e+00,-1.000000000000000000e+00,-1.000000000000000000e+00,-1.000000000000000000e+00,-1.000000000000000000e+00,-1.000000000000000000e+00,-1.000000000000000000e+00,-1.000000000000000000e+00,-1.000000000000000000e+00,-1.000000000000000000e+00,-1.000000000000000000e+00,-1.000000000000000000e+00,-1.000000000000000000e+00,-1.000000000000000000e+00,-1.000000000000000000e+00,-1.000000000000000000e+00,-1.000000000000000000e+00,-1.000000000000000000e+00,-1.000000000000000000e+00,-1.000000000000000000e+00,-1.000000000000000000e+00
-1.000000000000000000e+00,-1.000000000000000000e+00,-1.000000000000000000e+00,-1.000000000000000000e+00,-1.000000000000000000e+00,-1.000000000000000000e+00,-1.000000000000000000e+00,-1.000000000000000000e+00,-1.000000000000000000e+00,-1.000000000000000000e+00,-1.000000000000000000e+00,-1.000000000000000000e+00,-1.000000000000000000e+00,-1.000000000000000000e+00,-1.000000000000000000e+00,-1.000000000000000000e+00,-1.000000000000000000e+00,-1.000000000000000000e+00,-1.000000000000000000e+00,-1.000000000000000000e+00,-1.000000000000000000e+00,-1.000000000000000000e+00,-1.000000000000000000e+00,-1.000000000000000000e+00,-1.000000000000000000e+00,-1.000000000000000000e+00,-1.000000000000000000e+00,-1.000000000000000000e+00,-1.000000000000000000e+00,-1.000000000000000000e+00,-1.000000000000000000e+00,-1.000000000000000000e+00,-1.000000000000000000e+00,-1.000000000000000000e+00,-1.000000000000000000e+00,-1.000000000000000000e+00,-1.000000000000000000e+00,-1.000000000000000000e+00,-1.000000000000000000e+00,-1.000000000000000000e+00,-1.000000000000000000e+00,-1.000000000000000000e+00,-1.000000000000000000e+00,-1.000000000000000000e+00,-1.000000000000000000e+00,-1.000000000000000000e+00,-4.819753341458277163e-01,-4.819991491663158101e-01,-4.820705347032996357e-01,-4.821892609409408337e-01,-4.823547360047006904e-01,-4.825655402191149079e-01,-4.828183829538854610e-01,-4.831058446773255355e-01,-4.834116722834398416e-01,-4.837012885206819490e-01,-4.839032759504471315e-01,-4.838744152765315221e-01,-4.833357916626663808e-01,-4.817598146566952622e-01,-4.781771655030189194e-01,-4.708590560800871572e-01,-4.568169470043352831e-01,-4.310596952818697147e-01,-3.855857364942636423e-01,-3.082358749261464581e-01,-1.819514941340436565e-01,1.399628594433188766e-02,2.970961215599645655e-01,6.619294380728169003e-01,1.040499774451680182e+00,1.266717334930522298e+00,1.266717330884682191e+00,1.040499763113419185e+00,6.619294213750990252e-01,2.970961015512854075e-01,1.399626459027913938e-02,-1.819515148707155916e-01,-3.082358931467483742e-01,-3.855857505576958388e-01,-4.310597040083354869e-01,-4.568169498231942072e-01,-4.708590530760421444e-01,-4.781771573556490296e-01,-4.817598025718439203e-01,-4.833357772894109061e-01,-4.838744005852726460e-01,-4.839032628002524206e-01,-4.837012775299838196e-01,-4.834116627279767542e-01,-4.831058354177155678e-01,-4.828183738688238691e-01,-4.825655324303630422e-01,-4.823547303684101450e-01,-4.821892573857295972e-01,-4.820705314787065987e-01,-4.819991447689311315e-01,-4.819753299111200207e-01,-1.000000000000000000e+00,-1.000000000000000000e+00,-1.000000000000000000e+00,-1.000000000000000000e+00,-1.000000000000000000e+00,-1.000000000000000000e+00,-1.000000000000000000e+00,-1.000000000000000000e+00,-1.000000000000000000e+00,-1.000000000000000000e+00,-1.000000000000000000e+00,-1.000000000000000000e+00,-1.000000000000000000e+00,-1.000000000000000000e+00,-1.000000000000000000e+00,-1.000000000000000000e+00,-1.000000000000000000e+00,-1.000000000000000000e+00,-1.000000000000000000e+00,-1.000000000000000000e+00,-1.000000000000000000e+00,-1.000000000000000000e+00,-1.000000000000000000e+00,-1.000000000000000000e+00,-1.000000000000000000e+00,-1.000000000000000000e+00,-1.000000000000000000e+00,-1.000000000000000000e+00,-1.000000000000000000e+00,-1.000000000000000000e+00,-1.000000000000000000e+00,-1.000000000000000000e+00,-1.000000000000000000e+00,-1.000000000000000000e+00,-1.000000000000000000e+00,-1.000000000000000000e+00,-1.000000000000000000e+00,-1.000000000000000000e+00,-1.000000000000000000e+00,-1.000000000000000000e+00,-1.000000000000000000e+00,-1.000000000000000000e+00,-1.000000000000000000e+00,-1.000000000000000000e+00,-1.000000000000000000e+00,-1.000000000000000000e+00
-1.000000000000000000e+00,-1.000000000000000000e+00,-1.000000000000000000e+00,-1.000000000000000000e+00,-1.000000000000000000e+00,-1.000000000000000000e+00,-1.000000000000000000e+00,-1.000000000000000000e+00,-1.000000000000000000e+00,-1.000000000000000000e+00,-1.000000000000000000e+00,-1.000000000000000000e+00,-1.000000000000000000e+00,-1.000000000000000000e+00,-1.000000000000000000e+00,-1.000000000000000000e+00,-1.000000000000000000e+00,-1.000000000000000000e+00,-1.000000000000000000e+00,-1.000000000000000000e+00,-1.000000000000000000e+00,-1.000000000000000000e+00,-1.000000000000000000e+00,-1.000000000000000000e+00,-1.000000000000000000e+00,-1.000000000000000000e+00,-1.000000000000000000e+00,-1.000000000000000000e+00,-1.000000000000000000e+00,-1.000000000000000000e+00,-1.000000000000000000e+00,-1.000000000000000000e+00,-1.000000000000000000e+00,-1.000000000000000000e+00,-1.000000000000000000e+00,-1.000000000000000000e+00,-1.000000000000000000e+00,-1.000000000000000000e+00,-1.000000000000000000e+00,-1.000000000000000000e+00,-1.000000000000000000e+00,-1.000000000000000000e+00,-1.000000000000000000e+00,-1.000000000000000000e+00,-1.000000000000000000e+00,-1.000000000000000000e+00,-4.815996308633234690e-01,-4.816234607283398361e-01,-4.816948905313829243e-01,-4.818136901979341857e-01,-4.819792662346920054e-01,-4.821901978062319571e-01,-4.824431924726075849e-01,-4.827308284348230671e-01,-4.830368494689407655e-01,-4.833266744618782695e-01,-4.835288798144929956e-01,-4.835002358069457884e-01,-4.829618077904065387e-01,-4.813859665522501885e-01,-4.778033181119880624e-01,-4.704849304891860484e-01,-4.564419984533234498e-01,-4.306829089610779704e-01,-3.852053102506438620e-01,-3.078487765669075671e-01,-1.815529502661163974e-01,1.441313609323469080e-02,2.975398059433089770e-01,6.624077607987670646e-01,1.041013828065355362e+00,1.267252847889819733e+00,1.267252844577889448e+00,1.041013818757998699e+00,6.624077470221969577e-01,2.975397893132676330e-01,1.441311814997980889e-02,-1.815529679824772202e-01,-3.078487925430319905e-01,-3.852053231384706677e-01,-4.306829177159947619e-01,-4.564420024129516307e-01,-4.704849293918567099e-01,-4.778033120924192190e-01,-4.813859562221356470e-01,-4.829617943924446877e-01,-4.835002211700629715e-01,-4.835288656461544932e-01,-4.833266613991842320e-01,-4.830368372136266686e-01,-4.827308164668240309e-01,-4.824431814720337997e-01,-4.821901892688593705e-01,-4.819792612028228618e-01,-4.818136885025152694e-01,-4.816948908024638598e-01,-4.816234613046139756e-01,-4.815996324783800020e-01,-1.000000000000000000e+00,-1.000000000000000000e+00,-1.000000000000000000e+00,-1.000000000000000000e+00,-1.000000000000000000e+00,-1.000000000000000000e+00,-1.000000000000000000e+00,-1.000000000000000000e+00,-1.000000000000000000e+00,-1.000000000000000000e+00,-1.000000000000000000e+00,-1.000000000000000000e+00,-1.000000000000000000e+00,-1.000000000000000000e+00,-1.000000000000000000e+00,-1.000000000000000000e+00,-1.000000000000000000e+00,-1.000000000000000000e+00,-1.000000000000000000e+00,-1.000000000000000000e+00,-1.000000000000000000e+00,-1.000000000000000000e+00,-1.000000000000000000e+00,-1.000000000000000000e+00,-1.000000000000000000e+00,-1.000000000000000000e+00,-1.000000000000000000e+00,-1.000000000000000000e+00,-1.000000000000000000e+00,-1.000000000000000000e+00,-1.000000000000000000e+00,-1.000000000000000000e+00,-1.000000000000000000e+00,-1.000000000000000000e+00,-1.000000000000000000e+00,-1.000000000000000000e+00,-1.000000000000000000e+00,-1.000000000000000000e+00,-1.000000000000000000e+00,-1.000000000000000000e+00,-1.000000000000000000e+00,-1.000000000000000000e+00,-1.000000000000000000e+00,-1.000000000000000000e+00,-1.000000000000000000e+00,-1.000000000000000000e+00
-1.000000000000000000e+00,-1.000000000000000000e+00,-1.000000000000000000e+00,-1.000000000000000000e+00,-1.000000000000000000e+00,-1.000000000000000000e+00,-1.000000000000000000e+00,-1.000000000000000000e+00,-1.000000000000000000e+00,-1.000000000000000000e+00,-1.000000000000000000e+00,-1.000000000000000000e+00,-1.000000000000000000e+00,-1.000000000000000000e+00,-1.000000000000000000e+00,-1.000000000000000000e+00,-1.000000000000000000e+00,-1.000000000000000000e+00,-1.000000000000000000e+00,-1.000000000000000000e+00,-1.000000000000000000e+00,-1.000000000000000000e+00,-1.000000000000000000e+00,-1.000000000000000000e+00,-1.000000000000000000e+00,-1.000000000000000000e+00,-1.000000000000000000e+00,-1.000000000000000000e+00,-1.000000000000000000e+00,-1.000000000000000000e+00,-1.000000000000000000e+00,-1.000000000000000000e+00,-1.000000000000000000e+00,-1.000000000000000000e+00,-1.000000000000000000e+00,-1.000000000000000000e+00,-1.000000000000000000e+00,-1.000000000000000000e+00,-1.000000000000000000e+00,-1.000000000000000000e+00,-1.000000000000000000e+00,-1.000000000000000000e+00,-1.000000000000000000e+00,-1.000000000000000000e+00,-1.000000000000000000e+00,-1.000000000000000000e+00,-4.812565916449393910e-01,-4.812804346131098754e-01,-4.813519034950060060e-01,-4.814707678949181613e-01,-4.816364326770790072e-01,-4.818474761220805647e-01,-4.821006039675257426e-01,-4.823883926782928100e-01,-4.826945832207556464e-01,-4.829845910837002876e-01,-4.831869873523846337e-01,-4.831585329555654340e-01,-4.826202757018922540e-01,-4.810445513740058132e-01,-4.774618974596602783e-01,-4.701432511215690724e-01,-4.560995652579462600e-01,-4.303387986948354893e-01,-3.848578818760239884e-01,-3.074952668527606292e-01,-1.811890064263339539e-01,1.479377380320556767e-02,2.979449225047909877e-01,6.628444849658201576e-01,1.041483164447407184e+00,1.267741771523745342e+00,1.267741769349359338e+00,1.041483158302273893e+00,6.628444757690727940e-01,2.979449112159997526e-01,1.479376132118570553e-02,-1.811890191866396549e-01,-3.074952789432803257e-01,-3.848578923724508272e-01,-4.303388067494209324e-01,-4.560995701190346807e-01,-4.701432521545347853e-01,-4.774618942479715855e-01,-4.810445439509516419e-01,-4.826202647655488676e-01,-4.831585197538723619e-01,-4.831869731183910943e-01,-4.829845765101552502e-01,-4.826945684497703226e-01,-4.823883779546855877e-01,-4.821005908523483541e-01,-4.818474665016641012e-01,-4.816364279977269902e-01,-4.814707679721275113e-01,-4.813519076090599924e-01,-4.812804409207167566e-01,-4.812565995076516501e-01,-1.000000000000000000e+00,-1.000000000000000000e+00,-1.000000000000000000e+00,-1.000000000000000000e+00,-1.000000000000000000e+00,-1.000000000000000000e+00,-1.000000000000000000e+00,-1.000000000000000000e+00,-1.000000000000000000e+00,-1.000000000000000000e+00,-1.000000000000000000e+00,-1.000000000000000000e+00,-1.000000000000000000e+00,-1.000000000000000000e+00,-1.000000000000000000e+00,-1.000000000000000000e+00,-1.000000000000000000e+00,-1.000000000000000000e+00,-1.000000000000000000e+00,-1.000000000000000000e+00,-1.000000000000000000e+00,-1.000000000000000000e+00,-1.000000000000000000e+00,-1.000000000000000000e+00,-1.000000000000000000e+00,-1.000000000000000000e+00,-1.000000000000000000e+00,-1.000000000000000000e+00,-1.000000000000000000e+00,-1.000000000000000000e+00,-1.000000000000000000e+00,-1.000000000000000000e+00,-1.000000000000000000e+00,-1.000000000000000000e+00,-1.000000000000000000e+00,-1.000000000000000000e+00,-1.000000000000000000e+00,-1.000000000000000000e+00,-1.000000000000000000e+00,-1.000000000000000000e+00,-1.000000000000000000e+00,-1.000000000000000000e+00,-1.000000000000000000e+00,-1.000000000000000000e+00,-1.000000000000000000e+00,-1.000000000000000000e+00
-1.000000000000000000e+00,-1.000000000000000000e+00,-1.000000000000000000e+00,-1.000000000000000000e+00,-1.000000000000000000e+00,-1.000000000000000000e+00,-1.000000000000000000e+00,-1.000000000000000000e+00,-1.000000000000000000e+00,-1.000000000000000000e+00,-1.000000000000000000e+00,-1.000000000000000000e+00,-1.000000000000000000e+00,-1.000000000000000000e+00,-1.000000000000000000e+00,-1.000000000000000000e+00,-1.000000000000000000e+00,-1.000000000000000000e+00,-1.000000000000000000e+00,-1.000000000000000000e+00,-1.000000000000000000e+00,-1.000000000000000000e+00,-1.000000000000000000e+00,-1.000000000000000000e+00,-1.000000000000000000e+00,-1.000000000000000000e+00,-1.000000000000000000e+00,-1.000000000000000000e+00,-1.000000000000000000e+00,-1.000000000000000000e+00,-1.000000000000000000e+00,-1.000000000000000000e+00,-1.000000000000000000e+00,-1.000000000000000000e+00,-1.000000000000000000e+00,-1.000000000000000000e+00,-1.000000000000000000e+00,-1.000000000000000000e+00,-1.000000000000000000e+00,-1.000000000000000000e+00,-1.000000000000000000e+00,-1.000000000000000000e+00,-1.000000000000000000e+00,-1.000000000000000000e+00,-1.000000000000000000e+00,-1.000000000000000000e+00,-4.809462177776051561e-01,-4.809700722500416248e-01,-4.810415754482928463e-01,-4.811604964850042521e-01,-4.813262386881076438e-01,-4.815373797298789782e-01,-4.817906234763302820e-01,-4.820785449856632709e-01,-4.823848830080486039e-01,-4.826750500237144692e-01,-4.828776127263614271e-01,-4.828493236758486518e-01,-4.823112147983827924e-01,-4.807355906372530185e-01,-4.771529271032486363e-01,-4.698340432875500738e-01,-4.557896737432436396e-01,-4.300273907227518677e-01,-3.845434761816806102e-01,-3.071753676637181130e-01,-1.808596800507586977e-01,1.513818727000248998e-02,2.983114654134233490e-01,6.632396097642487831e-01,1.041907785827620891e+00,1.268184109582346508e+00,1.268184108734192961e+00,1.041907783381931907e+00,6.632396059691743062e-01,2.983114605201748759e-01,1.513818149419599024e-02,-1.808596864809137728e-01,-3.071753744630463245e-01,-3.845434829644940322e-01,-4.300273969482493186e-01,-4.557896786903281594e-01,-4.698340460885290781e-01,-4.771529268872667373e-01,-4.807355867990752429e-01,-4.823112072634296865e-01,-4.828493129622009050e-01,-4.828775996252536729e-01,-4.826750351018578300e-01,-4.823848665960781545e-01,-4.820785280954655860e-01,-4.817906084518446264e-01,-4.815373690029129961e-01,-4.813262342925339610e-01,-4.811604983400439295e-01,-4.810415836513408649e-01,-4.809700846095550375e-01,-4.809462318227089028e-01,-1.000000000000000000e+00,-1.000000000000000000e+00,-1.000000000000000000e+00,-1.000000000000000000e+00,-1.000000000000000000e+00,-1.000000000000000000e+00,-1.000000000000000000e+00,-1.000000000000000000e+00,-1.000000000000000000e+00,-1.000000000000000000e+00,-1.000000000000000000e+00,-1.000000000000000000e+00,-1.000000000000000000e+00,-1.000000000000000000e+00,-1.000000000000000000e+00,-1.000000000000000000e+00,-1.000000000000000000e+00,-1.000000000000000000e+00,-1.000000000000000000e+00,-1.000000000000000000e+00,-1.000000000000000000e+00,-1.000000000000000000e+00,-1.000000000000000000e+00,-1.000000000000000000e+00,-1.000000000000000000e+00,-1.000000000000000000e+00,-1.000000000000000000e+00,-1.000000000000000000e+00,-1.000000000000000000e+00,-1.000000000000000000e+00,-1.000000000000000000e+00,-1.000000000000000000e+00,-1.000000000000000000e+00,-1.000000000000000000e+00,-1.000000000000000000e+00,-1.000000000000000000e+00,-1.000000000000000000e+00,-1.000000000000000000e+00,-1.000000000000000000e+00,-1.000000000000000000e+00,-1.000000000000000000e+00,-1.000000000000000000e+00,-1.000000000000000000e+00,-1.000000000000000000e+00,-1.000000000000000000e+00,-1.000000000000000000e+00
-1.000000000000000000e+00,-1.000000000000000000e+00,-1.000000000000000000e+00,-1.000000000000000000e+00,-1.000000000000000000e+00,-1.000000000000000000e+00,-1.000000000000000000e+00,-1.000000000000000000e+00,-1.000000000000000000e+00,-1.000000000000000000e+00,-1.000000000000000000e+00,-1.000000000000000000e+00,-1.000000000000000000e+00,-1.000000000000000000e+00,-1.000000000000000000e+00,-1.000000000000000000e+00,-1.000000000000000000e+00,-1.000000000000000000e+00,-1.000000000000000000e+00,-1.000000000000000000e+00,-1.000000000000000000e+00,-1.000000000000000000e+00,-1.000000000000000000e+00,-1.000000000000000000e+00,-1.000000000000000000e+00,-1.000000000000000000e+00,-1.000000000000000000e+00,-1.000000000000000000e+00,-1.000000000000000000e+00,-1.000000000000000000e+00,-1.000000000000000000e+00,-1.000000000000000000e+00,-1.000000000000000000e+00,-1.000000000000000000e+00,-1.000000000000000000e+00,-1.000000000000000000e+00,-1.000000000000000000e+00,-1.000000000000000000e+00,-1.000000000000000000e+00,-1.000000000000000000e+00,-1.000000000000000000e+00,-1.000000000000000000e+00,-1.000000000000000000e+00,-1.000000000000000000e+00,-1.000000000000000000e+00,-1.000000000000000000e+00,-4.806685106076447056e-01,-4.806923750870035761e-01,-4.807639082060681801e-01,-4.808828783094201142e-01,-4.810486873617678683e-01,-4.812599125748580065e-01,-4.815132563121151676e-01,-4.818012921558292305e-01,-4.821077573734182664e-01,-4.823980618681114052e-01,-4.826007685666082736e-01,-4.825726229381945842e-01,-4.820346426375765603e-01,-4.804591040962060688e-01,-4.768764283317592501e-01,-4.695573292689099176e-01,-4.555123466695611967e-01,-4.297487075504973220e-01,-3.842621143561846253e-01,-3.068890975448157477e-01,-1.805649856609035098e-01,1.544636706926283409e-02,2.986394306355979467e-01,6.635931356851720864e-01,1.042287695434190198e+00,1.268579866651815991e+00,1.268579867108151404e+00,1.042287696656596374e+00,6.635931373295260727e-01,2.986394323292884678e-01,1.544636841716862108e-02,-1.805649850729587058e-01,-3.068890980980318872e-01,-3.842621162681760794e-01,-4.297487106961268566e-01,-4.555123504724853944e-01,-4.695573327263256047e-01,-4.768764302136920818e-01,-4.804591033222118668e-01,-4.820346386270788486e-01,-4.825726156665837152e-01,-4.826007581804647728e-01,-4.823980483659555674e-01,-4.821077410853051859e-01,-4.818012746464992446e-01,-4.815132404546877964e-01,-4.812599015154583881e-01,-4.810486835864535848e-01,-4.808828821371253781e-01,-4.807639206941756171e-01,-4.806923932747357853e-01,-4.806685301441309122e-01,-1.000000000000000000e+00,-1.000000000000000000e+00,-1.000000000000000000e+00,-1.000000000000000000e+00,-1.000000000000000000e+00,-1.000000000000000000e+00,-1.000000000000000000e+00,-1.000000000000000000e+00,-1.000000000000000000e+00,-1.000000000000000000e+00,-1.000000000000000000e+00,-1.000000000000000000e+00,-1.000000000000000000e+00,-1.000000000000000000e+00,-1.000000000000000000e+00,-1.000000000000000000e+00,-1.000000000000000000e+00,-1.000000000000000000e+00,-1.000000000000000000e+00,-1.000000000000000000e+00,-1.000000000000000000e+00,-1.000000000000000000e+00,-1.000000000000000000e+00,-1.000000000000000000e+00,-1.000000000000000000e+00,-1.000000000000000000e+00,-1.000000000000000000e+00,-1.000000000000000000e+00,-1.000000000000000000e+00,-1.000000000000000000e+00,-1.000000000000000000e+00,-1.000000000000000000e+00,-1.000000000000000000e+00,-1.000000000000000000e+00,-1.000000000000000000e+00,-1.000000000000000000e+00,-1.000000000000000000e+00,-1.000000000000000000e+00,-1.000000000000000000e+00,-1.000000000000000000e+00,-1.000000000000000000e+00,-1.000000000000000000e+00,-1.000000000000000000e+00,-1.000000000000000000e+00,-1.000000000000000000e+00,-1.000000000000000000e+00
-1.000000000000000000e+00,-1.000000000000000000e+00,-1.000000000000000000e+00,-1.000000000000000000e+00,-1.000000000000000000e+00,-1.000000000000000000e+00,-1.000000000000000000e+00,-1.000000000000000000e+00,-1.000000000000000000e+00,-1.000000000000000000e+00,-1.000000000000000000e+00,-1.000000000000000000e+00,-1.000000000000000000e+00,-1.000000000000000000e+00,-1.000000000000000000e+00,-1.000000000000000000e+00,-1.000000000000000000e+00,-1.000000000000000000e+00,-1.000000000000000000e+00,-1.000000000000000000e+00,-1.000000000000000000e+00,-1.000000000000000000e+00,-1.000000000000000000e+00,-1.000000000000000000e+00,-1.000000000000000000e+00,-1.000000000000000000e+00,-1.000000000000000000e+00,-1.000000000000000000e+00,-1.000000000000000000e+00,-1.000000000000000000e+00,-1.000000000000000000e+00,-1.000000000000000000e+00,-1.000000000000000000e+00,-1.000000000000000000e+00,-1.000000000000000000e+00,-1.000000000000000000e+00,-1.000000000000000000e+00,-1.000000000000000000e+00,-1.000000000000000000e+00,-1.000000000000000000e+00,-1.000000000000000000e+00,-1.000000000000000000e+00,-1.000000000000000000e+00,-1.000000000000000000e+00,-1.000000000000000000e+00,-1.000000000000000000e+00,-4.804234715273025813e-01,-4.804473445278292232e-01,-4.805189033476491289e-01,-4.806379153896216394e-01,-4.808037815472676613e-01,-4.810150781982098778e-01,-4.812685070968951706e-01,-4.815566403413127361e-01,-4.818632141091940824e-01,-4.821536364258998120e-01,-4.823564667335675793e-01,-4.823284442149944340e-01,-4.817905741608639048e-01,-4.802151083286707589e-01,-4.766324193455098168e-01,-4.693131284953926396e-01,-4.552676040124774559e-01,-4.295027688299430935e-01,-3.840138147168872251e-01,-3.066364723583729912e-01,-1.803049355286674427e-01,1.571830542724406143e-02,2.989288151777538260e-01,6.639050638193424447e-01,1.042622896952232203e+00,1.268929047861929504e+00,1.268929049649250018e+00,1.042622901923023093e+00,6.639050710395979493e-01,2.989288236639495722e-01,1.571831421140501561e-02,-1.803049274357082510e-01,-3.066364659170561779e-01,-3.840138106895647496e-01,-4.295027675462472772e-01,-4.552676052119020156e-01,-4.693131313152392181e-01,-4.766324224883726757e-01,-4.802151104367995416e-01,-4.817905741626944405e-01,-4.823284413903703438e-01,-4.823564604587557980e-01,-4.821536261424812508e-01,-4.818631999886697770e-01,-4.815566240330966252e-01,-4.812684918171568071e-01,-4.810150677761573235e-01,-4.808037787194621160e-01,-4.806379214700680080e-01,-4.805189202015167638e-01,-4.804473681339107571e-01,-4.804234959475417455e-01,-1.000000000000000000e+00,-1.000000000000000000e+00,-1.000000000000000000e+00,-1.000000000000000000e+00,-1.000000000000000000e+00,-1.000000000000000000e+00,-1.000000000000000000e+00,-1.000000000000000000e+00,-1.000000000000000000e+00,-1.000000000000000000e+00,-1.000000000000000000e+00,-1.000000000000000000e+00,-1.000000000000000000e+00,-1.000000000000000000e+00,-1.000000000000000000e+00,-1.000000000000000000e+00,-1.000000000000000000e+00,-1.000000000000000000e+00,-1.000000000000000000e+00,-1.000000000000000000e+00,-1.000000000000000000e+00,-1.000000000000000000e+00,-1.000000000000000000e+00,-1.000000000000000000e+00,-1.000000000000000000e+00,-1.000000000000000000e+00,-1.000000000000000000e+00,-1.000000000000000000e+00,-1.000000000000000000e+00,-1.000000000000000000e+00,-1.000000000000000000e+00,-1.000000000000000000e+00,-1.000000000000000000e+00,-1.000000000000000000e+00,-1.000000000000000000e+00,-1.000000000000000000e+00,-1.000000000000000000e+00,-1.000000000000000000e+00,-1.000000000000000000e+00,-1.000000000000000000e+00,-1.000000000000000000e+00,-1.000000000000000000e+00,-1.000000000000000000e+00,-1.000000000000000000e+00,-1.000000000000000000e+00,-1.000000000000000000e+00
-1.000000000000000000e+00,-1.000000000000000000e+00,-1.000000000000000000e+00,-1.000000000000000000e+00,-1.000000000000000000e+00,-1.000000000000000000e+00,-1.000000000000000000e+00,-1.000000000000000000e+00,-1.000000000000000000e+00,-1.000000000000000000e+00,-1.000000000000000000e+00,-1.000000000000000000e+00,-1.000000000000000000e+00,-1.000000000000000000e+00,-1.000000000000000000e+00,-1.000000000000000000e+00,-1.000000000000000000e+00,-1.000000000000000000e+00,-1.000000000000000000e+00,-1.000000000000000000e+00,-1.000000000000000000e+00,-1.000000000000000000e+00,-1.000000000000000000e+00,-1.000000000000000000e+00,-1.000000000000000000e+00,-1.000000000000000000e+00,-1.000000000000000000e+00,-1.000000000000000000e+00,-1.000000000000000000e+00,-1.000000000000000000e+00,-1.000000000000000000e+00,-1.000000000000000000e+00,-1.000000000000000000e+00,-1.000000000000000000e+00,-1.000000000000000000e+00,-1.000000000000000000e+00,-1.000000000000000000e+00,-1.000000000000000000e+00,-1.000000000000000000e+00,-1.000000000000000000e+00,-1.000000000000000000e+00,-1.000000000000000000e+00,-1.000000000000000000e+00,-1.000000000000000000e+00,-1.000000000000000000e+00,-1.000000000000000000e+00,-4.802111020466384161e-01,-4.802349820611331310e-01,-4.803065622961053549e-01,-4.804256092466889783e-01,-4.805915234370603528e-01,-4.808028797056316250e-01,-4.810563798026858962e-01,-4.813445950214125801e-01,-4.816512604236802275e-01,-4.819417825116829590e-01,-4.821447178058599903e-01,-4.821167999019921879e-01,-4.815790232736922860e-01,-4.800036183363509679e-01,-4.764209159291530327e-01,-4.691014572980494179e-01,-4.550554623554683431e-01,-4.292895909020888467e-01,-3.837985925802698262e-01,-3.064175053567419482e-01,-1.800795397129597575e-01,1.595399639239136746e-02,2.991796174883791792e-01,6.641753963553291840e-01,1.042913394868962840e+00,1.269231658816540431e+00,1.269231661717193482e+00,1.042913402992994065e+00,6.641754083293491817e-01,2.991796319130992643e-01,1.595401191667455976e-02,-1.800795245141069145e-01,-3.064174919517981266e-01,-3.837985822666523106e-01,-4.292895844862023580e-01,-4.550554599183680438e-01,-4.691014581627719338e-01,-4.764209188463341960e-01,-4.800036218859826675e-01,-4.815790261906789382e-01,-4.821168010797887149e-01,-4.821447160916401131e-01,-4.819417768166074367e-01,-4.816512505119341370e-01,-4.813445823505739796e-01,-4.810563675832968400e-01,-4.808028718597290307e-01,-4.805915230082069556e-01,-4.804256189938174160e-01,-4.803065838931361853e-01,-4.802350106027875043e-01,-4.802111314439692080e-01,-1.000000000000000000e+00,-1.000000000000000000e+00,-1.000000000000000000e+00,-1.000000000000000000e+00,-1.000000000000000000e+00,-1.000000000000000000e+00,-1.000000000000000000e+00,-1.000000000000000000e+00,-1.000000000000000000e+00,-1.000000000000000000e+00,-1.000000000000000000e+00,-1.000000000000000000e+00,-1.000000000000000000e+00,-1.000000000000000000e+00,-1.000000000000000000e+00,-1.000000000000000000e+00,-1.000000000000000000e+00,-1.000000000000000000e+00,-1.000000000000000000e+00,-1.000000000000000000e+00,-1.000000000000000000e+00,-1.000000000000000000e+00,-1.000000000000000000e+00,-1.000000000000000000e+00,-1.000000000000000000e+00,-1.000000000000000000e+00,-1.000000000000000000e+00,-1.000000000000000000e+00,-1.000000000000000000e+00,-1.000000000000000000e+00,-1.000000000000000000e+00,-1.000000000000000000e+00,-1.000000000000000000e+00,-1.000000000000000000e+00,-1.000000000000000000e+00,-1.000000000000000000e+00,-1.000000000000000000e+00,-1.000000000000000000e+00,-1.000000000000000000e+00,-1.000000000000000000e+00,-1.000000000000000000e+00,-1.000000000000000000e+00,-1.000000000000000000e+00,-1.000000000000000000e+00,-1.000000000000000000e+00,-1.000000000000000000e+00
-1.000000000000000000e+00,-1.000000000000000000e+00,-1.000000000000000000e+00,-1.000000000000000000e+00,-1.000000000000000000e+00,-1.000000000000000000e+00,-1.000000000000000000e+00,-1.000000000000000000e+00,-1.000000000000000000e+00,-1.000000000000000000e+00,-1.000000000000000000e+00,-1.000000000000000000e+00,-1.000000000000000000e+00,-1.000000000000000000e+00,-1.000000000000000000e+00,-1.000000000000000000e+00,-1.000000000000000000e+00,-1.000000000000000000e+00,-1.000000000000000000e+00,-1.000000000000000000e+00,-1.000000000000000000e+00,-1.000000000000000000e+00,-1.000000000000000000e+00,-1.000000000000000000e+00,-1.000000000000000000e+00,-1.000000000000000000e+00,-1.000000000000000000e+00,-1.000000000000000000e+00,-1.000000000000000000e+00,-1.000000000000000000e+00,-1.000000000000000000e+00,-1.000000000000000000e+00,-1.000000000000000000e+00,-1.000000000000000000e+00,-1.000000000000000000e+00,-1.000000000000000000e+00,-1.000000000000000000e+00,-1.000000000000000000e+00,-1.000000000000000000e+00,-1.000000000000000000e+00,-1.000000000000000000e+00,-1.000000000000000000e+00,-1.000000000000000000e+00,-1.000000000000000000e+00,-1.000000000000000000e+00,-1.000000000000000000e+00,-4.800314035420756298e-01,-4.800552891994653848e-01,-4.801268866976746708e-01,-4.802459615533196668e-01,-4.804119147991716687e-01,-4.806233199177043502e-01,-4.808768783141328385e-01,-4.811651611594642830e-01,-4.814719027697407228e-01,-4.817625081030785239e-01,-4.819655309702248758e-01,-4.819377001656395265e-01,-4.814000010879651015e-01,-4.798246462240234322e-01,-4.762419311522743115e-01,-4.689223295059230523e-01,-4.548759358971041777e-01,-4.291091877872412752e-01,-3.836164610897441207e-01,-3.062322079596002666e-01,-1.798888069812889512e-01,1.615343465816998503e-02,2.993918360727212402e-01,6.644041351865643819e-01,1.043159193366151705e+00,1.269487705059308524e+00,1.269487709060578062e+00,1.043159204614080515e+00,6.644041518753329711e-01,2.993918563599837768e-01,1.615345678043667021e-02,-1.798887848668773159e-01,-3.062321877386180446e-01,-3.836164444439233989e-01,-4.291091758676577328e-01,-4.548759290817478984e-01,-4.689223273621871968e-01,-4.762419326328188873e-01,-4.798246500408716031e-01,-4.814000059771599282e-01,-4.819377048484918546e-01,-4.819655340370694319e-01,-4.817625082204424203e-01,-4.814718994195343882e-01,-4.811651553887541510e-01,-4.808768727271166554e-01,-4.806233180684778006e-01,-4.804119200413223822e-01,-4.802459775919389884e-01,-4.801269139755310889e-01,-4.800553224629018345e-01,-4.800314394772984272e-01,-1.000000000000000000e+00,-1.000000000000000000e+00,-1.000000000000000000e+00,-1.000000000000000000e+00,-1.000000000000000000e+00,-1.000000000000000000e+00,-1.000000000000000000e+00,-1.000000000000000000e+00,-1.000000000000000000e+00,-1.000000000000000000e+00,-1.000000000000000000e+00,-1.000000000000000000e+00,-1.000000000000000000e+00,-1.000000000000000000e+00,-1.000000000000000000e+00,-1.000000000000000000e+00,-1.000000000000000000e+00,-1.000000000000000000e+00,-1.000000000000000000e+00,-1.000000000000000000e+00,-1.000000000000000000e+00,-1.000000000000000000e+00,-1.000000000000000000e+00,-1.000000000000000000e+00,-1.000000000000000000e+00,-1.000000000000000000e+00,-1.000000000000000000e+00,-1.000000000000000000e+00,-1.000000000000000000e+00,-1.000000000000000000e+00,-1.000000000000000000e+00,-1.000000000000000000e+00,-1.000000000000000000e+00,-1.000000000000000000e+00,-1.000000000000000000e+00,-1.000000000000000000e+00,-1.000000000000000000e+00,-1.000000000000000000e+00,-1.000000000000000000e+00,-1.000000000000000000e+00,-1.000000000000000000e+00,-1.000000000000000000e+00,-1.000000000000000000e+00,-1.000000000000000000e+00,-1.000000000000000000e+00,-1.000000000000000000e+00
-1.000000000000000000e+00,-1.000000000000000000e+00,-1.000000000000000000e+00,-1.000000000000000000e+00,-1.000000000000000000e+00,-1.000000000000000000e+00,-1.000000000000000000e+00,-1.000000000000000000e+00,-1.000000000000000000e+00,-1.000000000000000000e+00,-1.000000000000000000e+00,-1.000000000000000000e+00,-1.000000000000000000e+00,-1.000000000000000000e+00,-1.000000000000000000e+00,-1.000000000000000000e+00,-1.000000000000000000e+00,-1.000000000000000000e+00,-1.000000000000000000e+00,-1.000000000000000000e+00,-1.000000000000000000e+00,-1.000000000000000000e+00,-1.000000000000000000e+00,-1.000000000000000000e+00,-1.000000000000000000e+00,-1.000000000000000000e+00,-1.000000000000000000e+00,-1.000000000000000000e+00,-1.000000000000000000e+00,-1.000000000000000000e+00,-1.000000000000000000e+00,-1.000000000000000000e+00,-1.000000000000000000e+00,-1.000000000000000000e+00,-1.000000000000000000e+00,-1.000000000000000000e+00,-1.000000000000000000e+00,-1.000000000000000000e+00,-1.000000000000000000e+00,-1.000000000000000000e+00,-1.000000000000000000e+00,-1.000000000000000000e+00,-1.000000000000000000e+00,-1.000000000000000000e+00,-1.000000000000000000e+00,-1.000000000000000000e+00,-4.798843766538132272e-01,-4.799082667422238657e-01,-4.799798777386570237e-01,-4.800989741319128257e-01,-4.802649575385888880e-01,-4.804764013818054735e-01,-4.807300067037001412e-01,-4.810183442336892767e-01,-4.813251475372846144e-01,-4.816158203437046481e-01,-4.818189142748030562e-01,-4.817911541046013824e-01,-4.812535176930028413e-01,-4.796782028426997968e-01,-4.760954763540992118e-01,-4.687757566732315695e-01,-4.547290360890565708e-01,-4.289615704006628505e-01,-3.834674300286771143e-01,-3.060805880939119206e-01,-1.797327426769914638e-01,1.631661798747163772e-02,2.995654718504416891e-01,6.645912837503589188e-01,1.043360297206620046e+00,1.269697191697215288e+00,1.269697196091817304e+00,1.043360309601283120e+00,6.645913022667642167e-01,2.995654945771937250e-01,1.631664309841607263e-02,-1.797327170829099430e-01,-3.060805639474049045e-01,-3.834674090581966510e-01,-4.289615538924858029e-01,-4.547290247222379733e-01,-4.687757504720178048e-01,-4.760954748307808515e-01,-4.796782052601322732e-01,-4.812535232020511700e-01,-4.817911616254679785e-01,-4.818189223764379747e-01,-4.816158274454140908e-01,-4.813251526325013074e-01,-4.810183477062288659e-01,-4.807300103928806578e-01,-4.804764084274859570e-01,-4.802649709551651824e-01,-4.800989974800957683e-01,-4.799799102860786704e-01,-4.799083024389183549e-01,-4.798844157788417775e-01,-1.000000000000000000e+00,-1.000000000000000000e+00,-1.000000000000000000e+00,-1.000000000000000000e+00,-1.000000000000000000e+00,-1.000000000000000000e+00,-1.000000000000000000e+00,-1.000000000000000000e+00,-1.000000000000000000e+00,-1.000000000000000000e+00,-1.000000000000000000e+00,-1.000000000000000000e+00,-1.000000000000000000e+00,-1.000000000000000000e+00,-1.000000000000000000e+00,-1.000000000000000000e+00,-1.000000000000000000e+00,-1.000000000000000000e+00,-1.000000000000000000e+00,-1.000000000000000000e+00,-1.000000000000000000e+00,-1.000000000000000000e+00,-1.000000000000000000e+00,-1.000000000000000000e+00,-1.000000000000000000e+00,-1.000000000000000000e+00,-1.000000000000000000e+00,-1.000000000000000000e+00,-1.000000000000000000e+00,-1.000000000000000000e+00,-1.000000000000000000e+00,-1.000000000000000000e+00,-1.000000000000000000e+00,-1.000000000000000000e+00,-1.000000000000000000e+00,-1.000000000000000000e+00,-1.000000000000000000e+00,-1.000000000000000000e+00,-1.000000000000000000e+00,-1.000000000000000000e+00,-1.000000000000000000e+00,-1.000000000000000000e+00,-1.000000000000000000e+00,-1.000000000000000000e+00,-1.000000000000000000e+00,-1.000000000000000000e+00
-1.000000000000000000e+00,-1.000000000000000000e+00,-1.000000000000000000e+00,-1.000000000000000000e+00,-1.000000000000000000e+00,-1.000000000000000000e+00,-1.000000000000000000e+00,-1.000000000000000000e+00,-1.000000000000000000e+00,-1.000000000000000000e+00,-1.000000000000000000e+00,-1.000000000000000000e+00,-1.000000000000000000e+00,-1.000000000000000000e+00,-1.000000000000000000e+00,-1.000000000000000000e+00,-1.000000000000000000e+00,-1.000000000000000000e+00,-1.000000000000000000e+00,-1.000000000000000000e+00,-1.000000000000000000e+00,-1.000000000000000000e+00,-1.000000000000000000e+00,-1.000000000000000000e+00,-1.000000000000000000e+00,-1.000000000000000000e+00,-1.000000000000000000e+00,-1.000000000000000000e+00,-1.000000000000000000e+00,-1.000000000000000000e+00,-1.000000000000000000e+00,-1.000000000000000000e+00,-1.000000000000000000e+00,-1.000000000000000000e+00,-1.000000000000000000e+00,-1.000000000000000000e+00,-1.000000000000000000e+00,-1.000000000000000000e+00,-1.000000000000000000e+00,-1.000000000000000000e+00,-1.000000000000000000e+00,-1.000000000000000000e+00,-1.000000000000000000e+00,-1.000000000000000000e+00,-1.000000000000000000e+00,-1.000000000000000000e+00,-4.797700214381785955e-01,-4.797939147120748871e-01,-4.798655354244205640e-01,-4.799846477868809913e-01,-4.801506536116848523e-01,-4.803621265403394958e-01,-4.806157677909803638e-01,-4.809041478666298275e-01,-4.812109994589715001e-01,-4.815017250307640495e-01,-4.817048743762866181e-01,-4.816771690814203311e-01,-4.811395810707077558e-01,-4.795642967053321826e-01,-4.759815604658657051e-01,-4.686617480165820027e-01,-4.546147722680586867e-01,-4.288467479526127946e-01,-3.833515080901772620e-01,-3.059626533838502027e-01,-1.796113527100953178e-01,1.644354276204484933e-02,2.997005237651597653e-01,6.647368432846212372e-01,1.043516709165144718e+00,1.269860122390829460e+00,1.269860126514300802e+00,1.043516720821545896e+00,6.647368608079347041e-01,2.997005454879095865e-01,1.644356714129102670e-02,-1.796113272661479243e-01,-3.059626284997261081e-01,-3.833514852551482832e-01,-4.288467283852614997e-01,-4.546147568271647899e-01,-4.686617371611117022e-01,-4.759815543690937290e-01,-4.795642954027430349e-01,-4.811395844126025167e-01,-4.816771764882190610e-01,-4.817048847125251498e-01,-4.815017368449270307e-01,-4.812110116963577156e-01,-4.809041605501471750e-01,-4.806157817046097236e-01,-4.803621435637968062e-01,-4.801506753200301958e-01,-4.799846766107682683e-01,-4.798655708142289811e-01,-4.797939519348961568e-01,-4.797700595126137557e-01,-1.000000000000000000e+00,-1.000000000000000000e+00,-1.000000000000000000e+00,-1.000000000000000000e+00,-1.000000000000000000e+00,-1.000000000000000000e+00,-1.000000000000000000e+00,-1.000000000000000000e+00,-1.000000000000000000e+00,-1.000000000000000000e+00,-1.000000000000000000e+00,-1.000000000000000000e+00,-1.000000000000000000e+00,-1.000000000000000000e+00,-1.000000000000000000e+00,-1.000000000000000000e+00,-1.000000000000000000e+00,-1.000000000000000000e+00,-1.000000000000000000e+00,-1.000000000000000000e+00,-1.000000000000000000e+00,-1.000000000000000000e+00,-1.000000000000000000e+00,-1.000000000000000000e+00,-1.000000000000000000e+00,-1.000000000000000000e+00,-1.000000000000000000e+00,-1.000000000000000000e+00,-1.000000000000000000e+00,-1.000000000000000000e+00,-1.000000000000000000e+00,-1.000000000000000000e+00,-1.000000000000000000e+00,-1.000000000000000000e+00,-1.000000000000000000e+00,-1.000000000000000000e+00,-1.000000000000000000e+00,-1.000000000000000000e+00,-1.000000000000000000e+00,-1.000000000000000000e+00,-1.000000000000000000e+00,-1.000000000000000000e+00,-1.000000000000000000e+00,-1.000000000000000000e+00,-1.000000000000000000e+00,-1.000000000000000000e+00
-1.000000000000000000e+00,-1.000000000000000000e+00,-1.000000000000000000e+00,-1.000000000000000000e+00,-1.000000000000000000e+00,-1.000000000000000000e+00,-1.000000000000000000e+00,-1.000000000000000000e+00,-1.000000000000000000e+00,-1.000000000000000000e+00,-1.000000000000000000e+00,-1.000000000000000000e+00,-1.000000000000000000e+00,-1.000000000000000000e+00,-1.000000000000000000e+00,-1.000000000000000000e+00,-1.000000000000000000e+00,-1.000000000000000000e+00,-1.000000000000000000e+00,-1.000000000000000000e+00,-1.000000000000000000e+00,-1.000000000000000000e+00,-1.000000000000000000e+00,-1.000000000000000000e+00,-1.000000000000000000e+00,-1.000000000000000000e+00,-1.000000000000000000e+00,-1.000000000000000000e+00,-1.000000000000000000e+00,-1.000000000000000000e+00,-1.000000000000000000e+00,-1.000000000000000000e+00,-1.000000000000000000e+00,-1.000000000000000000e+00,-1.000000000000000000e+00,-1.000000000000000000e+00,-1.000000000000000000e+00,-1.000000000000000000e+00,-1.000000000000000000e+00,-1.000000000000000000e+00,-1.000000000000000000e+00,-1.000000000000000000e+00,-1.000000000000000000e+00,-1.000000000000000000e+00,-1.000000000000000000e+00,-1.000000000000000000e+00,-4.796883380693124366e-01,-4.797122334062233762e-01,-4.797838600835389045e-01,-4.799029828773804240e-01,-4.800690044784055033e-01,-4.802804985682156413e-01,-4.805341657836699198e-01,-4.808225763012865528e-01,-4.811294623410811155e-01,-4.814202255117780993e-01,-4.816234142863358159e-01,-4.815957479687931198e-01,-4.810581942339000605e-01,-4.794829312663688725e-01,-4.759001876225630312e-01,-4.685803084583071154e-01,-4.545331500767471056e-01,-4.287647265830827337e-01,-3.832687015873741387e-01,-3.058784099298827996e-01,-1.795246425601746409e-01,1.653420446665698762e-02,2.997969884046884914e-01,6.648408113026871291e-01,1.043628427300662409e+00,1.269976495685943618e+00,1.269976499257865044e+00,1.043628437431373790e+00,6.648408267211491918e-01,2.997970079852629866e-01,1.653422729236186939e-02,-1.795246174552609375e-01,-3.058783836613514495e-01,-3.832686753815419678e-01,-4.287647017136384520e-01,-4.545331277767958866e-01,-4.685802898301014707e-01,-4.759001736762247248e-01,-4.794829229682502358e-01,-4.810581923269525717e-01,-4.815957525520380145e-01,-4.816234245217643206e-01,-4.814202398271447692e-01,-4.811294791739300081e-01,-4.808225951320093117e-01,-4.805341870442729757e-01,-4.802805242114276396e-01,-4.800690357835470934e-01,-4.799030197440048440e-01,-4.797838993533920515e-01,-4.797122766205994537e-01,-4.796883835392913298e-01,-1.000000000000000000e+00,-1.000000000000000000e+00,-1.000000000000000000e+00,-1.000000000000000000e+00,-1.000000000000000000e+00,-1.000000000000000000e+00,-1.000000000000000000e+00,-1.000000000000000000e+00,-1.000000000000000000e+00,-1.000000000000000000e+00,-1.000000000000000000e+00,-1.000000000000000000e+00,-1.000000000000000000e+00,-1.000000000000000000e+00,-1.000000000000000000e+00,-1.000000000000000000e+00,-1.000000000000000000e+00,-1.000000000000000000e+00,-1.000000000000000000e+00,-1.000000000000000000e+00,-1.000000000000000000e+00,-1.000000000000000000e+00,-1.000000000000000000e+00,-1.000000000000000000e+00,-1.000000000000000000e+00,-1.000000000000000000e+00,-1.000000000000000000e+00,-1.000000000000000000e+00,-1.000000000000000000e+00,-1.000000000000000000e+00,-1.000000000000000000e+00,-1.000000000000000000e+00,-1.000000000000000000e+00,-1.000000000000000000e+00,-1.000000000000000000e+00,-1.000000000000000000e+00,-1.000000000000000000e+00,-1.000000000000000000e+00,-1.000000000000000000e+00,-1.000000000000000000e+00,-1.000000000000000000e+00,-1.000000000000000000e+00,-1.000000000000000000e+00,-1.000000000000000000e+00,-1.000000000000000000e+00,-1.000000000000000000e+00
-1.000000000000000000e+00,-1.000000000000000000e+00,-1.000000000000000000e+00,-1.000000000000000000e+00,-1.000000000000000000e+00,-1.000000000000000000e+00,-1.000000000000000000e+00,-1.000000000000000000e+00,-1.000000000000000000e+00,-1.000000000000000000e+00,-1.000000000000000000e+00,-1.000000000000000000e+00,-1.000000000000000000e+00,-1.000000000000000000e+00,-1.000000000000000000e+00,-1.000000000000000000e+00,-1.000000000000000000e+00,-1.000000000000000000e+00,-1.000000000000000000e+00,-1.000000000000000000e+00,-1.000000000000000000e+00,-1.000000000000000000e+00,-1.000000000000000000e+00,-1.000000000000000000e+00,-1.000000000000000000e+00,-1.000000000000000000e+00,-1.000000000000000000e+00,-1.000000000000000000e+00,-1.000000000000000000e+00,-1.000000000000000000e+00,-1.000000000000000000e+00,-1.000000000000000000e+00,-1.000000000000000000e+00,-1.000000000000000000e+00,-1.000000000000000000e+00,-1.000000000000000000e+00,-1.000000000000000000e+00,-1.000000000000000000e+00,-1.000000000000000000e+00,-1.000000000000000000e+00,-1.000000000000000000e+00,-1.000000000000000000e+00,-1.000000000000000000e+00,-1.000000000000000000e+00,-1.000000000000000000e+00,-1.000000000000000000e+00,-4.796393268710463786e-01,-4.796632233102418041e-01,-4.797348532736211979e-01,-4.798539819114369109e-01,-4.800200125139131302e-01,-4.802315192364972063e-01,-4.804852023002039729e-01,-4.807736314600790095e-01,-4.810805386236101100e-01,-4.813713248727760075e-01,-4.815745378187372694e-01,-4.815468953257040496e-01,-4.810093624614850683e-01,-4.794341124707575119e-01,-4.758513643492960909e-01,-4.685314449717621343e-01,-4.544841767364449225e-01,-4.287155134537137258e-01,-3.832190171595533101e-01,-3.058278632180408962e-01,-1.794726158274198013e-01,1.658860206589984898e-02,2.998548677167942600e-01,6.649031927170874212e-01,1.043695459053751051e+00,1.270046320985130706e+00,1.270046324850136799e+00,1.043695470085691746e+00,6.649032097071723157e-01,2.998548896483850257e-01,1.658862811064576448e-02,-1.794725865638886475e-01,-3.058278317794496104e-01,-3.832189847390790050e-01,-4.287154814031479688e-01,-4.544841465506257450e-01,-4.685314182579531916e-01,-4.758513428211985641e-01,-4.794340977999462794e-01,-4.810093559406167785e-01,-4.815468974966936599e-01,-4.815745483293767393e-01,-4.813713428325039345e-01,-4.810805628672181200e-01,-4.807736610893780238e-01,-4.804852366733340929e-01,-4.802315583678202771e-01,-4.800200560733607347e-01,-4.798540302171430127e-01,-4.797349002830966214e-01,-4.796632717994766537e-01,-4.796393763561583867e-01,-1.000000000000000000e+00,-1.000000000000000000e+00,-1.000000000000000000e+00,-1.000000000000000000e+00,-1.000000000000000000e+00,-1.000000000000000000e+00,-1.000000000000000000e+00,-1.000000000000000000e+00,-1.000000000000000000e+00,-1.000000000000000000e+00,-1.000000000000000000e+00,-1.000000000000000000e+00,-1.000000000000000000e+00,-1.000000000000000000e+00,-1.000000000000000000e+00,-1.000000000000000000e+00,-1.000000000000000000e+00,-1.000000000000000000e+00,-1.000000000000000000e+00,-1.000000000000000000e+00,-1.000000000000000000e+00,-1.000000000000000000e+00,-1.000000000000000000e+00,-1.000000000000000000e+00,-1.000000000000000000e+00,-1.000000000000000000e+00,-1.000000000000000000e+00,-1.000000000000000000e+00,-1.000000000000000000e+00,-1.000000000000000000e+00,-1.000000000000000000e+00,-1.000000000000000000e+00,-1.000000000000000000e+00,-1.000000000000000000e+00,-1.000000000000000000e+00,-1.000000000000000000e+00,-1.000000000000000000e+00,-1.000000000000000000e+00,-1.000000000000000000e+00,-1.000000000000000000e+00,-1.000000000000000000e+00,-1.000000000000000000e+00,-1.000000000000000000e+00,-1.000000000000000000e+00,-1.000000000000000000e+00,-1.000000000000000000e+00
-1.000000000000000000e+00,-1.000000000000000000e+00,-1.000000000000000000e+00,-1.000000000000000000e+00,-1.000000000000000000e+00,-1.000000000000000000e+00,-1.000000000000000000e+00,-1.000000000000000000e+00,-1.000000000000000000e+00,-1.000000000000000000e+00,-1.000000000000000000e+00,-1.000000000000000000e+00,-1.000000000000000000e+00,-1.000000000000000000e+00,-1.000000000000000000e+00,-1.000000000000000000e+00,-1.000000000000000000e+00,-1.000000000000000000e+00,-1.000000000000000000e+00,-1.000000000000000000e+00,-1.000000000000000000e+00,-1.000000000000000000e+00,-1.000000000000000000e+00,-1.000000000000000000e+00,-1.000000000000000000e+00,-1.000000000000000000e+00,-1.000000000000000000e+00,-1.000000000000000000e+00,-1.000000000000000000e+00,-1.000000000000000000e+00,-1.000000000000000000e+00,-1.000000000000000000e+00,-1.000000000000000000e+00,-1.000000000000000000e+00,-1.000000000000000000e+00,-1.000000000000000000e+00,-1.000000000000000000e+00,-1.000000000000000000e+00,-1.000000000000000000e+00,-1.000000000000000000e+00,-1.000000000000000000e+00,-1.000000000000000000e+00,-1.000000000000000000e+00,-1.000000000000000000e+00,-1.000000000000000000e+00,-1.000000000000000000e+00,-4.796229891759704600e-01,-4.796468854416655603e-01,-4.797185157911592057e-01,-4.798376462040687684e-01,-4.800036799561171463e-01,-4.802151912443273218e-01,-4.804688800480185762e-01,-4.807573158325206819e-01,-4.810642303494558902e-01,-4.813550244898863184e-01,-4.815582455511266957e-01,-4.815306109098704823e-01,-4.809930847895271810e-01,-4.794178388454035655e-01,-4.758350889482372281e-01,-4.685151559286424572e-01,-4.544678509375597031e-01,-4.286991077509032522e-01,-3.832024545985115438e-01,-3.058110137053287048e-01,-1.794552736608263643e-01,1.660673371129206544e-02,2.998741591503542026e-01,6.649239842678023038e-01,1.043717800422228059e+00,1.270069593431721877e+00,1.270069597372844861e+00,1.043717811634328640e+00,6.649240014022588241e-01,2.998741810909306693e-01,1.660675963551128120e-02,-1.794552445529848939e-01,-3.058109823106915925e-01,-3.832024219687442113e-01,-4.286990751571275737e-01,-4.544678198816596293e-01,-4.685151281611235063e-01,-4.758350665644908162e-01,-4.794178241420246067e-01,-4.809930796917356588e-01,-4.815306161985200006e-01,-4.815582603194989986e-01,-4.813550467430980362e-01,-4.810642579179242873e-01,-4.807573477078586066e-01,-4.804689172730665092e-01,-4.802152356144935297e-01,-4.800037293016918838e-01,-4.798376992448929457e-01,-4.797185652561619662e-01,-4.796469358262269722e-01,-4.796230398652863158e-01,-1.000000000000000000e+00,-1.000000000000000000e+00,-1.000000000000000000e+00,-1.000000000000000000e+00,-1.000000000000000000e+00,-1.000000000000000000e+00,-1.000000000000000000e+00,-1.000000000000000000e+00,-1.000000000000000000e+00,-1.000000000000000000e+00,-1.000000000000000000e+00,-1.000000000000000000e+00,-1.000000000000000000e+00,-1.000000000000000000e+00,-1.000000000000000000e+00,-1.000000000000000000e+00,-1.000000000000000000e+00,-1.000000000000000000e+00,-1.000000000000000000e+00,-1.000000000000000000e+00,-1.000000000000000000e+00,-1.000000000000000000e+00,-1.000000000000000000e+00,-1.000000000000000000e+00,-1.000000000000000000e+00,-1.000000000000000000e+00,-1.000000000000000000e+00,-1.000000000000000000e+00,-1.000000000000000000e+00,-1.000000000000000000e+00,-1.000000000000000000e+00,-1.000000000000000000e+00,-1.000000000000000000e+00,-1.000000000000000000e+00,-1.000000000000000000e+00,-1.000000000000000000e+00,-1.000000000000000000e+00,-1.000000000000000000e+00,-1.000000000000000000e+00,-1.000000000000000000e+00,-1.000000000000000000e+00,-1.000000000000000000e+00,-1.000000000000000000e+00,-1.000000000000000000e+00,-1.000000000000000000e+00,-1.000000000000000000e+00
