-1.000000000000000000e+00,-1.000000000000000000e+00,-1.000000000000000000e+00,-1.000000000000000000e+00,-1.000000000000000000e+00,-1.000000000000000000e+00,-1.000000000000000000e+00,-1.000000000000000000e+00,-1.000000000000000000e+00,-1.000000000000000000e+00,-1.000000000000000000e+00,-1.000000000000000000e+00,-1.000000000000000000e+00,-1.000000000000000000e+00,-1.000000000000000000e+00,-1.000000000000000000e+00,-1.000000000000000000e+00,-1.000000000000000000e+00,-1.000000000000000000e+00,-1.000000000000000000e+00,-1.000000000000000000e+00,-1.000000000000000000e+00,-1.000000000000000000e+00,-1.000000000000000000e+00,-1.000000000000000000e+00,-1.000000000000000000e+00,-1.000000000000000000e+00,-1.000000000000000000e+00,-1.000000000000000000e+00,-1.000000000000000000e+00,-1.000000000000000000e+00,-1.000000000000000000e+00,-1.000000000000000000e+00,-1.000000000000000000e+00,-1.000000000000000000e+00,-1.000000000000000000e+00,-1.000000000000000000e+00,-1.000000000000000000e+00,-1.000000000000000000e+00,-1.000000000000000000e+00,-1.000000000000000000e+00,-1.000000000000000000e+00,-1.108025868556236526e+00,-1.108059777922036471e+00,-1.108160997414974647e+00,-1.108327868261242077e+00,-1.108557166977896191e+00,-1.108843361980000219e+00,-1.109177465313824440e+00,-1.109545376018309826e+00,-1.109925595003255383e+00,-1.110286190419164543e+00,-1.110580923148261512e+00,-1.110744525212884026e+00,-1.110687289501140596e+00,-1.110289420032986252e+00,-1.109396061591265470e+00,-1.107814640705367504e+00,-1.105317171814327537e+00,-1.101651551701601228e+00,-1.096567530059992857e+00,-1.089864715913674731e+00,-1.081470820241331898e+00,-1.071556296053818746e+00,-1.060681996709362140e+00,-1.049949465672707305e+00,-1.041058132803920788e+00,-1.036027288957258374e+00,-1.036027288941623326e+00,-1.041058132778697853e+00,-1.049949465688314154e+00,-1.060681996819709427e+00,-1.071556296287040411e+00,-1.081470820574979896e+00,-1.089864716273695633e+00,-1.096567530351675757e+00,-1.101651551858089606e+00,-1.105317171831443623e+00,-1.107814640666012984e+00,-1.109396061643780351e+00,-1.110289420305318187e+00,-1.110687290052928322e+00,-1.110744525985896791e+00,-1.110580923907689588e+00,-1.110286190898738923e+00,-1.109925594964689344e+00,-1.109545375278417678e+00,-1.109177464114046607e+00,-1.108843360750504381e+00,-1.108557166388243198e+00,-1.108327869570283841e+00,-1.108161001277955693e+00,-1.108059785046753953e+00,-1.108025879291012927e+00,-1.000000000000000000e+00,-1.000000000000000000e+00,-1.000000000000000000e+00,-1.000000000000000000e+00,-1.000000000000000000e+00,-1.000000000000000000e+00,-1.000000000000000000e+00,-1.000000000000000000e+00,-1.000000000000000000e+00,-1.000000000000000000e+00,-1.000000000000000000e+00,-1.000000000000000000e+00,-1.000000000000000000e+00,-1.000000000000000000e+00,-1.000000000000000000e+00,-1.000000000000000000e+00,-1.000000000000000000e+00,-1.000000000000000000e+00,-1.000000000000000000e+00,-1.000000000000000000e+00,-1.000000000000000000e+00,-1.000000000000000000e+00,-1.000000000000000000e+00,-1.000000000000000000e+00,-1.000000000000000000e+00,-1.000000000000000000e+00,-1.000000000000000000e+00,-1.000000000000000000e+00,-1.000000000000000000e+00,-1.000000000000000000e+00,-1.000000000000000000e+00,-1.000000000000000000e+00,-1.000000000000000000e+00,-1.000000000000000000e+00,-1.000000000000000000e+00,-1.000000000000000000e+00,-1.000000000000000000e+00,-1.000000000000000000e+00,-1.000000000000000000e+00,-1.000000000000000000e+00,-1.000000000000000000e+00,-1.000000000000000000e+00
-1.000000000000000000e+00,-1.000000000000000000e+00,-1.000000000000000000e+00,-1.000000000000000000e+00,-1.000000000000000000e+00,-1.000000000000000000e+00,-1.000000000000000000e+00,-1.000000000000000000e+00,-1.000000000000000000e+00,-1.000000000000000000e+00,-1.000000000000000000e+00,-1.000000000000000000e+00,-1.000000000000000000e+00,-1.000000000000000000e+00,-1.000000000000000000e+00,-1.000000000000000000e+00,-1.000000000000000000e+00,-1.000000000000000000e+00,-1.000000000000000000e+00,-1.000000000000000000e+00,-1.000000000000000000e+00,-1.000000000000000000e+00,-1.000000000000000000e+00,-1.000000000000000000e+00,-1.000000000000000000e+00,-1.000000000000000000e+00,-1.000000000000000000e+00,-1.000000000000000000e+00,-1.000000000000000000e+00,-1.000000000000000000e+00,-1.000000000000000000e+00,-1.000000000000000000e+00,-1.000000000000000000e+00,-1.000000000000000000e+00,-1.000000000000000000e+00,-1.000000000000000000e+00,-1.000000000000000000e+00,-1.000000000000000000e+00,-1.000000000000000000e+00,-1.000000000000000000e+00,-1.000000000000000000e+00,-1.000000000000000000e+00,-1.108025521613584807e+00,-1.108059435405763793e+00,-1.108160668154633433e+00,-1.108327560946810841e+00,-1.108556890076886514e+00,-1.108843123570782296e+00,-1.109177272840532691e+00,-1.109545235937914320e+00,-1.109925512247930124e+00,-1.110286167643957711e+00,-1.110580959668174605e+00,-1.110744615552491599e+00,-1.110687421477417391e+00,-1.110289572297667338e+00,-1.109396200630594409e+00,-1.107814717398790672e+00,-1.105317117861759346e+00,-1.101651276576085747e+00,-1.096566919665972417e+00,-1.089863634878183385e+00,-1.081469120699320996e+00,-1.071553836691673922e+00,-1.060678676025896161e+00,-1.049945271159697269e+00,-1.041053198977197836e+00,-1.036021932881268537e+00,-1.036021932869353623e+00,-1.041053198955353309e+00,-1.049945271162585625e+00,-1.060678676098838258e+00,-1.071553836872918719e+00,-1.081469120995355526e+00,-1.089863635244534557e+00,-1.096566920013910540e+00,-1.101651276811989044e+00,-1.105317117926301940e+00,-1.107814717316836006e+00,-1.109396200534300547e+00,-1.110289572351152998e+00,-1.110687421821437981e+00,-1.110744616247218763e+00,-1.110580960550850316e+00,-1.110286168444350574e+00,-1.109925512669475145e+00,-1.109545235584632472e+00,-1.109177271725273028e+00,-1.108843121949395494e+00,-1.108556888352020486e+00,-1.108327560476649598e+00,-1.108160669867116255e+00,-1.108059440287629815e+00,-1.108025530770856637e+00,-1.000000000000000000e+00,-1.000000000000000000e+00,-1.000000000000000000e+00,-1.000000000000000000e+00,-1.000000000000000000e+00,-1.000000000000000000e+00,-1.000000000000000000e+00,-1.000000000000000000e+00,-1.000000000000000000e+00,-1.000000000000000000e+00,-1.000000000000000000e+00,-1.000000000000000000e+00,-1.000000000000000000e+00,-1.000000000000000000e+00,-1.000000000000000000e+00,-1.000000000000000000e+00,-1.000000000000000000e+00,-1.000000000000000000e+00,-1.000000000000000000e+00,-1.000000000000000000e+00,-1.000000000000000000e+00,-1.000000000000000000e+00,-1.000000000000000000e+00,-1.000000000000000000e+00,-1.000000000000000000e+00,-1.000000000000000000e+00,-1.000000000000000000e+00,-1.000000000000000000e+00,-1.000000000000000000e+00,-1.000000000000000000e+00,-1.000000000000000000e+00,-1.000000000000000000e+00,-1.000000000000000000e+00,-1.000000000000000000e+00,-1.000000000000000000e+00,-1.000000000000000000e+00,-1.000000000000000000e+00,-1.000000000000000000e+00,-1.000000000000000000e+00,-1.000000000000000000e+00,-1.000000000000000000e+00,-1.000000000000000000e+00
-1.000000000000000000e+00,-1.000000000000000000e+00,-1.000000000000000000e+00,-1.000000000000000000e+00,-1.000000000000000000e+00,-1.000000000000000000e+00,-1.000000000000000000e+00,-1.000000000000000000e+00,-1.000000000000000000e+00,-1.000000000000000000e+00,-1.000000000000000000e+00,-1.000000000000000000e+00,-1.000000000000000000e+00,-1.000000000000000000e+00,-1.000000000000000000e+00,-1.000000000000000000e+00,-1.000000000000000000e+00,-1.000000000000000000e+00,-1.000000000000000000e+00,-1.000000000000000000e+00,-1.000000000000000000e+00,-1.000000000000000000e+00,-1.000000000000000000e+00,-1.000000000000000000e+00,-1.000000000000000000e+00,-1.000000000000000000e+00,-1.000000000000000000e+00,-1.000000000000000000e+00,-1.000000000000000000e+00,-1.000000000000000000e+00,-1.000000000000000000e+00,-1.000000000000000000e+00,-1.000000000000000000e+00,-1.000000000000000000e+00,-1.000000000000000000e+00,-1.000000000000000000e+00,-1.000000000000000000e+00,-1.000000000000000000e+00,-1.000000000000000000e+00,-1.000000000000000000e+00,-1.000000000000000000e+00,-1.000000000000000000e+00,-1.108024394566531790e+00,-1.108058321653610179e+00,-1.108159594208448784e+00,-1.108326552946690802e+00,-1.108555973477981516e+00,-1.108842322649917111e+00,-1.109176609967670091e+00,-1.109544730505861665e+00,-1.109925179073853796e+00,-1.110286014697589696e+00,-1.110580984880460198e+00,-1.110744802454688873e+00,-1.110687733431715785e+00,-1.110289945112899579e+00,-1.109396533543376639e+00,-1.107814862733613737e+00,-1.105316870301117360e+00,-1.101650364008609939e+00,-1.096564999160364984e+00,-1.089860299573265801e+00,-1.081463926208946491e+00,-1.071546358339680927e+00,-1.060668608810926727e+00,-1.049932577561840219e+00,-1.041038283349439819e+00,-1.036005748186948683e+00,-1.036005748203428611e+00,-1.041038283391218844e+00,-1.049932577615188656e+00,-1.060668608878949870e+00,-1.071546358454980030e+00,-1.081463926423583466e+00,-1.089860299917862596e+00,-1.096564999601421730e+00,-1.101650364450216468e+00,-1.105316870606702251e+00,-1.107814862794201938e+00,-1.109396533381642014e+00,-1.110289944868346090e+00,-1.110687733324049242e+00,-1.110744802756924665e+00,-1.110580985661941522e+00,-1.110286015820383554e+00,-1.109925180299738301e+00,-1.109544731204947343e+00,-1.109176609721922668e+00,-1.108842321350307358e+00,-1.108555970878827068e+00,-1.108326550140693145e+00,-1.108159592412465644e+00,-1.108058322261656681e+00,-1.108024399857347131e+00,-1.000000000000000000e+00,-1.000000000000000000e+00,-1.000000000000000000e+00,-1.000000000000000000e+00,-1.000000000000000000e+00,-1.000000000000000000e+00,-1.000000000000000000e+00,-1.000000000000000000e+00,-1.000000000000000000e+00,-1.000000000000000000e+00,-1.000000000000000000e+00,-1.000000000000000000e+00,-1.000000000000000000e+00,-1.000000000000000000e+00,-1.000000000000000000e+00,-1.000000000000000000e+00,-1.000000000000000000e+00,-1.000000000000000000e+00,-1.000000000000000000e+00,-1.000000000000000000e+00,-1.000000000000000000e+00,-1.000000000000000000e+00,-1.000000000000000000e+00,-1.000000000000000000e+00,-1.000000000000000000e+00,-1.000000000000000000e+00,-1.000000000000000000e+00,-1.000000000000000000e+00,-1.000000000000000000e+00,-1.000000000000000000e+00,-1.000000000000000000e+00,-1.000000000000000000e+00,-1.000000000000000000e+00,-1.000000000000000000e+00,-1.000000000000000000e+00,-1.000000000000000000e+00,-1.000000000000000000e+00,-1.000000000000000000e+00,-1.000000000000000000e+00,-1.000000000000000000e+00,-1.000000000000000000e+00,-1.000000000000000000e+00
-1.000000000000000000e+00,-1.000000000000000000e+00,-1.000000000000000000e+00,-1.000000000000000000e+00,-1.000000000000000000e+00,-1.000000000000000000e+00,-1.000000000000000000e+00,-1.000000000000000000e+00,-1.000000000000000000e+00,-1.000000000000000000e+00,-1.000000000000000000e+00,-1.000000000000000000e+00,-1.000000000000000000e+00,-1.000000000000000000e+00,-1.000000000000000000e+00,-1.000000000000000000e+00,-1.000000000000000000e+00,-1.000000000000000000e+00,-1.000000000000000000e+00,-1.000000000000000000e+00,-1.000000000000000000e+00,-1.000000000000000000e+00,-1.000000000000000000e+00,-1.000000000000000000e+00,-1.000000000000000000e+00,-1.000000000000000000e+00,-1.000000000000000000e+00,-1.000000000000000000e+00,-1.000000000000000000e+00,-1.000000000000000000e+00,-1.000000000000000000e+00,-1.000000000000000000e+00,-1.000000000000000000e+00,-1.000000000000000000e+00,-1.000000000000000000e+00,-1.000000000000000000e+00,-1.000000000000000000e+00,-1.000000000000000000e+00,-1.000000000000000000e+00,-1.000000000000000000e+00,-1.000000000000000000e+00,-1.000000000000000000e+00,-1.108022228412715027e+00,-1.108056177757391847e+00,-1.108157516900414308e+00,-1.108324585948771368e+00,-1.108554159356739621e+00,-1.108840702006045120e+00,-1.109175220209204005e+00,-1.109543604047148690e+00,-1.109924340674991017e+00,-1.110285477653437880e+00,-1.110580745685007864e+00,-1.110744833504041296e+00,-1.110687973364880454e+00,-1.110290286459087117e+00,-1.109396807633163284e+00,-1.107814822406001154e+00,-1.105316171967111405e+00,-1.101648552360218414e+00,-1.096561500460562666e+00,-1.089854433209111795e+00,-1.081454948885425038e+00,-1.071533559833820481e+00,-1.060651479178832401e+00,-1.049911054334775162e+00,-1.041013043146197026e+00,-1.035978385140986280e+00,-1.035978385181110184e+00,-1.041013043241313607e+00,-1.049911054428820156e+00,-1.060651479227462390e+00,-1.071533559839640271e+00,-1.081454948912774716e+00,-1.089854433350724960e+00,-1.096561500770090403e+00,-1.101648552816023141e+00,-1.105316172452238677e+00,-1.107814822734106919e+00,-1.109396807678776797e+00,-1.110290286213168498e+00,-1.110687972940233026e+00,-1.110744833216594341e+00,-1.110580745815000103e+00,-1.110285478303512097e+00,-1.109924341931865843e+00,-1.109543605477080419e+00,-1.109175221226078367e+00,-1.108840702345918139e+00,-1.108554158208817864e+00,-1.108324583544644693e+00,-1.108157514072887206e+00,-1.108056175717338387e+00,-1.108022230023262944e+00,-1.000000000000000000e+00,-1.000000000000000000e+00,-1.000000000000000000e+00,-1.000000000000000000e+00,-1.000000000000000000e+00,-1.000000000000000000e+00,-1.000000000000000000e+00,-1.000000000000000000e+00,-1.000000000000000000e+00,-1.000000000000000000e+00,-1.000000000000000000e+00,-1.000000000000000000e+00,-1.000000000000000000e+00,-1.000000000000000000e+00,-1.000000000000000000e+00,-1.000000000000000000e+00,-1.000000000000000000e+00,-1.000000000000000000e+00,-1.000000000000000000e+00,-1.000000000000000000e+00,-1.000000000000000000e+00,-1.000000000000000000e+00,-1.000000000000000000e+00,-1.000000000000000000e+00,-1.000000000000000000e+00,-1.000000000000000000e+00,-1.000000000000000000e+00,-1.000000000000000000e+00,-1.000000000000000000e+00,-1.000000000000000000e+00,-1.000000000000000000e+00,-1.000000000000000000e+00,-1.000000000000000000e+00,-1.000000000000000000e+00,-1.000000000000000000e+00,-1.000000000000000000e+00,-1.000000000000000000e+00,-1.000000000000000000e+00,-1.000000000000000000e+00,-1.000000000000000000e+00,-1.000000000000000000e+00,-1.000000000000000000e+00
-1.000000000000000000e+00,-1.000000000000000000e+00,-1.000000000000000000e+00,-1.000000000000000000e+00,-1.000000000000000000e+00,-1.000000000000000000e+00,-1.000000000000000000e+00,-1.000000000000000000e+00,-1.000000000000000000e+00,-1.000000000000000000e+00,-1.000000000000000000e+00,-1.000000000000000000e+00,-1.000000000000000000e+00,-1.000000000000000000e+00,-1.000000000000000000e+00,-1.000000000000000000e+00,-1.000000000000000000e+00,-1.000000000000000000e+00,-1.000000000000000000e+00,-1.000000000000000000e+00,-1.000000000000000000e+00,-1.000000000000000000e+00,-1.000000000000000000e+00,-1.000000000000000000e+00,-1.000000000000000000e+00,-1.000000000000000000e+00,-1.000000000000000000e+00,-1.000000000000000000e+00,-1.000000000000000000e+00,-1.000000000000000000e+00,-1.000000000000000000e+00,-1.000000000000000000e+00,-1.000000000000000000e+00,-1.000000000000000000e+00,-1.000000000000000000e+00,-1.000000000000000000e+00,-1.000000000000000000e+00,-1.000000000000000000e+00,-1.000000000000000000e+00,-1.000000000000000000e+00,-1.000000000000000000e+00,-1.000000000000000000e+00,-1.108018590372450429e+00,-1.108052571039716439e+00,-1.108154003894261219e+00,-1.108321228199957043e+00,-1.108551016773095865e+00,-1.108837831718815892e+00,-1.109172674850059215e+00,-1.109541429201506002e+00,-1.109922571141565895e+00,-1.110284132073393826e+00,-1.110579819026230153e+00,-1.110744286787395341e+00,-1.110687720058322059e+00,-1.110290175085263398e+00,-1.109396600528436361e+00,-1.107814171383161295e+00,-1.105314593085052532e+00,-1.101645404430835029e+00,-1.096555975649756931e+00,-1.089845573358933617e+00,-1.081441707786373829e+00,-1.071514938058675703e+00,-1.060626759442443223e+00,-1.049880149351350322e+00,-1.040976905883743697e+00,-1.035939259714389715e+00,-1.035939259775427113e+00,-1.040976906036437111e+00,-1.049880149523895190e+00,-1.060626759562152577e+00,-1.071514938089411118e+00,-1.081441707759167370e+00,-1.089845573364435438e+00,-1.096555975781535963e+00,-1.101645404741510736e+00,-1.105314593546060653e+00,-1.107814171850467710e+00,-1.109396600835180990e+00,-1.110290175122088829e+00,-1.110687719772343041e+00,-1.110744286351302845e+00,-1.110579818725188739e+00,-1.110284132061407192e+00,-1.109922571719835105e+00,-1.109541430305468923e+00,-1.109172675964577248e+00,-1.108837832703750914e+00,-1.108551016829208979e+00,-1.108321226966846540e+00,-1.108154001563739666e+00,-1.108052568044093800e+00,-1.108018589491956529e+00,-1.000000000000000000e+00,-1.000000000000000000e+00,-1.000000000000000000e+00,-1.000000000000000000e+00,-1.000000000000000000e+00,-1.000000000000000000e+00,-1.000000000000000000e+00,-1.000000000000000000e+00,-1.000000000000000000e+00,-1.000000000000000000e+00,-1.000000000000000000e+00,-1.000000000000000000e+00,-1.000000000000000000e+00,-1.000000000000000000e+00,-1.000000000000000000e+00,-1.000000000000000000e+00,-1.000000000000000000e+00,-1.000000000000000000e+00,-1.000000000000000000e+00,-1.000000000000000000e+00,-1.000000000000000000e+00,-1.000000000000000000e+00,-1.000000000000000000e+00,-1.000000000000000000e+00,-1.000000000000000000e+00,-1.000000000000000000e+00,-1.000000000000000000e+00,-1.000000000000000000e+00,-1.000000000000000000e+00,-1.000000000000000000e+00,-1.000000000000000000e+00,-1.000000000000000000e+00,-1.000000000000000000e+00,-1.000000000000000000e+00,-1.000000000000000000e+00,-1.000000000000000000e+00,-1.000000000000000000e+00,-1.000000000000000000e+00,-1.000000000000000000e+00,-1.000000000000000000e+00,-1.000000000000000000e+00,-1.000000000000000000e+00
-1.000000000000000000e+00,-1.000000000000000000e+00,-1.000000000000000000e+00,-1.000000000000000000e+00,-1.000000000000000000e+00,-1.000000000000000000e+00,-1.000000000000000000e+00,-1.000000000000000000e+00,-1.000000000000000000e+00,-1.000000000000000000e+00,-1.000000000000000000e+00,-1.000000000000000000e+00,-1.000000000000000000e+00,-1.000000000000000000e+00,-1.000000000000000000e+00,-1.000000000000000000e+00,-1.000000000000000000e+00,-1.000000000000000000e+00,-1.000000000000000000e+00,-1.000000000000000000e+00,-1.000000000000000000e+00,-1.000000000000000000e+00,-1.000000000000000000e+00,-1.000000000000000000e+00,-1.000000000000000000e+00,-1.000000000000000000e+00,-1.000000000000000000e+00,-1.000000000000000000e+00,-1.000000000000000000e+00,-1.000000000000000000e+00,-1.000000000000000000e+00,-1.000000000000000000e+00,-1.000000000000000000e+00,-1.000000000000000000e+00,-1.000000000000000000e+00,-1.000000000000000000e+00,-1.000000000000000000e+00,-1.000000000000000000e+00,-1.000000000000000000e+00,-1.000000000000000000e+00,-1.000000000000000000e+00,-1.000000000000000000e+00,-1.108012872573497010e+00,-1.108046893802489663e+00,-1.108148448004692810e+00,-1.108315873346829683e+00,-1.108545940522614570e+00,-1.108833108029061654e+00,-1.109168371840036693e+00,-1.109537605840577257e+00,-1.109919272402170476e+00,-1.110281381969686176e+00,-1.110577610871415599e+00,-1.110742569883967912e+00,-1.110686382067986422e+00,-1.110289019497471497e+00,-1.109395319150144665e+00,-1.107812312828576840e+00,-1.105311530128709752e+00,-1.101640306225769139e+00,-1.096547795635853140e+00,-1.089833070504357071e+00,-1.081423527342595392e+00,-1.071489786257507015e+00,-1.060593708287192571e+00,-1.049839086924149623e+00,-1.040929067239776851e+00,-1.035887551331189593e+00,-1.035887551379072624e+00,-1.040929067365050864e+00,-1.049839087081344546e+00,-1.060593708423521075e+00,-1.071489786331934813e+00,-1.081423527352826763e+00,-1.089833070502667534e+00,-1.096547795698881833e+00,-1.101640306422742466e+00,-1.105311530492156802e+00,-1.107812313283608185e+00,-1.109395319551027992e+00,-1.110289019719048476e+00,-1.110686381969955949e+00,-1.110742569497349397e+00,-1.110577610452267106e+00,-1.110281381654288690e+00,-1.109919272531030510e+00,-1.109537606680106148e+00,-1.109168372997133556e+00,-1.108833109372572290e+00,-1.108545941405534307e+00,-1.108315873248017613e+00,-1.108148446827643241e+00,-1.108046891086531982e+00,-1.108012870486018597e+00,-1.000000000000000000e+00,-1.000000000000000000e+00,-1.000000000000000000e+00,-1.000000000000000000e+00,-1.000000000000000000e+00,-1.000000000000000000e+00,-1.000000000000000000e+00,-1.000000000000000000e+00,-1.000000000000000000e+00,-1.000000000000000000e+00,-1.000000000000000000e+00,-1.000000000000000000e+00,-1.000000000000000000e+00,-1.000000000000000000e+00,-1.000000000000000000e+00,-1.000000000000000000e+00,-1.000000000000000000e+00,-1.000000000000000000e+00,-1.000000000000000000e+00,-1.000000000000000000e+00,-1.000000000000000000e+00,-1.000000000000000000e+00,-1.000000000000000000e+00,-1.000000000000000000e+00,-1.000000000000000000e+00,-1.000000000000000000e+00,-1.000000000000000000e+00,-1.000000000000000000e+00,-1.000000000000000000e+00,-1.000000000000000000e+00,-1.000000000000000000e+00,-1.000000000000000000e+00,-1.000000000000000000e+00,-1.000000000000000000e+00,-1.000000000000000000e+00,-1.000000000000000000e+00,-1.000000000000000000e+00,-1.000000000000000000e+00,-1.000000000000000000e+00,-1.000000000000000000e+00,-1.000000000000000000e+00,-1.000000000000000000e+00
-1.000000000000000000e+00,-1.000000000000000000e+00,-1.000000000000000000e+00,-1.000000000000000000e+00,-1.000000000000000000e+00,-1.000000000000000000e+00,-1.000000000000000000e+00,-1.000000000000000000e+00,-1.000000000000000000e+00,-1.000000000000000000e+00,-1.000000000000000000e+00,-1.000000000000000000e+00,-1.000000000000000000e+00,-1.000000000000000000e+00,-1.000000000000000000e+00,-1.000000000000000000e+00,-1.000000000000000000e+00,-1.000000000000000000e+00,-1.000000000000000000e+00,-1.000000000000000000e+00,-1.000000000000000000e+00,-1.000000000000000000e+00,-1.000000000000000000e+00,-1.000000000000000000e+00,-1.000000000000000000e+00,-1.000000000000000000e+00,-1.000000000000000000e+00,-1.000000000000000000e+00,-1.000000000000000000e+00,-1.000000000000000000e+00,-1.000000000000000000e+00,-1.000000000000000000e+00,-1.000000000000000000e+00,-1.000000000000000000e+00,-1.000000000000000000e+00,-1.000000000000000000e+00,-1.000000000000000000e+00,-1.000000000000000000e+00,-1.000000000000000000e+00,-1.000000000000000000e+00,-1.000000000000000000e+00,-1.000000000000000000e+00,-1.108004289673578890e+00,-1.108038360922056320e+00,-1.108140064760519294e+00,-1.108307737997323850e+00,-1.108538148700937587e+00,-1.108825750901347940e+00,-1.109161533352638784e+00,-1.109531358624886943e+00,-1.109913671785772271e+00,-1.110276457380515280e+00,-1.110573353807069452e+00,-1.110738917486545185e+00,-1.110683195370153920e+00,-1.110286055627640600e+00,-1.109392197405175917e+00,-1.107808475825944994e+00,-1.105306203581462032e+00,-1.101632464753434792e+00,-1.096536147970052610e+00,-1.089816085844157456e+00,-1.081399535120520117e+00,-1.071457191718996116e+00,-1.060551368370384884e+00,-1.049786865330128771e+00,-1.040868488542877390e+00,-1.035822200383723191e+00,-1.035822200411857796e+00,-1.040868488623607035e+00,-1.049786865450039075e+00,-1.060551368503034997e+00,-1.071457191823440347e+00,-1.081399535158692249e+00,-1.089816085819120817e+00,-1.096536147931151062e+00,-1.101632464781017173e+00,-1.105306203775710649e+00,-1.107808476212056359e+00,-1.109392197891024834e+00,-1.110286056091842610e+00,-1.110683195596921413e+00,-1.110738917305328810e+00,-1.110573353355256421e+00,-1.110276456742701701e+00,-1.109913671215591924e+00,-1.109531358670167389e+00,-1.109161533989768023e+00,-1.108825752146448185e+00,-1.108538150024564573e+00,-1.108307738757817962e+00,-1.108140064893682109e+00,-1.108038359356256830e+00,-1.108004287755428807e+00,-1.000000000000000000e+00,-1.000000000000000000e+00,-1.000000000000000000e+00,-1.000000000000000000e+00,-1.000000000000000000e+00,-1.000000000000000000e+00,-1.000000000000000000e+00,-1.000000000000000000e+00,-1.000000000000000000e+00,-1.000000000000000000e+00,-1.000000000000000000e+00,-1.000000000000000000e+00,-1.000000000000000000e+00,-1.000000000000000000e+00,-1.000000000000000000e+00,-1.000000000000000000e+00,-1.000000000000000000e+00,-1.000000000000000000e+00,-1.000000000000000000e+00,-1.000000000000000000e+00,-1.000000000000000000e+00,-1.000000000000000000e+00,-1.000000000000000000e+00,-1.000000000000000000e+00,-1.000000000000000000e+00,-1.000000000000000000e+00,-1.000000000000000000e+00,-1.000000000000000000e+00,-1.000000000000000000e+00,-1.000000000000000000e+00,-1.000000000000000000e+00,-1.000000000000000000e+00,-1.000000000000000000e+00,-1.000000000000000000e+00,-1.000000000000000000e+00,-1.000000000000000000e+00,-1.000000000000000000e+00,-1.000000000000000000e+00,-1.000000000000000000e+00,-1.000000000000000000e+00,-1.000000000000000000e+00,-1.000000000000000000e+00
-1.000000000000000000e+00,-1.000000000000000000e+00,-1.000000000000000000e+00,-1.000000000000000000e+00,-1.000000000000000000e+00,-1.000000000000000000e+00,-1.000000000000000000e+00,-1.000000000000000000e+00,-1.000000000000000000e+00,-1.000000000000000000e+00,-1.000000000000000000e+00,-1.000000000000000000e+00,-1.000000000000000000e+00,-1.000000000000000000e+00,-1.000000000000000000e+00,-1.000000000000000000e+00,-1.000000000000000000e+00,-1.000000000000000000e+00,-1.000000000000000000e+00,-1.000000000000000000e+00,-1.000000000000000000e+00,-1.000000000000000000e+00,-1.000000000000000000e+00,-1.000000000000000000e+00,-1.000000000000000000e+00,-1.000000000000000000e+00,-1.000000000000000000e+00,-1.000000000000000000e+00,-1.000000000000000000e+00,-1.000000000000000000e+00,-1.000000000000000000e+00,-1.000000000000000000e+00,-1.000000000000000000e+00,-1.000000000000000000e+00,-1.000000000000000000e+00,-1.000000000000000000e+00,-1.000000000000000000e+00,-1.000000000000000000e+00,-1.000000000000000000e+00,-1.000000000000000000e+00,-1.000000000000000000e+00,-1.000000000000000000e+00,-1.107991876279044385e+00,-1.108026007275283664e+00,-1.108127889851426406e+00,-1.108295859181315013e+00,-1.108526680185586644e+00,-1.108814801533743344e+00,-1.109151203324802326e+00,-1.109521734569652196e+00,-1.109904819607612003e+00,-1.110268411971792046e+00,-1.110566104655160480e+00,-1.110732389033216361e+00,-1.110677221006243220e+00,-1.110280344478893566e+00,-1.109386293807103963e+00,-1.107801712942225736e+00,-1.105297655410813817e+00,-1.101620905392458383e+00,-1.096520034100636476e+00,-1.089793588433069171e+00,-1.081368658837407848e+00,-1.071416032647320993e+00,-1.060498563015101148e+00,-1.049722253301412778e+00,-1.040793893057652575e+00,-1.035741904352021958e+00,-1.035741904357083687e+00,-1.040793893085570243e+00,-1.049722253377309400e+00,-1.060498563152828977e+00,-1.071416032825925457e+00,-1.081368658995975895e+00,-1.089793588513360723e+00,-1.096520034084394357e+00,-1.101620905310894738e+00,-1.105297655373845833e+00,-1.107801713068866434e+00,-1.109386294116531779e+00,-1.110280344956062093e+00,-1.110677221511889634e+00,-1.110732389284983856e+00,-1.110566104626469652e+00,-1.110268411654068643e+00,-1.109904818985974817e+00,-1.109521734086663880e+00,-1.109151203192144886e+00,-1.108814802102628061e+00,-1.108526681296282845e+00,-1.108295860131431443e+00,-1.108127890727095943e+00,-1.108026006780917117e+00,-1.107991875068326637e+00,-1.000000000000000000e+00,-1.000000000000000000e+00,-1.000000000000000000e+00,-1.000000000000000000e+00,-1.000000000000000000e+00,-1.000000000000000000e+00,-1.000000000000000000e+00,-1.000000000000000000e+00,-1.000000000000000000e+00,-1.000000000000000000e+00,-1.000000000000000000e+00,-1.000000000000000000e+00,-1.000000000000000000e+00,-1.000000000000000000e+00,-1.000000000000000000e+00,-1.000000000000000000e+00,-1.000000000000000000e+00,-1.000000000000000000e+00,-1.000000000000000000e+00,-1.000000000000000000e+00,-1.000000000000000000e+00,-1.000000000000000000e+00,-1.000000000000000000e+00,-1.000000000000000000e+00,-1.000000000000000000e+00,-1.000000000000000000e+00,-1.000000000000000000e+00,-1.000000000000000000e+00,-1.000000000000000000e+00,-1.000000000000000000e+00,-1.000000000000000000e+00,-1.000000000000000000e+00,-1.000000000000000000e+00,-1.000000000000000000e+00,-1.000000000000000000e+00,-1.000000000000000000e+00,-1.000000000000000000e+00,-1.000000000000000000e+00,-1.000000000000000000e+00,-1.000000000000000000e+00,-1.000000000000000000e+00,-1.000000000000000000e+00
-1.000000000000000000e+00,-1.000000000000000000e+00,-1.000000000000000000e+00,-1.000000000000000000e+00,-1.000000000000000000e+00,-1.000000000000000000e+00,-1.000000000000000000e+00,-1.000000000000000000e+00,-1.000000000000000000e+00,-1.000000000000000000e+00,-1.000000000000000000e+00,-1.000000000000000000e+00,-1.000000000000000000e+00,-1.000000000000000000e+00,-1.000000000000000000e+00,-1.000000000000000000e+00,-1.000000000000000000e+00,-1.000000000000000000e+00,-1.000000000000000000e+00,-1.000000000000000000e+00,-1.000000000000000000e+00,-1.000000000000000000e+00,-1.000000000000000000e+00,-1.000000000000000000e+00,-1.000000000000000000e+00,-1.000000000000000000e+00,-1.000000000000000000e+00,-1.000000000000000000e+00,-1.000000000000000000e+00,-1.000000000000000000e+00,-1.000000000000000000e+00,-1.000000000000000000e+00,-1.000000000000000000e+00,-1.000000000000000000e+00,-1.000000000000000000e+00,-1.000000000000000000e+00,-1.000000000000000000e+00,-1.000000000000000000e+00,-1.000000000000000000e+00,-1.000000000000000000e+00,-1.000000000000000000e+00,-1.000000000000000000e+00,-1.107974483464728044e+00,-1.108008684263918964e+00,-1.108110775653021518e+00,-1.108279090881566509e+00,-1.108510391175010490e+00,-1.108799118909835402e+00,-1.109136244030534124e+00,-1.109507599648177800e+00,-1.109891585806189518e+00,-1.110256119706179767e+00,-1.110554741168666926e+00,-1.110721865425567501e+00,-1.110667341826932386e+00,-1.110270768905789351e+00,-1.109376488302134200e+00,-1.107790897096000426e+00,-1.105284745953802217e+00,-1.101604468748392129e+00,-1.096498266147404310e+00,-1.089764351827851030e+00,-1.081329622851062933e+00,-1.071364974489551480e+00,-1.060433892389433197e+00,-1.049643786086743580e+00,-1.040703761972063157e+00,-1.035645113769097847e+00,-1.035645113748573154e+00,-1.040703761931010218e+00,-1.049643786070818541e+00,-1.060433892443371828e+00,-1.071364974629888556e+00,-1.081329623040966137e+00,-1.089764352000940129e+00,-1.096498266249797071e+00,-1.101604468748847321e+00,-1.105284745897409993e+00,-1.107790897098695826e+00,-1.109376488418881479e+00,-1.110270769181064043e+00,-1.110667342258776280e+00,-1.110721865764763727e+00,-1.110554741289557112e+00,-1.110256119625424587e+00,-1.109891585428553595e+00,-1.109507599200821204e+00,-1.109136243597206528e+00,-1.108799118903514236e+00,-1.108510391896768699e+00,-1.108279091717944587e+00,-1.108110776854662749e+00,-1.108008684588014159e+00,-1.107974483081870076e+00,-1.000000000000000000e+00,-1.000000000000000000e+00,-1.000000000000000000e+00,-1.000000000000000000e+00,-1.000000000000000000e+00,-1.000000000000000000e+00,-1.000000000000000000e+00,-1.000000000000000000e+00,-1.000000000000000000e+00,-1.000000000000000000e+00,-1.000000000000000000e+00,-1.000000000000000000e+00,-1.000000000000000000e+00,-1.000000000000000000e+00,-1.000000000000000000e+00,-1.000000000000000000e+00,-1.000000000000000000e+00,-1.000000000000000000e+00,-1.000000000000000000e+00,-1.000000000000000000e+00,-1.000000000000000000e+00,-1.000000000000000000e+00,-1.000000000000000000e+00,-1.000000000000000000e+00,-1.000000000000000000e+00,-1.000000000000000000e+00,-1.000000000000000000e+00,-1.000000000000000000e+00,-1.000000000000000000e+00,-1.000000000000000000e+00,-1.000000000000000000e+00,-1.000000000000000000e+00,-1.000000000000000000e+00,-1.000000000000000000e+00,-1.000000000000000000e+00,-1.000000000000000000e+00,-1.000000000000000000e+00,-1.000000000000000000e+00,-1.000000000000000000e+00,-1.000000000000000000e+00,-1.000000000000000000e+00,-1.000000000000000000e+00
-1.000000000000000000e+00,-1.000000000000000000e+00,-1.000000000000000000e+00,-1.000000000000000000e+00,-1.000000000000000000e+00,-1.000000000000000000e+00,-1.000000000000000000e+00,-1.000000000000000000e+00,-1.000000000000000000e+00,-1.000000000000000000e+00,-1.000000000000000000e+00,-1.000000000000000000e+00,-1.000000000000000000e+00,-1.000000000000000000e+00,-1.000000000000000000e+00,-1.000000000000000000e+00,-1.000000000000000000e+00,-1.000000000000000000e+00,-1.000000000000000000e+00,-1.000000000000000000e+00,-1.000000000000000000e+00,-1.000000000000000000e+00,-1.000000000000000000e+00,-1.000000000000000000e+00,-1.000000000000000000e+00,-1.000000000000000000e+00,-1.000000000000000000e+00,-1.000000000000000000e+00,-1.000000000000000000e+00,-1.000000000000000000e+00,-1.000000000000000000e+00,-1.000000000000000000e+00,-1.000000000000000000e+00,-1.000000000000000000e+00,-1.000000000000000000e+00,-1.000000000000000000e+00,-1.000000000000000000e+00,-1.000000000000000000e+00,-1.000000000000000000e+00,-1.000000000000000000e+00,-1.000000000000000000e+00,-1.000000000000000000e+00,-1.107950774804459693e+00,-1.107985055845686517e+00,-1.108087387270475954e+00,-1.108256100096249197e+00,-1.108487951273616545e+00,-1.108777375906010221e+00,-1.109115332210299565e+00,-1.109487634946432877e+00,-1.109872656129664126e+00,-1.110238271068976212e+00,-1.110537958299100625e+00,-1.110706045328665681e+00,-1.110652258804061931e+00,-1.110256029913066378e+00,-1.109361478535335399e+00,-1.107774717783760909e+00,-1.105266150103638489e+00,-1.101581806795946639e+00,-1.096469462977522014e+00,-1.089726950053349075e+00,-1.081280943956588469e+00,-1.071302465500975742e+00,-1.060355728794525110e+00,-1.049549760453522662e+00,-1.040596329161610267e+00,-1.035530026861984254e+00,-1.035530026850884244e+00,-1.040596329142202237e+00,-1.049549760454547842e+00,-1.060355728844344592e+00,-1.071302465616376765e+00,-1.081280944117073872e+00,-1.089726950206671763e+00,-1.096469463078920459e+00,-1.101581806806067432e+00,-1.105266150028461070e+00,-1.107774717729575364e+00,-1.109361478579489191e+00,-1.110256030100051472e+00,-1.110652259221040605e+00,-1.110706045820889720e+00,-1.110537958620827270e+00,-1.110238271139692978e+00,-1.109872655849502010e+00,-1.109487634536645784e+00,-1.109115331672017923e+00,-1.108777375442371982e+00,-1.108487951478700717e+00,-1.108256100547159839e+00,-1.108087388388812711e+00,-1.107985056652637912e+00,-1.107950775201849369e+00,-1.000000000000000000e+00,-1.000000000000000000e+00,-1.000000000000000000e+00,-1.000000000000000000e+00,-1.000000000000000000e+00,-1.000000000000000000e+00,-1.000000000000000000e+00,-1.000000000000000000e+00,-1.000000000000000000e+00,-1.000000000000000000e+00,-1.000000000000000000e+00,-1.000000000000000000e+00,-1.000000000000000000e+00,-1.000000000000000000e+00,-1.000000000000000000e+00,-1.000000000000000000e+00,-1.000000000000000000e+00,-1.000000000000000000e+00,-1.000000000000000000e+00,-1.000000000000000000e+00,-1.000000000000000000e+00,-1.000000000000000000e+00,-1.000000000000000000e+00,-1.000000000000000000e+00,-1.000000000000000000e+00,-1.000000000000000000e+00,-1.000000000000000000e+00,-1.000000000000000000e+00,-1.000000000000000000e+00,-1.000000000000000000e+00,-1.000000000000000000e+00,-1.000000000000000000e+00,-1.000000000000000000e+00,-1.000000000000000000e+00,-1.000000000000000000e+00,-1.000000000000000000e+00,-1.000000000000000000e+00,-1.000000000000000000e+00,-1.000000000000000000e+00,-1.000000000000000000e+00,-1.000000000000000000e+00,-1.000000000000000000e+00
-1.000000000000000000e+00,-1.000000000000000000e+00,-1.000000000000000000e+00,-1.000000000000000000e+00,-1.000000000000000000e+00,-1.000000000000000000e+00,-1.000000000000000000e+00,-1.000000000000000000e+00,-1.000000000000000000e+00,-1.000000000000000000e+00,-1.000000000000000000e+00,-1.000000000000000000e+00,-1.000000000000000000e+00,-1.000000000000000000e+00,-1.000000000000000000e+00,-1.000000000000000000e+00,-1.000000000000000000e+00,-1.000000000000000000e+00,-1.000000000000000000e+00,-1.000000000000000000e+00,-1.000000000000000000e+00,-1.000000000000000000e+00,-1.000000000000000000e+00,-1.000000000000000000e+00,-1.000000000000000000e+00,-1.000000000000000000e+00,-1.000000000000000000e+00,-1.000000000000000000e+00,-1.000000000000000000e+00,-1.000000000000000000e+00,-1.000000000000000000e+00,-1.000000000000000000e+00,-1.000000000000000000e+00,-1.000000000000000000e+00,-1.000000000000000000e+00,-1.000000000000000000e+00,-1.000000000000000000e+00,-1.000000000000000000e+00,-1.000000000000000000e+00,-1.000000000000000000e+00,-1.000000000000000000e+00,-1.000000000000000000e+00,-1.107919221711122892e+00,-1.107953593875710130e+00,-1.108056197883819927e+00,-1.108225362197849506e+00,-1.108457838876939272e+00,-1.108748054713114106e+00,-1.109086954533766489e+00,-1.109460332165429053e+00,-1.109846527673175487e+00,-1.110213368638722775e+00,-1.110514263806500423e+00,-1.110683440832564983e+00,-1.110630486753160895e+00,-1.110234642434577257e+00,-1.109339775660421967e+00,-1.107751676877726243e+00,-1.105240353047284074e+00,-1.101551378514026291e+00,-1.096432045706931646e+00,-1.089679752949706870e+00,-1.081220926565292118e+00,-1.071226731744116867e+00,-1.060262211473526728e+00,-1.049438229300687198e+00,-1.040469575612039677e+00,-1.035394583811930946e+00,-1.035394583802414559e+00,-1.040469575592845253e+00,-1.049438229291153712e+00,-1.060262211496131757e+00,-1.071226731825584366e+00,-1.081220926712337826e+00,-1.089679753129610740e+00,-1.096432045877188122e+00,-1.101551378617584342e+00,-1.105240353022417743e+00,-1.107751676769668903e+00,-1.109339775557791619e+00,-1.110234642379860581e+00,-1.110630486895493707e+00,-1.110683441235507996e+00,-1.110514264318021693e+00,-1.110213369070605083e+00,-1.109846527729447141e+00,-1.109460331972566438e+00,-1.109086954141470960e+00,-1.108748054076355682e+00,-1.108457838657793459e+00,-1.108225362148968163e+00,-1.108056198536895520e+00,-1.107953594648409590e+00,-1.107919222488613853e+00,-1.000000000000000000e+00,-1.000000000000000000e+00,-1.000000000000000000e+00,-1.000000000000000000e+00,-1.000000000000000000e+00,-1.000000000000000000e+00,-1.000000000000000000e+00,-1.000000000000000000e+00,-1.000000000000000000e+00,-1.000000000000000000e+00,-1.000000000000000000e+00,-1.000000000000000000e+00,-1.000000000000000000e+00,-1.000000000000000000e+00,-1.000000000000000000e+00,-1.000000000000000000e+00,-1.000000000000000000e+00,-1.000000000000000000e+00,-1.000000000000000000e+00,-1.000000000000000000e+00,-1.000000000000000000e+00,-1.000000000000000000e+00,-1.000000000000000000e+00,-1.000000000000000000e+00,-1.000000000000000000e+00,-1.000000000000000000e+00,-1.000000000000000000e+00,-1.000000000000000000e+00,-1.000000000000000000e+00,-1.000000000000000000e+00,-1.000000000000000000e+00,-1.000000000000000000e+00,-1.000000000000000000e+00,-1.000000000000000000e+00,-1.000000000000000000e+00,-1.000000000000000000e+00,-1.000000000000000000e+00,-1.000000000000000000e+00,-1.000000000000000000e+00,-1.000000000000000000e+00,-1.000000000000000000e+00,-1.000000000000000000e+00
-1.000000000000000000e+00,-1.000000000000000000e+00,-1.000000000000000000e+00,-1.000000000000000000e+00,-1.000000000000000000e+00,-1.000000000000000000e+00,-1.000000000000000000e+00,-1.000000000000000000e+00,-1.000000000000000000e+00,-1.000000000000000000e+00,-1.000000000000000000e+00,-1.000000000000000000e+00,-1.000000000000000000e+00,-1.000000000000000000e+00,-1.000000000000000000e+00,-1.000000000000000000e+00,-1.000000000000000000e+00,-1.000000000000000000e+00,-1.000000000000000000e+00,-1.000000000000000000e+00,-1.000000000000000000e+00,-1.000000000000000000e+00,-1.000000000000000000e+00,-1.000000000000000000e+00,-1.000000000000000000e+00,-1.000000000000000000e+00,-1.000000000000000000e+00,-1.000000000000000000e+00,-1.000000000000000000e+00,-1.000000000000000000e+00,-1.000000000000000000e+00,-1.000000000000000000e+00,-1.000000000000000000e+00,-1.000000000000000000e+00,-1.000000000000000000e+00,-1.000000000000000000e+00,-1.000000000000000000e+00,-1.000000000000000000e+00,-1.000000000000000000e+00,-1.000000000000000000e+00,-1.000000000000000000e+00,-1.000000000000000000e+00,-1.107878098165310021e+00,-1.107912572843440024e+00,-1.108015483500911946e+00,-1.108185155702340774e+00,-1.108418335960553280e+00,-1.108709441654208705e+00,-1.109049402459787448e+00,-1.109423988536857086e+00,-1.109811503856421577e+00,-1.110179722121228618e+00,-1.110481973334723538e+00,-1.110652372552114686e+00,-1.110600349449038848e+00,-1.110204930467528106e+00,-1.109309699499923418e+00,-1.107720083809477840e+00,-1.105205645448571250e+00,-1.101511445019258462e+00,-1.096384232714878282e+00,-1.089620920989172737e+00,-1.081147657250574934e+00,-1.071135771312988538e+00,-1.060151240503951042e+00,-1.049306995264591258e+00,-1.040321222846210203e+00,-1.035236460160772420e+00,-1.035236460165098737e+00,-1.040321222855960182e+00,-1.049306995271158449e+00,-1.060151240502408276e+00,-1.071135771321775065e+00,-1.081147657303974219e+00,-1.089620921098791495e+00,-1.096384232876568054e+00,-1.101511445207894679e+00,-1.105205645574367956e+00,-1.107720083827475221e+00,-1.109309699461304755e+00,-1.110204930376669230e+00,-1.110600349369673445e+00,-1.110652372618606387e+00,-1.110481973611348039e+00,-1.110179722604728081e+00,-1.109811504186223763e+00,-1.109423988614952616e+00,-1.109049402366213855e+00,-1.108709441151078279e+00,-1.108418335612089356e+00,-1.108185155371168351e+00,-1.108015483687393887e+00,-1.107912573314805638e+00,-1.107878098947815415e+00,-1.000000000000000000e+00,-1.000000000000000000e+00,-1.000000000000000000e+00,-1.000000000000000000e+00,-1.000000000000000000e+00,-1.000000000000000000e+00,-1.000000000000000000e+00,-1.000000000000000000e+00,-1.000000000000000000e+00,-1.000000000000000000e+00,-1.000000000000000000e+00,-1.000000000000000000e+00,-1.000000000000000000e+00,-1.000000000000000000e+00,-1.000000000000000000e+00,-1.000000000000000000e+00,-1.000000000000000000e+00,-1.000000000000000000e+00,-1.000000000000000000e+00,-1.000000000000000000e+00,-1.000000000000000000e+00,-1.000000000000000000e+00,-1.000000000000000000e+00,-1.000000000000000000e+00,-1.000000000000000000e+00,-1.000000000000000000e+00,-1.000000000000000000e+00,-1.000000000000000000e+00,-1.000000000000000000e+00,-1.000000000000000000e+00,-1.000000000000000000e+00,-1.000000000000000000e+00,-1.000000000000000000e+00,-1.000000000000000000e+00,-1.000000000000000000e+00,-1.000000000000000000e+00,-1.000000000000000000e+00,-1.000000000000000000e+00,-1.000000000000000000e+00,-1.000000000000000000e+00,-1.000000000000000000e+00,-1.000000000000000000e+00
-1.000000000000000000e+00,-1.000000000000000000e+00,-1.000000000000000000e+00,-1.000000000000000000e+00,-1.000000000000000000e+00,-1.000000000000000000e+00,-1.000000000000000000e+00,-1.000000000000000000e+00,-1.000000000000000000e+00,-1.000000000000000000e+00,-1.000000000000000000e+00,-1.000000000000000000e+00,-1.000000000000000000e+00,-1.000000000000000000e+00,-1.000000000000000000e+00,-1.000000000000000000e+00,-1.000000000000000000e+00,-1.000000000000000000e+00,-1.000000000000000000e+00,-1.000000000000000000e+00,-1.000000000000000000e+00,-1.000000000000000000e+00,-1.000000000000000000e+00,-1.000000000000000000e+00,-1.000000000000000000e+00,-1.000000000000000000e+00,-1.000000000000000000e+00,-1.000000000000000000e+00,-1.000000000000000000e+00,-1.000000000000000000e+00,-1.000000000000000000e+00,-1.000000000000000000e+00,-1.000000000000000000e+00,-1.000000000000000000e+00,-1.000000000000000000e+00,-1.000000000000000000e+00,-1.000000000000000000e+00,-1.000000000000000000e+00,-1.000000000000000000e+00,-1.000000000000000000e+00,-1.000000000000000000e+00,-1.000000000000000000e+00,-1.107825474783826758e+00,-1.107860063945848017e+00,-1.107963317049917906e+00,-1.108133556394984787e+00,-1.108367522245879311e+00,-1.108659621391685057e+00,-1.109000766485100486e+00,-1.109376701118661046e+00,-1.109765688778968196e+00,-1.110135442780893378e+00,-1.110439204929235757e+00,-1.110610964226446562e+00,-1.110559974283968909e+00,-1.110165021754994763e+00,-1.109269373218085608e+00,-1.107678050207447473e+00,-1.105160118032035399e+00,-1.101460064078708001e+00,-1.096324034060055519e+00,-1.089548399555635649e+00,-1.081058998834539819e+00,-1.071027348158770653e+00,-1.060020470296141104e+00,-1.049153603849406480e+00,-1.040148725701085075e+00,-1.035053059329771985e+00,-1.035053059354229310e+00,-1.040148725761950388e+00,-1.049153603917654554e+00,-1.060020470340817367e+00,-1.071027348171117888e+00,-1.081058998843227092e+00,-1.089548399589721051e+00,-1.096324034135868430e+00,-1.101460064215981527e+00,-1.105160118180424700e+00,-1.107678050277355108e+00,-1.109269373224772703e+00,-1.110165021733833246e+00,-1.110559974254225146e+00,-1.110610964218172070e+00,-1.110439204983104666e+00,-1.110135443086894824e+00,-1.109765689163819680e+00,-1.109376701344135796e+00,-1.109000766631074386e+00,-1.108659621105965165e+00,-1.108367521907191788e+00,-1.108133555951419380e+00,-1.107963316889121863e+00,-1.107860064053218796e+00,-1.107825475364064838e+00,-1.000000000000000000e+00,-1.000000000000000000e+00,-1.000000000000000000e+00,-1.000000000000000000e+00,-1.000000000000000000e+00,-1.000000000000000000e+00,-1.000000000000000000e+00,-1.000000000000000000e+00,-1.000000000000000000e+00,-1.000000000000000000e+00,-1.000000000000000000e+00,-1.000000000000000000e+00,-1.000000000000000000e+00,-1.000000000000000000e+00,-1.000000000000000000e+00,-1.000000000000000000e+00,-1.000000000000000000e+00,-1.000000000000000000e+00,-1.000000000000000000e+00,-1.000000000000000000e+00,-1.000000000000000000e+00,-1.000000000000000000e+00,-1.000000000000000000e+00,-1.000000000000000000e+00,-1.000000000000000000e+00,-1.000000000000000000e+00,-1.000000000000000000e+00,-1.000000000000000000e+00,-1.000000000000000000e+00,-1.000000000000000000e+00,-1.000000000000000000e+00,-1.000000000000000000e+00,-1.000000000000000000e+00,-1.000000000000000000e+00,-1.000000000000000000e+00,-1.000000000000000000e+00,-1.000000000000000000e+00,-1.000000000000000000e+00,-1.000000000000000000e+00,-1.000000000000000000e+00,-1.000000000000000000e+00,-1.000000000000000000e+00
-1.000000000000000000e+00,-1.000000000000000000e+00,-1.000000000000000000e+00,-1.000000000000000000e+00,-1.000000000000000000e+00,-1.000000000000000000e+00,-1.000000000000000000e+00,-1.000000000000000000e+00,-1.000000000000000000e+00,-1.000000000000000000e+00,-1.000000000000000000e+00,-1.000000000000000000e+00,-1.000000000000000000e+00,-1.000000000000000000e+00,-1.000000000000000000e+00,-1.000000000000000000e+00,-1.000000000000000000e+00,-1.000000000000000000e+00,-1.000000000000000000e+00,-1.000000000000000000e+00,-1.000000000000000000e+00,-1.000000000000000000e+00,-1.000000000000000000e+00,-1.000000000000000000e+00,-1.000000000000000000e+00,-1.000000000000000000e+00,-1.000000000000000000e+00,-1.000000000000000000e+00,-1.000000000000000000e+00,-1.000000000000000000e+00,-1.000000000000000000e+00,-1.000000000000000000e+00,-1.000000000000000000e+00,-1.000000000000000000e+00,-1.000000000000000000e+00,-1.000000000000000000e+00,-1.000000000000000000e+00,-1.000000000000000000e+00,-1.000000000000000000e+00,-1.000000000000000000e+00,-1.000000000000000000e+00,-1.000000000000000000e+00,-1.107759212274749938e+00,-1.107793928545447004e+00,-1.107897561850020640e+00,-1.108068430828212048e+00,-1.108303268743657810e+00,-1.108596470533335987e+00,-1.108938929822351316e+00,-1.109316360544638780e+00,-1.109706981035110784e+00,-1.110078437316031064e+00,-1.110383872976183905e+00,-1.110557136732906347e+00,-1.110507286366322788e+00,-1.110112841965582797e+00,-1.109216717557142129e+00,-1.107623484145376480e+00,-1.105101655785163395e+00,-1.101395084201009622e+00,-1.096249245395889416e+00,-1.089459912625557303e+00,-1.080952583789216881e+00,-1.070898985186601093e+00,-1.059867302388292742e+00,-1.048975335956074284e+00,-1.039949264661619077e+00,-1.034841504857499261e+00,-1.034841504875912310e+00,-1.039949264706276022e+00,-1.048975336006851888e+00,-1.059867302424296609e+00,-1.070898985194574049e+00,-1.080952583790490973e+00,-1.089459912654412665e+00,-1.096249245462107114e+00,-1.101395084327220220e+00,-1.105101655967523078e+00,-1.107623484284184556e+00,-1.109216717578078271e+00,-1.110112841885803947e+00,-1.110507286276777750e+00,-1.110557136703424819e+00,-1.110383872944974204e+00,-1.110078437452033384e+00,-1.109706981375431001e+00,-1.109316360836388959e+00,-1.108938930152641333e+00,-1.108596470527663191e+00,-1.108303268544349018e+00,-1.108068430424300033e+00,-1.107897561491015370e+00,-1.107793928304081632e+00,-1.107759212513782732e+00,-1.000000000000000000e+00,-1.000000000000000000e+00,-1.000000000000000000e+00,-1.000000000000000000e+00,-1.000000000000000000e+00,-1.000000000000000000e+00,-1.000000000000000000e+00,-1.000000000000000000e+00,-1.000000000000000000e+00,-1.000000000000000000e+00,-1.000000000000000000e+00,-1.000000000000000000e+00,-1.000000000000000000e+00,-1.000000000000000000e+00,-1.000000000000000000e+00,-1.000000000000000000e+00,-1.000000000000000000e+00,-1.000000000000000000e+00,-1.000000000000000000e+00,-1.000000000000000000e+00,-1.000000000000000000e+00,-1.000000000000000000e+00,-1.000000000000000000e+00,-1.000000000000000000e+00,-1.000000000000000000e+00,-1.000000000000000000e+00,-1.000000000000000000e+00,-1.000000000000000000e+00,-1.000000000000000000e+00,-1.000000000000000000e+00,-1.000000000000000000e+00,-1.000000000000000000e+00,-1.000000000000000000e+00,-1.000000000000000000e+00,-1.000000000000000000e+00,-1.000000000000000000e+00,-1.000000000000000000e+00,-1.000000000000000000e+00,-1.000000000000000000e+00,-1.000000000000000000e+00,-1.000000000000000000e+00,-1.000000000000000000e+00
-1.000000000000000000e+00,-1.000000000000000000e+00,-1.000000000000000000e+00,-1.000000000000000000e+00,-1.000000000000000000e+00,-1.000000000000000000e+00,-1.000000000000000000e+00,-1.000000000000000000e+00,-1.000000000000000000e+00,-1.000000000000000000e+00,-1.000000000000000000e+00,-1.000000000000000000e+00,-1.000000000000000000e+00,-1.000000000000000000e+00,-1.000000000000000000e+00,-1.000000000000000000e+00,-1.000000000000000000e+00,-1.000000000000000000e+00,-1.000000000000000000e+00,-1.000000000000000000e+00,-1.000000000000000000e+00,-1.000000000000000000e+00,-1.000000000000000000e+00,-1.000000000000000000e+00,-1.000000000000000000e+00,-1.000000000000000000e+00,-1.000000000000000000e+00,-1.000000000000000000e+00,-1.000000000000000000e+00,-1.000000000000000000e+00,-1.000000000000000000e+00,-1.000000000000000000e+00,-1.000000000000000000e+00,-1.000000000000000000e+00,-1.000000000000000000e+00,-1.000000000000000000e+00,-1.000000000000000000e+00,-1.000000000000000000e+00,-1.000000000000000000e+00,-1.000000000000000000e+00,-1.000000000000000000e+00,-1.000000000000000000e+00,-1.107676954271306080e+00,-1.107711811017390247e+00,-1.107815864487875501e+00,-1.107987429235558707e+00,-1.108223230713323737e+00,-1.108517650650494124e+00,-1.108861561496081505e+00,-1.109240644218117744e+00,-1.109633067018151342e+00,-1.110006401273337051e+00,-1.110313681713382961e+00,-1.110488601675102993e+00,-1.110440002169234441e+00,-1.110046108392292785e+00,-1.109149444577769872e+00,-1.107554083909607412e+00,-1.105027931724093193e+00,-1.101314138353717720e+00,-1.096157441572993552e+00,-1.089352956171013576e+00,-1.080825807345105805e+00,-1.070747956979897220e+00,-1.059688877727088530e+00,-1.048769199721550249e+00,-1.039719737352410078e+00,-1.034598631737083663e+00,-1.034598631755861753e+00,-1.039719737398355548e+00,-1.048769199777228822e+00,-1.059688877775758264e+00,-1.070747956998914674e+00,-1.080825807335489275e+00,-1.089352956168063047e+00,-1.096157441592675141e+00,-1.101314138410470989e+00,-1.105027931862498924e+00,-1.107554084114326542e+00,-1.109149444751080793e+00,-1.110046108420744693e+00,-1.110440002064563059e+00,-1.110488601587983570e+00,-1.110313681607936642e+00,-1.110006401225187345e+00,-1.109633067195737954e+00,-1.109240644429738465e+00,-1.108861561854897593e+00,-1.108517650875364691e+00,-1.108223230737968912e+00,-1.107987429032791349e+00,-1.107815864158196772e+00,-1.107711810594159019e+00,-1.107676954194824370e+00,-1.000000000000000000e+00,-1.000000000000000000e+00,-1.000000000000000000e+00,-1.000000000000000000e+00,-1.000000000000000000e+00,-1.000000000000000000e+00,-1.000000000000000000e+00,-1.000000000000000000e+00,-1.000000000000000000e+00,-1.000000000000000000e+00,-1.000000000000000000e+00,-1.000000000000000000e+00,-1.000000000000000000e+00,-1.000000000000000000e+00,-1.000000000000000000e+00,-1.000000000000000000e+00,-1.000000000000000000e+00,-1.000000000000000000e+00,-1.000000000000000000e+00,-1.000000000000000000e+00,-1.000000000000000000e+00,-1.000000000000000000e+00,-1.000000000000000000e+00,-1.000000000000000000e+00,-1.000000000000000000e+00,-1.000000000000000000e+00,-1.000000000000000000e+00,-1.000000000000000000e+00,-1.000000000000000000e+00,-1.000000000000000000e+00,-1.000000000000000000e+00,-1.000000000000000000e+00,-1.000000000000000000e+00,-1.000000000000000000e+00,-1.000000000000000000e+00,-1.000000000000000000e+00,-1.000000000000000000e+00,-1.000000000000000000e+00,-1.000000000000000000e+00,-1.000000000000000000e+00,-1.000000000000000000e+00,-1.000000000000000000e+00
-1.000000000000000000e+00,-1.000000000000000000e+00,-1.000000000000000000e+00,-1.000000000000000000e+00,-1.000000000000000000e+00,-1.000000000000000000e+00,-1.000000000000000000e+00,-1.000000000000000000e+00,-1.000000000000000000e+00,-1.000000000000000000e+00,-1.000000000000000000e+00,-1.000000000000000000e+00,-1.000000000000000000e+00,-1.000000000000000000e+00,-1.000000000000000000e+00,-1.000000000000000000e+00,-1.000000000000000000e+00,-1.000000000000000000e+00,-1.000000000000000000e+00,-1.000000000000000000e+00,-1.000000000000000000e+00,-1.000000000000000000e+00,-1.000000000000000000e+00,-1.000000000000000000e+00,-1.000000000000000000e+00,-1.000000000000000000e+00,-1.000000000000000000e+00,-1.000000000000000000e+00,-1.000000000000000000e+00,-1.000000000000000000e+00,-1.000000000000000000e+00,-1.000000000000000000e+00,-1.000000000000000000e+00,-1.000000000000000000e+00,-1.000000000000000000e+00,-1.000000000000000000e+00,-1.000000000000000000e+00,-1.000000000000000000e+00,-1.000000000000000000e+00,-1.000000000000000000e+00,-1.000000000000000000e+00,-1.000000000000000000e+00,-1.107576119564427364e+00,-1.107611130990564519e+00,-1.107715647092729627e+00,-1.107887977867818563e+00,-1.108124840077758355e+00,-1.108420600779963294e+00,-1.108766108936396266e+00,-1.109147009004266105e+00,-1.109541413724786985e+00,-1.109916811981919160e+00,-1.110226118306789411e+00,-1.110402854600816225e+00,-1.110355622871840309e+00,-1.109962323384898752e+00,-1.109065051141820524e+00,-1.107467331487049789e+00,-1.104936400339074032e+00,-1.101214637316152212e+00,-1.096045969847254220e+00,-1.089224791169191464e+00,-1.080675820246939534e+00,-1.070571282248180989e+00,-1.059482068760960960e+00,-1.048531922232579516e+00,-1.039456749892755383e+00,-1.034320977504077366e+00,-1.034320977514834983e+00,-1.039456749921179313e+00,-1.048531922275443007e+00,-1.059482068818821121e+00,-1.070571282304162430e+00,-1.080675820276454591e+00,-1.089224791183146968e+00,-1.096045969863535197e+00,-1.101214637326481283e+00,-1.104936400362342974e+00,-1.107467331577591141e+00,-1.109065051327258411e+00,-1.109962323563663755e+00,-1.110355622903105965e+00,-1.110402854565917252e+00,-1.110226118218980096e+00,-1.109916811836324735e+00,-1.109541413740001703e+00,-1.109147009068742751e+00,-1.108766109165872260e+00,-1.108420601061296473e+00,-1.108124840242892262e+00,-1.107887977870576357e+00,-1.107715646927097009e+00,-1.107611130580583803e+00,-1.107576119324430008e+00,-1.000000000000000000e+00,-1.000000000000000000e+00,-1.000000000000000000e+00,-1.000000000000000000e+00,-1.000000000000000000e+00,-1.000000000000000000e+00,-1.000000000000000000e+00,-1.000000000000000000e+00,-1.000000000000000000e+00,-1.000000000000000000e+00,-1.000000000000000000e+00,-1.000000000000000000e+00,-1.000000000000000000e+00,-1.000000000000000000e+00,-1.000000000000000000e+00,-1.000000000000000000e+00,-1.000000000000000000e+00,-1.000000000000000000e+00,-1.000000000000000000e+00,-1.000000000000000000e+00,-1.000000000000000000e+00,-1.000000000000000000e+00,-1.000000000000000000e+00,-1.000000000000000000e+00,-1.000000000000000000e+00,-1.000000000000000000e+00,-1.000000000000000000e+00,-1.000000000000000000e+00,-1.000000000000000000e+00,-1.000000000000000000e+00,-1.000000000000000000e+00,-1.000000000000000000e+00,-1.000000000000000000e+00,-1.000000000000000000e+00,-1.000000000000000000e+00,-1.000000000000000000e+00,-1.000000000000000000e+00,-1.000000000000000000e+00,-1.000000000000000000e+00,-1.000000000000000000e+00,-1.000000000000000000e+00,-1.000000000000000000e+00
-1.000000000000000000e+00,-1.000000000000000000e+00,-1.000000000000000000e+00,-1.000000000000000000e+00,-1.000000000000000000e+00,-1.000000000000000000e+00,-1.000000000000000000e+00,-1.000000000000000000e+00,-1.000000000000000000e+00,-1.000000000000000000e+00,-1.000000000000000000e+00,-1.000000000000000000e+00,-1.000000000000000000e+00,-1.000000000000000000e+00,-1.000000000000000000e+00,-1.000000000000000000e+00,-1.000000000000000000e+00,-1.000000000000000000e+00,-1.000000000000000000e+00,-1.000000000000000000e+00,-1.000000000000000000e+00,-1.000000000000000000e+00,-1.000000000000000000e+00,-1.000000000000000000e+00,-1.000000000000000000e+00,-1.000000000000000000e+00,-1.000000000000000000e+00,-1.000000000000000000e+00,-1.000000000000000000e+00,-1.000000000000000000e+00,-1.000000000000000000e+00,-1.000000000000000000e+00,-1.000000000000000000e+00,-1.000000000000000000e+00,-1.000000000000000000e+00,-1.000000000000000000e+00,-1.000000000000000000e+00,-1.000000000000000000e+00,-1.000000000000000000e+00,-1.000000000000000000e+00,-1.000000000000000000e+00,-1.000000000000000000e+00,-1.107453893806534806e+00,-1.107489075062162209e+00,-1.107594099084902028e+00,-1.107767270803494020e+00,-1.108005297327889771e+00,-1.108302529452338092e+00,-1.108649790151587933e+00,-1.109032683555090104e+00,-1.109429261230809427e+00,-1.109806921175753081e+00,-1.110118445619435290e+00,-1.110297167920434536e+00,-1.110251427427560111e+00,-1.109858767558204118e+00,-1.108960812235196380e+00,-1.107360485959775653e+00,-1.104824291000404468e+00,-1.101093763020054794e+00,-1.095911943065788430e+00,-1.089072436538815580e+00,-1.080499521352256798e+00,-1.070365716022775526e+00,-1.059243471210921994e+00,-1.048259940909749943e+00,-1.039156608000228132e+00,-1.034004773225410956e+00,-1.034004773221376849e+00,-1.039156607993222403e+00,-1.048259940911757226e+00,-1.059243471239775136e+00,-1.070365716083719221e+00,-1.080499521415608122e+00,-1.089072436581079106e+00,-1.095911943103538677e+00,-1.101093763064802999e+00,-1.104824291032605377e+00,-1.107360485972298747e+00,-1.108960812303019239e+00,-1.109858767720641293e+00,-1.110251427543240688e+00,-1.110297167963866238e+00,-1.110118445610617233e+00,-1.109806921038588801e+00,-1.109429261162140801e+00,-1.109032683520354112e+00,-1.108649790225841869e+00,-1.108302529677808401e+00,-1.108005297530672228e+00,-1.107767270932460191e+00,-1.107594099095393636e+00,-1.107489074776241811e+00,-1.107453893546962664e+00,-1.000000000000000000e+00,-1.000000000000000000e+00,-1.000000000000000000e+00,-1.000000000000000000e+00,-1.000000000000000000e+00,-1.000000000000000000e+00,-1.000000000000000000e+00,-1.000000000000000000e+00,-1.000000000000000000e+00,-1.000000000000000000e+00,-1.000000000000000000e+00,-1.000000000000000000e+00,-1.000000000000000000e+00,-1.000000000000000000e+00,-1.000000000000000000e+00,-1.000000000000000000e+00,-1.000000000000000000e+00,-1.000000000000000000e+00,-1.000000000000000000e+00,-1.000000000000000000e+00,-1.000000000000000000e+00,-1.000000000000000000e+00,-1.000000000000000000e+00,-1.000000000000000000e+00,-1.000000000000000000e+00,-1.000000000000000000e+00,-1.000000000000000000e+00,-1.000000000000000000e+00,-1.000000000000000000e+00,-1.000000000000000000e+00,-1.000000000000000000e+00,-1.000000000000000000e+00,-1.000000000000000000e+00,-1.000000000000000000e+00,-1.000000000000000000e+00,-1.000000000000000000e+00,-1.000000000000000000e+00,-1.000000000000000000e+00,-1.000000000000000000e+00,-1.000000000000000000e+00,-1.000000000000000000e+00,-1.000000000000000000e+00
-1.000000000000000000e+00,-1.000000000000000000e+00,-1.000000000000000000e+00,-1.000000000000000000e+00,-1.000000000000000000e+00,-1.000000000000000000e+00,-1.000000000000000000e+00,-1.000000000000000000e+00,-1.000000000000000000e+00,-1.000000000000000000e+00,-1.000000000000000000e+00,-1.000000000000000000e+00,-1.000000000000000000e+00,-1.000000000000000000e+00,-1.000000000000000000e+00,-1.000000000000000000e+00,-1.000000000000000000e+00,-1.000000000000000000e+00,-1.000000000000000000e+00,-1.000000000000000000e+00,-1.000000000000000000e+00,-1.000000000000000000e+00,-1.000000000000000000e+00,-1.000000000000000000e+00,-1.000000000000000000e+00,-1.000000000000000000e+00,-1.000000000000000000e+00,-1.000000000000000000e+00,-1.000000000000000000e+00,-1.000000000000000000e+00,-1.000000000000000000e+00,-1.000000000000000000e+00,-1.000000000000000000e+00,-1.000000000000000000e+00,-1.000000000000000000e+00,-1.000000000000000000e+00,-1.000000000000000000e+00,-1.000000000000000000e+00,-1.000000000000000000e+00,-1.000000000000000000e+00,-1.000000000000000000e+00,-1.000000000000000000e+00,-1.107307220730485486e+00,-1.107342588040865161e+00,-1.107448168481145689e+00,-1.107622261345127201e+00,-1.107861563036199426e+00,-1.108160406350291227e+00,-1.108509585561257005e+00,-1.108894660345557170e+00,-1.109293614949154128e+00,-1.109673747478570505e+00,-1.109987694914758904e+00,-1.110168583811752541e+00,-1.110124465649198200e+00,-1.109732493033172229e+00,-1.108833774335474143e+00,-1.107230576961143909e+00,-1.104688601454163255e+00,-1.100948462023480623e+00,-1.095752233043920443e+00,-1.088892662331802264e+00,-1.080293550539307867e+00,-1.070127742182377606e+00,-1.058969396136407504e+00,-1.047949395090338465e+00,-1.038815308156923356e+00,-1.033645934423357948e+00,-1.033645934418505385e+00,-1.038815308151089356e+00,-1.047949395094459391e+00,-1.058969396159693765e+00,-1.070127742240133850e+00,-1.080293550620385234e+00,-1.088892662390092525e+00,-1.095752233059674730e+00,-1.100948462035146180e+00,-1.104688601498601486e+00,-1.107230577001933947e+00,-1.108833774367091074e+00,-1.109732493143705367e+00,-1.110124465783890013e+00,-1.110168583901161243e+00,-1.109987694979740702e+00,-1.109673747396963117e+00,-1.109293614843894771e+00,-1.108894660251126929e+00,-1.108509585499337424e+00,-1.108160406463494896e+00,-1.107861563204008304e+00,-1.107622261517466677e+00,-1.107448168623212714e+00,-1.107342587922107491e+00,-1.107307220561217997e+00,-1.000000000000000000e+00,-1.000000000000000000e+00,-1.000000000000000000e+00,-1.000000000000000000e+00,-1.000000000000000000e+00,-1.000000000000000000e+00,-1.000000000000000000e+00,-1.000000000000000000e+00,-1.000000000000000000e+00,-1.000000000000000000e+00,-1.000000000000000000e+00,-1.000000000000000000e+00,-1.000000000000000000e+00,-1.000000000000000000e+00,-1.000000000000000000e+00,-1.000000000000000000e+00,-1.000000000000000000e+00,-1.000000000000000000e+00,-1.000000000000000000e+00,-1.000000000000000000e+00,-1.000000000000000000e+00,-1.000000000000000000e+00,-1.000000000000000000e+00,-1.000000000000000000e+00,-1.000000000000000000e+00,-1.000000000000000000e+00,-1.000000000000000000e+00,-1.000000000000000000e+00,-1.000000000000000000e+00,-1.000000000000000000e+00,-1.000000000000000000e+00,-1.000000000000000000e+00,-1.000000000000000000e+00,-1.000000000000000000e+00,-1.000000000000000000e+00,-1.000000000000000000e+00,-1.000000000000000000e+00,-1.000000000000000000e+00,-1.000000000000000000e+00,-1.000000000000000000e+00,-1.000000000000000000e+00,-1.000000000000000000e+00
-1.000000000000000000e+00,-1.000000000000000000e+00,-1.000000000000000000e+00,-1.000000000000000000e+00,-1.000000000000000000e+00,-1.000000000000000000e+00,-1.000000000000000000e+00,-1.000000000000000000e+00,-1.000000000000000000e+00,-1.000000000000000000e+00,-1.000000000000000000e+00,-1.000000000000000000e+00,-1.000000000000000000e+00,-1.000000000000000000e+00,-1.000000000000000000e+00,-1.000000000000000000e+00,-1.000000000000000000e+00,-1.000000000000000000e+00,-1.000000000000000000e+00,-1.000000000000000000e+00,-1.000000000000000000e+00,-1.000000000000000000e+00,-1.000000000000000000e+00,-1.000000000000000000e+00,-1.000000000000000000e+00,-1.000000000000000000e+00,-1.000000000000000000e+00,-1.000000000000000000e+00,-1.000000000000000000e+00,-1.000000000000000000e+00,-1.000000000000000000e+00,-1.000000000000000000e+00,-1.000000000000000000e+00,-1.000000000000000000e+00,-1.000000000000000000e+00,-1.000000000000000000e+00,-1.000000000000000000e+00,-1.000000000000000000e+00,-1.000000000000000000e+00,-1.000000000000000000e+00,-1.000000000000000000e+00,-1.000000000000000000e+00,-1.107132792970459079e+00,-1.107168363792045973e+00,-1.107274552820314506e+00,-1.107449653081800101e+00,-1.107690349101897453e+00,-1.107990953769500742e+00,-1.108342229696661629e+00,-1.108729687633136729e+00,-1.109131237867216901e+00,-1.109514068934364106e+00,-1.109830658687528171e+00,-1.110013907346057760e+00,-1.109971551611085738e+00,-1.109580317082830003e+00,-1.108680749256760079e+00,-1.107074398661900272e+00,-1.104526091878552441e+00,-1.100775439554340984e+00,-1.095563464504679230e+00,-1.088681983476239123e+00,-1.080054282168843471e+00,-1.069853566565638348e+00,-1.058655862656548763e+00,-1.047596118354776618e+00,-1.038428529593024008e+00,-1.033240052837016920e+00,-1.033240052831878808e+00,-1.038428529588391491e+00,-1.047596118362658091e+00,-1.058655862675554449e+00,-1.069853566605008632e+00,-1.080054282246937225e+00,-1.088681983574627532e+00,-1.095563464563769740e+00,-1.100775439550959023e+00,-1.104526091875316363e+00,-1.107074398689961825e+00,-1.108680749277505706e+00,-1.109580317150145490e+00,-1.109971551733687445e+00,-1.110013907452632731e+00,-1.109830658809459303e+00,-1.109514068947292209e+00,-1.109131237792061242e+00,-1.108729687538669184e+00,-1.108342229551395608e+00,-1.107990953748416940e+00,-1.107690349168531929e+00,-1.107449653202216000e+00,-1.107274552999557571e+00,-1.107168363810660638e+00,-1.107132792943354316e+00,-1.000000000000000000e+00,-1.000000000000000000e+00,-1.000000000000000000e+00,-1.000000000000000000e+00,-1.000000000000000000e+00,-1.000000000000000000e+00,-1.000000000000000000e+00,-1.000000000000000000e+00,-1.000000000000000000e+00,-1.000000000000000000e+00,-1.000000000000000000e+00,-1.000000000000000000e+00,-1.000000000000000000e+00,-1.000000000000000000e+00,-1.000000000000000000e+00,-1.000000000000000000e+00,-1.000000000000000000e+00,-1.000000000000000000e+00,-1.000000000000000000e+00,-1.000000000000000000e+00,-1.000000000000000000e+00,-1.000000000000000000e+00,-1.000000000000000000e+00,-1.000000000000000000e+00,-1.000000000000000000e+00,-1.000000000000000000e+00,-1.000000000000000000e+00,-1.000000000000000000e+00,-1.000000000000000000e+00,-1.000000000000000000e+00,-1.000000000000000000e+00,-1.000000000000000000e+00,-1.000000000000000000e+00,-1.000000000000000000e+00,-1.000000000000000000e+00,-1.000000000000000000e+00,-1.000000000000000000e+00,-1.000000000000000000e+00,-1.000000000000000000e+00,-1.000000000000000000e+00,-1.000000000000000000e+00,-1.000000000000000000e+00
-1.000000000000000000e+00,-1.000000000000000000e+00,-1.000000000000000000e+00,-1.000000000000000000e+00,-1.000000000000000000e+00,-1.000000000000000000e+00,-1.000000000000000000e+00,-1.000000000000000000e+00,-1.000000000000000000e+00,-1.000000000000000000e+00,-1.000000000000000000e+00,-1.000000000000000000e+00,-1.000000000000000000e+00,-1.000000000000000000e+00,-1.000000000000000000e+00,-1.000000000000000000e+00,-1.000000000000000000e+00,-1.000000000000000000e+00,-1.000000000000000000e+00,-1.000000000000000000e+00,-1.000000000000000000e+00,-1.000000000000000000e+00,-1.000000000000000000e+00,-1.000000000000000000e+00,-1.000000000000000000e+00,-1.000000000000000000e+00,-1.000000000000000000e+00,-1.000000000000000000e+00,-1.000000000000000000e+00,-1.000000000000000000e+00,-1.000000000000000000e+00,-1.000000000000000000e+00,-1.000000000000000000e+00,-1.000000000000000000e+00,-1.000000000000000000e+00,-1.000000000000000000e+00,-1.000000000000000000e+00,-1.000000000000000000e+00,-1.000000000000000000e+00,-1.000000000000000000e+00,-1.000000000000000000e+00,-1.000000000000000000e+00,-1.106927042624060054e+00,-1.106962835836162284e+00,-1.107069689868526163e+00,-1.107245890770750307e+00,-1.107488109878241644e+00,-1.107790638052974952e+00,-1.108144202988453175e+00,-1.108534261627947215e+00,-1.108938643113297928e+00,-1.109324415973792721e+00,-1.109643884027138094e+00,-1.109829700238658345e+00,-1.109789257768521553e+00,-1.109398816591314452e+00,-1.108498308906352703e+00,-1.106888504768321013e+00,-1.104333280051344568e+00,-1.100571154757127523e+00,-1.095342010296603386e+00,-1.088436654843072837e+00,-1.079777819875674449e+00,-1.069539111382518115e+00,-1.058298591921346343e+00,-1.047195632068240956e+00,-1.037991627495054248e+00,-1.032782389473064333e+00,-1.032782389471337048e+00,-1.037991627495469915e+00,-1.047195632081243444e+00,-1.058298591945698197e+00,-1.069539111407099563e+00,-1.079777819910937575e+00,-1.088436654920241331e+00,-1.095342010402655220e+00,-1.100571154820917608e+00,-1.104333280062200995e+00,-1.106888504780476179e+00,-1.108498308907301722e+00,-1.109398816606385729e+00,-1.109789257843560861e+00,-1.109829700317845891e+00,-1.109643884152240689e+00,-1.109324416066148844e+00,-1.108938643109028455e+00,-1.108534261594597226e+00,-1.108144202849257409e+00,-1.107790637945937462e+00,-1.107488109838438817e+00,-1.107245890787121656e+00,-1.107069689989220285e+00,-1.106962835905789921e+00,-1.106927042708291786e+00,-1.000000000000000000e+00,-1.000000000000000000e+00,-1.000000000000000000e+00,-1.000000000000000000e+00,-1.000000000000000000e+00,-1.000000000000000000e+00,-1.000000000000000000e+00,-1.000000000000000000e+00,-1.000000000000000000e+00,-1.000000000000000000e+00,-1.000000000000000000e+00,-1.000000000000000000e+00,-1.000000000000000000e+00,-1.000000000000000000e+00,-1.000000000000000000e+00,-1.000000000000000000e+00,-1.000000000000000000e+00,-1.000000000000000000e+00,-1.000000000000000000e+00,-1.000000000000000000e+00,-1.000000000000000000e+00,-1.000000000000000000e+00,-1.000000000000000000e+00,-1.000000000000000000e+00,-1.000000000000000000e+00,-1.000000000000000000e+00,-1.000000000000000000e+00,-1.000000000000000000e+00,-1.000000000000000000e+00,-1.000000000000000000e+00,-1.000000000000000000e+00,-1.000000000000000000e+00,-1.000000000000000000e+00,-1.000000000000000000e+00,-1.000000000000000000e+00,-1.000000000000000000e+00,-1.000000000000000000e+00,-1.000000000000000000e+00,-1.000000000000000000e+00,-1.000000000000000000e+00,-1.000000000000000000e+00,-1.000000000000000000e+00
-1.000000000000000000e+00,-1.000000000000000000e+00,-1.000000000000000000e+00,-1.000000000000000000e+00,-1.000000000000000000e+00,-1.000000000000000000e+00,-1.000000000000000000e+00,-1.000000000000000000e+00,-1.000000000000000000e+00,-1.000000000000000000e+00,-1.000000000000000000e+00,-1.000000000000000000e+00,-1.000000000000000000e+00,-1.000000000000000000e+00,-1.000000000000000000e+00,-1.000000000000000000e+00,-1.000000000000000000e+00,-1.000000000000000000e+00,-1.000000000000000000e+00,-1.000000000000000000e+00,-1.000000000000000000e+00,-1.000000000000000000e+00,-1.000000000000000000e+00,-1.000000000000000000e+00,-1.000000000000000000e+00,-1.000000000000000000e+00,-1.000000000000000000e+00,-1.000000000000000000e+00,-1.000000000000000000e+00,-1.000000000000000000e+00,-1.000000000000000000e+00,-1.000000000000000000e+00,-1.000000000000000000e+00,-1.000000000000000000e+00,-1.000000000000000000e+00,-1.000000000000000000e+00,-1.000000000000000000e+00,-1.000000000000000000e+00,-1.000000000000000000e+00,-1.000000000000000000e+00,-1.000000000000000000e+00,-1.000000000000000000e+00,-1.106686131660127081e+00,-1.106722167816608149e+00,-1.106829748256371815e+00,-1.107007151239029152e+00,-1.107251033422838704e+00,-1.107555661265149816e+00,-1.107911723929213110e+00,-1.108304619193947405e+00,-1.108712087227997189e+00,-1.109101065267297015e+00,-1.109423667046046891e+00,-1.109612275831716843e+00,-1.109573910461965740e+00,-1.109184324034781843e+00,-1.108282781685444585e+00,-1.106669205272766465e+00,-1.104106438367280063e+00,-1.100331817881953667e+00,-1.095083988648452245e+00,-1.088152668451261906e+00,-1.079459993603520740e+00,-1.069180011962424626e+00,-1.057893003480885996e+00,-1.046743141333706273e+00,-1.037499628591773471e+00,-1.032267869970046492e+00,-1.032267869979935915e+00,-1.037499628612393421e+00,-1.046743141358826179e+00,-1.057893003518530328e+00,-1.069180012004306901e+00,-1.079459993626178171e+00,-1.088152668472030626e+00,-1.095083988715848999e+00,-1.100331817975680915e+00,-1.104106438429491632e+00,-1.106669205314965598e+00,-1.108282781702456976e+00,-1.109184324028047008e+00,-1.109573910494206617e+00,-1.109612275869749753e+00,-1.109423667126916868e+00,-1.109101065379979989e+00,-1.108712087271447766e+00,-1.108304619222882925e+00,-1.107911723851558117e+00,-1.107555661143224457e+00,-1.107251033323108924e+00,-1.107007151164293601e+00,-1.106829748273698399e+00,-1.106722167855725969e+00,-1.106686131783945148e+00,-1.000000000000000000e+00,-1.000000000000000000e+00,-1.000000000000000000e+00,-1.000000000000000000e+00,-1.000000000000000000e+00,-1.000000000000000000e+00,-1.000000000000000000e+00,-1.000000000000000000e+00,-1.000000000000000000e+00,-1.000000000000000000e+00,-1.000000000000000000e+00,-1.000000000000000000e+00,-1.000000000000000000e+00,-1.000000000000000000e+00,-1.000000000000000000e+00,-1.000000000000000000e+00,-1.000000000000000000e+00,-1.000000000000000000e+00,-1.000000000000000000e+00,-1.000000000000000000e+00,-1.000000000000000000e+00,-1.000000000000000000e+00,-1.000000000000000000e+00,-1.000000000000000000e+00,-1.000000000000000000e+00,-1.000000000000000000e+00,-1.000000000000000000e+00,-1.000000000000000000e+00,-1.000000000000000000e+00,-1.000000000000000000e+00,-1.000000000000000000e+00,-1.000000000000000000e+00,-1.000000000000000000e+00,-1.000000000000000000e+00,-1.000000000000000000e+00,-1.000000000000000000e+00,-1.000000000000000000e+00,-1.000000000000000000e+00,-1.000000000000000000e+00,-1.000000000000000000e+00,-1.000000000000000000e+00,-1.000000000000000000e+00
-1.000000000000000000e+00,-1.000000000000000000e+00,-1.000000000000000000e+00,-1.000000000000000000e+00,-1.000000000000000000e+00,-1.000000000000000000e+00,-1.000000000000000000e+00,-1.000000000000000000e+00,-1.000000000000000000e+00,-1.000000000000000000e+00,-1.000000000000000000e+00,-1.000000000000000000e+00,-1.000000000000000000e+00,-1.000000000000000000e+00,-1.000000000000000000e+00,-1.000000000000000000e+00,-1.000000000000000000e+00,-1.000000000000000000e+00,-1.000000000000000000e+00,-1.000000000000000000e+00,-1.000000000000000000e+00,-1.000000000000000000e+00,-1.000000000000000000e+00,-1.000000000000000000e+00,-1.000000000000000000e+00,-1.000000000000000000e+00,-1.000000000000000000e+00,-1.000000000000000000e+00,-1.000000000000000000e+00,-1.000000000000000000e+00,-1.000000000000000000e+00,-1.000000000000000000e+00,-1.000000000000000000e+00,-1.000000000000000000e+00,-1.000000000000000000e+00,-1.000000000000000000e+00,-1.000000000000000000e+00,-1.000000000000000000e+00,-1.000000000000000000e+00,-1.000000000000000000e+00,-1.000000000000000000e+00,-1.000000000000000000e+00,-1.106405942292955080e+00,-1.106442243952441506e+00,-1.106550618171085798e+00,-1.106729334467324133e+00,-1.106975033103473116e+00,-1.107281953424619214e+00,-1.107640742013260571e+00,-1.108036731554125298e+00,-1.108447564672800700e+00,-1.108840035054697637e+00,-1.109166049027478396e+00,-1.109357696037632568e+00,-1.109321587616179272e+00,-1.108932925880774745e+00,-1.108030251518152376e+00,-1.106412566025933408e+00,-1.103841593849810065e+00,-1.100053390614848192e+00,-1.094785263683712317e+00,-1.087825754026980674e+00,-1.079096360075992189e+00,-1.068771617024051324e+00,-1.057434215274805078e+00,-1.046233534671894949e+00,-1.036947230563435074e+00,-1.031691083845695189e+00,-1.031691083863498726e+00,-1.036947230600224756e+00,-1.046233534701959567e+00,-1.057434215300680158e+00,-1.068771617065289448e+00,-1.079096360121965859e+00,-1.087825754053251659e+00,-1.094785263718009327e+00,-1.100053390687660171e+00,-1.103841593926685238e+00,-1.106412566092175087e+00,-1.108030251563962620e+00,-1.108932925881346732e+00,-1.109321587627822181e+00,-1.109357696051400666e+00,-1.109166049060027248e+00,-1.108840035149974312e+00,-1.108447564733006985e+00,-1.108036731616235615e+00,-1.107640742003472178e+00,-1.107281953332051039e+00,-1.106975032990234586e+00,-1.106729334342013704e+00,-1.106550618088905535e+00,-1.106442243917624690e+00,-1.106405942391014641e+00,-1.000000000000000000e+00,-1.000000000000000000e+00,-1.000000000000000000e+00,-1.000000000000000000e+00,-1.000000000000000000e+00,-1.000000000000000000e+00,-1.000000000000000000e+00,-1.000000000000000000e+00,-1.000000000000000000e+00,-1.000000000000000000e+00,-1.000000000000000000e+00,-1.000000000000000000e+00,-1.000000000000000000e+00,-1.000000000000000000e+00,-1.000000000000000000e+00,-1.000000000000000000e+00,-1.000000000000000000e+00,-1.000000000000000000e+00,-1.000000000000000000e+00,-1.000000000000000000e+00,-1.000000000000000000e+00,-1.000000000000000000e+00,-1.000000000000000000e+00,-1.000000000000000000e+00,-1.000000000000000000e+00,-1.000000000000000000e+00,-1.000000000000000000e+00,-1.000000000000000000e+00,-1.000000000000000000e+00,-1.000000000000000000e+00,-1.000000000000000000e+00,-1.000000000000000000e+00,-1.000000000000000000e+00,-1.000000000000000000e+00,-1.000000000000000000e+00,-1.000000000000000000e+00,-1.000000000000000000e+00,-1.000000000000000000e+00,-1.000000000000000000e+00,-1.000000000000000000e+00,-1.000000000000000000e+00,-1.000000000000000000e+00
-1.000000000000000000e+00,-1.000000000000000000e+00,-1.000000000000000000e+00,-1.000000000000000000e+00,-1.000000000000000000e+00,-1.000000000000000000e+00,-1.000000000000000000e+00,-1.000000000000000000e+00,-1.000000000000000000e+00,-1.000000000000000000e+00,-1.000000000000000000e+00,-1.000000000000000000e+00,-1.000000000000000000e+00,-1.000000000000000000e+00,-1.000000000000000000e+00,-1.000000000000000000e+00,-1.000000000000000000e+00,-1.000000000000000000e+00,-1.000000000000000000e+00,-1.000000000000000000e+00,-1.000000000000000000e+00,-1.000000000000000000e+00,-1.000000000000000000e+00,-1.000000000000000000e+00,-1.000000000000000000e+00,-1.000000000000000000e+00,-1.000000000000000000e+00,-1.000000000000000000e+00,-1.000000000000000000e+00,-1.000000000000000000e+00,-1.000000000000000000e+00,-1.000000000000000000e+00,-1.000000000000000000e+00,-1.000000000000000000e+00,-1.000000000000000000e+00,-1.000000000000000000e+00,-1.000000000000000000e+00,-1.000000000000000000e+00,-1.000000000000000000e+00,-1.000000000000000000e+00,-1.000000000000000000e+00,-1.000000000000000000e+00,-1.106082067399453805e+00,-1.106118659572387308e+00,-1.106227902235356275e+00,-1.106408055028060611e+00,-1.106655739788432902e+00,-1.106965165607848078e+00,-1.107326931876210452e+00,-1.107726299548551951e+00,-1.108140804252991884e+00,-1.108537082748117131e+00,-1.108866815197067313e+00,-1.109061771245203110e+00,-1.109028119726422901e+00,-1.108640464582023810e+00,-1.107736560764485567e+00,-1.106114412465820651e+00,-1.103534532578122729e+00,-1.099731591068729086e+00,-1.094441450824352513e+00,-1.087451384654872344e+00,-1.078682208526489328e+00,-1.068308994331188977e+00,-1.056917049101272710e+00,-1.045661389252996454e+00,-1.036328807065806101e+00,-1.031046289417553830e+00,-1.031046289430476826e+00,-1.036328807103059191e+00,-1.045661389297632526e+00,-1.056917049129130648e+00,-1.068308994352065611e+00,-1.078682208567068423e+00,-1.087451384702655677e+00,-1.094441450866656451e+00,-1.099731591129714081e+00,-1.103534532651169631e+00,-1.106114412537356095e+00,-1.107736560830960615e+00,-1.108640464603039222e+00,-1.109028119733646012e+00,-1.109061771249905570e+00,-1.108866815192229183e+00,-1.108537082806311691e+00,-1.108140804306179561e+00,-1.107726299613181808e+00,-1.107326931915320278e+00,-1.106965165564317344e+00,-1.106655739698116703e+00,-1.106408054900835269e+00,-1.106227902089916393e+00,-1.106118659459492504e+00,-1.106082067430982807e+00,-1.000000000000000000e+00,-1.000000000000000000e+00,-1.000000000000000000e+00,-1.000000000000000000e+00,-1.000000000000000000e+00,-1.000000000000000000e+00,-1.000000000000000000e+00,-1.000000000000000000e+00,-1.000000000000000000e+00,-1.000000000000000000e+00,-1.000000000000000000e+00,-1.000000000000000000e+00,-1.000000000000000000e+00,-1.000000000000000000e+00,-1.000000000000000000e+00,-1.000000000000000000e+00,-1.000000000000000000e+00,-1.000000000000000000e+00,-1.000000000000000000e+00,-1.000000000000000000e+00,-1.000000000000000000e+00,-1.000000000000000000e+00,-1.000000000000000000e+00,-1.000000000000000000e+00,-1.000000000000000000e+00,-1.000000000000000000e+00,-1.000000000000000000e+00,-1.000000000000000000e+00,-1.000000000000000000e+00,-1.000000000000000000e+00,-1.000000000000000000e+00,-1.000000000000000000e+00,-1.000000000000000000e+00,-1.000000000000000000e+00,-1.000000000000000000e+00,-1.000000000000000000e+00,-1.000000000000000000e+00,-1.000000000000000000e+00,-1.000000000000000000e+00,-1.000000000000000000e+00,-1.000000000000000000e+00,-1.000000000000000000e+00
-1.000000000000000000e+00,-1.000000000000000000e+00,-1.000000000000000000e+00,-1.000000000000000000e+00,-1.000000000000000000e+00,-1.000000000000000000e+00,-1.000000000000000000e+00,-1.000000000000000000e+00,-1.000000000000000000e+00,-1.000000000000000000e+00,-1.000000000000000000e+00,-1.000000000000000000e+00,-1.000000000000000000e+00,-1.000000000000000000e+00,-1.000000000000000000e+00,-1.000000000000000000e+00,-1.000000000000000000e+00,-1.000000000000000000e+00,-1.000000000000000000e+00,-1.000000000000000000e+00,-1.000000000000000000e+00,-1.000000000000000000e+00,-1.000000000000000000e+00,-1.000000000000000000e+00,-1.000000000000000000e+00,-1.000000000000000000e+00,-1.000000000000000000e+00,-1.000000000000000000e+00,-1.000000000000000000e+00,-1.000000000000000000e+00,-1.000000000000000000e+00,-1.000000000000000000e+00,-1.000000000000000000e+00,-1.000000000000000000e+00,-1.000000000000000000e+00,-1.000000000000000000e+00,-1.000000000000000000e+00,-1.000000000000000000e+00,-1.000000000000000000e+00,-1.000000000000000000e+00,-1.000000000000000000e+00,-1.000000000000000000e+00,-1.105709800869282722e+00,-1.105746711641052649e+00,-1.105856906547763918e+00,-1.106038633949469441e+00,-1.106288494805589107e+00,-1.106600664229765663e+00,-1.106965689072754611e+00,-1.107368751030909371e+00,-1.107787268201501307e+00,-1.108187705723846506e+00,-1.108521497203204920e+00,-1.108720064436728103e+00,-1.108689095534866054e+00,-1.108302545713201193e+00,-1.107397318699403721e+00,-1.105770339303540073e+00,-1.103180810428682213e+00,-1.099361905416883722e+00,-1.094047929142685449e+00,-1.087024789667810687e+00,-1.078212573942868291e+00,-1.067786944117740111e+00,-1.056336044074570157e+00,-1.045020984284930510e+00,-1.035638421011926269e+00,-1.030327427017714514e+00,-1.030327427017816433e+00,-1.035638421028865608e+00,-1.045020984333289382e+00,-1.056336044128194818e+00,-1.067786944150090012e+00,-1.078212573972807897e+00,-1.087024789711885875e+00,-1.094047929188739721e+00,-1.099361905473049239e+00,-1.103180810496897868e+00,-1.105770339373057132e+00,-1.107397318777996631e+00,-1.108302545762851476e+00,-1.108689095556517845e+00,-1.108720064450870790e+00,-1.108521497182170634e+00,-1.108187705739401396e+00,-1.107787268227490740e+00,-1.107368751067833612e+00,-1.106965689124256302e+00,-1.106600664228193365e+00,-1.106288494754619434e+00,-1.106038633858776654e+00,-1.105856906387076677e+00,-1.105746711478160726e+00,-1.105709800830445122e+00,-1.000000000000000000e+00,-1.000000000000000000e+00,-1.000000000000000000e+00,-1.000000000000000000e+00,-1.000000000000000000e+00,-1.000000000000000000e+00,-1.000000000000000000e+00,-1.000000000000000000e+00,-1.000000000000000000e+00,-1.000000000000000000e+00,-1.000000000000000000e+00,-1.000000000000000000e+00,-1.000000000000000000e+00,-1.000000000000000000e+00,-1.000000000000000000e+00,-1.000000000000000000e+00,-1.000000000000000000e+00,-1.000000000000000000e+00,-1.000000000000000000e+00,-1.000000000000000000e+00,-1.000000000000000000e+00,-1.000000000000000000e+00,-1.000000000000000000e+00,-1.000000000000000000e+00,-1.000000000000000000e+00,-1.000000000000000000e+00,-1.000000000000000000e+00,-1.000000000000000000e+00,-1.000000000000000000e+00,-1.000000000000000000e+00,-1.000000000000000000e+00,-1.000000000000000000e+00,-1.000000000000000000e+00,-1.000000000000000000e+00,-1.000000000000000000e+00,-1.000000000000000000e+00,-1.000000000000000000e+00,-1.000000000000000000e+00,-1.000000000000000000e+00,-1.000000000000000000e+00,-1.000000000000000000e+00,-1.000000000000000000e+00
-1.000000000000000000e+00,-1.000000000000000000e+00,-1.000000000000000000e+00,-1.000000000000000000e+00,-1.000000000000000000e+00,-1.000000000000000000e+00,-1.000000000000000000e+00,-1.000000000000000000e+00,-1.000000000000000000e+00,-1.000000000000000000e+00,-1.000000000000000000e+00,-1.000000000000000000e+00,-1.000000000000000000e+00,-1.000000000000000000e+00,-1.000000000000000000e+00,-1.000000000000000000e+00,-1.000000000000000000e+00,-1.000000000000000000e+00,-1.000000000000000000e+00,-1.000000000000000000e+00,-1.000000000000000000e+00,-1.000000000000000000e+00,-1.000000000000000000e+00,-1.000000000000000000e+00,-1.000000000000000000e+00,-1.000000000000000000e+00,-1.000000000000000000e+00,-1.000000000000000000e+00,-1.000000000000000000e+00,-1.000000000000000000e+00,-1.000000000000000000e+00,-1.000000000000000000e+00,-1.000000000000000000e+00,-1.000000000000000000e+00,-1.000000000000000000e+00,-1.000000000000000000e+00,-1.000000000000000000e+00,-1.000000000000000000e+00,-1.000000000000000000e+00,-1.000000000000000000e+00,-1.000000000000000000e+00,-1.000000000000000000e+00,-1.105284127500319791e+00,-1.105321388904680679e+00,-1.105432631572065949e+00,-1.105616090806517571e+00,-1.105868343632824269e+00,-1.106183526658183869e+00,-1.106552127860819468e+00,-1.106959240989482396e+00,-1.107382154729759760e+00,-1.107787146329776373e+00,-1.108125380551561401e+00,-1.108327900975235591e+00,-1.108299874062000479e+00,-1.107914552112497120e+00,-1.107007917610400627e+00,-1.105375728404658364e+00,-1.102775772550098399e+00,-1.098939608753953578e+00,-1.093599863388046156e+00,-1.086540977613974279e+00,-1.077682260754370791e+00,-1.067200023290125754e+00,-1.055685481169332141e+00,-1.044306325764218890e+00,-1.034869849425814836e+00,-1.029528143876346391e+00,-1.029528143875900525e+00,-1.034869849430209321e+00,-1.044306325789827739e+00,-1.055685481221516842e+00,-1.067200023347288251e+00,-1.077682260804476266e+00,-1.086540977665201524e+00,-1.093599863436588659e+00,-1.098939608804293311e+00,-1.102775772609285942e+00,-1.105375728463590335e+00,-1.107007917684816878e+00,-1.107914552181934909e+00,-1.108299874105118432e+00,-1.108327901012656991e+00,-1.108125380543142358e+00,-1.107787146320847071e+00,-1.107382154729249280e+00,-1.106959240987048121e+00,-1.106552127889804060e+00,-1.106183526670123429e+00,-1.105868343608547022e+00,-1.105616090761014858e+00,-1.105432631430102619e+00,-1.105321388731718590e+00,-1.105284127419452922e+00,-1.000000000000000000e+00,-1.000000000000000000e+00,-1.000000000000000000e+00,-1.000000000000000000e+00,-1.000000000000000000e+00,-1.000000000000000000e+00,-1.000000000000000000e+00,-1.000000000000000000e+00,-1.000000000000000000e+00,-1.000000000000000000e+00,-1.000000000000000000e+00,-1.000000000000000000e+00,-1.000000000000000000e+00,-1.000000000000000000e+00,-1.000000000000000000e+00,-1.000000000000000000e+00,-1.000000000000000000e+00,-1.000000000000000000e+00,-1.000000000000000000e+00,-1.000000000000000000e+00,-1.000000000000000000e+00,-1.000000000000000000e+00,-1.000000000000000000e+00,-1.000000000000000000e+00,-1.000000000000000000e+00,-1.000000000000000000e+00,-1.000000000000000000e+00,-1.000000000000000000e+00,-1.000000000000000000e+00,-1.000000000000000000e+00,-1.000000000000000000e+00,-1.000000000000000000e+00,-1.000000000000000000e+00,-1.000000000000000000e+00,-1.000000000000000000e+00,-1.000000000000000000e+00,-1.000000000000000000e+00,-1.000000000000000000e+00,-1.000000000000000000e+00,-1.000000000000000000e+00,-1.000000000000000000e+00,-1.000000000000000000e+00
-1.000000000000000000e+00,-1.000000000000000000e+00,-1.000000000000000000e+00,-1.000000000000000000e+00,-1.000000000000000000e+00,-1.000000000000000000e+00,-1.000000000000000000e+00,-1.000000000000000000e+00,-1.000000000000000000e+00,-1.000000000000000000e+00,-1.000000000000000000e+00,-1.000000000000000000e+00,-1.000000000000000000e+00,-1.000000000000000000e+00,-1.000000000000000000e+00,-1.000000000000000000e+00,-1.000000000000000000e+00,-1.000000000000000000e+00,-1.000000000000000000e+00,-1.000000000000000000e+00,-1.000000000000000000e+00,-1.000000000000000000e+00,-1.000000000000000000e+00,-1.000000000000000000e+00,-1.000000000000000000e+00,-1.000000000000000000e+00,-1.000000000000000000e+00,-1.000000000000000000e+00,-1.000000000000000000e+00,-1.000000000000000000e+00,-1.000000000000000000e+00,-1.000000000000000000e+00,-1.000000000000000000e+00,-1.000000000000000000e+00,-1.000000000000000000e+00,-1.000000000000000000e+00,-1.000000000000000000e+00,-1.000000000000000000e+00,-1.000000000000000000e+00,-1.000000000000000000e+00,-1.000000000000000000e+00,-1.000000000000000000e+00,-1.104799711521798011e+00,-1.104837360776910860e+00,-1.104949762093118348e+00,-1.105135135403736202e+00,-1.105390029883274838e+00,-1.105708537971989758e+00,-1.106081081086262907e+00,-1.106492654794004160e+00,-1.106920404762891996e+00,-1.107330402140155989e+00,-1.107673518332603635e+00,-1.107880385697017411e+00,-1.107855604910997771e+00,-1.107471667211854083e+00,-1.106563558944615444e+00,-1.104925777527397068e+00,-1.102314584452520618e+00,-1.098459798282465760e+00,-1.093092239002285249e+00,-1.085994772823469123e+00,-1.077085880670810791e+00,-1.066542584271037652e+00,-1.054959422828322113e+00,-1.043511186649917821e+00,-1.034016624008758933e+00,-1.028641834878547101e+00,-1.028641834889576057e+00,-1.034016624025569264e+00,-1.043511186662069656e+00,-1.054959422859039542e+00,-1.066542584330462562e+00,-1.077085880741013968e+00,-1.085994772893644100e+00,-1.093092239064454851e+00,-1.098459798336079540e+00,-1.102314584507994688e+00,-1.104925777578262380e+00,-1.106563559006352282e+00,-1.107471667285159667e+00,-1.107855604966491825e+00,-1.107880385752457730e+00,-1.107673518350560382e+00,-1.107330402130059399e+00,-1.106920404752007814e+00,-1.106492654764382966e+00,-1.106081081079962170e+00,-1.105708537971818783e+00,-1.105390029861153645e+00,-1.105135135387959266e+00,-1.104949761978587075e+00,-1.104837360621451658e+00,-1.104799711434527820e+00,-1.000000000000000000e+00,-1.000000000000000000e+00,-1.000000000000000000e+00,-1.000000000000000000e+00,-1.000000000000000000e+00,-1.000000000000000000e+00,-1.000000000000000000e+00,-1.000000000000000000e+00,-1.000000000000000000e+00,-1.000000000000000000e+00,-1.000000000000000000e+00,-1.000000000000000000e+00,-1.000000000000000000e+00,-1.000000000000000000e+00,-1.000000000000000000e+00,-1.000000000000000000e+00,-1.000000000000000000e+00,-1.000000000000000000e+00,-1.000000000000000000e+00,-1.000000000000000000e+00,-1.000000000000000000e+00,-1.000000000000000000e+00,-1.000000000000000000e+00,-1.000000000000000000e+00,-1.000000000000000000e+00,-1.000000000000000000e+00,-1.000000000000000000e+00,-1.000000000000000000e+00,-1.000000000000000000e+00,-1.000000000000000000e+00,-1.000000000000000000e+00,-1.000000000000000000e+00,-1.000000000000000000e+00,-1.000000000000000000e+00,-1.000000000000000000e+00,-1.000000000000000000e+00,-1.000000000000000000e+00,-1.000000000000000000e+00,-1.000000000000000000e+00,-1.000000000000000000e+00,-1.000000000000000000e+00,-1.000000000000000000e+00
-1.000000000000000000e+00,-1.000000000000000000e+00,-1.000000000000000000e+00,-1.000000000000000000e+00,-1.000000000000000000e+00,-1.000000000000000000e+00,-1.000000000000000000e+00,-1.000000000000000000e+00,-1.000000000000000000e+00,-1.000000000000000000e+00,-1.000000000000000000e+00,-1.000000000000000000e+00,-1.000000000000000000e+00,-1.000000000000000000e+00,-1.000000000000000000e+00,-1.000000000000000000e+00,-1.000000000000000000e+00,-1.000000000000000000e+00,-1.000000000000000000e+00,-1.000000000000000000e+00,-1.000000000000000000e+00,-1.000000000000000000e+00,-1.000000000000000000e+00,-1.000000000000000000e+00,-1.000000000000000000e+00,-1.000000000000000000e+00,-1.000000000000000000e+00,-1.000000000000000000e+00,-1.000000000000000000e+00,-1.000000000000000000e+00,-1.000000000000000000e+00,-1.000000000000000000e+00,-1.000000000000000000e+00,-1.000000000000000000e+00,-1.000000000000000000e+00,-1.000000000000000000e+00,-1.000000000000000000e+00,-1.000000000000000000e+00,-1.000000000000000000e+00,-1.000000000000000000e+00,-1.000000000000000000e+00,-1.000000000000000000e+00,-1.104250881910053828e+00,-1.104288963176826677e+00,-1.104402654591086552e+00,-1.104590157620233493e+00,-1.104847988437021034e+00,-1.105170188046622926e+00,-1.105547101723903802e+00,-1.105963614526026761e+00,-1.106396713235790585e+00,-1.106812242257015022e+00,-1.107160752457456043e+00,-1.107372428927442032e+00,-1.107351258849477604e+00,-1.106968909929818556e+00,-1.106059292229860658e+00,-1.104415542969261255e+00,-1.101792278063268071e+00,-1.097917442450419667e+00,-1.092519914003676984e+00,-1.085380869697531558e+00,-1.076417909036822218e+00,-1.065808833082197982e+00,-1.054151772441108026e+00,-1.042629167420161984e+00,-1.033072092473170445e+00,-1.027661704334904780e+00,-1.027661704345181670e+00,-1.033072092493803051e+00,-1.042629167440278115e+00,-1.054151772472390336e+00,-1.065808833137314116e+00,-1.076417909107648896e+00,-1.085380869775257828e+00,-1.092519914079294274e+00,-1.097917442514873887e+00,-1.101792278124523294e+00,-1.104415543023244073e+00,-1.106059292284037099e+00,-1.106968909999607842e+00,-1.107351258908545022e+00,-1.107372428988363744e+00,-1.107160752498469680e+00,-1.106812242258631285e+00,-1.106396713228278372e+00,-1.105963614488769231e+00,-1.105547101688750145e+00,-1.105170188023183897e+00,-1.104847988397763769e+00,-1.104590157610553902e+00,-1.104402654492938174e+00,-1.104288963045515715e+00,-1.104250881840854071e+00,-1.000000000000000000e+00,-1.000000000000000000e+00,-1.000000000000000000e+00,-1.000000000000000000e+00,-1.000000000000000000e+00,-1.000000000000000000e+00,-1.000000000000000000e+00,-1.000000000000000000e+00,-1.000000000000000000e+00,-1.000000000000000000e+00,-1.000000000000000000e+00,-1.000000000000000000e+00,-1.000000000000000000e+00,-1.000000000000000000e+00,-1.000000000000000000e+00,-1.000000000000000000e+00,-1.000000000000000000e+00,-1.000000000000000000e+00,-1.000000000000000000e+00,-1.000000000000000000e+00,-1.000000000000000000e+00,-1.000000000000000000e+00,-1.000000000000000000e+00,-1.000000000000000000e+00,-1.000000000000000000e+00,-1.000000000000000000e+00,-1.000000000000000000e+00,-1.000000000000000000e+00,-1.000000000000000000e+00,-1.000000000000000000e+00,-1.000000000000000000e+00,-1.000000000000000000e+00,-1.000000000000000000e+00,-1.000000000000000000e+00,-1.000000000000000000e+00,-1.000000000000000000e+00,-1.000000000000000000e+00,-1.000000000000000000e+00,-1.000000000000000000e+00,-1.000000000000000000e+00,-1.000000000000000000e+00,-1.000000000000000000e+00
-1.000000000000000000e+00,-1.000000000000000000e+00,-1.000000000000000000e+00,-1.000000000000000000e+00,-1.000000000000000000e+00,-1.000000000000000000e+00,-1.000000000000000000e+00,-1.000000000000000000e+00,-1.000000000000000000e+00,-1.000000000000000000e+00,-1.000000000000000000e+00,-1.000000000000000000e+00,-1.000000000000000000e+00,-1.000000000000000000e+00,-1.000000000000000000e+00,-1.000000000000000000e+00,-1.000000000000000000e+00,-1.000000000000000000e+00,-1.000000000000000000e+00,-1.000000000000000000e+00,-1.000000000000000000e+00,-1.000000000000000000e+00,-1.000000000000000000e+00,-1.000000000000000000e+00,-1.000000000000000000e+00,-1.000000000000000000e+00,-1.000000000000000000e+00,-1.000000000000000000e+00,-1.000000000000000000e+00,-1.000000000000000000e+00,-1.000000000000000000e+00,-1.000000000000000000e+00,-1.000000000000000000e+00,-1.000000000000000000e+00,-1.000000000000000000e+00,-1.000000000000000000e+00,-1.000000000000000000e+00,-1.000000000000000000e+00,-1.000000000000000000e+00,-1.000000000000000000e+00,-1.000000000000000000e+00,-1.000000000000000000e+00,-1.103631611257877010e+00,-1.103670178133548507e+00,-1.103785319015301525e+00,-1.103975212676225670e+00,-1.104236335351548748e+00,-1.104562667045513091e+00,-1.104944464651657077e+00,-1.105366487500918593e+00,-1.105805544607513458e+00,-1.106227229869973350e+00,-1.106581743161403786e+00,-1.106798782710371798e+00,-1.106781670466923106e+00,-1.106401183407972999e+00,-1.105490069509992290e+00,-1.103839999301399422e+00,-1.101203816345643238e+00,-1.097307450028743192e+00,-1.091877692088302876e+00,-1.084693909393689149e+00,-1.075672764664197700e+00,-1.064992911897681083e+00,-1.053256359186649505e+00,-1.041653782733956257e+00,-1.032029506500533378e+00,-1.026580854651112595e+00,-1.026580854650937624e+00,-1.032029506510868000e+00,-1.041653782765133762e+00,-1.053256359233531336e+00,-1.064992911955203070e+00,-1.075672764731040454e+00,-1.084693909471537543e+00,-1.091877692172621650e+00,-1.097307450105325266e+00,-1.101203816417151371e+00,-1.103839999365875846e+00,-1.105490069564194044e+00,-1.106401183472693672e+00,-1.106781670525563310e+00,-1.106798782768046108e+00,-1.106581743215904412e+00,-1.106227229887578378e+00,-1.105805544611108360e+00,-1.105366487472416726e+00,-1.104944464602898080e+00,-1.104562667000104081e+00,-1.104236335286081561e+00,-1.103975212651853388e+00,-1.103785318914009883e+00,-1.103670178016790793e+00,-1.103631611214567210e+00,-1.000000000000000000e+00,-1.000000000000000000e+00,-1.000000000000000000e+00,-1.000000000000000000e+00,-1.000000000000000000e+00,-1.000000000000000000e+00,-1.000000000000000000e+00,-1.000000000000000000e+00,-1.000000000000000000e+00,-1.000000000000000000e+00,-1.000000000000000000e+00,-1.000000000000000000e+00,-1.000000000000000000e+00,-1.000000000000000000e+00,-1.000000000000000000e+00,-1.000000000000000000e+00,-1.000000000000000000e+00,-1.000000000000000000e+00,-1.000000000000000000e+00,-1.000000000000000000e+00,-1.000000000000000000e+00,-1.000000000000000000e+00,-1.000000000000000000e+00,-1.000000000000000000e+00,-1.000000000000000000e+00,-1.000000000000000000e+00,-1.000000000000000000e+00,-1.000000000000000000e+00,-1.000000000000000000e+00,-1.000000000000000000e+00,-1.000000000000000000e+00,-1.000000000000000000e+00,-1.000000000000000000e+00,-1.000000000000000000e+00,-1.000000000000000000e+00,-1.000000000000000000e+00,-1.000000000000000000e+00,-1.000000000000000000e+00,-1.000000000000000000e+00,-1.000000000000000000e+00,-1.000000000000000000e+00,-1.000000000000000000e+00
-1.000000000000000000e+00,-1.000000000000000000e+00,-1.000000000000000000e+00,-1.000000000000000000e+00,-1.000000000000000000e+00,-1.000000000000000000e+00,-1.000000000000000000e+00,-1.000000000000000000e+00,-1.000000000000000000e+00,-1.000000000000000000e+00,-1.000000000000000000e+00,-1.000000000000000000e+00,-1.000000000000000000e+00,-1.000000000000000000e+00,-1.000000000000000000e+00,-1.000000000000000000e+00,-1.000000000000000000e+00,-1.000000000000000000e+00,-1.000000000000000000e+00,-1.000000000000000000e+00,-1.000000000000000000e+00,-1.000000000000000000e+00,-1.000000000000000000e+00,-1.000000000000000000e+00,-1.000000000000000000e+00,-1.000000000000000000e+00,-1.000000000000000000e+00,-1.000000000000000000e+00,-1.000000000000000000e+00,-1.000000000000000000e+00,-1.000000000000000000e+00,-1.000000000000000000e+00,-1.000000000000000000e+00,-1.000000000000000000e+00,-1.000000000000000000e+00,-1.000000000000000000e+00,-1.000000000000000000e+00,-1.000000000000000000e+00,-1.000000000000000000e+00,-1.000000000000000000e+00,-1.000000000000000000e+00,-1.000000000000000000e+00,-1.102935482818302892e+00,-1.102974601854564529e+00,-1.103091389873560368e+00,-1.103283997086165202e+00,-1.103548850283146088e+00,-1.103879855614845251e+00,-1.104267165593624256e+00,-1.104695394603122383e+00,-1.105141150925508020e+00,-1.105569750121536243e+00,-1.105931006529994320e+00,-1.106154087696504362e+00,-1.106141594017883367e+00,-1.105763339333815098e+00,-1.104850817634470461e+00,-1.103194119092458791e+00,-1.100544179913740983e+00,-1.096624763065909836e+00,-1.091160421366349720e+00,-1.083928583776293975e+00,-1.074844918420596818e+00,-1.064089011696758513e+00,-1.052267054174590433e+00,-1.040578580423524135e+00,-1.030882142790646938e+00,-1.025392408445295667e+00,-1.025392408447309611e+00,-1.030882142807775459e+00,-1.040578580463991321e+00,-1.052267054227405962e+00,-1.064089011755504188e+00,-1.074844918488173651e+00,-1.083928583855350958e+00,-1.091160421455516394e+00,-1.096624763153200011e+00,-1.100544179997602789e+00,-1.103194119172067111e+00,-1.104850817697056842e+00,-1.105763339396233391e+00,-1.106141594075079615e+00,-1.106154087746323844e+00,-1.105931006586295506e+00,-1.105569750151959907e+00,-1.105141150941511219e+00,-1.104695394592444035e+00,-1.104267165547759166e+00,-1.103879855557808654e+00,-1.103548850194862929e+00,-1.103283997037869391e+00,-1.103091389752806961e+00,-1.102974601735435378e+00,-1.102935482793019784e+00,-1.000000000000000000e+00,-1.000000000000000000e+00,-1.000000000000000000e+00,-1.000000000000000000e+00,-1.000000000000000000e+00,-1.000000000000000000e+00,-1.000000000000000000e+00,-1.000000000000000000e+00,-1.000000000000000000e+00,-1.000000000000000000e+00,-1.000000000000000000e+00,-1.000000000000000000e+00,-1.000000000000000000e+00,-1.000000000000000000e+00,-1.000000000000000000e+00,-1.000000000000000000e+00,-1.000000000000000000e+00,-1.000000000000000000e+00,-1.000000000000000000e+00,-1.000000000000000000e+00,-1.000000000000000000e+00,-1.000000000000000000e+00,-1.000000000000000000e+00,-1.000000000000000000e+00,-1.000000000000000000e+00,-1.000000000000000000e+00,-1.000000000000000000e+00,-1.000000000000000000e+00,-1.000000000000000000e+00,-1.000000000000000000e+00,-1.000000000000000000e+00,-1.000000000000000000e+00,-1.000000000000000000e+00,-1.000000000000000000e+00,-1.000000000000000000e+00,-1.000000000000000000e+00,-1.000000000000000000e+00,-1.000000000000000000e+00,-1.000000000000000000e+00,-1.000000000000000000e+00,-1.000000000000000000e+00,-1.000000000000000000e+00
-1.000000000000000000e+00,-1.000000000000000000e+00,-1.000000000000000000e+00,-1.000000000000000000e+00,-1.000000000000000000e+00,-1.000000000000000000e+00,-1.000000000000000000e+00,-1.000000000000000000e+00,-1.000000000000000000e+00,-1.000000000000000000e+00,-1.000000000000000000e+00,-1.000000000000000000e+00,-1.000000000000000000e+00,-1.000000000000000000e+00,-1.000000000000000000e+00,-1.000000000000000000e+00,-1.000000000000000000e+00,-1.000000000000000000e+00,-1.000000000000000000e+00,-1.000000000000000000e+00,-1.000000000000000000e+00,-1.000000000000000000e+00,-1.000000000000000000e+00,-1.000000000000000000e+00,-1.000000000000000000e+00,-1.000000000000000000e+00,-1.000000000000000000e+00,-1.000000000000000000e+00,-1.000000000000000000e+00,-1.000000000000000000e+00,-1.000000000000000000e+00,-1.000000000000000000e+00,-1.000000000000000000e+00,-1.000000000000000000e+00,-1.000000000000000000e+00,-1.000000000000000000e+00,-1.000000000000000000e+00,-1.000000000000000000e+00,-1.000000000000000000e+00,-1.000000000000000000e+00,-1.000000000000000000e+00,-1.000000000000000000e+00,-1.102155637192542281e+00,-1.102195392822199693e+00,-1.102314078478611847e+00,-1.102509807583184953e+00,-1.102778944289632079e+00,-1.103115303355463483e+00,-1.103508911600202813e+00,-1.103944213659675766e+00,-1.104397588556932375e+00,-1.104834040298377174e+00,-1.105202957963401289e+00,-1.105432929480542725e+00,-1.105425772086784164e+00,-1.105050258298621690e+00,-1.104136529625517227e+00,-1.102472974577859421e+00,-1.099808478286122160e+00,-1.095864477002889803e+00,-1.090363122613482894e+00,-1.083079771076426390e+00,-1.073929035553808919e+00,-1.063091520478045782e+00,-1.051177923739445186e+00,-1.039397298982231987e+00,-1.029623463646831549e+00,-1.024089670777951433e+00,-1.024089670791036299e+00,-1.029623463682348472e+00,-1.039397299030344390e+00,-1.051177923793127134e+00,-1.063091520540401236e+00,-1.073929035626632000e+00,-1.083079771156431947e+00,-1.090363122703030818e+00,-1.095864477097946432e+00,-1.099808478381948618e+00,-1.102472974673597061e+00,-1.104136529703784175e+00,-1.105050258366045979e+00,-1.105425772146597208e+00,-1.105432929524899910e+00,-1.105202958013593584e+00,-1.104834040333904976e+00,-1.104397588579579592e+00,-1.103944213665027263e+00,-1.103508911566745354e+00,-1.103115303298801919e+00,-1.102778944190784260e+00,-1.102509807515591467e+00,-1.102314078332837122e+00,-1.102195392686750930e+00,-1.102155637170068259e+00,-1.000000000000000000e+00,-1.000000000000000000e+00,-1.000000000000000000e+00,-1.000000000000000000e+00,-1.000000000000000000e+00,-1.000000000000000000e+00,-1.000000000000000000e+00,-1.000000000000000000e+00,-1.000000000000000000e+00,-1.000000000000000000e+00,-1.000000000000000000e+00,-1.000000000000000000e+00,-1.000000000000000000e+00,-1.000000000000000000e+00,-1.000000000000000000e+00,-1.000000000000000000e+00,-1.000000000000000000e+00,-1.000000000000000000e+00,-1.000000000000000000e+00,-1.000000000000000000e+00,-1.000000000000000000e+00,-1.000000000000000000e+00,-1.000000000000000000e+00,-1.000000000000000000e+00,-1.000000000000000000e+00,-1.000000000000000000e+00,-1.000000000000000000e+00,-1.000000000000000000e+00,-1.000000000000000000e+00,-1.000000000000000000e+00,-1.000000000000000000e+00,-1.000000000000000000e+00,-1.000000000000000000e+00,-1.000000000000000000e+00,-1.000000000000000000e+00,-1.000000000000000000e+00,-1.000000000000000000e+00,-1.000000000000000000e+00,-1.000000000000000000e+00,-1.000000000000000000e+00,-1.000000000000000000e+00,-1.000000000000000000e+00
-1.000000000000000000e+00,-1.000000000000000000e+00,-1.000000000000000000e+00,-1.000000000000000000e+00,-1.000000000000000000e+00,-1.000000000000000000e+00,-1.000000000000000000e+00,-1.000000000000000000e+00,-1.000000000000000000e+00,-1.000000000000000000e+00,-1.000000000000000000e+00,-1.000000000000000000e+00,-1.000000000000000000e+00,-1.000000000000000000e+00,-1.000000000000000000e+00,-1.000000000000000000e+00,-1.000000000000000000e+00,-1.000000000000000000e+00,-1.000000000000000000e+00,-1.000000000000000000e+00,-1.000000000000000000e+00,-1.000000000000000000e+00,-1.000000000000000000e+00,-1.000000000000000000e+00,-1.000000000000000000e+00,-1.000000000000000000e+00,-1.000000000000000000e+00,-1.000000000000000000e+00,-1.000000000000000000e+00,-1.000000000000000000e+00,-1.000000000000000000e+00,-1.000000000000000000e+00,-1.000000000000000000e+00,-1.000000000000000000e+00,-1.000000000000000000e+00,-1.000000000000000000e+00,-1.000000000000000000e+00,-1.000000000000000000e+00,-1.000000000000000000e+00,-1.000000000000000000e+00,-1.000000000000000000e+00,-1.000000000000000000e+00,-1.101284685675819164e+00,-1.101325187041382048e+00,-1.101446093802908921e+00,-1.101645470998652288e+00,-1.101919601709112850e+00,-1.102262185122818927e+00,-1.102663093583265308e+00,-1.103106569414963989e+00,-1.103568726242329268e+00,-1.104014216116762981e+00,-1.104391956457587032e+00,-1.104629900355351912e+00,-1.104629014098776230e+00,-1.104256944230767035e+00,-1.103342374135950710e+00,-1.101671861214766457e+00,-1.098992086598252760e+00,-1.095021989595191370e+00,-1.089481149448207065e+00,-1.082142706369424889e+00,-1.072920155506251971e+00,-1.061995211400494465e+00,-1.049983424794364240e+00,-1.038104068855851159e+00,-1.028247322655752694e+00,-1.022666337222095434e+00,-1.022666337238192336e+00,-1.028247322695830634e+00,-1.038104068908011879e+00,-1.049983424856397507e+00,-1.061995211473854894e+00,-1.072920155586539748e+00,-1.082142706451675096e+00,-1.089481149539113902e+00,-1.095021989696713494e+00,-1.098992086702510695e+00,-1.101671861321512846e+00,-1.103342374230808165e+00,-1.104256944309524258e+00,-1.104629014167679779e+00,-1.104629900403080400e+00,-1.104391956502553063e+00,-1.104014216152359396e+00,-1.103568726264462452e+00,-1.103106569427366068e+00,-1.102663093561956797e+00,-1.102262185072562684e+00,-1.101919601611504262e+00,-1.101645470923708015e+00,-1.101446093636956780e+00,-1.101325186885204754e+00,-1.101284685644595029e+00,-1.000000000000000000e+00,-1.000000000000000000e+00,-1.000000000000000000e+00,-1.000000000000000000e+00,-1.000000000000000000e+00,-1.000000000000000000e+00,-1.000000000000000000e+00,-1.000000000000000000e+00,-1.000000000000000000e+00,-1.000000000000000000e+00,-1.000000000000000000e+00,-1.000000000000000000e+00,-1.000000000000000000e+00,-1.000000000000000000e+00,-1.000000000000000000e+00,-1.000000000000000000e+00,-1.000000000000000000e+00,-1.000000000000000000e+00,-1.000000000000000000e+00,-1.000000000000000000e+00,-1.000000000000000000e+00,-1.000000000000000000e+00,-1.000000000000000000e+00,-1.000000000000000000e+00,-1.000000000000000000e+00,-1.000000000000000000e+00,-1.000000000000000000e+00,-1.000000000000000000e+00,-1.000000000000000000e+00,-1.000000000000000000e+00,-1.000000000000000000e+00,-1.000000000000000000e+00,-1.000000000000000000e+00,-1.000000000000000000e+00,-1.000000000000000000e+00,-1.000000000000000000e+00,-1.000000000000000000e+00,-1.000000000000000000e+00,-1.000000000000000000e+00,-1.000000000000000000e+00,-1.000000000000000000e+00,-1.000000000000000000e+00
-1.000000000000000000e+00,-1.000000000000000000e+00,-1.000000000000000000e+00,-1.000000000000000000e+00,-1.000000000000000000e+00,-1.000000000000000000e+00,-1.000000000000000000e+00,-1.000000000000000000e+00,-1.000000000000000000e+00,-1.000000000000000000e+00,-1.000000000000000000e+00,-1.000000000000000000e+00,-1.000000000000000000e+00,-1.000000000000000000e+00,-1.000000000000000000e+00,-1.000000000000000000e+00,-1.000000000000000000e+00,-1.000000000000000000e+00,-1.000000000000000000e+00,-1.000000000000000000e+00,-1.000000000000000000e+00,-1.000000000000000000e+00,-1.000000000000000000e+00,-1.000000000000000000e+00,-1.000000000000000000e+00,-1.000000000000000000e+00,-1.000000000000000000e+00,-1.000000000000000000e+00,-1.000000000000000000e+00,-1.000000000000000000e+00,-1.000000000000000000e+00,-1.000000000000000000e+00,-1.000000000000000000e+00,-1.000000000000000000e+00,-1.000000000000000000e+00,-1.000000000000000000e+00,-1.000000000000000000e+00,-1.000000000000000000e+00,-1.000000000000000000e+00,-1.000000000000000000e+00,-1.000000000000000000e+00,-1.000000000000000000e+00,-1.100314571108586215e+00,-1.100355961416088713e+00,-1.100479513301068080e+00,-1.100683227074001902e+00,-1.100963278920238375e+00,-1.101313218965511931e+00,-1.101722725860268426e+00,-1.102175796303060507e+00,-1.102648231973802684e+00,-1.103104282942727776e+00,-1.103492339888959117e+00,-1.103739658002785617e+00,-1.103746277499256578e+00,-1.103378626986783795e+00,-1.102463818286907316e+00,-1.100786439560034857e+00,-1.098090805298472139e+00,-1.094093177196012734e+00,-1.088510379956714624e+00,-1.081113187277986665e+00,-1.071813910416952398e+00,-1.060795472759530345e+00,-1.048678644813422434e+00,-1.036693660674221862e+00,-1.026748218967257875e+00,-1.021116751403507550e+00,-1.021116751415924284e+00,-1.026748219002491913e+00,-1.036693660730099165e+00,-1.048678644886873457e+00,-1.060795472843230280e+00,-1.071813910505030387e+00,-1.081113187368959005e+00,-1.088510380055582649e+00,-1.094093177304545250e+00,-1.098090805408124870e+00,-1.100786439672309269e+00,-1.102463818394981088e+00,-1.103378627078954954e+00,-1.103746277580833990e+00,-1.103739658062255158e+00,-1.103492339935065569e+00,-1.103104282978688566e+00,-1.102648231992499950e+00,-1.102175796314063039e+00,-1.101722725845644568e+00,-1.101313218920887627e+00,-1.100963278829338421e+00,-1.100683227002941189e+00,-1.100479513124428044e+00,-1.100355961243198566e+00,-1.100314571065612368e+00,-1.000000000000000000e+00,-1.000000000000000000e+00,-1.000000000000000000e+00,-1.000000000000000000e+00,-1.000000000000000000e+00,-1.000000000000000000e+00,-1.000000000000000000e+00,-1.000000000000000000e+00,-1.000000000000000000e+00,-1.000000000000000000e+00,-1.000000000000000000e+00,-1.000000000000000000e+00,-1.000000000000000000e+00,-1.000000000000000000e+00,-1.000000000000000000e+00,-1.000000000000000000e+00,-1.000000000000000000e+00,-1.000000000000000000e+00,-1.000000000000000000e+00,-1.000000000000000000e+00,-1.000000000000000000e+00,-1.000000000000000000e+00,-1.000000000000000000e+00,-1.000000000000000000e+00,-1.000000000000000000e+00,-1.000000000000000000e+00,-1.000000000000000000e+00,-1.000000000000000000e+00,-1.000000000000000000e+00,-1.000000000000000000e+00,-1.000000000000000000e+00,-1.000000000000000000e+00,-1.000000000000000000e+00,-1.000000000000000000e+00,-1.000000000000000000e+00,-1.000000000000000000e+00,-1.000000000000000000e+00,-1.000000000000000000e+00,-1.000000000000000000e+00,-1.000000000000000000e+00,-1.000000000000000000e+00,-1.000000000000000000e+00
-1.000000000000000000e+00,-1.000000000000000000e+00,-1.000000000000000000e+00,-1.000000000000000000e+00,-1.000000000000000000e+00,-1.000000000000000000e+00,-1.000000000000000000e+00,-1.000000000000000000e+00,-1.000000000000000000e+00,-1.000000000000000000e+00,-1.000000000000000000e+00,-1.000000000000000000e+00,-1.000000000000000000e+00,-1.000000000000000000e+00,-1.000000000000000000e+00,-1.000000000000000000e+00,-1.000000000000000000e+00,-1.000000000000000000e+00,-1.000000000000000000e+00,-1.000000000000000000e+00,-1.000000000000000000e+00,-1.000000000000000000e+00,-1.000000000000000000e+00,-1.000000000000000000e+00,-1.000000000000000000e+00,-1.000000000000000000e+00,-1.000000000000000000e+00,-1.000000000000000000e+00,-1.000000000000000000e+00,-1.000000000000000000e+00,-1.000000000000000000e+00,-1.000000000000000000e+00,-1.000000000000000000e+00,-1.000000000000000000e+00,-1.000000000000000000e+00,-1.000000000000000000e+00,-1.000000000000000000e+00,-1.000000000000000000e+00,-1.000000000000000000e+00,-1.000000000000000000e+00,-1.000000000000000000e+00,-1.000000000000000000e+00,-1.099236348729779600e+00,-1.099278817897897831e+00,-1.099405576775366988e+00,-1.099614537978002238e+00,-1.099901734693753852e+00,-1.100260521554232929e+00,-1.100680329868816143e+00,-1.101144852617017555e+00,-1.101629518823953102e+00,-1.102098113653648070e+00,-1.102498434612758649e+00,-1.102756966033438868e+00,-1.102772738094421667e+00,-1.102410861133738429e+00,-1.101496753406669749e+00,-1.099812886412212753e+00,-1.097101035107032940e+00,-1.093074591932017281e+00,-1.087447434469903218e+00,-1.079987810701508399e+00,-1.070606779102770689e+00,-1.059488577443827628e+00,-1.047259584819115297e+00,-1.035161779445029184e+00,-1.025121599711412923e+00,-1.019436211806125758e+00,-1.019436211817297266e+00,-1.025121599746365186e+00,-1.035161779504887081e+00,-1.047259584898288631e+00,-1.059488577533573173e+00,-1.070606779201362047e+00,-1.079987810807891524e+00,-1.087447434580960381e+00,-1.093074592047749594e+00,-1.097101035222461718e+00,-1.099812886529048406e+00,-1.101496753524506600e+00,-1.102410861238509732e+00,-1.102772738188953383e+00,-1.102756966108841885e+00,-1.102498434666698612e+00,-1.102098113693383175e+00,-1.101629518840899769e+00,-1.101144852622616188e+00,-1.100680329855331152e+00,-1.100260521511244205e+00,-1.099901734608595305e+00,-1.099614537916906443e+00,-1.099405576596311551e+00,-1.099278817715536372e+00,-1.099236348679190511e+00,-1.000000000000000000e+00,-1.000000000000000000e+00,-1.000000000000000000e+00,-1.000000000000000000e+00,-1.000000000000000000e+00,-1.000000000000000000e+00,-1.000000000000000000e+00,-1.000000000000000000e+00,-1.000000000000000000e+00,-1.000000000000000000e+00,-1.000000000000000000e+00,-1.000000000000000000e+00,-1.000000000000000000e+00,-1.000000000000000000e+00,-1.000000000000000000e+00,-1.000000000000000000e+00,-1.000000000000000000e+00,-1.000000000000000000e+00,-1.000000000000000000e+00,-1.000000000000000000e+00,-1.000000000000000000e+00,-1.000000000000000000e+00,-1.000000000000000000e+00,-1.000000000000000000e+00,-1.000000000000000000e+00,-1.000000000000000000e+00,-1.000000000000000000e+00,-1.000000000000000000e+00,-1.000000000000000000e+00,-1.000000000000000000e+00,-1.000000000000000000e+00,-1.000000000000000000e+00,-1.000000000000000000e+00,-1.000000000000000000e+00,-1.000000000000000000e+00,-1.000000000000000000e+00,-1.000000000000000000e+00,-1.000000000000000000e+00,-1.000000000000000000e+00,-1.000000000000000000e+00,-1.000000000000000000e+00,-1.000000000000000000e+00
-1.000000000000000000e+00,-1.000000000000000000e+00,-1.000000000000000000e+00,-1.000000000000000000e+00,-1.000000000000000000e+00,-1.000000000000000000e+00,-1.000000000000000000e+00,-1.000000000000000000e+00,-1.000000000000000000e+00,-1.000000000000000000e+00,-1.000000000000000000e+00,-1.000000000000000000e+00,-1.000000000000000000e+00,-1.000000000000000000e+00,-1.000000000000000000e+00,-1.000000000000000000e+00,-1.000000000000000000e+00,-1.000000000000000000e+00,-1.000000000000000000e+00,-1.000000000000000000e+00,-1.000000000000000000e+00,-1.000000000000000000e+00,-1.000000000000000000e+00,-1.000000000000000000e+00,-1.000000000000000000e+00,-1.000000000000000000e+00,-1.000000000000000000e+00,-1.000000000000000000e+00,-1.000000000000000000e+00,-1.000000000000000000e+00,-1.000000000000000000e+00,-1.000000000000000000e+00,-1.000000000000000000e+00,-1.000000000000000000e+00,-1.000000000000000000e+00,-1.000000000000000000e+00,-1.000000000000000000e+00,-1.000000000000000000e+00,-1.000000000000000000e+00,-1.000000000000000000e+00,-1.000000000000000000e+00,-1.000000000000000000e+00,-1.098039848450777400e+00,-1.098083649981299370e+00,-1.098214365323420205e+00,-1.098429787326190343e+00,-1.098725755957365324e+00,-1.099095366184363431e+00,-1.099527728596663589e+00,-1.100006154245230405e+00,-1.100505619646591882e+00,-1.100989364901567846e+00,-1.101404513027659959e+00,-1.101676691939902142e+00,-1.101703827020113380e+00,-1.101349600257663486e+00,-1.100437604816798975e+00,-1.098748038102358882e+00,-1.096019951769486411e+00,-1.091963665834641439e+00,-1.086289906961765084e+00,-1.078764229335679392e+00,-1.069296366476679250e+00,-1.058071982890299356e+00,-1.045723477266933932e+00,-1.033505397288580818e+00,-1.023364203661739413e+00,-1.017621321286398040e+00,-1.017621321298872283e+00,-1.023364203699133501e+00,-1.033505397349709698e+00,-1.045723477348064145e+00,-1.058071982987540904e+00,-1.069296366589253422e+00,-1.078764229458354595e+00,-1.086289907085364437e+00,-1.091963665959396534e+00,-1.096019951894134703e+00,-1.098748038225467960e+00,-1.100437604941481018e+00,-1.101349600372979021e+00,-1.101703827126423230e+00,-1.101676692031674287e+00,-1.101404513094056847e+00,-1.100989364949261473e+00,-1.100505619666422241e+00,-1.100006154246390810e+00,-1.099527728581404018e+00,-1.099095366139197782e+00,-1.098725755872804077e+00,-1.098429787274661340e+00,-1.098214365145517402e+00,-1.098083649795201566e+00,-1.098039848399964935e+00,-1.000000000000000000e+00,-1.000000000000000000e+00,-1.000000000000000000e+00,-1.000000000000000000e+00,-1.000000000000000000e+00,-1.000000000000000000e+00,-1.000000000000000000e+00,-1.000000000000000000e+00,-1.000000000000000000e+00,-1.000000000000000000e+00,-1.000000000000000000e+00,-1.000000000000000000e+00,-1.000000000000000000e+00,-1.000000000000000000e+00,-1.000000000000000000e+00,-1.000000000000000000e+00,-1.000000000000000000e+00,-1.000000000000000000e+00,-1.000000000000000000e+00,-1.000000000000000000e+00,-1.000000000000000000e+00,-1.000000000000000000e+00,-1.000000000000000000e+00,-1.000000000000000000e+00,-1.000000000000000000e+00,-1.000000000000000000e+00,-1.000000000000000000e+00,-1.000000000000000000e+00,-1.000000000000000000e+00,-1.000000000000000000e+00,-1.000000000000000000e+00,-1.000000000000000000e+00,-1.000000000000000000e+00,-1.000000000000000000e+00,-1.000000000000000000e+00,-1.000000000000000000e+00,-1.000000000000000000e+00,-1.000000000000000000e+00,-1.000000000000000000e+00,-1.000000000000000000e+00,-1.000000000000000000e+00,-1.000000000000000000e+00
-1.000000000000000000e+00,-1.000000000000000000e+00,-1.000000000000000000e+00,-1.000000000000000000e+00,-1.000000000000000000e+00,-1.000000000000000000e+00,-1.000000000000000000e+00,-1.000000000000000000e+00,-1.000000000000000000e+00,-1.000000000000000000e+00,-1.000000000000000000e+00,-1.000000000000000000e+00,-1.000000000000000000e+00,-1.000000000000000000e+00,-1.000000000000000000e+00,-1.000000000000000000e+00,-1.000000000000000000e+00,-1.000000000000000000e+00,-1.000000000000000000e+00,-1.000000000000000000e+00,-1.000000000000000000e+00,-1.000000000000000000e+00,-1.000000000000000000e+00,-1.000000000000000000e+00,-1.000000000000000000e+00,-1.000000000000000000e+00,-1.000000000000000000e+00,-1.000000000000000000e+00,-1.000000000000000000e+00,-1.000000000000000000e+00,-1.000000000000000000e+00,-1.000000000000000000e+00,-1.000000000000000000e+00,-1.000000000000000000e+00,-1.000000000000000000e+00,-1.000000000000000000e+00,-1.000000000000000000e+00,-1.000000000000000000e+00,-1.000000000000000000e+00,-1.000000000000000000e+00,-1.000000000000000000e+00,-1.000000000000000000e+00,-1.096713165491246089e+00,-1.096758638648243078e+00,-1.096894312951286476e+00,-1.097117817076698643e+00,-1.097424728433650243e+00,-1.097807794169663786e+00,-1.098255704146597234e+00,-1.098751282208713320e+00,-1.099268946874737640e+00,-1.099771290134670787e+00,-1.100204659692730180e+00,-1.100493725336388673e+00,-1.100535199513279494e+00,-1.100191214246823757e+00,-1.099283395323253032e+00,-1.097589497705895534e+00,-1.094845654378015842e+00,-1.090758897567695174e+00,-1.085036587413452436e+00,-1.077441406851883832e+00,-1.067881688640443638e+00,-1.056544643006906314e+00,-1.044069121360476249e+00,-1.031723108074278583e+00,-1.021474430066213968e+00,-1.015670363521014252e+00,-1.015670363534258991e+00,-1.021474430104722719e+00,-1.031723108136316958e+00,-1.044069121445940551e+00,-1.056544643114284643e+00,-1.067881688765454307e+00,-1.077441406987307948e+00,-1.085036587550539222e+00,-1.090758897705790709e+00,-1.094845654515634648e+00,-1.097589497837769157e+00,-1.099283395454087264e+00,-1.100191214371336157e+00,-1.100535199629526284e+00,-1.100493725441782367e+00,-1.100204659772885840e+00,-1.099771290193285678e+00,-1.099268946902957067e+00,-1.098751282210392866e+00,-1.098255704130332022e+00,-1.097807794121192337e+00,-1.097424728343993738e+00,-1.097117817029789721e+00,-1.096894312773152080e+00,-1.096758638460026747e+00,-1.096713165446501215e+00,-1.000000000000000000e+00,-1.000000000000000000e+00,-1.000000000000000000e+00,-1.000000000000000000e+00,-1.000000000000000000e+00,-1.000000000000000000e+00,-1.000000000000000000e+00,-1.000000000000000000e+00,-1.000000000000000000e+00,-1.000000000000000000e+00,-1.000000000000000000e+00,-1.000000000000000000e+00,-1.000000000000000000e+00,-1.000000000000000000e+00,-1.000000000000000000e+00,-1.000000000000000000e+00,-1.000000000000000000e+00,-1.000000000000000000e+00,-1.000000000000000000e+00,-1.000000000000000000e+00,-1.000000000000000000e+00,-1.000000000000000000e+00,-1.000000000000000000e+00,-1.000000000000000000e+00,-1.000000000000000000e+00,-1.000000000000000000e+00,-1.000000000000000000e+00,-1.000000000000000000e+00,-1.000000000000000000e+00,-1.000000000000000000e+00,-1.000000000000000000e+00,-1.000000000000000000e+00,-1.000000000000000000e+00,-1.000000000000000000e+00,-1.000000000000000000e+00,-1.000000000000000000e+00,-1.000000000000000000e+00,-1.000000000000000000e+00,-1.000000000000000000e+00,-1.000000000000000000e+00,-1.000000000000000000e+00,-1.000000000000000000e+00
-1.000000000000000000e+00,-1.000000000000000000e+00,-1.000000000000000000e+00,-1.000000000000000000e+00,-1.000000000000000000e+00,-1.000000000000000000e+00,-1.000000000000000000e+00,-1.000000000000000000e+00,-1.000000000000000000e+00,-1.000000000000000000e+00,-1.000000000000000000e+00,-1.000000000000000000e+00,-1.000000000000000000e+00,-1.000000000000000000e+00,-1.000000000000000000e+00,-1.000000000000000000e+00,-1.000000000000000000e+00,-1.000000000000000000e+00,-1.000000000000000000e+00,-1.000000000000000000e+00,-1.000000000000000000e+00,-1.000000000000000000e+00,-1.000000000000000000e+00,-1.000000000000000000e+00,-1.000000000000000000e+00,-1.000000000000000000e+00,-1.000000000000000000e+00,-1.000000000000000000e+00,-1.000000000000000000e+00,-1.000000000000000000e+00,-1.000000000000000000e+00,-1.000000000000000000e+00,-1.000000000000000000e+00,-1.000000000000000000e+00,-1.000000000000000000e+00,-1.000000000000000000e+00,-1.000000000000000000e+00,-1.000000000000000000e+00,-1.000000000000000000e+00,-1.000000000000000000e+00,-1.000000000000000000e+00,-1.000000000000000000e+00,-1.095241907603834441e+00,-1.095289506151263081e+00,-1.095431479727271729e+00,-1.095665231986425514e+00,-1.095985982965169692e+00,-1.096386011888241141e+00,-1.096853452449747524e+00,-1.097370500050117936e+00,-1.097910875758497440e+00,-1.098436390225118631e+00,-1.098892489514465831e+00,-1.099202762778906051e+00,-1.099262584603455162e+00,-1.098932401476221399e+00,-1.098031717072489810e+00,-1.096335663437912000e+00,-1.093577246957035287e+00,-1.089459983696574819e+00,-1.083687639137333569e+00,-1.076019837552131486e+00,-1.066363431047422372e+00,-1.054907300824854399e+00,-1.042297205741679278e+00,-1.029815474874156367e+00,-1.019452704240602747e+00,-1.013583678312407699e+00,-1.013583678326282822e+00,-1.019452704281532895e+00,-1.029815474941106590e+00,-1.042297205834741280e+00,-1.054907300941246184e+00,-1.066363431180889609e+00,-1.076019837697938852e+00,-1.083687639289400151e+00,-1.089459983850421532e+00,-1.093577247109238204e+00,-1.096335663582157949e+00,-1.098031717212649472e+00,-1.098932401610585474e+00,-1.099262584727995762e+00,-1.099202762893767948e+00,-1.098892489606879908e+00,-1.098436390295071341e+00,-1.097910875798768338e+00,-1.097370500058423071e+00,-1.096853452435856413e+00,-1.096386011838682117e+00,-1.095985982867664799e+00,-1.095665231938735218e+00,-1.095431479545018405e+00,-1.095289505958454868e+00,-1.095241907567426676e+00,-1.000000000000000000e+00,-1.000000000000000000e+00,-1.000000000000000000e+00,-1.000000000000000000e+00,-1.000000000000000000e+00,-1.000000000000000000e+00,-1.000000000000000000e+00,-1.000000000000000000e+00,-1.000000000000000000e+00,-1.000000000000000000e+00,-1.000000000000000000e+00,-1.000000000000000000e+00,-1.000000000000000000e+00,-1.000000000000000000e+00,-1.000000000000000000e+00,-1.000000000000000000e+00,-1.000000000000000000e+00,-1.000000000000000000e+00,-1.000000000000000000e+00,-1.000000000000000000e+00,-1.000000000000000000e+00,-1.000000000000000000e+00,-1.000000000000000000e+00,-1.000000000000000000e+00,-1.000000000000000000e+00,-1.000000000000000000e+00,-1.000000000000000000e+00,-1.000000000000000000e+00,-1.000000000000000000e+00,-1.000000000000000000e+00,-1.000000000000000000e+00,-1.000000000000000000e+00,-1.000000000000000000e+00,-1.000000000000000000e+00,-1.000000000000000000e+00,-1.000000000000000000e+00,-1.000000000000000000e+00,-1.000000000000000000e+00,-1.000000000000000000e+00,-1.000000000000000000e+00,-1.000000000000000000e+00,-1.000000000000000000e+00
-1.000000000000000000e+00,-1.000000000000000000e+00,-1.000000000000000000e+00,-1.000000000000000000e+00,-1.000000000000000000e+00,-1.000000000000000000e+00,-1.000000000000000000e+00,-1.000000000000000000e+00,-1.000000000000000000e+00,-1.000000000000000000e+00,-1.000000000000000000e+00,-1.000000000000000000e+00,-1.000000000000000000e+00,-1.000000000000000000e+00,-1.000000000000000000e+00,-1.000000000000000000e+00,-1.000000000000000000e+00,-1.000000000000000000e+00,-1.000000000000000000e+00,-1.000000000000000000e+00,-1.000000000000000000e+00,-1.000000000000000000e+00,-1.000000000000000000e+00,-1.000000000000000000e+00,-1.000000000000000000e+00,-1.000000000000000000e+00,-1.000000000000000000e+00,-1.000000000000000000e+00,-1.000000000000000000e+00,-1.000000000000000000e+00,-1.000000000000000000e+00,-1.000000000000000000e+00,-1.000000000000000000e+00,-1.000000000000000000e+00,-1.000000000000000000e+00,-1.000000000000000000e+00,-1.000000000000000000e+00,-1.000000000000000000e+00,-1.000000000000000000e+00,-1.000000000000000000e+00,-1.000000000000000000e+00,-1.000000000000000000e+00,-1.093608103099493745e+00,-1.093658432008326686e+00,-1.093808491339996136e+00,-1.094055377325864553e+00,-1.094393824424296557e+00,-1.094815481961681769e+00,-1.095307745587398518e+00,-1.095851993905914146e+00,-1.096421066614063911e+00,-1.096975820336657970e+00,-1.097460639954659589e+00,-1.097797884604958751e+00,-1.097881444728800338e+00,-1.097569928448214993e+00,-1.096680547775997772e+00,-1.094985617501274433e+00,-1.092214795597163945e+00,-1.088067839508935819e+00,-1.082244678504725055e+00,-1.074501680089609668e+00,-1.064744131173215091e+00,-1.053162714863037364e+00,-1.040410572813073031e+00,-1.027785325524284143e+00,-1.017301795977035184e+00,-1.011363992209452611e+00,-1.011363992224894037e+00,-1.017301796023217797e+00,-1.027785325599494204e+00,-1.040410572914719944e+00,-1.053162714987141646e+00,-1.064744131314557807e+00,-1.074501680245811830e+00,-1.082244678670770899e+00,-1.088067839677308246e+00,-1.092214795764332225e+00,-1.094985617661893507e+00,-1.096680547930002581e+00,-1.097569928594242183e+00,-1.097881444861676936e+00,-1.097797884726860351e+00,-1.097460640057399184e+00,-1.096975820416419278e+00,-1.096421066666741329e+00,-1.095851993925017309e+00,-1.095307745579412018e+00,-1.094815481914841238e+00,-1.094393824319928488e+00,-1.094055377274682828e+00,-1.093808491150386475e+00,-1.093658431806668219e+00,-1.093608103069779958e+00,-1.000000000000000000e+00,-1.000000000000000000e+00,-1.000000000000000000e+00,-1.000000000000000000e+00,-1.000000000000000000e+00,-1.000000000000000000e+00,-1.000000000000000000e+00,-1.000000000000000000e+00,-1.000000000000000000e+00,-1.000000000000000000e+00,-1.000000000000000000e+00,-1.000000000000000000e+00,-1.000000000000000000e+00,-1.000000000000000000e+00,-1.000000000000000000e+00,-1.000000000000000000e+00,-1.000000000000000000e+00,-1.000000000000000000e+00,-1.000000000000000000e+00,-1.000000000000000000e+00,-1.000000000000000000e+00,-1.000000000000000000e+00,-1.000000000000000000e+00,-1.000000000000000000e+00,-1.000000000000000000e+00,-1.000000000000000000e+00,-1.000000000000000000e+00,-1.000000000000000000e+00,-1.000000000000000000e+00,-1.000000000000000000e+00,-1.000000000000000000e+00,-1.000000000000000000e+00,-1.000000000000000000e+00,-1.000000000000000000e+00,-1.000000000000000000e+00,-1.000000000000000000e+00,-1.000000000000000000e+00,-1.000000000000000000e+00,-1.000000000000000000e+00,-1.000000000000000000e+00,-1.000000000000000000e+00,-1.000000000000000000e+00
-1.000000000000000000e+00,-1.000000000000000000e+00,-1.000000000000000000e+00,-1.000000000000000000e+00,-1.000000000000000000e+00,-1.000000000000000000e+00,-1.000000000000000000e+00,-1.000000000000000000e+00,-1.000000000000000000e+00,-1.000000000000000000e+00,-1.000000000000000000e+00,-1.000000000000000000e+00,-1.000000000000000000e+00,-1.000000000000000000e+00,-1.000000000000000000e+00,-1.000000000000000000e+00,-1.000000000000000000e+00,-1.000000000000000000e+00,-1.000000000000000000e+00,-1.000000000000000000e+00,-1.000000000000000000e+00,-1.000000000000000000e+00,-1.000000000000000000e+00,-1.000000000000000000e+00,-1.000000000000000000e+00,-1.000000000000000000e+00,-1.000000000000000000e+00,-1.000000000000000000e+00,-1.000000000000000000e+00,-1.000000000000000000e+00,-1.000000000000000000e+00,-1.000000000000000000e+00,-1.000000000000000000e+00,-1.000000000000000000e+00,-1.000000000000000000e+00,-1.000000000000000000e+00,-1.000000000000000000e+00,-1.000000000000000000e+00,-1.000000000000000000e+00,-1.000000000000000000e+00,-1.000000000000000000e+00,-1.000000000000000000e+00,-1.091788643162457495e+00,-1.091842504870021546e+00,-1.092003019250287643e+00,-1.092266864966431772e+00,-1.092628119693229705e+00,-1.093077586925206290e+00,-1.093601682492873151e+00,-1.094180719002585400e+00,-1.094786413327990315e+00,-1.095378444252569361e+00,-1.095899932831171153e+00,-1.096271823963637981e+00,-1.096386350146910438e+00,-1.096100106410810682e+00,-1.095227825296332336e+00,-1.093538793564966749e+00,-1.090759083125504958e+00,-1.086584434749312988e+00,-1.080710685360266154e+00,-1.072890736033619508e+00,-1.063028218585936102e+00,-1.051315753848752310e+00,-1.038414360743596276e+00,-1.025637933438050986e+00,-1.015027028700909995e+00,-1.009016642812322617e+00,-1.009016642830028010e+00,-1.015027028753430205e+00,-1.025637933521959422e+00,-1.038414360854131413e+00,-1.051315753981782120e+00,-1.063028218737096742e+00,-1.072890736200177608e+00,-1.080710685537765725e+00,-1.086584434930848886e+00,-1.090759083308383559e+00,-1.093538793744005755e+00,-1.095227825466556837e+00,-1.096100106570341071e+00,-1.096386350290337930e+00,-1.096271824092990288e+00,-1.095899932943317889e+00,-1.095378444340388224e+00,-1.094786413391049873e+00,-1.094180719033577498e+00,-1.093601682492850946e+00,-1.093077586884267483e+00,-1.092628119585227209e+00,-1.092266864912549540e+00,-1.092003019052757651e+00,-1.091842504656273638e+00,-1.091788643136206494e+00,-1.000000000000000000e+00,-1.000000000000000000e+00,-1.000000000000000000e+00,-1.000000000000000000e+00,-1.000000000000000000e+00,-1.000000000000000000e+00,-1.000000000000000000e+00,-1.000000000000000000e+00,-1.000000000000000000e+00,-1.000000000000000000e+00,-1.000000000000000000e+00,-1.000000000000000000e+00,-1.000000000000000000e+00,-1.000000000000000000e+00,-1.000000000000000000e+00,-1.000000000000000000e+00,-1.000000000000000000e+00,-1.000000000000000000e+00,-1.000000000000000000e+00,-1.000000000000000000e+00,-1.000000000000000000e+00,-1.000000000000000000e+00,-1.000000000000000000e+00,-1.000000000000000000e+00,-1.000000000000000000e+00,-1.000000000000000000e+00,-1.000000000000000000e+00,-1.000000000000000000e+00,-1.000000000000000000e+00,-1.000000000000000000e+00,-1.000000000000000000e+00,-1.000000000000000000e+00,-1.000000000000000000e+00,-1.000000000000000000e+00,-1.000000000000000000e+00,-1.000000000000000000e+00,-1.000000000000000000e+00,-1.000000000000000000e+00,-1.000000000000000000e+00,-1.000000000000000000e+00,-1.000000000000000000e+00,-1.000000000000000000e+00
-1.000000000000000000e+00,-1.000000000000000000e+00,-1.000000000000000000e+00,-1.000000000000000000e+00,-1.000000000000000000e+00,-1.000000000000000000e+00,-1.000000000000000000e+00,-1.000000000000000000e+00,-1.000000000000000000e+00,-1.000000000000000000e+00,-1.000000000000000000e+00,-1.000000000000000000e+00,-1.000000000000000000e+00,-1.000000000000000000e+00,-1.000000000000000000e+00,-1.000000000000000000e+00,-1.000000000000000000e+00,-1.000000000000000000e+00,-1.000000000000000000e+00,-1.000000000000000000e+00,-1.000000000000000000e+00,-1.000000000000000000e+00,-1.000000000000000000e+00,-1.000000000000000000e+00,-1.000000000000000000e+00,-1.000000000000000000e+00,-1.000000000000000000e+00,-1.000000000000000000e+00,-1.000000000000000000e+00,-1.000000000000000000e+00,-1.000000000000000000e+00,-1.000000000000000000e+00,-1.000000000000000000e+00,-1.000000000000000000e+00,-1.000000000000000000e+00,-1.000000000000000000e+00,-1.000000000000000000e+00,-1.000000000000000000e+00,-1.000000000000000000e+00,-1.000000000000000000e+00,-1.000000000000000000e+00,-1.000000000000000000e+00,-1.089753092617726127e+00,-1.089811544636344331e+00,-1.089985636480722775e+00,-1.090271484068787267e+00,-1.090662282737882238e+00,-1.091147705913687371e+00,-1.091712871838736776e+00,-1.092336700470074806e+00,-1.092989470873524604e+00,-1.093629394461923976e+00,-1.094198070071135120e+00,-1.094614798776764264e+00,-1.094769945356496521e+00,-1.094517888511035153e+00,-1.093670670154094138e+00,-1.091994317938036474e+00,-1.089211061286159410e+00,-1.085012348495165035e+00,-1.079089651930444482e+00,-1.071192184027358607e+00,-1.061221825552098652e+00,-1.049373274860733840e+00,-1.036315939762521232e+00,-1.023381001457356332e+00,-1.012636297995658685e+00,-1.006549615830430566e+00,-1.006549615850494517e+00,-1.012636298054098605e+00,-1.023381001549317215e+00,-1.036315939882623605e+00,-1.049373275004317208e+00,-1.061221825714180111e+00,-1.071192184204036169e+00,-1.079089652118556897e+00,-1.085012348690121753e+00,-1.089211061484858689e+00,-1.091994318134641651e+00,-1.093670670340768813e+00,-1.094517888685885509e+00,-1.094769945513727194e+00,-1.094614798915647613e+00,-1.094198070192893057e+00,-1.093629394557355861e+00,-1.092989470944584429e+00,-1.092336700511508552e+00,-1.091712871846979294e+00,-1.091147705880080254e+00,-1.090662282629685675e+00,-1.090271484015380654e+00,-1.089985636277405856e+00,-1.089811544409614141e+00,-1.089753092592424810e+00,-1.000000000000000000e+00,-1.000000000000000000e+00,-1.000000000000000000e+00,-1.000000000000000000e+00,-1.000000000000000000e+00,-1.000000000000000000e+00,-1.000000000000000000e+00,-1.000000000000000000e+00,-1.000000000000000000e+00,-1.000000000000000000e+00,-1.000000000000000000e+00,-1.000000000000000000e+00,-1.000000000000000000e+00,-1.000000000000000000e+00,-1.000000000000000000e+00,-1.000000000000000000e+00,-1.000000000000000000e+00,-1.000000000000000000e+00,-1.000000000000000000e+00,-1.000000000000000000e+00,-1.000000000000000000e+00,-1.000000000000000000e+00,-1.000000000000000000e+00,-1.000000000000000000e+00,-1.000000000000000000e+00,-1.000000000000000000e+00,-1.000000000000000000e+00,-1.000000000000000000e+00,-1.000000000000000000e+00,-1.000000000000000000e+00,-1.000000000000000000e+00,-1.000000000000000000e+00,-1.000000000000000000e+00,-1.000000000000000000e+00,-1.000000000000000000e+00,-1.000000000000000000e+00,-1.000000000000000000e+00,-1.000000000000000000e+00,-1.000000000000000000e+00,-1.000000000000000000e+00,-1.000000000000000000e+00,-1.000000000000000000e+00
-1.000000000000000000e+00,-1.000000000000000000e+00,-1.000000000000000000e+00,-1.000000000000000000e+00,-1.000000000000000000e+00,-1.000000000000000000e+00,-1.000000000000000000e+00,-1.000000000000000000e+00,-1.000000000000000000e+00,-1.000000000000000000e+00,-1.000000000000000000e+00,-1.000000000000000000e+00,-1.000000000000000000e+00,-1.000000000000000000e+00,-1.000000000000000000e+00,-1.000000000000000000e+00,-1.000000000000000000e+00,-1.000000000000000000e+00,-1.000000000000000000e+00,-1.000000000000000000e+00,-1.000000000000000000e+00,-1.000000000000000000e+00,-1.000000000000000000e+00,-1.000000000000000000e+00,-1.000000000000000000e+00,-1.000000000000000000e+00,-1.000000000000000000e+00,-1.000000000000000000e+00,-1.000000000000000000e+00,-1.000000000000000000e+00,-1.000000000000000000e+00,-1.000000000000000000e+00,-1.000000000000000000e+00,-1.000000000000000000e+00,-1.000000000000000000e+00,-1.000000000000000000e+00,-1.000000000000000000e+00,-1.000000000000000000e+00,-1.000000000000000000e+00,-1.000000000000000000e+00,-1.000000000000000000e+00,-1.000000000000000000e+00,-1.087460652849897569e+00,-1.087525078843705861e+00,-1.087716834065540539e+00,-1.088031283178423347e+00,-1.088460446286627414e+00,-1.088992497641723123e+00,-1.089610845319923360e+00,-1.090292592809223526e+00,-1.091006173426820158e+00,-1.091707957795545747e+00,-1.092337692099707436e+00,-1.092812744567359218e+00,-1.093021354730071337e+00,-1.092815443618476268e+00,-1.092004120398786027e+00,-1.090349896335885749e+00,-1.087570878795330653e+00,-1.083353926981380111e+00,-1.077385858479837255e+00,-1.069411961320044790e+00,-1.059332262695990234e+00,-1.047343681521280656e+00,-1.034124541003789588e+00,-1.021024348262363546e+00,-1.010139799917486148e+00,-1.003973295805642874e+00,-1.003973295827540912e+00,-1.010139799980656949e+00,-1.021024348361644130e+00,-1.034124541133699671e+00,-1.047343681675752425e+00,-1.059332262869314700e+00,-1.069411961507943598e+00,-1.077385858679873465e+00,-1.083353927190083610e+00,-1.087570879008416869e+00,-1.090349896547937680e+00,-1.092004120601583139e+00,-1.092815443809828757e+00,-1.093021354903501496e+00,-1.092812744718293594e+00,-1.092337692232250967e+00,-1.091707957899825665e+00,-1.091006173504556420e+00,-1.090292592858373988e+00,-1.089610845335499789e+00,-1.088992497615147048e+00,-1.088460446180429253e+00,-1.088031283129196503e+00,-1.087716833860035814e+00,-1.087525078605179329e+00,-1.087460652824903118e+00,-1.000000000000000000e+00,-1.000000000000000000e+00,-1.000000000000000000e+00,-1.000000000000000000e+00,-1.000000000000000000e+00,-1.000000000000000000e+00,-1.000000000000000000e+00,-1.000000000000000000e+00,-1.000000000000000000e+00,-1.000000000000000000e+00,-1.000000000000000000e+00,-1.000000000000000000e+00,-1.000000000000000000e+00,-1.000000000000000000e+00,-1.000000000000000000e+00,-1.000000000000000000e+00,-1.000000000000000000e+00,-1.000000000000000000e+00,-1.000000000000000000e+00,-1.000000000000000000e+00,-1.000000000000000000e+00,-1.000000000000000000e+00,-1.000000000000000000e+00,-1.000000000000000000e+00,-1.000000000000000000e+00,-1.000000000000000000e+00,-1.000000000000000000e+00,-1.000000000000000000e+00,-1.000000000000000000e+00,-1.000000000000000000e+00,-1.000000000000000000e+00,-1.000000000000000000e+00,-1.000000000000000000e+00,-1.000000000000000000e+00,-1.000000000000000000e+00,-1.000000000000000000e+00,-1.000000000000000000e+00,-1.000000000000000000e+00,-1.000000000000000000e+00,-1.000000000000000000e+00,-1.000000000000000000e+00,-1.000000000000000000e+00
-1.000000000000000000e+00,-1.000000000000000000e+00,-1.000000000000000000e+00,-1.000000000000000000e+00,-1.000000000000000000e+00,-1.000000000000000000e+00,-1.000000000000000000e+00,-1.000000000000000000e+00,-1.000000000000000000e+00,-1.000000000000000000e+00,-1.000000000000000000e+00,-1.000000000000000000e+00,-1.000000000000000000e+00,-1.000000000000000000e+00,-1.000000000000000000e+00,-1.000000000000000000e+00,-1.000000000000000000e+00,-1.000000000000000000e+00,-1.000000000000000000e+00,-1.000000000000000000e+00,-1.000000000000000000e+00,-1.000000000000000000e+00,-1.000000000000000000e+00,-1.000000000000000000e+00,-1.000000000000000000e+00,-1.000000000000000000e+00,-1.000000000000000000e+00,-1.000000000000000000e+00,-1.000000000000000000e+00,-1.000000000000000000e+00,-1.000000000000000000e+00,-1.000000000000000000e+00,-1.000000000000000000e+00,-1.000000000000000000e+00,-1.000000000000000000e+00,-1.000000000000000000e+00,-1.000000000000000000e+00,-1.000000000000000000e+00,-1.000000000000000000e+00,-1.000000000000000000e+00,-1.000000000000000000e+00,-1.000000000000000000e+00,-1.084855995659113503e+00,-1.084928192650479906e+00,-1.085142919169626019e+00,-1.085494547698643508e+00,-1.085973548520299925e+00,-1.086566124182365867e+00,-1.087253443716443835e+00,-1.088010250054894046e+00,-1.088802606407403006e+00,-1.089584562532572409e+00,-1.090293588251237011e+00,-1.090844751347628927e+00,-1.091123844142817712e+00,-1.090980036476390191e+00,-1.090219220234669883e+00,-1.088600097926595289e+00,-1.085836345657532620e+00,-1.081609911845520688e+00,-1.075602648768625658e+00,-1.067555669990796874e+00,-1.057367040204683972e+00,-1.045236045066287867e+00,-1.031850462472691632e+00,-1.018579183241847375e+00,-1.007549355980428496e+00,-1.001299817934079295e+00,-1.001299817956912586e+00,-1.007549356046814282e+00,-1.018579183347432471e+00,-1.031850462611511032e+00,-1.045236045231063837e+00,-1.057367040389902479e+00,-1.067555670191853379e+00,-1.075602648982150189e+00,-1.081609912067679202e+00,-1.085836345883454346e+00,-1.088600098152531448e+00,-1.090219220452926185e+00,-1.090980036683800947e+00,-1.091123844333092174e+00,-1.090844751513132982e+00,-1.090293588396334501e+00,-1.089584562647816890e+00,-1.088802606492100811e+00,-1.088010250109518351e+00,-1.087253443738352532e+00,-1.086566124161652214e+00,-1.085973548416512280e+00,-1.085494547656121744e+00,-1.085142918965496417e+00,-1.084928192402336844e+00,-1.084855995635569448e+00,-1.000000000000000000e+00,-1.000000000000000000e+00,-1.000000000000000000e+00,-1.000000000000000000e+00,-1.000000000000000000e+00,-1.000000000000000000e+00,-1.000000000000000000e+00,-1.000000000000000000e+00,-1.000000000000000000e+00,-1.000000000000000000e+00,-1.000000000000000000e+00,-1.000000000000000000e+00,-1.000000000000000000e+00,-1.000000000000000000e+00,-1.000000000000000000e+00,-1.000000000000000000e+00,-1.000000000000000000e+00,-1.000000000000000000e+00,-1.000000000000000000e+00,-1.000000000000000000e+00,-1.000000000000000000e+00,-1.000000000000000000e+00,-1.000000000000000000e+00,-1.000000000000000000e+00,-1.000000000000000000e+00,-1.000000000000000000e+00,-1.000000000000000000e+00,-1.000000000000000000e+00,-1.000000000000000000e+00,-1.000000000000000000e+00,-1.000000000000000000e+00,-1.000000000000000000e+00,-1.000000000000000000e+00,-1.000000000000000000e+00,-1.000000000000000000e+00,-1.000000000000000000e+00,-1.000000000000000000e+00,-1.000000000000000000e+00,-1.000000000000000000e+00,-1.000000000000000000e+00,-1.000000000000000000e+00,-1.000000000000000000e+00
-1.000000000000000000e+00,-1.000000000000000000e+00,-1.000000000000000000e+00,-1.000000000000000000e+00,-1.000000000000000000e+00,-1.000000000000000000e+00,-1.000000000000000000e+00,-1.000000000000000000e+00,-1.000000000000000000e+00,-1.000000000000000000e+00,-1.000000000000000000e+00,-1.000000000000000000e+00,-1.000000000000000000e+00,-1.000000000000000000e+00,-1.000000000000000000e+00,-1.000000000000000000e+00,-1.000000000000000000e+00,-1.000000000000000000e+00,-1.000000000000000000e+00,-1.000000000000000000e+00,-1.000000000000000000e+00,-1.000000000000000000e+00,-1.000000000000000000e+00,-1.000000000000000000e+00,-1.000000000000000000e+00,-1.000000000000000000e+00,-1.000000000000000000e+00,-1.000000000000000000e+00,-1.000000000000000000e+00,-1.000000000000000000e+00,-1.000000000000000000e+00,-1.000000000000000000e+00,-1.000000000000000000e+00,-1.000000000000000000e+00,-1.000000000000000000e+00,-1.000000000000000000e+00,-1.000000000000000000e+00,-1.000000000000000000e+00,-1.000000000000000000e+00,-1.000000000000000000e+00,-1.000000000000000000e+00,-1.000000000000000000e+00,-1.081863603359135118e+00,-1.081945888665950095e+00,-1.082190434012540559e+00,-1.082590316912518835e+00,-1.083133986379426483e+00,-1.083805077212509849e+00,-1.084581850204510367e+00,-1.085435996560069727e+00,-1.086330540160168168e+00,-1.087216594268817005e+00,-1.088028807109867158e+00,-1.088679473284292820e+00,-1.089051527467015834e+00,-1.088991021781257951e+00,-1.088300286727372335e+00,-1.086733875329432886e+00,-1.084000684229677880e+00,-1.079777398614553352e+00,-1.073740572213473854e+00,-1.065626879948257777e+00,-1.055332310355154846e+00,-1.043058666681929925e+00,-1.029503732421742646e+00,-1.016056851563081453e+00,-1.004877217655337551e+00,-9.985419044806443933e-01,-9.985419045038708141e-01,-1.004877217723991079e+00,-1.016056851673674988e+00,-1.029503732567683016e+00,-1.043058666856256256e+00,-1.055332310552862030e+00,-1.065626880163339729e+00,-1.073740572440963437e+00,-1.079777398849996350e+00,-1.084000684468076514e+00,-1.086733875568449914e+00,-1.088300286959879459e+00,-1.088991022003191533e+00,-1.089051527673499553e+00,-1.088679473466272807e+00,-1.088028807268949683e+00,-1.087216594396874791e+00,-1.086330540253514387e+00,-1.085435996619674270e+00,-1.084581850232631872e+00,-1.083805077196756672e+00,-1.083133986277201144e+00,-1.082590316877193537e+00,-1.082190433812169061e+00,-1.081945888410138945e+00,-1.081863603339064062e+00,-1.000000000000000000e+00,-1.000000000000000000e+00,-1.000000000000000000e+00,-1.000000000000000000e+00,-1.000000000000000000e+00,-1.000000000000000000e+00,-1.000000000000000000e+00,-1.000000000000000000e+00,-1.000000000000000000e+00,-1.000000000000000000e+00,-1.000000000000000000e+00,-1.000000000000000000e+00,-1.000000000000000000e+00,-1.000000000000000000e+00,-1.000000000000000000e+00,-1.000000000000000000e+00,-1.000000000000000000e+00,-1.000000000000000000e+00,-1.000000000000000000e+00,-1.000000000000000000e+00,-1.000000000000000000e+00,-1.000000000000000000e+00,-1.000000000000000000e+00,-1.000000000000000000e+00,-1.000000000000000000e+00,-1.000000000000000000e+00,-1.000000000000000000e+00,-1.000000000000000000e+00,-1.000000000000000000e+00,-1.000000000000000000e+00,-1.000000000000000000e+00,-1.000000000000000000e+00,-1.000000000000000000e+00,-1.000000000000000000e+00,-1.000000000000000000e+00,-1.000000000000000000e+00,-1.000000000000000000e+00,-1.000000000000000000e+00,-1.000000000000000000e+00,-1.000000000000000000e+00,-1.000000000000000000e+00,-1.000000000000000000e+00
-1.000000000000000000e+00,-1.000000000000000000e+00,-1.000000000000000000e+00,-1.000000000000000000e+00,-1.000000000000000000e+00,-1.000000000000000000e+00,-1.000000000000000000e+00,-1.000000000000000000e+00,-1.000000000000000000e+00,-1.000000000000000000e+00,-1.000000000000000000e+00,-1.000000000000000000e+00,-1.000000000000000000e+00,-1.000000000000000000e+00,-1.000000000000000000e+00,-1.000000000000000000e+00,-1.000000000000000000e+00,-1.000000000000000000e+00,-1.000000000000000000e+00,-1.000000000000000000e+00,-1.000000000000000000e+00,-1.000000000000000000e+00,-1.000000000000000000e+00,-1.000000000000000000e+00,-1.000000000000000000e+00,-1.000000000000000000e+00,-1.000000000000000000e+00,-1.000000000000000000e+00,-1.000000000000000000e+00,-1.000000000000000000e+00,-1.000000000000000000e+00,-1.000000000000000000e+00,-1.000000000000000000e+00,-1.000000000000000000e+00,-1.000000000000000000e+00,-1.000000000000000000e+00,-1.000000000000000000e+00,-1.000000000000000000e+00,-1.000000000000000000e+00,-1.000000000000000000e+00,-1.000000000000000000e+00,-1.000000000000000000e+00,-1.078380143701729299e+00,-1.078475486792304983e+00,-1.078758630620198389e+00,-1.079220983953761648e+00,-1.079848391116636108e+00,-1.080621178697855012e+00,-1.081513863420287658e+00,-1.082494215384014025e+00,-1.083521370084644220e+00,-1.084542715566351845e+00,-1.085489373189911122e+00,-1.086270248783358650e+00,-1.086764885345843368e+00,-1.086815746800041005e+00,-1.086221173003983687e+00,-1.084731158936268702e+00,-1.082049421420602009e+00,-1.077846992105742530e+00,-1.071794768421261423e+00,-1.063624710685020958e+00,-1.053230617636566446e+00,-1.040816970309723644e+00,-1.027092121449687090e+00,-1.013466942425259365e+00,-1.002134244710732869e+00,-9.957110809443823207e-01,-9.957110809680538299e-01,-1.002134244781382133e+00,-1.013466942539494431e+00,-1.027092121601103747e+00,-1.040816970493007698e+00,-1.053230617846198092e+00,-1.063624710913055438e+00,-1.071794768662148956e+00,-1.077846992354561051e+00,-1.082049421671862799e+00,-1.084731159187831029e+00,-1.086221173249601213e+00,-1.086815747035313029e+00,-1.086764885567218508e+00,-1.086270248982147857e+00,-1.085489373363337062e+00,-1.084542715708342486e+00,-1.083521370189108435e+00,-1.082494215450010788e+00,-1.081513863455617397e+00,-1.080621178687391160e+00,-1.079848391015310938e+00,-1.079220983924656707e+00,-1.078758630424567544e+00,-1.078475486529749450e+00,-1.078380143686893833e+00,-1.000000000000000000e+00,-1.000000000000000000e+00,-1.000000000000000000e+00,-1.000000000000000000e+00,-1.000000000000000000e+00,-1.000000000000000000e+00,-1.000000000000000000e+00,-1.000000000000000000e+00,-1.000000000000000000e+00,-1.000000000000000000e+00,-1.000000000000000000e+00,-1.000000000000000000e+00,-1.000000000000000000e+00,-1.000000000000000000e+00,-1.000000000000000000e+00,-1.000000000000000000e+00,-1.000000000000000000e+00,-1.000000000000000000e+00,-1.000000000000000000e+00,-1.000000000000000000e+00,-1.000000000000000000e+00,-1.000000000000000000e+00,-1.000000000000000000e+00,-1.000000000000000000e+00,-1.000000000000000000e+00,-1.000000000000000000e+00,-1.000000000000000000e+00,-1.000000000000000000e+00,-1.000000000000000000e+00,-1.000000000000000000e+00,-1.000000000000000000e+00,-1.000000000000000000e+00,-1.000000000000000000e+00,-1.000000000000000000e+00,-1.000000000000000000e+00,-1.000000000000000000e+00,-1.000000000000000000e+00,-1.000000000000000000e+00,-1.000000000000000000e+00,-1.000000000000000000e+00,-1.000000000000000000e+00,-1.000000000000000000e+00
-1.000000000000000000e+00,-1.000000000000000000e+00,-1.000000000000000000e+00,-1.000000000000000000e+00,-1.000000000000000000e+00,-1.000000000000000000e+00,-1.000000000000000000e+00,-1.000000000000000000e+00,-1.000000000000000000e+00,-1.000000000000000000e+00,-1.000000000000000000e+00,-1.000000000000000000e+00,-1.000000000000000000e+00,-1.000000000000000000e+00,-1.000000000000000000e+00,-1.000000000000000000e+00,-1.000000000000000000e+00,-1.000000000000000000e+00,-1.000000000000000000e+00,-1.000000000000000000e+00,-1.000000000000000000e+00,-1.000000000000000000e+00,-1.000000000000000000e+00,-1.000000000000000000e+00,-1.000000000000000000e+00,-1.000000000000000000e+00,-1.000000000000000000e+00,-1.000000000000000000e+00,-1.000000000000000000e+00,-1.000000000000000000e+00,-1.000000000000000000e+00,-1.000000000000000000e+00,-1.000000000000000000e+00,-1.000000000000000000e+00,-1.000000000000000000e+00,-1.000000000000000000e+00,-1.000000000000000000e+00,-1.000000000000000000e+00,-1.000000000000000000e+00,-1.000000000000000000e+00,-1.000000000000000000e+00,-1.000000000000000000e+00,-1.074264273810397130e+00,-1.074376460811886203e+00,-1.074709405916402183e+00,-1.075252396597844884e+00,-1.075987963330878872e+00,-1.076892218937379742e+00,-1.077934905188502102e+00,-1.079078787005369966e+00,-1.080278038505116056e+00,-1.081475310440900728e+00,-1.082597278022106257e+00,-1.083548645235494323e+00,-1.084204853868820706e+00,-1.084404159124647604e+00,-1.083940358017357442e+00,-1.082558383068570107e+00,-1.079956300986962603e+00,-1.075799053652613857e+00,-1.069751500273464329e+00,-1.061540605542637294e+00,-1.051057875160140931e+00,-1.038510647887117111e+00,-1.024618427696690315e+00,-1.010814686904556225e+00,-9.993273855665897321e-01,-9.928152012900928192e-01,-9.928152013143862753e-01,-9.993273856389514043e-01,-1.010814687021371228e+00,-1.024618427852816094e+00,-1.038510648078307730e+00,-1.051057875379226569e+00,-1.061540605781308599e+00,-1.069751500526687105e+00,-1.075799053914385794e+00,-1.079956301251147943e+00,-1.082558383332247409e+00,-1.083940358275566007e+00,-1.084404159372945875e+00,-1.084204854103533844e+00,-1.083548645449909476e+00,-1.082597278209415093e+00,-1.081475310597359796e+00,-1.080278038623089687e+00,-1.079078787080423263e+00,-1.077934905232818652e+00,-1.076892218933880097e+00,-1.075987963230986111e+00,-1.075252396573684210e+00,-1.074709405725665201e+00,-1.074376460542435963e+00,-1.074264273801636138e+00,-1.000000000000000000e+00,-1.000000000000000000e+00,-1.000000000000000000e+00,-1.000000000000000000e+00,-1.000000000000000000e+00,-1.000000000000000000e+00,-1.000000000000000000e+00,-1.000000000000000000e+00,-1.000000000000000000e+00,-1.000000000000000000e+00,-1.000000000000000000e+00,-1.000000000000000000e+00,-1.000000000000000000e+00,-1.000000000000000000e+00,-1.000000000000000000e+00,-1.000000000000000000e+00,-1.000000000000000000e+00,-1.000000000000000000e+00,-1.000000000000000000e+00,-1.000000000000000000e+00,-1.000000000000000000e+00,-1.000000000000000000e+00,-1.000000000000000000e+00,-1.000000000000000000e+00,-1.000000000000000000e+00,-1.000000000000000000e+00,-1.000000000000000000e+00,-1.000000000000000000e+00,-1.000000000000000000e+00,-1.000000000000000000e+00,-1.000000000000000000e+00,-1.000000000000000000e+00,-1.000000000000000000e+00,-1.000000000000000000e+00,-1.000000000000000000e+00,-1.000000000000000000e+00,-1.000000000000000000e+00,-1.000000000000000000e+00,-1.000000000000000000e+00,-1.000000000000000000e+00,-1.000000000000000000e+00,-1.000000000000000000e+00
-1.000000000000000000e+00,-1.000000000000000000e+00,-1.000000000000000000e+00,-1.000000000000000000e+00,-1.000000000000000000e+00,-1.000000000000000000e+00,-1.000000000000000000e+00,-1.000000000000000000e+00,-1.000000000000000000e+00,-1.000000000000000000e+00,-1.000000000000000000e+00,-1.000000000000000000e+00,-1.000000000000000000e+00,-1.000000000000000000e+00,-1.000000000000000000e+00,-1.000000000000000000e+00,-1.000000000000000000e+00,-1.000000000000000000e+00,-1.000000000000000000e+00,-1.000000000000000000e+00,-1.000000000000000000e+00,-1.000000000000000000e+00,-1.000000000000000000e+00,-1.000000000000000000e+00,-1.000000000000000000e+00,-1.000000000000000000e+00,-1.000000000000000000e+00,-1.000000000000000000e+00,-1.000000000000000000e+00,-1.000000000000000000e+00,-1.000000000000000000e+00,-1.000000000000000000e+00,-1.000000000000000000e+00,-1.000000000000000000e+00,-1.000000000000000000e+00,-1.000000000000000000e+00,-1.000000000000000000e+00,-1.000000000000000000e+00,-1.000000000000000000e+00,-1.000000000000000000e+00,-1.000000000000000000e+00,-1.000000000000000000e+00,-1.069323102764523359e+00,-1.069456945235008671e+00,-1.069853942482298814e+00,-1.070500724448721908e+00,-1.071375662336983003e+00,-1.072449565532336058e+00,-1.073686144521168950e+00,-1.075041816475836853e+00,-1.076464439658893824e+00,-1.077890622574305679e+00,-1.079241383258606746e+00,-1.080416132792455075e+00,-1.081285249391100933e+00,-1.081681940496016070e+00,-1.081394729866343773e+00,-1.080162847854748920e+00,-1.077678147842794809e+00,-1.073598992215065939e+00,-1.067583801271355659e+00,-1.059354272951397613e+00,-1.048799547266188625e+00,-1.036130040491068272e+00,-1.022077021371684769e+00,-1.008097634227407058e+00,-9.964564509410170912e-01,-9.898552751793121551e-01,-9.898552752042265590e-01,-9.964564510146167731e-01,-1.008097634346189819e+00,-1.022077021531958563e+00,-1.036130040687821108e+00,-1.048799547491179984e+00,-1.059354273198471308e+00,-1.067583801535195276e+00,-1.073598992487909021e+00,-1.077678148119105117e+00,-1.080162848130203690e+00,-1.081394730137002602e+00,-1.081681940757341920e+00,-1.081285249637914614e+00,-1.080416133020931202e+00,-1.079241383459156545e+00,-1.077890622745202531e+00,-1.076464439791726679e+00,-1.075041816562982921e+00,-1.073686144576742052e+00,-1.072449565538454719e+00,-1.071375662240415139e+00,-1.070500724429044537e+00,-1.069853942296847160e+00,-1.069456944958107059e+00,-1.069323102761868594e+00,-1.000000000000000000e+00,-1.000000000000000000e+00,-1.000000000000000000e+00,-1.000000000000000000e+00,-1.000000000000000000e+00,-1.000000000000000000e+00,-1.000000000000000000e+00,-1.000000000000000000e+00,-1.000000000000000000e+00,-1.000000000000000000e+00,-1.000000000000000000e+00,-1.000000000000000000e+00,-1.000000000000000000e+00,-1.000000000000000000e+00,-1.000000000000000000e+00,-1.000000000000000000e+00,-1.000000000000000000e+00,-1.000000000000000000e+00,-1.000000000000000000e+00,-1.000000000000000000e+00,-1.000000000000000000e+00,-1.000000000000000000e+00,-1.000000000000000000e+00,-1.000000000000000000e+00,-1.000000000000000000e+00,-1.000000000000000000e+00,-1.000000000000000000e+00,-1.000000000000000000e+00,-1.000000000000000000e+00,-1.000000000000000000e+00,-1.000000000000000000e+00,-1.000000000000000000e+00,-1.000000000000000000e+00,-1.000000000000000000e+00,-1.000000000000000000e+00,-1.000000000000000000e+00,-1.000000000000000000e+00,-1.000000000000000000e+00,-1.000000000000000000e+00,-1.000000000000000000e+00,-1.000000000000000000e+00,-1.000000000000000000e+00
-1.000000000000000000e+00,-1.000000000000000000e+00,-1.000000000000000000e+00,-1.000000000000000000e+00,-1.000000000000000000e+00,-1.000000000000000000e+00,-1.000000000000000000e+00,-1.000000000000000000e+00,-1.000000000000000000e+00,-1.000000000000000000e+00,-1.000000000000000000e+00,-1.000000000000000000e+00,-1.000000000000000000e+00,-1.000000000000000000e+00,-1.000000000000000000e+00,-1.000000000000000000e+00,-1.000000000000000000e+00,-1.000000000000000000e+00,-1.000000000000000000e+00,-1.000000000000000000e+00,-1.000000000000000000e+00,-1.000000000000000000e+00,-1.000000000000000000e+00,-1.000000000000000000e+00,-1.000000000000000000e+00,-1.000000000000000000e+00,-1.000000000000000000e+00,-1.000000000000000000e+00,-1.000000000000000000e+00,-1.000000000000000000e+00,-1.000000000000000000e+00,-1.000000000000000000e+00,-1.000000000000000000e+00,-1.000000000000000000e+00,-1.000000000000000000e+00,-1.000000000000000000e+00,-1.000000000000000000e+00,-1.000000000000000000e+00,-1.000000000000000000e+00,-1.000000000000000000e+00,-1.000000000000000000e+00,-1.000000000000000000e+00,-1.063294350636353025e+00,-1.063455955753251692e+00,-1.063935115241864793e+00,-1.064715181812845302e+00,-1.065769381222832601e+00,-1.067061930335855724e+00,-1.068548994130104290e+00,-1.070178986606093341e+00,-1.071891736251487925e+00,-1.073616112221169816e+00,-1.075265858329634394e+00,-1.076733603535279915e+00,-1.077883331669754252e+00,-1.078542043439345344e+00,-1.078492000882012913e+00,-1.077465902976167511e+00,-1.075148705755532896e+00,-1.071191644996422276e+00,-1.065246298322562124e+00,-1.057028865150121177e+00,-1.046426114260393003e+00,-1.033651834835433991e+00,-1.019449731129577374e+00,-1.005301692329335639e+00,-9.935102700741109683e-01,-9.868216888930130271e-01,-9.868216889183998308e-01,-9.935102701483790044e-01,-1.005301692449315665e+00,-1.019449731292382033e+00,-1.033651835034471000e+00,-1.046426114488280712e+00,-1.057028865403347284e+00,-1.065246298593615970e+00,-1.071191645277161708e+00,-1.075148706042718949e+00,-1.077465903263034486e+00,-1.078492001164821357e+00,-1.078542043713281107e+00,-1.077883331927939503e+00,-1.076733603776640180e+00,-1.075265858543000164e+00,-1.073616112406269529e+00,-1.071891736399396722e+00,-1.070178986708095747e+00,-1.068548994199450819e+00,-1.067061930354840982e+00,-1.065769381132490201e+00,-1.064715181798590038e+00,-1.063935115063151304e+00,-1.063455955468660896e+00,-1.063294350639470309e+00,-1.000000000000000000e+00,-1.000000000000000000e+00,-1.000000000000000000e+00,-1.000000000000000000e+00,-1.000000000000000000e+00,-1.000000000000000000e+00,-1.000000000000000000e+00,-1.000000000000000000e+00,-1.000000000000000000e+00,-1.000000000000000000e+00,-1.000000000000000000e+00,-1.000000000000000000e+00,-1.000000000000000000e+00,-1.000000000000000000e+00,-1.000000000000000000e+00,-1.000000000000000000e+00,-1.000000000000000000e+00,-1.000000000000000000e+00,-1.000000000000000000e+00,-1.000000000000000000e+00,-1.000000000000000000e+00,-1.000000000000000000e+00,-1.000000000000000000e+00,-1.000000000000000000e+00,-1.000000000000000000e+00,-1.000000000000000000e+00,-1.000000000000000000e+00,-1.000000000000000000e+00,-1.000000000000000000e+00,-1.000000000000000000e+00,-1.000000000000000000e+00,-1.000000000000000000e+00,-1.000000000000000000e+00,-1.000000000000000000e+00,-1.000000000000000000e+00,-1.000000000000000000e+00,-1.000000000000000000e+00,-1.000000000000000000e+00,-1.000000000000000000e+00,-1.000000000000000000e+00,-1.000000000000000000e+00,-1.000000000000000000e+00
-1.000000000000000000e+00,-1.000000000000000000e+00,-1.000000000000000000e+00,-1.000000000000000000e+00,-1.000000000000000000e+00,-1.000000000000000000e+00,-1.000000000000000000e+00,-1.000000000000000000e+00,-1.000000000000000000e+00,-1.000000000000000000e+00,-1.000000000000000000e+00,-1.000000000000000000e+00,-1.000000000000000000e+00,-1.000000000000000000e+00,-1.000000000000000000e+00,-1.000000000000000000e+00,-1.000000000000000000e+00,-1.000000000000000000e+00,-1.000000000000000000e+00,-1.000000000000000000e+00,-1.000000000000000000e+00,-1.000000000000000000e+00,-1.000000000000000000e+00,-1.000000000000000000e+00,-1.000000000000000000e+00,-1.000000000000000000e+00,-1.000000000000000000e+00,-1.000000000000000000e+00,-1.000000000000000000e+00,-1.000000000000000000e+00,-1.000000000000000000e+00,-1.000000000000000000e+00,-1.000000000000000000e+00,-1.000000000000000000e+00,-1.000000000000000000e+00,-1.000000000000000000e+00,-1.000000000000000000e+00,-1.000000000000000000e+00,-1.000000000000000000e+00,-1.000000000000000000e+00,-1.000000000000000000e+00,-1.000000000000000000e+00,-1.055823036543062754e+00,-1.056020163280744217e+00,-1.056604526763831986e+00,-1.057555508132906219e+00,-1.058840066599498364e+00,-1.060414329563078129e+00,-1.062225109794928013e+00,-1.064210779847181598e+00,-1.066300955845399301e+00,-1.068414533241773157e+00,-1.070455787930457259e+00,-1.072308498792123643e+00,-1.073828383017118249e+00,-1.074834606365126399e+00,-1.075101808820810190e+00,-1.074355066935782199e+00,-1.072271603729652689e+00,-1.068494929795424708e+00,-1.062669407972979485e+00,-1.054505600667584364e+00,-1.043888029652302540e+00,-1.031034288078141126e+00,-1.016701288160634320e+00,-1.002396752558321946e+00,-9.904624539599579114e-01,-9.836900477368123452e-01,-9.836900477622650962e-01,-9.904624540339250771e-01,-1.002396752677932712e+00,-1.016701288323098140e+00,-1.031034288276196031e+00,-1.043888029880646107e+00,-1.054505600923346442e+00,-1.062669408246583291e+00,-1.068494930081375083e+00,-1.072271604026144631e+00,-1.074355067232675154e+00,-1.075101809114721529e+00,-1.074834606650633795e+00,-1.073828383286434374e+00,-1.072308499045650843e+00,-1.070455788156551291e+00,-1.068414533441400804e+00,-1.066300956008355616e+00,-1.064210779966153098e+00,-1.062225109880201579e+00,-1.060414329598243777e+00,-1.058840066518646594e+00,-1.057555508126312827e+00,-1.056604526594683291e+00,-1.056020162989162792e+00,-1.055823036551908123e+00,-1.000000000000000000e+00,-1.000000000000000000e+00,-1.000000000000000000e+00,-1.000000000000000000e+00,-1.000000000000000000e+00,-1.000000000000000000e+00,-1.000000000000000000e+00,-1.000000000000000000e+00,-1.000000000000000000e+00,-1.000000000000000000e+00,-1.000000000000000000e+00,-1.000000000000000000e+00,-1.000000000000000000e+00,-1.000000000000000000e+00,-1.000000000000000000e+00,-1.000000000000000000e+00,-1.000000000000000000e+00,-1.000000000000000000e+00,-1.000000000000000000e+00,-1.000000000000000000e+00,-1.000000000000000000e+00,-1.000000000000000000e+00,-1.000000000000000000e+00,-1.000000000000000000e+00,-1.000000000000000000e+00,-1.000000000000000000e+00,-1.000000000000000000e+00,-1.000000000000000000e+00,-1.000000000000000000e+00,-1.000000000000000000e+00,-1.000000000000000000e+00,-1.000000000000000000e+00,-1.000000000000000000e+00,-1.000000000000000000e+00,-1.000000000000000000e+00,-1.000000000000000000e+00,-1.000000000000000000e+00,-1.000000000000000000e+00,-1.000000000000000000e+00,-1.000000000000000000e+00,-1.000000000000000000e+00,-1.000000000000000000e+00
-1.000000000000000000e+00,-1.000000000000000000e+00,-1.000000000000000000e+00,-1.000000000000000000e+00,-1.000000000000000000e+00,-1.000000000000000000e+00,-1.000000000000000000e+00,-1.000000000000000000e+00,-1.000000000000000000e+00,-1.000000000000000000e+00,-1.000000000000000000e+00,-1.000000000000000000e+00,-1.000000000000000000e+00,-1.000000000000000000e+00,-1.000000000000000000e+00,-1.000000000000000000e+00,-1.000000000000000000e+00,-1.000000000000000000e+00,-1.000000000000000000e+00,-1.000000000000000000e+00,-1.000000000000000000e+00,-1.000000000000000000e+00,-1.000000000000000000e+00,-1.000000000000000000e+00,-1.000000000000000000e+00,-1.000000000000000000e+00,-1.000000000000000000e+00,-1.000000000000000000e+00,-1.000000000000000000e+00,-1.000000000000000000e+00,-1.000000000000000000e+00,-1.000000000000000000e+00,-1.000000000000000000e+00,-1.000000000000000000e+00,-1.000000000000000000e+00,-1.000000000000000000e+00,-1.000000000000000000e+00,-1.000000000000000000e+00,-1.000000000000000000e+00,-1.000000000000000000e+00,-1.000000000000000000e+00,-1.000000000000000000e+00,-1.046431343903536648e+00,-1.046673878973818583e+00,-1.047392856874088674e+00,-1.048562940980396707e+00,-1.050143590821703610e+00,-1.052081143133024810e+00,-1.054310922888467505e+00,-1.056758747101876894e+00,-1.059341211565021590e+00,-1.061964251063193032e+00,-1.064519646510623918e+00,-1.066879407992786799e+00,-1.068888314188557676e+00,-1.070355380323977368e+00,-1.071045732352973845e+00,-1.070675378201778827e+00,-1.068912791948455121e+00,-1.065393135604759234e+00,-1.059753284730224010e+00,-1.051698213034788054e+00,-1.041110552357793040e+00,-1.028212362988021322e+00,-1.013774711383975458e+00,-9.993322857089407263e-01,-9.872671580509485567e-01,-9.804170365619457872e-01,-9.804170365866001768e-01,-9.872671581228350535e-01,-9.993322858257480679e-01,-1.013774711542567486e+00,-1.028212363181945088e+00,-1.041110552583618620e+00,-1.051698213288343453e+00,-1.059753285002676959e+00,-1.065393135894234344e+00,-1.068912792250829469e+00,-1.070675378505384190e+00,-1.071045732656251914e+00,-1.070355380619783414e+00,-1.068888314469368384e+00,-1.066879408258201822e+00,-1.064519646749528148e+00,-1.061964251278188387e+00,-1.059341211743360045e+00,-1.056758747239221474e+00,-1.054310922991072097e+00,-1.052081143187542089e+00,-1.050143590753607636e+00,-1.048562940984636205e+00,-1.047392856718676990e+00,-1.046673878677373715e+00,-1.046431343919152601e+00,-1.000000000000000000e+00,-1.000000000000000000e+00,-1.000000000000000000e+00,-1.000000000000000000e+00,-1.000000000000000000e+00,-1.000000000000000000e+00,-1.000000000000000000e+00,-1.000000000000000000e+00,-1.000000000000000000e+00,-1.000000000000000000e+00,-1.000000000000000000e+00,-1.000000000000000000e+00,-1.000000000000000000e+00,-1.000000000000000000e+00,-1.000000000000000000e+00,-1.000000000000000000e+00,-1.000000000000000000e+00,-1.000000000000000000e+00,-1.000000000000000000e+00,-1.000000000000000000e+00,-1.000000000000000000e+00,-1.000000000000000000e+00,-1.000000000000000000e+00,-1.000000000000000000e+00,-1.000000000000000000e+00,-1.000000000000000000e+00,-1.000000000000000000e+00,-1.000000000000000000e+00,-1.000000000000000000e+00,-1.000000000000000000e+00,-1.000000000000000000e+00,-1.000000000000000000e+00,-1.000000000000000000e+00,-1.000000000000000000e+00,-1.000000000000000000e+00,-1.000000000000000000e+00,-1.000000000000000000e+00,-1.000000000000000000e+00,-1.000000000000000000e+00,-1.000000000000000000e+00,-1.000000000000000000e+00,-1.000000000000000000e+00
-1.000000000000000000e+00,-1.000000000000000000e+00,-1.000000000000000000e+00,-1.000000000000000000e+00,-1.000000000000000000e+00,-1.000000000000000000e+00,-1.000000000000000000e+00,-1.000000000000000000e+00,-1.000000000000000000e+00,-1.000000000000000000e+00,-1.000000000000000000e+00,-1.000000000000000000e+00,-1.000000000000000000e+00,-1.000000000000000000e+00,-1.000000000000000000e+00,-1.000000000000000000e+00,-1.000000000000000000e+00,-1.000000000000000000e+00,-1.000000000000000000e+00,-1.000000000000000000e+00,-1.000000000000000000e+00,-1.000000000000000000e+00,-1.000000000000000000e+00,-1.000000000000000000e+00,-1.000000000000000000e+00,-1.000000000000000000e+00,-1.000000000000000000e+00,-1.000000000000000000e+00,-1.000000000000000000e+00,-1.000000000000000000e+00,-1.000000000000000000e+00,-1.000000000000000000e+00,-1.000000000000000000e+00,-1.000000000000000000e+00,-1.000000000000000000e+00,-1.000000000000000000e+00,-1.000000000000000000e+00,-1.000000000000000000e+00,-1.000000000000000000e+00,-1.000000000000000000e+00,-1.000000000000000000e+00,-1.000000000000000000e+00,-1.034480216545108355e+00,-1.034780814224882439e+00,-1.035672122683762852e+00,-1.037123334528031959e+00,-1.039085115185272912e+00,-1.041492129863147209e+00,-1.044265714921279731e+00,-1.047316016404190364e+00,-1.050542948877404514e+00,-1.053835425380917012e+00,-1.057068484605137693e+00,-1.060098189433775762e+00,-1.062754525353890145e+00,-1.064833038454539249e+00,-1.066086696687646107e+00,-1.066220523098259987e+00,-1.064893030980383015e+00,-1.061730451222521854e+00,-1.056362122295640305e+00,-1.048487819606736871e+00,-1.037989038480053638e+00,-1.025093350523312630e+00,-1.010587207221864903e+00,-9.960334837556908960e-01,-9.838554227545134312e-01,-9.769368805691163171e-01,-9.769368805918988707e-01,-9.838554228220746101e-01,-9.960334838667539437e-01,-1.010587207372838137e+00,-1.025093350709741058e+00,-1.037989038699683508e+00,-1.048487819853835878e+00,-1.056362122564703521e+00,-1.061730451512784335e+00,-1.064893031283215885e+00,-1.066220523405355669e+00,-1.066086696998609584e+00,-1.064833038758676187e+00,-1.062754525646206316e+00,-1.060098189710855010e+00,-1.057068484857055513e+00,-1.053835425612058785e+00,-1.050542949071975984e+00,-1.047316016561068874e+00,-1.044265715042112630e+00,-1.041492129940067679e+00,-1.039085115132929227e+00,-1.037123334546512510e+00,-1.035672122546979823e+00,-1.034780813926926113e+00,-1.034480216569842126e+00,-1.000000000000000000e+00,-1.000000000000000000e+00,-1.000000000000000000e+00,-1.000000000000000000e+00,-1.000000000000000000e+00,-1.000000000000000000e+00,-1.000000000000000000e+00,-1.000000000000000000e+00,-1.000000000000000000e+00,-1.000000000000000000e+00,-1.000000000000000000e+00,-1.000000000000000000e+00,-1.000000000000000000e+00,-1.000000000000000000e+00,-1.000000000000000000e+00,-1.000000000000000000e+00,-1.000000000000000000e+00,-1.000000000000000000e+00,-1.000000000000000000e+00,-1.000000000000000000e+00,-1.000000000000000000e+00,-1.000000000000000000e+00,-1.000000000000000000e+00,-1.000000000000000000e+00,-1.000000000000000000e+00,-1.000000000000000000e+00,-1.000000000000000000e+00,-1.000000000000000000e+00,-1.000000000000000000e+00,-1.000000000000000000e+00,-1.000000000000000000e+00,-1.000000000000000000e+00,-1.000000000000000000e+00,-1.000000000000000000e+00,-1.000000000000000000e+00,-1.000000000000000000e+00,-1.000000000000000000e+00,-1.000000000000000000e+00,-1.000000000000000000e+00,-1.000000000000000000e+00,-1.000000000000000000e+00,-1.000000000000000000e+00
-1.000000000000000000e+00,-1.000000000000000000e+00,-1.000000000000000000e+00,-1.000000000000000000e+00,-1.000000000000000000e+00,-1.000000000000000000e+00,-1.000000000000000000e+00,-1.000000000000000000e+00,-1.000000000000000000e+00,-1.000000000000000000e+00,-1.000000000000000000e+00,-1.000000000000000000e+00,-1.000000000000000000e+00,-1.000000000000000000e+00,-1.000000000000000000e+00,-1.000000000000000000e+00,-1.000000000000000000e+00,-1.000000000000000000e+00,-1.000000000000000000e+00,-1.000000000000000000e+00,-1.000000000000000000e+00,-1.000000000000000000e+00,-1.000000000000000000e+00,-1.000000000000000000e+00,-1.000000000000000000e+00,-1.000000000000000000e+00,-1.000000000000000000e+00,-1.000000000000000000e+00,-1.000000000000000000e+00,-1.000000000000000000e+00,-1.000000000000000000e+00,-1.000000000000000000e+00,-1.000000000000000000e+00,-1.000000000000000000e+00,-1.000000000000000000e+00,-1.000000000000000000e+00,-1.000000000000000000e+00,-1.000000000000000000e+00,-1.000000000000000000e+00,-1.000000000000000000e+00,-1.000000000000000000e+00,-1.000000000000000000e+00,-1.019121359347395339e+00,-1.019496299422096408e+00,-1.020608564587752731e+00,-1.022421196712502978e+00,-1.024874807168977053e+00,-1.027890390185984160e+00,-1.031372397056445234e+00,-1.035211416809066698e+00,-1.039285838527465033e+00,-1.043461939211895118e+00,-1.047591967189738904e+00,-1.051509988759907754e+00,-1.055025594495266894e+00,-1.057916088504169183e+00,-1.059918587494273812e+00,-1.060724611021415242e+00,-1.059981321177992264e+00,-1.057305610179052779e+00,-1.052319663098113756e+00,-1.044719037560778885e+00,-1.034385492441769250e+00,-1.021553757357740011e+00,-1.007027346179286909e+00,-9.923987011704762384e-01,-9.801328427938438281e-01,-9.731591576112348374e-01,-9.731591576315379299e-01,-9.801328428554169081e-01,-9.923987012730179913e-01,-1.007027346319238292e+00,-1.021553757533401718e+00,-1.034385492651505478e+00,-1.044719037798203409e+00,-1.052319663361389601e+00,-1.057305610465474111e+00,-1.059981321476716865e+00,-1.060724611330706724e+00,-1.059918587810269264e+00,-1.057916088813034783e+00,-1.055025594797799116e+00,-1.051509989048176941e+00,-1.047591967455417494e+00,-1.043461939459679133e+00,-1.039285838739569590e+00,-1.035211416986742794e+00,-1.031372397196127721e+00,-1.027890390288023648e+00,-1.024874807134919852e+00,-1.022421196748396266e+00,-1.020608564474731361e+00,-1.019496299126833705e+00,-1.019121359384652870e+00,-1.000000000000000000e+00,-1.000000000000000000e+00,-1.000000000000000000e+00,-1.000000000000000000e+00,-1.000000000000000000e+00,-1.000000000000000000e+00,-1.000000000000000000e+00,-1.000000000000000000e+00,-1.000000000000000000e+00,-1.000000000000000000e+00,-1.000000000000000000e+00,-1.000000000000000000e+00,-1.000000000000000000e+00,-1.000000000000000000e+00,-1.000000000000000000e+00,-1.000000000000000000e+00,-1.000000000000000000e+00,-1.000000000000000000e+00,-1.000000000000000000e+00,-1.000000000000000000e+00,-1.000000000000000000e+00,-1.000000000000000000e+00,-1.000000000000000000e+00,-1.000000000000000000e+00,-1.000000000000000000e+00,-1.000000000000000000e+00,-1.000000000000000000e+00,-1.000000000000000000e+00,-1.000000000000000000e+00,-1.000000000000000000e+00,-1.000000000000000000e+00,-1.000000000000000000e+00,-1.000000000000000000e+00,-1.000000000000000000e+00,-1.000000000000000000e+00,-1.000000000000000000e+00,-1.000000000000000000e+00,-1.000000000000000000e+00,-1.000000000000000000e+00,-1.000000000000000000e+00,-1.000000000000000000e+00,-1.000000000000000000e+00
-1.000000000000000000e+00,-1.000000000000000000e+00,-1.000000000000000000e+00,-1.000000000000000000e+00,-1.000000000000000000e+00,-1.000000000000000000e+00,-1.000000000000000000e+00,-1.000000000000000000e+00,-1.000000000000000000e+00,-1.000000000000000000e+00,-1.000000000000000000e+00,-1.000000000000000000e+00,-1.000000000000000000e+00,-1.000000000000000000e+00,-1.000000000000000000e+00,-1.000000000000000000e+00,-1.000000000000000000e+00,-1.000000000000000000e+00,-1.000000000000000000e+00,-1.000000000000000000e+00,-1.000000000000000000e+00,-1.000000000000000000e+00,-1.000000000000000000e+00,-1.000000000000000000e+00,-1.000000000000000000e+00,-1.000000000000000000e+00,-1.000000000000000000e+00,-1.000000000000000000e+00,-1.000000000000000000e+00,-1.000000000000000000e+00,-1.000000000000000000e+00,-1.000000000000000000e+00,-1.000000000000000000e+00,-1.000000000000000000e+00,-1.000000000000000000e+00,-1.000000000000000000e+00,-1.000000000000000000e+00,-1.000000000000000000e+00,-1.000000000000000000e+00,-1.000000000000000000e+00,-1.000000000000000000e+00,-1.000000000000000000e+00,-9.992388620859694592e-01,-9.997091877394195247e-01,-1.001105408891293180e+00,-1.003383942100603665e+00,-1.006474285901918009e+00,-1.010281769096842641e+00,-1.014690655179530498e+00,-1.019567095879233998e+00,-1.024761451806793122e+00,-1.030109488104358206e+00,-1.035431948833127613e+00,-1.040532077590593740e+00,-1.045190899445125998e+00,-1.049160614259980306e+00,-1.052157355292072660e+00,-1.053855882061095706e+00,-1.053890521739356601e+00,-1.051868843184079916e+00,-1.047407040175136306e+00,-1.040198405099465262e+00,-1.030127376633567238e+00,-1.017438408411467377e+00,-1.002954427198903042e+00,-9.882990769509828466e-01,-9.759794255469500524e-01,-9.689688109664331694e-01,-9.689688109844164510e-01,-9.759794256020619674e-01,-9.882990770432615868e-01,-1.002954427325925657e+00,-1.017438408574177666e+00,-1.030127376830405117e+00,-1.040198405324796349e+00,-1.047407040429625402e+00,-1.051868843462051117e+00,-1.053890522031603050e+00,-1.053855882370535513e+00,-1.052157355608078104e+00,-1.049160614570517236e+00,-1.045190899756451186e+00,-1.040532077888967510e+00,-1.035431949113182482e+00,-1.030109488368092130e+00,-1.024761452037284970e+00,-1.019567096078583202e+00,-1.014690655338398972e+00,-1.010281769226271331e+00,-1.006474285888506515e+00,-1.003383942156916842e+00,-1.001105408807342112e+00,-9.997091874518043708e-01,-9.992388621400782878e-01,-1.000000000000000000e+00,-1.000000000000000000e+00,-1.000000000000000000e+00,-1.000000000000000000e+00,-1.000000000000000000e+00,-1.000000000000000000e+00,-1.000000000000000000e+00,-1.000000000000000000e+00,-1.000000000000000000e+00,-1.000000000000000000e+00,-1.000000000000000000e+00,-1.000000000000000000e+00,-1.000000000000000000e+00,-1.000000000000000000e+00,-1.000000000000000000e+00,-1.000000000000000000e+00,-1.000000000000000000e+00,-1.000000000000000000e+00,-1.000000000000000000e+00,-1.000000000000000000e+00,-1.000000000000000000e+00,-1.000000000000000000e+00,-1.000000000000000000e+00,-1.000000000000000000e+00,-1.000000000000000000e+00,-1.000000000000000000e+00,-1.000000000000000000e+00,-1.000000000000000000e+00,-1.000000000000000000e+00,-1.000000000000000000e+00,-1.000000000000000000e+00,-1.000000000000000000e+00,-1.000000000000000000e+00,-1.000000000000000000e+00,-1.000000000000000000e+00,-1.000000000000000000e+00,-1.000000000000000000e+00,-1.000000000000000000e+00,-1.000000000000000000e+00,-1.000000000000000000e+00,-1.000000000000000000e+00,-1.000000000000000000e+00
-1.000000000000000000e+00,-1.000000000000000000e+00,-1.000000000000000000e+00,-1.000000000000000000e+00,-1.000000000000000000e+00,-1.000000000000000000e+00,-1.000000000000000000e+00,-1.000000000000000000e+00,-1.000000000000000000e+00,-1.000000000000000000e+00,-1.000000000000000000e+00,-1.000000000000000000e+00,-1.000000000000000000e+00,-1.000000000000000000e+00,-1.000000000000000000e+00,-1.000000000000000000e+00,-1.000000000000000000e+00,-1.000000000000000000e+00,-1.000000000000000000e+00,-1.000000000000000000e+00,-1.000000000000000000e+00,-1.000000000000000000e+00,-1.000000000000000000e+00,-1.000000000000000000e+00,-1.000000000000000000e+00,-1.000000000000000000e+00,-1.000000000000000000e+00,-1.000000000000000000e+00,-1.000000000000000000e+00,-1.000000000000000000e+00,-1.000000000000000000e+00,-1.000000000000000000e+00,-1.000000000000000000e+00,-1.000000000000000000e+00,-1.000000000000000000e+00,-1.000000000000000000e+00,-1.000000000000000000e+00,-1.000000000000000000e+00,-1.000000000000000000e+00,-1.000000000000000000e+00,-1.000000000000000000e+00,-1.000000000000000000e+00,-9.733809708922526172e-01,-9.739739706959132937e-01,-9.757360414107610902e-01,-9.786169116896002995e-01,-9.825343835234733314e-01,-9.873763583815405864e-01,-9.930032401870656500e-01,-9.992505853534382476e-01,-1.005931892238588032e+00,-1.012841243008109515e+00,-1.019755224630111812e+00,-1.026433329139873951e+00,-1.032616096564106689e+00,-1.038020794582277695e+00,-1.042335511207796772e+00,-1.045214144973827253e+00,-1.046276822260246542e+00,-1.045122655112978860e+00,-1.041364327907430276e+00,-1.034696358277371164e+00,-1.025009821207442551e+00,-1.012562812944849178e+00,-9.982009974757249937e-01,-9.835812339902562096e-01,-9.712524762343773821e-01,-9.642291643120333156e-01,-9.642291643284655045e-01,-9.712524762840155645e-01,-9.835812340728237180e-01,-9.982009975906814825e-01,-1.012562813094276759e+00,-1.025009821389600617e+00,-1.034696358489062495e+00,-1.041364328150333973e+00,-1.045122655379510768e+00,-1.046276822544720986e+00,-1.045214145278856144e+00,-1.042335511518861058e+00,-1.038020794894521703e+00,-1.032616096881985968e+00,-1.026433329445090692e+00,-1.019755224923595271e+00,-1.012841243285385495e+00,-1.005931892487518242e+00,-9.992505855746630639e-01,-9.930032403654964757e-01,-9.873763585402914877e-01,-9.825343835332143172e-01,-9.786169117689654806e-01,-9.757360413608199279e-01,-9.739739704211700655e-01,-9.733809709680518729e-01,-1.000000000000000000e+00,-1.000000000000000000e+00,-1.000000000000000000e+00,-1.000000000000000000e+00,-1.000000000000000000e+00,-1.000000000000000000e+00,-1.000000000000000000e+00,-1.000000000000000000e+00,-1.000000000000000000e+00,-1.000000000000000000e+00,-1.000000000000000000e+00,-1.000000000000000000e+00,-1.000000000000000000e+00,-1.000000000000000000e+00,-1.000000000000000000e+00,-1.000000000000000000e+00,-1.000000000000000000e+00,-1.000000000000000000e+00,-1.000000000000000000e+00,-1.000000000000000000e+00,-1.000000000000000000e+00,-1.000000000000000000e+00,-1.000000000000000000e+00,-1.000000000000000000e+00,-1.000000000000000000e+00,-1.000000000000000000e+00,-1.000000000000000000e+00,-1.000000000000000000e+00,-1.000000000000000000e+00,-1.000000000000000000e+00,-1.000000000000000000e+00,-1.000000000000000000e+00,-1.000000000000000000e+00,-1.000000000000000000e+00,-1.000000000000000000e+00,-1.000000000000000000e+00,-1.000000000000000000e+00,-1.000000000000000000e+00,-1.000000000000000000e+00,-1.000000000000000000e+00,-1.000000000000000000e+00,-1.000000000000000000e+00
-1.000000000000000000e+00,-1.000000000000000000e+00,-1.000000000000000000e+00,-1.000000000000000000e+00,-1.000000000000000000e+00,-1.000000000000000000e+00,-1.000000000000000000e+00,-1.000000000000000000e+00,-1.000000000000000000e+00,-1.000000000000000000e+00,-1.000000000000000000e+00,-1.000000000000000000e+00,-1.000000000000000000e+00,-1.000000000000000000e+00,-1.000000000000000000e+00,-1.000000000000000000e+00,-1.000000000000000000e+00,-1.000000000000000000e+00,-1.000000000000000000e+00,-1.000000000000000000e+00,-1.000000000000000000e+00,-1.000000000000000000e+00,-1.000000000000000000e+00,-1.000000000000000000e+00,-1.000000000000000000e+00,-1.000000000000000000e+00,-1.000000000000000000e+00,-1.000000000000000000e+00,-1.000000000000000000e+00,-1.000000000000000000e+00,-1.000000000000000000e+00,-1.000000000000000000e+00,-1.000000000000000000e+00,-1.000000000000000000e+00,-1.000000000000000000e+00,-1.000000000000000000e+00,-1.000000000000000000e+00,-1.000000000000000000e+00,-1.000000000000000000e+00,-1.000000000000000000e+00,-1.000000000000000000e+00,-1.000000000000000000e+00,-9.396851085285040650e-01,-9.404362018272296453e-01,-9.426706703491002370e-01,-9.463322030356562387e-01,-9.513272209664384027e-01,-9.575250613256405252e-01,-9.647583639178042292e-01,-9.728243182708037340e-01,-9.814874688282607673e-01,-9.904842655191403722e-01,-9.995287009596505179e-01,-1.008317573306216852e+00,-1.016533606234035991e+00,-1.023845165638069155e+00,-1.029902722259247172e+00,-1.034334355351966162e+00,-1.036745171173474533e+00,-1.036728245047590757e+00,-1.033897369099529229e+00,-1.027954118533758177e+00,-1.018802410112263024e+00,-1.006719814494802634e+00,-9.925794046424331052e-01,-9.780737963821612979e-01,-9.657931287720444846e-01,-9.587884777984051476e-01,-9.587884778145877585e-01,-9.657931288191861086e-01,-9.780737964589318878e-01,-9.925794047493039507e-01,-1.006719814632752064e+00,-1.018802410280106985e+00,-1.027954118731799316e+00,-1.033897369328699689e+00,-1.036728245300949203e+00,-1.036745171449111158e+00,-1.034334355647956727e+00,-1.029902722562951345e+00,-1.023845165951934755e+00,-1.016533606552594504e+00,-1.008317573613694673e+00,-9.995287012647693370e-01,-9.904842658066221883e-01,-9.814874690948170999e-01,-9.728243185127126713e-01,-9.647583641158234968e-01,-9.575250615146645439e-01,-9.513272210019193542e-01,-9.463322031403087475e-01,-9.426706703377549790e-01,-9.404362015709049061e-01,-9.396851086311357459e-01,-1.000000000000000000e+00,-1.000000000000000000e+00,-1.000000000000000000e+00,-1.000000000000000000e+00,-1.000000000000000000e+00,-1.000000000000000000e+00,-1.000000000000000000e+00,-1.000000000000000000e+00,-1.000000000000000000e+00,-1.000000000000000000e+00,-1.000000000000000000e+00,-1.000000000000000000e+00,-1.000000000000000000e+00,-1.000000000000000000e+00,-1.000000000000000000e+00,-1.000000000000000000e+00,-1.000000000000000000e+00,-1.000000000000000000e+00,-1.000000000000000000e+00,-1.000000000000000000e+00,-1.000000000000000000e+00,-1.000000000000000000e+00,-1.000000000000000000e+00,-1.000000000000000000e+00,-1.000000000000000000e+00,-1.000000000000000000e+00,-1.000000000000000000e+00,-1.000000000000000000e+00,-1.000000000000000000e+00,-1.000000000000000000e+00,-1.000000000000000000e+00,-1.000000000000000000e+00,-1.000000000000000000e+00,-1.000000000000000000e+00,-1.000000000000000000e+00,-1.000000000000000000e+00,-1.000000000000000000e+00,-1.000000000000000000e+00,-1.000000000000000000e+00,-1.000000000000000000e+00,-1.000000000000000000e+00,-1.000000000000000000e+00
-1.000000000000000000e+00,-1.000000000000000000e+00,-1.000000000000000000e+00,-1.000000000000000000e+00,-1.000000000000000000e+00,-1.000000000000000000e+00,-1.000000000000000000e+00,-1.000000000000000000e+00,-1.000000000000000000e+00,-1.000000000000000000e+00,-1.000000000000000000e+00,-1.000000000000000000e+00,-1.000000000000000000e+00,-1.000000000000000000e+00,-1.000000000000000000e+00,-1.000000000000000000e+00,-1.000000000000000000e+00,-1.000000000000000000e+00,-1.000000000000000000e+00,-1.000000000000000000e+00,-1.000000000000000000e+00,-1.000000000000000000e+00,-1.000000000000000000e+00,-1.000000000000000000e+00,-1.000000000000000000e+00,-1.000000000000000000e+00,-1.000000000000000000e+00,-1.000000000000000000e+00,-1.000000000000000000e+00,-1.000000000000000000e+00,-1.000000000000000000e+00,-1.000000000000000000e+00,-1.000000000000000000e+00,-1.000000000000000000e+00,-1.000000000000000000e+00,-1.000000000000000000e+00,-1.000000000000000000e+00,-1.000000000000000000e+00,-1.000000000000000000e+00,-1.000000000000000000e+00,-1.000000000000000000e+00,-1.000000000000000000e+00,-8.958038260416832932e-01,-8.967589016007804226e-01,-8.996041076635092892e-01,-9.042788339837424250e-01,-9.106799442687093515e-01,-9.186583365038245574e-01,-9.280150688121537872e-01,-9.384992237785954039e-01,-9.498098038726551229e-01,-9.616028195085154495e-01,-9.735028256153408499e-01,-9.851162750200117557e-01,-9.960430483876215879e-01,-1.005882981401063248e+00,-1.014236228046545341e+00,-1.020699430273976471e+00,-1.024863185299541790e+00,-1.026319603304713945e+00,-1.024691511360448892e+00,-1.019696802405541947e+00,-1.011261592030477052e+00,-9.996913442242136849e-01,-9.858929835927244811e-01,-9.715981111291114303e-01,-9.594367077731638105e-01,-9.524900937726878958e-01,-9.524900937902001097e-01,-9.594367078222985068e-01,-9.715981112064696612e-01,-9.858929836975275363e-01,-9.996913443548164357e-01,-1.011261592187519209e+00,-1.019696802592124030e+00,-1.024691511574971514e+00,-1.026319603543810688e+00,-1.024863185564905077e+00,-1.020699430557830745e+00,-1.014236228341750312e+00,-1.005882981712849178e+00,-9.960430486997980948e-01,-9.851162753275607420e-01,-9.735028259288542873e-01,-9.616028198007539052e-01,-9.498098041536451319e-01,-9.384992240374198103e-01,-9.280150690290004389e-01,-9.186583367225914509e-01,-9.106799443328592591e-01,-9.042788341161689392e-01,-8.996041076959042648e-01,-8.967589013696165567e-01,-8.958038261771920086e-01,-1.000000000000000000e+00,-1.000000000000000000e+00,-1.000000000000000000e+00,-1.000000000000000000e+00,-1.000000000000000000e+00,-1.000000000000000000e+00,-1.000000000000000000e+00,-1.000000000000000000e+00,-1.000000000000000000e+00,-1.000000000000000000e+00,-1.000000000000000000e+00,-1.000000000000000000e+00,-1.000000000000000000e+00,-1.000000000000000000e+00,-1.000000000000000000e+00,-1.000000000000000000e+00,-1.000000000000000000e+00,-1.000000000000000000e+00,-1.000000000000000000e+00,-1.000000000000000000e+00,-1.000000000000000000e+00,-1.000000000000000000e+00,-1.000000000000000000e+00,-1.000000000000000000e+00,-1.000000000000000000e+00,-1.000000000000000000e+00,-1.000000000000000000e+00,-1.000000000000000000e+00,-1.000000000000000000e+00,-1.000000000000000000e+00,-1.000000000000000000e+00,-1.000000000000000000e+00,-1.000000000000000000e+00,-1.000000000000000000e+00,-1.000000000000000000e+00,-1.000000000000000000e+00,-1.000000000000000000e+00,-1.000000000000000000e+00,-1.000000000000000000e+00,-1.000000000000000000e+00,-1.000000000000000000e+00,-1.000000000000000000e+00
-1.000000000000000000e+00,-1.000000000000000000e+00,-1.000000000000000000e+00,-1.000000000000000000e+00,-1.000000000000000000e+00,-1.000000000000000000e+00,-1.000000000000000000e+00,-1.000000000000000000e+00,-1.000000000000000000e+00,-1.000000000000000000e+00,-1.000000000000000000e+00,-1.000000000000000000e+00,-1.000000000000000000e+00,-1.000000000000000000e+00,-1.000000000000000000e+00,-1.000000000000000000e+00,-1.000000000000000000e+00,-1.000000000000000000e+00,-1.000000000000000000e+00,-1.000000000000000000e+00,-1.000000000000000000e+00,-1.000000000000000000e+00,-1.000000000000000000e+00,-1.000000000000000000e+00,-1.000000000000000000e+00,-1.000000000000000000e+00,-1.000000000000000000e+00,-1.000000000000000000e+00,-1.000000000000000000e+00,-1.000000000000000000e+00,-1.000000000000000000e+00,-1.000000000000000000e+00,-1.000000000000000000e+00,-1.000000000000000000e+00,-1.000000000000000000e+00,-1.000000000000000000e+00,-1.000000000000000000e+00,-1.000000000000000000e+00,-1.000000000000000000e+00,-1.000000000000000000e+00,-1.000000000000000000e+00,-1.000000000000000000e+00,-8.388469312058982608e-01,-8.400651899633122532e-01,-8.436998714922943066e-01,-8.496892665110642451e-01,-8.579247867328251287e-01,-8.682412453806364061e-01,-8.804050178013950179e-01,-8.941050728822910187e-01,-9.089522000395120482e-01,-9.244894721815178906e-01,-9.402131335112258181e-01,-9.555992376807876942e-01,-9.701290773454904759e-01,-9.833068285449283463e-01,-9.946659832987405636e-01,-1.003766073953015203e+00,-1.010186361648550690e+00,-1.013527348322859511e+00,-1.013433737797365453e+00,-1.009653804077216055e+00,-1.002149429504695766e+00,-9.912657051721630586e-01,-9.779520357638392669e-01,-9.639830626697997173e-01,-9.520265574626650684e-01,-9.451856340848424631e-01,-9.451856341049382770e-01,-9.520265575180451023e-01,-9.639830627542257391e-01,-9.779520358731164098e-01,-9.912657053015678787e-01,-1.002149429656564505e+00,-1.009653804255563836e+00,-1.013433737998324258e+00,-1.013527348548139750e+00,-1.010186361901877383e+00,-1.003766074222774751e+00,-9.946659835840276909e-01,-9.833068288487171182e-01,-9.701290776468096677e-01,-9.555992379865969610e-01,-9.402131338244589243e-01,-9.244894724708691003e-01,-9.089522003300551933e-01,-8.941050731527840911e-01,-8.804050180363924838e-01,-8.682412456272341483e-01,-8.579247868287724899e-01,-8.496892666735145205e-01,-8.436998715737007437e-01,-8.400651897649163979e-01,-8.388469313808876171e-01,-1.000000000000000000e+00,-1.000000000000000000e+00,-1.000000000000000000e+00,-1.000000000000000000e+00,-1.000000000000000000e+00,-1.000000000000000000e+00,-1.000000000000000000e+00,-1.000000000000000000e+00,-1.000000000000000000e+00,-1.000000000000000000e+00,-1.000000000000000000e+00,-1.000000000000000000e+00,-1.000000000000000000e+00,-1.000000000000000000e+00,-1.000000000000000000e+00,-1.000000000000000000e+00,-1.000000000000000000e+00,-1.000000000000000000e+00,-1.000000000000000000e+00,-1.000000000000000000e+00,-1.000000000000000000e+00,-1.000000000000000000e+00,-1.000000000000000000e+00,-1.000000000000000000e+00,-1.000000000000000000e+00,-1.000000000000000000e+00,-1.000000000000000000e+00,-1.000000000000000000e+00,-1.000000000000000000e+00,-1.000000000000000000e+00,-1.000000000000000000e+00,-1.000000000000000000e+00,-1.000000000000000000e+00,-1.000000000000000000e+00,-1.000000000000000000e+00,-1.000000000000000000e+00,-1.000000000000000000e+00,-1.000000000000000000e+00,-1.000000000000000000e+00,-1.000000000000000000e+00,-1.000000000000000000e+00,-1.000000000000000000e+00
-1.000000000000000000e+00,-1.000000000000000000e+00,-1.000000000000000000e+00,-1.000000000000000000e+00,-1.000000000000000000e+00,-1.000000000000000000e+00,-1.000000000000000000e+00,-1.000000000000000000e+00,-1.000000000000000000e+00,-1.000000000000000000e+00,-1.000000000000000000e+00,-1.000000000000000000e+00,-1.000000000000000000e+00,-1.000000000000000000e+00,-1.000000000000000000e+00,-1.000000000000000000e+00,-1.000000000000000000e+00,-1.000000000000000000e+00,-1.000000000000000000e+00,-1.000000000000000000e+00,-1.000000000000000000e+00,-1.000000000000000000e+00,-1.000000000000000000e+00,-1.000000000000000000e+00,-1.000000000000000000e+00,-1.000000000000000000e+00,-1.000000000000000000e+00,-1.000000000000000000e+00,-1.000000000000000000e+00,-1.000000000000000000e+00,-1.000000000000000000e+00,-1.000000000000000000e+00,-1.000000000000000000e+00,-1.000000000000000000e+00,-1.000000000000000000e+00,-1.000000000000000000e+00,-1.000000000000000000e+00,-1.000000000000000000e+00,-1.000000000000000000e+00,-1.000000000000000000e+00,-1.000000000000000000e+00,-1.000000000000000000e+00,-7.653667223472033765e-01,-7.669241292400954535e-01,-7.715776332343952104e-01,-7.792691215772855617e-01,-7.898917138849617103e-01,-8.032700723604662141e-01,-8.191346089026254607e-01,-8.370997985677448572e-01,-8.566575433399113981e-01,-8.771920866534190786e-01,-8.980156446177502971e-01,-9.184165699492924384e-01,-9.377073207798038990e-01,-9.552597673298535152e-01,-9.705206077109702623e-01,-9.830078577106630133e-01,-9.922973955881349006e-01,-9.980140495131202272e-01,-9.998441975757290656e-01,-9.975869489599877848e-01,-9.912588270884752362e-01,-9.812602526639097045e-01,-9.685942269216603062e-01,-9.550833856380120945e-01,-9.434305533753433171e-01,-9.367503454744879887e-01,-9.367503454975526500e-01,-9.434305534391884684e-01,-9.550833857336421540e-01,-9.685942270406502352e-01,-9.812602527986946654e-01,-9.912588272406637202e-01,-9.975869491328431815e-01,-9.998441977662594349e-01,-9.980140497269461841e-01,-9.922973958277258033e-01,-9.830078579649645931e-01,-9.705206079840680289e-01,-9.552597676192542409e-01,-9.377073210670454628e-01,-9.184165702474877957e-01,-8.980156449187468581e-01,-8.771920869350918748e-01,-8.566575436346473005e-01,-8.370997988430509684e-01,-8.191346091540928631e-01,-8.032700726307614447e-01,-7.898917140156617167e-01,-7.792691217716334329e-01,-7.715776333706045875e-01,-7.669241290834025726e-01,-7.653667225687956766e-01,-1.000000000000000000e+00,-1.000000000000000000e+00,-1.000000000000000000e+00,-1.000000000000000000e+00,-1.000000000000000000e+00,-1.000000000000000000e+00,-1.000000000000000000e+00,-1.000000000000000000e+00,-1.000000000000000000e+00,-1.000000000000000000e+00,-1.000000000000000000e+00,-1.000000000000000000e+00,-1.000000000000000000e+00,-1.000000000000000000e+00,-1.000000000000000000e+00,-1.000000000000000000e+00,-1.000000000000000000e+00,-1.000000000000000000e+00,-1.000000000000000000e+00,-1.000000000000000000e+00,-1.000000000000000000e+00,-1.000000000000000000e+00,-1.000000000000000000e+00,-1.000000000000000000e+00,-1.000000000000000000e+00,-1.000000000000000000e+00,-1.000000000000000000e+00,-1.000000000000000000e+00,-1.000000000000000000e+00,-1.000000000000000000e+00,-1.000000000000000000e+00,-1.000000000000000000e+00,-1.000000000000000000e+00,-1.000000000000000000e+00,-1.000000000000000000e+00,-1.000000000000000000e+00,-1.000000000000000000e+00,-1.000000000000000000e+00,-1.000000000000000000e+00,-1.000000000000000000e+00,-1.000000000000000000e+00,-1.000000000000000000e+00
-1.000000000000000000e+00,-1.000000000000000000e+00,-1.000000000000000000e+00,-1.000000000000000000e+00,-1.000000000000000000e+00,-1.000000000000000000e+00,-1.000000000000000000e+00,-1.000000000000000000e+00,-1.000000000000000000e+00,-1.000000000000000000e+00,-1.000000000000000000e+00,-1.000000000000000000e+00,-1.000000000000000000e+00,-1.000000000000000000e+00,-1.000000000000000000e+00,-1.000000000000000000e+00,-1.000000000000000000e+00,-1.000000000000000000e+00,-1.000000000000000000e+00,-1.000000000000000000e+00,-1.000000000000000000e+00,-1.000000000000000000e+00,-1.000000000000000000e+00,-1.000000000000000000e+00,-1.000000000000000000e+00,-1.000000000000000000e+00,-1.000000000000000000e+00,-1.000000000000000000e+00,-1.000000000000000000e+00,-1.000000000000000000e+00,-1.000000000000000000e+00,-1.000000000000000000e+00,-1.000000000000000000e+00,-1.000000000000000000e+00,-1.000000000000000000e+00,-1.000000000000000000e+00,-1.000000000000000000e+00,-1.000000000000000000e+00,-1.000000000000000000e+00,-1.000000000000000000e+00,-1.000000000000000000e+00,-1.000000000000000000e+00,-6.714300190782378497e-01,-6.734236735166796439e-01,-6.793882236962979215e-01,-6.892742449582641706e-01,-7.029870641009753340e-01,-7.203523735152070895e-01,-7.410669034960406520e-01,-7.646541575084246922e-01,-7.904463323581472078e-01,-8.176050071345223325e-01,-8.451797978233254183e-01,-8.721908795565596062e-01,-8.977128259829467716e-01,-9.209372714526375958e-01,-9.412009384184620853e-01,-9.579796413912626818e-01,-9.708617447431755476e-01,-9.795218794866618062e-01,-9.837171780583879865e-01,-9.833259943026656513e-01,-9.784445563253214573e-01,-9.695486518129231568e-01,-9.577085250936593352e-01,-9.448006050695034741e-01,-9.335594983119894774e-01,-9.270998889285823052e-01,-9.270998889538110133e-01,-9.335594983831687621e-01,-9.448006051758878199e-01,-9.577085252234606161e-01,-9.695486519569902484e-01,-9.784445564817074725e-01,-9.833259944724792589e-01,-9.837171782422612365e-01,-9.795218796909485048e-01,-9.708617449670993160e-01,-9.579796416291638250e-01,-9.412009386761688301e-01,-9.209372717216010029e-01,-8.977128262525669866e-01,-8.721908798384665484e-01,-8.451797981027340256e-01,-8.176050074061607109e-01,-7.904463326471897755e-01,-7.646541577792710376e-01,-7.410669037612009902e-01,-7.203523738041506252e-01,-7.029870642707507500e-01,-6.892742451874516174e-01,-6.793882238949568997e-01,-6.734236734129588342e-01,-6.714300193548564666e-01,-1.000000000000000000e+00,-1.000000000000000000e+00,-1.000000000000000000e+00,-1.000000000000000000e+00,-1.000000000000000000e+00,-1.000000000000000000e+00,-1.000000000000000000e+00,-1.000000000000000000e+00,-1.000000000000000000e+00,-1.000000000000000000e+00,-1.000000000000000000e+00,-1.000000000000000000e+00,-1.000000000000000000e+00,-1.000000000000000000e+00,-1.000000000000000000e+00,-1.000000000000000000e+00,-1.000000000000000000e+00,-1.000000000000000000e+00,-1.000000000000000000e+00,-1.000000000000000000e+00,-1.000000000000000000e+00,-1.000000000000000000e+00,-1.000000000000000000e+00,-1.000000000000000000e+00,-1.000000000000000000e+00,-1.000000000000000000e+00,-1.000000000000000000e+00,-1.000000000000000000e+00,-1.000000000000000000e+00,-1.000000000000000000e+00,-1.000000000000000000e+00,-1.000000000000000000e+00,-1.000000000000000000e+00,-1.000000000000000000e+00,-1.000000000000000000e+00,-1.000000000000000000e+00,-1.000000000000000000e+00,-1.000000000000000000e+00,-1.000000000000000000e+00,-1.000000000000000000e+00,-1.000000000000000000e+00,-1.000000000000000000e+00
-1.000000000000000000e+00,-1.000000000000000000e+00,-1.000000000000000000e+00,-1.000000000000000000e+00,-1.000000000000000000e+00,-1.000000000000000000e+00,-1.000000000000000000e+00,-1.000000000000000000e+00,-1.000000000000000000e+00,-1.000000000000000000e+00,-1.000000000000000000e+00,-1.000000000000000000e+00,-1.000000000000000000e+00,-1.000000000000000000e+00,-1.000000000000000000e+00,-1.000000000000000000e+00,-1.000000000000000000e+00,-1.000000000000000000e+00,-1.000000000000000000e+00,-1.000000000000000000e+00,-1.000000000000000000e+00,-1.000000000000000000e+00,-1.000000000000000000e+00,-1.000000000000000000e+00,-1.000000000000000000e+00,-1.000000000000000000e+00,-1.000000000000000000e+00,-1.000000000000000000e+00,-1.000000000000000000e+00,-1.000000000000000000e+00,-1.000000000000000000e+00,-1.000000000000000000e+00,-1.000000000000000000e+00,-1.000000000000000000e+00,-1.000000000000000000e+00,-1.000000000000000000e+00,-1.000000000000000000e+00,-1.000000000000000000e+00,-1.000000000000000000e+00,-1.000000000000000000e+00,-1.000000000000000000e+00,-1.000000000000000000e+00,-5.528423945304777876e-01,-5.553966756131385463e-01,-5.630430930805085943e-01,-5.757424044792195383e-01,-5.934247222175770275e-01,-6.159348488309156489e-01,-6.429440849738754515e-01,-6.738672203130273708e-01,-7.078237007453478391e-01,-7.436656515160213754e-01,-7.800719590803248948e-01,-8.156846123095654599e-01,-8.492484420788386501e-01,-8.797150175301586827e-01,-9.062872611767597286e-01,-9.284058867862043929e-01,-9.456997389301988743e-01,-9.579316228344754158e-01,-9.649699348306745028e-01,-9.668096863005855024e-01,-9.636583115931737220e-01,-9.560911125163485957e-01,-9.452613607700008913e-01,-9.331056854324951688e-01,-9.223869698564551856e-01,-9.162085502555794569e-01,-9.162085502812812310e-01,-9.223869699310105474e-01,-9.331056855450140519e-01,-9.452613609069127065e-01,-9.560911126686770789e-01,-9.636583117546677624e-01,-9.668096864692430348e-01,-9.649699350102497464e-01,-9.579316230291555767e-01,-9.456997391374190043e-01,-9.284058870076407066e-01,-9.062872614151618045e-01,-8.797150177735990617e-01,-8.492484423267278038e-01,-8.156846125660649482e-01,-7.800719593314624500e-01,-7.436656517722201043e-01,-7.078237010154309061e-01,-6.738672205740257048e-01,-6.429440852518808480e-01,-6.159348491343709098e-01,-5.934247224319220138e-01,-5.757424047462222916e-01,-5.630430933491765710e-01,-5.553966755734303096e-01,-5.528423948697063217e-01,-1.000000000000000000e+00,-1.000000000000000000e+00,-1.000000000000000000e+00,-1.000000000000000000e+00,-1.000000000000000000e+00,-1.000000000000000000e+00,-1.000000000000000000e+00,-1.000000000000000000e+00,-1.000000000000000000e+00,-1.000000000000000000e+00,-1.000000000000000000e+00,-1.000000000000000000e+00,-1.000000000000000000e+00,-1.000000000000000000e+00,-1.000000000000000000e+00,-1.000000000000000000e+00,-1.000000000000000000e+00,-1.000000000000000000e+00,-1.000000000000000000e+00,-1.000000000000000000e+00,-1.000000000000000000e+00,-1.000000000000000000e+00,-1.000000000000000000e+00,-1.000000000000000000e+00,-1.000000000000000000e+00,-1.000000000000000000e+00,-1.000000000000000000e+00,-1.000000000000000000e+00,-1.000000000000000000e+00,-1.000000000000000000e+00,-1.000000000000000000e+00,-1.000000000000000000e+00,-1.000000000000000000e+00,-1.000000000000000000e+00,-1.000000000000000000e+00,-1.000000000000000000e+00,-1.000000000000000000e+00,-1.000000000000000000e+00,-1.000000000000000000e+00,-1.000000000000000000e+00,-1.000000000000000000e+00,-1.000000000000000000e+00
-1.000000000000000000e+00,-1.000000000000000000e+00,-1.000000000000000000e+00,-1.000000000000000000e+00,-1.000000000000000000e+00,-1.000000000000000000e+00,-1.000000000000000000e+00,-1.000000000000000000e+00,-1.000000000000000000e+00,-1.000000000000000000e+00,-1.000000000000000000e+00,-1.000000000000000000e+00,-1.000000000000000000e+00,-1.000000000000000000e+00,-1.000000000000000000e+00,-1.000000000000000000e+00,-1.000000000000000000e+00,-1.000000000000000000e+00,-1.000000000000000000e+00,-1.000000000000000000e+00,-1.000000000000000000e+00,-1.000000000000000000e+00,-1.000000000000000000e+00,-1.000000000000000000e+00,-1.000000000000000000e+00,-1.000000000000000000e+00,-1.000000000000000000e+00,-1.000000000000000000e+00,-1.000000000000000000e+00,-1.000000000000000000e+00,-1.000000000000000000e+00,-1.000000000000000000e+00,-1.000000000000000000e+00,-1.000000000000000000e+00,-1.000000000000000000e+00,-1.000000000000000000e+00,-1.000000000000000000e+00,-1.000000000000000000e+00,-1.000000000000000000e+00,-1.000000000000000000e+00,-1.000000000000000000e+00,-1.000000000000000000e+00,-4.056134508242822401e-01,-4.088900008492832860e-01,-4.186902941153239910e-01,-4.349729186805667558e-01,-4.577027701537000892e-01,-4.867695044567921236e-01,-5.218358180530315860e-01,-5.621900825233647758e-01,-6.066721844735796232e-01,-6.537107239633592748e-01,-7.014704309132295812e-01,-7.480706961494858476e-01,-7.918101622223671088e-01,-8.313307939798680879e-01,-8.656823716535957391e-01,-8.942913000841322679e-01,-9.168718125632751015e-01,-9.333289781453046885e-01,-9.436953639541286742e-01,-9.481287360779985240e-01,-9.469846799883006039e-01,-9.409650847182646771e-01,-9.313231737954740241e-01,-9.200623229373270373e-01,-9.099703405522521216e-01,-9.041291631581103161e-01,-9.041291631824409647e-01,-9.099703406252224180e-01,-9.200623230497922966e-01,-9.313231739335712245e-01,-9.409650848738202455e-01,-9.469846801521810686e-01,-9.481287362455537160e-01,-9.436953641296526030e-01,-9.333289783296896402e-01,-9.168718127547672569e-01,-8.942913002889085750e-01,-8.656823718681707636e-01,-8.313307941944162449e-01,-7.918101624443577569e-01,-7.480706963730234804e-01,-7.014704311316909413e-01,-6.537107241966620963e-01,-6.066721847151612668e-01,-5.621900827744120699e-01,-5.218358183403757344e-01,-4.867695047692457422e-01,-4.577027704172694778e-01,-4.349729189880499058e-01,-4.186902944611406996e-01,-4.088900008829199351e-01,-4.056134512306629469e-01,-1.000000000000000000e+00,-1.000000000000000000e+00,-1.000000000000000000e+00,-1.000000000000000000e+00,-1.000000000000000000e+00,-1.000000000000000000e+00,-1.000000000000000000e+00,-1.000000000000000000e+00,-1.000000000000000000e+00,-1.000000000000000000e+00,-1.000000000000000000e+00,-1.000000000000000000e+00,-1.000000000000000000e+00,-1.000000000000000000e+00,-1.000000000000000000e+00,-1.000000000000000000e+00,-1.000000000000000000e+00,-1.000000000000000000e+00,-1.000000000000000000e+00,-1.000000000000000000e+00,-1.000000000000000000e+00,-1.000000000000000000e+00,-1.000000000000000000e+00,-1.000000000000000000e+00,-1.000000000000000000e+00,-1.000000000000000000e+00,-1.000000000000000000e+00,-1.000000000000000000e+00,-1.000000000000000000e+00,-1.000000000000000000e+00,-1.000000000000000000e+00,-1.000000000000000000e+00,-1.000000000000000000e+00,-1.000000000000000000e+00,-1.000000000000000000e+00,-1.000000000000000000e+00,-1.000000000000000000e+00,-1.000000000000000000e+00,-1.000000000000000000e+00,-1.000000000000000000e+00,-1.000000000000000000e+00,-1.000000000000000000e+00
-1.000000000000000000e+00,-1.000000000000000000e+00,-1.000000000000000000e+00,-1.000000000000000000e+00,-1.000000000000000000e+00,-1.000000000000000000e+00,-1.000000000000000000e+00,-1.000000000000000000e+00,-1.000000000000000000e+00,-1.000000000000000000e+00,-1.000000000000000000e+00,-1.000000000000000000e+00,-1.000000000000000000e+00,-1.000000000000000000e+00,-1.000000000000000000e+00,-1.000000000000000000e+00,-1.000000000000000000e+00,-1.000000000000000000e+00,-1.000000000000000000e+00,-1.000000000000000000e+00,-1.000000000000000000e+00,-1.000000000000000000e+00,-1.000000000000000000e+00,-1.000000000000000000e+00,-1.000000000000000000e+00,-1.000000000000000000e+00,-1.000000000000000000e+00,-1.000000000000000000e+00,-1.000000000000000000e+00,-1.000000000000000000e+00,-1.000000000000000000e+00,-1.000000000000000000e+00,-1.000000000000000000e+00,-1.000000000000000000e+00,-1.000000000000000000e+00,-1.000000000000000000e+00,-1.000000000000000000e+00,-1.000000000000000000e+00,-1.000000000000000000e+00,-1.000000000000000000e+00,-1.000000000000000000e+00,-1.000000000000000000e+00,-2.267669416591473475e-01,-2.309827806869690914e-01,-2.435461979195582272e-01,-2.643656342431019990e-01,-2.934376010702902660e-01,-3.307280075190410784e-01,-3.759173587198356703e-01,-4.281507798798688258e-01,-4.859077744373984098e-01,-5.470510193604842808e-01,-6.090515297331741129e-01,-6.693282587278747142e-01,-7.255969253625434989e-01,-7.761182373530305378e-01,-8.197827243623428961e-01,-8.560440009195907640e-01,-8.847671311627548496e-01,-9.060695300665092544e-01,-9.202113012184359730e-01,-9.275648501270514767e-01,-9.286733481418231184e-01,-9.243927826280513571e-01,-9.160926702817304701e-01,-9.058490705088257933e-01,-8.964718451104369823e-01,-8.910139731319584033e-01,-8.910139731535525742e-01,-8.964718451770652408e-01,-9.058490706145116977e-01,-9.160926704142946519e-01,-9.243927827797596697e-01,-9.286733483025699787e-01,-9.275648502909945581e-01,-9.202113013879162917e-01,-9.060695302394731199e-01,-8.847671313392950765e-01,-8.560440011056814624e-01,-8.197827245498553461e-01,-7.761182375386184162e-01,-7.255969255555392294e-01,-6.693282589144200490e-01,-6.090515299176693098e-01,-5.470510195647515506e-01,-4.859077746464300906e-01,-4.281507801203144892e-01,-3.759173590091130501e-01,-3.307280078387565547e-01,-2.934376013890497292e-01,-2.643656345944428443e-01,-2.435461983484117354e-01,-2.309827807995930016e-01,-2.267669421320636092e-01,-1.000000000000000000e+00,-1.000000000000000000e+00,-1.000000000000000000e+00,-1.000000000000000000e+00,-1.000000000000000000e+00,-1.000000000000000000e+00,-1.000000000000000000e+00,-1.000000000000000000e+00,-1.000000000000000000e+00,-1.000000000000000000e+00,-1.000000000000000000e+00,-1.000000000000000000e+00,-1.000000000000000000e+00,-1.000000000000000000e+00,-1.000000000000000000e+00,-1.000000000000000000e+00,-1.000000000000000000e+00,-1.000000000000000000e+00,-1.000000000000000000e+00,-1.000000000000000000e+00,-1.000000000000000000e+00,-1.000000000000000000e+00,-1.000000000000000000e+00,-1.000000000000000000e+00,-1.000000000000000000e+00,-1.000000000000000000e+00,-1.000000000000000000e+00,-1.000000000000000000e+00,-1.000000000000000000e+00,-1.000000000000000000e+00,-1.000000000000000000e+00,-1.000000000000000000e+00,-1.000000000000000000e+00,-1.000000000000000000e+00,-1.000000000000000000e+00,-1.000000000000000000e+00,-1.000000000000000000e+00,-1.000000000000000000e+00,-1.000000000000000000e+00,-1.000000000000000000e+00,-1.000000000000000000e+00,-1.000000000000000000e+00
-1.000000000000000000e+00,-1.000000000000000000e+00,-1.000000000000000000e+00,-1.000000000000000000e+00,-1.000000000000000000e+00,-1.000000000000000000e+00,-1.000000000000000000e+00,-1.000000000000000000e+00,-1.000000000000000000e+00,-1.000000000000000000e+00,-1.000000000000000000e+00,-1.000000000000000000e+00,-1.000000000000000000e+00,-1.000000000000000000e+00,-1.000000000000000000e+00,-1.000000000000000000e+00,-1.000000000000000000e+00,-1.000000000000000000e+00,-1.000000000000000000e+00,-1.000000000000000000e+00,-1.000000000000000000e+00,-1.000000000000000000e+00,-1.000000000000000000e+00,-1.000000000000000000e+00,-1.000000000000000000e+00,-1.000000000000000000e+00,-1.000000000000000000e+00,-1.000000000000000000e+00,-1.000000000000000000e+00,-1.000000000000000000e+00,-1.000000000000000000e+00,-1.000000000000000000e+00,-1.000000000000000000e+00,-1.000000000000000000e+00,-1.000000000000000000e+00,-1.000000000000000000e+00,-1.000000000000000000e+00,-1.000000000000000000e+00,-1.000000000000000000e+00,-1.000000000000000000e+00,-1.000000000000000000e+00,-1.000000000000000000e+00,-1.558229220527640457e-02,-2.104328089314788652e-02,-3.717471845653741447e-02,-6.371282240079612080e-02,-1.006506630787685763e-01,-1.480588110295876225e-01,-2.056664387533753136e-01,-2.724571115466039029e-01,-3.464570564154749732e-01,-4.247995127951201821e-01,-5.040580216307581907e-01,-5.807551083334174802e-01,-6.518835733872180294e-01,-7.152653429221942361e-01,-7.696507224224137245e-01,-8.145878206278860389e-01,-8.501769396780671784e-01,-8.768281627095694253e-01,-8.950957747282594079e-01,-9.056177583116913343e-01,-9.091613585730039526e-01,-9.067606942966480732e-01,-8.999149092649300075e-01,-8.907770322855739220e-01,-8.821766710538706535e-01,-8.771333549424423781e-01,-8.771333549610602631e-01,-8.821766711113212533e-01,-8.907770323787578270e-01,-8.999149093855833836e-01,-9.067606944374754230e-01,-9.091613587243377870e-01,-9.056177584676051717e-01,-8.950957748878318743e-01,-8.768281628690253182e-01,-8.501769398388018262e-01,-8.145878207927864656e-01,-7.696507225830795385e-01,-7.152653430810239632e-01,-6.518835735488190952e-01,-5.807551084828042054e-01,-5.040580217825971765e-01,-4.247995129673687309e-01,-3.464570565934399493e-01,-2.724571117756983130e-01,-2.056664390409153054e-01,-1.480588113618762636e-01,-1.006506634540751399e-01,-6.371282279340606536e-02,-3.717471896588708802e-02,-2.104328108087705207e-02,-1.558229273549427418e-02,-1.000000000000000000e+00,-1.000000000000000000e+00,-1.000000000000000000e+00,-1.000000000000000000e+00,-1.000000000000000000e+00,-1.000000000000000000e+00,-1.000000000000000000e+00,-1.000000000000000000e+00,-1.000000000000000000e+00,-1.000000000000000000e+00,-1.000000000000000000e+00,-1.000000000000000000e+00,-1.000000000000000000e+00,-1.000000000000000000e+00,-1.000000000000000000e+00,-1.000000000000000000e+00,-1.000000000000000000e+00,-1.000000000000000000e+00,-1.000000000000000000e+00,-1.000000000000000000e+00,-1.000000000000000000e+00,-1.000000000000000000e+00,-1.000000000000000000e+00,-1.000000000000000000e+00,-1.000000000000000000e+00,-1.000000000000000000e+00,-1.000000000000000000e+00,-1.000000000000000000e+00,-1.000000000000000000e+00,-1.000000000000000000e+00,-1.000000000000000000e+00,-1.000000000000000000e+00,-1.000000000000000000e+00,-1.000000000000000000e+00,-1.000000000000000000e+00,-1.000000000000000000e+00,-1.000000000000000000e+00,-1.000000000000000000e+00,-1.000000000000000000e+00,-1.000000000000000000e+00,-1.000000000000000000e+00,-1.000000000000000000e+00
-1.000000000000000000e+00,-1.000000000000000000e+00,-1.000000000000000000e+00,-1.000000000000000000e+00,-1.000000000000000000e+00,-1.000000000000000000e+00,-1.000000000000000000e+00,-1.000000000000000000e+00,-1.000000000000000000e+00,-1.000000000000000000e+00,-1.000000000000000000e+00,-1.000000000000000000e+00,-1.000000000000000000e+00,-1.000000000000000000e+00,-1.000000000000000000e+00,-1.000000000000000000e+00,-1.000000000000000000e+00,-1.000000000000000000e+00,-1.000000000000000000e+00,-1.000000000000000000e+00,-1.000000000000000000e+00,-1.000000000000000000e+00,-1.000000000000000000e+00,-1.000000000000000000e+00,-1.000000000000000000e+00,-1.000000000000000000e+00,-1.000000000000000000e+00,-1.000000000000000000e+00,-1.000000000000000000e+00,-1.000000000000000000e+00,-1.000000000000000000e+00,-1.000000000000000000e+00,-1.000000000000000000e+00,-1.000000000000000000e+00,-1.000000000000000000e+00,-1.000000000000000000e+00,-1.000000000000000000e+00,-1.000000000000000000e+00,-1.000000000000000000e+00,-1.000000000000000000e+00,-1.000000000000000000e+00,-1.000000000000000000e+00,2.247421872377715069e-01,2.175862042000862306e-01,1.968038031892178630e-01,1.630785091520479124e-01,1.165150113899600104e-01,5.693542313325195003e-02,-1.545347498184079793e-02,-9.944325697304379208e-02,-1.925071102411914925e-01,-2.908874883587925231e-01,-3.900700037240090179e-01,-4.855097702427177975e-01,-5.733724804282634979e-01,-6.510247046283870187e-01,-7.171310205212063638e-01,-7.714224530717915806e-01,-8.143243016210892637e-01,-8.466138297988667905e-01,-8.691951640345902952e-01,-8.830109291002017358e-01,-8.890783579543855009e-01,-8.886253451167223094e-01,-8.832881892520644262e-01,-8.752983061803121245e-01,-8.675030746036950235e-01,-8.628870901359791956e-01,-8.628870901520644399e-01,-8.675030746514378333e-01,-8.752983062582256890e-01,-8.832881893566776332e-01,-8.886253452415251441e-01,-8.890783580911267858e-01,-8.830109292433412360e-01,-8.691951641801376471e-01,-8.466138299428029867e-01,-8.143243017647876503e-01,-7.714224532144754454e-01,-7.171310206574205148e-01,-6.510247047622541583e-01,-5.733724805584382578e-01,-4.855097703604127624e-01,-3.900700038472668663e-01,-2.908874885001274668e-01,-1.925071103937299188e-01,-9.944325718931634750e-02,-1.545347526512297343e-02,5.693542278764351927e-02,1.165150109709838233e-01,1.630785087287482948e-01,1.968038026118283934e-01,2.175862039531839542e-01,2.247421866708174676e-01,-1.000000000000000000e+00,-1.000000000000000000e+00,-1.000000000000000000e+00,-1.000000000000000000e+00,-1.000000000000000000e+00,-1.000000000000000000e+00,-1.000000000000000000e+00,-1.000000000000000000e+00,-1.000000000000000000e+00,-1.000000000000000000e+00,-1.000000000000000000e+00,-1.000000000000000000e+00,-1.000000000000000000e+00,-1.000000000000000000e+00,-1.000000000000000000e+00,-1.000000000000000000e+00,-1.000000000000000000e+00,-1.000000000000000000e+00,-1.000000000000000000e+00,-1.000000000000000000e+00,-1.000000000000000000e+00,-1.000000000000000000e+00,-1.000000000000000000e+00,-1.000000000000000000e+00,-1.000000000000000000e+00,-1.000000000000000000e+00,-1.000000000000000000e+00,-1.000000000000000000e+00,-1.000000000000000000e+00,-1.000000000000000000e+00,-1.000000000000000000e+00,-1.000000000000000000e+00,-1.000000000000000000e+00,-1.000000000000000000e+00,-1.000000000000000000e+00,-1.000000000000000000e+00,-1.000000000000000000e+00,-1.000000000000000000e+00,-1.000000000000000000e+00,-1.000000000000000000e+00,-1.000000000000000000e+00,-1.000000000000000000e+00
-1.000000000000000000e+00,-1.000000000000000000e+00,-1.000000000000000000e+00,-1.000000000000000000e+00,-1.000000000000000000e+00,-1.000000000000000000e+00,-1.000000000000000000e+00,-1.000000000000000000e+00,-1.000000000000000000e+00,-1.000000000000000000e+00,-1.000000000000000000e+00,-1.000000000000000000e+00,-1.000000000000000000e+00,-1.000000000000000000e+00,-1.000000000000000000e+00,-1.000000000000000000e+00,-1.000000000000000000e+00,-1.000000000000000000e+00,-1.000000000000000000e+00,-1.000000000000000000e+00,-1.000000000000000000e+00,-1.000000000000000000e+00,-1.000000000000000000e+00,-1.000000000000000000e+00,-1.000000000000000000e+00,-1.000000000000000000e+00,-1.000000000000000000e+00,-1.000000000000000000e+00,-1.000000000000000000e+00,-1.000000000000000000e+00,-1.000000000000000000e+00,-1.000000000000000000e+00,-1.000000000000000000e+00,-1.000000000000000000e+00,-1.000000000000000000e+00,-1.000000000000000000e+00,-1.000000000000000000e+00,-1.000000000000000000e+00,-1.000000000000000000e+00,-1.000000000000000000e+00,-1.000000000000000000e+00,-1.000000000000000000e+00,4.852713417419209918e-01,4.757692521150336251e-01,4.489064832890832246e-01,4.061954831514777986e-01,3.480285995705472146e-01,2.741904518612339192e-01,1.848671257196807804e-01,8.152448842372628235e-02,-3.266107453979905095e-02,-1.529292808436537587e-01,-2.735768499814204002e-01,-3.889301786505603431e-01,-4.943270277728245565e-01,-5.867351689613982124e-01,-6.648191389043150989e-01,-7.285756040610162909e-01,-7.788175086122798296e-01,-8.167304108876265456e-01,-8.435932579363059070e-01,-8.606676988108373783e-01,-8.692284067912349199e-01,-8.706997085408481052e-01,-8.668543505235248858e-01,-8.599996264466407414e-01,-8.529986279335313171e-01,-8.488020529925435209e-01,-8.488020530058821844e-01,-8.529986279713210884e-01,-8.599996265087992420e-01,-8.668543506102219798e-01,-8.706997086464101088e-01,-8.692284069096040122e-01,-8.606676989369608233e-01,-8.435932580642832024e-01,-8.167304110141808682e-01,-7.788175087375480699e-01,-7.285756041817862405e-01,-6.648191390190087979e-01,-5.867351690725378655e-01,-4.943270278770036663e-01,-3.889301787473409266e-01,-2.735768500825858096e-01,-1.529292809602897929e-01,-3.266107467638668105e-02,8.152448822066094003e-02,1.848671254425393595e-01,2.741904515076758475e-01,3.480285991290803516e-01,4.061954827123415157e-01,4.489064826683999421e-01,4.757692518394545100e-01,4.852713411718587722e-01,-1.000000000000000000e+00,-1.000000000000000000e+00,-1.000000000000000000e+00,-1.000000000000000000e+00,-1.000000000000000000e+00,-1.000000000000000000e+00,-1.000000000000000000e+00,-1.000000000000000000e+00,-1.000000000000000000e+00,-1.000000000000000000e+00,-1.000000000000000000e+00,-1.000000000000000000e+00,-1.000000000000000000e+00,-1.000000000000000000e+00,-1.000000000000000000e+00,-1.000000000000000000e+00,-1.000000000000000000e+00,-1.000000000000000000e+00,-1.000000000000000000e+00,-1.000000000000000000e+00,-1.000000000000000000e+00,-1.000000000000000000e+00,-1.000000000000000000e+00,-1.000000000000000000e+00,-1.000000000000000000e+00,-1.000000000000000000e+00,-1.000000000000000000e+00,-1.000000000000000000e+00,-1.000000000000000000e+00,-1.000000000000000000e+00,-1.000000000000000000e+00,-1.000000000000000000e+00,-1.000000000000000000e+00,-1.000000000000000000e+00,-1.000000000000000000e+00,-1.000000000000000000e+00,-1.000000000000000000e+00,-1.000000000000000000e+00,-1.000000000000000000e+00,-1.000000000000000000e+00,-1.000000000000000000e+00,-1.000000000000000000e+00
-1.000000000000000000e+00,-1.000000000000000000e+00,-1.000000000000000000e+00,-1.000000000000000000e+00,-1.000000000000000000e+00,-1.000000000000000000e+00,-1.000000000000000000e+00,-1.000000000000000000e+00,-1.000000000000000000e+00,-1.000000000000000000e+00,-1.000000000000000000e+00,-1.000000000000000000e+00,-1.000000000000000000e+00,-1.000000000000000000e+00,-1.000000000000000000e+00,-1.000000000000000000e+00,-1.000000000000000000e+00,-1.000000000000000000e+00,-1.000000000000000000e+00,-1.000000000000000000e+00,-1.000000000000000000e+00,-1.000000000000000000e+00,-1.000000000000000000e+00,-1.000000000000000000e+00,-1.000000000000000000e+00,-1.000000000000000000e+00,-1.000000000000000000e+00,-1.000000000000000000e+00,-1.000000000000000000e+00,-1.000000000000000000e+00,-1.000000000000000000e+00,-1.000000000000000000e+00,-1.000000000000000000e+00,-1.000000000000000000e+00,-1.000000000000000000e+00,-1.000000000000000000e+00,-1.000000000000000000e+00,-1.000000000000000000e+00,-1.000000000000000000e+00,-1.000000000000000000e+00,-1.000000000000000000e+00,-1.000000000000000000e+00,7.501960902803483933e-01,7.375603394084933040e-01,7.029328600791779902e-01,6.492162977190698570e-01,5.774165449190482580e-01,4.874801609644998646e-01,3.797234804542819475e-01,2.559910130771883008e-01,1.201815708794706783e-01,-2.194415572063113107e-02,-1.635820366142636262e-01,-2.980850513499800902e-01,-4.201391687233863026e-01,-5.264562320634906811e-01,-6.157810691983192086e-01,-6.884003280727434282e-01,-7.455067458871584840e-01,-7.886744535337107953e-01,-8.195361914757256505e-01,-8.396540665759528732e-01,-8.505447623136734858e-01,-8.538164176041138642e-01,-8.513682187122819656e-01,-8.455764633532829588e-01,-8.393174883211969028e-01,-8.355110426490787168e-01,-8.355110426591318973e-01,-8.393174883492181548e-01,-8.455764634008329228e-01,-8.513682187807660728e-01,-8.538164176888070056e-01,-8.505447624112013605e-01,-8.396540666814887865e-01,-8.195361915828082155e-01,-7.886744536401093519e-01,-7.455067459914215267e-01,-6.884003281715829203e-01,-6.157810692932753627e-01,-5.264562321536707667e-01,-4.201391688072138031e-01,-2.980850514327499923e-01,-1.635820366970849316e-01,-2.194415581946462801e-02,1.201815707519651166e-01,2.559910128905078519e-01,3.797234801893798473e-01,4.874801606171308421e-01,5.774165444852452644e-01,6.492162972927606468e-01,7.029328594589325796e-01,7.375603391458833702e-01,7.501960897433033182e-01,-1.000000000000000000e+00,-1.000000000000000000e+00,-1.000000000000000000e+00,-1.000000000000000000e+00,-1.000000000000000000e+00,-1.000000000000000000e+00,-1.000000000000000000e+00,-1.000000000000000000e+00,-1.000000000000000000e+00,-1.000000000000000000e+00,-1.000000000000000000e+00,-1.000000000000000000e+00,-1.000000000000000000e+00,-1.000000000000000000e+00,-1.000000000000000000e+00,-1.000000000000000000e+00,-1.000000000000000000e+00,-1.000000000000000000e+00,-1.000000000000000000e+00,-1.000000000000000000e+00,-1.000000000000000000e+00,-1.000000000000000000e+00,-1.000000000000000000e+00,-1.000000000000000000e+00,-1.000000000000000000e+00,-1.000000000000000000e+00,-1.000000000000000000e+00,-1.000000000000000000e+00,-1.000000000000000000e+00,-1.000000000000000000e+00,-1.000000000000000000e+00,-1.000000000000000000e+00,-1.000000000000000000e+00,-1.000000000000000000e+00,-1.000000000000000000e+00,-1.000000000000000000e+00,-1.000000000000000000e+00,-1.000000000000000000e+00,-1.000000000000000000e+00,-1.000000000000000000e+00,-1.000000000000000000e+00,-1.000000000000000000e+00
-1.000000000000000000e+00,-1.000000000000000000e+00,-1.000000000000000000e+00,-1.000000000000000000e+00,-1.000000000000000000e+00,-1.000000000000000000e+00,-1.000000000000000000e+00,-1.000000000000000000e+00,-1.000000000000000000e+00,-1.000000000000000000e+00,-1.000000000000000000e+00,-1.000000000000000000e+00,-1.000000000000000000e+00,-1.000000000000000000e+00,-1.000000000000000000e+00,-1.000000000000000000e+00,-1.000000000000000000e+00,-1.000000000000000000e+00,-1.000000000000000000e+00,-1.000000000000000000e+00,-1.000000000000000000e+00,-1.000000000000000000e+00,-1.000000000000000000e+00,-1.000000000000000000e+00,-1.000000000000000000e+00,-1.000000000000000000e+00,-1.000000000000000000e+00,-1.000000000000000000e+00,-1.000000000000000000e+00,-1.000000000000000000e+00,-1.000000000000000000e+00,-1.000000000000000000e+00,-1.000000000000000000e+00,-1.000000000000000000e+00,-1.000000000000000000e+00,-1.000000000000000000e+00,-1.000000000000000000e+00,-1.000000000000000000e+00,-1.000000000000000000e+00,-1.000000000000000000e+00,-1.000000000000000000e+00,-1.000000000000000000e+00,9.986202732476314736e-01,9.822040193769108196e-01,9.384999437412009371e-01,8.723393349972368149e-01,7.856976282696823688e-01,6.789376083086613445e-01,5.526943837347051414e-01,4.092973481607435904e-01,2.533607935014798862e-01,9.151226101292109227e-02,-6.858820131301923695e-02,-2.196261208879339843e-01,-3.559154776921030772e-01,-4.740859365489716870e-01,-5.730127579729396015e-01,-6.532379193279111984e-01,-7.162645778796354890e-01,-7.639838011060409162e-01,-7.983213265087355515e-01,-8.210921326159488220e-01,-8.340189990629021111e-01,-8.388674621423028999e-01,-8.376447600714937991e-01,-8.327854284853917211e-01,-8.271761537324275881e-01,-8.237101082806967955e-01,-8.237101082876092661e-01,-8.271761537520991858e-01,-8.327854285201763407e-01,-8.376447601222082318e-01,-8.388674622058946984e-01,-8.340189991384157064e-01,-8.210921326983703361e-01,-7.983213265924341551e-01,-7.639838011897682746e-01,-7.162645779604810414e-01,-6.532379194042454706e-01,-5.730127580480692817e-01,-4.740859366185758983e-01,-3.559154777576881701e-01,-2.196261209571107598e-01,-6.858820137886822987e-02,9.151226092880193619e-02,2.533607933864132633e-01,4.092973480021584454e-01,5.526943834996274063e-01,6.789376079942646136e-01,7.856976278817986437e-01,8.723393346236785195e-01,9.384999431716294360e-01,9.822040191704459744e-01,9.986202727802000467e-01,-1.000000000000000000e+00,-1.000000000000000000e+00,-1.000000000000000000e+00,-1.000000000000000000e+00,-1.000000000000000000e+00,-1.000000000000000000e+00,-1.000000000000000000e+00,-1.000000000000000000e+00,-1.000000000000000000e+00,-1.000000000000000000e+00,-1.000000000000000000e+00,-1.000000000000000000e+00,-1.000000000000000000e+00,-1.000000000000000000e+00,-1.000000000000000000e+00,-1.000000000000000000e+00,-1.000000000000000000e+00,-1.000000000000000000e+00,-1.000000000000000000e+00,-1.000000000000000000e+00,-1.000000000000000000e+00,-1.000000000000000000e+00,-1.000000000000000000e+00,-1.000000000000000000e+00,-1.000000000000000000e+00,-1.000000000000000000e+00,-1.000000000000000000e+00,-1.000000000000000000e+00,-1.000000000000000000e+00,-1.000000000000000000e+00,-1.000000000000000000e+00,-1.000000000000000000e+00,-1.000000000000000000e+00,-1.000000000000000000e+00,-1.000000000000000000e+00,-1.000000000000000000e+00,-1.000000000000000000e+00,-1.000000000000000000e+00,-1.000000000000000000e+00,-1.000000000000000000e+00,-1.000000000000000000e+00,-1.000000000000000000e+00
-1.000000000000000000e+00,-1.000000000000000000e+00,-1.000000000000000000e+00,-1.000000000000000000e+00,-1.000000000000000000e+00,-1.000000000000000000e+00,-1.000000000000000000e+00,-1.000000000000000000e+00,-1.000000000000000000e+00,-1.000000000000000000e+00,-1.000000000000000000e+00,-1.000000000000000000e+00,-1.000000000000000000e+00,-1.000000000000000000e+00,-1.000000000000000000e+00,-1.000000000000000000e+00,-1.000000000000000000e+00,-1.000000000000000000e+00,-1.000000000000000000e+00,-1.000000000000000000e+00,-1.000000000000000000e+00,-1.000000000000000000e+00,-1.000000000000000000e+00,-1.000000000000000000e+00,-1.000000000000000000e+00,-1.000000000000000000e+00,-1.000000000000000000e+00,-1.000000000000000000e+00,-1.000000000000000000e+00,-1.000000000000000000e+00,-1.000000000000000000e+00,-1.000000000000000000e+00,-1.000000000000000000e+00,-1.000000000000000000e+00,-1.000000000000000000e+00,-1.000000000000000000e+00,-1.000000000000000000e+00,-1.000000000000000000e+00,-1.000000000000000000e+00,-1.000000000000000000e+00,-1.000000000000000000e+00,-1.000000000000000000e+00,1.208437893571792099e+00,1.188130570186815227e+00,1.135254943711252906e+00,1.056806815412681733e+00,9.559360631887037218e-01,8.335968748898654468e-01,6.908571342017864048e-01,5.305439489278058751e-01,3.578794602790627000e-01,1.801398081061924561e-01,5.542818842550811809e-03,-1.582471059153187642e-01,-3.054234954462143881e-01,-4.326623144970433987e-01,-5.389794527736541108e-01,-6.251080488838249849e-01,-6.927687285555521601e-01,-7.440767711432719755e-01,-7.811711599584860721e-01,-8.060560267284839764e-01,-8.206115059615695095e-01,-8.267247727334141594e-01,-8.264868432979677326e-01,-8.223770402728177720e-01,-8.172893590760861304e-01,-8.140958900044203972e-01,-8.140958900087511552e-01,-8.172893590888599125e-01,-8.223770402960416392e-01,-8.264868433317777985e-01,-8.267247727768757271e-01,-8.206115060148280183e-01,-8.060560267863940975e-01,-7.811711600175131887e-01,-7.440767712030735836e-01,-6.927687286121391175e-01,-6.251080489371484417e-01,-5.389794528276503627e-01,-4.326623145461802045e-01,-3.054234954938997992e-01,-1.582471059687227122e-01,5.542818792928061455e-03,1.801398080389651213e-01,3.578794601860044722e-01,5.305439488080598842e-01,6.908571340163380814e-01,8.335968746375148619e-01,9.559360628820399164e-01,1.056806815131297039e+00,1.135254943233531932e+00,1.188130570070397241e+00,1.208437893208142100e+00,-1.000000000000000000e+00,-1.000000000000000000e+00,-1.000000000000000000e+00,-1.000000000000000000e+00,-1.000000000000000000e+00,-1.000000000000000000e+00,-1.000000000000000000e+00,-1.000000000000000000e+00,-1.000000000000000000e+00,-1.000000000000000000e+00,-1.000000000000000000e+00,-1.000000000000000000e+00,-1.000000000000000000e+00,-1.000000000000000000e+00,-1.000000000000000000e+00,-1.000000000000000000e+00,-1.000000000000000000e+00,-1.000000000000000000e+00,-1.000000000000000000e+00,-1.000000000000000000e+00,-1.000000000000000000e+00,-1.000000000000000000e+00,-1.000000000000000000e+00,-1.000000000000000000e+00,-1.000000000000000000e+00,-1.000000000000000000e+00,-1.000000000000000000e+00,-1.000000000000000000e+00,-1.000000000000000000e+00,-1.000000000000000000e+00,-1.000000000000000000e+00,-1.000000000000000000e+00,-1.000000000000000000e+00,-1.000000000000000000e+00,-1.000000000000000000e+00,-1.000000000000000000e+00,-1.000000000000000000e+00,-1.000000000000000000e+00,-1.000000000000000000e+00,-1.000000000000000000e+00,-1.000000000000000000e+00,-1.000000000000000000e+00
-1.000000000000000000e+00,-1.000000000000000000e+00,-1.000000000000000000e+00,-1.000000000000000000e+00,-1.000000000000000000e+00,-1.000000000000000000e+00,-1.000000000000000000e+00,-1.000000000000000000e+00,-1.000000000000000000e+00,-1.000000000000000000e+00,-1.000000000000000000e+00,-1.000000000000000000e+00,-1.000000000000000000e+00,-1.000000000000000000e+00,-1.000000000000000000e+00,-1.000000000000000000e+00,-1.000000000000000000e+00,-1.000000000000000000e+00,-1.000000000000000000e+00,-1.000000000000000000e+00,-1.000000000000000000e+00,-1.000000000000000000e+00,-1.000000000000000000e+00,-1.000000000000000000e+00,-1.000000000000000000e+00,-1.000000000000000000e+00,-1.000000000000000000e+00,-1.000000000000000000e+00,-1.000000000000000000e+00,-1.000000000000000000e+00,-1.000000000000000000e+00,-1.000000000000000000e+00,-1.000000000000000000e+00,-1.000000000000000000e+00,-1.000000000000000000e+00,-1.000000000000000000e+00,-1.000000000000000000e+00,-1.000000000000000000e+00,-1.000000000000000000e+00,-1.000000000000000000e+00,-1.000000000000000000e+00,-1.000000000000000000e+00,1.360214264410127605e+00,1.336668608659751456e+00,1.276248587742013552e+00,1.187848187452436033e+00,1.075690671982262980e+00,9.413046185068159044e-01,7.861615871704179526e-01,6.134883151484269437e-01,4.289376005771268208e-01,2.401972475050073719e-01,5.578371438619744715e-02,-1.165131382499575707e-01,-2.709072850325418003e-01,-4.041679010208829581e-01,-5.154256045179779200e-01,-6.055357653402765328e-01,-6.763495315595409174e-01,-7.301183685234616805e-01,-7.691149729787004619e-01,-7.954657255436083929e-01,-8.111547880907754582e-01,-8.181508912407788880e-01,-8.186015336024041744e-01,-8.150160733864053597e-01,-8.102929964001482910e-01,-8.072897320922765019e-01,-8.072897320945268129e-01,-8.102929964070012536e-01,-8.150160733990932105e-01,-8.186015336209766513e-01,-8.181508912655459653e-01,-8.111547881216869538e-01,-7.954657255764492341e-01,-7.691149730122314176e-01,-7.301183685579902827e-01,-6.763495315913466976e-01,-6.055357653697245324e-01,-5.154256045482801252e-01,-4.041679010479789502e-01,-2.709072850590956705e-01,-1.165131382806973148e-01,5.578371435823425983e-02,2.401972474657834145e-01,4.289376005204810216e-01,6.134883150777579175e-01,7.861615870573752662e-01,9.413046183475661799e-01,1.075690671790724640e+00,1.187848187305306169e+00,1.276248587392433187e+00,1.336668608654508539e+00,1.360214264167543874e+00,-1.000000000000000000e+00,-1.000000000000000000e+00,-1.000000000000000000e+00,-1.000000000000000000e+00,-1.000000000000000000e+00,-1.000000000000000000e+00,-1.000000000000000000e+00,-1.000000000000000000e+00,-1.000000000000000000e+00,-1.000000000000000000e+00,-1.000000000000000000e+00,-1.000000000000000000e+00,-1.000000000000000000e+00,-1.000000000000000000e+00,-1.000000000000000000e+00,-1.000000000000000000e+00,-1.000000000000000000e+00,-1.000000000000000000e+00,-1.000000000000000000e+00,-1.000000000000000000e+00,-1.000000000000000000e+00,-1.000000000000000000e+00,-1.000000000000000000e+00,-1.000000000000000000e+00,-1.000000000000000000e+00,-1.000000000000000000e+00,-1.000000000000000000e+00,-1.000000000000000000e+00,-1.000000000000000000e+00,-1.000000000000000000e+00,-1.000000000000000000e+00,-1.000000000000000000e+00,-1.000000000000000000e+00,-1.000000000000000000e+00,-1.000000000000000000e+00,-1.000000000000000000e+00,-1.000000000000000000e+00,-1.000000000000000000e+00,-1.000000000000000000e+00,-1.000000000000000000e+00,-1.000000000000000000e+00,-1.000000000000000000e+00
-1.000000000000000000e+00,-1.000000000000000000e+00,-1.000000000000000000e+00,-1.000000000000000000e+00,-1.000000000000000000e+00,-1.000000000000000000e+00,-1.000000000000000000e+00,-1.000000000000000000e+00,-1.000000000000000000e+00,-1.000000000000000000e+00,-1.000000000000000000e+00,-1.000000000000000000e+00,-1.000000000000000000e+00,-1.000000000000000000e+00,-1.000000000000000000e+00,-1.000000000000000000e+00,-1.000000000000000000e+00,-1.000000000000000000e+00,-1.000000000000000000e+00,-1.000000000000000000e+00,-1.000000000000000000e+00,-1.000000000000000000e+00,-1.000000000000000000e+00,-1.000000000000000000e+00,-1.000000000000000000e+00,-1.000000000000000000e+00,-1.000000000000000000e+00,-1.000000000000000000e+00,-1.000000000000000000e+00,-1.000000000000000000e+00,-1.000000000000000000e+00,-1.000000000000000000e+00,-1.000000000000000000e+00,-1.000000000000000000e+00,-1.000000000000000000e+00,-1.000000000000000000e+00,-1.000000000000000000e+00,-1.000000000000000000e+00,-1.000000000000000000e+00,-1.000000000000000000e+00,-1.000000000000000000e+00,-1.000000000000000000e+00,1.439811541629679059e+00,1.414414737271017852e+00,1.349720028918674597e+00,1.255734941926851533e+00,1.137323387160285915e+00,9.963645379286172332e-01,8.345699046378831643e-01,6.553861739057902369e-01,4.646869074409469835e-01,2.703543098921155075e-01,8.102390109248136518e-02,-9.549181522421312796e-02,-2.534517564114588950e-01,-3.896920073301444187e-01,-5.034067821322660841e-01,-5.955100577991709887e-01,-6.679125383137569649e-01,-7.229283915105244596e-01,-7.628934704611810558e-01,-7.899932960526099279e-01,-8.062632556456288402e-01,-8.137126892662761568e-01,-8.145173560354277420e-01,-8.112015959459601966e-01,-8.066659821813052522e-01,-8.037604154489135233e-01,-8.037604154493924735e-01,-8.066659821828099375e-01,-8.112015959489158323e-01,-8.145173560399212587e-01,-8.137126892725641270e-01,-8.062632556535203054e-01,-7.899932960604616472e-01,-7.628934704688375978e-01,-7.229283915181519138e-01,-6.679125383199098209e-01,-5.955100578038085013e-01,-5.034067821363814588e-01,-3.896920073327879708e-01,-2.534517564126119726e-01,-9.549181522563665592e-02,8.102390109185186873e-02,2.703543098908942621e-01,4.646869074320196802e-01,6.553861738932871273e-01,8.345699046172876390e-01,9.963645378845309430e-01,1.137323387102961103e+00,1.255734941941893723e+00,1.349720028722579901e+00,1.414414737390383703e+00,1.439811541516885285e+00,-1.000000000000000000e+00,-1.000000000000000000e+00,-1.000000000000000000e+00,-1.000000000000000000e+00,-1.000000000000000000e+00,-1.000000000000000000e+00,-1.000000000000000000e+00,-1.000000000000000000e+00,-1.000000000000000000e+00,-1.000000000000000000e+00,-1.000000000000000000e+00,-1.000000000000000000e+00,-1.000000000000000000e+00,-1.000000000000000000e+00,-1.000000000000000000e+00,-1.000000000000000000e+00,-1.000000000000000000e+00,-1.000000000000000000e+00,-1.000000000000000000e+00,-1.000000000000000000e+00,-1.000000000000000000e+00,-1.000000000000000000e+00,-1.000000000000000000e+00,-1.000000000000000000e+00,-1.000000000000000000e+00,-1.000000000000000000e+00,-1.000000000000000000e+00,-1.000000000000000000e+00,-1.000000000000000000e+00,-1.000000000000000000e+00,-1.000000000000000000e+00,-1.000000000000000000e+00,-1.000000000000000000e+00,-1.000000000000000000e+00,-1.000000000000000000e+00,-1.000000000000000000e+00,-1.000000000000000000e+00,-1.000000000000000000e+00,-1.000000000000000000e+00,-1.000000000000000000e+00,-1.000000000000000000e+00,-1.000000000000000000e+00
-1.000000000000000000e+00,-1.000000000000000000e+00,-1.000000000000000000e+00,-1.000000000000000000e+00,-1.000000000000000000e+00,-1.000000000000000000e+00,-1.000000000000000000e+00,-1.000000000000000000e+00,-1.000000000000000000e+00,-1.000000000000000000e+00,-1.000000000000000000e+00,-1.000000000000000000e+00,-1.000000000000000000e+00,-1.000000000000000000e+00,-1.000000000000000000e+00,-1.000000000000000000e+00,-1.000000000000000000e+00,-1.000000000000000000e+00,-1.000000000000000000e+00,-1.000000000000000000e+00,-1.000000000000000000e+00,-1.000000000000000000e+00,-1.000000000000000000e+00,-1.000000000000000000e+00,-1.000000000000000000e+00,-1.000000000000000000e+00,-1.000000000000000000e+00,-1.000000000000000000e+00,-1.000000000000000000e+00,-1.000000000000000000e+00,-1.000000000000000000e+00,-1.000000000000000000e+00,-1.000000000000000000e+00,-1.000000000000000000e+00,-1.000000000000000000e+00,-1.000000000000000000e+00,-1.000000000000000000e+00,-1.000000000000000000e+00,-1.000000000000000000e+00,-1.000000000000000000e+00,-1.000000000000000000e+00,-1.000000000000000000e+00,1.439811541572485254e+00,1.414414737199803707e+00,1.349720028844958453e+00,1.255734941839815377e+00,1.137323387091836224e+00,9.963645378678587239e-01,8.345699045890848655e-01,6.553861738745150323e-01,4.646869074166479763e-01,2.703543098720169180e-01,8.102390107829737786e-02,-9.549181523944838546e-02,-2.534517564251380639e-01,-3.896920073429571696e-01,-5.034067821458827474e-01,-5.955100578119063570e-01,-6.679125383268393890e-01,-7.229283915243435166e-01,-7.628934704741390238e-01,-7.899932960650022373e-01,-8.062632556573881004e-01,-8.137126892757156060e-01,-8.145173560423742964e-01,-8.112015959507040685e-01,-8.066659821838859656e-01,-8.037604154497273168e-01,-8.037604154485166186e-01,-8.066659821801815955e-01,-8.112015959441114532e-01,-8.145173560329105333e-01,-8.137126892630862640e-01,-8.062632556417005381e-01,-7.899932960479724153e-01,-7.628934704558285596e-01,-7.229283915042574726e-01,-6.679125383067294752e-01,-5.955100577912193494e-01,-5.034067821228087602e-01,-3.896920073200166312e-01,-2.534517563994737044e-01,-9.549181521003780038e-02,8.102390110596258133e-02,2.703543099104219749e-01,4.646869074577841818e-01,6.553861739227784255e-01,8.345699046664754039e-01,9.963645379445136285e-01,1.137323387171154998e+00,1.255734942021669909e+00,1.349720028807883665e+00,1.414414737446496595e+00,1.439811541592106003e+00,-1.000000000000000000e+00,-1.000000000000000000e+00,-1.000000000000000000e+00,-1.000000000000000000e+00,-1.000000000000000000e+00,-1.000000000000000000e+00,-1.000000000000000000e+00,-1.000000000000000000e+00,-1.000000000000000000e+00,-1.000000000000000000e+00,-1.000000000000000000e+00,-1.000000000000000000e+00,-1.000000000000000000e+00,-1.000000000000000000e+00,-1.000000000000000000e+00,-1.000000000000000000e+00,-1.000000000000000000e+00,-1.000000000000000000e+00,-1.000000000000000000e+00,-1.000000000000000000e+00,-1.000000000000000000e+00,-1.000000000000000000e+00,-1.000000000000000000e+00,-1.000000000000000000e+00,-1.000000000000000000e+00,-1.000000000000000000e+00,-1.000000000000000000e+00,-1.000000000000000000e+00,-1.000000000000000000e+00,-1.000000000000000000e+00,-1.000000000000000000e+00,-1.000000000000000000e+00,-1.000000000000000000e+00,-1.000000000000000000e+00,-1.000000000000000000e+00,-1.000000000000000000e+00,-1.000000000000000000e+00,-1.000000000000000000e+00,-1.000000000000000000e+00,-1.000000000000000000e+00,-1.000000000000000000e+00,-1.000000000000000000e+00
-1.000000000000000000e+00,-1.000000000000000000e+00,-1.000000000000000000e+00,-1.000000000000000000e+00,-1.000000000000000000e+00,-1.000000000000000000e+00,-1.000000000000000000e+00,-1.000000000000000000e+00,-1.000000000000000000e+00,-1.000000000000000000e+00,-1.000000000000000000e+00,-1.000000000000000000e+00,-1.000000000000000000e+00,-1.000000000000000000e+00,-1.000000000000000000e+00,-1.000000000000000000e+00,-1.000000000000000000e+00,-1.000000000000000000e+00,-1.000000000000000000e+00,-1.000000000000000000e+00,-1.000000000000000000e+00,-1.000000000000000000e+00,-1.000000000000000000e+00,-1.000000000000000000e+00,-1.000000000000000000e+00,-1.000000000000000000e+00,-1.000000000000000000e+00,-1.000000000000000000e+00,-1.000000000000000000e+00,-1.000000000000000000e+00,-1.000000000000000000e+00,-1.000000000000000000e+00,-1.000000000000000000e+00,-1.000000000000000000e+00,-1.000000000000000000e+00,-1.000000000000000000e+00,-1.000000000000000000e+00,-1.000000000000000000e+00,-1.000000000000000000e+00,-1.000000000000000000e+00,-1.000000000000000000e+00,-1.000000000000000000e+00,1.360214264241750737e+00,1.336668608450882534e+00,1.276248587528017175e+00,1.187848187198950356e+00,1.075690671779771179e+00,9.413046183290001423e-01,7.861615870305858067e-01,6.134883150567764787e-01,4.289376005064540198e-01,2.401972474470843721e-01,5.578371434444595600e-02,-1.165131382937758531e-01,-2.709072850718461378e-01,-4.041679010582450715e-01,-5.154256045577249035e-01,-6.055357653779743776e-01,-6.763495315982640532e-01,-7.301183685641184917e-01,-7.691149730175199650e-01,-7.954657255809444161e-01,-8.111547881255158909e-01,-8.181508912686945578e-01,-8.186015336234137019e-01,-8.150160734008449204e-01,-8.102929964080469727e-01,-8.072897320948216882e-01,-8.072897320918260844e-01,-8.102929963989888851e-01,-8.150160733845235317e-01,-8.186015335998303444e-01,-8.181508912375496934e-01,-8.111547880868106297e-01,-7.954657255388629666e-01,-7.691149729732515983e-01,-7.301183685171086513e-01,-6.763495315523061491e-01,-6.055357653323261147e-01,-5.154256045086047511e-01,-4.041679010106319359e-01,-2.709072850210896277e-01,-1.165131382358185475e-01,5.578371439993601300e-02,2.401972475224187775e-01,4.289376005951766047e-01,6.134883151645365018e-01,7.861615871983185233e-01,9.413046185219466899e-01,1.075690671994064651e+00,1.187848187540068601e+00,1.276248587642085042e+00,1.336668608818785575e+00,1.360214264389149275e+00,-1.000000000000000000e+00,-1.000000000000000000e+00,-1.000000000000000000e+00,-1.000000000000000000e+00,-1.000000000000000000e+00,-1.000000000000000000e+00,-1.000000000000000000e+00,-1.000000000000000000e+00,-1.000000000000000000e+00,-1.000000000000000000e+00,-1.000000000000000000e+00,-1.000000000000000000e+00,-1.000000000000000000e+00,-1.000000000000000000e+00,-1.000000000000000000e+00,-1.000000000000000000e+00,-1.000000000000000000e+00,-1.000000000000000000e+00,-1.000000000000000000e+00,-1.000000000000000000e+00,-1.000000000000000000e+00,-1.000000000000000000e+00,-1.000000000000000000e+00,-1.000000000000000000e+00,-1.000000000000000000e+00,-1.000000000000000000e+00,-1.000000000000000000e+00,-1.000000000000000000e+00,-1.000000000000000000e+00,-1.000000000000000000e+00,-1.000000000000000000e+00,-1.000000000000000000e+00,-1.000000000000000000e+00,-1.000000000000000000e+00,-1.000000000000000000e+00,-1.000000000000000000e+00,-1.000000000000000000e+00,-1.000000000000000000e+00,-1.000000000000000000e+00,-1.000000000000000000e+00,-1.000000000000000000e+00,-1.000000000000000000e+00
-1.000000000000000000e+00,-1.000000000000000000e+00,-1.000000000000000000e+00,-1.000000000000000000e+00,-1.000000000000000000e+00,-1.000000000000000000e+00,-1.000000000000000000e+00,-1.000000000000000000e+00,-1.000000000000000000e+00,-1.000000000000000000e+00,-1.000000000000000000e+00,-1.000000000000000000e+00,-1.000000000000000000e+00,-1.000000000000000000e+00,-1.000000000000000000e+00,-1.000000000000000000e+00,-1.000000000000000000e+00,-1.000000000000000000e+00,-1.000000000000000000e+00,-1.000000000000000000e+00,-1.000000000000000000e+00,-1.000000000000000000e+00,-1.000000000000000000e+00,-1.000000000000000000e+00,-1.000000000000000000e+00,-1.000000000000000000e+00,-1.000000000000000000e+00,-1.000000000000000000e+00,-1.000000000000000000e+00,-1.000000000000000000e+00,-1.000000000000000000e+00,-1.000000000000000000e+00,-1.000000000000000000e+00,-1.000000000000000000e+00,-1.000000000000000000e+00,-1.000000000000000000e+00,-1.000000000000000000e+00,-1.000000000000000000e+00,-1.000000000000000000e+00,-1.000000000000000000e+00,-1.000000000000000000e+00,-1.000000000000000000e+00,1.208437893299480148e+00,1.188130569853588447e+00,1.135254943380376691e+00,1.056806815022587553e+00,9.559360628735282805e-01,8.335968746165349774e-01,6.908571339918609944e-01,5.305439487849867852e-01,3.578794601726784652e-01,1.801398080210849795e-01,5.542818778858427109e-03,-1.582471059808951974e-01,-3.054234955064148993e-01,-4.326623145564473250e-01,-5.389794528368966331e-01,-6.251080489454385880e-01,-6.927687286190483684e-01,-7.440767712090983199e-01,-7.811711600227357888e-01,-8.060560267908215559e-01,-8.206115060185813492e-01,-8.267247727799897916e-01,-8.264868433341999721e-01,-8.223770402977601535e-01,-8.172893590898745453e-01,-8.140958900090167205e-01,-8.140958900039187984e-01,-8.172893590748820936e-01,-8.223770402709189575e-01,-8.264868432953614841e-01,-8.267247727301587634e-01,-8.206115059576244430e-01,-8.060560267237055765e-01,-7.811711599529731487e-01,-7.440767711369266069e-01,-6.927687285481640700e-01,-6.251080488757660980e-01,-5.389794527644549138e-01,-4.326623144866686976e-01,-3.054234954351450204e-01,-1.582471059017607207e-01,5.542818856509201808e-03,1.801398081225997760e-01,3.578794602974952888e-01,5.305439489441023948e-01,6.908571342292930684e-01,8.335968749031943403e-01,9.559360632007813940e-01,1.056806815493784857e+00,1.135254943622145074e+00,1.188130570329645419e+00,1.208437893570000199e+00,-1.000000000000000000e+00,-1.000000000000000000e+00,-1.000000000000000000e+00,-1.000000000000000000e+00,-1.000000000000000000e+00,-1.000000000000000000e+00,-1.000000000000000000e+00,-1.000000000000000000e+00,-1.000000000000000000e+00,-1.000000000000000000e+00,-1.000000000000000000e+00,-1.000000000000000000e+00,-1.000000000000000000e+00,-1.000000000000000000e+00,-1.000000000000000000e+00,-1.000000000000000000e+00,-1.000000000000000000e+00,-1.000000000000000000e+00,-1.000000000000000000e+00,-1.000000000000000000e+00,-1.000000000000000000e+00,-1.000000000000000000e+00,-1.000000000000000000e+00,-1.000000000000000000e+00,-1.000000000000000000e+00,-1.000000000000000000e+00,-1.000000000000000000e+00,-1.000000000000000000e+00,-1.000000000000000000e+00,-1.000000000000000000e+00,-1.000000000000000000e+00,-1.000000000000000000e+00,-1.000000000000000000e+00,-1.000000000000000000e+00,-1.000000000000000000e+00,-1.000000000000000000e+00,-1.000000000000000000e+00,-1.000000000000000000e+00,-1.000000000000000000e+00,-1.000000000000000000e+00,-1.000000000000000000e+00,-1.000000000000000000e+00
-1.000000000000000000e+00,-1.000000000000000000e+00,-1.000000000000000000e+00,-1.000000000000000000e+00,-1.000000000000000000e+00,-1.000000000000000000e+00,-1.000000000000000000e+00,-1.000000000000000000e+00,-1.000000000000000000e+00,-1.000000000000000000e+00,-1.000000000000000000e+00,-1.000000000000000000e+00,-1.000000000000000000e+00,-1.000000000000000000e+00,-1.000000000000000000e+00,-1.000000000000000000e+00,-1.000000000000000000e+00,-1.000000000000000000e+00,-1.000000000000000000e+00,-1.000000000000000000e+00,-1.000000000000000000e+00,-1.000000000000000000e+00,-1.000000000000000000e+00,-1.000000000000000000e+00,-1.000000000000000000e+00,-1.000000000000000000e+00,-1.000000000000000000e+00,-1.000000000000000000e+00,-1.000000000000000000e+00,-1.000000000000000000e+00,-1.000000000000000000e+00,-1.000000000000000000e+00,-1.000000000000000000e+00,-1.000000000000000000e+00,-1.000000000000000000e+00,-1.000000000000000000e+00,-1.000000000000000000e+00,-1.000000000000000000e+00,-1.000000000000000000e+00,-1.000000000000000000e+00,-1.000000000000000000e+00,-1.000000000000000000e+00,9.986202728899755687e-01,9.822040189439633640e-01,9.384999433280063474e-01,8.723393345122207876e-01,7.856976278773974975e-01,6.789376079705946587e-01,5.526943834779161069e-01,4.092973479777324286e-01,2.533607933729877804e-01,9.151226091204978097e-02,-6.858820139323873466e-02,-2.196261209685057558e-01,-3.559154777696394989e-01,-4.740859366287246690e-01,-5.730127580570256729e-01,-6.532379194124628974e-01,-7.162645779673941782e-01,-7.639838011957079678e-01,-7.983213265975747097e-01,-8.210921327027221883e-01,-8.340189991420757787e-01,-8.388674622089311583e-01,-8.376447601245899932e-01,-8.327854285218450059e-01,-8.271761537530529784e-01,-8.237101082878285352e-01,-8.237101082801310259e-01,-8.271761537311439483e-01,-8.327854284834497189e-01,-8.376447600688514683e-01,-8.388674621389924368e-01,-8.340189990589704783e-01,-8.210921326111877416e-01,-7.983213265031592343e-01,-7.639838010997554996e-01,-7.162645778722430689e-01,-6.532379193196732325e-01,-5.730127579639393565e-01,-4.740859365386237423e-01,-3.559154776811209731e-01,-2.196261208752749994e-01,-6.858820129923426379e-02,9.151226102844223220e-02,2.533607935188237903e-01,4.092973481765478372e-01,5.526943837629796352e-01,6.789376083207390167e-01,7.856976282806324985e-01,8.723393350721664330e-01,9.384999436623431279e-01,9.822040195000600882e-01,9.986202732645619307e-01,-1.000000000000000000e+00,-1.000000000000000000e+00,-1.000000000000000000e+00,-1.000000000000000000e+00,-1.000000000000000000e+00,-1.000000000000000000e+00,-1.000000000000000000e+00,-1.000000000000000000e+00,-1.000000000000000000e+00,-1.000000000000000000e+00,-1.000000000000000000e+00,-1.000000000000000000e+00,-1.000000000000000000e+00,-1.000000000000000000e+00,-1.000000000000000000e+00,-1.000000000000000000e+00,-1.000000000000000000e+00,-1.000000000000000000e+00,-1.000000000000000000e+00,-1.000000000000000000e+00,-1.000000000000000000e+00,-1.000000000000000000e+00,-1.000000000000000000e+00,-1.000000000000000000e+00,-1.000000000000000000e+00,-1.000000000000000000e+00,-1.000000000000000000e+00,-1.000000000000000000e+00,-1.000000000000000000e+00,-1.000000000000000000e+00,-1.000000000000000000e+00,-1.000000000000000000e+00,-1.000000000000000000e+00,-1.000000000000000000e+00,-1.000000000000000000e+00,-1.000000000000000000e+00,-1.000000000000000000e+00,-1.000000000000000000e+00,-1.000000000000000000e+00,-1.000000000000000000e+00,-1.000000000000000000e+00,-1.000000000000000000e+00
-1.000000000000000000e+00,-1.000000000000000000e+00,-1.000000000000000000e+00,-1.000000000000000000e+00,-1.000000000000000000e+00,-1.000000000000000000e+00,-1.000000000000000000e+00,-1.000000000000000000e+00,-1.000000000000000000e+00,-1.000000000000000000e+00,-1.000000000000000000e+00,-1.000000000000000000e+00,-1.000000000000000000e+00,-1.000000000000000000e+00,-1.000000000000000000e+00,-1.000000000000000000e+00,-1.000000000000000000e+00,-1.000000000000000000e+00,-1.000000000000000000e+00,-1.000000000000000000e+00,-1.000000000000000000e+00,-1.000000000000000000e+00,-1.000000000000000000e+00,-1.000000000000000000e+00,-1.000000000000000000e+00,-1.000000000000000000e+00,-1.000000000000000000e+00,-1.000000000000000000e+00,-1.000000000000000000e+00,-1.000000000000000000e+00,-1.000000000000000000e+00,-1.000000000000000000e+00,-1.000000000000000000e+00,-1.000000000000000000e+00,-1.000000000000000000e+00,-1.000000000000000000e+00,-1.000000000000000000e+00,-1.000000000000000000e+00,-1.000000000000000000e+00,-1.000000000000000000e+00,-1.000000000000000000e+00,-1.000000000000000000e+00,7.501960898685482437e-01,7.375603389120366504e-01,7.029328596248300975e-01,6.492162971783865810e-01,5.774165444863972319e-01,4.874801605911656122e-01,3.797234801704367779e-01,2.559910128659064199e-01,1.201815707379247922e-01,-2.194415583499376154e-02,-1.635820367116522789e-01,-2.980850514436158560e-01,-4.201391688184297202e-01,-5.264562321635704034e-01,-6.157810693018612724e-01,-6.884003281795869622e-01,-7.455067459982875899e-01,-7.886744536459732169e-01,-8.195361915878589532e-01,-8.396540666857577051e-01,-8.505447624147685071e-01,-8.538164176917437675e-01,-8.513682187830875492e-01,-8.455764634024551807e-01,-8.393174883500982286e-01,-8.355110426592817774e-01,-8.355110426484394504e-01,-8.393174883198012415e-01,-8.455764633512503625e-01,-8.513682187095862330e-01,-8.538164176007161377e-01,-8.505447623097041054e-01,-8.396540665712363127e-01,-8.195361914700707295e-01,-7.886744535274184953e-01,-7.455067458798827484e-01,-6.884003280642936318e-01,-6.157810691893608190e-01,-5.264562320533763273e-01,-4.201391687122000285e-01,-2.980850513380391975e-01,-1.635820366011548899e-01,-2.194415570524155257e-02,1.201815708956497364e-01,2.559910130904554659e-01,3.797234804827662735e-01,4.874801609767704935e-01,5.774165449277026685e-01,6.492162977886446473e-01,7.029328600130664295e-01,7.375603395093841552e-01,7.501960903168456429e-01,-1.000000000000000000e+00,-1.000000000000000000e+00,-1.000000000000000000e+00,-1.000000000000000000e+00,-1.000000000000000000e+00,-1.000000000000000000e+00,-1.000000000000000000e+00,-1.000000000000000000e+00,-1.000000000000000000e+00,-1.000000000000000000e+00,-1.000000000000000000e+00,-1.000000000000000000e+00,-1.000000000000000000e+00,-1.000000000000000000e+00,-1.000000000000000000e+00,-1.000000000000000000e+00,-1.000000000000000000e+00,-1.000000000000000000e+00,-1.000000000000000000e+00,-1.000000000000000000e+00,-1.000000000000000000e+00,-1.000000000000000000e+00,-1.000000000000000000e+00,-1.000000000000000000e+00,-1.000000000000000000e+00,-1.000000000000000000e+00,-1.000000000000000000e+00,-1.000000000000000000e+00,-1.000000000000000000e+00,-1.000000000000000000e+00,-1.000000000000000000e+00,-1.000000000000000000e+00,-1.000000000000000000e+00,-1.000000000000000000e+00,-1.000000000000000000e+00,-1.000000000000000000e+00,-1.000000000000000000e+00,-1.000000000000000000e+00,-1.000000000000000000e+00,-1.000000000000000000e+00,-1.000000000000000000e+00,-1.000000000000000000e+00
-1.000000000000000000e+00,-1.000000000000000000e+00,-1.000000000000000000e+00,-1.000000000000000000e+00,-1.000000000000000000e+00,-1.000000000000000000e+00,-1.000000000000000000e+00,-1.000000000000000000e+00,-1.000000000000000000e+00,-1.000000000000000000e+00,-1.000000000000000000e+00,-1.000000000000000000e+00,-1.000000000000000000e+00,-1.000000000000000000e+00,-1.000000000000000000e+00,-1.000000000000000000e+00,-1.000000000000000000e+00,-1.000000000000000000e+00,-1.000000000000000000e+00,-1.000000000000000000e+00,-1.000000000000000000e+00,-1.000000000000000000e+00,-1.000000000000000000e+00,-1.000000000000000000e+00,-1.000000000000000000e+00,-1.000000000000000000e+00,-1.000000000000000000e+00,-1.000000000000000000e+00,-1.000000000000000000e+00,-1.000000000000000000e+00,-1.000000000000000000e+00,-1.000000000000000000e+00,-1.000000000000000000e+00,-1.000000000000000000e+00,-1.000000000000000000e+00,-1.000000000000000000e+00,-1.000000000000000000e+00,-1.000000000000000000e+00,-1.000000000000000000e+00,-1.000000000000000000e+00,-1.000000000000000000e+00,-1.000000000000000000e+00,4.852713413094316142e-01,4.757692515977283154e-01,4.489064828425721743e-01,4.061954825942426517e-01,3.480285991360740905e-01,2.741904514802002701e-01,1.848671254259048879e-01,8.152448819702340366e-02,-3.266107469125878460e-02,-1.529292809747255788e-01,-2.735768500972388662e-01,-3.889301787580019543e-01,-4.943270278875186996e-01,-5.867351690821484000e-01,-6.648191390272323309e-01,-7.285756041895112833e-01,-7.788175087443294231e-01,-8.167304110199943290e-01,-8.435932580692783178e-01,-8.606676989411610190e-01,-8.692284069130972179e-01,-8.706997086492453963e-01,-8.668543506124630760e-01,-8.599996265103895254e-01,-8.529986279721517572e-01,-8.488020530059727786e-01,-8.488020529918560708e-01,-8.529986279320366238e-01,-8.599996264444869087e-01,-8.668543505207655375e-01,-8.706997085373617828e-01,-8.692284067871729469e-01,-8.606676988061958689e-01,-8.435932579306562040e-01,-8.167304108812665220e-01,-7.788175086052379070e-01,-7.285756040525105393e-01,-6.648191388951771863e-01,-5.867351689517097402e-01,-4.943270277614426611e-01,-3.889301786387745485e-01,-2.735768499698231215e-01,-1.529292808285911409e-01,-3.266107452319699789e-02,8.152448843384929589e-02,1.848671257465601681e-01,2.741904518751241415e-01,3.480285995756451367e-01,4.061954832146867922e-01,4.489064832398053095e-01,4.757692521906256022e-01,4.852713417998624212e-01,-1.000000000000000000e+00,-1.000000000000000000e+00,-1.000000000000000000e+00,-1.000000000000000000e+00,-1.000000000000000000e+00,-1.000000000000000000e+00,-1.000000000000000000e+00,-1.000000000000000000e+00,-1.000000000000000000e+00,-1.000000000000000000e+00,-1.000000000000000000e+00,-1.000000000000000000e+00,-1.000000000000000000e+00,-1.000000000000000000e+00,-1.000000000000000000e+00,-1.000000000000000000e+00,-1.000000000000000000e+00,-1.000000000000000000e+00,-1.000000000000000000e+00,-1.000000000000000000e+00,-1.000000000000000000e+00,-1.000000000000000000e+00,-1.000000000000000000e+00,-1.000000000000000000e+00,-1.000000000000000000e+00,-1.000000000000000000e+00,-1.000000000000000000e+00,-1.000000000000000000e+00,-1.000000000000000000e+00,-1.000000000000000000e+00,-1.000000000000000000e+00,-1.000000000000000000e+00,-1.000000000000000000e+00,-1.000000000000000000e+00,-1.000000000000000000e+00,-1.000000000000000000e+00,-1.000000000000000000e+00,-1.000000000000000000e+00,-1.000000000000000000e+00,-1.000000000000000000e+00,-1.000000000000000000e+00,-1.000000000000000000e+00
-1.000000000000000000e+00,-1.000000000000000000e+00,-1.000000000000000000e+00,-1.000000000000000000e+00,-1.000000000000000000e+00,-1.000000000000000000e+00,-1.000000000000000000e+00,-1.000000000000000000e+00,-1.000000000000000000e+00,-1.000000000000000000e+00,-1.000000000000000000e+00,-1.000000000000000000e+00,-1.000000000000000000e+00,-1.000000000000000000e+00,-1.000000000000000000e+00,-1.000000000000000000e+00,-1.000000000000000000e+00,-1.000000000000000000e+00,-1.000000000000000000e+00,-1.000000000000000000e+00,-1.000000000000000000e+00,-1.000000000000000000e+00,-1.000000000000000000e+00,-1.000000000000000000e+00,-1.000000000000000000e+00,-1.000000000000000000e+00,-1.000000000000000000e+00,-1.000000000000000000e+00,-1.000000000000000000e+00,-1.000000000000000000e+00,-1.000000000000000000e+00,-1.000000000000000000e+00,-1.000000000000000000e+00,-1.000000000000000000e+00,-1.000000000000000000e+00,-1.000000000000000000e+00,-1.000000000000000000e+00,-1.000000000000000000e+00,-1.000000000000000000e+00,-1.000000000000000000e+00,-1.000000000000000000e+00,-1.000000000000000000e+00,2.247421868213617113e-01,2.175862037054259179e-01,1.968038027940099965e-01,1.630785086069646006e-01,1.165150109833223979e-01,5.693542275981733347e-02,-1.545347527995033499e-02,-9.944325721093394410e-02,-1.925071104091771179e-01,-2.908874885135487309e-01,-3.900700038617773702e-01,-4.855097703710873347e-01,-5.733724805683406700e-01,-6.510247047715312929e-01,-7.171310206652683483e-01,-7.714224532218445507e-01,-8.143243017714107967e-01,-8.466138299485497232e-01,-8.691951641851136667e-01,-8.830109292475055716e-01,-8.890783580945798015e-01,-8.886253452442895995e-01,-8.832881893588212519e-01,-8.752983062597752273e-01,-8.675030746522492953e-01,-8.628870901521196179e-01,-8.628870901352876377e-01,-8.675030746021716865e-01,-8.752983061780580387e-01,-8.832881892492503439e-01,-8.886253451131915782e-01,-8.890783579501893019e-01,-8.830109290956019708e-01,-8.691951640290693781e-01,-8.466138297924148404e-01,-8.143243016143145718e-01,-7.714224530635910293e-01,-7.171310205117900072e-01,-6.510247046192072506e-01,-5.733724804171760336e-01,-4.855097702301480744e-01,-3.900700037138369325e-01,-2.908874883457975846e-01,-1.925071102235065279e-01,-9.944325696521993940e-02,-1.545347495875071253e-02,5.693542315016109079e-02,1.165150113916402219e-01,1.630785092058668617e-01,1.968038031614625094e-01,2.175862042467349156e-01,2.247421873140738047e-01,-1.000000000000000000e+00,-1.000000000000000000e+00,-1.000000000000000000e+00,-1.000000000000000000e+00,-1.000000000000000000e+00,-1.000000000000000000e+00,-1.000000000000000000e+00,-1.000000000000000000e+00,-1.000000000000000000e+00,-1.000000000000000000e+00,-1.000000000000000000e+00,-1.000000000000000000e+00,-1.000000000000000000e+00,-1.000000000000000000e+00,-1.000000000000000000e+00,-1.000000000000000000e+00,-1.000000000000000000e+00,-1.000000000000000000e+00,-1.000000000000000000e+00,-1.000000000000000000e+00,-1.000000000000000000e+00,-1.000000000000000000e+00,-1.000000000000000000e+00,-1.000000000000000000e+00,-1.000000000000000000e+00,-1.000000000000000000e+00,-1.000000000000000000e+00,-1.000000000000000000e+00,-1.000000000000000000e+00,-1.000000000000000000e+00,-1.000000000000000000e+00,-1.000000000000000000e+00,-1.000000000000000000e+00,-1.000000000000000000e+00,-1.000000000000000000e+00,-1.000000000000000000e+00,-1.000000000000000000e+00,-1.000000000000000000e+00,-1.000000000000000000e+00,-1.000000000000000000e+00,-1.000000000000000000e+00,-1.000000000000000000e+00
-1.000000000000000000e+00,-1.000000000000000000e+00,-1.000000000000000000e+00,-1.000000000000000000e+00,-1.000000000000000000e+00,-1.000000000000000000e+00,-1.000000000000000000e+00,-1.000000000000000000e+00,-1.000000000000000000e+00,-1.000000000000000000e+00,-1.000000000000000000e+00,-1.000000000000000000e+00,-1.000000000000000000e+00,-1.000000000000000000e+00,-1.000000000000000000e+00,-1.000000000000000000e+00,-1.000000000000000000e+00,-1.000000000000000000e+00,-1.000000000000000000e+00,-1.000000000000000000e+00,-1.000000000000000000e+00,-1.000000000000000000e+00,-1.000000000000000000e+00,-1.000000000000000000e+00,-1.000000000000000000e+00,-1.000000000000000000e+00,-1.000000000000000000e+00,-1.000000000000000000e+00,-1.000000000000000000e+00,-1.000000000000000000e+00,-1.000000000000000000e+00,-1.000000000000000000e+00,-1.000000000000000000e+00,-1.000000000000000000e+00,-1.000000000000000000e+00,-1.000000000000000000e+00,-1.000000000000000000e+00,-1.000000000000000000e+00,-1.000000000000000000e+00,-1.000000000000000000e+00,-1.000000000000000000e+00,-1.000000000000000000e+00,-1.558229257354781794e-02,-2.104328133371569098e-02,-3.717471877638189870e-02,-6.371282291798963104e-02,-1.006506634374079168e-01,-1.480588113887887358e-01,-2.056664390542901621e-01,-2.724571117944035725e-01,-3.464570566087734615e-01,-4.247995129796171554e-01,-5.040580217965255905e-01,-5.807551084934854391e-01,-6.518835735581522961e-01,-7.152653430898948672e-01,-7.696507225904817284e-01,-8.145878207996534170e-01,-8.501769398450976789e-01,-8.768281628745572265e-01,-8.950957748927140800e-01,-9.056177584716976758e-01,-9.091613587277187492e-01,-9.067606944401656044e-01,-8.999149093875897787e-01,-8.907770323801966761e-01,-8.821766711120802018e-01,-8.771333549610543789e-01,-8.771333549417301700e-01,-8.821766710523628596e-01,-8.907770322832531118e-01,-8.999149092620534196e-01,-9.067606942931346614e-01,-9.091613585686890708e-01,-9.056177583070377235e-01,-8.950957747229608685e-01,-8.768281627030550807e-01,-8.501769396713975135e-01,-8.145878206203379657e-01,-7.696507224128031899e-01,-7.152653429132740381e-01,-6.518835733774878127e-01,-5.807551083199664621e-01,-5.040580216203391917e-01,-4.247995127852450814e-01,-3.464570563973669026e-01,-2.724571115395415521e-01,-2.056664387365316760e-01,-1.480588110096986432e-01,-1.006506630786248024e-01,-6.371282236095421325e-02,-3.717471845912545536e-02,-2.104328087425122451e-02,-1.558229211193162822e-02,-1.000000000000000000e+00,-1.000000000000000000e+00,-1.000000000000000000e+00,-1.000000000000000000e+00,-1.000000000000000000e+00,-1.000000000000000000e+00,-1.000000000000000000e+00,-1.000000000000000000e+00,-1.000000000000000000e+00,-1.000000000000000000e+00,-1.000000000000000000e+00,-1.000000000000000000e+00,-1.000000000000000000e+00,-1.000000000000000000e+00,-1.000000000000000000e+00,-1.000000000000000000e+00,-1.000000000000000000e+00,-1.000000000000000000e+00,-1.000000000000000000e+00,-1.000000000000000000e+00,-1.000000000000000000e+00,-1.000000000000000000e+00,-1.000000000000000000e+00,-1.000000000000000000e+00,-1.000000000000000000e+00,-1.000000000000000000e+00,-1.000000000000000000e+00,-1.000000000000000000e+00,-1.000000000000000000e+00,-1.000000000000000000e+00,-1.000000000000000000e+00,-1.000000000000000000e+00,-1.000000000000000000e+00,-1.000000000000000000e+00,-1.000000000000000000e+00,-1.000000000000000000e+00,-1.000000000000000000e+00,-1.000000000000000000e+00,-1.000000000000000000e+00,-1.000000000000000000e+00,-1.000000000000000000e+00,-1.000000000000000000e+00
-1.000000000000000000e+00,-1.000000000000000000e+00,-1.000000000000000000e+00,-1.000000000000000000e+00,-1.000000000000000000e+00,-1.000000000000000000e+00,-1.000000000000000000e+00,-1.000000000000000000e+00,-1.000000000000000000e+00,-1.000000000000000000e+00,-1.000000000000000000e+00,-1.000000000000000000e+00,-1.000000000000000000e+00,-1.000000000000000000e+00,-1.000000000000000000e+00,-1.000000000000000000e+00,-1.000000000000000000e+00,-1.000000000000000000e+00,-1.000000000000000000e+00,-1.000000000000000000e+00,-1.000000000000000000e+00,-1.000000000000000000e+00,-1.000000000000000000e+00,-1.000000000000000000e+00,-1.000000000000000000e+00,-1.000000000000000000e+00,-1.000000000000000000e+00,-1.000000000000000000e+00,-1.000000000000000000e+00,-1.000000000000000000e+00,-1.000000000000000000e+00,-1.000000000000000000e+00,-1.000000000000000000e+00,-1.000000000000000000e+00,-1.000000000000000000e+00,-1.000000000000000000e+00,-1.000000000000000000e+00,-1.000000000000000000e+00,-1.000000000000000000e+00,-1.000000000000000000e+00,-1.000000000000000000e+00,-1.000000000000000000e+00,-2.267669419597867497e-01,-2.309827810567693929e-01,-2.435461981534710052e-01,-2.643656347210836532e-01,-2.934376013700962238e-01,-3.307280078643916044e-01,-3.759173590219250238e-01,-4.281507801360684429e-01,-4.859077746612335824e-01,-5.470510195758661043e-01,-6.090515299307053265e-01,-6.693282589251017267e-01,-7.255969255644556526e-01,-7.761182375471704642e-01,-8.197827245569074828e-01,-8.560440011120324932e-01,-8.847671313451875852e-01,-9.060695302446746258e-01,-9.202113013926187524e-01,-9.275648502949955798e-01,-9.286733483058526861e-01,-9.243927827823820165e-01,-9.160926704161705958e-01,-9.058490706157804606e-01,-8.964718451777228259e-01,-8.910139731534549856e-01,-8.910139731311751410e-01,-8.964718451089510598e-01,-9.058490705064807802e-01,-9.160926702787575149e-01,-9.243927826245702528e-01,-9.286733481374526145e-01,-9.275648501222200082e-01,-9.202113012133643632e-01,-9.060695300600796198e-01,-8.847671311559165419e-01,-8.560440009128569283e-01,-8.197827243529298702e-01,-7.761182373435436821e-01,-7.255969253546519226e-01,-6.693282587150801710e-01,-6.090515297211454016e-01,-5.470510193533693055e-01,-4.859077744201071303e-01,-4.281507798711766677e-01,-3.759173587103674663e-01,-3.307280074980307738e-01,-2.934376010680624924e-01,-2.643656342211420096e-01,-2.435461978975536068e-01,-2.309827806942529316e-01,-2.267669415490679574e-01,-1.000000000000000000e+00,-1.000000000000000000e+00,-1.000000000000000000e+00,-1.000000000000000000e+00,-1.000000000000000000e+00,-1.000000000000000000e+00,-1.000000000000000000e+00,-1.000000000000000000e+00,-1.000000000000000000e+00,-1.000000000000000000e+00,-1.000000000000000000e+00,-1.000000000000000000e+00,-1.000000000000000000e+00,-1.000000000000000000e+00,-1.000000000000000000e+00,-1.000000000000000000e+00,-1.000000000000000000e+00,-1.000000000000000000e+00,-1.000000000000000000e+00,-1.000000000000000000e+00,-1.000000000000000000e+00,-1.000000000000000000e+00,-1.000000000000000000e+00,-1.000000000000000000e+00,-1.000000000000000000e+00,-1.000000000000000000e+00,-1.000000000000000000e+00,-1.000000000000000000e+00,-1.000000000000000000e+00,-1.000000000000000000e+00,-1.000000000000000000e+00,-1.000000000000000000e+00,-1.000000000000000000e+00,-1.000000000000000000e+00,-1.000000000000000000e+00,-1.000000000000000000e+00,-1.000000000000000000e+00,-1.000000000000000000e+00,-1.000000000000000000e+00,-1.000000000000000000e+00,-1.000000000000000000e+00,-1.000000000000000000e+00
-1.000000000000000000e+00,-1.000000000000000000e+00,-1.000000000000000000e+00,-1.000000000000000000e+00,-1.000000000000000000e+00,-1.000000000000000000e+00,-1.000000000000000000e+00,-1.000000000000000000e+00,-1.000000000000000000e+00,-1.000000000000000000e+00,-1.000000000000000000e+00,-1.000000000000000000e+00,-1.000000000000000000e+00,-1.000000000000000000e+00,-1.000000000000000000e+00,-1.000000000000000000e+00,-1.000000000000000000e+00,-1.000000000000000000e+00,-1.000000000000000000e+00,-1.000000000000000000e+00,-1.000000000000000000e+00,-1.000000000000000000e+00,-1.000000000000000000e+00,-1.000000000000000000e+00,-1.000000000000000000e+00,-1.000000000000000000e+00,-1.000000000000000000e+00,-1.000000000000000000e+00,-1.000000000000000000e+00,-1.000000000000000000e+00,-1.000000000000000000e+00,-1.000000000000000000e+00,-1.000000000000000000e+00,-1.000000000000000000e+00,-1.000000000000000000e+00,-1.000000000000000000e+00,-1.000000000000000000e+00,-1.000000000000000000e+00,-1.000000000000000000e+00,-1.000000000000000000e+00,-1.000000000000000000e+00,-1.000000000000000000e+00,-4.056134510479506572e-01,-4.088900011419883684e-01,-4.186902942618466739e-01,-4.349729191145994545e-01,-4.577027703972971207e-01,-4.867695047930382657e-01,-5.218358183531549566e-01,-5.621900827873935746e-01,-6.066721847289995306e-01,-6.537107242066186874e-01,-7.014704311434776240e-01,-7.480706963835317413e-01,-7.918101624529197968e-01,-8.313307942027181596e-01,-8.656823718750371599e-01,-8.942913002948223999e-01,-9.168718127602676349e-01,-9.333289783345071200e-01,-9.436953641340821708e-01,-9.481287362494574822e-01,-9.469846801553780669e-01,-9.409650848764089526e-01,-9.313231739353924343e-01,-9.200623230509030748e-01,-9.099703406257537708e-01,-9.041291631822524488e-01,-9.041291631572294651e-01,-9.099703405507876264e-01,-9.200623229350530785e-01,-9.313231737924451137e-01,-9.409650847148298691e-01,-9.469846799840179186e-01,-9.481287360729403479e-01,-9.436953639491705292e-01,-9.333289781392141160e-01,-9.168718125560526566e-01,-8.942913000780161603e-01,-8.656823716453312390e-01,-8.313307939693639348e-01,-7.918101622152754482e-01,-7.480706961389811394e-01,-7.014704308995604043e-01,-6.537107239579105222e-01,-6.066721844591591584e-01,-5.621900825111940669e-01,-5.218358180498043897e-01,-4.867695044382204239e-01,-4.577027701460132381e-01,-4.349729186769638600e-01,-4.186902940707372123e-01,-4.088900008821266807e-01,-4.056134506997014499e-01,-1.000000000000000000e+00,-1.000000000000000000e+00,-1.000000000000000000e+00,-1.000000000000000000e+00,-1.000000000000000000e+00,-1.000000000000000000e+00,-1.000000000000000000e+00,-1.000000000000000000e+00,-1.000000000000000000e+00,-1.000000000000000000e+00,-1.000000000000000000e+00,-1.000000000000000000e+00,-1.000000000000000000e+00,-1.000000000000000000e+00,-1.000000000000000000e+00,-1.000000000000000000e+00,-1.000000000000000000e+00,-1.000000000000000000e+00,-1.000000000000000000e+00,-1.000000000000000000e+00,-1.000000000000000000e+00,-1.000000000000000000e+00,-1.000000000000000000e+00,-1.000000000000000000e+00,-1.000000000000000000e+00,-1.000000000000000000e+00,-1.000000000000000000e+00,-1.000000000000000000e+00,-1.000000000000000000e+00,-1.000000000000000000e+00,-1.000000000000000000e+00,-1.000000000000000000e+00,-1.000000000000000000e+00,-1.000000000000000000e+00,-1.000000000000000000e+00,-1.000000000000000000e+00,-1.000000000000000000e+00,-1.000000000000000000e+00,-1.000000000000000000e+00,-1.000000000000000000e+00,-1.000000000000000000e+00,-1.000000000000000000e+00
-1.000000000000000000e+00,-1.000000000000000000e+00,-1.000000000000000000e+00,-1.000000000000000000e+00,-1.000000000000000000e+00,-1.000000000000000000e+00,-1.000000000000000000e+00,-1.000000000000000000e+00,-1.000000000000000000e+00,-1.000000000000000000e+00,-1.000000000000000000e+00,-1.000000000000000000e+00,-1.000000000000000000e+00,-1.000000000000000000e+00,-1.000000000000000000e+00,-1.000000000000000000e+00,-1.000000000000000000e+00,-1.000000000000000000e+00,-1.000000000000000000e+00,-1.000000000000000000e+00,-1.000000000000000000e+00,-1.000000000000000000e+00,-1.000000000000000000e+00,-1.000000000000000000e+00,-1.000000000000000000e+00,-1.000000000000000000e+00,-1.000000000000000000e+00,-1.000000000000000000e+00,-1.000000000000000000e+00,-1.000000000000000000e+00,-1.000000000000000000e+00,-1.000000000000000000e+00,-1.000000000000000000e+00,-1.000000000000000000e+00,-1.000000000000000000e+00,-1.000000000000000000e+00,-1.000000000000000000e+00,-1.000000000000000000e+00,-1.000000000000000000e+00,-1.000000000000000000e+00,-1.000000000000000000e+00,-1.000000000000000000e+00,-5.528423946777891729e-01,-5.553966758323520825e-01,-5.630430931472725220e-01,-5.757424048704924413e-01,-5.934247224118851527e-01,-6.159348491558678251e-01,-6.429440852649066507e-01,-6.738672205845955832e-01,-7.078237010279113672e-01,-7.436656517809123734e-01,-7.800719593415460507e-01,-8.156846125759725785e-01,-8.492484423347707034e-01,-8.797150177815244998e-01,-9.062872614219031897e-01,-9.284058870131666197e-01,-9.456997391425112642e-01,-9.579316230335360727e-01,-9.649699350142361132e-01,-9.668096864729304185e-01,-9.636583117577295354e-01,-9.560911126712018371e-01,-9.452613609087447966e-01,-9.331056855460280186e-01,-9.223869699314047876e-01,-9.162085502809995674e-01,-9.162085502545702642e-01,-9.223869698549451712e-01,-9.331056854303431125e-01,-9.452613607669946294e-01,-9.560911125129547550e-01,-9.636583115891547147e-01,-9.668096862954174142e-01,-9.649699348256313147e-01,-9.579316228290042368e-01,-9.456997389226761142e-01,-9.284058867798931081e-01,-9.062872611703672865e-01,-8.797150175195651567e-01,-8.492484420711761128e-01,-8.156846123019704242e-01,-7.800719590659288549e-01,-7.436656515103787779e-01,-7.078237007357642829e-01,-6.738672202975287684e-01,-6.429440849735243990e-01,-6.159348488181379810e-01,-5.934247222038313563e-01,-5.757424044928489693e-01,-5.630430930150049917e-01,-5.553966756694294071e-01,-5.528423943927286421e-01,-1.000000000000000000e+00,-1.000000000000000000e+00,-1.000000000000000000e+00,-1.000000000000000000e+00,-1.000000000000000000e+00,-1.000000000000000000e+00,-1.000000000000000000e+00,-1.000000000000000000e+00,-1.000000000000000000e+00,-1.000000000000000000e+00,-1.000000000000000000e+00,-1.000000000000000000e+00,-1.000000000000000000e+00,-1.000000000000000000e+00,-1.000000000000000000e+00,-1.000000000000000000e+00,-1.000000000000000000e+00,-1.000000000000000000e+00,-1.000000000000000000e+00,-1.000000000000000000e+00,-1.000000000000000000e+00,-1.000000000000000000e+00,-1.000000000000000000e+00,-1.000000000000000000e+00,-1.000000000000000000e+00,-1.000000000000000000e+00,-1.000000000000000000e+00,-1.000000000000000000e+00,-1.000000000000000000e+00,-1.000000000000000000e+00,-1.000000000000000000e+00,-1.000000000000000000e+00,-1.000000000000000000e+00,-1.000000000000000000e+00,-1.000000000000000000e+00,-1.000000000000000000e+00,-1.000000000000000000e+00,-1.000000000000000000e+00,-1.000000000000000000e+00,-1.000000000000000000e+00,-1.000000000000000000e+00,-1.000000000000000000e+00
-1.000000000000000000e+00,-1.000000000000000000e+00,-1.000000000000000000e+00,-1.000000000000000000e+00,-1.000000000000000000e+00,-1.000000000000000000e+00,-1.000000000000000000e+00,-1.000000000000000000e+00,-1.000000000000000000e+00,-1.000000000000000000e+00,-1.000000000000000000e+00,-1.000000000000000000e+00,-1.000000000000000000e+00,-1.000000000000000000e+00,-1.000000000000000000e+00,-1.000000000000000000e+00,-1.000000000000000000e+00,-1.000000000000000000e+00,-1.000000000000000000e+00,-1.000000000000000000e+00,-1.000000000000000000e+00,-1.000000000000000000e+00,-1.000000000000000000e+00,-1.000000000000000000e+00,-1.000000000000000000e+00,-1.000000000000000000e+00,-1.000000000000000000e+00,-1.000000000000000000e+00,-1.000000000000000000e+00,-1.000000000000000000e+00,-1.000000000000000000e+00,-1.000000000000000000e+00,-1.000000000000000000e+00,-1.000000000000000000e+00,-1.000000000000000000e+00,-1.000000000000000000e+00,-1.000000000000000000e+00,-1.000000000000000000e+00,-1.000000000000000000e+00,-1.000000000000000000e+00,-1.000000000000000000e+00,-1.000000000000000000e+00,-6.714300191552576846e-01,-6.734236736697866155e-01,-6.793882236924965179e-01,-6.892742453074895970e-01,-7.029870642513982304e-01,-7.203523738232441298e-01,-7.410669037748145449e-01,-7.646541577882581819e-01,-7.904463326584019178e-01,-8.176050074138287993e-01,-8.451797981109596680e-01,-8.721908798473959612e-01,-8.977128262599123332e-01,-9.209372717289542321e-01,-9.412009386828129598e-01,-9.579796416344230625e-01,-9.708617449718325298e-01,-9.795218796949467510e-01,-9.837171782456958224e-01,-9.833259944757745119e-01,-9.784445564845258847e-01,-9.695486519593415897e-01,-9.577085252252894865e-01,-9.448006051768809144e-01,-9.335594983834489824e-01,-9.270998889534506349e-01,-9.270998889274520982e-01,-9.335594983103431277e-01,-9.448006050674342404e-01,-9.577085250907467762e-01,-9.695486518095151052e-01,-9.784445563216488395e-01,-9.833259942976573242e-01,-9.837171780530264975e-01,-9.795218794818844055e-01,-9.708617447360479158e-01,-9.579796413839472002e-01,-9.412009384133888101e-01,-9.209372714433432527e-01,-8.977128259740633220e-01,-8.721908795515789237e-01,-8.451797978100378250e-01,-8.176050071267306762e-01,-7.904463323537868069e-01,-7.646541574921791318e-01,-7.410669034949113332e-01,-7.203523735088597224e-01,-7.029870640819355643e-01,-6.892742449880181477e-01,-6.793882236124821894e-01,-6.734236735946539376e-01,-6.714300189285538067e-01,-1.000000000000000000e+00,-1.000000000000000000e+00,-1.000000000000000000e+00,-1.000000000000000000e+00,-1.000000000000000000e+00,-1.000000000000000000e+00,-1.000000000000000000e+00,-1.000000000000000000e+00,-1.000000000000000000e+00,-1.000000000000000000e+00,-1.000000000000000000e+00,-1.000000000000000000e+00,-1.000000000000000000e+00,-1.000000000000000000e+00,-1.000000000000000000e+00,-1.000000000000000000e+00,-1.000000000000000000e+00,-1.000000000000000000e+00,-1.000000000000000000e+00,-1.000000000000000000e+00,-1.000000000000000000e+00,-1.000000000000000000e+00,-1.000000000000000000e+00,-1.000000000000000000e+00,-1.000000000000000000e+00,-1.000000000000000000e+00,-1.000000000000000000e+00,-1.000000000000000000e+00,-1.000000000000000000e+00,-1.000000000000000000e+00,-1.000000000000000000e+00,-1.000000000000000000e+00,-1.000000000000000000e+00,-1.000000000000000000e+00,-1.000000000000000000e+00,-1.000000000000000000e+00,-1.000000000000000000e+00,-1.000000000000000000e+00,-1.000000000000000000e+00,-1.000000000000000000e+00,-1.000000000000000000e+00,-1.000000000000000000e+00
-1.000000000000000000e+00,-1.000000000000000000e+00,-1.000000000000000000e+00,-1.000000000000000000e+00,-1.000000000000000000e+00,-1.000000000000000000e+00,-1.000000000000000000e+00,-1.000000000000000000e+00,-1.000000000000000000e+00,-1.000000000000000000e+00,-1.000000000000000000e+00,-1.000000000000000000e+00,-1.000000000000000000e+00,-1.000000000000000000e+00,-1.000000000000000000e+00,-1.000000000000000000e+00,-1.000000000000000000e+00,-1.000000000000000000e+00,-1.000000000000000000e+00,-1.000000000000000000e+00,-1.000000000000000000e+00,-1.000000000000000000e+00,-1.000000000000000000e+00,-1.000000000000000000e+00,-1.000000000000000000e+00,-1.000000000000000000e+00,-1.000000000000000000e+00,-1.000000000000000000e+00,-1.000000000000000000e+00,-1.000000000000000000e+00,-1.000000000000000000e+00,-1.000000000000000000e+00,-1.000000000000000000e+00,-1.000000000000000000e+00,-1.000000000000000000e+00,-1.000000000000000000e+00,-1.000000000000000000e+00,-1.000000000000000000e+00,-1.000000000000000000e+00,-1.000000000000000000e+00,-1.000000000000000000e+00,-1.000000000000000000e+00,-7.653667223630471472e-01,-7.669241293360717915e-01,-7.715776331693939838e-01,-7.792691218853526891e-01,-7.898917139968617551e-01,-8.032700726469383934e-01,-8.191346091680171693e-01,-8.370997988510826548e-01,-8.566575436447696479e-01,-8.771920869421255817e-01,-8.980156449252381101e-01,-9.184165702551377874e-01,-9.377073210735042963e-01,-9.552597676257483794e-01,-9.705206079904966643e-01,-9.830078579700877173e-01,-9.922973958321948951e-01,-9.980140497307300462e-01,-9.998441977692112959e-01,-9.975869491356316177e-01,-9.912588272431449576e-01,-9.812602528007525748e-01,-9.685942270423860689e-01,-9.550833857346665567e-01,-9.434305534394177295e-01,-9.367503454971517485e-01,-9.367503454733068224e-01,-9.434305533735278804e-01,-9.550833856359400853e-01,-9.685942269189089515e-01,-9.812602526604508046e-01,-9.912588270850776206e-01,-9.975869489555232450e-01,-9.998441975699930984e-01,-9.980140495085739749e-01,-9.922973955822688152e-01,-9.830078577025934683e-01,-9.705206077060026804e-01,-9.552597673226820296e-01,-9.377073207697793622e-01,-9.184165699456184884e-01,-8.980156446077612875e-01,-8.771920866428464247e-01,-8.566575433388303740e-01,-8.370997985540886699e-01,-8.191346088994688746e-01,-8.032700723595709302e-01,-7.898917138611134536e-01,-7.792691216211338201e-01,-7.715776331347257155e-01,-7.669241293383786129e-01,-7.653667221873819981e-01,-1.000000000000000000e+00,-1.000000000000000000e+00,-1.000000000000000000e+00,-1.000000000000000000e+00,-1.000000000000000000e+00,-1.000000000000000000e+00,-1.000000000000000000e+00,-1.000000000000000000e+00,-1.000000000000000000e+00,-1.000000000000000000e+00,-1.000000000000000000e+00,-1.000000000000000000e+00,-1.000000000000000000e+00,-1.000000000000000000e+00,-1.000000000000000000e+00,-1.000000000000000000e+00,-1.000000000000000000e+00,-1.000000000000000000e+00,-1.000000000000000000e+00,-1.000000000000000000e+00,-1.000000000000000000e+00,-1.000000000000000000e+00,-1.000000000000000000e+00,-1.000000000000000000e+00,-1.000000000000000000e+00,-1.000000000000000000e+00,-1.000000000000000000e+00,-1.000000000000000000e+00,-1.000000000000000000e+00,-1.000000000000000000e+00,-1.000000000000000000e+00,-1.000000000000000000e+00,-1.000000000000000000e+00,-1.000000000000000000e+00,-1.000000000000000000e+00,-1.000000000000000000e+00,-1.000000000000000000e+00,-1.000000000000000000e+00,-1.000000000000000000e+00,-1.000000000000000000e+00,-1.000000000000000000e+00,-1.000000000000000000e+00
-1.000000000000000000e+00,-1.000000000000000000e+00,-1.000000000000000000e+00,-1.000000000000000000e+00,-1.000000000000000000e+00,-1.000000000000000000e+00,-1.000000000000000000e+00,-1.000000000000000000e+00,-1.000000000000000000e+00,-1.000000000000000000e+00,-1.000000000000000000e+00,-1.000000000000000000e+00,-1.000000000000000000e+00,-1.000000000000000000e+00,-1.000000000000000000e+00,-1.000000000000000000e+00,-1.000000000000000000e+00,-1.000000000000000000e+00,-1.000000000000000000e+00,-1.000000000000000000e+00,-1.000000000000000000e+00,-1.000000000000000000e+00,-1.000000000000000000e+00,-1.000000000000000000e+00,-1.000000000000000000e+00,-1.000000000000000000e+00,-1.000000000000000000e+00,-1.000000000000000000e+00,-1.000000000000000000e+00,-1.000000000000000000e+00,-1.000000000000000000e+00,-1.000000000000000000e+00,-1.000000000000000000e+00,-1.000000000000000000e+00,-1.000000000000000000e+00,-1.000000000000000000e+00,-1.000000000000000000e+00,-1.000000000000000000e+00,-1.000000000000000000e+00,-1.000000000000000000e+00,-1.000000000000000000e+00,-1.000000000000000000e+00,-8.388469311711448384e-01,-8.400651900120277293e-01,-8.436998713760403001e-01,-8.496892667797344423e-01,-8.579247868103077046e-01,-8.682412456400058209e-01,-8.804050180499303213e-01,-8.941050731601509760e-01,-9.089522003391763416e-01,-9.244894724776320238e-01,-9.402131338295783847e-01,-9.555992379928012204e-01,-9.701290776522183412e-01,-9.833068288540135482e-01,-9.946659835898773450e-01,-1.003766074227739669e+00,-1.010186361906103558e+00,-1.013527348551844343e+00,-1.013433738000991458e+00,-1.009653804257825804e+00,-1.002149429658632629e+00,-9.912657053032288834e-01,-9.779520358746041087e-01,-9.639830627552593567e-01,-9.520265575182959017e-01,-9.451856341045545840e-01,-9.451856340837205828e-01,-9.520265574607416070e-01,-9.639830626676273440e-01,-9.779520357612876413e-01,-9.912657051686939447e-01,-1.002149429501324462e+00,-1.009653804073584071e+00,-1.013433737791718192e+00,-1.013527348317841081e+00,-1.010186361644021868e+00,-1.003766073945192794e+00,-9.946659832929843903e-01,-9.833068285400322628e-01,-9.701290773352766461e-01,-9.555992376764308460e-01,-9.402131335056644890e-01,-9.244894721697789475e-01,-9.089522000388114975e-01,-8.941050728726361863e-01,-8.804050177967620572e-01,-8.682412453844472466e-01,-8.579247867051786880e-01,-8.496892665666654354e-01,-8.436998713784646942e-01,-8.400651900800151228e-01,-8.388469310371822196e-01,-1.000000000000000000e+00,-1.000000000000000000e+00,-1.000000000000000000e+00,-1.000000000000000000e+00,-1.000000000000000000e+00,-1.000000000000000000e+00,-1.000000000000000000e+00,-1.000000000000000000e+00,-1.000000000000000000e+00,-1.000000000000000000e+00,-1.000000000000000000e+00,-1.000000000000000000e+00,-1.000000000000000000e+00,-1.000000000000000000e+00,-1.000000000000000000e+00,-1.000000000000000000e+00,-1.000000000000000000e+00,-1.000000000000000000e+00,-1.000000000000000000e+00,-1.000000000000000000e+00,-1.000000000000000000e+00,-1.000000000000000000e+00,-1.000000000000000000e+00,-1.000000000000000000e+00,-1.000000000000000000e+00,-1.000000000000000000e+00,-1.000000000000000000e+00,-1.000000000000000000e+00,-1.000000000000000000e+00,-1.000000000000000000e+00,-1.000000000000000000e+00,-1.000000000000000000e+00,-1.000000000000000000e+00,-1.000000000000000000e+00,-1.000000000000000000e+00,-1.000000000000000000e+00,-1.000000000000000000e+00,-1.000000000000000000e+00,-1.000000000000000000e+00,-1.000000000000000000e+00,-1.000000000000000000e+00,-1.000000000000000000e+00
-1.000000000000000000e+00,-1.000000000000000000e+00,-1.000000000000000000e+00,-1.000000000000000000e+00,-1.000000000000000000e+00,-1.000000000000000000e+00,-1.000000000000000000e+00,-1.000000000000000000e+00,-1.000000000000000000e+00,-1.000000000000000000e+00,-1.000000000000000000e+00,-1.000000000000000000e+00,-1.000000000000000000e+00,-1.000000000000000000e+00,-1.000000000000000000e+00,-1.000000000000000000e+00,-1.000000000000000000e+00,-1.000000000000000000e+00,-1.000000000000000000e+00,-1.000000000000000000e+00,-1.000000000000000000e+00,-1.000000000000000000e+00,-1.000000000000000000e+00,-1.000000000000000000e+00,-1.000000000000000000e+00,-1.000000000000000000e+00,-1.000000000000000000e+00,-1.000000000000000000e+00,-1.000000000000000000e+00,-1.000000000000000000e+00,-1.000000000000000000e+00,-1.000000000000000000e+00,-1.000000000000000000e+00,-1.000000000000000000e+00,-1.000000000000000000e+00,-1.000000000000000000e+00,-1.000000000000000000e+00,-1.000000000000000000e+00,-1.000000000000000000e+00,-1.000000000000000000e+00,-1.000000000000000000e+00,-1.000000000000000000e+00,-8.958038259655962676e-01,-8.967589016101401578e-01,-8.996041075041195656e-01,-9.042788342145985370e-01,-9.106799443146919026e-01,-9.186583367317604498e-01,-9.280150690413337955e-01,-9.384992240441645261e-01,-9.498098041617921705e-01,-9.616028198075444733e-01,-9.735028259332236811e-01,-9.851162753324507193e-01,-9.960430487041742609e-01,-1.005882981716778701e+00,-1.014236228346542035e+00,-1.020699430562421961e+00,-1.024863185568806401e+00,-1.026319603547446890e+00,-1.024691511577602965e+00,-1.019696802593983875e+00,-1.011261592189157010e+00,-9.996913443560212498e-01,-9.858929836985780293e-01,-9.715981112073626136e-01,-9.594367078225729539e-01,-9.524900937898688191e-01,-9.524900937717383220e-01,-9.594367077712999681e-01,-9.715981111267979475e-01,-9.858929835903526007e-01,-9.996913442209186540e-01,-1.011261592026848621e+00,-1.019696802402561886e+00,-1.024691511355687590e+00,-1.026319603299140404e+00,-1.024863185295735502e+00,-1.020699430267338226e+00,-1.014236228039661958e+00,-1.005882981397794751e+00,-9.960430483789320943e-01,-9.851162750135907809e-01,-9.735028256131160740e-01,-9.616028194982976229e-01,-9.498098038710037772e-01,-9.384992237726358377e-01,-9.280150688065906817e-01,-9.186583365113696331e-01,-9.106799442386690480e-01,-9.042788340493326249e-01,-8.996041075371867812e-01,-8.967589017342322277e-01,-8.958038258652902819e-01,-1.000000000000000000e+00,-1.000000000000000000e+00,-1.000000000000000000e+00,-1.000000000000000000e+00,-1.000000000000000000e+00,-1.000000000000000000e+00,-1.000000000000000000e+00,-1.000000000000000000e+00,-1.000000000000000000e+00,-1.000000000000000000e+00,-1.000000000000000000e+00,-1.000000000000000000e+00,-1.000000000000000000e+00,-1.000000000000000000e+00,-1.000000000000000000e+00,-1.000000000000000000e+00,-1.000000000000000000e+00,-1.000000000000000000e+00,-1.000000000000000000e+00,-1.000000000000000000e+00,-1.000000000000000000e+00,-1.000000000000000000e+00,-1.000000000000000000e+00,-1.000000000000000000e+00,-1.000000000000000000e+00,-1.000000000000000000e+00,-1.000000000000000000e+00,-1.000000000000000000e+00,-1.000000000000000000e+00,-1.000000000000000000e+00,-1.000000000000000000e+00,-1.000000000000000000e+00,-1.000000000000000000e+00,-1.000000000000000000e+00,-1.000000000000000000e+00,-1.000000000000000000e+00,-1.000000000000000000e+00,-1.000000000000000000e+00,-1.000000000000000000e+00,-1.000000000000000000e+00,-1.000000000000000000e+00,-1.000000000000000000e+00
-1.000000000000000000e+00,-1.000000000000000000e+00,-1.000000000000000000e+00,-1.000000000000000000e+00,-1.000000000000000000e+00,-1.000000000000000000e+00,-1.000000000000000000e+00,-1.000000000000000000e+00,-1.000000000000000000e+00,-1.000000000000000000e+00,-1.000000000000000000e+00,-1.000000000000000000e+00,-1.000000000000000000e+00,-1.000000000000000000e+00,-1.000000000000000000e+00,-1.000000000000000000e+00,-1.000000000000000000e+00,-1.000000000000000000e+00,-1.000000000000000000e+00,-1.000000000000000000e+00,-1.000000000000000000e+00,-1.000000000000000000e+00,-1.000000000000000000e+00,-1.000000000000000000e+00,-1.000000000000000000e+00,-1.000000000000000000e+00,-1.000000000000000000e+00,-1.000000000000000000e+00,-1.000000000000000000e+00,-1.000000000000000000e+00,-1.000000000000000000e+00,-1.000000000000000000e+00,-1.000000000000000000e+00,-1.000000000000000000e+00,-1.000000000000000000e+00,-1.000000000000000000e+00,-1.000000000000000000e+00,-1.000000000000000000e+00,-1.000000000000000000e+00,-1.000000000000000000e+00,-1.000000000000000000e+00,-1.000000000000000000e+00,-9.396851084192631154e-01,-9.404362018038466831e-01,-9.426706701537839184e-01,-9.463322032312798671e-01,-9.513272209841767690e-01,-9.575250615202854920e-01,-9.647583641260382148e-01,-9.728243185184602959e-01,-9.814874691017445585e-01,-9.904842658134038746e-01,-9.995287012690203809e-01,-1.008317573617680152e+00,-1.016533606556174973e+00,-1.023845165954657910e+00,-1.029902722566325979e+00,-1.034334355651819859e+00,-1.036745171452505998e+00,-1.036728245304348262e+00,-1.033897369331460814e+00,-1.027954118733513278e+00,-1.018802410281428372e+00,-1.006719814633570298e+00,-9.925794047498157635e-01,-9.780737964594682365e-01,-9.657931288193701835e-01,-9.587884778142604647e-01,-9.587884777976549699e-01,-9.657931287704489831e-01,-9.780737963797774270e-01,-9.925794046401200665e-01,-1.006719814491933596e+00,-1.018802410108403000e+00,-1.027954118530798766e+00,-1.033897369095987617e+00,-1.036728245042021879e+00,-1.036745171169723978e+00,-1.034334355347102496e+00,-1.029902722251634373e+00,-1.023845165634971632e+00,-1.016533606228285702e+00,-1.008317573298289860e+00,-9.995287009583373461e-01,-9.904842655117517269e-01,-9.814874688258941049e-01,-9.728243182681457490e-01,-9.647583639120322907e-01,-9.575250613356561802e-01,-9.513272209350179809e-01,-9.463322031096730313e-01,-9.426706702117167991e-01,-9.404362019758539804e-01,-9.396851083457439247e-01,-1.000000000000000000e+00,-1.000000000000000000e+00,-1.000000000000000000e+00,-1.000000000000000000e+00,-1.000000000000000000e+00,-1.000000000000000000e+00,-1.000000000000000000e+00,-1.000000000000000000e+00,-1.000000000000000000e+00,-1.000000000000000000e+00,-1.000000000000000000e+00,-1.000000000000000000e+00,-1.000000000000000000e+00,-1.000000000000000000e+00,-1.000000000000000000e+00,-1.000000000000000000e+00,-1.000000000000000000e+00,-1.000000000000000000e+00,-1.000000000000000000e+00,-1.000000000000000000e+00,-1.000000000000000000e+00,-1.000000000000000000e+00,-1.000000000000000000e+00,-1.000000000000000000e+00,-1.000000000000000000e+00,-1.000000000000000000e+00,-1.000000000000000000e+00,-1.000000000000000000e+00,-1.000000000000000000e+00,-1.000000000000000000e+00,-1.000000000000000000e+00,-1.000000000000000000e+00,-1.000000000000000000e+00,-1.000000000000000000e+00,-1.000000000000000000e+00,-1.000000000000000000e+00,-1.000000000000000000e+00,-1.000000000000000000e+00,-1.000000000000000000e+00,-1.000000000000000000e+00,-1.000000000000000000e+00,-1.000000000000000000e+00
-1.000000000000000000e+00,-1.000000000000000000e+00,-1.000000000000000000e+00,-1.000000000000000000e+00,-1.000000000000000000e+00,-1.000000000000000000e+00,-1.000000000000000000e+00,-1.000000000000000000e+00,-1.000000000000000000e+00,-1.000000000000000000e+00,-1.000000000000000000e+00,-1.000000000000000000e+00,-1.000000000000000000e+00,-1.000000000000000000e+00,-1.000000000000000000e+00,-1.000000000000000000e+00,-1.000000000000000000e+00,-1.000000000000000000e+00,-1.000000000000000000e+00,-1.000000000000000000e+00,-1.000000000000000000e+00,-1.000000000000000000e+00,-1.000000000000000000e+00,-1.000000000000000000e+00,-1.000000000000000000e+00,-1.000000000000000000e+00,-1.000000000000000000e+00,-1.000000000000000000e+00,-1.000000000000000000e+00,-1.000000000000000000e+00,-1.000000000000000000e+00,-1.000000000000000000e+00,-1.000000000000000000e+00,-1.000000000000000000e+00,-1.000000000000000000e+00,-1.000000000000000000e+00,-1.000000000000000000e+00,-1.000000000000000000e+00,-1.000000000000000000e+00,-1.000000000000000000e+00,-1.000000000000000000e+00,-1.000000000000000000e+00,-9.733809707569939240e-01,-9.739739706455128321e-01,-9.757360411860555027e-01,-9.786169118533503131e-01,-9.825343835164498385e-01,-9.873763585430206380e-01,-9.930032403730467694e-01,-9.992505855788470503e-01,-1.005931892492717861e+00,-1.012841243291608961e+00,-1.019755224927971549e+00,-1.026433329448626752e+00,-1.032616096885092594e+00,-1.038020794896493904e+00,-1.042335511520784408e+00,-1.045214145281617935e+00,-1.046276822547362428e+00,-1.045122655382332288e+00,-1.041364328153137730e+00,-1.034696358490861057e+00,-1.025009821390807874e+00,-1.012562813094912029e+00,-9.982009975907416566e-01,-9.835812340728660175e-01,-9.712524762839495063e-01,-9.642291643280233027e-01,-9.642291643113802824e-01,-9.712524762332012118e-01,-9.835812339880483091e-01,-9.982009974733340174e-01,-1.012562812942481516e+00,-1.025009821203797467e+00,-1.034696358274010297e+00,-1.041364327904799492e+00,-1.045122655108079890e+00,-1.046276822256082983e+00,-1.045214144970757042e+00,-1.042335511200720433e+00,-1.038020794577953598e+00,-1.032616096561051577e+00,-1.026433329132406147e+00,-1.019755224628299040e+00,-1.012841243003267389e+00,-1.005931892235757630e+00,-9.992505853535237348e-01,-9.930032401821080601e-01,-9.873763583931536303e-01,-9.825343834915246655e-01,-9.786169117707527176e-01,-9.757360412634893398e-01,-9.739739708580134048e-01,-9.733809707041842785e-01,-1.000000000000000000e+00,-1.000000000000000000e+00,-1.000000000000000000e+00,-1.000000000000000000e+00,-1.000000000000000000e+00,-1.000000000000000000e+00,-1.000000000000000000e+00,-1.000000000000000000e+00,-1.000000000000000000e+00,-1.000000000000000000e+00,-1.000000000000000000e+00,-1.000000000000000000e+00,-1.000000000000000000e+00,-1.000000000000000000e+00,-1.000000000000000000e+00,-1.000000000000000000e+00,-1.000000000000000000e+00,-1.000000000000000000e+00,-1.000000000000000000e+00,-1.000000000000000000e+00,-1.000000000000000000e+00,-1.000000000000000000e+00,-1.000000000000000000e+00,-1.000000000000000000e+00,-1.000000000000000000e+00,-1.000000000000000000e+00,-1.000000000000000000e+00,-1.000000000000000000e+00,-1.000000000000000000e+00,-1.000000000000000000e+00,-1.000000000000000000e+00,-1.000000000000000000e+00,-1.000000000000000000e+00,-1.000000000000000000e+00,-1.000000000000000000e+00,-1.000000000000000000e+00,-1.000000000000000000e+00,-1.000000000000000000e+00,-1.000000000000000000e+00,-1.000000000000000000e+00,-1.000000000000000000e+00,-1.000000000000000000e+00
-1.000000000000000000e+00,-1.000000000000000000e+00,-1.000000000000000000e+00,-1.000000000000000000e+00,-1.000000000000000000e+00,-1.000000000000000000e+00,-1.000000000000000000e+00,-1.000000000000000000e+00,-1.000000000000000000e+00,-1.000000000000000000e+00,-1.000000000000000000e+00,-1.000000000000000000e+00,-1.000000000000000000e+00,-1.000000000000000000e+00,-1.000000000000000000e+00,-1.000000000000000000e+00,-1.000000000000000000e+00,-1.000000000000000000e+00,-1.000000000000000000e+00,-1.000000000000000000e+00,-1.000000000000000000e+00,-1.000000000000000000e+00,-1.000000000000000000e+00,-1.000000000000000000e+00,-1.000000000000000000e+00,-1.000000000000000000e+00,-1.000000000000000000e+00,-1.000000000000000000e+00,-1.000000000000000000e+00,-1.000000000000000000e+00,-1.000000000000000000e+00,-1.000000000000000000e+00,-1.000000000000000000e+00,-1.000000000000000000e+00,-1.000000000000000000e+00,-1.000000000000000000e+00,-1.000000000000000000e+00,-1.000000000000000000e+00,-1.000000000000000000e+00,-1.000000000000000000e+00,-1.000000000000000000e+00,-1.000000000000000000e+00,-9.992388619304882758e-01,-9.997091876663989352e-01,-1.001105408642229966e+00,-1.003383942235508863e+00,-1.006474285873399266e+00,-1.010281769227321824e+00,-1.014690655343502668e+00,-1.019567096080921109e+00,-1.024761452040360066e+00,-1.030109488372935367e+00,-1.035431949117382011e+00,-1.040532077892323493e+00,-1.045190899759335768e+00,-1.049160614572312022e+00,-1.052157355608951406e+00,-1.053855882372014552e+00,-1.053890522033283927e+00,-1.051868843463906966e+00,-1.047407040432092984e+00,-1.040198405326703046e+00,-1.030127376831659669e+00,-1.017438408574874442e+00,-1.002954427325792652e+00,-9.882990770428430327e-01,-9.759794256016329772e-01,-9.689688109837307772e-01,-9.689688109656545700e-01,-9.759794255461182733e-01,-9.882990769492683292e-01,-1.002954427196491194e+00,-1.017438408409392592e+00,-1.030127376630566083e+00,-1.040198405095793754e+00,-1.047407040172863013e+00,-1.051868843180359336e+00,-1.053890521734696106e+00,-1.053855882059014926e+00,-1.052157355287004492e+00,-1.049160614254457835e+00,-1.045190899443126042e+00,-1.040532077584829906e+00,-1.035431948830872972e+00,-1.030109488101653481e+00,-1.024761451803716916e+00,-1.019567095881088736e+00,-1.014690655176031298e+00,-1.010281769109382610e+00,-1.006474285870123886e+00,-1.003383942187987321e+00,-1.001105408735321056e+00,-9.997091879134680781e-01,-9.992388618936575151e-01,-1.000000000000000000e+00,-1.000000000000000000e+00,-1.000000000000000000e+00,-1.000000000000000000e+00,-1.000000000000000000e+00,-1.000000000000000000e+00,-1.000000000000000000e+00,-1.000000000000000000e+00,-1.000000000000000000e+00,-1.000000000000000000e+00,-1.000000000000000000e+00,-1.000000000000000000e+00,-1.000000000000000000e+00,-1.000000000000000000e+00,-1.000000000000000000e+00,-1.000000000000000000e+00,-1.000000000000000000e+00,-1.000000000000000000e+00,-1.000000000000000000e+00,-1.000000000000000000e+00,-1.000000000000000000e+00,-1.000000000000000000e+00,-1.000000000000000000e+00,-1.000000000000000000e+00,-1.000000000000000000e+00,-1.000000000000000000e+00,-1.000000000000000000e+00,-1.000000000000000000e+00,-1.000000000000000000e+00,-1.000000000000000000e+00,-1.000000000000000000e+00,-1.000000000000000000e+00,-1.000000000000000000e+00,-1.000000000000000000e+00,-1.000000000000000000e+00,-1.000000000000000000e+00,-1.000000000000000000e+00,-1.000000000000000000e+00,-1.000000000000000000e+00,-1.000000000000000000e+00,-1.000000000000000000e+00,-1.000000000000000000e+00
-1.000000000000000000e+00,-1.000000000000000000e+00,-1.000000000000000000e+00,-1.000000000000000000e+00,-1.000000000000000000e+00,-1.000000000000000000e+00,-1.000000000000000000e+00,-1.000000000000000000e+00,-1.000000000000000000e+00,-1.000000000000000000e+00,-1.000000000000000000e+00,-1.000000000000000000e+00,-1.000000000000000000e+00,-1.000000000000000000e+00,-1.000000000000000000e+00,-1.000000000000000000e+00,-1.000000000000000000e+00,-1.000000000000000000e+00,-1.000000000000000000e+00,-1.000000000000000000e+00,-1.000000000000000000e+00,-1.000000000000000000e+00,-1.000000000000000000e+00,-1.000000000000000000e+00,-1.000000000000000000e+00,-1.000000000000000000e+00,-1.000000000000000000e+00,-1.000000000000000000e+00,-1.000000000000000000e+00,-1.000000000000000000e+00,-1.000000000000000000e+00,-1.000000000000000000e+00,-1.000000000000000000e+00,-1.000000000000000000e+00,-1.000000000000000000e+00,-1.000000000000000000e+00,-1.000000000000000000e+00,-1.000000000000000000e+00,-1.000000000000000000e+00,-1.000000000000000000e+00,-1.000000000000000000e+00,-1.000000000000000000e+00,-1.019121359176966335e+00,-1.019496299330527878e+00,-1.020608564318758793e+00,-1.022421196821422740e+00,-1.024874807121741505e+00,-1.027890390288644262e+00,-1.031372397199651569e+00,-1.035211416987433131e+00,-1.039285838740502399e+00,-1.043461939462443588e+00,-1.047591967458679996e+00,-1.051509989051248484e+00,-1.055025594800494959e+00,-1.057916088815063160e+00,-1.059918587810830592e+00,-1.060724611331097300e+00,-1.059981321477420080e+00,-1.057305610466130918e+00,-1.052319663362984770e+00,-1.044719037799943351e+00,-1.034385492652785565e+00,-1.021553757534307882e+00,-1.007027346319236738e+00,-9.923987012723571866e-01,-9.801328428546409732e-01,-9.731591576305680391e-01,-9.731591576101362717e-01,-9.801328427930272591e-01,-9.923987011693573557e-01,-1.007027346177166383e+00,-1.021553757355762482e+00,-1.034385492439538590e+00,-1.044719037557195973e+00,-1.052319663095673041e+00,-1.057305610176685118e+00,-1.059981321173409929e+00,-1.060724611019100427e+00,-1.059918587491557318e+00,-1.057916088498888296e+00,-1.055025594493205210e+00,-1.051509988755780389e+00,-1.047591967187283757e+00,-1.043461939211024481e+00,-1.039285838524700134e+00,-1.035211416811911977e+00,-1.031372397054735712e+00,-1.027890390198862303e+00,-1.024874807137651667e+00,-1.022421196805344712e+00,-1.020608564424203779e+00,-1.019496299606647449e+00,-1.019121359151939243e+00,-1.000000000000000000e+00,-1.000000000000000000e+00,-1.000000000000000000e+00,-1.000000000000000000e+00,-1.000000000000000000e+00,-1.000000000000000000e+00,-1.000000000000000000e+00,-1.000000000000000000e+00,-1.000000000000000000e+00,-1.000000000000000000e+00,-1.000000000000000000e+00,-1.000000000000000000e+00,-1.000000000000000000e+00,-1.000000000000000000e+00,-1.000000000000000000e+00,-1.000000000000000000e+00,-1.000000000000000000e+00,-1.000000000000000000e+00,-1.000000000000000000e+00,-1.000000000000000000e+00,-1.000000000000000000e+00,-1.000000000000000000e+00,-1.000000000000000000e+00,-1.000000000000000000e+00,-1.000000000000000000e+00,-1.000000000000000000e+00,-1.000000000000000000e+00,-1.000000000000000000e+00,-1.000000000000000000e+00,-1.000000000000000000e+00,-1.000000000000000000e+00,-1.000000000000000000e+00,-1.000000000000000000e+00,-1.000000000000000000e+00,-1.000000000000000000e+00,-1.000000000000000000e+00,-1.000000000000000000e+00,-1.000000000000000000e+00,-1.000000000000000000e+00,-1.000000000000000000e+00,-1.000000000000000000e+00,-1.000000000000000000e+00
-1.000000000000000000e+00,-1.000000000000000000e+00,-1.000000000000000000e+00,-1.000000000000000000e+00,-1.000000000000000000e+00,-1.000000000000000000e+00,-1.000000000000000000e+00,-1.000000000000000000e+00,-1.000000000000000000e+00,-1.000000000000000000e+00,-1.000000000000000000e+00,-1.000000000000000000e+00,-1.000000000000000000e+00,-1.000000000000000000e+00,-1.000000000000000000e+00,-1.000000000000000000e+00,-1.000000000000000000e+00,-1.000000000000000000e+00,-1.000000000000000000e+00,-1.000000000000000000e+00,-1.000000000000000000e+00,-1.000000000000000000e+00,-1.000000000000000000e+00,-1.000000000000000000e+00,-1.000000000000000000e+00,-1.000000000000000000e+00,-1.000000000000000000e+00,-1.000000000000000000e+00,-1.000000000000000000e+00,-1.000000000000000000e+00,-1.000000000000000000e+00,-1.000000000000000000e+00,-1.000000000000000000e+00,-1.000000000000000000e+00,-1.000000000000000000e+00,-1.000000000000000000e+00,-1.000000000000000000e+00,-1.000000000000000000e+00,-1.000000000000000000e+00,-1.000000000000000000e+00,-1.000000000000000000e+00,-1.000000000000000000e+00,-1.034480216364822347e+00,-1.034780814118986036e+00,-1.035672122399098116e+00,-1.037123334613555992e+00,-1.039085115121246572e+00,-1.041492129941001599e+00,-1.044265715045211484e+00,-1.047316016560810636e+00,-1.050542949071260113e+00,-1.053835425612566601e+00,-1.057068484858500135e+00,-1.060098189713100325e+00,-1.062754525648425430e+00,-1.064833038760893968e+00,-1.066086696999579919e+00,-1.066220523405230436e+00,-1.064893031283224767e+00,-1.061730451512376217e+00,-1.056362122565032369e+00,-1.048487819854952763e+00,-1.037989038700733557e+00,-1.025093350710789775e+00,-1.010587207373215168e+00,-9.960334838661942802e-01,-9.838554228211260355e-01,-9.769368805907293618e-01,-9.769368805676947876e-01,-9.838554227533636842e-01,-9.960334837548917575e-01,-1.010587207220301043e+00,-1.025093350521451452e+00,-1.037989038478514647e+00,-1.048487819603776794e+00,-1.056362122292755723e+00,-1.061730451221088334e+00,-1.064893030976888699e+00,-1.066220523095249506e+00,-1.066086696686239899e+00,-1.064833038450645697e+00,-1.062754525351877533e+00,-1.060098189431045723e+00,-1.057068484602585068e+00,-1.053835425381292712e+00,-1.050542948875389904e+00,-1.047316016407520811e+00,-1.044265714921586374e+00,-1.041492129876060879e+00,-1.039085115154528616e+00,-1.037123334625628113e+00,-1.035672122513693116e+00,-1.034780814418489125e+00,-1.034480216347528403e+00,-1.000000000000000000e+00,-1.000000000000000000e+00,-1.000000000000000000e+00,-1.000000000000000000e+00,-1.000000000000000000e+00,-1.000000000000000000e+00,-1.000000000000000000e+00,-1.000000000000000000e+00,-1.000000000000000000e+00,-1.000000000000000000e+00,-1.000000000000000000e+00,-1.000000000000000000e+00,-1.000000000000000000e+00,-1.000000000000000000e+00,-1.000000000000000000e+00,-1.000000000000000000e+00,-1.000000000000000000e+00,-1.000000000000000000e+00,-1.000000000000000000e+00,-1.000000000000000000e+00,-1.000000000000000000e+00,-1.000000000000000000e+00,-1.000000000000000000e+00,-1.000000000000000000e+00,-1.000000000000000000e+00,-1.000000000000000000e+00,-1.000000000000000000e+00,-1.000000000000000000e+00,-1.000000000000000000e+00,-1.000000000000000000e+00,-1.000000000000000000e+00,-1.000000000000000000e+00,-1.000000000000000000e+00,-1.000000000000000000e+00,-1.000000000000000000e+00,-1.000000000000000000e+00,-1.000000000000000000e+00,-1.000000000000000000e+00,-1.000000000000000000e+00,-1.000000000000000000e+00,-1.000000000000000000e+00,-1.000000000000000000e+00
-1.000000000000000000e+00,-1.000000000000000000e+00,-1.000000000000000000e+00,-1.000000000000000000e+00,-1.000000000000000000e+00,-1.000000000000000000e+00,-1.000000000000000000e+00,-1.000000000000000000e+00,-1.000000000000000000e+00,-1.000000000000000000e+00,-1.000000000000000000e+00,-1.000000000000000000e+00,-1.000000000000000000e+00,-1.000000000000000000e+00,-1.000000000000000000e+00,-1.000000000000000000e+00,-1.000000000000000000e+00,-1.000000000000000000e+00,-1.000000000000000000e+00,-1.000000000000000000e+00,-1.000000000000000000e+00,-1.000000000000000000e+00,-1.000000000000000000e+00,-1.000000000000000000e+00,-1.000000000000000000e+00,-1.000000000000000000e+00,-1.000000000000000000e+00,-1.000000000000000000e+00,-1.000000000000000000e+00,-1.000000000000000000e+00,-1.000000000000000000e+00,-1.000000000000000000e+00,-1.000000000000000000e+00,-1.000000000000000000e+00,-1.000000000000000000e+00,-1.000000000000000000e+00,-1.000000000000000000e+00,-1.000000000000000000e+00,-1.000000000000000000e+00,-1.000000000000000000e+00,-1.000000000000000000e+00,-1.000000000000000000e+00,-1.046431343718167373e+00,-1.046673878857915074e+00,-1.047392856577998188e+00,-1.048562941044931307e+00,-1.050143590742235622e+00,-1.052081143188531520e+00,-1.054310922994549093e+00,-1.056758747238947027e+00,-1.059341211741926525e+00,-1.061964251277048188e+00,-1.064519646748720794e+00,-1.066879408258869510e+00,-1.068888314470558099e+00,-1.070355380621564878e+00,-1.071045732657840643e+00,-1.070675378505380193e+00,-1.068912792250605870e+00,-1.065393135893255572e+00,-1.059753285001722167e+00,-1.051698213288422279e+00,-1.041110552584015636e+00,-1.028212363182780642e+00,-1.013774711543308449e+00,-9.993322858255986318e-01,-9.872671581220172632e-01,-9.804170365854181224e-01,-9.804170365603852577e-01,-9.872671580493730392e-01,-9.993322857080209065e-01,-1.013774711382925187e+00,-1.028212362986378858e+00,-1.041110552356715013e+00,-1.051698213032930207e+00,-1.059753284727186662e+00,-1.065393135603381003e+00,-1.068912791946508678e+00,-1.070675378198803429e+00,-1.071045732351865842e+00,-1.070355380321487582e+00,-1.068888314186927424e+00,-1.066879407991448536e+00,-1.064519646508346851e+00,-1.061964251064294817e+00,-1.059341211563934904e+00,-1.056758747105237761e+00,-1.054310922890747904e+00,-1.052081143145866982e+00,-1.050143590791560833e+00,-1.048562941082117117e+00,-1.047392856698567742e+00,-1.046673879175080479e+00,-1.046431343704838035e+00,-1.000000000000000000e+00,-1.000000000000000000e+00,-1.000000000000000000e+00,-1.000000000000000000e+00,-1.000000000000000000e+00,-1.000000000000000000e+00,-1.000000000000000000e+00,-1.000000000000000000e+00,-1.000000000000000000e+00,-1.000000000000000000e+00,-1.000000000000000000e+00,-1.000000000000000000e+00,-1.000000000000000000e+00,-1.000000000000000000e+00,-1.000000000000000000e+00,-1.000000000000000000e+00,-1.000000000000000000e+00,-1.000000000000000000e+00,-1.000000000000000000e+00,-1.000000000000000000e+00,-1.000000000000000000e+00,-1.000000000000000000e+00,-1.000000000000000000e+00,-1.000000000000000000e+00,-1.000000000000000000e+00,-1.000000000000000000e+00,-1.000000000000000000e+00,-1.000000000000000000e+00,-1.000000000000000000e+00,-1.000000000000000000e+00,-1.000000000000000000e+00,-1.000000000000000000e+00,-1.000000000000000000e+00,-1.000000000000000000e+00,-1.000000000000000000e+00,-1.000000000000000000e+00,-1.000000000000000000e+00,-1.000000000000000000e+00,-1.000000000000000000e+00,-1.000000000000000000e+00,-1.000000000000000000e+00,-1.000000000000000000e+00
-1.000000000000000000e+00,-1.000000000000000000e+00,-1.000000000000000000e+00,-1.000000000000000000e+00,-1.000000000000000000e+00,-1.000000000000000000e+00,-1.000000000000000000e+00,-1.000000000000000000e+00,-1.000000000000000000e+00,-1.000000000000000000e+00,-1.000000000000000000e+00,-1.000000000000000000e+00,-1.000000000000000000e+00,-1.000000000000000000e+00,-1.000000000000000000e+00,-1.000000000000000000e+00,-1.000000000000000000e+00,-1.000000000000000000e+00,-1.000000000000000000e+00,-1.000000000000000000e+00,-1.000000000000000000e+00,-1.000000000000000000e+00,-1.000000000000000000e+00,-1.000000000000000000e+00,-1.000000000000000000e+00,-1.000000000000000000e+00,-1.000000000000000000e+00,-1.000000000000000000e+00,-1.000000000000000000e+00,-1.000000000000000000e+00,-1.000000000000000000e+00,-1.000000000000000000e+00,-1.000000000000000000e+00,-1.000000000000000000e+00,-1.000000000000000000e+00,-1.000000000000000000e+00,-1.000000000000000000e+00,-1.000000000000000000e+00,-1.000000000000000000e+00,-1.000000000000000000e+00,-1.000000000000000000e+00,-1.000000000000000000e+00,-1.055823036356715150e+00,-1.056020163159237191e+00,-1.056604526461257354e+00,-1.057555508179546022e+00,-1.058840066506213651e+00,-1.060414329598021732e+00,-1.062225109883877083e+00,-1.064210779966443088e+00,-1.066300956007150136e+00,-1.068414533439851377e+00,-1.070455788153999555e+00,-1.072308499044304586e+00,-1.073828383286125732e+00,-1.074834606651068114e+00,-1.075101809116426388e+00,-1.074355067233140781e+00,-1.072271604026123315e+00,-1.068494930080537975e+00,-1.062669408244819147e+00,-1.054505600922301944e+00,-1.043888029880049029e+00,-1.031034288276276190e+00,-1.016701288323815566e+00,-1.002396752678233804e+00,-9.904624540335315031e-01,-9.836900477613419458e-01,-9.836900477353858196e-01,-9.904624539581573517e-01,-1.002396752557003001e+00,-1.016701288159817196e+00,-1.031034288076792427e+00,-1.043888029651338867e+00,-1.054505600666881371e+00,-1.062669407970634694e+00,-1.068494929793631698e+00,-1.072271603728666811e+00,-1.074355066933636804e+00,-1.075101808819892257e+00,-1.074834606363730849e+00,-1.073828383015917654e+00,-1.072308498791992193e+00,-1.070455787928870972e+00,-1.068414533243356335e+00,-1.066300955845393750e+00,-1.064210779850295996e+00,-1.062225109798889733e+00,-1.060414329575794179e+00,-1.058840066569884497e+00,-1.057555508238119168e+00,-1.056604526583966752e+00,-1.056020163488260222e+00,-1.055823036344201160e+00,-1.000000000000000000e+00,-1.000000000000000000e+00,-1.000000000000000000e+00,-1.000000000000000000e+00,-1.000000000000000000e+00,-1.000000000000000000e+00,-1.000000000000000000e+00,-1.000000000000000000e+00,-1.000000000000000000e+00,-1.000000000000000000e+00,-1.000000000000000000e+00,-1.000000000000000000e+00,-1.000000000000000000e+00,-1.000000000000000000e+00,-1.000000000000000000e+00,-1.000000000000000000e+00,-1.000000000000000000e+00,-1.000000000000000000e+00,-1.000000000000000000e+00,-1.000000000000000000e+00,-1.000000000000000000e+00,-1.000000000000000000e+00,-1.000000000000000000e+00,-1.000000000000000000e+00,-1.000000000000000000e+00,-1.000000000000000000e+00,-1.000000000000000000e+00,-1.000000000000000000e+00,-1.000000000000000000e+00,-1.000000000000000000e+00,-1.000000000000000000e+00,-1.000000000000000000e+00,-1.000000000000000000e+00,-1.000000000000000000e+00,-1.000000000000000000e+00,-1.000000000000000000e+00,-1.000000000000000000e+00,-1.000000000000000000e+00,-1.000000000000000000e+00,-1.000000000000000000e+00,-1.000000000000000000e+00,-1.000000000000000000e+00
-1.000000000000000000e+00,-1.000000000000000000e+00,-1.000000000000000000e+00,-1.000000000000000000e+00,-1.000000000000000000e+00,-1.000000000000000000e+00,-1.000000000000000000e+00,-1.000000000000000000e+00,-1.000000000000000000e+00,-1.000000000000000000e+00,-1.000000000000000000e+00,-1.000000000000000000e+00,-1.000000000000000000e+00,-1.000000000000000000e+00,-1.000000000000000000e+00,-1.000000000000000000e+00,-1.000000000000000000e+00,-1.000000000000000000e+00,-1.000000000000000000e+00,-1.000000000000000000e+00,-1.000000000000000000e+00,-1.000000000000000000e+00,-1.000000000000000000e+00,-1.000000000000000000e+00,-1.000000000000000000e+00,-1.000000000000000000e+00,-1.000000000000000000e+00,-1.000000000000000000e+00,-1.000000000000000000e+00,-1.000000000000000000e+00,-1.000000000000000000e+00,-1.000000000000000000e+00,-1.000000000000000000e+00,-1.000000000000000000e+00,-1.000000000000000000e+00,-1.000000000000000000e+00,-1.000000000000000000e+00,-1.000000000000000000e+00,-1.000000000000000000e+00,-1.000000000000000000e+00,-1.000000000000000000e+00,-1.000000000000000000e+00,-1.063294350451578163e+00,-1.063455955629751370e+00,-1.063935114938134641e+00,-1.064715181845610203e+00,-1.065769381118390147e+00,-1.067061930351871135e+00,-1.068548994202076052e+00,-1.070178986708633317e+00,-1.071891736398744799e+00,-1.073616112405450407e+00,-1.075265858540036978e+00,-1.076733603773532000e+00,-1.077883331926073662e+00,-1.078542043711665510e+00,-1.078492001165557213e+00,-1.077465903263718383e+00,-1.075148706042976743e+00,-1.071191645277050020e+00,-1.065246298591869811e+00,-1.057028865401576923e+00,-1.046426114486745051e+00,-1.033651835033407407e+00,-1.019449731292469519e+00,-1.005301692449714679e+00,-9.935102701484472831e-01,-9.868216889179902696e-01,-9.868216888920253727e-01,-9.935102700724731672e-01,-1.005301692327661200e+00,-1.019449731128667658e+00,-1.033651834834422356e+00,-1.046426114259327189e+00,-1.057028865150019925e+00,-1.065246298321561369e+00,-1.071191644994731407e+00,-1.075148705754805256e+00,-1.077465902974876100e+00,-1.078492000881465795e+00,-1.078542043438949438e+00,-1.077883331669093891e+00,-1.076733603536083494e+00,-1.075265858328953383e+00,-1.073616112223065633e+00,-1.071891736252645000e+00,-1.070178986608918859e+00,-1.068548994135355645e+00,-1.067061930348417453e+00,-1.065769381193624410e+00,-1.064715181920853571e+00,-1.063935115058843195e+00,-1.063455955965662669e+00,-1.063294350438235059e+00,-1.000000000000000000e+00,-1.000000000000000000e+00,-1.000000000000000000e+00,-1.000000000000000000e+00,-1.000000000000000000e+00,-1.000000000000000000e+00,-1.000000000000000000e+00,-1.000000000000000000e+00,-1.000000000000000000e+00,-1.000000000000000000e+00,-1.000000000000000000e+00,-1.000000000000000000e+00,-1.000000000000000000e+00,-1.000000000000000000e+00,-1.000000000000000000e+00,-1.000000000000000000e+00,-1.000000000000000000e+00,-1.000000000000000000e+00,-1.000000000000000000e+00,-1.000000000000000000e+00,-1.000000000000000000e+00,-1.000000000000000000e+00,-1.000000000000000000e+00,-1.000000000000000000e+00,-1.000000000000000000e+00,-1.000000000000000000e+00,-1.000000000000000000e+00,-1.000000000000000000e+00,-1.000000000000000000e+00,-1.000000000000000000e+00,-1.000000000000000000e+00,-1.000000000000000000e+00,-1.000000000000000000e+00,-1.000000000000000000e+00,-1.000000000000000000e+00,-1.000000000000000000e+00,-1.000000000000000000e+00,-1.000000000000000000e+00,-1.000000000000000000e+00,-1.000000000000000000e+00,-1.000000000000000000e+00,-1.000000000000000000e+00
-1.000000000000000000e+00,-1.000000000000000000e+00,-1.000000000000000000e+00,-1.000000000000000000e+00,-1.000000000000000000e+00,-1.000000000000000000e+00,-1.000000000000000000e+00,-1.000000000000000000e+00,-1.000000000000000000e+00,-1.000000000000000000e+00,-1.000000000000000000e+00,-1.000000000000000000e+00,-1.000000000000000000e+00,-1.000000000000000000e+00,-1.000000000000000000e+00,-1.000000000000000000e+00,-1.000000000000000000e+00,-1.000000000000000000e+00,-1.000000000000000000e+00,-1.000000000000000000e+00,-1.000000000000000000e+00,-1.000000000000000000e+00,-1.000000000000000000e+00,-1.000000000000000000e+00,-1.000000000000000000e+00,-1.000000000000000000e+00,-1.000000000000000000e+00,-1.000000000000000000e+00,-1.000000000000000000e+00,-1.000000000000000000e+00,-1.000000000000000000e+00,-1.000000000000000000e+00,-1.000000000000000000e+00,-1.000000000000000000e+00,-1.000000000000000000e+00,-1.000000000000000000e+00,-1.000000000000000000e+00,-1.000000000000000000e+00,-1.000000000000000000e+00,-1.000000000000000000e+00,-1.000000000000000000e+00,-1.000000000000000000e+00,-1.069323102581735574e+00,-1.069456945111226354e+00,-1.069853942181851814e+00,-1.070500724471913134e+00,-1.071375662225518388e+00,-1.072449565532093141e+00,-1.073686144576724955e+00,-1.075041816562562591e+00,-1.076464439791032124e+00,-1.077890622745374838e+00,-1.079241383457294923e+00,-1.080416133017064961e+00,-1.081285249635056012e+00,-1.081681940753740578e+00,-1.081394730135682991e+00,-1.080162848130308939e+00,-1.077678148119149526e+00,-1.073598992488540960e+00,-1.067583801534211618e+00,-1.059354273196662977e+00,-1.048799547489223105e+00,-1.036130040685687703e+00,-1.022077021530946261e+00,-1.008097634346108773e+00,-9.964564510147851939e-01,-9.898552752043291436e-01,-9.898552751789774229e-01,-9.964564509399700398e-01,-1.008097634225752826e+00,-1.022077021370488614e+00,-1.036130040490317095e+00,-1.048799547265142573e+00,-1.059354272951211318e+00,-1.067583801271448252e+00,-1.073598992214242598e+00,-1.077678147842357603e+00,-1.080162847854081232e+00,-1.081394729866115512e+00,-1.081681940496450167e+00,-1.081285249391134906e+00,-1.080416132794067563e+00,-1.079241383259009979e+00,-1.077890622576433532e+00,-1.076464439661166672e+00,-1.075041816478474965e+00,-1.073686144527285169e+00,-1.072449565544708161e+00,-1.071375662308048149e+00,-1.070500724558677508e+00,-1.069853942297326554e+00,-1.069456945451011665e+00,-1.069323102568007666e+00,-1.000000000000000000e+00,-1.000000000000000000e+00,-1.000000000000000000e+00,-1.000000000000000000e+00,-1.000000000000000000e+00,-1.000000000000000000e+00,-1.000000000000000000e+00,-1.000000000000000000e+00,-1.000000000000000000e+00,-1.000000000000000000e+00,-1.000000000000000000e+00,-1.000000000000000000e+00,-1.000000000000000000e+00,-1.000000000000000000e+00,-1.000000000000000000e+00,-1.000000000000000000e+00,-1.000000000000000000e+00,-1.000000000000000000e+00,-1.000000000000000000e+00,-1.000000000000000000e+00,-1.000000000000000000e+00,-1.000000000000000000e+00,-1.000000000000000000e+00,-1.000000000000000000e+00,-1.000000000000000000e+00,-1.000000000000000000e+00,-1.000000000000000000e+00,-1.000000000000000000e+00,-1.000000000000000000e+00,-1.000000000000000000e+00,-1.000000000000000000e+00,-1.000000000000000000e+00,-1.000000000000000000e+00,-1.000000000000000000e+00,-1.000000000000000000e+00,-1.000000000000000000e+00,-1.000000000000000000e+00,-1.000000000000000000e+00,-1.000000000000000000e+00,-1.000000000000000000e+00,-1.000000000000000000e+00,-1.000000000000000000e+00
-1.000000000000000000e+00,-1.000000000000000000e+00,-1.000000000000000000e+00,-1.000000000000000000e+00,-1.000000000000000000e+00,-1.000000000000000000e+00,-1.000000000000000000e+00,-1.000000000000000000e+00,-1.000000000000000000e+00,-1.000000000000000000e+00,-1.000000000000000000e+00,-1.000000000000000000e+00,-1.000000000000000000e+00,-1.000000000000000000e+00,-1.000000000000000000e+00,-1.000000000000000000e+00,-1.000000000000000000e+00,-1.000000000000000000e+00,-1.000000000000000000e+00,-1.000000000000000000e+00,-1.000000000000000000e+00,-1.000000000000000000e+00,-1.000000000000000000e+00,-1.000000000000000000e+00,-1.000000000000000000e+00,-1.000000000000000000e+00,-1.000000000000000000e+00,-1.000000000000000000e+00,-1.000000000000000000e+00,-1.000000000000000000e+00,-1.000000000000000000e+00,-1.000000000000000000e+00,-1.000000000000000000e+00,-1.000000000000000000e+00,-1.000000000000000000e+00,-1.000000000000000000e+00,-1.000000000000000000e+00,-1.000000000000000000e+00,-1.000000000000000000e+00,-1.000000000000000000e+00,-1.000000000000000000e+00,-1.000000000000000000e+00,-1.074264273628229294e+00,-1.074376460687243240e+00,-1.074709405621485203e+00,-1.075252396614837735e+00,-1.075987963217526655e+00,-1.076892218925217248e+00,-1.077934905229374074e+00,-1.079078787077525137e+00,-1.080278038621013570e+00,-1.081475310597456385e+00,-1.082597278209340486e+00,-1.083548645446547720e+00,-1.084204854100675242e+00,-1.084404159368406173e+00,-1.083940358271831439e+00,-1.082558383330945118e+00,-1.079956301250138528e+00,-1.075799053915061920e+00,-1.069751500526709975e+00,-1.061540605780058488e+00,-1.051057875377598094e+00,-1.038510648075714027e+00,-1.024618427850678692e+00,-1.010814687020378688e+00,-9.993273856386489795e-01,-9.928152013146205324e-01,-9.928152012903427304e-01,-9.993273855663813432e-01,-1.010814686903500625e+00,-1.024618427695376699e+00,-1.038510647886416338e+00,-1.051057875159375321e+00,-1.061540605542208082e+00,-1.069751500273903755e+00,-1.075799053652748860e+00,-1.079956300987171991e+00,-1.082558383068605190e+00,-1.083940358017454031e+00,-1.084404159125622380e+00,-1.084204853869488616e+00,-1.083548645237753849e+00,-1.082597278023730736e+00,-1.081475310443350990e+00,-1.080278038508424299e+00,-1.079078787008044271e+00,-1.077934905195103488e+00,-1.076892218949506486e+00,-1.075987963302162065e+00,-1.075252396708756386e+00,-1.074709405730640777e+00,-1.074376461030268404e+00,-1.074264273616312826e+00,-1.000000000000000000e+00,-1.000000000000000000e+00,-1.000000000000000000e+00,-1.000000000000000000e+00,-1.000000000000000000e+00,-1.000000000000000000e+00,-1.000000000000000000e+00,-1.000000000000000000e+00,-1.000000000000000000e+00,-1.000000000000000000e+00,-1.000000000000000000e+00,-1.000000000000000000e+00,-1.000000000000000000e+00,-1.000000000000000000e+00,-1.000000000000000000e+00,-1.000000000000000000e+00,-1.000000000000000000e+00,-1.000000000000000000e+00,-1.000000000000000000e+00,-1.000000000000000000e+00,-1.000000000000000000e+00,-1.000000000000000000e+00,-1.000000000000000000e+00,-1.000000000000000000e+00,-1.000000000000000000e+00,-1.000000000000000000e+00,-1.000000000000000000e+00,-1.000000000000000000e+00,-1.000000000000000000e+00,-1.000000000000000000e+00,-1.000000000000000000e+00,-1.000000000000000000e+00,-1.000000000000000000e+00,-1.000000000000000000e+00,-1.000000000000000000e+00,-1.000000000000000000e+00,-1.000000000000000000e+00,-1.000000000000000000e+00,-1.000000000000000000e+00,-1.000000000000000000e+00,-1.000000000000000000e+00,-1.000000000000000000e+00
-1.000000000000000000e+00,-1.000000000000000000e+00,-1.000000000000000000e+00,-1.000000000000000000e+00,-1.000000000000000000e+00,-1.000000000000000000e+00,-1.000000000000000000e+00,-1.000000000000000000e+00,-1.000000000000000000e+00,-1.000000000000000000e+00,-1.000000000000000000e+00,-1.000000000000000000e+00,-1.000000000000000000e+00,-1.000000000000000000e+00,-1.000000000000000000e+00,-1.000000000000000000e+00,-1.000000000000000000e+00,-1.000000000000000000e+00,-1.000000000000000000e+00,-1.000000000000000000e+00,-1.000000000000000000e+00,-1.000000000000000000e+00,-1.000000000000000000e+00,-1.000000000000000000e+00,-1.000000000000000000e+00,-1.000000000000000000e+00,-1.000000000000000000e+00,-1.000000000000000000e+00,-1.000000000000000000e+00,-1.000000000000000000e+00,-1.000000000000000000e+00,-1.000000000000000000e+00,-1.000000000000000000e+00,-1.000000000000000000e+00,-1.000000000000000000e+00,-1.000000000000000000e+00,-1.000000000000000000e+00,-1.000000000000000000e+00,-1.000000000000000000e+00,-1.000000000000000000e+00,-1.000000000000000000e+00,-1.000000000000000000e+00,-1.078380143518196554e+00,-1.078475486664405958e+00,-1.078758630329979873e+00,-1.079220983965448744e+00,-1.079848391005783448e+00,-1.080621178679183725e+00,-1.081513863449824475e+00,-1.082494215443885466e+00,-1.083521370184384436e+00,-1.084542715706350968e+00,-1.085489373364204813e+00,-1.086270248980012898e+00,-1.086764885565179695e+00,-1.086815747031466772e+00,-1.086221173244158678e+00,-1.084731159184818994e+00,-1.082049421669134093e+00,-1.077846992354088762e+00,-1.071794768662709396e+00,-1.063624710912510318e+00,-1.053230617845454686e+00,-1.040816970490881399e+00,-1.027092121598340180e+00,-1.013466942537575521e+00,-1.002134244780208405e+00,-9.957110809678345609e-01,-9.957110809448073141e-01,-1.002134244711200051e+00,-1.013466942425184980e+00,-1.027092121448802464e+00,-1.040816970308993783e+00,-1.053230617636110367e+00,-1.063624710684640373e+00,-1.071794768421650446e+00,-1.077846992106410884e+00,-1.082049421421481306e+00,-1.084731158937150219e+00,-1.086221173004642715e+00,-1.086815746801481408e+00,-1.086764885347031528e+00,-1.086270248785980996e+00,-1.085489373192680684e+00,-1.084542715569267068e+00,-1.083521370088908586e+00,-1.082494215387053815e+00,-1.081513863427116862e+00,-1.080621178709628705e+00,-1.079848391088173543e+00,-1.079220984064494848e+00,-1.078758630434601740e+00,-1.078475487011870904e+00,-1.078380143510821121e+00,-1.000000000000000000e+00,-1.000000000000000000e+00,-1.000000000000000000e+00,-1.000000000000000000e+00,-1.000000000000000000e+00,-1.000000000000000000e+00,-1.000000000000000000e+00,-1.000000000000000000e+00,-1.000000000000000000e+00,-1.000000000000000000e+00,-1.000000000000000000e+00,-1.000000000000000000e+00,-1.000000000000000000e+00,-1.000000000000000000e+00,-1.000000000000000000e+00,-1.000000000000000000e+00,-1.000000000000000000e+00,-1.000000000000000000e+00,-1.000000000000000000e+00,-1.000000000000000000e+00,-1.000000000000000000e+00,-1.000000000000000000e+00,-1.000000000000000000e+00,-1.000000000000000000e+00,-1.000000000000000000e+00,-1.000000000000000000e+00,-1.000000000000000000e+00,-1.000000000000000000e+00,-1.000000000000000000e+00,-1.000000000000000000e+00,-1.000000000000000000e+00,-1.000000000000000000e+00,-1.000000000000000000e+00,-1.000000000000000000e+00,-1.000000000000000000e+00,-1.000000000000000000e+00,-1.000000000000000000e+00,-1.000000000000000000e+00,-1.000000000000000000e+00,-1.000000000000000000e+00,-1.000000000000000000e+00,-1.000000000000000000e+00
-1.000000000000000000e+00,-1.000000000000000000e+00,-1.000000000000000000e+00,-1.000000000000000000e+00,-1.000000000000000000e+00,-1.000000000000000000e+00,-1.000000000000000000e+00,-1.000000000000000000e+00,-1.000000000000000000e+00,-1.000000000000000000e+00,-1.000000000000000000e+00,-1.000000000000000000e+00,-1.000000000000000000e+00,-1.000000000000000000e+00,-1.000000000000000000e+00,-1.000000000000000000e+00,-1.000000000000000000e+00,-1.000000000000000000e+00,-1.000000000000000000e+00,-1.000000000000000000e+00,-1.000000000000000000e+00,-1.000000000000000000e+00,-1.000000000000000000e+00,-1.000000000000000000e+00,-1.000000000000000000e+00,-1.000000000000000000e+00,-1.000000000000000000e+00,-1.000000000000000000e+00,-1.000000000000000000e+00,-1.000000000000000000e+00,-1.000000000000000000e+00,-1.000000000000000000e+00,-1.000000000000000000e+00,-1.000000000000000000e+00,-1.000000000000000000e+00,-1.000000000000000000e+00,-1.000000000000000000e+00,-1.000000000000000000e+00,-1.000000000000000000e+00,-1.000000000000000000e+00,-1.000000000000000000e+00,-1.000000000000000000e+00,-1.081863603173428778e+00,-1.081945888532273692e+00,-1.082190433723714040e+00,-1.082590316916577367e+00,-1.083133986272559746e+00,-1.083805077192012911e+00,-1.084581850227432920e+00,-1.085435996611234799e+00,-1.086330540245980636e+00,-1.087216594391017921e+00,-1.088028807268541787e+00,-1.088679473464954084e+00,-1.089051527672268094e+00,-1.088991022001438491e+00,-1.088300286954304807e+00,-1.086733875564253493e+00,-1.084000684463709785e+00,-1.079777398847275416e+00,-1.073740572441005403e+00,-1.065626880163040191e+00,-1.055332310552950181e+00,-1.043058666855395389e+00,-1.029503732565161478e+00,-1.016056851671270911e+00,-1.004877217721995120e+00,-9.985419045027680296e-01,-9.985419044807190003e-01,-1.004877217656003907e+00,-1.016056851563849284e+00,-1.029503732421817253e+00,-1.043058666681491164e+00,-1.055332310354889946e+00,-1.065626879948120775e+00,-1.073740572213869537e+00,-1.079777398615439310e+00,-1.084000684230971734e+00,-1.086733875331030719e+00,-1.088300286728735466e+00,-1.088991021783263236e+00,-1.089051527468781755e+00,-1.088679473287068156e+00,-1.088028807113510688e+00,-1.087216594272257142e+00,-1.086330540165267422e+00,-1.085435996563872685e+00,-1.084581850211565390e+00,-1.083805077223875424e+00,-1.083133986351468625e+00,-1.082590317022001258e+00,-1.082190433827839415e+00,-1.081945888885472717e+00,-1.081863603171987265e+00,-1.000000000000000000e+00,-1.000000000000000000e+00,-1.000000000000000000e+00,-1.000000000000000000e+00,-1.000000000000000000e+00,-1.000000000000000000e+00,-1.000000000000000000e+00,-1.000000000000000000e+00,-1.000000000000000000e+00,-1.000000000000000000e+00,-1.000000000000000000e+00,-1.000000000000000000e+00,-1.000000000000000000e+00,-1.000000000000000000e+00,-1.000000000000000000e+00,-1.000000000000000000e+00,-1.000000000000000000e+00,-1.000000000000000000e+00,-1.000000000000000000e+00,-1.000000000000000000e+00,-1.000000000000000000e+00,-1.000000000000000000e+00,-1.000000000000000000e+00,-1.000000000000000000e+00,-1.000000000000000000e+00,-1.000000000000000000e+00,-1.000000000000000000e+00,-1.000000000000000000e+00,-1.000000000000000000e+00,-1.000000000000000000e+00,-1.000000000000000000e+00,-1.000000000000000000e+00,-1.000000000000000000e+00,-1.000000000000000000e+00,-1.000000000000000000e+00,-1.000000000000000000e+00,-1.000000000000000000e+00,-1.000000000000000000e+00,-1.000000000000000000e+00,-1.000000000000000000e+00,-1.000000000000000000e+00,-1.000000000000000000e+00
-1.000000000000000000e+00,-1.000000000000000000e+00,-1.000000000000000000e+00,-1.000000000000000000e+00,-1.000000000000000000e+00,-1.000000000000000000e+00,-1.000000000000000000e+00,-1.000000000000000000e+00,-1.000000000000000000e+00,-1.000000000000000000e+00,-1.000000000000000000e+00,-1.000000000000000000e+00,-1.000000000000000000e+00,-1.000000000000000000e+00,-1.000000000000000000e+00,-1.000000000000000000e+00,-1.000000000000000000e+00,-1.000000000000000000e+00,-1.000000000000000000e+00,-1.000000000000000000e+00,-1.000000000000000000e+00,-1.000000000000000000e+00,-1.000000000000000000e+00,-1.000000000000000000e+00,-1.000000000000000000e+00,-1.000000000000000000e+00,-1.000000000000000000e+00,-1.000000000000000000e+00,-1.000000000000000000e+00,-1.000000000000000000e+00,-1.000000000000000000e+00,-1.000000000000000000e+00,-1.000000000000000000e+00,-1.000000000000000000e+00,-1.000000000000000000e+00,-1.000000000000000000e+00,-1.000000000000000000e+00,-1.000000000000000000e+00,-1.000000000000000000e+00,-1.000000000000000000e+00,-1.000000000000000000e+00,-1.000000000000000000e+00,-1.084855995473240631e+00,-1.084928192510825617e+00,-1.085142918878866380e+00,-1.085494547690619038e+00,-1.085973548414858270e+00,-1.086566124161538527e+00,-1.087253443737195013e+00,-1.088010250101364207e+00,-1.088802606483309621e+00,-1.089584562637970100e+00,-1.090293588392167168e+00,-1.090844751511120370e+00,-1.091123844331454151e+00,-1.090980036684354726e+00,-1.090219220448936266e+00,-1.088600098148317041e+00,-1.085836345878562037e+00,-1.081609912062454049e+00,-1.075602648980516163e+00,-1.067555670190929229e+00,-1.057367040390000623e+00,-1.045236045231607847e+00,-1.031850462610109709e+00,-1.018579183345282857e+00,-1.007549356044512567e+00,-1.001299817954875104e+00,-1.001299817933354319e+00,-1.007549355980776218e+00,-1.018579183242896979e+00,-1.031850462473770547e+00,-1.045236045066681330e+00,-1.057367040204757913e+00,-1.067555669990917222e+00,-1.075602648769147462e+00,-1.081609911846571626e+00,-1.085836345659088931e+00,-1.088600097928689614e+00,-1.090219220236654074e+00,-1.090980036478957027e+00,-1.091123844145280630e+00,-1.090844751350537933e+00,-1.090293588255430546e+00,-1.089584562536448198e+00,-1.088802606413038276e+00,-1.088010250059703310e+00,-1.087253443723899204e+00,-1.086566124193306226e+00,-1.085973548493292196e+00,-1.085494547806059362e+00,-1.085142918986440996e+00,-1.084928192868759744e+00,-1.084855995476160073e+00,-1.000000000000000000e+00,-1.000000000000000000e+00,-1.000000000000000000e+00,-1.000000000000000000e+00,-1.000000000000000000e+00,-1.000000000000000000e+00,-1.000000000000000000e+00,-1.000000000000000000e+00,-1.000000000000000000e+00,-1.000000000000000000e+00,-1.000000000000000000e+00,-1.000000000000000000e+00,-1.000000000000000000e+00,-1.000000000000000000e+00,-1.000000000000000000e+00,-1.000000000000000000e+00,-1.000000000000000000e+00,-1.000000000000000000e+00,-1.000000000000000000e+00,-1.000000000000000000e+00,-1.000000000000000000e+00,-1.000000000000000000e+00,-1.000000000000000000e+00,-1.000000000000000000e+00,-1.000000000000000000e+00,-1.000000000000000000e+00,-1.000000000000000000e+00,-1.000000000000000000e+00,-1.000000000000000000e+00,-1.000000000000000000e+00,-1.000000000000000000e+00,-1.000000000000000000e+00,-1.000000000000000000e+00,-1.000000000000000000e+00,-1.000000000000000000e+00,-1.000000000000000000e+00,-1.000000000000000000e+00,-1.000000000000000000e+00,-1.000000000000000000e+00,-1.000000000000000000e+00,-1.000000000000000000e+00,-1.000000000000000000e+00
-1.000000000000000000e+00,-1.000000000000000000e+00,-1.000000000000000000e+00,-1.000000000000000000e+00,-1.000000000000000000e+00,-1.000000000000000000e+00,-1.000000000000000000e+00,-1.000000000000000000e+00,-1.000000000000000000e+00,-1.000000000000000000e+00,-1.000000000000000000e+00,-1.000000000000000000e+00,-1.000000000000000000e+00,-1.000000000000000000e+00,-1.000000000000000000e+00,-1.000000000000000000e+00,-1.000000000000000000e+00,-1.000000000000000000e+00,-1.000000000000000000e+00,-1.000000000000000000e+00,-1.000000000000000000e+00,-1.000000000000000000e+00,-1.000000000000000000e+00,-1.000000000000000000e+00,-1.000000000000000000e+00,-1.000000000000000000e+00,-1.000000000000000000e+00,-1.000000000000000000e+00,-1.000000000000000000e+00,-1.000000000000000000e+00,-1.000000000000000000e+00,-1.000000000000000000e+00,-1.000000000000000000e+00,-1.000000000000000000e+00,-1.000000000000000000e+00,-1.000000000000000000e+00,-1.000000000000000000e+00,-1.000000000000000000e+00,-1.000000000000000000e+00,-1.000000000000000000e+00,-1.000000000000000000e+00,-1.000000000000000000e+00,-1.087460652668682304e+00,-1.087525078701665038e+00,-1.087716833772534031e+00,-1.088031283154512030e+00,-1.088460446177152541e+00,-1.088992497617383703e+00,-1.089610845340036605e+00,-1.090292592853583153e+00,-1.091006173497385268e+00,-1.091707957888349956e+00,-1.092337692223222190e+00,-1.092812744713879569e+00,-1.093021354899405662e+00,-1.092815443811105736e+00,-1.092004120600004624e+00,-1.090349896544774877e+00,-1.087570879004777336e+00,-1.083353927183464460e+00,-1.077385858676010333e+00,-1.069411961505640329e+00,-1.059332262868148744e+00,-1.047343681676836669e+00,-1.034124541133792707e+00,-1.021024348360499046e+00,-1.010139799978949426e+00,-1.003973295825131062e+00,-1.003973295803961330e+00,-1.010139799917098680e+00,-1.021024348263023018e+00,-1.034124541005306597e+00,-1.047343681522717285e+00,-1.059332262696837779e+00,-1.069411961320572590e+00,-1.077385858480530034e+00,-1.083353926982553839e+00,-1.087570878797083251e+00,-1.090349896338375757e+00,-1.092004120401311562e+00,-1.092815443621495186e+00,-1.093021354733248574e+00,-1.092812744570524242e+00,-1.092337692104259794e+00,-1.091707957799776807e+00,-1.091006173432594872e+00,-1.090292592814999573e+00,-1.089610845328005340e+00,-1.088992497652233604e+00,-1.088460446261092285e+00,-1.088031283283262374e+00,-1.087716833884435630e+00,-1.087525079059592725e+00,-1.087460652671429218e+00,-1.000000000000000000e+00,-1.000000000000000000e+00,-1.000000000000000000e+00,-1.000000000000000000e+00,-1.000000000000000000e+00,-1.000000000000000000e+00,-1.000000000000000000e+00,-1.000000000000000000e+00,-1.000000000000000000e+00,-1.000000000000000000e+00,-1.000000000000000000e+00,-1.000000000000000000e+00,-1.000000000000000000e+00,-1.000000000000000000e+00,-1.000000000000000000e+00,-1.000000000000000000e+00,-1.000000000000000000e+00,-1.000000000000000000e+00,-1.000000000000000000e+00,-1.000000000000000000e+00,-1.000000000000000000e+00,-1.000000000000000000e+00,-1.000000000000000000e+00,-1.000000000000000000e+00,-1.000000000000000000e+00,-1.000000000000000000e+00,-1.000000000000000000e+00,-1.000000000000000000e+00,-1.000000000000000000e+00,-1.000000000000000000e+00,-1.000000000000000000e+00,-1.000000000000000000e+00,-1.000000000000000000e+00,-1.000000000000000000e+00,-1.000000000000000000e+00,-1.000000000000000000e+00,-1.000000000000000000e+00,-1.000000000000000000e+00,-1.000000000000000000e+00,-1.000000000000000000e+00,-1.000000000000000000e+00,-1.000000000000000000e+00
-1.000000000000000000e+00,-1.000000000000000000e+00,-1.000000000000000000e+00,-1.000000000000000000e+00,-1.000000000000000000e+00,-1.000000000000000000e+00,-1.000000000000000000e+00,-1.000000000000000000e+00,-1.000000000000000000e+00,-1.000000000000000000e+00,-1.000000000000000000e+00,-1.000000000000000000e+00,-1.000000000000000000e+00,-1.000000000000000000e+00,-1.000000000000000000e+00,-1.000000000000000000e+00,-1.000000000000000000e+00,-1.000000000000000000e+00,-1.000000000000000000e+00,-1.000000000000000000e+00,-1.000000000000000000e+00,-1.000000000000000000e+00,-1.000000000000000000e+00,-1.000000000000000000e+00,-1.000000000000000000e+00,-1.000000000000000000e+00,-1.000000000000000000e+00,-1.000000000000000000e+00,-1.000000000000000000e+00,-1.000000000000000000e+00,-1.000000000000000000e+00,-1.000000000000000000e+00,-1.000000000000000000e+00,-1.000000000000000000e+00,-1.000000000000000000e+00,-1.000000000000000000e+00,-1.000000000000000000e+00,-1.000000000000000000e+00,-1.000000000000000000e+00,-1.000000000000000000e+00,-1.000000000000000000e+00,-1.000000000000000000e+00,-1.089753092446800187e+00,-1.089811544498724638e+00,-1.089985636190328400e+00,-1.090271484029337490e+00,-1.090662282619610624e+00,-1.091147705879216057e+00,-1.091712871855132327e+00,-1.092336700511544301e+00,-1.092989470941614139e+00,-1.093629394548497835e+00,-1.094198070180487647e+00,-1.094614798908343234e+00,-1.094769945505613906e+00,-1.094517888684904294e+00,-1.093670670340826323e+00,-1.091994318132567310e+00,-1.089211061483776888e+00,-1.085012348684326167e+00,-1.079089652113045750e+00,-1.071192184200359332e+00,-1.061221825710852773e+00,-1.049373275004293227e+00,-1.036315939883558412e+00,-1.023381001549310332e+00,-1.012636298053712469e+00,-1.006549615848831181e+00,-1.006549615828309152e+00,-1.012636297994484291e+00,-1.023381001457197126e+00,-1.036315939763610139e+00,-1.049373274862728689e+00,-1.061221825553966269e+00,-1.071192184028695760e+00,-1.079089651931550931e+00,-1.085012348496461110e+00,-1.089211061287953086e+00,-1.091994317940773618e+00,-1.093670670157144365e+00,-1.094517888514455306e+00,-1.094769945360294150e+00,-1.094614798780260800e+00,-1.094198070075917961e+00,-1.093629394466499205e+00,-1.092989470879090153e+00,-1.092336700476475908e+00,-1.091712871847564825e+00,-1.091147705923758426e+00,-1.090662282714352171e+00,-1.090271484170921124e+00,-1.089985636302369221e+00,-1.089811544848837244e+00,-1.089753092443937810e+00,-1.000000000000000000e+00,-1.000000000000000000e+00,-1.000000000000000000e+00,-1.000000000000000000e+00,-1.000000000000000000e+00,-1.000000000000000000e+00,-1.000000000000000000e+00,-1.000000000000000000e+00,-1.000000000000000000e+00,-1.000000000000000000e+00,-1.000000000000000000e+00,-1.000000000000000000e+00,-1.000000000000000000e+00,-1.000000000000000000e+00,-1.000000000000000000e+00,-1.000000000000000000e+00,-1.000000000000000000e+00,-1.000000000000000000e+00,-1.000000000000000000e+00,-1.000000000000000000e+00,-1.000000000000000000e+00,-1.000000000000000000e+00,-1.000000000000000000e+00,-1.000000000000000000e+00,-1.000000000000000000e+00,-1.000000000000000000e+00,-1.000000000000000000e+00,-1.000000000000000000e+00,-1.000000000000000000e+00,-1.000000000000000000e+00,-1.000000000000000000e+00,-1.000000000000000000e+00,-1.000000000000000000e+00,-1.000000000000000000e+00,-1.000000000000000000e+00,-1.000000000000000000e+00,-1.000000000000000000e+00,-1.000000000000000000e+00,-1.000000000000000000e+00,-1.000000000000000000e+00,-1.000000000000000000e+00,-1.000000000000000000e+00
-1.000000000000000000e+00,-1.000000000000000000e+00,-1.000000000000000000e+00,-1.000000000000000000e+00,-1.000000000000000000e+00,-1.000000000000000000e+00,-1.000000000000000000e+00,-1.000000000000000000e+00,-1.000000000000000000e+00,-1.000000000000000000e+00,-1.000000000000000000e+00,-1.000000000000000000e+00,-1.000000000000000000e+00,-1.000000000000000000e+00,-1.000000000000000000e+00,-1.000000000000000000e+00,-1.000000000000000000e+00,-1.000000000000000000e+00,-1.000000000000000000e+00,-1.000000000000000000e+00,-1.000000000000000000e+00,-1.000000000000000000e+00,-1.000000000000000000e+00,-1.000000000000000000e+00,-1.000000000000000000e+00,-1.000000000000000000e+00,-1.000000000000000000e+00,-1.000000000000000000e+00,-1.000000000000000000e+00,-1.000000000000000000e+00,-1.000000000000000000e+00,-1.000000000000000000e+00,-1.000000000000000000e+00,-1.000000000000000000e+00,-1.000000000000000000e+00,-1.000000000000000000e+00,-1.000000000000000000e+00,-1.000000000000000000e+00,-1.000000000000000000e+00,-1.000000000000000000e+00,-1.000000000000000000e+00,-1.000000000000000000e+00,-1.091788643004831361e+00,-1.091842504743681719e+00,-1.092003018971728245e+00,-1.092266864917673663e+00,-1.092628119566000366e+00,-1.093077586874439122e+00,-1.093601682498928529e+00,-1.094180719036654592e+00,-1.094786413392410562e+00,-1.095378444338048984e+00,-1.095899932931241549e+00,-1.096271824084305457e+00,-1.096386350278749866e+00,-1.096100106564327881e+00,-1.095227825466215110e+00,-1.093538793741766435e+00,-1.090759083309442712e+00,-1.086584434927972076e+00,-1.080710685532096704e+00,-1.072890736196067119e+00,-1.063028218732028130e+00,-1.051315753979356060e+00,-1.038414360854578167e+00,-1.025637933522367984e+00,-1.015027028754147853e+00,-1.009016642829935417e+00,-1.009016642810798725e+00,-1.015027028699494460e+00,-1.025637933437259175e+00,-1.038414360743737719e+00,-1.051315753850345924e+00,-1.063028218588354834e+00,-1.072890736035926329e+00,-1.080710685362219925e+00,-1.086584434751070694e+00,-1.090759083127334828e+00,-1.093538793567675027e+00,-1.095227825299750934e+00,-1.096100106414658271e+00,-1.096386350151319800e+00,-1.096271823967565728e+00,-1.095899932836081225e+00,-1.095378444257508743e+00,-1.094786413333174835e+00,-1.094180719009078873e+00,-1.093601682502289840e+00,-1.093077586934648737e+00,-1.092628119671996689e+00,-1.092266865065944614e+00,-1.092003019075525216e+00,-1.091842505078394865e+00,-1.091788642993559710e+00,-1.000000000000000000e+00,-1.000000000000000000e+00,-1.000000000000000000e+00,-1.000000000000000000e+00,-1.000000000000000000e+00,-1.000000000000000000e+00,-1.000000000000000000e+00,-1.000000000000000000e+00,-1.000000000000000000e+00,-1.000000000000000000e+00,-1.000000000000000000e+00,-1.000000000000000000e+00,-1.000000000000000000e+00,-1.000000000000000000e+00,-1.000000000000000000e+00,-1.000000000000000000e+00,-1.000000000000000000e+00,-1.000000000000000000e+00,-1.000000000000000000e+00,-1.000000000000000000e+00,-1.000000000000000000e+00,-1.000000000000000000e+00,-1.000000000000000000e+00,-1.000000000000000000e+00,-1.000000000000000000e+00,-1.000000000000000000e+00,-1.000000000000000000e+00,-1.000000000000000000e+00,-1.000000000000000000e+00,-1.000000000000000000e+00,-1.000000000000000000e+00,-1.000000000000000000e+00,-1.000000000000000000e+00,-1.000000000000000000e+00,-1.000000000000000000e+00,-1.000000000000000000e+00,-1.000000000000000000e+00,-1.000000000000000000e+00,-1.000000000000000000e+00,-1.000000000000000000e+00,-1.000000000000000000e+00,-1.000000000000000000e+00
-1.000000000000000000e+00,-1.000000000000000000e+00,-1.000000000000000000e+00,-1.000000000000000000e+00,-1.000000000000000000e+00,-1.000000000000000000e+00,-1.000000000000000000e+00,-1.000000000000000000e+00,-1.000000000000000000e+00,-1.000000000000000000e+00,-1.000000000000000000e+00,-1.000000000000000000e+00,-1.000000000000000000e+00,-1.000000000000000000e+00,-1.000000000000000000e+00,-1.000000000000000000e+00,-1.000000000000000000e+00,-1.000000000000000000e+00,-1.000000000000000000e+00,-1.000000000000000000e+00,-1.000000000000000000e+00,-1.000000000000000000e+00,-1.000000000000000000e+00,-1.000000000000000000e+00,-1.000000000000000000e+00,-1.000000000000000000e+00,-1.000000000000000000e+00,-1.000000000000000000e+00,-1.000000000000000000e+00,-1.000000000000000000e+00,-1.000000000000000000e+00,-1.000000000000000000e+00,-1.000000000000000000e+00,-1.000000000000000000e+00,-1.000000000000000000e+00,-1.000000000000000000e+00,-1.000000000000000000e+00,-1.000000000000000000e+00,-1.000000000000000000e+00,-1.000000000000000000e+00,-1.000000000000000000e+00,-1.000000000000000000e+00,-1.093608102952716710e+00,-1.093658431895729422e+00,-1.093808491082600920e+00,-1.094055377278298602e+00,-1.094393824294451756e+00,-1.094815481893744558e+00,-1.095307745576863612e+00,-1.095851993926446610e+00,-1.096421066669042821e+00,-1.096975820421495662e+00,-1.097460640049630731e+00,-1.097797884719518224e+00,-1.097881444849725163e+00,-1.097569928582433407e+00,-1.096680547927149751e+00,-1.094985617657851185e+00,-1.092214795765245938e+00,-1.088067839677981041e+00,-1.082244678666443916e+00,-1.074501680242371027e+00,-1.064744131309289132e+00,-1.053162714982256221e+00,-1.040410572913593068e+00,-1.027785325599439359e+00,-1.017301796024082883e+00,-1.011363992226196551e+00,-1.011363992209258988e+00,-1.017301795976108814e+00,-1.027785325523563387e+00,-1.040410572812634271e+00,-1.053162714863709049e+00,-1.064744131175297426e+00,-1.074501680092349032e+00,-1.082244678507535918e+00,-1.088067839511595247e+00,-1.092214795599464550e+00,-1.094985617503911657e+00,-1.096680547779437020e+00,-1.097569928452290844e+00,-1.097881444733776801e+00,-1.097797884609509778e+00,-1.097460639959709772e+00,-1.096975820341994368e+00,-1.096421066618953111e+00,-1.095851993912072331e+00,-1.095307745597098315e+00,-1.094815481970157878e+00,-1.094393824405269555e+00,-1.094055377422780140e+00,-1.093808491169723229e+00,-1.093658432212171183e+00,-1.093608102935819781e+00,-1.000000000000000000e+00,-1.000000000000000000e+00,-1.000000000000000000e+00,-1.000000000000000000e+00,-1.000000000000000000e+00,-1.000000000000000000e+00,-1.000000000000000000e+00,-1.000000000000000000e+00,-1.000000000000000000e+00,-1.000000000000000000e+00,-1.000000000000000000e+00,-1.000000000000000000e+00,-1.000000000000000000e+00,-1.000000000000000000e+00,-1.000000000000000000e+00,-1.000000000000000000e+00,-1.000000000000000000e+00,-1.000000000000000000e+00,-1.000000000000000000e+00,-1.000000000000000000e+00,-1.000000000000000000e+00,-1.000000000000000000e+00,-1.000000000000000000e+00,-1.000000000000000000e+00,-1.000000000000000000e+00,-1.000000000000000000e+00,-1.000000000000000000e+00,-1.000000000000000000e+00,-1.000000000000000000e+00,-1.000000000000000000e+00,-1.000000000000000000e+00,-1.000000000000000000e+00,-1.000000000000000000e+00,-1.000000000000000000e+00,-1.000000000000000000e+00,-1.000000000000000000e+00,-1.000000000000000000e+00,-1.000000000000000000e+00,-1.000000000000000000e+00,-1.000000000000000000e+00,-1.000000000000000000e+00,-1.000000000000000000e+00
-1.000000000000000000e+00,-1.000000000000000000e+00,-1.000000000000000000e+00,-1.000000000000000000e+00,-1.000000000000000000e+00,-1.000000000000000000e+00,-1.000000000000000000e+00,-1.000000000000000000e+00,-1.000000000000000000e+00,-1.000000000000000000e+00,-1.000000000000000000e+00,-1.000000000000000000e+00,-1.000000000000000000e+00,-1.000000000000000000e+00,-1.000000000000000000e+00,-1.000000000000000000e+00,-1.000000000000000000e+00,-1.000000000000000000e+00,-1.000000000000000000e+00,-1.000000000000000000e+00,-1.000000000000000000e+00,-1.000000000000000000e+00,-1.000000000000000000e+00,-1.000000000000000000e+00,-1.000000000000000000e+00,-1.000000000000000000e+00,-1.000000000000000000e+00,-1.000000000000000000e+00,-1.000000000000000000e+00,-1.000000000000000000e+00,-1.000000000000000000e+00,-1.000000000000000000e+00,-1.000000000000000000e+00,-1.000000000000000000e+00,-1.000000000000000000e+00,-1.000000000000000000e+00,-1.000000000000000000e+00,-1.000000000000000000e+00,-1.000000000000000000e+00,-1.000000000000000000e+00,-1.000000000000000000e+00,-1.000000000000000000e+00,-1.095241907460044573e+00,-1.095289506047537831e+00,-1.095431479494519467e+00,-1.095665231949835228e+00,-1.095985982843574291e+00,-1.096386011810176697e+00,-1.096853452421233222e+00,-1.097370500053034270e+00,-1.097910875796171526e+00,-1.098436390304067922e+00,-1.098892489605433953e+00,-1.099202762889919471e+00,-1.099262584720171798e+00,-1.098932401595090536e+00,-1.098031717206110258e+00,-1.096335663575446429e+00,-1.093577247106943151e+00,-1.089459983853354519e+00,-1.083687639287395532e+00,-1.076019837695861847e+00,-1.066363431177197008e+00,-1.054907300934990078e+00,-1.042297205831471674e+00,-1.029815474939952402e+00,-1.019452704281639477e+00,-1.013583678328179749e+00,-1.013583678313683789e+00,-1.019452704240558116e+00,-1.029815474873953640e+00,-1.042297205741402610e+00,-1.054907300824972083e+00,-1.066363431048810595e+00,-1.076019837554618386e+00,-1.083687639140390901e+00,-1.089459983699981649e+00,-1.093577246960247384e+00,-1.096335663440956010e+00,-1.098031717075932168e+00,-1.098932401480204879e+00,-1.099262584608678095e+00,-1.099202762784158960e+00,-1.098892489519785132e+00,-1.098436390230876913e+00,-1.097910875763323135e+00,-1.097370500055725007e+00,-1.096853452459409572e+00,-1.096386011895388979e+00,-1.095985982947918602e+00,-1.095665232080480056e+00,-1.095431479562199328e+00,-1.095289506350356712e+00,-1.095241907445810847e+00,-1.000000000000000000e+00,-1.000000000000000000e+00,-1.000000000000000000e+00,-1.000000000000000000e+00,-1.000000000000000000e+00,-1.000000000000000000e+00,-1.000000000000000000e+00,-1.000000000000000000e+00,-1.000000000000000000e+00,-1.000000000000000000e+00,-1.000000000000000000e+00,-1.000000000000000000e+00,-1.000000000000000000e+00,-1.000000000000000000e+00,-1.000000000000000000e+00,-1.000000000000000000e+00,-1.000000000000000000e+00,-1.000000000000000000e+00,-1.000000000000000000e+00,-1.000000000000000000e+00,-1.000000000000000000e+00,-1.000000000000000000e+00,-1.000000000000000000e+00,-1.000000000000000000e+00,-1.000000000000000000e+00,-1.000000000000000000e+00,-1.000000000000000000e+00,-1.000000000000000000e+00,-1.000000000000000000e+00,-1.000000000000000000e+00,-1.000000000000000000e+00,-1.000000000000000000e+00,-1.000000000000000000e+00,-1.000000000000000000e+00,-1.000000000000000000e+00,-1.000000000000000000e+00,-1.000000000000000000e+00,-1.000000000000000000e+00,-1.000000000000000000e+00,-1.000000000000000000e+00,-1.000000000000000000e+00,-1.000000000000000000e+00
-1.000000000000000000e+00,-1.000000000000000000e+00,-1.000000000000000000e+00,-1.000000000000000000e+00,-1.000000000000000000e+00,-1.000000000000000000e+00,-1.000000000000000000e+00,-1.000000000000000000e+00,-1.000000000000000000e+00,-1.000000000000000000e+00,-1.000000000000000000e+00,-1.000000000000000000e+00,-1.000000000000000000e+00,-1.000000000000000000e+00,-1.000000000000000000e+00,-1.000000000000000000e+00,-1.000000000000000000e+00,-1.000000000000000000e+00,-1.000000000000000000e+00,-1.000000000000000000e+00,-1.000000000000000000e+00,-1.000000000000000000e+00,-1.000000000000000000e+00,-1.000000000000000000e+00,-1.000000000000000000e+00,-1.000000000000000000e+00,-1.000000000000000000e+00,-1.000000000000000000e+00,-1.000000000000000000e+00,-1.000000000000000000e+00,-1.000000000000000000e+00,-1.000000000000000000e+00,-1.000000000000000000e+00,-1.000000000000000000e+00,-1.000000000000000000e+00,-1.000000000000000000e+00,-1.000000000000000000e+00,-1.000000000000000000e+00,-1.000000000000000000e+00,-1.000000000000000000e+00,-1.000000000000000000e+00,-1.000000000000000000e+00,-1.096713165341063334e+00,-1.096758638542459252e+00,-1.096894312736821808e+00,-1.097117817054021005e+00,-1.097424728329993382e+00,-1.097807794094698419e+00,-1.098255704106260611e+00,-1.098751282195814527e+00,-1.099268946890076926e+00,-1.099771290198958029e+00,-1.100204659776350402e+00,-1.100493725441297421e+00,-1.100535199629469885e+00,-1.100191214356948999e+00,-1.099283395444354605e+00,-1.097589497828957761e+00,-1.094845654507696775e+00,-1.090758897707756470e+00,-1.085036587550677778e+00,-1.077441406986702654e+00,-1.067881688764823922e+00,-1.056544643108879411e+00,-1.044069121440843295e+00,-1.031723108133549616e+00,-1.021474430103220365e+00,-1.015670363535584597e+00,-1.015670363523537345e+00,-1.021474430067480288e+00,-1.031723108074798168e+00,-1.044069121360696739e+00,-1.056544643006974038e+00,-1.067881688641347138e+00,-1.077441406854003469e+00,-1.085036587416326803e+00,-1.090758897571199482e+00,-1.094845654381849442e+00,-1.097589497709679174e+00,-1.099283395327116830e+00,-1.100191214250759275e+00,-1.100535199518360541e+00,-1.100493725342144957e+00,-1.100204659698441834e+00,-1.099771290140917568e+00,-1.099268946879856435e+00,-1.098751282213856761e+00,-1.098255704156028578e+00,-1.097807794175253093e+00,-1.097424728417616180e+00,-1.097117817167341025e+00,-1.096894312791776738e+00,-1.096758638842371347e+00,-1.096713165339245677e+00,-1.000000000000000000e+00,-1.000000000000000000e+00,-1.000000000000000000e+00,-1.000000000000000000e+00,-1.000000000000000000e+00,-1.000000000000000000e+00,-1.000000000000000000e+00,-1.000000000000000000e+00,-1.000000000000000000e+00,-1.000000000000000000e+00,-1.000000000000000000e+00,-1.000000000000000000e+00,-1.000000000000000000e+00,-1.000000000000000000e+00,-1.000000000000000000e+00,-1.000000000000000000e+00,-1.000000000000000000e+00,-1.000000000000000000e+00,-1.000000000000000000e+00,-1.000000000000000000e+00,-1.000000000000000000e+00,-1.000000000000000000e+00,-1.000000000000000000e+00,-1.000000000000000000e+00,-1.000000000000000000e+00,-1.000000000000000000e+00,-1.000000000000000000e+00,-1.000000000000000000e+00,-1.000000000000000000e+00,-1.000000000000000000e+00,-1.000000000000000000e+00,-1.000000000000000000e+00,-1.000000000000000000e+00,-1.000000000000000000e+00,-1.000000000000000000e+00,-1.000000000000000000e+00,-1.000000000000000000e+00,-1.000000000000000000e+00,-1.000000000000000000e+00,-1.000000000000000000e+00,-1.000000000000000000e+00,-1.000000000000000000e+00
-1.000000000000000000e+00,-1.000000000000000000e+00,-1.000000000000000000e+00,-1.000000000000000000e+00,-1.000000000000000000e+00,-1.000000000000000000e+00,-1.000000000000000000e+00,-1.000000000000000000e+00,-1.000000000000000000e+00,-1.000000000000000000e+00,-1.000000000000000000e+00,-1.000000000000000000e+00,-1.000000000000000000e+00,-1.000000000000000000e+00,-1.000000000000000000e+00,-1.000000000000000000e+00,-1.000000000000000000e+00,-1.000000000000000000e+00,-1.000000000000000000e+00,-1.000000000000000000e+00,-1.000000000000000000e+00,-1.000000000000000000e+00,-1.000000000000000000e+00,-1.000000000000000000e+00,-1.000000000000000000e+00,-1.000000000000000000e+00,-1.000000000000000000e+00,-1.000000000000000000e+00,-1.000000000000000000e+00,-1.000000000000000000e+00,-1.000000000000000000e+00,-1.000000000000000000e+00,-1.000000000000000000e+00,-1.000000000000000000e+00,-1.000000000000000000e+00,-1.000000000000000000e+00,-1.000000000000000000e+00,-1.000000000000000000e+00,-1.000000000000000000e+00,-1.000000000000000000e+00,-1.000000000000000000e+00,-1.000000000000000000e+00,-1.098039848289581899e+00,-1.098083649862451106e+00,-1.098214365112455182e+00,-1.098429787309922245e+00,-1.098725755873206200e+00,-1.099095366125439011e+00,-1.099527728556708883e+00,-1.100006154225622534e+00,-1.100505619642205168e+00,-1.100989364943562032e+00,-1.101404513097546278e+00,-1.101676692031096971e+00,-1.101703827133981184e+00,-1.101349600365354453e+00,-1.100437604931105318e+00,-1.098748038217133294e+00,-1.096019951880788268e+00,-1.091963665956459550e+00,-1.086289907085574269e+00,-1.078764229457876533e+00,-1.069296366591607761e+00,-1.058071982985618664e+00,-1.045723477343160290e+00,-1.033505397345900301e+00,-1.023364203695634078e+00,-1.017621321297921488e+00,-1.017621321288804781e+00,-1.023364203664463679e+00,-1.033505397290412464e+00,-1.045723477268096113e+00,-1.058071982890698592e+00,-1.069296366477196614e+00,-1.078764229337408898e+00,-1.086289906964557073e+00,-1.091963665838087572e+00,-1.096019951773417045e+00,-1.098748038106564850e+00,-1.100437604821264292e+00,-1.101349600261904316e+00,-1.101703827024946847e+00,-1.101676691945788322e+00,-1.101404513033670485e+00,-1.100989364908249613e+00,-1.100505619652334843e+00,-1.100006154250281476e+00,-1.099527728605913746e+00,-1.099095366188412859e+00,-1.098725755942093540e+00,-1.098429787412732228e+00,-1.098214365169480899e+00,-1.098083650170196934e+00,-1.098039848305090604e+00,-1.000000000000000000e+00,-1.000000000000000000e+00,-1.000000000000000000e+00,-1.000000000000000000e+00,-1.000000000000000000e+00,-1.000000000000000000e+00,-1.000000000000000000e+00,-1.000000000000000000e+00,-1.000000000000000000e+00,-1.000000000000000000e+00,-1.000000000000000000e+00,-1.000000000000000000e+00,-1.000000000000000000e+00,-1.000000000000000000e+00,-1.000000000000000000e+00,-1.000000000000000000e+00,-1.000000000000000000e+00,-1.000000000000000000e+00,-1.000000000000000000e+00,-1.000000000000000000e+00,-1.000000000000000000e+00,-1.000000000000000000e+00,-1.000000000000000000e+00,-1.000000000000000000e+00,-1.000000000000000000e+00,-1.000000000000000000e+00,-1.000000000000000000e+00,-1.000000000000000000e+00,-1.000000000000000000e+00,-1.000000000000000000e+00,-1.000000000000000000e+00,-1.000000000000000000e+00,-1.000000000000000000e+00,-1.000000000000000000e+00,-1.000000000000000000e+00,-1.000000000000000000e+00,-1.000000000000000000e+00,-1.000000000000000000e+00,-1.000000000000000000e+00,-1.000000000000000000e+00,-1.000000000000000000e+00,-1.000000000000000000e+00
-1.000000000000000000e+00,-1.000000000000000000e+00,-1.000000000000000000e+00,-1.000000000000000000e+00,-1.000000000000000000e+00,-1.000000000000000000e+00,-1.000000000000000000e+00,-1.000000000000000000e+00,-1.000000000000000000e+00,-1.000000000000000000e+00,-1.000000000000000000e+00,-1.000000000000000000e+00,-1.000000000000000000e+00,-1.000000000000000000e+00,-1.000000000000000000e+00,-1.000000000000000000e+00,-1.000000000000000000e+00,-1.000000000000000000e+00,-1.000000000000000000e+00,-1.000000000000000000e+00,-1.000000000000000000e+00,-1.000000000000000000e+00,-1.000000000000000000e+00,-1.000000000000000000e+00,-1.000000000000000000e+00,-1.000000000000000000e+00,-1.000000000000000000e+00,-1.000000000000000000e+00,-1.000000000000000000e+00,-1.000000000000000000e+00,-1.000000000000000000e+00,-1.000000000000000000e+00,-1.000000000000000000e+00,-1.000000000000000000e+00,-1.000000000000000000e+00,-1.000000000000000000e+00,-1.000000000000000000e+00,-1.000000000000000000e+00,-1.000000000000000000e+00,-1.000000000000000000e+00,-1.000000000000000000e+00,-1.000000000000000000e+00,-1.099236348562418364e+00,-1.099278817762658900e+00,-1.099405576552252350e+00,-1.099614537952672944e+00,-1.099901734618860205e+00,-1.100260521515520562e+00,-1.100680329840991512e+00,-1.101144852603651136e+00,-1.101629518811547914e+00,-1.102098113672458579e+00,-1.102498434664491045e+00,-1.102756966102702574e+00,-1.102772738198223301e+00,-1.102410861240333384e+00,-1.101496753516428617e+00,-1.099812886524700550e+00,-1.097101035208011277e+00,-1.093074592038472792e+00,-1.087447434578825645e+00,-1.079987810805147719e+00,-1.070606779203815861e+00,-1.059488577535508957e+00,-1.047259584895881890e+00,-1.035161779502149493e+00,-1.025121599742589984e+00,-1.019436211813670390e+00,-1.019436211806136194e+00,-1.025121599714032383e+00,-1.035161779448040775e+00,-1.047259584821844669e+00,-1.059488577445508284e+00,-1.070606779103415507e+00,-1.079987810702563777e+00,-1.087447434472297303e+00,-1.093074591935510931e+00,-1.097101035111089695e+00,-1.099812886416531743e+00,-1.101496753411477902e+00,-1.102410861138475306e+00,-1.102772738099194072e+00,-1.102756966039214692e+00,-1.102498434618849332e+00,-1.102098113660512579e+00,-1.101629518830402388e+00,-1.101144852622436554e+00,-1.100680329878188646e+00,-1.100260521557084425e+00,-1.099901734679095355e+00,-1.099614538059802582e+00,-1.099405576626615533e+00,-1.099278818081070419e+00,-1.099236348590511891e+00,-1.000000000000000000e+00,-1.000000000000000000e+00,-1.000000000000000000e+00,-1.000000000000000000e+00,-1.000000000000000000e+00,-1.000000000000000000e+00,-1.000000000000000000e+00,-1.000000000000000000e+00,-1.000000000000000000e+00,-1.000000000000000000e+00,-1.000000000000000000e+00,-1.000000000000000000e+00,-1.000000000000000000e+00,-1.000000000000000000e+00,-1.000000000000000000e+00,-1.000000000000000000e+00,-1.000000000000000000e+00,-1.000000000000000000e+00,-1.000000000000000000e+00,-1.000000000000000000e+00,-1.000000000000000000e+00,-1.000000000000000000e+00,-1.000000000000000000e+00,-1.000000000000000000e+00,-1.000000000000000000e+00,-1.000000000000000000e+00,-1.000000000000000000e+00,-1.000000000000000000e+00,-1.000000000000000000e+00,-1.000000000000000000e+00,-1.000000000000000000e+00,-1.000000000000000000e+00,-1.000000000000000000e+00,-1.000000000000000000e+00,-1.000000000000000000e+00,-1.000000000000000000e+00,-1.000000000000000000e+00,-1.000000000000000000e+00,-1.000000000000000000e+00,-1.000000000000000000e+00,-1.000000000000000000e+00,-1.000000000000000000e+00
-1.000000000000000000e+00,-1.000000000000000000e+00,-1.000000000000000000e+00,-1.000000000000000000e+00,-1.000000000000000000e+00,-1.000000000000000000e+00,-1.000000000000000000e+00,-1.000000000000000000e+00,-1.000000000000000000e+00,-1.000000000000000000e+00,-1.000000000000000000e+00,-1.000000000000000000e+00,-1.000000000000000000e+00,-1.000000000000000000e+00,-1.000000000000000000e+00,-1.000000000000000000e+00,-1.000000000000000000e+00,-1.000000000000000000e+00,-1.000000000000000000e+00,-1.000000000000000000e+00,-1.000000000000000000e+00,-1.000000000000000000e+00,-1.000000000000000000e+00,-1.000000000000000000e+00,-1.000000000000000000e+00,-1.000000000000000000e+00,-1.000000000000000000e+00,-1.000000000000000000e+00,-1.000000000000000000e+00,-1.000000000000000000e+00,-1.000000000000000000e+00,-1.000000000000000000e+00,-1.000000000000000000e+00,-1.000000000000000000e+00,-1.000000000000000000e+00,-1.000000000000000000e+00,-1.000000000000000000e+00,-1.000000000000000000e+00,-1.000000000000000000e+00,-1.000000000000000000e+00,-1.000000000000000000e+00,-1.000000000000000000e+00,-1.100314570948632609e+00,-1.100355961273500327e+00,-1.100479513059994252e+00,-1.100683227025459621e+00,-1.100963278836555093e+00,-1.101313218937817640e+00,-1.101722725847821049e+00,-1.102175796304881938e+00,-1.102648231969738379e+00,-1.103104282946454795e+00,-1.103492339924656118e+00,-1.103739658047487193e+00,-1.103746277582656310e+00,-1.103378627087618247e+00,-1.102463818389989969e+00,-1.100786439672978956e+00,-1.098090805398366454e+00,-1.094093177291266983e+00,-1.088510380050711879e+00,-1.081113187363353267e+00,-1.071813910504257006e+00,-1.060795472846455922e+00,-1.048678644886789968e+00,-1.036693660729244959e+00,-1.026748219000930940e+00,-1.021116751412173729e+00,-1.021116751400985345e+00,-1.026748218967815207e+00,-1.036693660676642592e+00,-1.048678644816881000e+00,-1.060795472763024216e+00,-1.071813910419149529e+00,-1.081113187279122201e+00,-1.088510379958302909e+00,-1.094093177199013223e+00,-1.098090805302614381e+00,-1.100786439564533703e+00,-1.102463818291856468e+00,-1.103378626991935230e+00,-1.103746277504145779e+00,-1.103739658008374258e+00,-1.103492339894933449e+00,-1.103104282949410653e+00,-1.102648231980675630e+00,-1.102175796309078581e+00,-1.101722725870119435e+00,-1.101313218967777674e+00,-1.100963278906547993e+00,-1.100683227150891286e+00,-1.100479513157038625e+00,-1.100355961592730747e+00,-1.100314570975426509e+00,-1.000000000000000000e+00,-1.000000000000000000e+00,-1.000000000000000000e+00,-1.000000000000000000e+00,-1.000000000000000000e+00,-1.000000000000000000e+00,-1.000000000000000000e+00,-1.000000000000000000e+00,-1.000000000000000000e+00,-1.000000000000000000e+00,-1.000000000000000000e+00,-1.000000000000000000e+00,-1.000000000000000000e+00,-1.000000000000000000e+00,-1.000000000000000000e+00,-1.000000000000000000e+00,-1.000000000000000000e+00,-1.000000000000000000e+00,-1.000000000000000000e+00,-1.000000000000000000e+00,-1.000000000000000000e+00,-1.000000000000000000e+00,-1.000000000000000000e+00,-1.000000000000000000e+00,-1.000000000000000000e+00,-1.000000000000000000e+00,-1.000000000000000000e+00,-1.000000000000000000e+00,-1.000000000000000000e+00,-1.000000000000000000e+00,-1.000000000000000000e+00,-1.000000000000000000e+00,-1.000000000000000000e+00,-1.000000000000000000e+00,-1.000000000000000000e+00,-1.000000000000000000e+00,-1.000000000000000000e+00,-1.000000000000000000e+00,-1.000000000000000000e+00,-1.000000000000000000e+00,-1.000000000000000000e+00,-1.000000000000000000e+00
-1.000000000000000000e+00,-1.000000000000000000e+00,-1.000000000000000000e+00,-1.000000000000000000e+00,-1.000000000000000000e+00,-1.000000000000000000e+00,-1.000000000000000000e+00,-1.000000000000000000e+00,-1.000000000000000000e+00,-1.000000000000000000e+00,-1.000000000000000000e+00,-1.000000000000000000e+00,-1.000000000000000000e+00,-1.000000000000000000e+00,-1.000000000000000000e+00,-1.000000000000000000e+00,-1.000000000000000000e+00,-1.000000000000000000e+00,-1.000000000000000000e+00,-1.000000000000000000e+00,-1.000000000000000000e+00,-1.000000000000000000e+00,-1.000000000000000000e+00,-1.000000000000000000e+00,-1.000000000000000000e+00,-1.000000000000000000e+00,-1.000000000000000000e+00,-1.000000000000000000e+00,-1.000000000000000000e+00,-1.000000000000000000e+00,-1.000000000000000000e+00,-1.000000000000000000e+00,-1.000000000000000000e+00,-1.000000000000000000e+00,-1.000000000000000000e+00,-1.000000000000000000e+00,-1.000000000000000000e+00,-1.000000000000000000e+00,-1.000000000000000000e+00,-1.000000000000000000e+00,-1.000000000000000000e+00,-1.000000000000000000e+00,-1.101284685538522101e+00,-1.101325186910185439e+00,-1.101446093554581784e+00,-1.101645470924909498e+00,-1.101919601601454746e+00,-1.102262185087365287e+00,-1.102663093577568532e+00,-1.103106569429704198e+00,-1.103568726258895794e+00,-1.104014216118993419e+00,-1.104391956485756721e+00,-1.104629900382166241e+00,-1.104629014155218192e+00,-1.104256944318894318e+00,-1.103342374228031497e+00,-1.101671861324722279e+00,-1.098992086700799398e+00,-1.095021989683167885e+00,-1.089481149532012028e+00,-1.082142706444558788e+00,-1.072920155581724933e+00,-1.061995211476189027e+00,-1.049983424857664049e+00,-1.038104068907726774e+00,-1.028247322696075994e+00,-1.022666337236470824e+00,-1.022666337219330535e+00,-1.028247322654690876e+00,-1.038104068856696705e+00,-1.049983424796747444e+00,-1.061995211404266781e+00,-1.072920155510224793e+00,-1.082142706372210883e+00,-1.089481149449967878e+00,-1.095021989597412926e+00,-1.098992086601906726e+00,-1.101671861219305049e+00,-1.103342374141009774e+00,-1.104256944236261306e+00,-1.104629014103944540e+00,-1.104629900360825090e+00,-1.104391956463386171e+00,-1.104014216122999326e+00,-1.103568726249134491e+00,-1.103106569421431260e+00,-1.102663093593685639e+00,-1.102262185125004734e+00,-1.101919601697010309e+00,-1.101645471071129201e+00,-1.101446093663637660e+00,-1.101325187210858036e+00,-1.101284685548291620e+00,-1.000000000000000000e+00,-1.000000000000000000e+00,-1.000000000000000000e+00,-1.000000000000000000e+00,-1.000000000000000000e+00,-1.000000000000000000e+00,-1.000000000000000000e+00,-1.000000000000000000e+00,-1.000000000000000000e+00,-1.000000000000000000e+00,-1.000000000000000000e+00,-1.000000000000000000e+00,-1.000000000000000000e+00,-1.000000000000000000e+00,-1.000000000000000000e+00,-1.000000000000000000e+00,-1.000000000000000000e+00,-1.000000000000000000e+00,-1.000000000000000000e+00,-1.000000000000000000e+00,-1.000000000000000000e+00,-1.000000000000000000e+00,-1.000000000000000000e+00,-1.000000000000000000e+00,-1.000000000000000000e+00,-1.000000000000000000e+00,-1.000000000000000000e+00,-1.000000000000000000e+00,-1.000000000000000000e+00,-1.000000000000000000e+00,-1.000000000000000000e+00,-1.000000000000000000e+00,-1.000000000000000000e+00,-1.000000000000000000e+00,-1.000000000000000000e+00,-1.000000000000000000e+00,-1.000000000000000000e+00,-1.000000000000000000e+00,-1.000000000000000000e+00,-1.000000000000000000e+00,-1.000000000000000000e+00,-1.000000000000000000e+00
-1.000000000000000000e+00,-1.000000000000000000e+00,-1.000000000000000000e+00,-1.000000000000000000e+00,-1.000000000000000000e+00,-1.000000000000000000e+00,-1.000000000000000000e+00,-1.000000000000000000e+00,-1.000000000000000000e+00,-1.000000000000000000e+00,-1.000000000000000000e+00,-1.000000000000000000e+00,-1.000000000000000000e+00,-1.000000000000000000e+00,-1.000000000000000000e+00,-1.000000000000000000e+00,-1.000000000000000000e+00,-1.000000000000000000e+00,-1.000000000000000000e+00,-1.000000000000000000e+00,-1.000000000000000000e+00,-1.000000000000000000e+00,-1.000000000000000000e+00,-1.000000000000000000e+00,-1.000000000000000000e+00,-1.000000000000000000e+00,-1.000000000000000000e+00,-1.000000000000000000e+00,-1.000000000000000000e+00,-1.000000000000000000e+00,-1.000000000000000000e+00,-1.000000000000000000e+00,-1.000000000000000000e+00,-1.000000000000000000e+00,-1.000000000000000000e+00,-1.000000000000000000e+00,-1.000000000000000000e+00,-1.000000000000000000e+00,-1.000000000000000000e+00,-1.000000000000000000e+00,-1.000000000000000000e+00,-1.000000000000000000e+00,-1.102155637084463846e+00,-1.102195392720254130e+00,-1.102314078246696250e+00,-1.102509807499233441e+00,-1.102778944156974195e+00,-1.103115303294672334e+00,-1.103508911585019847e+00,-1.103944213672375163e+00,-1.104397588594380419e+00,-1.104834040311487797e+00,-1.105202957994828372e+00,-1.105432929504609252e+00,-1.105425772118662442e+00,-1.105050258368519334e+00,-1.104136529701707170e+00,-1.102472974675619000e+00,-1.099808478388853539e+00,-1.095864477088722477e+00,-1.090363122694531617e+00,-1.083079771148547144e+00,-1.073929035617485317e+00,-1.063091520539824586e+00,-1.051177923795834745e+00,-1.039397299031128874e+00,-1.029623463683244866e+00,-1.024089670790848894e+00,-1.024089670775945260e+00,-1.029623463645294112e+00,-1.039397298982340123e+00,-1.051177923740817866e+00,-1.063091520480628605e+00,-1.073929035557709355e+00,-1.083079771080694087e+00,-1.090363122616761382e+00,-1.095864477005318305e+00,-1.099808478289175939e+00,-1.102472974582021870e+00,-1.104136529630442176e+00,-1.105050258304269173e+00,-1.105425772092288650e+00,-1.105432929486023008e+00,-1.105202957969065425e+00,-1.104834040304083720e+00,-1.104397588563215127e+00,-1.103944213666212981e+00,-1.103508911611003729e+00,-1.103115303357744326e+00,-1.102778944279510842e+00,-1.102509807651924190e+00,-1.102314078344523551e+00,-1.102195392984273825e+00,-1.102155637070355354e+00,-1.000000000000000000e+00,-1.000000000000000000e+00,-1.000000000000000000e+00,-1.000000000000000000e+00,-1.000000000000000000e+00,-1.000000000000000000e+00,-1.000000000000000000e+00,-1.000000000000000000e+00,-1.000000000000000000e+00,-1.000000000000000000e+00,-1.000000000000000000e+00,-1.000000000000000000e+00,-1.000000000000000000e+00,-1.000000000000000000e+00,-1.000000000000000000e+00,-1.000000000000000000e+00,-1.000000000000000000e+00,-1.000000000000000000e+00,-1.000000000000000000e+00,-1.000000000000000000e+00,-1.000000000000000000e+00,-1.000000000000000000e+00,-1.000000000000000000e+00,-1.000000000000000000e+00,-1.000000000000000000e+00,-1.000000000000000000e+00,-1.000000000000000000e+00,-1.000000000000000000e+00,-1.000000000000000000e+00,-1.000000000000000000e+00,-1.000000000000000000e+00,-1.000000000000000000e+00,-1.000000000000000000e+00,-1.000000000000000000e+00,-1.000000000000000000e+00,-1.000000000000000000e+00,-1.000000000000000000e+00,-1.000000000000000000e+00,-1.000000000000000000e+00,-1.000000000000000000e+00,-1.000000000000000000e+00,-1.000000000000000000e+00
-1.000000000000000000e+00,-1.000000000000000000e+00,-1.000000000000000000e+00,-1.000000000000000000e+00,-1.000000000000000000e+00,-1.000000000000000000e+00,-1.000000000000000000e+00,-1.000000000000000000e+00,-1.000000000000000000e+00,-1.000000000000000000e+00,-1.000000000000000000e+00,-1.000000000000000000e+00,-1.000000000000000000e+00,-1.000000000000000000e+00,-1.000000000000000000e+00,-1.000000000000000000e+00,-1.000000000000000000e+00,-1.000000000000000000e+00,-1.000000000000000000e+00,-1.000000000000000000e+00,-1.000000000000000000e+00,-1.000000000000000000e+00,-1.000000000000000000e+00,-1.000000000000000000e+00,-1.000000000000000000e+00,-1.000000000000000000e+00,-1.000000000000000000e+00,-1.000000000000000000e+00,-1.000000000000000000e+00,-1.000000000000000000e+00,-1.000000000000000000e+00,-1.000000000000000000e+00,-1.000000000000000000e+00,-1.000000000000000000e+00,-1.000000000000000000e+00,-1.000000000000000000e+00,-1.000000000000000000e+00,-1.000000000000000000e+00,-1.000000000000000000e+00,-1.000000000000000000e+00,-1.000000000000000000e+00,-1.000000000000000000e+00,-1.102935482729867855e+00,-1.102974601785951192e+00,-1.103091389681714940e+00,-1.103283997019137486e+00,-1.103548850144008053e+00,-1.103879855524572351e+00,-1.104267165555271601e+00,-1.104695394592166480e+00,-1.105141150968819375e+00,-1.105569750149577590e+00,-1.105931006571379216e+00,-1.106154087735705005e+00,-1.106141594038343445e+00,-1.105763339385213762e+00,-1.104850817692247134e+00,-1.103194119167590914e+00,-1.100544180009342510e+00,-1.096624763152929782e+00,-1.091160421449567375e+00,-1.083928583849527172e+00,-1.074844918475853284e+00,-1.064089011748288627e+00,-1.052267054228237075e+00,-1.040578580466237302e+00,-1.030882142810426227e+00,-1.025392408449208759e+00,-1.025392408444602443e+00,-1.030882142788664746e+00,-1.040578580422674593e+00,-1.052267054175617611e+00,-1.064089011698861498e+00,-1.074844918423513596e+00,-1.083928583780361610e+00,-1.091160421370765521e+00,-1.096624763069479425e+00,-1.100544179916947529e+00,-1.103194119096331249e+00,-1.104850817639121408e+00,-1.105763339339398854e+00,-1.106141594023680730e+00,-1.106154087702126532e+00,-1.105931006535626482e+00,-1.105569750126756290e+00,-1.105141150930896377e+00,-1.104695394609171988e+00,-1.104267165604376322e+00,-1.103879855617160510e+00,-1.103548850275179793e+00,-1.103283997151813578e+00,-1.103091389745210815e+00,-1.102974602009202831e+00,-1.102935482701207226e+00,-1.000000000000000000e+00,-1.000000000000000000e+00,-1.000000000000000000e+00,-1.000000000000000000e+00,-1.000000000000000000e+00,-1.000000000000000000e+00,-1.000000000000000000e+00,-1.000000000000000000e+00,-1.000000000000000000e+00,-1.000000000000000000e+00,-1.000000000000000000e+00,-1.000000000000000000e+00,-1.000000000000000000e+00,-1.000000000000000000e+00,-1.000000000000000000e+00,-1.000000000000000000e+00,-1.000000000000000000e+00,-1.000000000000000000e+00,-1.000000000000000000e+00,-1.000000000000000000e+00,-1.000000000000000000e+00,-1.000000000000000000e+00,-1.000000000000000000e+00,-1.000000000000000000e+00,-1.000000000000000000e+00,-1.000000000000000000e+00,-1.000000000000000000e+00,-1.000000000000000000e+00,-1.000000000000000000e+00,-1.000000000000000000e+00,-1.000000000000000000e+00,-1.000000000000000000e+00,-1.000000000000000000e+00,-1.000000000000000000e+00,-1.000000000000000000e+00,-1.000000000000000000e+00,-1.000000000000000000e+00,-1.000000000000000000e+00,-1.000000000000000000e+00,-1.000000000000000000e+00,-1.000000000000000000e+00,-1.000000000000000000e+00
-1.000000000000000000e+00,-1.000000000000000000e+00,-1.000000000000000000e+00,-1.000000000000000000e+00,-1.000000000000000000e+00,-1.000000000000000000e+00,-1.000000000000000000e+00,-1.000000000000000000e+00,-1.000000000000000000e+00,-1.000000000000000000e+00,-1.000000000000000000e+00,-1.000000000000000000e+00,-1.000000000000000000e+00,-1.000000000000000000e+00,-1.000000000000000000e+00,-1.000000000000000000e+00,-1.000000000000000000e+00,-1.000000000000000000e+00,-1.000000000000000000e+00,-1.000000000000000000e+00,-1.000000000000000000e+00,-1.000000000000000000e+00,-1.000000000000000000e+00,-1.000000000000000000e+00,-1.000000000000000000e+00,-1.000000000000000000e+00,-1.000000000000000000e+00,-1.000000000000000000e+00,-1.000000000000000000e+00,-1.000000000000000000e+00,-1.000000000000000000e+00,-1.000000000000000000e+00,-1.000000000000000000e+00,-1.000000000000000000e+00,-1.000000000000000000e+00,-1.000000000000000000e+00,-1.000000000000000000e+00,-1.000000000000000000e+00,-1.000000000000000000e+00,-1.000000000000000000e+00,-1.000000000000000000e+00,-1.000000000000000000e+00,-1.103631611165377224e+00,-1.103670178081833875e+00,-1.103785318870550425e+00,-1.103975212650561755e+00,-1.104236335238202971e+00,-1.104562666942065396e+00,-1.104944464591344877e+00,-1.105366487451697743e+00,-1.105805544631662585e+00,-1.106227229904102050e+00,-1.106581743207855295e+00,-1.106798782774148115e+00,-1.106781670495333936e+00,-1.106401183449459147e+00,-1.105490069555149724e+00,-1.103839999350168188e+00,-1.101203816423425241e+00,-1.097307450111607796e+00,-1.091877692171480785e+00,-1.084693909472511208e+00,-1.075672764723023089e+00,-1.064992911943372089e+00,-1.053256359228006200e+00,-1.041653782764379921e+00,-1.032029506513450823e+00,-1.026580854655267938e+00,-1.026580854653872166e+00,-1.032029506500227845e+00,-1.041653782732095523e+00,-1.053256359186190760e+00,-1.064992911899454553e+00,-1.075672764666927073e+00,-1.084693909397101308e+00,-1.091877692092674934e+00,-1.097307450033115694e+00,-1.101203816349413112e+00,-1.103839999305275654e+00,-1.105490069514417639e+00,-1.106401183413360245e+00,-1.106781670472936518e+00,-1.106798782716331697e+00,-1.106581743167323495e+00,-1.106227229875101248e+00,-1.105805544612016078e+00,-1.105366487505945239e+00,-1.104944464661594683e+00,-1.104562667047333857e+00,-1.104236335345520459e+00,-1.103975212739362943e+00,-1.103785318893570011e+00,-1.103670178281215275e+00,-1.103631611145789782e+00,-1.000000000000000000e+00,-1.000000000000000000e+00,-1.000000000000000000e+00,-1.000000000000000000e+00,-1.000000000000000000e+00,-1.000000000000000000e+00,-1.000000000000000000e+00,-1.000000000000000000e+00,-1.000000000000000000e+00,-1.000000000000000000e+00,-1.000000000000000000e+00,-1.000000000000000000e+00,-1.000000000000000000e+00,-1.000000000000000000e+00,-1.000000000000000000e+00,-1.000000000000000000e+00,-1.000000000000000000e+00,-1.000000000000000000e+00,-1.000000000000000000e+00,-1.000000000000000000e+00,-1.000000000000000000e+00,-1.000000000000000000e+00,-1.000000000000000000e+00,-1.000000000000000000e+00,-1.000000000000000000e+00,-1.000000000000000000e+00,-1.000000000000000000e+00,-1.000000000000000000e+00,-1.000000000000000000e+00,-1.000000000000000000e+00,-1.000000000000000000e+00,-1.000000000000000000e+00,-1.000000000000000000e+00,-1.000000000000000000e+00,-1.000000000000000000e+00,-1.000000000000000000e+00,-1.000000000000000000e+00,-1.000000000000000000e+00,-1.000000000000000000e+00,-1.000000000000000000e+00,-1.000000000000000000e+00,-1.000000000000000000e+00
-1.000000000000000000e+00,-1.000000000000000000e+00,-1.000000000000000000e+00,-1.000000000000000000e+00,-1.000000000000000000e+00,-1.000000000000000000e+00,-1.000000000000000000e+00,-1.000000000000000000e+00,-1.000000000000000000e+00,-1.000000000000000000e+00,-1.000000000000000000e+00,-1.000000000000000000e+00,-1.000000000000000000e+00,-1.000000000000000000e+00,-1.000000000000000000e+00,-1.000000000000000000e+00,-1.000000000000000000e+00,-1.000000000000000000e+00,-1.000000000000000000e+00,-1.000000000000000000e+00,-1.000000000000000000e+00,-1.000000000000000000e+00,-1.000000000000000000e+00,-1.000000000000000000e+00,-1.000000000000000000e+00,-1.000000000000000000e+00,-1.000000000000000000e+00,-1.000000000000000000e+00,-1.000000000000000000e+00,-1.000000000000000000e+00,-1.000000000000000000e+00,-1.000000000000000000e+00,-1.000000000000000000e+00,-1.000000000000000000e+00,-1.000000000000000000e+00,-1.000000000000000000e+00,-1.000000000000000000e+00,-1.000000000000000000e+00,-1.000000000000000000e+00,-1.000000000000000000e+00,-1.000000000000000000e+00,-1.000000000000000000e+00,-1.104250881788907845e+00,-1.104288963110638067e+00,-1.104402654472546708e+00,-1.104590157637671988e+00,-1.104847988376774115e+00,-1.105170187960855976e+00,-1.105547101663418186e+00,-1.105963614446375587e+00,-1.106396713221348138e+00,-1.106812242280830194e+00,-1.107160752492176936e+00,-1.107372429006622694e+00,-1.107351258898625845e+00,-1.106968909973350179e+00,-1.106059292275880956e+00,-1.104415543001027622e+00,-1.101792278118306712e+00,-1.097917442519958708e+00,-1.092519914077701104e+00,-1.085380869779258628e+00,-1.076417909108579929e+00,-1.065808833129828326e+00,-1.054151772464723802e+00,-1.042629167435031201e+00,-1.033072092492214322e+00,-1.027661704347793359e+00,-1.027661704339592141e+00,-1.033072092476929660e+00,-1.042629167420525915e+00,-1.054151772439547941e+00,-1.065808833082277474e+00,-1.076417909039054877e+00,-1.085380869700725226e+00,-1.092519914007805237e+00,-1.097917442455172754e+00,-1.101792278067653452e+00,-1.104415542973330444e+00,-1.106059292234074842e+00,-1.106968909934777923e+00,-1.107351258855341358e+00,-1.107372428933588226e+00,-1.107160752463805409e+00,-1.106812242262611212e+00,-1.106396713240045626e+00,-1.105963614530170780e+00,-1.105547101732517801e+00,-1.105170188047089219e+00,-1.104847988431924888e+00,-1.104590157680602314e+00,-1.104402654476553280e+00,-1.104288963318537320e+00,-1.104250881803477968e+00,-1.000000000000000000e+00,-1.000000000000000000e+00,-1.000000000000000000e+00,-1.000000000000000000e+00,-1.000000000000000000e+00,-1.000000000000000000e+00,-1.000000000000000000e+00,-1.000000000000000000e+00,-1.000000000000000000e+00,-1.000000000000000000e+00,-1.000000000000000000e+00,-1.000000000000000000e+00,-1.000000000000000000e+00,-1.000000000000000000e+00,-1.000000000000000000e+00,-1.000000000000000000e+00,-1.000000000000000000e+00,-1.000000000000000000e+00,-1.000000000000000000e+00,-1.000000000000000000e+00,-1.000000000000000000e+00,-1.000000000000000000e+00,-1.000000000000000000e+00,-1.000000000000000000e+00,-1.000000000000000000e+00,-1.000000000000000000e+00,-1.000000000000000000e+00,-1.000000000000000000e+00,-1.000000000000000000e+00,-1.000000000000000000e+00,-1.000000000000000000e+00,-1.000000000000000000e+00,-1.000000000000000000e+00,-1.000000000000000000e+00,-1.000000000000000000e+00,-1.000000000000000000e+00,-1.000000000000000000e+00,-1.000000000000000000e+00,-1.000000000000000000e+00,-1.000000000000000000e+00,-1.000000000000000000e+00,-1.000000000000000000e+00
-1.000000000000000000e+00,-1.000000000000000000e+00,-1.000000000000000000e+00,-1.000000000000000000e+00,-1.000000000000000000e+00,-1.000000000000000000e+00,-1.000000000000000000e+00,-1.000000000000000000e+00,-1.000000000000000000e+00,-1.000000000000000000e+00,-1.000000000000000000e+00,-1.000000000000000000e+00,-1.000000000000000000e+00,-1.000000000000000000e+00,-1.000000000000000000e+00,-1.000000000000000000e+00,-1.000000000000000000e+00,-1.000000000000000000e+00,-1.000000000000000000e+00,-1.000000000000000000e+00,-1.000000000000000000e+00,-1.000000000000000000e+00,-1.000000000000000000e+00,-1.000000000000000000e+00,-1.000000000000000000e+00,-1.000000000000000000e+00,-1.000000000000000000e+00,-1.000000000000000000e+00,-1.000000000000000000e+00,-1.000000000000000000e+00,-1.000000000000000000e+00,-1.000000000000000000e+00,-1.000000000000000000e+00,-1.000000000000000000e+00,-1.000000000000000000e+00,-1.000000000000000000e+00,-1.000000000000000000e+00,-1.000000000000000000e+00,-1.000000000000000000e+00,-1.000000000000000000e+00,-1.000000000000000000e+00,-1.000000000000000000e+00,-1.104799711364584880e+00,-1.104837360668437851e+00,-1.104949761958578192e+00,-1.105135135433614524e+00,-1.105390029876735181e+00,-1.105708537929343649e+00,-1.106081081056548676e+00,-1.106492654716383361e+00,-1.106920404711337680e+00,-1.107330402143479775e+00,-1.107673518339476582e+00,-1.107880385767436859e+00,-1.107855604977975972e+00,-1.107471667262105663e+00,-1.106563559001639829e+00,-1.104925777559308875e+00,-1.102314584492371186e+00,-1.098459798338924154e+00,-1.093092239061508764e+00,-1.085994772893499771e+00,-1.077085880743997803e+00,-1.066542584328028731e+00,-1.054959422854624407e+00,-1.043511186657364531e+00,-1.034016624021995678e+00,-1.028641834888849749e+00,-1.028641834880568817e+00,-1.034016624013526453e+00,-1.043511186654324518e+00,-1.054959422829073956e+00,-1.066542584270202321e+00,-1.077085880671504237e+00,-1.085994772825769950e+00,-1.093092239005813537e+00,-1.098459798287220623e+00,-1.102314584457564584e+00,-1.104925777532083542e+00,-1.106563558949033244e+00,-1.107471667216542777e+00,-1.107855604916494041e+00,-1.107880385702979087e+00,-1.107673518339030050e+00,-1.107330402146224024e+00,-1.106920404767411048e+00,-1.106492654797890829e+00,-1.106081081093843732e+00,-1.105708537970860661e+00,-1.105390029878101199e+00,-1.105135135460216356e+00,-1.104949761985045242e+00,-1.104837360913032418e+00,-1.104799711420990649e+00,-1.000000000000000000e+00,-1.000000000000000000e+00,-1.000000000000000000e+00,-1.000000000000000000e+00,-1.000000000000000000e+00,-1.000000000000000000e+00,-1.000000000000000000e+00,-1.000000000000000000e+00,-1.000000000000000000e+00,-1.000000000000000000e+00,-1.000000000000000000e+00,-1.000000000000000000e+00,-1.000000000000000000e+00,-1.000000000000000000e+00,-1.000000000000000000e+00,-1.000000000000000000e+00,-1.000000000000000000e+00,-1.000000000000000000e+00,-1.000000000000000000e+00,-1.000000000000000000e+00,-1.000000000000000000e+00,-1.000000000000000000e+00,-1.000000000000000000e+00,-1.000000000000000000e+00,-1.000000000000000000e+00,-1.000000000000000000e+00,-1.000000000000000000e+00,-1.000000000000000000e+00,-1.000000000000000000e+00,-1.000000000000000000e+00,-1.000000000000000000e+00,-1.000000000000000000e+00,-1.000000000000000000e+00,-1.000000000000000000e+00,-1.000000000000000000e+00,-1.000000000000000000e+00,-1.000000000000000000e+00,-1.000000000000000000e+00,-1.000000000000000000e+00,-1.000000000000000000e+00,-1.000000000000000000e+00,-1.000000000000000000e+00
-1.000000000000000000e+00,-1.000000000000000000e+00,-1.000000000000000000e+00,-1.000000000000000000e+00,-1.000000000000000000e+00,-1.000000000000000000e+00,-1.000000000000000000e+00,-1.000000000000000000e+00,-1.000000000000000000e+00,-1.000000000000000000e+00,-1.000000000000000000e+00,-1.000000000000000000e+00,-1.000000000000000000e+00,-1.000000000000000000e+00,-1.000000000000000000e+00,-1.000000000000000000e+00,-1.000000000000000000e+00,-1.000000000000000000e+00,-1.000000000000000000e+00,-1.000000000000000000e+00,-1.000000000000000000e+00,-1.000000000000000000e+00,-1.000000000000000000e+00,-1.000000000000000000e+00,-1.000000000000000000e+00,-1.000000000000000000e+00,-1.000000000000000000e+00,-1.000000000000000000e+00,-1.000000000000000000e+00,-1.000000000000000000e+00,-1.000000000000000000e+00,-1.000000000000000000e+00,-1.000000000000000000e+00,-1.000000000000000000e+00,-1.000000000000000000e+00,-1.000000000000000000e+00,-1.000000000000000000e+00,-1.000000000000000000e+00,-1.000000000000000000e+00,-1.000000000000000000e+00,-1.000000000000000000e+00,-1.000000000000000000e+00,-1.105284127328242327e+00,-1.105321388752348311e+00,-1.105432631384610787e+00,-1.105616090799283802e+00,-1.105868343647107954e+00,-1.106183526659637595e+00,-1.106552127880488401e+00,-1.106959240955337265e+00,-1.107382154665075724e+00,-1.107787146316066229e+00,-1.108125380527202664e+00,-1.108327901011504579e+00,-1.108299874132246066e+00,-1.107914552167239330e+00,-1.107007917680763009e+00,-1.105375728450837869e+00,-1.102775772585247172e+00,-1.098939608802311785e+00,-1.093599863436828468e+00,-1.086540977665194863e+00,-1.077682260807728776e+00,-1.067200023345842297e+00,-1.055685481217742305e+00,-1.044306325785578249e+00,-1.034869849426795385e+00,-1.029528143875261481e+00,-1.029528143876531132e+00,-1.034869849427819011e+00,-1.044306325769399857e+00,-1.055685481173705975e+00,-1.067200023291344779e+00,-1.077682260754789123e+00,-1.086540977615283010e+00,-1.093599863390382065e+00,-1.098939608757734554e+00,-1.102775772554984268e+00,-1.105375728409736302e+00,-1.107007917615230763e+00,-1.107914552117285956e+00,-1.108299874067386392e+00,-1.108327900981136205e+00,-1.108125380558031114e+00,-1.107787146336230988e+00,-1.107382154734690927e+00,-1.106959240993482974e+00,-1.106552127867803215e+00,-1.106183526655820870e+00,-1.105868343627455230e+00,-1.105616090858611678e+00,-1.105432631469498439e+00,-1.105321389035047730e+00,-1.105284127404886352e+00,-1.000000000000000000e+00,-1.000000000000000000e+00,-1.000000000000000000e+00,-1.000000000000000000e+00,-1.000000000000000000e+00,-1.000000000000000000e+00,-1.000000000000000000e+00,-1.000000000000000000e+00,-1.000000000000000000e+00,-1.000000000000000000e+00,-1.000000000000000000e+00,-1.000000000000000000e+00,-1.000000000000000000e+00,-1.000000000000000000e+00,-1.000000000000000000e+00,-1.000000000000000000e+00,-1.000000000000000000e+00,-1.000000000000000000e+00,-1.000000000000000000e+00,-1.000000000000000000e+00,-1.000000000000000000e+00,-1.000000000000000000e+00,-1.000000000000000000e+00,-1.000000000000000000e+00,-1.000000000000000000e+00,-1.000000000000000000e+00,-1.000000000000000000e+00,-1.000000000000000000e+00,-1.000000000000000000e+00,-1.000000000000000000e+00,-1.000000000000000000e+00,-1.000000000000000000e+00,-1.000000000000000000e+00,-1.000000000000000000e+00,-1.000000000000000000e+00,-1.000000000000000000e+00,-1.000000000000000000e+00,-1.000000000000000000e+00,-1.000000000000000000e+00,-1.000000000000000000e+00,-1.000000000000000000e+00,-1.000000000000000000e+00
-1.000000000000000000e+00,-1.000000000000000000e+00,-1.000000000000000000e+00,-1.000000000000000000e+00,-1.000000000000000000e+00,-1.000000000000000000e+00,-1.000000000000000000e+00,-1.000000000000000000e+00,-1.000000000000000000e+00,-1.000000000000000000e+00,-1.000000000000000000e+00,-1.000000000000000000e+00,-1.000000000000000000e+00,-1.000000000000000000e+00,-1.000000000000000000e+00,-1.000000000000000000e+00,-1.000000000000000000e+00,-1.000000000000000000e+00,-1.000000000000000000e+00,-1.000000000000000000e+00,-1.000000000000000000e+00,-1.000000000000000000e+00,-1.000000000000000000e+00,-1.000000000000000000e+00,-1.000000000000000000e+00,-1.000000000000000000e+00,-1.000000000000000000e+00,-1.000000000000000000e+00,-1.000000000000000000e+00,-1.000000000000000000e+00,-1.000000000000000000e+00,-1.000000000000000000e+00,-1.000000000000000000e+00,-1.000000000000000000e+00,-1.000000000000000000e+00,-1.000000000000000000e+00,-1.000000000000000000e+00,-1.000000000000000000e+00,-1.000000000000000000e+00,-1.000000000000000000e+00,-1.000000000000000000e+00,-1.000000000000000000e+00,-1.105709800727554537e+00,-1.105746711479135724e+00,-1.105856906303067655e+00,-1.106038633863674958e+00,-1.106288494785998555e+00,-1.106600664246443211e+00,-1.106965689132762165e+00,-1.107368751069797597e+00,-1.107787268162131911e+00,-1.108187705710813598e+00,-1.108521497161211400e+00,-1.108720064423035501e+00,-1.108689095586233853e+00,-1.108302545763531155e+00,-1.107397318778802209e+00,-1.105770339373892686e+00,-1.103180810469806872e+00,-1.099361905457358679e+00,-1.094047929183069812e+00,-1.087024789710608008e+00,-1.078212573979831390e+00,-1.067786944154216044e+00,-1.056336044127776486e+00,-1.045020984329431801e+00,-1.035638421022808453e+00,-1.030327427015852892e+00,-1.030327427018647102e+00,-1.035638421012401444e+00,-1.045020984287734267e+00,-1.056336044079716263e+00,-1.067786944121468462e+00,-1.078212573944806296e+00,-1.087024789669596592e+00,-1.094047929144787545e+00,-1.099361905419841579e+00,-1.103180810432869308e+00,-1.105770339308379091e+00,-1.107397318704181899e+00,-1.108302545717754439e+00,-1.108689095539798108e+00,-1.108720064442285880e+00,-1.108521497209635331e+00,-1.108187705730852235e+00,-1.107787268207333531e+00,-1.107368751035671561e+00,-1.106965689079679294e+00,-1.106600664226445874e+00,-1.106288494799914091e+00,-1.106038633996990539e+00,-1.105856906450046528e+00,-1.105746711765881463e+00,-1.105709800779202112e+00,-1.000000000000000000e+00,-1.000000000000000000e+00,-1.000000000000000000e+00,-1.000000000000000000e+00,-1.000000000000000000e+00,-1.000000000000000000e+00,-1.000000000000000000e+00,-1.000000000000000000e+00,-1.000000000000000000e+00,-1.000000000000000000e+00,-1.000000000000000000e+00,-1.000000000000000000e+00,-1.000000000000000000e+00,-1.000000000000000000e+00,-1.000000000000000000e+00,-1.000000000000000000e+00,-1.000000000000000000e+00,-1.000000000000000000e+00,-1.000000000000000000e+00,-1.000000000000000000e+00,-1.000000000000000000e+00,-1.000000000000000000e+00,-1.000000000000000000e+00,-1.000000000000000000e+00,-1.000000000000000000e+00,-1.000000000000000000e+00,-1.000000000000000000e+00,-1.000000000000000000e+00,-1.000000000000000000e+00,-1.000000000000000000e+00,-1.000000000000000000e+00,-1.000000000000000000e+00,-1.000000000000000000e+00,-1.000000000000000000e+00,-1.000000000000000000e+00,-1.000000000000000000e+00,-1.000000000000000000e+00,-1.000000000000000000e+00,-1.000000000000000000e+00,-1.000000000000000000e+00,-1.000000000000000000e+00,-1.000000000000000000e+00
-1.000000000000000000e+00,-1.000000000000000000e+00,-1.000000000000000000e+00,-1.000000000000000000e+00,-1.000000000000000000e+00,-1.000000000000000000e+00,-1.000000000000000000e+00,-1.000000000000000000e+00,-1.000000000000000000e+00,-1.000000000000000000e+00,-1.000000000000000000e+00,-1.000000000000000000e+00,-1.000000000000000000e+00,-1.000000000000000000e+00,-1.000000000000000000e+00,-1.000000000000000000e+00,-1.000000000000000000e+00,-1.000000000000000000e+00,-1.000000000000000000e+00,-1.000000000000000000e+00,-1.000000000000000000e+00,-1.000000000000000000e+00,-1.000000000000000000e+00,-1.000000000000000000e+00,-1.000000000000000000e+00,-1.000000000000000000e+00,-1.000000000000000000e+00,-1.000000000000000000e+00,-1.000000000000000000e+00,-1.000000000000000000e+00,-1.000000000000000000e+00,-1.000000000000000000e+00,-1.000000000000000000e+00,-1.000000000000000000e+00,-1.000000000000000000e+00,-1.000000000000000000e+00,-1.000000000000000000e+00,-1.000000000000000000e+00,-1.000000000000000000e+00,-1.000000000000000000e+00,-1.000000000000000000e+00,-1.000000000000000000e+00,-1.106082067334717367e+00,-1.106118659458629638e+00,-1.106227901974516259e+00,-1.106408054859451706e+00,-1.106655739684178519e+00,-1.106965165589235855e+00,-1.107326931932723468e+00,-1.107726299654629321e+00,-1.108140804273821001e+00,-1.108537082765067350e+00,-1.108866815173177534e+00,-1.109061771191689028e+00,-1.109028119739697837e+00,-1.108640464608316112e+00,-1.107736560831960926e+00,-1.106114412557809956e+00,-1.103534532642540311e+00,-1.099731591112976137e+00,-1.094441450852448039e+00,-1.087451384688835176e+00,-1.078682208566696055e+00,-1.068308994357381358e+00,-1.056917049134515674e+00,-1.045661389301216770e+00,-1.036328807098910953e+00,-1.031046289425175289e+00,-1.031046289417496098e+00,-1.036328807066885238e+00,-1.045661389254344931e+00,-1.056917049105128514e+00,-1.068308994335507744e+00,-1.078682208529327724e+00,-1.087451384657144970e+00,-1.094441450826736162e+00,-1.099731591071583914e+00,-1.103534532582089334e+00,-1.106114412470777131e+00,-1.107736560769617462e+00,-1.108640464586676533e+00,-1.109028119730816053e+00,-1.109061771249720163e+00,-1.108866815202361078e+00,-1.108537082754647463e+00,-1.108140804259373002e+00,-1.107726299554637306e+00,-1.107326931884273780e+00,-1.106965165604695267e+00,-1.106655739782781422e+00,-1.106408055070661201e+00,-1.106227902140866082e+00,-1.106118659690801920e+00,-1.106082067313990391e+00,-1.000000000000000000e+00,-1.000000000000000000e+00,-1.000000000000000000e+00,-1.000000000000000000e+00,-1.000000000000000000e+00,-1.000000000000000000e+00,-1.000000000000000000e+00,-1.000000000000000000e+00,-1.000000000000000000e+00,-1.000000000000000000e+00,-1.000000000000000000e+00,-1.000000000000000000e+00,-1.000000000000000000e+00,-1.000000000000000000e+00,-1.000000000000000000e+00,-1.000000000000000000e+00,-1.000000000000000000e+00,-1.000000000000000000e+00,-1.000000000000000000e+00,-1.000000000000000000e+00,-1.000000000000000000e+00,-1.000000000000000000e+00,-1.000000000000000000e+00,-1.000000000000000000e+00,-1.000000000000000000e+00,-1.000000000000000000e+00,-1.000000000000000000e+00,-1.000000000000000000e+00,-1.000000000000000000e+00,-1.000000000000000000e+00,-1.000000000000000000e+00,-1.000000000000000000e+00,-1.000000000000000000e+00,-1.000000000000000000e+00,-1.000000000000000000e+00,-1.000000000000000000e+00,-1.000000000000000000e+00,-1.000000000000000000e+00,-1.000000000000000000e+00,-1.000000000000000000e+00,-1.000000000000000000e+00,-1.000000000000000000e+00
-1.000000000000000000e+00,-1.000000000000000000e+00,-1.000000000000000000e+00,-1.000000000000000000e+00,-1.000000000000000000e+00,-1.000000000000000000e+00,-1.000000000000000000e+00,-1.000000000000000000e+00,-1.000000000000000000e+00,-1.000000000000000000e+00,-1.000000000000000000e+00,-1.000000000000000000e+00,-1.000000000000000000e+00,-1.000000000000000000e+00,-1.000000000000000000e+00,-1.000000000000000000e+00,-1.000000000000000000e+00,-1.000000000000000000e+00,-1.000000000000000000e+00,-1.000000000000000000e+00,-1.000000000000000000e+00,-1.000000000000000000e+00,-1.000000000000000000e+00,-1.000000000000000000e+00,-1.000000000000000000e+00,-1.000000000000000000e+00,-1.000000000000000000e+00,-1.000000000000000000e+00,-1.000000000000000000e+00,-1.000000000000000000e+00,-1.000000000000000000e+00,-1.000000000000000000e+00,-1.000000000000000000e+00,-1.000000000000000000e+00,-1.000000000000000000e+00,-1.000000000000000000e+00,-1.000000000000000000e+00,-1.000000000000000000e+00,-1.000000000000000000e+00,-1.000000000000000000e+00,-1.000000000000000000e+00,-1.000000000000000000e+00,-1.106405942322116420e+00,-1.106442243938818404e+00,-1.106550617974274786e+00,-1.106729334273131249e+00,-1.106975032906846623e+00,-1.107281953327971635e+00,-1.107640742000369105e+00,-1.108036731669994390e+00,-1.108447564752472303e+00,-1.108840035117876655e+00,-1.109166049064880921e+00,-1.109357695990138559e+00,-1.109321587603343762e+00,-1.108932925877600617e+00,-1.108030251545466083e+00,-1.106412566107894069e+00,-1.103841593934392407e+00,-1.100053390685642229e+00,-1.094785263715422285e+00,-1.087825754038937776e+00,-1.079096360112379305e+00,-1.068771617062141965e+00,-1.057434215300447011e+00,-1.046233534708733259e+00,-1.036947230603560977e+00,-1.031691083859141100e+00,-1.031691083843063961e+00,-1.036947230564186029e+00,-1.046233534673256305e+00,-1.057434215278217460e+00,-1.068771617029076637e+00,-1.079096360079975003e+00,-1.087825754029650316e+00,-1.094785263685877030e+00,-1.100053390616984483e+00,-1.103841593852796787e+00,-1.106412566030343214e+00,-1.108030251523553389e+00,-1.108932925886258802e+00,-1.109321587621300509e+00,-1.109357696042195363e+00,-1.109166049031851786e+00,-1.108840035059858398e+00,-1.108447564678225694e+00,-1.108036731560345878e+00,-1.107640742022485414e+00,-1.107281953422908138e+00,-1.106975033099538486e+00,-1.106729334506667550e+00,-1.106550618079517934e+00,-1.106442244063364333e+00,-1.106405942210490378e+00,-1.000000000000000000e+00,-1.000000000000000000e+00,-1.000000000000000000e+00,-1.000000000000000000e+00,-1.000000000000000000e+00,-1.000000000000000000e+00,-1.000000000000000000e+00,-1.000000000000000000e+00,-1.000000000000000000e+00,-1.000000000000000000e+00,-1.000000000000000000e+00,-1.000000000000000000e+00,-1.000000000000000000e+00,-1.000000000000000000e+00,-1.000000000000000000e+00,-1.000000000000000000e+00,-1.000000000000000000e+00,-1.000000000000000000e+00,-1.000000000000000000e+00,-1.000000000000000000e+00,-1.000000000000000000e+00,-1.000000000000000000e+00,-1.000000000000000000e+00,-1.000000000000000000e+00,-1.000000000000000000e+00,-1.000000000000000000e+00,-1.000000000000000000e+00,-1.000000000000000000e+00,-1.000000000000000000e+00,-1.000000000000000000e+00,-1.000000000000000000e+00,-1.000000000000000000e+00,-1.000000000000000000e+00,-1.000000000000000000e+00,-1.000000000000000000e+00,-1.000000000000000000e+00,-1.000000000000000000e+00,-1.000000000000000000e+00,-1.000000000000000000e+00,-1.000000000000000000e+00,-1.000000000000000000e+00,-1.000000000000000000e+00
-1.000000000000000000e+00,-1.000000000000000000e+00,-1.000000000000000000e+00,-1.000000000000000000e+00,-1.000000000000000000e+00,-1.000000000000000000e+00,-1.000000000000000000e+00,-1.000000000000000000e+00,-1.000000000000000000e+00,-1.000000000000000000e+00,-1.000000000000000000e+00,-1.000000000000000000e+00,-1.000000000000000000e+00,-1.000000000000000000e+00,-1.000000000000000000e+00,-1.000000000000000000e+00,-1.000000000000000000e+00,-1.000000000000000000e+00,-1.000000000000000000e+00,-1.000000000000000000e+00,-1.000000000000000000e+00,-1.000000000000000000e+00,-1.000000000000000000e+00,-1.000000000000000000e+00,-1.000000000000000000e+00,-1.000000000000000000e+00,-1.000000000000000000e+00,-1.000000000000000000e+00,-1.000000000000000000e+00,-1.000000000000000000e+00,-1.000000000000000000e+00,-1.000000000000000000e+00,-1.000000000000000000e+00,-1.000000000000000000e+00,-1.000000000000000000e+00,-1.000000000000000000e+00,-1.000000000000000000e+00,-1.000000000000000000e+00,-1.000000000000000000e+00,-1.000000000000000000e+00,-1.000000000000000000e+00,-1.000000000000000000e+00,-1.106686131748253921e+00,-1.106722167910495047e+00,-1.106829748199217756e+00,-1.107007151122349820e+00,-1.107251033191436695e+00,-1.107555661096883526e+00,-1.107911723807147419e+00,-1.108304619240090050e+00,-1.108712087322624607e+00,-1.109101065355106330e+00,-1.109423667154703308e+00,-1.109612275836211470e+00,-1.109573910458086177e+00,-1.109184324029425683e+00,-1.108282781676370732e+00,-1.106669205312721171e+00,-1.104106438430727088e+00,-1.100331817969364634e+00,-1.095083988720051194e+00,-1.088152668467740725e+00,-1.079459993620997871e+00,-1.069180012003447811e+00,-1.057893003513234786e+00,-1.046743141359598672e+00,-1.037499628619152237e+00,-1.032267869980359798e+00,-1.032267869966657869e+00,-1.037499628590319301e+00,-1.046743141333243754e+00,-1.057893003482365257e+00,-1.069180011967114652e+00,-1.079459993609155788e+00,-1.088152668455990124e+00,-1.095083988652161500e+00,-1.100331817884697916e+00,-1.104106438369667487e+00,-1.106669205275840451e+00,-1.108282781689573282e+00,-1.109184324039592218e+00,-1.109573910467118285e+00,-1.109612275836735718e+00,-1.109423667050656759e+00,-1.109101065272152242e+00,-1.108712087232689880e+00,-1.108304619199470764e+00,-1.107911723938464155e+00,-1.107555661264362001e+00,-1.107251033420992625e+00,-1.107007151277119572e+00,-1.106829748169513294e+00,-1.106722167921123212e+00,-1.106686131580744359e+00,-1.000000000000000000e+00,-1.000000000000000000e+00,-1.000000000000000000e+00,-1.000000000000000000e+00,-1.000000000000000000e+00,-1.000000000000000000e+00,-1.000000000000000000e+00,-1.000000000000000000e+00,-1.000000000000000000e+00,-1.000000000000000000e+00,-1.000000000000000000e+00,-1.000000000000000000e+00,-1.000000000000000000e+00,-1.000000000000000000e+00,-1.000000000000000000e+00,-1.000000000000000000e+00,-1.000000000000000000e+00,-1.000000000000000000e+00,-1.000000000000000000e+00,-1.000000000000000000e+00,-1.000000000000000000e+00,-1.000000000000000000e+00,-1.000000000000000000e+00,-1.000000000000000000e+00,-1.000000000000000000e+00,-1.000000000000000000e+00,-1.000000000000000000e+00,-1.000000000000000000e+00,-1.000000000000000000e+00,-1.000000000000000000e+00,-1.000000000000000000e+00,-1.000000000000000000e+00,-1.000000000000000000e+00,-1.000000000000000000e+00,-1.000000000000000000e+00,-1.000000000000000000e+00,-1.000000000000000000e+00,-1.000000000000000000e+00,-1.000000000000000000e+00,-1.000000000000000000e+00,-1.000000000000000000e+00,-1.000000000000000000e+00
-1.000000000000000000e+00,-1.000000000000000000e+00,-1.000000000000000000e+00,-1.000000000000000000e+00,-1.000000000000000000e+00,-1.000000000000000000e+00,-1.000000000000000000e+00,-1.000000000000000000e+00,-1.000000000000000000e+00,-1.000000000000000000e+00,-1.000000000000000000e+00,-1.000000000000000000e+00,-1.000000000000000000e+00,-1.000000000000000000e+00,-1.000000000000000000e+00,-1.000000000000000000e+00,-1.000000000000000000e+00,-1.000000000000000000e+00,-1.000000000000000000e+00,-1.000000000000000000e+00,-1.000000000000000000e+00,-1.000000000000000000e+00,-1.000000000000000000e+00,-1.000000000000000000e+00,-1.000000000000000000e+00,-1.000000000000000000e+00,-1.000000000000000000e+00,-1.000000000000000000e+00,-1.000000000000000000e+00,-1.000000000000000000e+00,-1.000000000000000000e+00,-1.000000000000000000e+00,-1.000000000000000000e+00,-1.000000000000000000e+00,-1.000000000000000000e+00,-1.000000000000000000e+00,-1.000000000000000000e+00,-1.000000000000000000e+00,-1.000000000000000000e+00,-1.000000000000000000e+00,-1.000000000000000000e+00,-1.000000000000000000e+00,-1.106927042690027507e+00,-1.106962835977423287e+00,-1.107069689961274639e+00,-1.107245890819680723e+00,-1.107488109707853496e+00,-1.107790637874386253e+00,-1.108144202779066667e+00,-1.108534261552906797e+00,-1.108938643168965177e+00,-1.109324416045264661e+00,-1.109643884179970730e+00,-1.109829700312103595e+00,-1.109789257793557971e+00,-1.109398816606273153e+00,-1.108498308889527939e+00,-1.106888504779576232e+00,-1.104333280072429035e+00,-1.100571154811712304e+00,-1.095342010400559785e+00,-1.088436654913142343e+00,-1.079777819900533231e+00,-1.069539111408952969e+00,-1.058298591944803135e+00,-1.047195632078109284e+00,-1.037991627500967073e+00,-1.032782389477185703e+00,-1.032782389473856366e+00,-1.037991627494878832e+00,-1.047195632067460247e+00,-1.058298591920207921e+00,-1.069539111383778218e+00,-1.079777819879409018e+00,-1.088436654847605434e+00,-1.095342010301254998e+00,-1.100571154761454062e+00,-1.104333280055150635e+00,-1.106888504772176374e+00,-1.108498308910645047e+00,-1.109398816595769333e+00,-1.109789257772937798e+00,-1.109829700242783046e+00,-1.109643884030732330e+00,-1.109324415977674061e+00,-1.108938643117228562e+00,-1.108534261632841522e+00,-1.108144202997627392e+00,-1.107790638052890575e+00,-1.107488109877774685e+00,-1.107245890807522670e+00,-1.107069689786512212e+00,-1.106962835934675482e+00,-1.106927042547726447e+00,-1.000000000000000000e+00,-1.000000000000000000e+00,-1.000000000000000000e+00,-1.000000000000000000e+00,-1.000000000000000000e+00,-1.000000000000000000e+00,-1.000000000000000000e+00,-1.000000000000000000e+00,-1.000000000000000000e+00,-1.000000000000000000e+00,-1.000000000000000000e+00,-1.000000000000000000e+00,-1.000000000000000000e+00,-1.000000000000000000e+00,-1.000000000000000000e+00,-1.000000000000000000e+00,-1.000000000000000000e+00,-1.000000000000000000e+00,-1.000000000000000000e+00,-1.000000000000000000e+00,-1.000000000000000000e+00,-1.000000000000000000e+00,-1.000000000000000000e+00,-1.000000000000000000e+00,-1.000000000000000000e+00,-1.000000000000000000e+00,-1.000000000000000000e+00,-1.000000000000000000e+00,-1.000000000000000000e+00,-1.000000000000000000e+00,-1.000000000000000000e+00,-1.000000000000000000e+00,-1.000000000000000000e+00,-1.000000000000000000e+00,-1.000000000000000000e+00,-1.000000000000000000e+00,-1.000000000000000000e+00,-1.000000000000000000e+00,-1.000000000000000000e+00,-1.000000000000000000e+00,-1.000000000000000000e+00,-1.000000000000000000e+00
-1.000000000000000000e+00,-1.000000000000000000e+00,-1.000000000000000000e+00,-1.000000000000000000e+00,-1.000000000000000000e+00,-1.000000000000000000e+00,-1.000000000000000000e+00,-1.000000000000000000e+00,-1.000000000000000000e+00,-1.000000000000000000e+00,-1.000000000000000000e+00,-1.000000000000000000e+00,-1.000000000000000000e+00,-1.000000000000000000e+00,-1.000000000000000000e+00,-1.000000000000000000e+00,-1.000000000000000000e+00,-1.000000000000000000e+00,-1.000000000000000000e+00,-1.000000000000000000e+00,-1.000000000000000000e+00,-1.000000000000000000e+00,-1.000000000000000000e+00,-1.000000000000000000e+00,-1.000000000000000000e+00,-1.000000000000000000e+00,-1.000000000000000000e+00,-1.000000000000000000e+00,-1.000000000000000000e+00,-1.000000000000000000e+00,-1.000000000000000000e+00,-1.000000000000000000e+00,-1.000000000000000000e+00,-1.000000000000000000e+00,-1.000000000000000000e+00,-1.000000000000000000e+00,-1.000000000000000000e+00,-1.000000000000000000e+00,-1.000000000000000000e+00,-1.000000000000000000e+00,-1.000000000000000000e+00,-1.000000000000000000e+00,-1.107132792924922615e+00,-1.107168363876580575e+00,-1.107274552991462491e+00,-1.107449653323332450e+00,-1.107690349084146320e+00,-1.107990953668979150e+00,-1.108342229474732044e+00,-1.108729687430225042e+00,-1.109131237833531181e+00,-1.109514068941574783e+00,-1.109830658837227757e+00,-1.110013907491940621e+00,-1.109971551688113012e+00,-1.109580317132240923e+00,-1.108680749244269848e+00,-1.107074398667067916e+00,-1.104526091890545292e+00,-1.100775439555775614e+00,-1.095563464573131807e+00,-1.088681983579954604e+00,-1.080054282233320118e+00,-1.069853566598980121e+00,-1.058655862675492054e+00,-1.047596118357065897e+00,-1.038428529587523297e+00,-1.033240052836468470e+00,-1.033240052839950573e+00,-1.038428529595482708e+00,-1.047596118357499329e+00,-1.058655862657948088e+00,-1.069853566567140923e+00,-1.080054282171691860e+00,-1.088681983479561133e+00,-1.095563464507938178e+00,-1.100775439557460933e+00,-1.104526091881473882e+00,-1.107074398665291115e+00,-1.108680749261356624e+00,-1.109580317088431300e+00,-1.109971551617055407e+00,-1.110013907351444118e+00,-1.109830658691246752e+00,-1.109514068937029307e+00,-1.109131237869161124e+00,-1.108729687635680250e+00,-1.108342229704260440e+00,-1.107990953769740328e+00,-1.107690349103009675e+00,-1.107449653118174560e+00,-1.107274552743876983e+00,-1.107168363884819318e+00,-1.107132792896385221e+00,-1.000000000000000000e+00,-1.000000000000000000e+00,-1.000000000000000000e+00,-1.000000000000000000e+00,-1.000000000000000000e+00,-1.000000000000000000e+00,-1.000000000000000000e+00,-1.000000000000000000e+00,-1.000000000000000000e+00,-1.000000000000000000e+00,-1.000000000000000000e+00,-1.000000000000000000e+00,-1.000000000000000000e+00,-1.000000000000000000e+00,-1.000000000000000000e+00,-1.000000000000000000e+00,-1.000000000000000000e+00,-1.000000000000000000e+00,-1.000000000000000000e+00,-1.000000000000000000e+00,-1.000000000000000000e+00,-1.000000000000000000e+00,-1.000000000000000000e+00,-1.000000000000000000e+00,-1.000000000000000000e+00,-1.000000000000000000e+00,-1.000000000000000000e+00,-1.000000000000000000e+00,-1.000000000000000000e+00,-1.000000000000000000e+00,-1.000000000000000000e+00,-1.000000000000000000e+00,-1.000000000000000000e+00,-1.000000000000000000e+00,-1.000000000000000000e+00,-1.000000000000000000e+00,-1.000000000000000000e+00,-1.000000000000000000e+00,-1.000000000000000000e+00,-1.000000000000000000e+00,-1.000000000000000000e+00,-1.000000000000000000e+00
-1.000000000000000000e+00,-1.000000000000000000e+00,-1.000000000000000000e+00,-1.000000000000000000e+00,-1.000000000000000000e+00,-1.000000000000000000e+00,-1.000000000000000000e+00,-1.000000000000000000e+00,-1.000000000000000000e+00,-1.000000000000000000e+00,-1.000000000000000000e+00,-1.000000000000000000e+00,-1.000000000000000000e+00,-1.000000000000000000e+00,-1.000000000000000000e+00,-1.000000000000000000e+00,-1.000000000000000000e+00,-1.000000000000000000e+00,-1.000000000000000000e+00,-1.000000000000000000e+00,-1.000000000000000000e+00,-1.000000000000000000e+00,-1.000000000000000000e+00,-1.000000000000000000e+00,-1.000000000000000000e+00,-1.000000000000000000e+00,-1.000000000000000000e+00,-1.000000000000000000e+00,-1.000000000000000000e+00,-1.000000000000000000e+00,-1.000000000000000000e+00,-1.000000000000000000e+00,-1.000000000000000000e+00,-1.000000000000000000e+00,-1.000000000000000000e+00,-1.000000000000000000e+00,-1.000000000000000000e+00,-1.000000000000000000e+00,-1.000000000000000000e+00,-1.000000000000000000e+00,-1.000000000000000000e+00,-1.000000000000000000e+00,-1.107307220524392344e+00,-1.107342587967827363e+00,-1.107448168592241711e+00,-1.107622261713499201e+00,-1.107861563215017497e+00,-1.108160406417319832e+00,-1.108509585452440493e+00,-1.108894660087744510e+00,-1.109293614814442552e+00,-1.109673747373885355e+00,-1.109987694973265215e+00,-1.110168583978327295e+00,-1.110124465787503345e+00,-1.109732493153497312e+00,-1.108833774351638546e+00,-1.107230576952404677e+00,-1.104688601484118848e+00,-1.100948462023043195e+00,-1.095752233058983061e+00,-1.088892662409220558e+00,-1.080293550622658971e+00,-1.070127742236054669e+00,-1.058969396163716326e+00,-1.047949395094259550e+00,-1.038815308149134919e+00,-1.033645934420480694e+00,-1.033645934424177515e+00,-1.038815308156167072e+00,-1.047949395090705949e+00,-1.058969396137278363e+00,-1.070127742184152408e+00,-1.080293550543316439e+00,-1.088892662337264561e+00,-1.095752233049423152e+00,-1.100948462028144448e+00,-1.104688601457269881e+00,-1.107230576963006641e+00,-1.108833774337470324e+00,-1.109732493036427181e+00,-1.110124465654287462e+00,-1.110168583818215371e+00,-1.109987694920632428e+00,-1.109673747483032935e+00,-1.109293614951694096e+00,-1.108894660346592564e+00,-1.108509585565937483e+00,-1.108160406348711602e+00,-1.107861563036993457e+00,-1.107622261380922124e+00,-1.107448168412062728e+00,-1.107342588130549865e+00,-1.107307220660290970e+00,-1.000000000000000000e+00,-1.000000000000000000e+00,-1.000000000000000000e+00,-1.000000000000000000e+00,-1.000000000000000000e+00,-1.000000000000000000e+00,-1.000000000000000000e+00,-1.000000000000000000e+00,-1.000000000000000000e+00,-1.000000000000000000e+00,-1.000000000000000000e+00,-1.000000000000000000e+00,-1.000000000000000000e+00,-1.000000000000000000e+00,-1.000000000000000000e+00,-1.000000000000000000e+00,-1.000000000000000000e+00,-1.000000000000000000e+00,-1.000000000000000000e+00,-1.000000000000000000e+00,-1.000000000000000000e+00,-1.000000000000000000e+00,-1.000000000000000000e+00,-1.000000000000000000e+00,-1.000000000000000000e+00,-1.000000000000000000e+00,-1.000000000000000000e+00,-1.000000000000000000e+00,-1.000000000000000000e+00,-1.000000000000000000e+00,-1.000000000000000000e+00,-1.000000000000000000e+00,-1.000000000000000000e+00,-1.000000000000000000e+00,-1.000000000000000000e+00,-1.000000000000000000e+00,-1.000000000000000000e+00,-1.000000000000000000e+00,-1.000000000000000000e+00,-1.000000000000000000e+00,-1.000000000000000000e+00,-1.000000000000000000e+00
-1.000000000000000000e+00,-1.000000000000000000e+00,-1.000000000000000000e+00,-1.000000000000000000e+00,-1.000000000000000000e+00,-1.000000000000000000e+00,-1.000000000000000000e+00,-1.000000000000000000e+00,-1.000000000000000000e+00,-1.000000000000000000e+00,-1.000000000000000000e+00,-1.000000000000000000e+00,-1.000000000000000000e+00,-1.000000000000000000e+00,-1.000000000000000000e+00,-1.000000000000000000e+00,-1.000000000000000000e+00,-1.000000000000000000e+00,-1.000000000000000000e+00,-1.000000000000000000e+00,-1.000000000000000000e+00,-1.000000000000000000e+00,-1.000000000000000000e+00,-1.000000000000000000e+00,-1.000000000000000000e+00,-1.000000000000000000e+00,-1.000000000000000000e+00,-1.000000000000000000e+00,-1.000000000000000000e+00,-1.000000000000000000e+00,-1.000000000000000000e+00,-1.000000000000000000e+00,-1.000000000000000000e+00,-1.000000000000000000e+00,-1.000000000000000000e+00,-1.000000000000000000e+00,-1.000000000000000000e+00,-1.000000000000000000e+00,-1.000000000000000000e+00,-1.000000000000000000e+00,-1.000000000000000000e+00,-1.000000000000000000e+00,-1.107453893472368556e+00,-1.107489074788205130e+00,-1.107594098971818042e+00,-1.107767271121912422e+00,-1.108005297633432029e+00,-1.108302529705176509e+00,-1.108649790274712110e+00,-1.109032683395844376e+00,-1.109429261082280016e+00,-1.109806920993803736e+00,-1.110118445526258713e+00,-1.110297167997630119e+00,-1.110251427547249037e+00,-1.109858767742579300e+00,-1.108960812341821978e+00,-1.107360485957036955e+00,-1.104824291027166172e+00,-1.101093763052719554e+00,-1.095911943077938266e+00,-1.089072436581823400e+00,-1.080499521418526454e+00,-1.070365716076455476e+00,-1.059243471240363998e+00,-1.048259940915172939e+00,-1.039156607995423087e+00,-1.034004773227997998e+00,-1.034004773232624519e+00,-1.039156608003672932e+00,-1.048259940910820198e+00,-1.059243471210079335e+00,-1.070365716020711844e+00,-1.080499521351638403e+00,-1.089072436540978517e+00,-1.095911943070332795e+00,-1.101093763026186334e+00,-1.104824291006675008e+00,-1.107360485964836494e+00,-1.108960812238824589e+00,-1.109858767560871318e+00,-1.110251427430404725e+00,-1.110297167924591877e+00,-1.110118445624135752e+00,-1.109806921180353179e+00,-1.109429261234679220e+00,-1.109032683556955057e+00,-1.108649790155183279e+00,-1.108302529449218587e+00,-1.108005297326483785e+00,-1.107767270835511964e+00,-1.107594099020799749e+00,-1.107489075148831104e+00,-1.107453893740544926e+00,-1.000000000000000000e+00,-1.000000000000000000e+00,-1.000000000000000000e+00,-1.000000000000000000e+00,-1.000000000000000000e+00,-1.000000000000000000e+00,-1.000000000000000000e+00,-1.000000000000000000e+00,-1.000000000000000000e+00,-1.000000000000000000e+00,-1.000000000000000000e+00,-1.000000000000000000e+00,-1.000000000000000000e+00,-1.000000000000000000e+00,-1.000000000000000000e+00,-1.000000000000000000e+00,-1.000000000000000000e+00,-1.000000000000000000e+00,-1.000000000000000000e+00,-1.000000000000000000e+00,-1.000000000000000000e+00,-1.000000000000000000e+00,-1.000000000000000000e+00,-1.000000000000000000e+00,-1.000000000000000000e+00,-1.000000000000000000e+00,-1.000000000000000000e+00,-1.000000000000000000e+00,-1.000000000000000000e+00,-1.000000000000000000e+00,-1.000000000000000000e+00,-1.000000000000000000e+00,-1.000000000000000000e+00,-1.000000000000000000e+00,-1.000000000000000000e+00,-1.000000000000000000e+00,-1.000000000000000000e+00,-1.000000000000000000e+00,-1.000000000000000000e+00,-1.000000000000000000e+00,-1.000000000000000000e+00,-1.000000000000000000e+00
-1.000000000000000000e+00,-1.000000000000000000e+00,-1.000000000000000000e+00,-1.000000000000000000e+00,-1.000000000000000000e+00,-1.000000000000000000e+00,-1.000000000000000000e+00,-1.000000000000000000e+00,-1.000000000000000000e+00,-1.000000000000000000e+00,-1.000000000000000000e+00,-1.000000000000000000e+00,-1.000000000000000000e+00,-1.000000000000000000e+00,-1.000000000000000000e+00,-1.000000000000000000e+00,-1.000000000000000000e+00,-1.000000000000000000e+00,-1.000000000000000000e+00,-1.000000000000000000e+00,-1.000000000000000000e+00,-1.000000000000000000e+00,-1.000000000000000000e+00,-1.000000000000000000e+00,-1.000000000000000000e+00,-1.000000000000000000e+00,-1.000000000000000000e+00,-1.000000000000000000e+00,-1.000000000000000000e+00,-1.000000000000000000e+00,-1.000000000000000000e+00,-1.000000000000000000e+00,-1.000000000000000000e+00,-1.000000000000000000e+00,-1.000000000000000000e+00,-1.000000000000000000e+00,-1.000000000000000000e+00,-1.000000000000000000e+00,-1.000000000000000000e+00,-1.000000000000000000e+00,-1.000000000000000000e+00,-1.000000000000000000e+00,-1.107576119230636147e+00,-1.107611130591936055e+00,-1.107715646684895860e+00,-1.107887977944146618e+00,-1.108124840343167605e+00,-1.108420601110501336e+00,-1.108766109282665502e+00,-1.109147009045416965e+00,-1.109541413667936238e+00,-1.109916811836139106e+00,-1.110226118126781181e+00,-1.110402854568346642e+00,-1.110355622888426375e+00,-1.109962323533023598e+00,-1.109065051350275777e+00,-1.107467331568059654e+00,-1.104936400363724536e+00,-1.101214637345298675e+00,-1.096045969855394153e+00,-1.089224791182233920e+00,-1.080675820285249111e+00,-1.070571282300111449e+00,-1.059482068813582201e+00,-1.048531922272657679e+00,-1.039456749916028766e+00,-1.034320977513939033e+00,-1.034320977509149309e+00,-1.039456749899144938e+00,-1.048531922239054559e+00,-1.059482068766526064e+00,-1.070571282251120859e+00,-1.080675820248055974e+00,-1.089224791170039230e+00,-1.096045969848428392e+00,-1.101214637318201905e+00,-1.104936400342203084e+00,-1.107467331490935125e+00,-1.109065051146255643e+00,-1.109962323389502847e+00,-1.110355622876493475e+00,-1.110402854606060030e+00,-1.110226118311764765e+00,-1.109916811985979468e+00,-1.109541413728345693e+00,-1.109147009005983620e+00,-1.108766108938891604e+00,-1.108420600776301557e+00,-1.108124840075250583e+00,-1.107887977895649634e+00,-1.107715647031709549e+00,-1.107611131072988364e+00,-1.107576119500989664e+00,-1.000000000000000000e+00,-1.000000000000000000e+00,-1.000000000000000000e+00,-1.000000000000000000e+00,-1.000000000000000000e+00,-1.000000000000000000e+00,-1.000000000000000000e+00,-1.000000000000000000e+00,-1.000000000000000000e+00,-1.000000000000000000e+00,-1.000000000000000000e+00,-1.000000000000000000e+00,-1.000000000000000000e+00,-1.000000000000000000e+00,-1.000000000000000000e+00,-1.000000000000000000e+00,-1.000000000000000000e+00,-1.000000000000000000e+00,-1.000000000000000000e+00,-1.000000000000000000e+00,-1.000000000000000000e+00,-1.000000000000000000e+00,-1.000000000000000000e+00,-1.000000000000000000e+00,-1.000000000000000000e+00,-1.000000000000000000e+00,-1.000000000000000000e+00,-1.000000000000000000e+00,-1.000000000000000000e+00,-1.000000000000000000e+00,-1.000000000000000000e+00,-1.000000000000000000e+00,-1.000000000000000000e+00,-1.000000000000000000e+00,-1.000000000000000000e+00,-1.000000000000000000e+00,-1.000000000000000000e+00,-1.000000000000000000e+00,-1.000000000000000000e+00,-1.000000000000000000e+00,-1.000000000000000000e+00,-1.000000000000000000e+00
-1.000000000000000000e+00,-1.000000000000000000e+00,-1.000000000000000000e+00,-1.000000000000000000e+00,-1.000000000000000000e+00,-1.000000000000000000e+00,-1.000000000000000000e+00,-1.000000000000000000e+00,-1.000000000000000000e+00,-1.000000000000000000e+00,-1.000000000000000000e+00,-1.000000000000000000e+00,-1.000000000000000000e+00,-1.000000000000000000e+00,-1.000000000000000000e+00,-1.000000000000000000e+00,-1.000000000000000000e+00,-1.000000000000000000e+00,-1.000000000000000000e+00,-1.000000000000000000e+00,-1.000000000000000000e+00,-1.000000000000000000e+00,-1.000000000000000000e+00,-1.000000000000000000e+00,-1.000000000000000000e+00,-1.000000000000000000e+00,-1.000000000000000000e+00,-1.000000000000000000e+00,-1.000000000000000000e+00,-1.000000000000000000e+00,-1.000000000000000000e+00,-1.000000000000000000e+00,-1.000000000000000000e+00,-1.000000000000000000e+00,-1.000000000000000000e+00,-1.000000000000000000e+00,-1.000000000000000000e+00,-1.000000000000000000e+00,-1.000000000000000000e+00,-1.000000000000000000e+00,-1.000000000000000000e+00,-1.000000000000000000e+00,-1.107676954105526024e+00,-1.107711810668765562e+00,-1.107815863871914663e+00,-1.107987428980525157e+00,-1.108223230783869084e+00,-1.108517650910608054e+00,-1.108861561965176046e+00,-1.109240644483198368e+00,-1.109633067104380588e+00,-1.110006401232728868e+00,-1.110313681519814466e+00,-1.110488601584336710e+00,-1.110440002100730128e+00,-1.110046108404588949e+00,-1.109149444777271398e+00,-1.107554084106129988e+00,-1.105027931830561583e+00,-1.101314138410779631e+00,-1.096157441582965353e+00,-1.089352956157450869e+00,-1.080825807344232281e+00,-1.070747957006123352e+00,-1.059688877781173266e+00,-1.048769199785886563e+00,-1.039719737402109878e+00,-1.034598631755829112e+00,-1.034598631737795760e+00,-1.039719737352513995e+00,-1.048769199721301337e+00,-1.059688877728069745e+00,-1.070747956981677351e+00,-1.080825807347817191e+00,-1.089352956175411835e+00,-1.096157441578513803e+00,-1.101314138359210881e+00,-1.105027931728520318e+00,-1.107554083912285714e+00,-1.109149444579147659e+00,-1.110046108393358599e+00,-1.110440002171092733e+00,-1.110488601679301413e+00,-1.110313681719355294e+00,-1.110006401279336918e+00,-1.109633067024106134e+00,-1.109240644221864081e+00,-1.108861561498275528e+00,-1.108517650646090758e+00,-1.108223230709789897e+00,-1.107987429259476686e+00,-1.107815864430127917e+00,-1.107711811096687260e+00,-1.107676954211034737e+00,-1.000000000000000000e+00,-1.000000000000000000e+00,-1.000000000000000000e+00,-1.000000000000000000e+00,-1.000000000000000000e+00,-1.000000000000000000e+00,-1.000000000000000000e+00,-1.000000000000000000e+00,-1.000000000000000000e+00,-1.000000000000000000e+00,-1.000000000000000000e+00,-1.000000000000000000e+00,-1.000000000000000000e+00,-1.000000000000000000e+00,-1.000000000000000000e+00,-1.000000000000000000e+00,-1.000000000000000000e+00,-1.000000000000000000e+00,-1.000000000000000000e+00,-1.000000000000000000e+00,-1.000000000000000000e+00,-1.000000000000000000e+00,-1.000000000000000000e+00,-1.000000000000000000e+00,-1.000000000000000000e+00,-1.000000000000000000e+00,-1.000000000000000000e+00,-1.000000000000000000e+00,-1.000000000000000000e+00,-1.000000000000000000e+00,-1.000000000000000000e+00,-1.000000000000000000e+00,-1.000000000000000000e+00,-1.000000000000000000e+00,-1.000000000000000000e+00,-1.000000000000000000e+00,-1.000000000000000000e+00,-1.000000000000000000e+00,-1.000000000000000000e+00,-1.000000000000000000e+00,-1.000000000000000000e+00,-1.000000000000000000e+00
-1.000000000000000000e+00,-1.000000000000000000e+00,-1.000000000000000000e+00,-1.000000000000000000e+00,-1.000000000000000000e+00,-1.000000000000000000e+00,-1.000000000000000000e+00,-1.000000000000000000e+00,-1.000000000000000000e+00,-1.000000000000000000e+00,-1.000000000000000000e+00,-1.000000000000000000e+00,-1.000000000000000000e+00,-1.000000000000000000e+00,-1.000000000000000000e+00,-1.000000000000000000e+00,-1.000000000000000000e+00,-1.000000000000000000e+00,-1.000000000000000000e+00,-1.000000000000000000e+00,-1.000000000000000000e+00,-1.000000000000000000e+00,-1.000000000000000000e+00,-1.000000000000000000e+00,-1.000000000000000000e+00,-1.000000000000000000e+00,-1.000000000000000000e+00,-1.000000000000000000e+00,-1.000000000000000000e+00,-1.000000000000000000e+00,-1.000000000000000000e+00,-1.000000000000000000e+00,-1.000000000000000000e+00,-1.000000000000000000e+00,-1.000000000000000000e+00,-1.000000000000000000e+00,-1.000000000000000000e+00,-1.000000000000000000e+00,-1.000000000000000000e+00,-1.000000000000000000e+00,-1.000000000000000000e+00,-1.000000000000000000e+00,-1.107759212405266203e+00,-1.107793928434424258e+00,-1.107897561218155413e+00,-1.108068430260132242e+00,-1.108303268493793681e+00,-1.108596470557596358e+00,-1.108938930251659238e+00,-1.109316361013706453e+00,-1.109706981335219611e+00,-1.110078437473890789e+00,-1.110383872836733676e+00,-1.110557136599666039e+00,-1.110507286275298933e+00,-1.110112841858212462e+00,-1.109216717615502334e+00,-1.107623484336384356e+00,-1.105101655971581609e+00,-1.101395084340448305e+00,-1.096249245465782618e+00,-1.089459912636720373e+00,-1.080952583779823728e+00,-1.070898985184819630e+00,-1.059867302413135759e+00,-1.048975336005728565e+00,-1.039949264711911958e+00,-1.034841504884283170e+00,-1.034841504869516315e+00,-1.039949264673290408e+00,-1.048975335963413968e+00,-1.059867302391155786e+00,-1.070898985185294139e+00,-1.080952583785232735e+00,-1.089459912622257720e+00,-1.096249245395885419e+00,-1.101395084205100128e+00,-1.105101655792383841e+00,-1.107623484153250626e+00,-1.109216717563359822e+00,-1.110112841968905695e+00,-1.110507286366893442e+00,-1.110557136733230532e+00,-1.110383872978069730e+00,-1.110078437319237166e+00,-1.109706981040879503e+00,-1.109316360550992808e+00,-1.108938929826689401e+00,-1.108596470530216038e+00,-1.108303268739843972e+00,-1.108068430847007901e+00,-1.107897561792634322e+00,-1.107793928619795532e+00,-1.107759212216335110e+00,-1.000000000000000000e+00,-1.000000000000000000e+00,-1.000000000000000000e+00,-1.000000000000000000e+00,-1.000000000000000000e+00,-1.000000000000000000e+00,-1.000000000000000000e+00,-1.000000000000000000e+00,-1.000000000000000000e+00,-1.000000000000000000e+00,-1.000000000000000000e+00,-1.000000000000000000e+00,-1.000000000000000000e+00,-1.000000000000000000e+00,-1.000000000000000000e+00,-1.000000000000000000e+00,-1.000000000000000000e+00,-1.000000000000000000e+00,-1.000000000000000000e+00,-1.000000000000000000e+00,-1.000000000000000000e+00,-1.000000000000000000e+00,-1.000000000000000000e+00,-1.000000000000000000e+00,-1.000000000000000000e+00,-1.000000000000000000e+00,-1.000000000000000000e+00,-1.000000000000000000e+00,-1.000000000000000000e+00,-1.000000000000000000e+00,-1.000000000000000000e+00,-1.000000000000000000e+00,-1.000000000000000000e+00,-1.000000000000000000e+00,-1.000000000000000000e+00,-1.000000000000000000e+00,-1.000000000000000000e+00,-1.000000000000000000e+00,-1.000000000000000000e+00,-1.000000000000000000e+00,-1.000000000000000000e+00,-1.000000000000000000e+00
-1.000000000000000000e+00,-1.000000000000000000e+00,-1.000000000000000000e+00,-1.000000000000000000e+00,-1.000000000000000000e+00,-1.000000000000000000e+00,-1.000000000000000000e+00,-1.000000000000000000e+00,-1.000000000000000000e+00,-1.000000000000000000e+00,-1.000000000000000000e+00,-1.000000000000000000e+00,-1.000000000000000000e+00,-1.000000000000000000e+00,-1.000000000000000000e+00,-1.000000000000000000e+00,-1.000000000000000000e+00,-1.000000000000000000e+00,-1.000000000000000000e+00,-1.000000000000000000e+00,-1.000000000000000000e+00,-1.000000000000000000e+00,-1.000000000000000000e+00,-1.000000000000000000e+00,-1.000000000000000000e+00,-1.000000000000000000e+00,-1.000000000000000000e+00,-1.000000000000000000e+00,-1.000000000000000000e+00,-1.000000000000000000e+00,-1.000000000000000000e+00,-1.000000000000000000e+00,-1.000000000000000000e+00,-1.000000000000000000e+00,-1.000000000000000000e+00,-1.000000000000000000e+00,-1.000000000000000000e+00,-1.000000000000000000e+00,-1.000000000000000000e+00,-1.000000000000000000e+00,-1.000000000000000000e+00,-1.000000000000000000e+00,-1.107825475252045999e+00,-1.107860064230504982e+00,-1.107963316704716261e+00,-1.108133555724060582e+00,-1.108367521672871225e+00,-1.108659621028960540e+00,-1.109000766586725861e+00,-1.109376701559387834e+00,-1.109765689218170204e+00,-1.110135443221319962e+00,-1.110439205021340081e+00,-1.110610964130477551e+00,-1.110559974225413749e+00,-1.110165021649748507e+00,-1.109269373166753114e+00,-1.107678050288015026e+00,-1.105160118178458051e+00,-1.101460064231492453e+00,-1.096324034168829620e+00,-1.089548399607880969e+00,-1.081058998859981690e+00,-1.071027348183143824e+00,-1.060020470336558773e+00,-1.049153603907041266e+00,-1.040148725751096404e+00,-1.035053059344635207e+00,-1.035053059327520231e+00,-1.040148725707411348e+00,-1.049153603860290662e+00,-1.060020470308334462e+00,-1.071027348168930082e+00,-1.081058998839764751e+00,-1.089548399555958502e+00,-1.096324034057539754e+00,-1.101460064076070999e+00,-1.105160118031780714e+00,-1.107678050210450849e+00,-1.109269373223610078e+00,-1.110165021761215343e+00,-1.110559974288600982e+00,-1.110610964229403530e+00,-1.110439204931433110e+00,-1.110135442782018256e+00,-1.109765688781869875e+00,-1.109376701124297426e+00,-1.109000766490212841e+00,-1.108659621390863048e+00,-1.108367522244792625e+00,-1.108133556411455389e+00,-1.107963316992799152e+00,-1.107860064013237444e+00,-1.107825474723800552e+00,-1.000000000000000000e+00,-1.000000000000000000e+00,-1.000000000000000000e+00,-1.000000000000000000e+00,-1.000000000000000000e+00,-1.000000000000000000e+00,-1.000000000000000000e+00,-1.000000000000000000e+00,-1.000000000000000000e+00,-1.000000000000000000e+00,-1.000000000000000000e+00,-1.000000000000000000e+00,-1.000000000000000000e+00,-1.000000000000000000e+00,-1.000000000000000000e+00,-1.000000000000000000e+00,-1.000000000000000000e+00,-1.000000000000000000e+00,-1.000000000000000000e+00,-1.000000000000000000e+00,-1.000000000000000000e+00,-1.000000000000000000e+00,-1.000000000000000000e+00,-1.000000000000000000e+00,-1.000000000000000000e+00,-1.000000000000000000e+00,-1.000000000000000000e+00,-1.000000000000000000e+00,-1.000000000000000000e+00,-1.000000000000000000e+00,-1.000000000000000000e+00,-1.000000000000000000e+00,-1.000000000000000000e+00,-1.000000000000000000e+00,-1.000000000000000000e+00,-1.000000000000000000e+00,-1.000000000000000000e+00,-1.000000000000000000e+00,-1.000000000000000000e+00,-1.000000000000000000e+00,-1.000000000000000000e+00,-1.000000000000000000e+00
-1.000000000000000000e+00,-1.000000000000000000e+00,-1.000000000000000000e+00,-1.000000000000000000e+00,-1.000000000000000000e+00,-1.000000000000000000e+00,-1.000000000000000000e+00,-1.000000000000000000e+00,-1.000000000000000000e+00,-1.000000000000000000e+00,-1.000000000000000000e+00,-1.000000000000000000e+00,-1.000000000000000000e+00,-1.000000000000000000e+00,-1.000000000000000000e+00,-1.000000000000000000e+00,-1.000000000000000000e+00,-1.000000000000000000e+00,-1.000000000000000000e+00,-1.000000000000000000e+00,-1.000000000000000000e+00,-1.000000000000000000e+00,-1.000000000000000000e+00,-1.000000000000000000e+00,-1.000000000000000000e+00,-1.000000000000000000e+00,-1.000000000000000000e+00,-1.000000000000000000e+00,-1.000000000000000000e+00,-1.000000000000000000e+00,-1.000000000000000000e+00,-1.000000000000000000e+00,-1.000000000000000000e+00,-1.000000000000000000e+00,-1.000000000000000000e+00,-1.000000000000000000e+00,-1.000000000000000000e+00,-1.000000000000000000e+00,-1.000000000000000000e+00,-1.000000000000000000e+00,-1.000000000000000000e+00,-1.000000000000000000e+00,-1.107878098839753189e+00,-1.107912573522286115e+00,-1.108015483711693117e+00,-1.108185155310370540e+00,-1.108418335327508331e+00,-1.108709441028953302e+00,-1.109049402126767392e+00,-1.109423988686964568e+00,-1.109811504155274964e+00,-1.110179722663902080e+00,-1.110481973726591187e+00,-1.110652372611732996e+00,-1.110600349425430622e+00,-1.110204930391951006e+00,-1.109309699423746576e+00,-1.107720083825493695e+00,-1.105205645552565619e+00,-1.101511445178304349e+00,-1.096384232869036079e+00,-1.089620921091146499e+00,-1.081147657305352450e+00,-1.071135771338916243e+00,-1.060151240518878879e+00,-1.049306995283723065e+00,-1.040321222865292938e+00,-1.035236460167478612e+00,-1.035236460159197236e+00,-1.040321222845252525e+00,-1.049306995264798203e+00,-1.060151240505821546e+00,-1.071135771316815921e+00,-1.081147657255130623e+00,-1.089620920993565445e+00,-1.096384232718767837e+00,-1.101511445022304692e+00,-1.105205645450921148e+00,-1.107720083811469136e+00,-1.109309699501955127e+00,-1.110204930469860019e+00,-1.110600349450937774e+00,-1.110652372553770251e+00,-1.110481973336977735e+00,-1.110179722122581980e+00,-1.109811503858619597e+00,-1.109423988542244999e+00,-1.109049402464891809e+00,-1.108709441654637473e+00,-1.108418335962990442e+00,-1.108185155719886517e+00,-1.108015483448226757e+00,-1.107912572907378213e+00,-1.107878098105411713e+00,-1.000000000000000000e+00,-1.000000000000000000e+00,-1.000000000000000000e+00,-1.000000000000000000e+00,-1.000000000000000000e+00,-1.000000000000000000e+00,-1.000000000000000000e+00,-1.000000000000000000e+00,-1.000000000000000000e+00,-1.000000000000000000e+00,-1.000000000000000000e+00,-1.000000000000000000e+00,-1.000000000000000000e+00,-1.000000000000000000e+00,-1.000000000000000000e+00,-1.000000000000000000e+00,-1.000000000000000000e+00,-1.000000000000000000e+00,-1.000000000000000000e+00,-1.000000000000000000e+00,-1.000000000000000000e+00,-1.000000000000000000e+00,-1.000000000000000000e+00,-1.000000000000000000e+00,-1.000000000000000000e+00,-1.000000000000000000e+00,-1.000000000000000000e+00,-1.000000000000000000e+00,-1.000000000000000000e+00,-1.000000000000000000e+00,-1.000000000000000000e+00,-1.000000000000000000e+00,-1.000000000000000000e+00,-1.000000000000000000e+00,-1.000000000000000000e+00,-1.000000000000000000e+00,-1.000000000000000000e+00,-1.000000000000000000e+00,-1.000000000000000000e+00,-1.000000000000000000e+00,-1.000000000000000000e+00,-1.000000000000000000e+00
-1.000000000000000000e+00,-1.000000000000000000e+00,-1.000000000000000000e+00,-1.000000000000000000e+00,-1.000000000000000000e+00,-1.000000000000000000e+00,-1.000000000000000000e+00,-1.000000000000000000e+00,-1.000000000000000000e+00,-1.000000000000000000e+00,-1.000000000000000000e+00,-1.000000000000000000e+00,-1.000000000000000000e+00,-1.000000000000000000e+00,-1.000000000000000000e+00,-1.000000000000000000e+00,-1.000000000000000000e+00,-1.000000000000000000e+00,-1.000000000000000000e+00,-1.000000000000000000e+00,-1.000000000000000000e+00,-1.000000000000000000e+00,-1.000000000000000000e+00,-1.000000000000000000e+00,-1.000000000000000000e+00,-1.000000000000000000e+00,-1.000000000000000000e+00,-1.000000000000000000e+00,-1.000000000000000000e+00,-1.000000000000000000e+00,-1.000000000000000000e+00,-1.000000000000000000e+00,-1.000000000000000000e+00,-1.000000000000000000e+00,-1.000000000000000000e+00,-1.000000000000000000e+00,-1.000000000000000000e+00,-1.000000000000000000e+00,-1.000000000000000000e+00,-1.000000000000000000e+00,-1.000000000000000000e+00,-1.000000000000000000e+00,-1.107919222311723573e+00,-1.107953594716128087e+00,-1.108056198640858137e+00,-1.108225362316882956e+00,-1.108457838437653331e+00,-1.108748054070551436e+00,-1.109086953911593287e+00,-1.109460332033363361e+00,-1.109846527728499455e+00,-1.110213369037419184e+00,-1.110514264380007665e+00,-1.110683441163658358e+00,-1.110630486865492372e+00,-1.110234642390422355e+00,-1.109339775535384875e+00,-1.107751676793120144e+00,-1.105240353054273816e+00,-1.101551378631240752e+00,-1.096432045898822816e+00,-1.089679753139341400e+00,-1.081220926707199492e+00,-1.071226731822050748e+00,-1.060262211490363926e+00,-1.049438229283246260e+00,-1.040469575589470175e+00,-1.035394583802857982e+00,-1.035394583816159564e+00,-1.040469575621704612e+00,-1.049438229313082394e+00,-1.060262211484724659e+00,-1.071226731751682593e+00,-1.081220926567671325e+00,-1.089679752947596336e+00,-1.096432045703295444e+00,-1.101551378511855139e+00,-1.105240353048407842e+00,-1.107751676882179126e+00,-1.109339775666759564e+00,-1.110234642440950381e+00,-1.110630486757256730e+00,-1.110683440833680313e+00,-1.110514263806274826e+00,-1.110213368636784104e+00,-1.109846527671629168e+00,-1.109460332168332508e+00,-1.109086954537259251e+00,-1.108748054712686448e+00,-1.108457838880415602e+00,-1.108225362214419363e+00,-1.108056197834289547e+00,-1.107953593936433112e+00,-1.107919221651969544e+00,-1.000000000000000000e+00,-1.000000000000000000e+00,-1.000000000000000000e+00,-1.000000000000000000e+00,-1.000000000000000000e+00,-1.000000000000000000e+00,-1.000000000000000000e+00,-1.000000000000000000e+00,-1.000000000000000000e+00,-1.000000000000000000e+00,-1.000000000000000000e+00,-1.000000000000000000e+00,-1.000000000000000000e+00,-1.000000000000000000e+00,-1.000000000000000000e+00,-1.000000000000000000e+00,-1.000000000000000000e+00,-1.000000000000000000e+00,-1.000000000000000000e+00,-1.000000000000000000e+00,-1.000000000000000000e+00,-1.000000000000000000e+00,-1.000000000000000000e+00,-1.000000000000000000e+00,-1.000000000000000000e+00,-1.000000000000000000e+00,-1.000000000000000000e+00,-1.000000000000000000e+00,-1.000000000000000000e+00,-1.000000000000000000e+00,-1.000000000000000000e+00,-1.000000000000000000e+00,-1.000000000000000000e+00,-1.000000000000000000e+00,-1.000000000000000000e+00,-1.000000000000000000e+00,-1.000000000000000000e+00,-1.000000000000000000e+00,-1.000000000000000000e+00,-1.000000000000000000e+00,-1.000000000000000000e+00,-1.000000000000000000e+00
-1.000000000000000000e+00,-1.000000000000000000e+00,-1.000000000000000000e+00,-1.000000000000000000e+00,-1.000000000000000000e+00,-1.000000000000000000e+00,-1.000000000000000000e+00,-1.000000000000000000e+00,-1.000000000000000000e+00,-1.000000000000000000e+00,-1.000000000000000000e+00,-1.000000000000000000e+00,-1.000000000000000000e+00,-1.000000000000000000e+00,-1.000000000000000000e+00,-1.000000000000000000e+00,-1.000000000000000000e+00,-1.000000000000000000e+00,-1.000000000000000000e+00,-1.000000000000000000e+00,-1.000000000000000000e+00,-1.000000000000000000e+00,-1.000000000000000000e+00,-1.000000000000000000e+00,-1.000000000000000000e+00,-1.000000000000000000e+00,-1.000000000000000000e+00,-1.000000000000000000e+00,-1.000000000000000000e+00,-1.000000000000000000e+00,-1.000000000000000000e+00,-1.000000000000000000e+00,-1.000000000000000000e+00,-1.000000000000000000e+00,-1.000000000000000000e+00,-1.000000000000000000e+00,-1.000000000000000000e+00,-1.000000000000000000e+00,-1.000000000000000000e+00,-1.000000000000000000e+00,-1.000000000000000000e+00,-1.000000000000000000e+00,-1.107950775056565584e+00,-1.107985056559655401e+00,-1.108087388426575171e+00,-1.108256100871156447e+00,-1.108487951245970882e+00,-1.108777375422996148e+00,-1.109115331364497248e+00,-1.109487634481796547e+00,-1.109872655911833261e+00,-1.110238271160794765e+00,-1.110537958795556834e+00,-1.110706045880410997e+00,-1.110652259217591586e+00,-1.110256030106600456e+00,-1.109361478518368083e+00,-1.107774717676617948e+00,-1.105266149999198033e+00,-1.101581806774150962e+00,-1.096469463076250150e+00,-1.089726950227698055e+00,-1.081280944143046652e+00,-1.071302465650000091e+00,-1.060355728874581738e+00,-1.049549760469097315e+00,-1.040596329142804866e+00,-1.035530026840566054e+00,-1.035530026846136709e+00,-1.040596329150021759e+00,-1.049549760452022751e+00,-1.060355728803102915e+00,-1.071302465516259739e+00,-1.081280943972385611e+00,-1.089726950063594213e+00,-1.096469462979870135e+00,-1.101581806791875451e+00,-1.105266150097102607e+00,-1.107774717779062668e+00,-1.109361478535107359e+00,-1.110256029917694676e+00,-1.110652258811025472e+00,-1.110706045334684200e+00,-1.110537958303109862e+00,-1.110238271068950455e+00,-1.109872656126815071e+00,-1.109487634946928925e+00,-1.109115332211649596e+00,-1.108777375904449691e+00,-1.108487951278590122e+00,-1.108256100112477771e+00,-1.108087387223686049e+00,-1.107985055901503424e+00,-1.107950774741345956e+00,-1.000000000000000000e+00,-1.000000000000000000e+00,-1.000000000000000000e+00,-1.000000000000000000e+00,-1.000000000000000000e+00,-1.000000000000000000e+00,-1.000000000000000000e+00,-1.000000000000000000e+00,-1.000000000000000000e+00,-1.000000000000000000e+00,-1.000000000000000000e+00,-1.000000000000000000e+00,-1.000000000000000000e+00,-1.000000000000000000e+00,-1.000000000000000000e+00,-1.000000000000000000e+00,-1.000000000000000000e+00,-1.000000000000000000e+00,-1.000000000000000000e+00,-1.000000000000000000e+00,-1.000000000000000000e+00,-1.000000000000000000e+00,-1.000000000000000000e+00,-1.000000000000000000e+00,-1.000000000000000000e+00,-1.000000000000000000e+00,-1.000000000000000000e+00,-1.000000000000000000e+00,-1.000000000000000000e+00,-1.000000000000000000e+00,-1.000000000000000000e+00,-1.000000000000000000e+00,-1.000000000000000000e+00,-1.000000000000000000e+00,-1.000000000000000000e+00,-1.000000000000000000e+00,-1.000000000000000000e+00,-1.000000000000000000e+00,-1.000000000000000000e+00,-1.000000000000000000e+00,-1.000000000000000000e+00,-1.000000000000000000e+00
-1.000000000000000000e+00,-1.000000000000000000e+00,-1.000000000000000000e+00,-1.000000000000000000e+00,-1.000000000000000000e+00,-1.000000000000000000e+00,-1.000000000000000000e+00,-1.000000000000000000e+00,-1.000000000000000000e+00,-1.000000000000000000e+00,-1.000000000000000000e+00,-1.000000000000000000e+00,-1.000000000000000000e+00,-1.000000000000000000e+00,-1.000000000000000000e+00,-1.000000000000000000e+00,-1.000000000000000000e+00,-1.000000000000000000e+00,-1.000000000000000000e+00,-1.000000000000000000e+00,-1.000000000000000000e+00,-1.000000000000000000e+00,-1.000000000000000000e+00,-1.000000000000000000e+00,-1.000000000000000000e+00,-1.000000000000000000e+00,-1.000000000000000000e+00,-1.000000000000000000e+00,-1.000000000000000000e+00,-1.000000000000000000e+00,-1.000000000000000000e+00,-1.000000000000000000e+00,-1.000000000000000000e+00,-1.000000000000000000e+00,-1.000000000000000000e+00,-1.000000000000000000e+00,-1.000000000000000000e+00,-1.000000000000000000e+00,-1.000000000000000000e+00,-1.000000000000000000e+00,-1.000000000000000000e+00,-1.000000000000000000e+00,-1.107974483086500594e+00,-1.108008684461796900e+00,-1.108110776830631972e+00,-1.108279092321200032e+00,-1.108510391893872571e+00,-1.108799119055217552e+00,-1.109136243352379481e+00,-1.109507598943279882e+00,-1.109891585314230822e+00,-1.110256119438480127e+00,-1.110554741310259663e+00,-1.110721865828607324e+00,-1.110667342305179162e+00,-1.110270769288037584e+00,-1.109376488484338674e+00,-1.107790897134955932e+00,-1.105284745926373935e+00,-1.101604468731950170e+00,-1.096498266211857864e+00,-1.089764351966334699e+00,-1.081329623010973684e+00,-1.071364974621388244e+00,-1.060433892460094896e+00,-1.049643786098592990e+00,-1.040703761959584028e+00,-1.035645113768983272e+00,-1.035645113774884107e+00,-1.040703761966258245e+00,-1.049643786076773555e+00,-1.060433892381649423e+00,-1.071364974488609789e+00,-1.081329622857779338e+00,-1.089764351838657719e+00,-1.096498266157562407e+00,-1.101604468754350918e+00,-1.105284745954394410e+00,-1.107790897092684856e+00,-1.109376488297850960e+00,-1.110270768903642402e+00,-1.110667341827936916e+00,-1.110721865428559552e+00,-1.110554741172752546e+00,-1.110256119707887734e+00,-1.109891585803864711e+00,-1.109507599647591380e+00,-1.109136244029647056e+00,-1.108799118905986925e+00,-1.108510391181439347e+00,-1.108279090900117891e+00,-1.108110775614770782e+00,-1.108008684323683157e+00,-1.107974483405257393e+00,-1.000000000000000000e+00,-1.000000000000000000e+00,-1.000000000000000000e+00,-1.000000000000000000e+00,-1.000000000000000000e+00,-1.000000000000000000e+00,-1.000000000000000000e+00,-1.000000000000000000e+00,-1.000000000000000000e+00,-1.000000000000000000e+00,-1.000000000000000000e+00,-1.000000000000000000e+00,-1.000000000000000000e+00,-1.000000000000000000e+00,-1.000000000000000000e+00,-1.000000000000000000e+00,-1.000000000000000000e+00,-1.000000000000000000e+00,-1.000000000000000000e+00,-1.000000000000000000e+00,-1.000000000000000000e+00,-1.000000000000000000e+00,-1.000000000000000000e+00,-1.000000000000000000e+00,-1.000000000000000000e+00,-1.000000000000000000e+00,-1.000000000000000000e+00,-1.000000000000000000e+00,-1.000000000000000000e+00,-1.000000000000000000e+00,-1.000000000000000000e+00,-1.000000000000000000e+00,-1.000000000000000000e+00,-1.000000000000000000e+00,-1.000000000000000000e+00,-1.000000000000000000e+00,-1.000000000000000000e+00,-1.000000000000000000e+00,-1.000000000000000000e+00,-1.000000000000000000e+00,-1.000000000000000000e+00,-1.000000000000000000e+00
-1.000000000000000000e+00,-1.000000000000000000e+00,-1.000000000000000000e+00,-1.000000000000000000e+00,-1.000000000000000000e+00,-1.000000000000000000e+00,-1.000000000000000000e+00,-1.000000000000000000e+00,-1.000000000000000000e+00,-1.000000000000000000e+00,-1.000000000000000000e+00,-1.000000000000000000e+00,-1.000000000000000000e+00,-1.000000000000000000e+00,-1.000000000000000000e+00,-1.000000000000000000e+00,-1.000000000000000000e+00,-1.000000000000000000e+00,-1.000000000000000000e+00,-1.000000000000000000e+00,-1.000000000000000000e+00,-1.000000000000000000e+00,-1.000000000000000000e+00,-1.000000000000000000e+00,-1.000000000000000000e+00,-1.000000000000000000e+00,-1.000000000000000000e+00,-1.000000000000000000e+00,-1.000000000000000000e+00,-1.000000000000000000e+00,-1.000000000000000000e+00,-1.000000000000000000e+00,-1.000000000000000000e+00,-1.000000000000000000e+00,-1.000000000000000000e+00,-1.000000000000000000e+00,-1.000000000000000000e+00,-1.000000000000000000e+00,-1.000000000000000000e+00,-1.000000000000000000e+00,-1.000000000000000000e+00,-1.000000000000000000e+00,-1.107991875175246221e+00,-1.108026006591467105e+00,-1.108127890329577037e+00,-1.108295860680571954e+00,-1.108526681409796710e+00,-1.108814802466744354e+00,-1.109151203322990664e+00,-1.109521734040153751e+00,-1.109904819050327784e+00,-1.110268411536842192e+00,-1.110566104558830869e+00,-1.110732389242709228e+00,-1.110677221411801030e+00,-1.110280344920868245e+00,-1.109386294102391535e+00,-1.107801713068400806e+00,-1.105297655422458947e+00,-1.101620905360333635e+00,-1.096520034116049702e+00,-1.089793588532996571e+00,-1.081368658993486775e+00,-1.071416032812424257e+00,-1.060498563145865436e+00,-1.049722253378658543e+00,-1.040793893094386302e+00,-1.035741904370381938e+00,-1.035741904362724508e+00,-1.040793893063007403e+00,-1.049722253303422725e+00,-1.060498563015968898e+00,-1.071416032649245897e+00,-1.081368658841944663e+00,-1.089793588439352812e+00,-1.096520034106732044e+00,-1.101620905396844430e+00,-1.105297655412732283e+00,-1.107801712941987260e+00,-1.109386293805955548e+00,-1.110280344478654424e+00,-1.110677221007689175e+00,-1.110732389035759438e+00,-1.110566104658973208e+00,-1.110268411974019376e+00,-1.109904819605084025e+00,-1.109521734567437079e+00,-1.109151203319963086e+00,-1.108814801522709947e+00,-1.108526680185638158e+00,-1.108295859192388155e+00,-1.108127889811983735e+00,-1.108026007334552476e+00,-1.107991876221841032e+00,-1.000000000000000000e+00,-1.000000000000000000e+00,-1.000000000000000000e+00,-1.000000000000000000e+00,-1.000000000000000000e+00,-1.000000000000000000e+00,-1.000000000000000000e+00,-1.000000000000000000e+00,-1.000000000000000000e+00,-1.000000000000000000e+00,-1.000000000000000000e+00,-1.000000000000000000e+00,-1.000000000000000000e+00,-1.000000000000000000e+00,-1.000000000000000000e+00,-1.000000000000000000e+00,-1.000000000000000000e+00,-1.000000000000000000e+00,-1.000000000000000000e+00,-1.000000000000000000e+00,-1.000000000000000000e+00,-1.000000000000000000e+00,-1.000000000000000000e+00,-1.000000000000000000e+00,-1.000000000000000000e+00,-1.000000000000000000e+00,-1.000000000000000000e+00,-1.000000000000000000e+00,-1.000000000000000000e+00,-1.000000000000000000e+00,-1.000000000000000000e+00,-1.000000000000000000e+00,-1.000000000000000000e+00,-1.000000000000000000e+00,-1.000000000000000000e+00,-1.000000000000000000e+00,-1.000000000000000000e+00,-1.000000000000000000e+00,-1.000000000000000000e+00,-1.000000000000000000e+00,-1.000000000000000000e+00,-1.000000000000000000e+00
-1.000000000000000000e+00,-1.000000000000000000e+00,-1.000000000000000000e+00,-1.000000000000000000e+00,-1.000000000000000000e+00,-1.000000000000000000e+00,-1.000000000000000000e+00,-1.000000000000000000e+00,-1.000000000000000000e+00,-1.000000000000000000e+00,-1.000000000000000000e+00,-1.000000000000000000e+00,-1.000000000000000000e+00,-1.000000000000000000e+00,-1.000000000000000000e+00,-1.000000000000000000e+00,-1.000000000000000000e+00,-1.000000000000000000e+00,-1.000000000000000000e+00,-1.000000000000000000e+00,-1.000000000000000000e+00,-1.000000000000000000e+00,-1.000000000000000000e+00,-1.000000000000000000e+00,-1.000000000000000000e+00,-1.000000000000000000e+00,-1.000000000000000000e+00,-1.000000000000000000e+00,-1.000000000000000000e+00,-1.000000000000000000e+00,-1.000000000000000000e+00,-1.000000000000000000e+00,-1.000000000000000000e+00,-1.000000000000000000e+00,-1.000000000000000000e+00,-1.000000000000000000e+00,-1.000000000000000000e+00,-1.000000000000000000e+00,-1.000000000000000000e+00,-1.000000000000000000e+00,-1.000000000000000000e+00,-1.000000000000000000e+00,-1.108004288182153019e+00,-1.108038359479265544e+00,-1.108140064223735566e+00,-1.108307739051152874e+00,-1.108538149962720931e+00,-1.108825752262443176e+00,-1.109161534057526266e+00,-1.109531358531474110e+00,-1.109913671275299052e+00,-1.110276456742993911e+00,-1.110573353404964658e+00,-1.110738917429980877e+00,-1.110683195642048204e+00,-1.110286056132839372e+00,-1.109392197913215528e+00,-1.107808476190526914e+00,-1.105306203769328866e+00,-1.101632464783724341e+00,-1.096536147929543015e+00,-1.089816085824825587e+00,-1.081399535162801406e+00,-1.071457191824064292e+00,-1.060551368511367665e+00,-1.049786865466372898e+00,-1.040868488643438727e+00,-1.035822200430604578e+00,-1.035822200393754500e+00,-1.040868488540564574e+00,-1.049786865319616069e+00,-1.060551368358496394e+00,-1.071457191711621348e+00,-1.081399535121054800e+00,-1.089816085851209371e+00,-1.096536147978863562e+00,-1.101632464759382701e+00,-1.105306203581975399e+00,-1.107808475821103089e+00,-1.109392197397470747e+00,-1.110286055620944401e+00,-1.110683195366951370e+00,-1.110738917486907340e+00,-1.110573353811433073e+00,-1.110276457386047744e+00,-1.109913671787578382e+00,-1.109531358627463327e+00,-1.109161533352109652e+00,-1.108825750891273110e+00,-1.108538148701751824e+00,-1.108307738005232412e+00,-1.108140064718670548e+00,-1.108038360977164016e+00,-1.108004289609546111e+00,-1.000000000000000000e+00,-1.000000000000000000e+00,-1.000000000000000000e+00,-1.000000000000000000e+00,-1.000000000000000000e+00,-1.000000000000000000e+00,-1.000000000000000000e+00,-1.000000000000000000e+00,-1.000000000000000000e+00,-1.000000000000000000e+00,-1.000000000000000000e+00,-1.000000000000000000e+00,-1.000000000000000000e+00,-1.000000000000000000e+00,-1.000000000000000000e+00,-1.000000000000000000e+00,-1.000000000000000000e+00,-1.000000000000000000e+00,-1.000000000000000000e+00,-1.000000000000000000e+00,-1.000000000000000000e+00,-1.000000000000000000e+00,-1.000000000000000000e+00,-1.000000000000000000e+00,-1.000000000000000000e+00,-1.000000000000000000e+00,-1.000000000000000000e+00,-1.000000000000000000e+00,-1.000000000000000000e+00,-1.000000000000000000e+00,-1.000000000000000000e+00,-1.000000000000000000e+00,-1.000000000000000000e+00,-1.000000000000000000e+00,-1.000000000000000000e+00,-1.000000000000000000e+00,-1.000000000000000000e+00,-1.000000000000000000e+00,-1.000000000000000000e+00,-1.000000000000000000e+00,-1.000000000000000000e+00,-1.000000000000000000e+00
-1.000000000000000000e+00,-1.000000000000000000e+00,-1.000000000000000000e+00,-1.000000000000000000e+00,-1.000000000000000000e+00,-1.000000000000000000e+00,-1.000000000000000000e+00,-1.000000000000000000e+00,-1.000000000000000000e+00,-1.000000000000000000e+00,-1.000000000000000000e+00,-1.000000000000000000e+00,-1.000000000000000000e+00,-1.000000000000000000e+00,-1.000000000000000000e+00,-1.000000000000000000e+00,-1.000000000000000000e+00,-1.000000000000000000e+00,-1.000000000000000000e+00,-1.000000000000000000e+00,-1.000000000000000000e+00,-1.000000000000000000e+00,-1.000000000000000000e+00,-1.000000000000000000e+00,-1.000000000000000000e+00,-1.000000000000000000e+00,-1.000000000000000000e+00,-1.000000000000000000e+00,-1.000000000000000000e+00,-1.000000000000000000e+00,-1.000000000000000000e+00,-1.000000000000000000e+00,-1.000000000000000000e+00,-1.000000000000000000e+00,-1.000000000000000000e+00,-1.000000000000000000e+00,-1.000000000000000000e+00,-1.000000000000000000e+00,-1.000000000000000000e+00,-1.000000000000000000e+00,-1.000000000000000000e+00,-1.000000000000000000e+00,-1.108012871131004440e+00,-1.108046891821006241e+00,-1.108148446236423057e+00,-1.108315873563188836e+00,-1.108545941578346739e+00,-1.108833109619350443e+00,-1.109168373258837770e+00,-1.109537606585434544e+00,-1.109919272480333063e+00,-1.110281381512062016e+00,-1.110577610285743866e+00,-1.110742569445636763e+00,-1.110686381908972065e+00,-1.110289019694267187e+00,-1.109395319575796623e+00,-1.107812313301445695e+00,-1.105311530528068520e+00,-1.101640306470283326e+00,-1.096547795727317531e+00,-1.089833070513881452e+00,-1.081423527343955193e+00,-1.071489786303979397e+00,-1.060593708396625034e+00,-1.049839087070730814e+00,-1.040929067375298667e+00,-1.035887551408043228e+00,-1.035887551367075110e+00,-1.040929067267695407e+00,-1.049839086936556143e+00,-1.060593708285272996e+00,-1.071489786248166265e+00,-1.081423527335443779e+00,-1.089833070505980217e+00,-1.096547795646480861e+00,-1.101640306241006950e+00,-1.105311530142622178e+00,-1.107812312836230051e+00,-1.109395319149833803e+00,-1.110289019491824902e+00,-1.110686382060986022e+00,-1.110742569878022890e+00,-1.110577610869529108e+00,-1.110281381971071735e+00,-1.109919272401005186e+00,-1.109537605841214081e+00,-1.109168371838670897e+00,-1.108833108015627511e+00,-1.108545940522082551e+00,-1.108315873353016290e+00,-1.108148447963357874e+00,-1.108046893862429272e+00,-1.108012872512392777e+00,-1.000000000000000000e+00,-1.000000000000000000e+00,-1.000000000000000000e+00,-1.000000000000000000e+00,-1.000000000000000000e+00,-1.000000000000000000e+00,-1.000000000000000000e+00,-1.000000000000000000e+00,-1.000000000000000000e+00,-1.000000000000000000e+00,-1.000000000000000000e+00,-1.000000000000000000e+00,-1.000000000000000000e+00,-1.000000000000000000e+00,-1.000000000000000000e+00,-1.000000000000000000e+00,-1.000000000000000000e+00,-1.000000000000000000e+00,-1.000000000000000000e+00,-1.000000000000000000e+00,-1.000000000000000000e+00,-1.000000000000000000e+00,-1.000000000000000000e+00,-1.000000000000000000e+00,-1.000000000000000000e+00,-1.000000000000000000e+00,-1.000000000000000000e+00,-1.000000000000000000e+00,-1.000000000000000000e+00,-1.000000000000000000e+00,-1.000000000000000000e+00,-1.000000000000000000e+00,-1.000000000000000000e+00,-1.000000000000000000e+00,-1.000000000000000000e+00,-1.000000000000000000e+00,-1.000000000000000000e+00,-1.000000000000000000e+00,-1.000000000000000000e+00,-1.000000000000000000e+00,-1.000000000000000000e+00,-1.000000000000000000e+00
-1.000000000000000000e+00,-1.000000000000000000e+00,-1.000000000000000000e+00,-1.000000000000000000e+00,-1.000000000000000000e+00,-1.000000000000000000e+00,-1.000000000000000000e+00,-1.000000000000000000e+00,-1.000000000000000000e+00,-1.000000000000000000e+00,-1.000000000000000000e+00,-1.000000000000000000e+00,-1.000000000000000000e+00,-1.000000000000000000e+00,-1.000000000000000000e+00,-1.000000000000000000e+00,-1.000000000000000000e+00,-1.000000000000000000e+00,-1.000000000000000000e+00,-1.000000000000000000e+00,-1.000000000000000000e+00,-1.000000000000000000e+00,-1.000000000000000000e+00,-1.000000000000000000e+00,-1.000000000000000000e+00,-1.000000000000000000e+00,-1.000000000000000000e+00,-1.000000000000000000e+00,-1.000000000000000000e+00,-1.000000000000000000e+00,-1.000000000000000000e+00,-1.000000000000000000e+00,-1.000000000000000000e+00,-1.000000000000000000e+00,-1.000000000000000000e+00,-1.000000000000000000e+00,-1.000000000000000000e+00,-1.000000000000000000e+00,-1.000000000000000000e+00,-1.000000000000000000e+00,-1.000000000000000000e+00,-1.000000000000000000e+00,-1.108018589856637481e+00,-1.108052569136587673e+00,-1.108154000799838945e+00,-1.108321226789482417e+00,-1.108551016757723273e+00,-1.108837832790068534e+00,-1.109172676339264418e+00,-1.109541430481421065e+00,-1.109922571960882287e+00,-1.110284132262744139e+00,-1.110579818817789333e+00,-1.110744286475502829e+00,-1.110687719824481556e+00,-1.110290175112021771e+00,-1.109396600826101142e+00,-1.107814171824057503e+00,-1.105314593541941504e+00,-1.101645404787196858e+00,-1.096555975851635001e+00,-1.089845573442335569e+00,-1.081441707824200238e+00,-1.071514938119251692e+00,-1.060626759560044263e+00,-1.049880149505925342e+00,-1.040976906018133308e+00,-1.035939259769961929e+00,-1.035939259724762973e+00,-1.040976905901334737e+00,-1.049880149364906368e+00,-1.060626759444734946e+00,-1.071514938048147458e+00,-1.081441707768155513e+00,-1.089845573341429175e+00,-1.096555975638981106e+00,-1.101645404428319042e+00,-1.105314593088676745e+00,-1.107814171388374902e+00,-1.109396600530589083e+00,-1.110290175083336051e+00,-1.110687720054218897e+00,-1.110744286782869406e+00,-1.110579819025553139e+00,-1.110284132078545483e+00,-1.109922571146403802e+00,-1.109541429210095131e+00,-1.109172674859005170e+00,-1.108837831711499744e+00,-1.108551016777658438e+00,-1.108321228208875686e+00,-1.108154003852917624e+00,-1.108052571106975526e+00,-1.108018590324788555e+00,-1.000000000000000000e+00,-1.000000000000000000e+00,-1.000000000000000000e+00,-1.000000000000000000e+00,-1.000000000000000000e+00,-1.000000000000000000e+00,-1.000000000000000000e+00,-1.000000000000000000e+00,-1.000000000000000000e+00,-1.000000000000000000e+00,-1.000000000000000000e+00,-1.000000000000000000e+00,-1.000000000000000000e+00,-1.000000000000000000e+00,-1.000000000000000000e+00,-1.000000000000000000e+00,-1.000000000000000000e+00,-1.000000000000000000e+00,-1.000000000000000000e+00,-1.000000000000000000e+00,-1.000000000000000000e+00,-1.000000000000000000e+00,-1.000000000000000000e+00,-1.000000000000000000e+00,-1.000000000000000000e+00,-1.000000000000000000e+00,-1.000000000000000000e+00,-1.000000000000000000e+00,-1.000000000000000000e+00,-1.000000000000000000e+00,-1.000000000000000000e+00,-1.000000000000000000e+00,-1.000000000000000000e+00,-1.000000000000000000e+00,-1.000000000000000000e+00,-1.000000000000000000e+00,-1.000000000000000000e+00,-1.000000000000000000e+00,-1.000000000000000000e+00,-1.000000000000000000e+00,-1.000000000000000000e+00,-1.000000000000000000e+00
-1.000000000000000000e+00,-1.000000000000000000e+00,-1.000000000000000000e+00,-1.000000000000000000e+00,-1.000000000000000000e+00,-1.000000000000000000e+00,-1.000000000000000000e+00,-1.000000000000000000e+00,-1.000000000000000000e+00,-1.000000000000000000e+00,-1.000000000000000000e+00,-1.000000000000000000e+00,-1.000000000000000000e+00,-1.000000000000000000e+00,-1.000000000000000000e+00,-1.000000000000000000e+00,-1.000000000000000000e+00,-1.000000000000000000e+00,-1.000000000000000000e+00,-1.000000000000000000e+00,-1.000000000000000000e+00,-1.000000000000000000e+00,-1.000000000000000000e+00,-1.000000000000000000e+00,-1.000000000000000000e+00,-1.000000000000000000e+00,-1.000000000000000000e+00,-1.000000000000000000e+00,-1.000000000000000000e+00,-1.000000000000000000e+00,-1.000000000000000000e+00,-1.000000000000000000e+00,-1.000000000000000000e+00,-1.000000000000000000e+00,-1.000000000000000000e+00,-1.000000000000000000e+00,-1.000000000000000000e+00,-1.000000000000000000e+00,-1.000000000000000000e+00,-1.000000000000000000e+00,-1.000000000000000000e+00,-1.000000000000000000e+00,-1.108022230051964874e+00,-1.108056177325807967e+00,-1.108157513683523110e+00,-1.108324583238773808e+00,-1.108554157952681640e+00,-1.108840702073551121e+00,-1.109175221214412588e+00,-1.109543605283832335e+00,-1.109924341763396161e+00,-1.110285478199507514e+00,-1.110580745685636472e+00,-1.110744833206898319e+00,-1.110687972974761850e+00,-1.110290286220574796e+00,-1.109396807677918151e+00,-1.107814822685649903e+00,-1.105316172370926164e+00,-1.101648552752910071e+00,-1.096561500736579431e+00,-1.089854433351757690e+00,-1.081454948942470518e+00,-1.071533559872493768e+00,-1.060651479248527762e+00,-1.049911054438504188e+00,-1.041013043245916370e+00,-1.035978385191264284e+00,-1.035978385164485260e+00,-1.041013043181005626e+00,-1.049911054372417496e+00,-1.060651479210919179e+00,-1.071533559854772610e+00,-1.081454948895083090e+00,-1.089854433212651186e+00,-1.096561500463976824e+00,-1.101648552366718548e+00,-1.105316171976859163e+00,-1.107814822416276268e+00,-1.109396807639029925e+00,-1.110290286457650710e+00,-1.110687973356454528e+00,-1.110744833488943151e+00,-1.110580745667659519e+00,-1.110285477639327167e+00,-1.109924340659420139e+00,-1.109543604035617914e+00,-1.109175220202378132e+00,-1.108840701980509991e+00,-1.108554159341856638e+00,-1.108324585935569040e+00,-1.108157516823650823e+00,-1.108056177785448071e+00,-1.108022228308564561e+00,-1.000000000000000000e+00,-1.000000000000000000e+00,-1.000000000000000000e+00,-1.000000000000000000e+00,-1.000000000000000000e+00,-1.000000000000000000e+00,-1.000000000000000000e+00,-1.000000000000000000e+00,-1.000000000000000000e+00,-1.000000000000000000e+00,-1.000000000000000000e+00,-1.000000000000000000e+00,-1.000000000000000000e+00,-1.000000000000000000e+00,-1.000000000000000000e+00,-1.000000000000000000e+00,-1.000000000000000000e+00,-1.000000000000000000e+00,-1.000000000000000000e+00,-1.000000000000000000e+00,-1.000000000000000000e+00,-1.000000000000000000e+00,-1.000000000000000000e+00,-1.000000000000000000e+00,-1.000000000000000000e+00,-1.000000000000000000e+00,-1.000000000000000000e+00,-1.000000000000000000e+00,-1.000000000000000000e+00,-1.000000000000000000e+00,-1.000000000000000000e+00,-1.000000000000000000e+00,-1.000000000000000000e+00,-1.000000000000000000e+00,-1.000000000000000000e+00,-1.000000000000000000e+00,-1.000000000000000000e+00,-1.000000000000000000e+00,-1.000000000000000000e+00,-1.000000000000000000e+00,-1.000000000000000000e+00,-1.000000000000000000e+00
-1.000000000000000000e+00,-1.000000000000000000e+00,-1.000000000000000000e+00,-1.000000000000000000e+00,-1.000000000000000000e+00,-1.000000000000000000e+00,-1.000000000000000000e+00,-1.000000000000000000e+00,-1.000000000000000000e+00,-1.000000000000000000e+00,-1.000000000000000000e+00,-1.000000000000000000e+00,-1.000000000000000000e+00,-1.000000000000000000e+00,-1.000000000000000000e+00,-1.000000000000000000e+00,-1.000000000000000000e+00,-1.000000000000000000e+00,-1.000000000000000000e+00,-1.000000000000000000e+00,-1.000000000000000000e+00,-1.000000000000000000e+00,-1.000000000000000000e+00,-1.000000000000000000e+00,-1.000000000000000000e+00,-1.000000000000000000e+00,-1.000000000000000000e+00,-1.000000000000000000e+00,-1.000000000000000000e+00,-1.000000000000000000e+00,-1.000000000000000000e+00,-1.000000000000000000e+00,-1.000000000000000000e+00,-1.000000000000000000e+00,-1.000000000000000000e+00,-1.000000000000000000e+00,-1.000000000000000000e+00,-1.000000000000000000e+00,-1.000000000000000000e+00,-1.000000000000000000e+00,-1.000000000000000000e+00,-1.000000000000000000e+00,-1.108024399063638255e+00,-1.108058323658296818e+00,-1.108159592135121940e+00,-1.108326549791196713e+00,-1.108555970806774260e+00,-1.108842321448111123e+00,-1.109176610235245164e+00,-1.109544731629659164e+00,-1.109925180598564154e+00,-1.110286016031310830e+00,-1.110580985682516841e+00,-1.110744802756687966e+00,-1.110687733356718221e+00,-1.110289944908771087e+00,-1.109396533461735501e+00,-1.107814862873785389e+00,-1.105316870651316119e+00,-1.101650364475913246e+00,-1.096564999613653502e+00,-1.089860299924669373e+00,-1.081463926435732414e+00,-1.071546358463678406e+00,-1.060668608872499474e+00,-1.049932577591443206e+00,-1.041038283353863836e+00,-1.036005748162503792e+00,-1.036005748154521511e+00,-1.041038283330802727e+00,-1.049932577553712054e+00,-1.060668608806029312e+00,-1.071546358330671467e+00,-1.081463926192015812e+00,-1.089860299550844625e+00,-1.096564999138978536e+00,-1.101650363994286064e+00,-1.105316870297499143e+00,-1.107814862741203887e+00,-1.109396533558260067e+00,-1.110289945130592537e+00,-1.110687733450266057e+00,-1.110744802471041570e+00,-1.110580984895790824e+00,-1.110286014718245395e+00,-1.109925179095033299e+00,-1.109544730533057688e+00,-1.109176610008043573e+00,-1.108842322675220426e+00,-1.108555973519398830e+00,-1.108326553001958592e+00,-1.108159594199816800e+00,-1.108058321767711796e+00,-1.108024394557248549e+00,-1.000000000000000000e+00,-1.000000000000000000e+00,-1.000000000000000000e+00,-1.000000000000000000e+00,-1.000000000000000000e+00,-1.000000000000000000e+00,-1.000000000000000000e+00,-1.000000000000000000e+00,-1.000000000000000000e+00,-1.000000000000000000e+00,-1.000000000000000000e+00,-1.000000000000000000e+00,-1.000000000000000000e+00,-1.000000000000000000e+00,-1.000000000000000000e+00,-1.000000000000000000e+00,-1.000000000000000000e+00,-1.000000000000000000e+00,-1.000000000000000000e+00,-1.000000000000000000e+00,-1.000000000000000000e+00,-1.000000000000000000e+00,-1.000000000000000000e+00,-1.000000000000000000e+00,-1.000000000000000000e+00,-1.000000000000000000e+00,-1.000000000000000000e+00,-1.000000000000000000e+00,-1.000000000000000000e+00,-1.000000000000000000e+00,-1.000000000000000000e+00,-1.000000000000000000e+00,-1.000000000000000000e+00,-1.000000000000000000e+00,-1.000000000000000000e+00,-1.000000000000000000e+00,-1.000000000000000000e+00,-1.000000000000000000e+00,-1.000000000000000000e+00,-1.000000000000000000e+00,-1.000000000000000000e+00,-1.000000000000000000e+00
-1.000000000000000000e+00,-1.000000000000000000e+00,-1.000000000000000000e+00,-1.000000000000000000e+00,-1.000000000000000000e+00,-1.000000000000000000e+00,-1.000000000000000000e+00,-1.000000000000000000e+00,-1.000000000000000000e+00,-1.000000000000000000e+00,-1.000000000000000000e+00,-1.000000000000000000e+00,-1.000000000000000000e+00,-1.000000000000000000e+00,-1.000000000000000000e+00,-1.000000000000000000e+00,-1.000000000000000000e+00,-1.000000000000000000e+00,-1.000000000000000000e+00,-1.000000000000000000e+00,-1.000000000000000000e+00,-1.000000000000000000e+00,-1.000000000000000000e+00,-1.000000000000000000e+00,-1.000000000000000000e+00,-1.000000000000000000e+00,-1.000000000000000000e+00,-1.000000000000000000e+00,-1.000000000000000000e+00,-1.000000000000000000e+00,-1.000000000000000000e+00,-1.000000000000000000e+00,-1.000000000000000000e+00,-1.000000000000000000e+00,-1.000000000000000000e+00,-1.000000000000000000e+00,-1.000000000000000000e+00,-1.000000000000000000e+00,-1.000000000000000000e+00,-1.000000000000000000e+00,-1.000000000000000000e+00,-1.000000000000000000e+00,-1.108025529726739844e+00,-1.108059440917175786e+00,-1.108160668757964373e+00,-1.108327558726336814e+00,-1.108556886747771753e+00,-1.108843120755169220e+00,-1.109177271362451478e+00,-1.109545235679022968e+00,-1.109925512971035255e+00,-1.110286168815248331e+00,-1.110580960732864053e+00,-1.110744616261912121e+00,-1.110687421738056901e+00,-1.110289572203186692e+00,-1.109396200417285039e+00,-1.107814717264139048e+00,-1.105317117919945691e+00,-1.101651276844457961e+00,-1.096566920063486883e+00,-1.089863635292052768e+00,-1.081469121041142900e+00,-1.071553836916550928e+00,-1.060678676137666088e+00,-1.049945271197060936e+00,-1.041053198984748906e+00,-1.036021932894342523e+00,-1.036021932906167065e+00,-1.041053199006045205e+00,-1.049945271193293950e+00,-1.060678676061709513e+00,-1.071553836725001041e+00,-1.081469120724554145e+00,-1.089863634891893085e+00,-1.096566919668751083e+00,-1.101651276570596805e+00,-1.105317117851541298e+00,-1.107814717387684889e+00,-1.109396200619002792e+00,-1.110289572283825965e+00,-1.110687421461162394e+00,-1.110744615530035340e+00,-1.110580959637621490e+00,-1.110286167611811647e+00,-1.109925512208623344e+00,-1.109545235895345705e+00,-1.109177272809092951e+00,-1.108843123518740370e+00,-1.108556890032680542e+00,-1.108327560917528043e+00,-1.108160668037944774e+00,-1.108059435413306204e+00,-1.108025521488136933e+00,-1.000000000000000000e+00,-1.000000000000000000e+00,-1.000000000000000000e+00,-1.000000000000000000e+00,-1.000000000000000000e+00,-1.000000000000000000e+00,-1.000000000000000000e+00,-1.000000000000000000e+00,-1.000000000000000000e+00,-1.000000000000000000e+00,-1.000000000000000000e+00,-1.000000000000000000e+00,-1.000000000000000000e+00,-1.000000000000000000e+00,-1.000000000000000000e+00,-1.000000000000000000e+00,-1.000000000000000000e+00,-1.000000000000000000e+00,-1.000000000000000000e+00,-1.000000000000000000e+00,-1.000000000000000000e+00,-1.000000000000000000e+00,-1.000000000000000000e+00,-1.000000000000000000e+00,-1.000000000000000000e+00,-1.000000000000000000e+00,-1.000000000000000000e+00,-1.000000000000000000e+00,-1.000000000000000000e+00,-1.000000000000000000e+00,-1.000000000000000000e+00,-1.000000000000000000e+00,-1.000000000000000000e+00,-1.000000000000000000e+00,-1.000000000000000000e+00,-1.000000000000000000e+00,-1.000000000000000000e+00,-1.000000000000000000e+00,-1.000000000000000000e+00,-1.000000000000000000e+00,-1.000000000000000000e+00,-1.000000000000000000e+00
-1.000000000000000000e+00,-1.000000000000000000e+00,-1.000000000000000000e+00,-1.000000000000000000e+00,-1.000000000000000000e+00,-1.000000000000000000e+00,-1.000000000000000000e+00,-1.000000000000000000e+00,-1.000000000000000000e+00,-1.000000000000000000e+00,-1.000000000000000000e+00,-1.000000000000000000e+00,-1.000000000000000000e+00,-1.000000000000000000e+00,-1.000000000000000000e+00,-1.000000000000000000e+00,-1.000000000000000000e+00,-1.000000000000000000e+00,-1.000000000000000000e+00,-1.000000000000000000e+00,-1.000000000000000000e+00,-1.000000000000000000e+00,-1.000000000000000000e+00,-1.000000000000000000e+00,-1.000000000000000000e+00,-1.000000000000000000e+00,-1.000000000000000000e+00,-1.000000000000000000e+00,-1.000000000000000000e+00,-1.000000000000000000e+00,-1.000000000000000000e+00,-1.000000000000000000e+00,-1.000000000000000000e+00,-1.000000000000000000e+00,-1.000000000000000000e+00,-1.000000000000000000e+00,-1.000000000000000000e+00,-1.000000000000000000e+00,-1.000000000000000000e+00,-1.000000000000000000e+00,-1.000000000000000000e+00,-1.000000000000000000e+00,-1.108025880521823492e+00,-1.108059788006747315e+00,-1.108161002968565789e+00,-1.108327869799386578e+00,-1.108557165691551827e+00,-1.108843359570979237e+00,-1.109177463243106398e+00,-1.109545374813954322e+00,-1.109925594863787168e+00,-1.110286191133835532e+00,-1.110580924214041199e+00,-1.110744526243013564e+00,-1.110687290220977008e+00,-1.110289420334018562e+00,-1.109396061581556125e+00,-1.107814640571976428e+00,-1.105317171733961157e+00,-1.101651551790673311e+00,-1.096567530324544570e+00,-1.089864716273547751e+00,-1.081470820589903514e+00,-1.071556296303200817e+00,-1.060681996824143880e+00,-1.049949465678213789e+00,-1.041058132757095134e+00,-1.036027288914804334e+00,-1.036027288933970558e+00,-1.041058132790878332e+00,-1.049949465672123772e+00,-1.060681996719040843e+00,-1.071556296069617886e+00,-1.081470820258710663e+00,-1.089864715929538264e+00,-1.096567530074623598e+00,-1.101651551716903654e+00,-1.105317171832323808e+00,-1.107814640729128941e+00,-1.109396061621410023e+00,-1.110289420067388733e+00,-1.110687289540581268e+00,-1.110744525254367066e+00,-1.110580923187450386e+00,-1.110286190463264155e+00,-1.109925595046167057e+00,-1.109545376058916677e+00,-1.109177465373685001e+00,-1.108843362024945600e+00,-1.108557167030820523e+00,-1.108327868353539580e+00,-1.108160997404529002e+00,-1.108059778048865462e+00,-1.108025868555112314e+00,-1.000000000000000000e+00,-1.000000000000000000e+00,-1.000000000000000000e+00,-1.000000000000000000e+00,-1.000000000000000000e+00,-1.000000000000000000e+00,-1.000000000000000000e+00,-1.000000000000000000e+00,-1.000000000000000000e+00,-1.000000000000000000e+00,-1.000000000000000000e+00,-1.000000000000000000e+00,-1.000000000000000000e+00,-1.000000000000000000e+00,-1.000000000000000000e+00,-1.000000000000000000e+00,-1.000000000000000000e+00,-1.000000000000000000e+00,-1.000000000000000000e+00,-1.000000000000000000e+00,-1.000000000000000000e+00,-1.000000000000000000e+00,-1.000000000000000000e+00,-1.000000000000000000e+00,-1.000000000000000000e+00,-1.000000000000000000e+00,-1.000000000000000000e+00,-1.000000000000000000e+00,-1.000000000000000000e+00,-1.000000000000000000e+00,-1.000000000000000000e+00,-1.000000000000000000e+00,-1.000000000000000000e+00,-1.000000000000000000e+00,-1.000000000000000000e+00,-1.000000000000000000e+00,-1.000000000000000000e+00,-1.000000000000000000e+00,-1.000000000000000000e+00,-1.000000000000000000e+00,-1.000000000000000000e+00,-1.000000000000000000e+00
