-1.000000000000000000e+00,-1.000000000000000000e+00,-1.000000000000000000e+00,-1.000000000000000000e+00,-1.000000000000000000e+00,-1.000000000000000000e+00,-1.000000000000000000e+00,-1.000000000000000000e+00,-1.000000000000000000e+00,-1.000000000000000000e+00,-1.000000000000000000e+00,-1.000000000000000000e+00,-1.000000000000000000e+00,-1.000000000000000000e+00,-1.000000000000000000e+00,-1.000000000000000000e+00,-1.000000000000000000e+00,-1.000000000000000000e+00,-1.000000000000000000e+00,-1.000000000000000000e+00,-1.000000000000000000e+00,-1.000000000000000000e+00,-1.000000000000000000e+00,-1.000000000000000000e+00,-1.000000000000000000e+00,-1.000000000000000000e+00,-1.000000000000000000e+00,-1.000000000000000000e+00,-1.000000000000000000e+00,-1.000000000000000000e+00,-1.000000000000000000e+00,-1.000000000000000000e+00,-1.000000000000000000e+00,-1.000000000000000000e+00,-1.000000000000000000e+00,-1.000000000000000000e+00,-1.000000000000000000e+00,-1.000000000000000000e+00,-1.000000000000000000e+00,-1.000000000000000000e+00,-1.000000000000000000e+00,-1.000000000000000000e+00,-1.208253072298928199e+00,-1.208058224261741698e+00,-1.207455534982740275e+00,-1.206389992590147786e+00,-1.204768006758522025e+00,-1.202454617077572507e+00,-1.199269726687397064e+00,-1.194983535528580276e+00,-1.189311451333179059e+00,-1.181908912278593737e+00,-1.172366791900906424e+00,-1.160208415302384166e+00,-1.144889755659586505e+00,-1.125805184906480738e+00,-1.102302333354920227e+00,-1.073711305237617708e+00,-1.039395836307435372e+00,-9.988370274144184879e-01,-9.517638414399534064e-01,-8.983476921776506474e-01,-8.394785343127518784e-01,-7.771302797121490968e-01,-7.147887765571218077e-01,-6.578217923115902144e-01,-6.134431808258427044e-01,-5.894044782994302123e-01,-5.894044783202549986e-01,-6.134431808925993046e-01,-6.578217924324181176e-01,-7.147887767347902432e-01,-7.771302799400376937e-01,-8.394785345790536368e-01,-8.983476924713649225e-01,-9.517638417530351891e-01,-9.988370277401156239e-01,-1.039395836638332460e+00,-1.073711305567210950e+00,-1.102302333681502988e+00,-1.125805185234396433e+00,-1.144889755995105451e+00,-1.160208415648099400e+00,-1.172366792256422929e+00,-1.181908912643724330e+00,-1.189311451709176737e+00,-1.194983535913733075e+00,-1.199269727074482539e+00,-1.202454617462294539e+00,-1.204768007137099861e+00,-1.206389992956811374e+00,-1.207455535309664318e+00,-1.208058224560274896e+00,-1.208253072580993237e+00,-1.000000000000000000e+00,-1.000000000000000000e+00,-1.000000000000000000e+00,-1.000000000000000000e+00,-1.000000000000000000e+00,-1.000000000000000000e+00,-1.000000000000000000e+00,-1.000000000000000000e+00,-1.000000000000000000e+00,-1.000000000000000000e+00,-1.000000000000000000e+00,-1.000000000000000000e+00,-1.000000000000000000e+00,-1.000000000000000000e+00,-1.000000000000000000e+00,-1.000000000000000000e+00,-1.000000000000000000e+00,-1.000000000000000000e+00,-1.000000000000000000e+00,-1.000000000000000000e+00,-1.000000000000000000e+00,-1.000000000000000000e+00,-1.000000000000000000e+00,-1.000000000000000000e+00,-1.000000000000000000e+00,-1.000000000000000000e+00,-1.000000000000000000e+00,-1.000000000000000000e+00,-1.000000000000000000e+00,-1.000000000000000000e+00,-1.000000000000000000e+00,-1.000000000000000000e+00,-1.000000000000000000e+00,-1.000000000000000000e+00,-1.000000000000000000e+00,-1.000000000000000000e+00,-1.000000000000000000e+00,-1.000000000000000000e+00,-1.000000000000000000e+00,-1.000000000000000000e+00,-1.000000000000000000e+00,-1.000000000000000000e+00
-1.000000000000000000e+00,-1.000000000000000000e+00,-1.000000000000000000e+00,-1.000000000000000000e+00,-1.000000000000000000e+00,-1.000000000000000000e+00,-1.000000000000000000e+00,-1.000000000000000000e+00,-1.000000000000000000e+00,-1.000000000000000000e+00,-1.000000000000000000e+00,-1.000000000000000000e+00,-1.000000000000000000e+00,-1.000000000000000000e+00,-1.000000000000000000e+00,-1.000000000000000000e+00,-1.000000000000000000e+00,-1.000000000000000000e+00,-1.000000000000000000e+00,-1.000000000000000000e+00,-1.000000000000000000e+00,-1.000000000000000000e+00,-1.000000000000000000e+00,-1.000000000000000000e+00,-1.000000000000000000e+00,-1.000000000000000000e+00,-1.000000000000000000e+00,-1.000000000000000000e+00,-1.000000000000000000e+00,-1.000000000000000000e+00,-1.000000000000000000e+00,-1.000000000000000000e+00,-1.000000000000000000e+00,-1.000000000000000000e+00,-1.000000000000000000e+00,-1.000000000000000000e+00,-1.000000000000000000e+00,-1.000000000000000000e+00,-1.000000000000000000e+00,-1.000000000000000000e+00,-1.000000000000000000e+00,-1.000000000000000000e+00,-1.208171230019370990e+00,-1.207976338293121898e+00,-1.207373514660392555e+00,-1.206307737278852876e+00,-1.204685398897791471e+00,-1.202371514691004117e+00,-1.199185955207803023e+00,-1.194898878807931775e+00,-1.189225641747297058e+00,-1.181821619914193766e+00,-1.172277612939335301e+00,-1.160116859907961873e+00,-1.144795235964663149e+00,-1.125707004120559240e+00,-1.102199677676668710e+00,-1.073603241209595716e+00,-1.039281317637403834e+00,-9.987149172228813043e-01,-9.516329584655908169e-01,-8.982068925845092533e-01,-8.393268438060342840e-01,-7.769670918760656075e-01,-7.146141280730031742e-01,-6.576367032099368348e-01,-6.132499840609497710e-01,-5.892069053968884695e-01,-5.892069054145778750e-01,-6.132499841179085420e-01,-6.576367033139233209e-01,-7.146141282282857388e-01,-7.769670920800042513e-01,-8.393268440514536355e-01,-8.982068928639879157e-01,-9.516329587729089878e-01,-9.987149175509827392e-01,-1.039281317976058272e+00,-1.073603241547313569e+00,-1.102199678006878791e+00,-1.125707004445826831e+00,-1.144795236292817098e+00,-1.160116860243709969e+00,-1.172277613282432851e+00,-1.181821620262627048e+00,-1.189225642101434222e+00,-1.194898879168662109e+00,-1.199185955573313089e+00,-1.202371515061441798e+00,-1.204685399269588952e+00,-1.206307737640958111e+00,-1.207373514981484153e+00,-1.207976338594123789e+00,-1.208171230306861466e+00,-1.000000000000000000e+00,-1.000000000000000000e+00,-1.000000000000000000e+00,-1.000000000000000000e+00,-1.000000000000000000e+00,-1.000000000000000000e+00,-1.000000000000000000e+00,-1.000000000000000000e+00,-1.000000000000000000e+00,-1.000000000000000000e+00,-1.000000000000000000e+00,-1.000000000000000000e+00,-1.000000000000000000e+00,-1.000000000000000000e+00,-1.000000000000000000e+00,-1.000000000000000000e+00,-1.000000000000000000e+00,-1.000000000000000000e+00,-1.000000000000000000e+00,-1.000000000000000000e+00,-1.000000000000000000e+00,-1.000000000000000000e+00,-1.000000000000000000e+00,-1.000000000000000000e+00,-1.000000000000000000e+00,-1.000000000000000000e+00,-1.000000000000000000e+00,-1.000000000000000000e+00,-1.000000000000000000e+00,-1.000000000000000000e+00,-1.000000000000000000e+00,-1.000000000000000000e+00,-1.000000000000000000e+00,-1.000000000000000000e+00,-1.000000000000000000e+00,-1.000000000000000000e+00,-1.000000000000000000e+00,-1.000000000000000000e+00,-1.000000000000000000e+00,-1.000000000000000000e+00,-1.000000000000000000e+00,-1.000000000000000000e+00
-1.000000000000000000e+00,-1.000000000000000000e+00,-1.000000000000000000e+00,-1.000000000000000000e+00,-1.000000000000000000e+00,-1.000000000000000000e+00,-1.000000000000000000e+00,-1.000000000000000000e+00,-1.000000000000000000e+00,-1.000000000000000000e+00,-1.000000000000000000e+00,-1.000000000000000000e+00,-1.000000000000000000e+00,-1.000000000000000000e+00,-1.000000000000000000e+00,-1.000000000000000000e+00,-1.000000000000000000e+00,-1.000000000000000000e+00,-1.000000000000000000e+00,-1.000000000000000000e+00,-1.000000000000000000e+00,-1.000000000000000000e+00,-1.000000000000000000e+00,-1.000000000000000000e+00,-1.000000000000000000e+00,-1.000000000000000000e+00,-1.000000000000000000e+00,-1.000000000000000000e+00,-1.000000000000000000e+00,-1.000000000000000000e+00,-1.000000000000000000e+00,-1.000000000000000000e+00,-1.000000000000000000e+00,-1.000000000000000000e+00,-1.000000000000000000e+00,-1.000000000000000000e+00,-1.000000000000000000e+00,-1.000000000000000000e+00,-1.000000000000000000e+00,-1.000000000000000000e+00,-1.000000000000000000e+00,-1.000000000000000000e+00,-1.207925654573574370e+00,-1.207730631571027669e+00,-1.207127404268567128e+00,-1.206060920930747127e+00,-1.204437523475106575e+00,-1.202122153777565483e+00,-1.198934584579654183e+00,-1.194644849455107183e+00,-1.188968150167359017e+00,-1.181559675655572628e+00,-1.172010003739506256e+00,-1.159842115344917879e+00,-1.144511591402113115e+00,-1.125412368032387977e+00,-1.101891607388138405e+00,-1.073278934975787191e+00,-1.038937635137629600e+00,-9.983484463602418924e-01,-9.512401540750240470e-01,-8.977843219884101833e-01,-8.388715833464293059e-01,-7.764773221708797246e-01,-7.140899599686465482e-01,-6.570811988610779641e-01,-6.126701459121157711e-01,-5.886139330944171189e-01,-5.886139331150259668e-01,-6.126701459743574274e-01,-6.570811989647045159e-01,-7.140899601113850359e-01,-7.764773223493386389e-01,-8.388715835576260327e-01,-8.977843222311895355e-01,-9.512401543491852962e-01,-9.983484466636127763e-01,-1.038937635463397458e+00,-1.073278935312727000e+00,-1.101891607725131284e+00,-1.125412368364303140e+00,-1.144511591730470679e+00,-1.159842115673083374e+00,-1.172010004070258571e+00,-1.181559675989686919e+00,-1.188968150504971399e+00,-1.194644849795401198e+00,-1.198934584919746138e+00,-1.202122154117977626e+00,-1.204437523818793654e+00,-1.206060921278071962e+00,-1.207127404592573727e+00,-1.207730631891853701e+00,-1.207925654880881883e+00,-1.000000000000000000e+00,-1.000000000000000000e+00,-1.000000000000000000e+00,-1.000000000000000000e+00,-1.000000000000000000e+00,-1.000000000000000000e+00,-1.000000000000000000e+00,-1.000000000000000000e+00,-1.000000000000000000e+00,-1.000000000000000000e+00,-1.000000000000000000e+00,-1.000000000000000000e+00,-1.000000000000000000e+00,-1.000000000000000000e+00,-1.000000000000000000e+00,-1.000000000000000000e+00,-1.000000000000000000e+00,-1.000000000000000000e+00,-1.000000000000000000e+00,-1.000000000000000000e+00,-1.000000000000000000e+00,-1.000000000000000000e+00,-1.000000000000000000e+00,-1.000000000000000000e+00,-1.000000000000000000e+00,-1.000000000000000000e+00,-1.000000000000000000e+00,-1.000000000000000000e+00,-1.000000000000000000e+00,-1.000000000000000000e+00,-1.000000000000000000e+00,-1.000000000000000000e+00,-1.000000000000000000e+00,-1.000000000000000000e+00,-1.000000000000000000e+00,-1.000000000000000000e+00,-1.000000000000000000e+00,-1.000000000000000000e+00,-1.000000000000000000e+00,-1.000000000000000000e+00,-1.000000000000000000e+00,-1.000000000000000000e+00
-1.000000000000000000e+00,-1.000000000000000000e+00,-1.000000000000000000e+00,-1.000000000000000000e+00,-1.000000000000000000e+00,-1.000000000000000000e+00,-1.000000000000000000e+00,-1.000000000000000000e+00,-1.000000000000000000e+00,-1.000000000000000000e+00,-1.000000000000000000e+00,-1.000000000000000000e+00,-1.000000000000000000e+00,-1.000000000000000000e+00,-1.000000000000000000e+00,-1.000000000000000000e+00,-1.000000000000000000e+00,-1.000000000000000000e+00,-1.000000000000000000e+00,-1.000000000000000000e+00,-1.000000000000000000e+00,-1.000000000000000000e+00,-1.000000000000000000e+00,-1.000000000000000000e+00,-1.000000000000000000e+00,-1.000000000000000000e+00,-1.000000000000000000e+00,-1.000000000000000000e+00,-1.000000000000000000e+00,-1.000000000000000000e+00,-1.000000000000000000e+00,-1.000000000000000000e+00,-1.000000000000000000e+00,-1.000000000000000000e+00,-1.000000000000000000e+00,-1.000000000000000000e+00,-1.000000000000000000e+00,-1.000000000000000000e+00,-1.000000000000000000e+00,-1.000000000000000000e+00,-1.000000000000000000e+00,-1.000000000000000000e+00,-1.207516200605983858e+00,-1.207320958142406031e+00,-1.206717056038749902e+00,-1.205649392728512792e+00,-1.204024225331477238e+00,-1.201706373441375986e+00,-1.198515446631754688e+00,-1.194221270314163919e+00,-1.188538788538934909e+00,-1.181122878393820130e+00,-1.171563747702172087e+00,-1.159383946772674090e+00,-1.144038565794795792e+00,-1.124920995673345248e+00,-1.101377812924087873e+00,-1.072738044264180957e+00,-1.038364409509872521e+00,-9.977371941407010558e-01,-9.505849620583685100e-01,-8.970794651408433573e-01,-8.381121863118048410e-01,-7.756603521823369762e-01,-7.132156044380966176e-01,-6.561545682582576866e-01,-6.117029229175716676e-01,-5.876248006749714703e-01,-5.876248006956257264e-01,-6.117029229793298217e-01,-6.561545683589270483e-01,-7.132156045725355220e-01,-7.756603523445522175e-01,-8.381121864979584890e-01,-8.970794653515588024e-01,-9.505849622971378476e-01,-9.977371944097870315e-01,-1.038364409807226663e+00,-1.072738044583068318e+00,-1.101377813255905780e+00,-1.124920996011789853e+00,-1.144038566136202251e+00,-1.159383947112937463e+00,-1.171563748037305341e+00,-1.181122878721110991e+00,-1.188538788859059059e+00,-1.194221270630744236e+00,-1.198515446948040575e+00,-1.201706373760712543e+00,-1.204024225659774183e+00,-1.205649393073190634e+00,-1.206717056373967534e+00,-1.207320958477237305e+00,-1.207516200923607563e+00,-1.000000000000000000e+00,-1.000000000000000000e+00,-1.000000000000000000e+00,-1.000000000000000000e+00,-1.000000000000000000e+00,-1.000000000000000000e+00,-1.000000000000000000e+00,-1.000000000000000000e+00,-1.000000000000000000e+00,-1.000000000000000000e+00,-1.000000000000000000e+00,-1.000000000000000000e+00,-1.000000000000000000e+00,-1.000000000000000000e+00,-1.000000000000000000e+00,-1.000000000000000000e+00,-1.000000000000000000e+00,-1.000000000000000000e+00,-1.000000000000000000e+00,-1.000000000000000000e+00,-1.000000000000000000e+00,-1.000000000000000000e+00,-1.000000000000000000e+00,-1.000000000000000000e+00,-1.000000000000000000e+00,-1.000000000000000000e+00,-1.000000000000000000e+00,-1.000000000000000000e+00,-1.000000000000000000e+00,-1.000000000000000000e+00,-1.000000000000000000e+00,-1.000000000000000000e+00,-1.000000000000000000e+00,-1.000000000000000000e+00,-1.000000000000000000e+00,-1.000000000000000000e+00,-1.000000000000000000e+00,-1.000000000000000000e+00,-1.000000000000000000e+00,-1.000000000000000000e+00,-1.000000000000000000e+00,-1.000000000000000000e+00
-1.000000000000000000e+00,-1.000000000000000000e+00,-1.000000000000000000e+00,-1.000000000000000000e+00,-1.000000000000000000e+00,-1.000000000000000000e+00,-1.000000000000000000e+00,-1.000000000000000000e+00,-1.000000000000000000e+00,-1.000000000000000000e+00,-1.000000000000000000e+00,-1.000000000000000000e+00,-1.000000000000000000e+00,-1.000000000000000000e+00,-1.000000000000000000e+00,-1.000000000000000000e+00,-1.000000000000000000e+00,-1.000000000000000000e+00,-1.000000000000000000e+00,-1.000000000000000000e+00,-1.000000000000000000e+00,-1.000000000000000000e+00,-1.000000000000000000e+00,-1.000000000000000000e+00,-1.000000000000000000e+00,-1.000000000000000000e+00,-1.000000000000000000e+00,-1.000000000000000000e+00,-1.000000000000000000e+00,-1.000000000000000000e+00,-1.000000000000000000e+00,-1.000000000000000000e+00,-1.000000000000000000e+00,-1.000000000000000000e+00,-1.000000000000000000e+00,-1.000000000000000000e+00,-1.000000000000000000e+00,-1.000000000000000000e+00,-1.000000000000000000e+00,-1.000000000000000000e+00,-1.000000000000000000e+00,-1.000000000000000000e+00,-1.206942627228131171e+00,-1.206747076143381614e+00,-1.206142225126217937e+00,-1.205072902746864960e+00,-1.203445247259122164e+00,-1.201123906840972921e+00,-1.197928262326172666e+00,-1.193627847309624235e+00,-1.187937244566633188e+00,-1.180510894024182411e+00,-1.170938484851656858e+00,-1.158741963753236792e+00,-1.143375733076621215e+00,-1.124232419585950771e+00,-1.100657779089103006e+00,-1.071979999286248653e+00,-1.037561009170987703e+00,-9.968804599220574270e-01,-9.496666058335507810e-01,-8.960914636826272650e-01,-8.370477086963478142e-01,-7.745151515789934216e-01,-7.119899488374727969e-01,-6.548556267725615943e-01,-6.103470763809883959e-01,-5.862382407096273784e-01,-5.862382407299882026e-01,-6.103470764411786931e-01,-6.548556268691607674e-01,-7.119899489644803126e-01,-7.745151517297939048e-01,-8.370477088666304910e-01,-8.960914638725889780e-01,-9.496666060468057502e-01,-9.968804601626116701e-01,-1.037561009439913473e+00,-1.071979999579729892e+00,-1.100657779400233460e+00,-1.124232419909255043e+00,-1.143375733408804162e+00,-1.158741964089532006e+00,-1.170938485185422762e+00,-1.180510894348687945e+00,-1.187937244877546261e+00,-1.193627847606661740e+00,-1.197928262614490036e+00,-1.201123907129449275e+00,-1.203445247555400055e+00,-1.205072903057932354e+00,-1.206142225431182879e+00,-1.206747076455031875e+00,-1.206942627533656331e+00,-1.000000000000000000e+00,-1.000000000000000000e+00,-1.000000000000000000e+00,-1.000000000000000000e+00,-1.000000000000000000e+00,-1.000000000000000000e+00,-1.000000000000000000e+00,-1.000000000000000000e+00,-1.000000000000000000e+00,-1.000000000000000000e+00,-1.000000000000000000e+00,-1.000000000000000000e+00,-1.000000000000000000e+00,-1.000000000000000000e+00,-1.000000000000000000e+00,-1.000000000000000000e+00,-1.000000000000000000e+00,-1.000000000000000000e+00,-1.000000000000000000e+00,-1.000000000000000000e+00,-1.000000000000000000e+00,-1.000000000000000000e+00,-1.000000000000000000e+00,-1.000000000000000000e+00,-1.000000000000000000e+00,-1.000000000000000000e+00,-1.000000000000000000e+00,-1.000000000000000000e+00,-1.000000000000000000e+00,-1.000000000000000000e+00,-1.000000000000000000e+00,-1.000000000000000000e+00,-1.000000000000000000e+00,-1.000000000000000000e+00,-1.000000000000000000e+00,-1.000000000000000000e+00,-1.000000000000000000e+00,-1.000000000000000000e+00,-1.000000000000000000e+00,-1.000000000000000000e+00,-1.000000000000000000e+00,-1.000000000000000000e+00
-1.000000000000000000e+00,-1.000000000000000000e+00,-1.000000000000000000e+00,-1.000000000000000000e+00,-1.000000000000000000e+00,-1.000000000000000000e+00,-1.000000000000000000e+00,-1.000000000000000000e+00,-1.000000000000000000e+00,-1.000000000000000000e+00,-1.000000000000000000e+00,-1.000000000000000000e+00,-1.000000000000000000e+00,-1.000000000000000000e+00,-1.000000000000000000e+00,-1.000000000000000000e+00,-1.000000000000000000e+00,-1.000000000000000000e+00,-1.000000000000000000e+00,-1.000000000000000000e+00,-1.000000000000000000e+00,-1.000000000000000000e+00,-1.000000000000000000e+00,-1.000000000000000000e+00,-1.000000000000000000e+00,-1.000000000000000000e+00,-1.000000000000000000e+00,-1.000000000000000000e+00,-1.000000000000000000e+00,-1.000000000000000000e+00,-1.000000000000000000e+00,-1.000000000000000000e+00,-1.000000000000000000e+00,-1.000000000000000000e+00,-1.000000000000000000e+00,-1.000000000000000000e+00,-1.000000000000000000e+00,-1.000000000000000000e+00,-1.000000000000000000e+00,-1.000000000000000000e+00,-1.000000000000000000e+00,-1.000000000000000000e+00,-1.206204600073608413e+00,-1.206008649796381338e+00,-1.205402571519301969e+00,-1.204331103830319716e+00,-1.202700231878280235e+00,-1.200374383057602135e+00,-1.197172643588020113e+00,-1.192864171208585011e+00,-1.187163083384999762e+00,-1.179723257010478532e+00,-1.170133713287944133e+00,-1.157915621590847266e+00,-1.142522498521207241e+00,-1.123345986945065711e+00,-1.099730786080173495e+00,-1.071004003674332905e+00,-1.036526551117965766e+00,-9.957772639056161612e-01,-9.484839991818565519e-01,-8.948191168135976037e-01,-8.356768297177167293e-01,-7.730402786697929685e-01,-7.104114362122126991e-01,-6.531827166648158656e-01,-6.086008728715155414e-01,-5.844524795413235108e-01,-5.844524795605878786e-01,-6.086008729288009400e-01,-6.531827167580419591e-01,-7.104114363369649077e-01,-7.730402788195138708e-01,-8.356768298857650823e-01,-8.948191169957203650e-01,-9.484839993774538680e-01,-9.957772641181513729e-01,-1.036526551352826564e+00,-1.071004003934655557e+00,-1.099730786364679913e+00,-1.123345987249624978e+00,-1.142522498839833700e+00,-1.157915621915207582e+00,-1.170133713609869286e+00,-1.179723257325446806e+00,-1.187163083691292531e+00,-1.192864171503069892e+00,-1.197172643869841568e+00,-1.200374383334777306e+00,-1.202700232159807703e+00,-1.204331104121531881e+00,-1.205402571803160683e+00,-1.206008650087269984e+00,-1.206204600366233004e+00,-1.000000000000000000e+00,-1.000000000000000000e+00,-1.000000000000000000e+00,-1.000000000000000000e+00,-1.000000000000000000e+00,-1.000000000000000000e+00,-1.000000000000000000e+00,-1.000000000000000000e+00,-1.000000000000000000e+00,-1.000000000000000000e+00,-1.000000000000000000e+00,-1.000000000000000000e+00,-1.000000000000000000e+00,-1.000000000000000000e+00,-1.000000000000000000e+00,-1.000000000000000000e+00,-1.000000000000000000e+00,-1.000000000000000000e+00,-1.000000000000000000e+00,-1.000000000000000000e+00,-1.000000000000000000e+00,-1.000000000000000000e+00,-1.000000000000000000e+00,-1.000000000000000000e+00,-1.000000000000000000e+00,-1.000000000000000000e+00,-1.000000000000000000e+00,-1.000000000000000000e+00,-1.000000000000000000e+00,-1.000000000000000000e+00,-1.000000000000000000e+00,-1.000000000000000000e+00,-1.000000000000000000e+00,-1.000000000000000000e+00,-1.000000000000000000e+00,-1.000000000000000000e+00,-1.000000000000000000e+00,-1.000000000000000000e+00,-1.000000000000000000e+00,-1.000000000000000000e+00,-1.000000000000000000e+00,-1.000000000000000000e+00
-1.000000000000000000e+00,-1.000000000000000000e+00,-1.000000000000000000e+00,-1.000000000000000000e+00,-1.000000000000000000e+00,-1.000000000000000000e+00,-1.000000000000000000e+00,-1.000000000000000000e+00,-1.000000000000000000e+00,-1.000000000000000000e+00,-1.000000000000000000e+00,-1.000000000000000000e+00,-1.000000000000000000e+00,-1.000000000000000000e+00,-1.000000000000000000e+00,-1.000000000000000000e+00,-1.000000000000000000e+00,-1.000000000000000000e+00,-1.000000000000000000e+00,-1.000000000000000000e+00,-1.000000000000000000e+00,-1.000000000000000000e+00,-1.000000000000000000e+00,-1.000000000000000000e+00,-1.000000000000000000e+00,-1.000000000000000000e+00,-1.000000000000000000e+00,-1.000000000000000000e+00,-1.000000000000000000e+00,-1.000000000000000000e+00,-1.000000000000000000e+00,-1.000000000000000000e+00,-1.000000000000000000e+00,-1.000000000000000000e+00,-1.000000000000000000e+00,-1.000000000000000000e+00,-1.000000000000000000e+00,-1.000000000000000000e+00,-1.000000000000000000e+00,-1.000000000000000000e+00,-1.000000000000000000e+00,-1.000000000000000000e+00,-1.205301694304892646e+00,-1.205105252446282194e+00,-1.204497663068750057e+00,-1.203423554540508311e+00,-1.201788724471492875e+00,-1.199457329813145900e+00,-1.196248095907939568e+00,-1.191929720105653789e+00,-1.186215749920580986e+00,-1.178759372615321821e+00,-1.169148791274829957e+00,-1.156904223270174503e+00,-1.141478100524566441e+00,-1.122260861179137592e+00,-1.098595910940164844e+00,-1.069809035764892613e+00,-1.035259902047651170e+00,-9.944263481108526204e-01,-9.470357471061104926e-01,-8.932608820672693906e-01,-8.339978525386119168e-01,-7.712338810974708192e-01,-7.084780659841729555e-01,-6.511337077862906497e-01,-6.064620849501924926e-01,-5.822652380321804433e-01,-5.822652380477814082e-01,-6.064620849981232631e-01,-6.511337078684229507e-01,-7.084780661001350843e-01,-7.712338812426804413e-01,-8.339978527055372792e-01,-8.932608822485422762e-01,-9.470357472973853774e-01,-9.944263483126135617e-01,-1.035259902264131560e+00,-1.069809036000588076e+00,-1.098595911197286723e+00,-1.122260861457289982e+00,-1.141478100819950825e+00,-1.156904223574693136e+00,-1.169148791578521696e+00,-1.178759372912802750e+00,-1.186215750213919673e+00,-1.191929720396428083e+00,-1.196248096192743970e+00,-1.199457330094261032e+00,-1.201788724754223159e+00,-1.203423554824263109e+00,-1.204497663334050062e+00,-1.205105252706142105e+00,-1.205301694564668624e+00,-1.000000000000000000e+00,-1.000000000000000000e+00,-1.000000000000000000e+00,-1.000000000000000000e+00,-1.000000000000000000e+00,-1.000000000000000000e+00,-1.000000000000000000e+00,-1.000000000000000000e+00,-1.000000000000000000e+00,-1.000000000000000000e+00,-1.000000000000000000e+00,-1.000000000000000000e+00,-1.000000000000000000e+00,-1.000000000000000000e+00,-1.000000000000000000e+00,-1.000000000000000000e+00,-1.000000000000000000e+00,-1.000000000000000000e+00,-1.000000000000000000e+00,-1.000000000000000000e+00,-1.000000000000000000e+00,-1.000000000000000000e+00,-1.000000000000000000e+00,-1.000000000000000000e+00,-1.000000000000000000e+00,-1.000000000000000000e+00,-1.000000000000000000e+00,-1.000000000000000000e+00,-1.000000000000000000e+00,-1.000000000000000000e+00,-1.000000000000000000e+00,-1.000000000000000000e+00,-1.000000000000000000e+00,-1.000000000000000000e+00,-1.000000000000000000e+00,-1.000000000000000000e+00,-1.000000000000000000e+00,-1.000000000000000000e+00,-1.000000000000000000e+00,-1.000000000000000000e+00,-1.000000000000000000e+00,-1.000000000000000000e+00
-1.000000000000000000e+00,-1.000000000000000000e+00,-1.000000000000000000e+00,-1.000000000000000000e+00,-1.000000000000000000e+00,-1.000000000000000000e+00,-1.000000000000000000e+00,-1.000000000000000000e+00,-1.000000000000000000e+00,-1.000000000000000000e+00,-1.000000000000000000e+00,-1.000000000000000000e+00,-1.000000000000000000e+00,-1.000000000000000000e+00,-1.000000000000000000e+00,-1.000000000000000000e+00,-1.000000000000000000e+00,-1.000000000000000000e+00,-1.000000000000000000e+00,-1.000000000000000000e+00,-1.000000000000000000e+00,-1.000000000000000000e+00,-1.000000000000000000e+00,-1.000000000000000000e+00,-1.000000000000000000e+00,-1.000000000000000000e+00,-1.000000000000000000e+00,-1.000000000000000000e+00,-1.000000000000000000e+00,-1.000000000000000000e+00,-1.000000000000000000e+00,-1.000000000000000000e+00,-1.000000000000000000e+00,-1.000000000000000000e+00,-1.000000000000000000e+00,-1.000000000000000000e+00,-1.000000000000000000e+00,-1.000000000000000000e+00,-1.000000000000000000e+00,-1.000000000000000000e+00,-1.000000000000000000e+00,-1.000000000000000000e+00,-1.204233398233393926e+00,-1.204036370164298209e+00,-1.203426979069289970e+00,-1.202349722710911895e+00,-1.200710176480536795e+00,-1.198372176874318074e+00,-1.195154021623483276e+00,-1.190823862556719126e+00,-1.185094571859210744e+00,-1.177618519686766563e+00,-1.167982939834111500e+00,-1.155706921848933533e+00,-1.140241612792429082e+00,-1.120976023954772582e+00,-1.097252029346281077e+00,-1.068393850198775974e+00,-1.033759679776873108e+00,-9.928261776246508630e-01,-9.453201469229430831e-01,-8.914148762688987038e-01,-8.320087051229070330e-01,-7.690936966293075994e-01,-7.061873947101822147e-01,-6.487059983294182208e-01,-6.039279919260759355e-01,-5.796737323277780796e-01,-5.796737323423999388e-01,-6.039279919712048361e-01,-6.487059984071054108e-01,-7.061873948204966389e-01,-7.690936967684417480e-01,-8.320087052836817598e-01,-8.914148764438211137e-01,-9.453201471075634021e-01,-9.928261778191314058e-01,-1.033759679984700197e+00,-1.068393850423076996e+00,-1.097252029587423072e+00,-1.120976024210681876e+00,-1.140241613059281178e+00,-1.155706922121803037e+00,-1.167982940107207490e+00,-1.177618519956122434e+00,-1.185094572127781687e+00,-1.190823862830801216e+00,-1.195154021901454255e+00,-1.198372177154031881e+00,-1.200710176762828318e+00,-1.202349722989556113e+00,-1.203426979320936230e+00,-1.204036370399649281e+00,-1.204233398464655602e+00,-1.000000000000000000e+00,-1.000000000000000000e+00,-1.000000000000000000e+00,-1.000000000000000000e+00,-1.000000000000000000e+00,-1.000000000000000000e+00,-1.000000000000000000e+00,-1.000000000000000000e+00,-1.000000000000000000e+00,-1.000000000000000000e+00,-1.000000000000000000e+00,-1.000000000000000000e+00,-1.000000000000000000e+00,-1.000000000000000000e+00,-1.000000000000000000e+00,-1.000000000000000000e+00,-1.000000000000000000e+00,-1.000000000000000000e+00,-1.000000000000000000e+00,-1.000000000000000000e+00,-1.000000000000000000e+00,-1.000000000000000000e+00,-1.000000000000000000e+00,-1.000000000000000000e+00,-1.000000000000000000e+00,-1.000000000000000000e+00,-1.000000000000000000e+00,-1.000000000000000000e+00,-1.000000000000000000e+00,-1.000000000000000000e+00,-1.000000000000000000e+00,-1.000000000000000000e+00,-1.000000000000000000e+00,-1.000000000000000000e+00,-1.000000000000000000e+00,-1.000000000000000000e+00,-1.000000000000000000e+00,-1.000000000000000000e+00,-1.000000000000000000e+00,-1.000000000000000000e+00,-1.000000000000000000e+00,-1.000000000000000000e+00
-1.000000000000000000e+00,-1.000000000000000000e+00,-1.000000000000000000e+00,-1.000000000000000000e+00,-1.000000000000000000e+00,-1.000000000000000000e+00,-1.000000000000000000e+00,-1.000000000000000000e+00,-1.000000000000000000e+00,-1.000000000000000000e+00,-1.000000000000000000e+00,-1.000000000000000000e+00,-1.000000000000000000e+00,-1.000000000000000000e+00,-1.000000000000000000e+00,-1.000000000000000000e+00,-1.000000000000000000e+00,-1.000000000000000000e+00,-1.000000000000000000e+00,-1.000000000000000000e+00,-1.000000000000000000e+00,-1.000000000000000000e+00,-1.000000000000000000e+00,-1.000000000000000000e+00,-1.000000000000000000e+00,-1.000000000000000000e+00,-1.000000000000000000e+00,-1.000000000000000000e+00,-1.000000000000000000e+00,-1.000000000000000000e+00,-1.000000000000000000e+00,-1.000000000000000000e+00,-1.000000000000000000e+00,-1.000000000000000000e+00,-1.000000000000000000e+00,-1.000000000000000000e+00,-1.000000000000000000e+00,-1.000000000000000000e+00,-1.000000000000000000e+00,-1.000000000000000000e+00,-1.000000000000000000e+00,-1.000000000000000000e+00,-1.202999117891701886e+00,-1.202801406288220409e+00,-1.202189914726846887e+00,-1.201108989812251115e+00,-1.199463949749590475e+00,-1.197118260152280511e+00,-1.193889723852896045e+00,-1.189545861324124099e+00,-1.183798763180991864e+00,-1.176299853965385722e+00,-1.166635245811479704e+00,-1.154322723272095619e+00,-1.138811946894574767e+00,-1.119490277467135808e+00,-1.095697817638916050e+00,-1.066756979698699981e+00,-1.032024254786685136e+00,-9.909749419370607049e-01,-9.433351894189991871e-01,-8.892788765439656462e-01,-8.297069411319900611e-01,-7.666170539806695938e-01,-7.035365368717783063e-01,-6.458965156142485453e-01,-6.009953806522694286e-01,-5.766746746548441216e-01,-5.766746746717410499e-01,-6.009953807028804995e-01,-6.458965156972082955e-01,-7.035365369838713079e-01,-7.666170541167092178e-01,-8.297069412849558123e-01,-8.892788767075598955e-01,-9.433351895906941786e-01,-9.909749421189325558e-01,-1.032024254983733513e+00,-1.066756979914250003e+00,-1.095697817871705171e+00,-1.119490277711826076e+00,-1.138811947143295145e+00,-1.154322723518209415e+00,-1.166635246052909025e+00,-1.176299854203729955e+00,-1.183798763421335609e+00,-1.189545861575443952e+00,-1.193889724117021434e+00,-1.197118260426450309e+00,-1.199463950032649384e+00,-1.201108990094247320e+00,-1.202189914979225227e+00,-1.202801406516844196e+00,-1.202999118110499532e+00,-1.000000000000000000e+00,-1.000000000000000000e+00,-1.000000000000000000e+00,-1.000000000000000000e+00,-1.000000000000000000e+00,-1.000000000000000000e+00,-1.000000000000000000e+00,-1.000000000000000000e+00,-1.000000000000000000e+00,-1.000000000000000000e+00,-1.000000000000000000e+00,-1.000000000000000000e+00,-1.000000000000000000e+00,-1.000000000000000000e+00,-1.000000000000000000e+00,-1.000000000000000000e+00,-1.000000000000000000e+00,-1.000000000000000000e+00,-1.000000000000000000e+00,-1.000000000000000000e+00,-1.000000000000000000e+00,-1.000000000000000000e+00,-1.000000000000000000e+00,-1.000000000000000000e+00,-1.000000000000000000e+00,-1.000000000000000000e+00,-1.000000000000000000e+00,-1.000000000000000000e+00,-1.000000000000000000e+00,-1.000000000000000000e+00,-1.000000000000000000e+00,-1.000000000000000000e+00,-1.000000000000000000e+00,-1.000000000000000000e+00,-1.000000000000000000e+00,-1.000000000000000000e+00,-1.000000000000000000e+00,-1.000000000000000000e+00,-1.000000000000000000e+00,-1.000000000000000000e+00,-1.000000000000000000e+00,-1.000000000000000000e+00
-1.000000000000000000e+00,-1.000000000000000000e+00,-1.000000000000000000e+00,-1.000000000000000000e+00,-1.000000000000000000e+00,-1.000000000000000000e+00,-1.000000000000000000e+00,-1.000000000000000000e+00,-1.000000000000000000e+00,-1.000000000000000000e+00,-1.000000000000000000e+00,-1.000000000000000000e+00,-1.000000000000000000e+00,-1.000000000000000000e+00,-1.000000000000000000e+00,-1.000000000000000000e+00,-1.000000000000000000e+00,-1.000000000000000000e+00,-1.000000000000000000e+00,-1.000000000000000000e+00,-1.000000000000000000e+00,-1.000000000000000000e+00,-1.000000000000000000e+00,-1.000000000000000000e+00,-1.000000000000000000e+00,-1.000000000000000000e+00,-1.000000000000000000e+00,-1.000000000000000000e+00,-1.000000000000000000e+00,-1.000000000000000000e+00,-1.000000000000000000e+00,-1.000000000000000000e+00,-1.000000000000000000e+00,-1.000000000000000000e+00,-1.000000000000000000e+00,-1.000000000000000000e+00,-1.000000000000000000e+00,-1.000000000000000000e+00,-1.000000000000000000e+00,-1.000000000000000000e+00,-1.000000000000000000e+00,-1.000000000000000000e+00,-1.201598182320567032e+00,-1.201399686702107283e+00,-1.200785786390619281e+00,-1.199700656088134698e+00,-1.198049321520068489e+00,-1.195694826518143961e+00,-1.192454411098459843e+00,-1.188094877739876321e+00,-1.182327428258630908e+00,-1.174802411896167076e+00,-1.165104665385483074e+00,-1.152750489567579528e+00,-1.137187855142267834e+00,-1.117802246998382820e+00,-1.093931755064383005e+00,-1.064896737004332072e+00,-1.030051751864373033e+00,-9.888705563136571675e-01,-9.410785599868822793e-01,-8.868503212591625218e-01,-8.270897407178671168e-01,-7.638008735101373681e-01,-7.005221655209110665e-01,-6.427017167252355723e-01,-5.976605461771655747e-01,-5.732642739864937109e-01,-5.732642740062859898e-01,-5.976605462346482600e-01,-6.427017168147490800e-01,-7.005221656352249582e-01,-7.638008736424007905e-01,-8.270897408617143842e-01,-8.868503214104926924e-01,-9.410785601458815375e-01,-9.888705564844380014e-01,-1.030051752052614455e+00,-1.064896737212181588e+00,-1.093931755288763741e+00,-1.117802247233477653e+00,-1.137187855380000334e+00,-1.152750489798823663e+00,-1.165104665606389256e+00,-1.174802412110417249e+00,-1.182327428472625730e+00,-1.188094877963101315e+00,-1.192454411336094422e+00,-1.195694826770661745e+00,-1.198049321789243393e+00,-1.199700656365652041e+00,-1.200785786644809949e+00,-1.201399686932988597e+00,-1.201598182540431159e+00,-1.000000000000000000e+00,-1.000000000000000000e+00,-1.000000000000000000e+00,-1.000000000000000000e+00,-1.000000000000000000e+00,-1.000000000000000000e+00,-1.000000000000000000e+00,-1.000000000000000000e+00,-1.000000000000000000e+00,-1.000000000000000000e+00,-1.000000000000000000e+00,-1.000000000000000000e+00,-1.000000000000000000e+00,-1.000000000000000000e+00,-1.000000000000000000e+00,-1.000000000000000000e+00,-1.000000000000000000e+00,-1.000000000000000000e+00,-1.000000000000000000e+00,-1.000000000000000000e+00,-1.000000000000000000e+00,-1.000000000000000000e+00,-1.000000000000000000e+00,-1.000000000000000000e+00,-1.000000000000000000e+00,-1.000000000000000000e+00,-1.000000000000000000e+00,-1.000000000000000000e+00,-1.000000000000000000e+00,-1.000000000000000000e+00,-1.000000000000000000e+00,-1.000000000000000000e+00,-1.000000000000000000e+00,-1.000000000000000000e+00,-1.000000000000000000e+00,-1.000000000000000000e+00,-1.000000000000000000e+00,-1.000000000000000000e+00,-1.000000000000000000e+00,-1.000000000000000000e+00,-1.000000000000000000e+00,-1.000000000000000000e+00
-1.000000000000000000e+00,-1.000000000000000000e+00,-1.000000000000000000e+00,-1.000000000000000000e+00,-1.000000000000000000e+00,-1.000000000000000000e+00,-1.000000000000000000e+00,-1.000000000000000000e+00,-1.000000000000000000e+00,-1.000000000000000000e+00,-1.000000000000000000e+00,-1.000000000000000000e+00,-1.000000000000000000e+00,-1.000000000000000000e+00,-1.000000000000000000e+00,-1.000000000000000000e+00,-1.000000000000000000e+00,-1.000000000000000000e+00,-1.000000000000000000e+00,-1.000000000000000000e+00,-1.000000000000000000e+00,-1.000000000000000000e+00,-1.000000000000000000e+00,-1.000000000000000000e+00,-1.000000000000000000e+00,-1.000000000000000000e+00,-1.000000000000000000e+00,-1.000000000000000000e+00,-1.000000000000000000e+00,-1.000000000000000000e+00,-1.000000000000000000e+00,-1.000000000000000000e+00,-1.000000000000000000e+00,-1.000000000000000000e+00,-1.000000000000000000e+00,-1.000000000000000000e+00,-1.000000000000000000e+00,-1.000000000000000000e+00,-1.000000000000000000e+00,-1.000000000000000000e+00,-1.000000000000000000e+00,-1.000000000000000000e+00,-1.200029849561440098e+00,-1.199830465797546264e+00,-1.199213837433693364e+00,-1.198123946312512178e+00,-1.196465490020999889e+00,-1.194101039182636992e+00,-1.190847202374110347e+00,-1.186469976544366478e+00,-1.180679566376049872e+00,-1.173125114800958269e+00,-1.163390027872793331e+00,-1.150988942269728810e+00,-1.135367933623115277e+00,-1.115910383565232200e+00,-1.091952126044363869e+00,-1.062811216779738555e+00,-1.027840051671010668e+00,-9.865106630514899333e-01,-9.385476396054094339e-01,-8.841263107711493374e-01,-8.241539110914086752e-01,-7.606416676619011108e-01,-6.971405126497605131e-01,-6.391175888532716343e-01,-5.939192920869651449e-01,-5.694382363920956758e-01,-5.694382364152597020e-01,-5.939192921526248448e-01,-6.391175889513063257e-01,-6.971405127684748848e-01,-7.606416677919431990e-01,-8.241539112265238165e-01,-8.841263109092446504e-01,-9.385476397492806822e-01,-9.865106632074673865e-01,-1.027840051846063529e+00,-1.062811216975699358e+00,-1.091952126256608313e+00,-1.115910383787959814e+00,-1.135367933851387345e+00,-1.150988942495590583e+00,-1.163390028088324701e+00,-1.173125115005554830e+00,-1.180679566573283878e+00,-1.186469976741219234e+00,-1.190847202577176356e+00,-1.194101039397265307e+00,-1.196465490256260367e+00,-1.198123946568719234e+00,-1.199213837682215456e+00,-1.199830466032620668e+00,-1.200029849791137693e+00,-1.000000000000000000e+00,-1.000000000000000000e+00,-1.000000000000000000e+00,-1.000000000000000000e+00,-1.000000000000000000e+00,-1.000000000000000000e+00,-1.000000000000000000e+00,-1.000000000000000000e+00,-1.000000000000000000e+00,-1.000000000000000000e+00,-1.000000000000000000e+00,-1.000000000000000000e+00,-1.000000000000000000e+00,-1.000000000000000000e+00,-1.000000000000000000e+00,-1.000000000000000000e+00,-1.000000000000000000e+00,-1.000000000000000000e+00,-1.000000000000000000e+00,-1.000000000000000000e+00,-1.000000000000000000e+00,-1.000000000000000000e+00,-1.000000000000000000e+00,-1.000000000000000000e+00,-1.000000000000000000e+00,-1.000000000000000000e+00,-1.000000000000000000e+00,-1.000000000000000000e+00,-1.000000000000000000e+00,-1.000000000000000000e+00,-1.000000000000000000e+00,-1.000000000000000000e+00,-1.000000000000000000e+00,-1.000000000000000000e+00,-1.000000000000000000e+00,-1.000000000000000000e+00,-1.000000000000000000e+00,-1.000000000000000000e+00,-1.000000000000000000e+00,-1.000000000000000000e+00,-1.000000000000000000e+00,-1.000000000000000000e+00
-1.000000000000000000e+00,-1.000000000000000000e+00,-1.000000000000000000e+00,-1.000000000000000000e+00,-1.000000000000000000e+00,-1.000000000000000000e+00,-1.000000000000000000e+00,-1.000000000000000000e+00,-1.000000000000000000e+00,-1.000000000000000000e+00,-1.000000000000000000e+00,-1.000000000000000000e+00,-1.000000000000000000e+00,-1.000000000000000000e+00,-1.000000000000000000e+00,-1.000000000000000000e+00,-1.000000000000000000e+00,-1.000000000000000000e+00,-1.000000000000000000e+00,-1.000000000000000000e+00,-1.000000000000000000e+00,-1.000000000000000000e+00,-1.000000000000000000e+00,-1.000000000000000000e+00,-1.000000000000000000e+00,-1.000000000000000000e+00,-1.000000000000000000e+00,-1.000000000000000000e+00,-1.000000000000000000e+00,-1.000000000000000000e+00,-1.000000000000000000e+00,-1.000000000000000000e+00,-1.000000000000000000e+00,-1.000000000000000000e+00,-1.000000000000000000e+00,-1.000000000000000000e+00,-1.000000000000000000e+00,-1.000000000000000000e+00,-1.000000000000000000e+00,-1.000000000000000000e+00,-1.000000000000000000e+00,-1.000000000000000000e+00,-1.198293313328223197e+00,-1.198092933114157876e+00,-1.197473244798004988e+00,-1.196378016175023706e+00,-1.194711580637356496e+00,-1.192335983596081395e+00,-1.189067132791010728e+00,-1.184670131116491554e+00,-1.178854076567928288e+00,-1.171266773298999642e+00,-1.161490039707814947e+00,-1.149036665942499980e+00,-1.133350625259546440e+00,-1.113812966512700564e+00,-1.089757022314102208e+00,-1.060498297315196403e+00,-1.025386792035708927e+00,-9.838926324031023185e-01,-9.357395054386083988e-01,-8.811036077535773225e-01,-8.208958866369747698e-01,-7.571355409306173012e-01,-6.933873690657237354e-01,-6.351396491298517688e-01,-5.897669303286002807e-01,-5.651917648553210771e-01,-5.651917648793705062e-01,-5.897669303962991272e-01,-6.351396492298500007e-01,-6.933873691850162002e-01,-7.571355410588430646e-01,-8.208958867677103033e-01,-8.811036078849036057e-01,-9.357395055729502698e-01,-9.838926325460027877e-01,-1.025386792194225016e+00,-1.060498297493130293e+00,-1.089757022509036499e+00,-1.113812966719927022e+00,-1.133350625476817974e+00,-1.149036666165099696e+00,-1.161490039925409112e+00,-1.171266773504105796e+00,-1.178854076758130809e+00,-1.184670131293960704e+00,-1.189067132961391993e+00,-1.192335983768599839e+00,-1.194711580828410558e+00,-1.196378016395442501e+00,-1.197473245027164346e+00,-1.198092933344012678e+00,-1.198293313563069340e+00,-1.000000000000000000e+00,-1.000000000000000000e+00,-1.000000000000000000e+00,-1.000000000000000000e+00,-1.000000000000000000e+00,-1.000000000000000000e+00,-1.000000000000000000e+00,-1.000000000000000000e+00,-1.000000000000000000e+00,-1.000000000000000000e+00,-1.000000000000000000e+00,-1.000000000000000000e+00,-1.000000000000000000e+00,-1.000000000000000000e+00,-1.000000000000000000e+00,-1.000000000000000000e+00,-1.000000000000000000e+00,-1.000000000000000000e+00,-1.000000000000000000e+00,-1.000000000000000000e+00,-1.000000000000000000e+00,-1.000000000000000000e+00,-1.000000000000000000e+00,-1.000000000000000000e+00,-1.000000000000000000e+00,-1.000000000000000000e+00,-1.000000000000000000e+00,-1.000000000000000000e+00,-1.000000000000000000e+00,-1.000000000000000000e+00,-1.000000000000000000e+00,-1.000000000000000000e+00,-1.000000000000000000e+00,-1.000000000000000000e+00,-1.000000000000000000e+00,-1.000000000000000000e+00,-1.000000000000000000e+00,-1.000000000000000000e+00,-1.000000000000000000e+00,-1.000000000000000000e+00,-1.000000000000000000e+00,-1.000000000000000000e+00
-1.000000000000000000e+00,-1.000000000000000000e+00,-1.000000000000000000e+00,-1.000000000000000000e+00,-1.000000000000000000e+00,-1.000000000000000000e+00,-1.000000000000000000e+00,-1.000000000000000000e+00,-1.000000000000000000e+00,-1.000000000000000000e+00,-1.000000000000000000e+00,-1.000000000000000000e+00,-1.000000000000000000e+00,-1.000000000000000000e+00,-1.000000000000000000e+00,-1.000000000000000000e+00,-1.000000000000000000e+00,-1.000000000000000000e+00,-1.000000000000000000e+00,-1.000000000000000000e+00,-1.000000000000000000e+00,-1.000000000000000000e+00,-1.000000000000000000e+00,-1.000000000000000000e+00,-1.000000000000000000e+00,-1.000000000000000000e+00,-1.000000000000000000e+00,-1.000000000000000000e+00,-1.000000000000000000e+00,-1.000000000000000000e+00,-1.000000000000000000e+00,-1.000000000000000000e+00,-1.000000000000000000e+00,-1.000000000000000000e+00,-1.000000000000000000e+00,-1.000000000000000000e+00,-1.000000000000000000e+00,-1.000000000000000000e+00,-1.000000000000000000e+00,-1.000000000000000000e+00,-1.000000000000000000e+00,-1.000000000000000000e+00,-1.196387710201474608e+00,-1.196186220497852837e+00,-1.195563126041726987e+00,-1.194461959142209206e+00,-1.192786652512071388e+00,-1.190398673723971346e+00,-1.187113159447552135e+00,-1.182694228927702040e+00,-1.176849762596263282e+00,-1.169226091773802434e+00,-1.159403288377257812e+00,-1.146892111568257544e+00,-1.131134222647259602e+00,-1.111508105806630287e+00,-1.087344344682569464e+00,-1.057955641778139944e+00,-1.022689368730666404e+00,-9.810135629188225792e-01,-9.326509307969674811e-01,-8.777786368365815273e-01,-8.173117282958699548e-01,-7.532781890582315176e-01,-6.892580834694692626e-01,-6.307629436447261817e-01,-5.851982802067923206e-01,-5.605195582672931609e-01,-5.605195582891917550e-01,-5.851982802685748997e-01,-6.307629437367385794e-01,-6.892580835808292949e-01,-7.532781891801596519e-01,-8.173117284226244506e-01,-8.777786369655267151e-01,-9.326509309282244864e-01,-9.810135630546501506e-01,-1.022689368875443261e+00,-1.057955641936592306e+00,-1.087344344856841172e+00,-1.111508105995864248e+00,-1.131134222851435389e+00,-1.146892111785526192e+00,-1.159403288597384840e+00,-1.169226091984176596e+00,-1.176849762788278353e+00,-1.182694229097487781e+00,-1.187113159597238843e+00,-1.190398673863549028e+00,-1.192786652661787183e+00,-1.194461959320184841e+00,-1.195563126235855034e+00,-1.196186220703703063e+00,-1.196387710425063311e+00,-1.000000000000000000e+00,-1.000000000000000000e+00,-1.000000000000000000e+00,-1.000000000000000000e+00,-1.000000000000000000e+00,-1.000000000000000000e+00,-1.000000000000000000e+00,-1.000000000000000000e+00,-1.000000000000000000e+00,-1.000000000000000000e+00,-1.000000000000000000e+00,-1.000000000000000000e+00,-1.000000000000000000e+00,-1.000000000000000000e+00,-1.000000000000000000e+00,-1.000000000000000000e+00,-1.000000000000000000e+00,-1.000000000000000000e+00,-1.000000000000000000e+00,-1.000000000000000000e+00,-1.000000000000000000e+00,-1.000000000000000000e+00,-1.000000000000000000e+00,-1.000000000000000000e+00,-1.000000000000000000e+00,-1.000000000000000000e+00,-1.000000000000000000e+00,-1.000000000000000000e+00,-1.000000000000000000e+00,-1.000000000000000000e+00,-1.000000000000000000e+00,-1.000000000000000000e+00,-1.000000000000000000e+00,-1.000000000000000000e+00,-1.000000000000000000e+00,-1.000000000000000000e+00,-1.000000000000000000e+00,-1.000000000000000000e+00,-1.000000000000000000e+00,-1.000000000000000000e+00,-1.000000000000000000e+00,-1.000000000000000000e+00
-1.000000000000000000e+00,-1.000000000000000000e+00,-1.000000000000000000e+00,-1.000000000000000000e+00,-1.000000000000000000e+00,-1.000000000000000000e+00,-1.000000000000000000e+00,-1.000000000000000000e+00,-1.000000000000000000e+00,-1.000000000000000000e+00,-1.000000000000000000e+00,-1.000000000000000000e+00,-1.000000000000000000e+00,-1.000000000000000000e+00,-1.000000000000000000e+00,-1.000000000000000000e+00,-1.000000000000000000e+00,-1.000000000000000000e+00,-1.000000000000000000e+00,-1.000000000000000000e+00,-1.000000000000000000e+00,-1.000000000000000000e+00,-1.000000000000000000e+00,-1.000000000000000000e+00,-1.000000000000000000e+00,-1.000000000000000000e+00,-1.000000000000000000e+00,-1.000000000000000000e+00,-1.000000000000000000e+00,-1.000000000000000000e+00,-1.000000000000000000e+00,-1.000000000000000000e+00,-1.000000000000000000e+00,-1.000000000000000000e+00,-1.000000000000000000e+00,-1.000000000000000000e+00,-1.000000000000000000e+00,-1.000000000000000000e+00,-1.000000000000000000e+00,-1.000000000000000000e+00,-1.000000000000000000e+00,-1.000000000000000000e+00,-1.194312127212277197e+00,-1.194109409635582431e+00,-1.193482546731487348e+00,-1.192374813618193086e+00,-1.190689705390198805e+00,-1.188288058495234001e+00,-1.184984167410335631e+00,-1.180541076994529703e+00,-1.174665337824607247e+00,-1.167001672631192033e+00,-1.157128246036590369e+00,-1.144553599509638531e+00,-1.128716870361304192e+00,-1.108993743694230316e+00,-1.084711804068794194e+00,-1.055180698657205873e+00,-1.019744935365176408e+00,-9.778702808431298799e-01,-9.292783840974324638e-01,-8.741474831983501170e-01,-8.133971218616190546e-01,-7.490648971061465433e-01,-6.847475603736137284e-01,-6.259820452707487437e-01,-5.802076661582284967e-01,-5.554158091755927451e-01,-5.554158091947763998e-01,-5.802076662125627005e-01,-6.259820453526563355e-01,-6.847475604751140921e-01,-7.490648972210500744e-01,-8.133971219851852119e-01,-8.741474833267317557e-01,-9.292783842282639206e-01,-9.778702809762011006e-01,-1.019744935502291172e+00,-1.055180698801592820e+00,-1.084711804224640419e+00,-1.108993743864684189e+00,-1.128716870548675422e+00,-1.144553599714278835e+00,-1.157128246250693326e+00,-1.167001672841638138e+00,-1.174665338020214111e+00,-1.180541077166660457e+00,-1.184984167555733992e+00,-1.188288058620015741e+00,-1.190689705512619545e+00,-1.192374813758153573e+00,-1.193482546881707851e+00,-1.194109409798305155e+00,-1.194312127403021284e+00,-1.000000000000000000e+00,-1.000000000000000000e+00,-1.000000000000000000e+00,-1.000000000000000000e+00,-1.000000000000000000e+00,-1.000000000000000000e+00,-1.000000000000000000e+00,-1.000000000000000000e+00,-1.000000000000000000e+00,-1.000000000000000000e+00,-1.000000000000000000e+00,-1.000000000000000000e+00,-1.000000000000000000e+00,-1.000000000000000000e+00,-1.000000000000000000e+00,-1.000000000000000000e+00,-1.000000000000000000e+00,-1.000000000000000000e+00,-1.000000000000000000e+00,-1.000000000000000000e+00,-1.000000000000000000e+00,-1.000000000000000000e+00,-1.000000000000000000e+00,-1.000000000000000000e+00,-1.000000000000000000e+00,-1.000000000000000000e+00,-1.000000000000000000e+00,-1.000000000000000000e+00,-1.000000000000000000e+00,-1.000000000000000000e+00,-1.000000000000000000e+00,-1.000000000000000000e+00,-1.000000000000000000e+00,-1.000000000000000000e+00,-1.000000000000000000e+00,-1.000000000000000000e+00,-1.000000000000000000e+00,-1.000000000000000000e+00,-1.000000000000000000e+00,-1.000000000000000000e+00,-1.000000000000000000e+00,-1.000000000000000000e+00
-1.000000000000000000e+00,-1.000000000000000000e+00,-1.000000000000000000e+00,-1.000000000000000000e+00,-1.000000000000000000e+00,-1.000000000000000000e+00,-1.000000000000000000e+00,-1.000000000000000000e+00,-1.000000000000000000e+00,-1.000000000000000000e+00,-1.000000000000000000e+00,-1.000000000000000000e+00,-1.000000000000000000e+00,-1.000000000000000000e+00,-1.000000000000000000e+00,-1.000000000000000000e+00,-1.000000000000000000e+00,-1.000000000000000000e+00,-1.000000000000000000e+00,-1.000000000000000000e+00,-1.000000000000000000e+00,-1.000000000000000000e+00,-1.000000000000000000e+00,-1.000000000000000000e+00,-1.000000000000000000e+00,-1.000000000000000000e+00,-1.000000000000000000e+00,-1.000000000000000000e+00,-1.000000000000000000e+00,-1.000000000000000000e+00,-1.000000000000000000e+00,-1.000000000000000000e+00,-1.000000000000000000e+00,-1.000000000000000000e+00,-1.000000000000000000e+00,-1.000000000000000000e+00,-1.000000000000000000e+00,-1.000000000000000000e+00,-1.000000000000000000e+00,-1.000000000000000000e+00,-1.000000000000000000e+00,-1.000000000000000000e+00,-1.192065609594963549e+00,-1.191861539748657384e+00,-1.191230527958794694e+00,-1.190115570171513593e+00,-1.188419686451078316e+00,-1.186003028144148042e+00,-1.182678975481476158e+00,-1.178209406999963349e+00,-1.172299429636754819e+00,-1.164592019973685222e+00,-1.154663272414032216e+00,-1.142019321632779860e+00,-1.126096566303100843e+00,-1.106267655293194707e+00,-1.081856921364087620e+00,-1.052170700940163739e+00,-1.016550401932185155e+00,-9.744593380920569814e-01,-9.256180263421234233e-01,-8.702058896219355688e-01,-8.091473746951445278e-01,-7.444905359090201458e-01,-6.798502563708035407e-01,-6.207910498112185760e-01,-5.747889138264172804e-01,-5.498741998182754553e-01,-5.498741998340120896e-01,-5.747889138716462121e-01,-6.207910498813719036e-01,-6.798502564614408161e-01,-7.444905360168010411e-01,-8.091473748161728263e-01,-8.702058897507646273e-01,-9.256180264736765251e-01,-9.744593382246158342e-01,-1.016550402067104342e+00,-1.052170701079070625e+00,-1.081856921509288805e+00,-1.106267655448206266e+00,-1.126096566471169513e+00,-1.142019321815861410e+00,-1.154663272608373648e+00,-1.164592020170484465e+00,-1.172299429828105088e+00,-1.178209407176907364e+00,-1.182678975636003438e+00,-1.186003028274602356e+00,-1.188419686566902111e+00,-1.190115570287833879e+00,-1.191230528067980243e+00,-1.191861539858129371e+00,-1.192065609734404008e+00,-1.000000000000000000e+00,-1.000000000000000000e+00,-1.000000000000000000e+00,-1.000000000000000000e+00,-1.000000000000000000e+00,-1.000000000000000000e+00,-1.000000000000000000e+00,-1.000000000000000000e+00,-1.000000000000000000e+00,-1.000000000000000000e+00,-1.000000000000000000e+00,-1.000000000000000000e+00,-1.000000000000000000e+00,-1.000000000000000000e+00,-1.000000000000000000e+00,-1.000000000000000000e+00,-1.000000000000000000e+00,-1.000000000000000000e+00,-1.000000000000000000e+00,-1.000000000000000000e+00,-1.000000000000000000e+00,-1.000000000000000000e+00,-1.000000000000000000e+00,-1.000000000000000000e+00,-1.000000000000000000e+00,-1.000000000000000000e+00,-1.000000000000000000e+00,-1.000000000000000000e+00,-1.000000000000000000e+00,-1.000000000000000000e+00,-1.000000000000000000e+00,-1.000000000000000000e+00,-1.000000000000000000e+00,-1.000000000000000000e+00,-1.000000000000000000e+00,-1.000000000000000000e+00,-1.000000000000000000e+00,-1.000000000000000000e+00,-1.000000000000000000e+00,-1.000000000000000000e+00,-1.000000000000000000e+00,-1.000000000000000000e+00
-1.000000000000000000e+00,-1.000000000000000000e+00,-1.000000000000000000e+00,-1.000000000000000000e+00,-1.000000000000000000e+00,-1.000000000000000000e+00,-1.000000000000000000e+00,-1.000000000000000000e+00,-1.000000000000000000e+00,-1.000000000000000000e+00,-1.000000000000000000e+00,-1.000000000000000000e+00,-1.000000000000000000e+00,-1.000000000000000000e+00,-1.000000000000000000e+00,-1.000000000000000000e+00,-1.000000000000000000e+00,-1.000000000000000000e+00,-1.000000000000000000e+00,-1.000000000000000000e+00,-1.000000000000000000e+00,-1.000000000000000000e+00,-1.000000000000000000e+00,-1.000000000000000000e+00,-1.000000000000000000e+00,-1.000000000000000000e+00,-1.000000000000000000e+00,-1.000000000000000000e+00,-1.000000000000000000e+00,-1.000000000000000000e+00,-1.000000000000000000e+00,-1.000000000000000000e+00,-1.000000000000000000e+00,-1.000000000000000000e+00,-1.000000000000000000e+00,-1.000000000000000000e+00,-1.000000000000000000e+00,-1.000000000000000000e+00,-1.000000000000000000e+00,-1.000000000000000000e+00,-1.000000000000000000e+00,-1.000000000000000000e+00,-1.189647168393712429e+00,-1.189441615126456409e+00,-1.188806053655980577e+00,-1.187683178493565750e+00,-1.185975496778363336e+00,-1.183542420073331769e+00,-1.180196341351290590e+00,-1.175697879650432931e+00,-1.169750582932406191e+00,-1.161995542189801167e+00,-1.152006616468842060e+00,-1.139287342029793759e+00,-1.123271161501306681e+00,-1.103327447502398417e+00,-1.078777025498952824e+00,-1.048922663396067101e+00,-1.013102431374890422e+00,-9.707770081810164209e-01,-9.216657064892980200e-01,-8.659492513938416014e-01,-8.045574102351286117e-01,-7.395495562777987253e-01,-6.745601741047108080e-01,-6.151835698065033498e-01,-5.689353437620630061e-01,-5.438878957685191473e-01,-5.438878957814194948e-01,-5.689353438001678587e-01,-6.151835698680282460e-01,-6.745601741874407420e-01,-7.395495563794083349e-01,-8.045574103518670084e-01,-8.659492515201036023e-01,-9.216657066192696091e-01,-9.707770083123086202e-01,-1.013102431509492307e+00,-1.048922663535360345e+00,-1.078777025641729059e+00,-1.103327447648394966e+00,-1.123271161651666628e+00,-1.139287342186733554e+00,-1.152006616633048264e+00,-1.161995542359526956e+00,-1.169750583107415531e+00,-1.175697879826313130e+00,-1.180196341518004788e+00,-1.183542420220888181e+00,-1.185975496903795223e+00,-1.187683178602269907e+00,-1.188806053736112256e+00,-1.189441615187000423e+00,-1.189647168476156258e+00,-1.000000000000000000e+00,-1.000000000000000000e+00,-1.000000000000000000e+00,-1.000000000000000000e+00,-1.000000000000000000e+00,-1.000000000000000000e+00,-1.000000000000000000e+00,-1.000000000000000000e+00,-1.000000000000000000e+00,-1.000000000000000000e+00,-1.000000000000000000e+00,-1.000000000000000000e+00,-1.000000000000000000e+00,-1.000000000000000000e+00,-1.000000000000000000e+00,-1.000000000000000000e+00,-1.000000000000000000e+00,-1.000000000000000000e+00,-1.000000000000000000e+00,-1.000000000000000000e+00,-1.000000000000000000e+00,-1.000000000000000000e+00,-1.000000000000000000e+00,-1.000000000000000000e+00,-1.000000000000000000e+00,-1.000000000000000000e+00,-1.000000000000000000e+00,-1.000000000000000000e+00,-1.000000000000000000e+00,-1.000000000000000000e+00,-1.000000000000000000e+00,-1.000000000000000000e+00,-1.000000000000000000e+00,-1.000000000000000000e+00,-1.000000000000000000e+00,-1.000000000000000000e+00,-1.000000000000000000e+00,-1.000000000000000000e+00,-1.000000000000000000e+00,-1.000000000000000000e+00,-1.000000000000000000e+00,-1.000000000000000000e+00
-1.000000000000000000e+00,-1.000000000000000000e+00,-1.000000000000000000e+00,-1.000000000000000000e+00,-1.000000000000000000e+00,-1.000000000000000000e+00,-1.000000000000000000e+00,-1.000000000000000000e+00,-1.000000000000000000e+00,-1.000000000000000000e+00,-1.000000000000000000e+00,-1.000000000000000000e+00,-1.000000000000000000e+00,-1.000000000000000000e+00,-1.000000000000000000e+00,-1.000000000000000000e+00,-1.000000000000000000e+00,-1.000000000000000000e+00,-1.000000000000000000e+00,-1.000000000000000000e+00,-1.000000000000000000e+00,-1.000000000000000000e+00,-1.000000000000000000e+00,-1.000000000000000000e+00,-1.000000000000000000e+00,-1.000000000000000000e+00,-1.000000000000000000e+00,-1.000000000000000000e+00,-1.000000000000000000e+00,-1.000000000000000000e+00,-1.000000000000000000e+00,-1.000000000000000000e+00,-1.000000000000000000e+00,-1.000000000000000000e+00,-1.000000000000000000e+00,-1.000000000000000000e+00,-1.000000000000000000e+00,-1.000000000000000000e+00,-1.000000000000000000e+00,-1.000000000000000000e+00,-1.000000000000000000e+00,-1.000000000000000000e+00,-1.187055787492603987e+00,-1.186848612062552544e+00,-1.186208077255253013e+00,-1.185076553607470773e+00,-1.183355996958431522e+00,-1.180905023697588430e+00,-1.177534965562996749e+00,-1.173005087659557688e+00,-1.167017262053775539e+00,-1.159210552774791791e+00,-1.149156416084903043e+00,-1.136355595590009315e+00,-1.120238357589407485e+00,-1.100170555435689534e+00,-1.075469248900510433e+00,-1.045433377137242825e+00,-1.009397433343605321e+00,-9.668192792721791440e-01,-9.174169538884082709e-01,-8.613726082220276581e-01,-7.996217594889534208e-01,-7.342359801449416246e-01,-6.688708531403377844e-01,-6.091527251911159624e-01,-5.626397619251066740e-01,-5.374495363464215636e-01,-5.374495363590727770e-01,-5.626397619629576186e-01,-6.091527252528790015e-01,-6.688708532231159021e-01,-7.342359802446734030e-01,-7.996217596007025863e-01,-8.613726083414566803e-01,-9.174169540122162347e-01,-9.668192793991334799e-01,-1.009397433476219241e+00,-1.045433377277261044e+00,-1.075469249044026743e+00,-1.100170555577381082e+00,-1.120238357726006884e+00,-1.136355595721973977e+00,-1.149156416216082333e+00,-1.159210552910204584e+00,-1.167017262201309302e+00,-1.173005087821692882e+00,-1.177534965731095173e+00,-1.180905023856869906e+00,-1.183355997096459333e+00,-1.185076553719647929e+00,-1.186208077323268828e+00,-1.186848612092735511e+00,-1.187055787530246542e+00,-1.000000000000000000e+00,-1.000000000000000000e+00,-1.000000000000000000e+00,-1.000000000000000000e+00,-1.000000000000000000e+00,-1.000000000000000000e+00,-1.000000000000000000e+00,-1.000000000000000000e+00,-1.000000000000000000e+00,-1.000000000000000000e+00,-1.000000000000000000e+00,-1.000000000000000000e+00,-1.000000000000000000e+00,-1.000000000000000000e+00,-1.000000000000000000e+00,-1.000000000000000000e+00,-1.000000000000000000e+00,-1.000000000000000000e+00,-1.000000000000000000e+00,-1.000000000000000000e+00,-1.000000000000000000e+00,-1.000000000000000000e+00,-1.000000000000000000e+00,-1.000000000000000000e+00,-1.000000000000000000e+00,-1.000000000000000000e+00,-1.000000000000000000e+00,-1.000000000000000000e+00,-1.000000000000000000e+00,-1.000000000000000000e+00,-1.000000000000000000e+00,-1.000000000000000000e+00,-1.000000000000000000e+00,-1.000000000000000000e+00,-1.000000000000000000e+00,-1.000000000000000000e+00,-1.000000000000000000e+00,-1.000000000000000000e+00,-1.000000000000000000e+00,-1.000000000000000000e+00,-1.000000000000000000e+00,-1.000000000000000000e+00
-1.000000000000000000e+00,-1.000000000000000000e+00,-1.000000000000000000e+00,-1.000000000000000000e+00,-1.000000000000000000e+00,-1.000000000000000000e+00,-1.000000000000000000e+00,-1.000000000000000000e+00,-1.000000000000000000e+00,-1.000000000000000000e+00,-1.000000000000000000e+00,-1.000000000000000000e+00,-1.000000000000000000e+00,-1.000000000000000000e+00,-1.000000000000000000e+00,-1.000000000000000000e+00,-1.000000000000000000e+00,-1.000000000000000000e+00,-1.000000000000000000e+00,-1.000000000000000000e+00,-1.000000000000000000e+00,-1.000000000000000000e+00,-1.000000000000000000e+00,-1.000000000000000000e+00,-1.000000000000000000e+00,-1.000000000000000000e+00,-1.000000000000000000e+00,-1.000000000000000000e+00,-1.000000000000000000e+00,-1.000000000000000000e+00,-1.000000000000000000e+00,-1.000000000000000000e+00,-1.000000000000000000e+00,-1.000000000000000000e+00,-1.000000000000000000e+00,-1.000000000000000000e+00,-1.000000000000000000e+00,-1.000000000000000000e+00,-1.000000000000000000e+00,-1.000000000000000000e+00,-1.000000000000000000e+00,-1.000000000000000000e+00,-1.184290429488596308e+00,-1.184081484610061796e+00,-1.183435527093937623e+00,-1.182294580701357845e+00,-1.180560011138768628e+00,-1.178089583548997510e+00,-1.174693493514445519e+00,-1.170129556527609527e+00,-1.164097850257346023e+00,-1.156235268444578690e+00,-1.146110694812704223e+00,-1.133221883390406859e+00,-1.116995700896123545e+00,-1.096794235290159847e+00,-1.071930519237322743e+00,-1.041699400353659710e+00,-1.005431554039974529e+00,-9.625818432492506682e-01,-9.128669667003295185e-01,-8.564706321059338823e-01,-7.943345484437390747e-01,-7.285433875937210590e-01,-6.627753566758449733e-01,-6.026911297442447690e-01,-5.558944459331834897e-01,-5.305512207451921203e-01,-5.305512207599853980e-01,-5.558944459768215829e-01,-6.026911298136219397e-01,-6.627753567655261246e-01,-7.285433876968282485e-01,-7.943345485530406425e-01,-8.564706322172116471e-01,-9.128669668133523318e-01,-9.625818433659564244e-01,-1.005431554164277985e+00,-1.041699400488170557e+00,-1.071930519377507940e+00,-1.096794235427622111e+00,-1.116995701023682397e+00,-1.133221883505272531e+00,-1.146110694918740958e+00,-1.156235268549907991e+00,-1.164097850374144594e+00,-1.170129556664013748e+00,-1.174693493666034483e+00,-1.178089583702034870e+00,-1.180560011279077504e+00,-1.182294580819217789e+00,-1.183435527164089951e+00,-1.184081484632488301e+00,-1.184290429503839892e+00,-1.000000000000000000e+00,-1.000000000000000000e+00,-1.000000000000000000e+00,-1.000000000000000000e+00,-1.000000000000000000e+00,-1.000000000000000000e+00,-1.000000000000000000e+00,-1.000000000000000000e+00,-1.000000000000000000e+00,-1.000000000000000000e+00,-1.000000000000000000e+00,-1.000000000000000000e+00,-1.000000000000000000e+00,-1.000000000000000000e+00,-1.000000000000000000e+00,-1.000000000000000000e+00,-1.000000000000000000e+00,-1.000000000000000000e+00,-1.000000000000000000e+00,-1.000000000000000000e+00,-1.000000000000000000e+00,-1.000000000000000000e+00,-1.000000000000000000e+00,-1.000000000000000000e+00,-1.000000000000000000e+00,-1.000000000000000000e+00,-1.000000000000000000e+00,-1.000000000000000000e+00,-1.000000000000000000e+00,-1.000000000000000000e+00,-1.000000000000000000e+00,-1.000000000000000000e+00,-1.000000000000000000e+00,-1.000000000000000000e+00,-1.000000000000000000e+00,-1.000000000000000000e+00,-1.000000000000000000e+00,-1.000000000000000000e+00,-1.000000000000000000e+00,-1.000000000000000000e+00,-1.000000000000000000e+00,-1.000000000000000000e+00
-1.000000000000000000e+00,-1.000000000000000000e+00,-1.000000000000000000e+00,-1.000000000000000000e+00,-1.000000000000000000e+00,-1.000000000000000000e+00,-1.000000000000000000e+00,-1.000000000000000000e+00,-1.000000000000000000e+00,-1.000000000000000000e+00,-1.000000000000000000e+00,-1.000000000000000000e+00,-1.000000000000000000e+00,-1.000000000000000000e+00,-1.000000000000000000e+00,-1.000000000000000000e+00,-1.000000000000000000e+00,-1.000000000000000000e+00,-1.000000000000000000e+00,-1.000000000000000000e+00,-1.000000000000000000e+00,-1.000000000000000000e+00,-1.000000000000000000e+00,-1.000000000000000000e+00,-1.000000000000000000e+00,-1.000000000000000000e+00,-1.000000000000000000e+00,-1.000000000000000000e+00,-1.000000000000000000e+00,-1.000000000000000000e+00,-1.000000000000000000e+00,-1.000000000000000000e+00,-1.000000000000000000e+00,-1.000000000000000000e+00,-1.000000000000000000e+00,-1.000000000000000000e+00,-1.000000000000000000e+00,-1.000000000000000000e+00,-1.000000000000000000e+00,-1.000000000000000000e+00,-1.000000000000000000e+00,-1.000000000000000000e+00,-1.181350039603718649e+00,-1.181139168344701229e+00,-1.180487309733903256e+00,-1.179336117722933341e+00,-1.177586328639456115e+00,-1.175094799679441859e+00,-1.171670514465489754e+00,-1.167069742012014189e+00,-1.160990645552645084e+00,-1.153067803295559024e+00,-1.142867354350008302e+00,-1.129883863541862432e+00,-1.113540571742202889e+00,-1.093195552211586152e+00,-1.068157545996047508e+00,-1.037717043758217939e+00,-1.001200660692931343e+00,-9.580600793803722981e-01,-9.080105948879803046e-01,-8.512376097720072421e-01,-7.886894800361600177e-01,-7.224648984254218309e-01,-6.562662527515589206e-01,-5.957908719806281894e-01,-5.486911256916886526e-01,-5.231844885011208701e-01,-5.231844885184474547e-01,-5.486911257420969967e-01,-5.957908720589548679e-01,-6.562662528499605408e-01,-7.224648985348943731e-01,-7.886894801474674255e-01,-8.512376098789882217e-01,-9.080105949904648810e-01,-9.580600794828197930e-01,-1.001200660801439435e+00,-1.037717043877146583e+00,-1.068157546122811885e+00,-1.093195552338578569e+00,-1.113540571861832529e+00,-1.129883863648870390e+00,-1.142867354444799366e+00,-1.153067803383670764e+00,-1.160990645644242258e+00,-1.167069742116626063e+00,-1.171670514583567524e+00,-1.175094799803433343e+00,-1.177586328761974999e+00,-1.179336117837535669e+00,-1.180487309811134589e+00,-1.181139168375876292e+00,-1.181350039618764391e+00,-1.000000000000000000e+00,-1.000000000000000000e+00,-1.000000000000000000e+00,-1.000000000000000000e+00,-1.000000000000000000e+00,-1.000000000000000000e+00,-1.000000000000000000e+00,-1.000000000000000000e+00,-1.000000000000000000e+00,-1.000000000000000000e+00,-1.000000000000000000e+00,-1.000000000000000000e+00,-1.000000000000000000e+00,-1.000000000000000000e+00,-1.000000000000000000e+00,-1.000000000000000000e+00,-1.000000000000000000e+00,-1.000000000000000000e+00,-1.000000000000000000e+00,-1.000000000000000000e+00,-1.000000000000000000e+00,-1.000000000000000000e+00,-1.000000000000000000e+00,-1.000000000000000000e+00,-1.000000000000000000e+00,-1.000000000000000000e+00,-1.000000000000000000e+00,-1.000000000000000000e+00,-1.000000000000000000e+00,-1.000000000000000000e+00,-1.000000000000000000e+00,-1.000000000000000000e+00,-1.000000000000000000e+00,-1.000000000000000000e+00,-1.000000000000000000e+00,-1.000000000000000000e+00,-1.000000000000000000e+00,-1.000000000000000000e+00,-1.000000000000000000e+00,-1.000000000000000000e+00,-1.000000000000000000e+00,-1.000000000000000000e+00
-1.000000000000000000e+00,-1.000000000000000000e+00,-1.000000000000000000e+00,-1.000000000000000000e+00,-1.000000000000000000e+00,-1.000000000000000000e+00,-1.000000000000000000e+00,-1.000000000000000000e+00,-1.000000000000000000e+00,-1.000000000000000000e+00,-1.000000000000000000e+00,-1.000000000000000000e+00,-1.000000000000000000e+00,-1.000000000000000000e+00,-1.000000000000000000e+00,-1.000000000000000000e+00,-1.000000000000000000e+00,-1.000000000000000000e+00,-1.000000000000000000e+00,-1.000000000000000000e+00,-1.000000000000000000e+00,-1.000000000000000000e+00,-1.000000000000000000e+00,-1.000000000000000000e+00,-1.000000000000000000e+00,-1.000000000000000000e+00,-1.000000000000000000e+00,-1.000000000000000000e+00,-1.000000000000000000e+00,-1.000000000000000000e+00,-1.000000000000000000e+00,-1.000000000000000000e+00,-1.000000000000000000e+00,-1.000000000000000000e+00,-1.000000000000000000e+00,-1.000000000000000000e+00,-1.000000000000000000e+00,-1.000000000000000000e+00,-1.000000000000000000e+00,-1.000000000000000000e+00,-1.000000000000000000e+00,-1.000000000000000000e+00,-1.178233546573759893e+00,-1.178020581059438410e+00,-1.177362310082000318e+00,-1.176199994566498486e+00,-1.174433701879959324e+00,-1.171919324043464883e+00,-1.168464556145949684e+00,-1.163824022789768486e+00,-1.157693851313217559e+00,-1.149706157324021483e+00,-1.139424160993318225e+00,-1.126339035655557819e+00,-1.109870167057009249e+00,-1.089371361238540059e+00,-1.064146799959287071e+00,-1.033482348818551166e+00,-9.967003187631851002e-01,-9.532490306975618388e-01,-9.028423159432676925e-01,-8.456674178803424979e-01,-7.826798089245841084e-01,-7.159931465387550098e-01,-6.493355882483471397e-01,-5.884434887764553590e-01,-5.410209566912949075e-01,-5.153402925832402115e-01,-5.153402926012582430e-01,-5.410209567440025236e-01,-5.884434888589608059e-01,-6.493355883522016203e-01,-7.159931466537823308e-01,-7.826798090405977515e-01,-8.456674179888825638e-01,-9.028423160409239090e-01,-9.532490307876501090e-01,-9.967003188522539636e-01,-1.033482348912902138e+00,-1.064146800060862486e+00,-1.089371361344646072e+00,-1.109870167164083377e+00,-1.126339035758711304e+00,-1.139424161087892351e+00,-1.149706157408279639e+00,-1.157693851389824946e+00,-1.163824022864628382e+00,-1.168464556222345019e+00,-1.171919324121870831e+00,-1.174433701964999299e+00,-1.176199994662586956e+00,-1.177362310160745551e+00,-1.178020581103416786e+00,-1.178233546601135329e+00,-1.000000000000000000e+00,-1.000000000000000000e+00,-1.000000000000000000e+00,-1.000000000000000000e+00,-1.000000000000000000e+00,-1.000000000000000000e+00,-1.000000000000000000e+00,-1.000000000000000000e+00,-1.000000000000000000e+00,-1.000000000000000000e+00,-1.000000000000000000e+00,-1.000000000000000000e+00,-1.000000000000000000e+00,-1.000000000000000000e+00,-1.000000000000000000e+00,-1.000000000000000000e+00,-1.000000000000000000e+00,-1.000000000000000000e+00,-1.000000000000000000e+00,-1.000000000000000000e+00,-1.000000000000000000e+00,-1.000000000000000000e+00,-1.000000000000000000e+00,-1.000000000000000000e+00,-1.000000000000000000e+00,-1.000000000000000000e+00,-1.000000000000000000e+00,-1.000000000000000000e+00,-1.000000000000000000e+00,-1.000000000000000000e+00,-1.000000000000000000e+00,-1.000000000000000000e+00,-1.000000000000000000e+00,-1.000000000000000000e+00,-1.000000000000000000e+00,-1.000000000000000000e+00,-1.000000000000000000e+00,-1.000000000000000000e+00,-1.000000000000000000e+00,-1.000000000000000000e+00,-1.000000000000000000e+00,-1.000000000000000000e+00
-1.000000000000000000e+00,-1.000000000000000000e+00,-1.000000000000000000e+00,-1.000000000000000000e+00,-1.000000000000000000e+00,-1.000000000000000000e+00,-1.000000000000000000e+00,-1.000000000000000000e+00,-1.000000000000000000e+00,-1.000000000000000000e+00,-1.000000000000000000e+00,-1.000000000000000000e+00,-1.000000000000000000e+00,-1.000000000000000000e+00,-1.000000000000000000e+00,-1.000000000000000000e+00,-1.000000000000000000e+00,-1.000000000000000000e+00,-1.000000000000000000e+00,-1.000000000000000000e+00,-1.000000000000000000e+00,-1.000000000000000000e+00,-1.000000000000000000e+00,-1.000000000000000000e+00,-1.000000000000000000e+00,-1.000000000000000000e+00,-1.000000000000000000e+00,-1.000000000000000000e+00,-1.000000000000000000e+00,-1.000000000000000000e+00,-1.000000000000000000e+00,-1.000000000000000000e+00,-1.000000000000000000e+00,-1.000000000000000000e+00,-1.000000000000000000e+00,-1.000000000000000000e+00,-1.000000000000000000e+00,-1.000000000000000000e+00,-1.000000000000000000e+00,-1.000000000000000000e+00,-1.000000000000000000e+00,-1.000000000000000000e+00,-1.174939859102964057e+00,-1.174724618969127832e+00,-1.174059386851558529e+00,-1.172885007324000028e+00,-1.171100838998000215e+00,-1.168561751124324033e+00,-1.165074073101579177e+00,-1.160390686318722331e+00,-1.154205559537134329e+00,-1.146148197059932539e+00,-1.135778723705943349e+00,-1.122584716485537149e+00,-1.105981473803941739e+00,-1.085318278772735567e+00,-1.059894483018102962e+00,-1.028991056222344991e+00,-9.919257593621048086e-01,-9.481433706370806513e-01,-8.973562009641403714e-01,-8.397534886866584447e-01,-7.762983068107499607e-01,-7.091202449178597433e-01,-6.419748535026301717e-01,-5.806399295688511319e-01,-5.328744838074541690e-01,-5.070089629290102096e-01,-5.070089629454350710e-01,-5.328744838565853126e-01,-5.806399296485764694e-01,-6.419748536062388489e-01,-7.091202450346982822e-01,-7.762983069299722594e-01,-8.397534887985284024e-01,-8.973562010616500384e-01,-9.481433707197178817e-01,-9.919257594340106232e-01,-1.028991056290230910e+00,-1.059894483088963391e+00,-1.085318278850643692e+00,-1.105981473891523459e+00,-1.122584716581083608e+00,-1.135778723801518009e+00,-1.146148197146271475e+00,-1.154205559607833331e+00,-1.160390686373058422e+00,-1.165074073142185584e+00,-1.168561751157064732e+00,-1.171100839038252683e+00,-1.172885007388477785e+00,-1.174059386917302827e+00,-1.174724619013619575e+00,-1.174939859137413611e+00,-1.000000000000000000e+00,-1.000000000000000000e+00,-1.000000000000000000e+00,-1.000000000000000000e+00,-1.000000000000000000e+00,-1.000000000000000000e+00,-1.000000000000000000e+00,-1.000000000000000000e+00,-1.000000000000000000e+00,-1.000000000000000000e+00,-1.000000000000000000e+00,-1.000000000000000000e+00,-1.000000000000000000e+00,-1.000000000000000000e+00,-1.000000000000000000e+00,-1.000000000000000000e+00,-1.000000000000000000e+00,-1.000000000000000000e+00,-1.000000000000000000e+00,-1.000000000000000000e+00,-1.000000000000000000e+00,-1.000000000000000000e+00,-1.000000000000000000e+00,-1.000000000000000000e+00,-1.000000000000000000e+00,-1.000000000000000000e+00,-1.000000000000000000e+00,-1.000000000000000000e+00,-1.000000000000000000e+00,-1.000000000000000000e+00,-1.000000000000000000e+00,-1.000000000000000000e+00,-1.000000000000000000e+00,-1.000000000000000000e+00,-1.000000000000000000e+00,-1.000000000000000000e+00,-1.000000000000000000e+00,-1.000000000000000000e+00,-1.000000000000000000e+00,-1.000000000000000000e+00,-1.000000000000000000e+00,-1.000000000000000000e+00
-1.000000000000000000e+00,-1.000000000000000000e+00,-1.000000000000000000e+00,-1.000000000000000000e+00,-1.000000000000000000e+00,-1.000000000000000000e+00,-1.000000000000000000e+00,-1.000000000000000000e+00,-1.000000000000000000e+00,-1.000000000000000000e+00,-1.000000000000000000e+00,-1.000000000000000000e+00,-1.000000000000000000e+00,-1.000000000000000000e+00,-1.000000000000000000e+00,-1.000000000000000000e+00,-1.000000000000000000e+00,-1.000000000000000000e+00,-1.000000000000000000e+00,-1.000000000000000000e+00,-1.000000000000000000e+00,-1.000000000000000000e+00,-1.000000000000000000e+00,-1.000000000000000000e+00,-1.000000000000000000e+00,-1.000000000000000000e+00,-1.000000000000000000e+00,-1.000000000000000000e+00,-1.000000000000000000e+00,-1.000000000000000000e+00,-1.000000000000000000e+00,-1.000000000000000000e+00,-1.000000000000000000e+00,-1.000000000000000000e+00,-1.000000000000000000e+00,-1.000000000000000000e+00,-1.000000000000000000e+00,-1.000000000000000000e+00,-1.000000000000000000e+00,-1.000000000000000000e+00,-1.000000000000000000e+00,-1.000000000000000000e+00,-1.171467856022349041e+00,-1.171250146540796067e+00,-1.170577361421510698e+00,-1.169389905566483367e+00,-1.167586389006803449e+00,-1.165020600503212211e+00,-1.161497426312659398e+00,-1.156767905257501061e+00,-1.150523723942457943e+00,-1.142391625336359962e+00,-1.131928460679527015e+00,-1.118618003508489167e+00,-1.101871229894583637e+00,-1.081032641211252754e+00,-1.055396484947161095e+00,-1.024238561231043176e+00,-9.868718335978079459e-01,-9.427373567371890584e-01,-8.915458679793211161e-01,-8.334887631641817451e-01,-7.695372154155767364e-01,-7.018377384152294507e-01,-6.341749347804510606e-01,-5.723705083998761323e-01,-5.242415928785691959e-01,-4.981801576977670232e-01,-4.981801577115433366e-01,-5.242415929205903602e-01,-5.723705084707542134e-01,-6.341749348766385630e-01,-7.018377385271572511e-01,-7.695372155321509311e-01,-8.334887632754168774e-01,-8.915458680764990484e-01,-9.427373568165067219e-01,-9.868718336598637508e-01,-1.024238561280238935e+00,-1.055396484992337847e+00,-1.081032641261275851e+00,-1.101871229957057441e+00,-1.118618003586071996e+00,-1.131928460765442956e+00,-1.142391625418601064e+00,-1.150523724008572168e+00,-1.156767905300398525e+00,-1.161497426331487448e+00,-1.165020600503850146e+00,-1.167586389008965719e+00,-1.169389905594100609e+00,-1.170577361457669774e+00,-1.171250146563285188e+00,-1.171467856043677536e+00,-1.000000000000000000e+00,-1.000000000000000000e+00,-1.000000000000000000e+00,-1.000000000000000000e+00,-1.000000000000000000e+00,-1.000000000000000000e+00,-1.000000000000000000e+00,-1.000000000000000000e+00,-1.000000000000000000e+00,-1.000000000000000000e+00,-1.000000000000000000e+00,-1.000000000000000000e+00,-1.000000000000000000e+00,-1.000000000000000000e+00,-1.000000000000000000e+00,-1.000000000000000000e+00,-1.000000000000000000e+00,-1.000000000000000000e+00,-1.000000000000000000e+00,-1.000000000000000000e+00,-1.000000000000000000e+00,-1.000000000000000000e+00,-1.000000000000000000e+00,-1.000000000000000000e+00,-1.000000000000000000e+00,-1.000000000000000000e+00,-1.000000000000000000e+00,-1.000000000000000000e+00,-1.000000000000000000e+00,-1.000000000000000000e+00,-1.000000000000000000e+00,-1.000000000000000000e+00,-1.000000000000000000e+00,-1.000000000000000000e+00,-1.000000000000000000e+00,-1.000000000000000000e+00,-1.000000000000000000e+00,-1.000000000000000000e+00,-1.000000000000000000e+00,-1.000000000000000000e+00,-1.000000000000000000e+00,-1.000000000000000000e+00
-1.000000000000000000e+00,-1.000000000000000000e+00,-1.000000000000000000e+00,-1.000000000000000000e+00,-1.000000000000000000e+00,-1.000000000000000000e+00,-1.000000000000000000e+00,-1.000000000000000000e+00,-1.000000000000000000e+00,-1.000000000000000000e+00,-1.000000000000000000e+00,-1.000000000000000000e+00,-1.000000000000000000e+00,-1.000000000000000000e+00,-1.000000000000000000e+00,-1.000000000000000000e+00,-1.000000000000000000e+00,-1.000000000000000000e+00,-1.000000000000000000e+00,-1.000000000000000000e+00,-1.000000000000000000e+00,-1.000000000000000000e+00,-1.000000000000000000e+00,-1.000000000000000000e+00,-1.000000000000000000e+00,-1.000000000000000000e+00,-1.000000000000000000e+00,-1.000000000000000000e+00,-1.000000000000000000e+00,-1.000000000000000000e+00,-1.000000000000000000e+00,-1.000000000000000000e+00,-1.000000000000000000e+00,-1.000000000000000000e+00,-1.000000000000000000e+00,-1.000000000000000000e+00,-1.000000000000000000e+00,-1.000000000000000000e+00,-1.000000000000000000e+00,-1.000000000000000000e+00,-1.000000000000000000e+00,-1.000000000000000000e+00,-1.167816367740554417e+00,-1.167595977509683580e+00,-1.166914997568301082e+00,-1.165713369996866922e+00,-1.163888916658342154e+00,-1.161294288335860792e+00,-1.157732850825049509e+00,-1.152953700949075122e+00,-1.146646119169445477e+00,-1.138433936246826095e+00,-1.127870550247341841e+00,-1.114435722142428142e+00,-1.097535868184893237e+00,-1.076510446280734001e+00,-1.050648322685866942e+00,-1.019219851521147246e+00,-9.815329495479218069e-01,-9.370247672263578576e-01,-8.854044185078057128e-01,-8.268656277321105863e-01,-7.623881834046573047e-01,-6.941365407481159266e-01,-6.259260511157311857e-01,-5.636248403580326194e-01,-5.151114466328489128e-01,-4.888427988142139968e-01,-4.888427988265454660e-01,-5.151114466699324712e-01,-5.636248404199103446e-01,-6.259260512000073273e-01,-6.941365408472590648e-01,-7.623881835091121939e-01,-8.268656278335908549e-01,-8.854044185988226845e-01,-9.370247673025127177e-01,-9.815329496076786731e-01,-1.019219851564672208e+00,-1.050648322718341410e+00,-1.076510446310896540e+00,-1.097535868222014210e+00,-1.114435722192605782e+00,-1.127870550308639919e+00,-1.138433936310800476e+00,-1.146646119223539761e+00,-1.152953700983392782e+00,-1.157732850834737981e+00,-1.161294288321725210e+00,-1.163888916636780735e+00,-1.165713369991409953e+00,-1.166914997564972190e+00,-1.167595977489928050e+00,-1.167816367725376336e+00,-1.000000000000000000e+00,-1.000000000000000000e+00,-1.000000000000000000e+00,-1.000000000000000000e+00,-1.000000000000000000e+00,-1.000000000000000000e+00,-1.000000000000000000e+00,-1.000000000000000000e+00,-1.000000000000000000e+00,-1.000000000000000000e+00,-1.000000000000000000e+00,-1.000000000000000000e+00,-1.000000000000000000e+00,-1.000000000000000000e+00,-1.000000000000000000e+00,-1.000000000000000000e+00,-1.000000000000000000e+00,-1.000000000000000000e+00,-1.000000000000000000e+00,-1.000000000000000000e+00,-1.000000000000000000e+00,-1.000000000000000000e+00,-1.000000000000000000e+00,-1.000000000000000000e+00,-1.000000000000000000e+00,-1.000000000000000000e+00,-1.000000000000000000e+00,-1.000000000000000000e+00,-1.000000000000000000e+00,-1.000000000000000000e+00,-1.000000000000000000e+00,-1.000000000000000000e+00,-1.000000000000000000e+00,-1.000000000000000000e+00,-1.000000000000000000e+00,-1.000000000000000000e+00,-1.000000000000000000e+00,-1.000000000000000000e+00,-1.000000000000000000e+00,-1.000000000000000000e+00,-1.000000000000000000e+00,-1.000000000000000000e+00
-1.000000000000000000e+00,-1.000000000000000000e+00,-1.000000000000000000e+00,-1.000000000000000000e+00,-1.000000000000000000e+00,-1.000000000000000000e+00,-1.000000000000000000e+00,-1.000000000000000000e+00,-1.000000000000000000e+00,-1.000000000000000000e+00,-1.000000000000000000e+00,-1.000000000000000000e+00,-1.000000000000000000e+00,-1.000000000000000000e+00,-1.000000000000000000e+00,-1.000000000000000000e+00,-1.000000000000000000e+00,-1.000000000000000000e+00,-1.000000000000000000e+00,-1.000000000000000000e+00,-1.000000000000000000e+00,-1.000000000000000000e+00,-1.000000000000000000e+00,-1.000000000000000000e+00,-1.000000000000000000e+00,-1.000000000000000000e+00,-1.000000000000000000e+00,-1.000000000000000000e+00,-1.000000000000000000e+00,-1.000000000000000000e+00,-1.000000000000000000e+00,-1.000000000000000000e+00,-1.000000000000000000e+00,-1.000000000000000000e+00,-1.000000000000000000e+00,-1.000000000000000000e+00,-1.000000000000000000e+00,-1.000000000000000000e+00,-1.000000000000000000e+00,-1.000000000000000000e+00,-1.000000000000000000e+00,-1.000000000000000000e+00,-1.163984145877883236e+00,-1.163760843937734268e+00,-1.163070968821819262e+00,-1.161853977049693620e+00,-1.160006863352071260e+00,-1.157381083793785015e+00,-1.153778407139158579e+00,-1.148945889389404229e+00,-1.142570281192436532e+00,-1.134272350098218585e+00,-1.123601860700115029e+00,-1.110034350949408388e+00,-1.092971437755651198e+00,-1.071747271205016006e+00,-1.045645056263088790e+00,-1.013929421731960323e+00,-9.759029862254088306e-01,-9.309988150669609164e-01,-8.789243521482945631e-01,-8.198758296254546885e-01,-7.548421825244849837e-01,-6.860068511608351516e-01,-6.172176711052541620e-01,-5.543917580923809485e-01,-5.054724006723374519e-01,-4.789849875164593485e-01,-4.789849875290520531e-01,-5.054724007090991567e-01,-5.543917581501247582e-01,-6.172176711786423464e-01,-6.860068512426213960e-01,-7.548421826078273167e-01,-8.198758297063469813e-01,-8.789243522239186257e-01,-9.309988151354725572e-01,-9.759029862858361604e-01,-1.013929421780700446e+00,-1.045645056297409781e+00,-1.071747271227960985e+00,-1.092971437774049148e+00,-1.110034350970175332e+00,-1.123601860726588075e+00,-1.134272350129339024e+00,-1.142570281221654493e+00,-1.148945889409749066e+00,-1.153778407144138818e+00,-1.157381083776670039e+00,-1.160006863320018899e+00,-1.161853977019367212e+00,-1.163070968777926817e+00,-1.163760843865716543e+00,-1.163984145810070370e+00,-1.000000000000000000e+00,-1.000000000000000000e+00,-1.000000000000000000e+00,-1.000000000000000000e+00,-1.000000000000000000e+00,-1.000000000000000000e+00,-1.000000000000000000e+00,-1.000000000000000000e+00,-1.000000000000000000e+00,-1.000000000000000000e+00,-1.000000000000000000e+00,-1.000000000000000000e+00,-1.000000000000000000e+00,-1.000000000000000000e+00,-1.000000000000000000e+00,-1.000000000000000000e+00,-1.000000000000000000e+00,-1.000000000000000000e+00,-1.000000000000000000e+00,-1.000000000000000000e+00,-1.000000000000000000e+00,-1.000000000000000000e+00,-1.000000000000000000e+00,-1.000000000000000000e+00,-1.000000000000000000e+00,-1.000000000000000000e+00,-1.000000000000000000e+00,-1.000000000000000000e+00,-1.000000000000000000e+00,-1.000000000000000000e+00,-1.000000000000000000e+00,-1.000000000000000000e+00,-1.000000000000000000e+00,-1.000000000000000000e+00,-1.000000000000000000e+00,-1.000000000000000000e+00,-1.000000000000000000e+00,-1.000000000000000000e+00,-1.000000000000000000e+00,-1.000000000000000000e+00,-1.000000000000000000e+00,-1.000000000000000000e+00
-1.000000000000000000e+00,-1.000000000000000000e+00,-1.000000000000000000e+00,-1.000000000000000000e+00,-1.000000000000000000e+00,-1.000000000000000000e+00,-1.000000000000000000e+00,-1.000000000000000000e+00,-1.000000000000000000e+00,-1.000000000000000000e+00,-1.000000000000000000e+00,-1.000000000000000000e+00,-1.000000000000000000e+00,-1.000000000000000000e+00,-1.000000000000000000e+00,-1.000000000000000000e+00,-1.000000000000000000e+00,-1.000000000000000000e+00,-1.000000000000000000e+00,-1.000000000000000000e+00,-1.000000000000000000e+00,-1.000000000000000000e+00,-1.000000000000000000e+00,-1.000000000000000000e+00,-1.000000000000000000e+00,-1.000000000000000000e+00,-1.000000000000000000e+00,-1.000000000000000000e+00,-1.000000000000000000e+00,-1.000000000000000000e+00,-1.000000000000000000e+00,-1.000000000000000000e+00,-1.000000000000000000e+00,-1.000000000000000000e+00,-1.000000000000000000e+00,-1.000000000000000000e+00,-1.000000000000000000e+00,-1.000000000000000000e+00,-1.000000000000000000e+00,-1.000000000000000000e+00,-1.000000000000000000e+00,-1.000000000000000000e+00,-1.159969817112831425e+00,-1.159743349291962433e+00,-1.159043809273684777e+00,-1.157810146028730447e+00,-1.155938489364266353e+00,-1.153279045366227162e+00,-1.149631910830371639e+00,-1.144742003711961997e+00,-1.138293422534491173e+00,-1.129903721545855833e+00,-1.119118851840844808e+00,-1.105409917384978513e+00,-1.088173494856730095e+00,-1.066738160002530078e+00,-1.040381173682467075e+00,-1.008361157158620625e+00,-9.699751771886956364e-01,-9.246520323896056937e-01,-8.720974524629736546e-01,-8.125103645146416476e-01,-7.468893968848193676e-01,-6.774380449696295603e-01,-6.080384040908943799e-01,-5.446592029667760571e-01,-4.953118941493672711e-01,-4.685938945676429990e-01,-4.685938945804891675e-01,-4.953118941867135083e-01,-5.446592030230822390e-01,-6.080384041564876885e-01,-6.774380450351671357e-01,-7.468893969446825931e-01,-8.125103645691214016e-01,-8.720974525157357826e-01,-9.246520324435817395e-01,-9.699751772457866350e-01,-1.008361157214234582e+00,-1.040381173726224961e+00,-1.066738160028808835e+00,-1.088173494866246926e+00,-1.105409917382059515e+00,-1.119118851831625738e+00,-1.129903721536303252e+00,-1.138293422526748477e+00,-1.144742003706320288e+00,-1.149631910822766834e+00,-1.153279045344606235e+00,-1.155938489325628593e+00,-1.157810145980371352e+00,-1.159043809195613228e+00,-1.159743349171018956e+00,-1.159969816990020774e+00,-1.000000000000000000e+00,-1.000000000000000000e+00,-1.000000000000000000e+00,-1.000000000000000000e+00,-1.000000000000000000e+00,-1.000000000000000000e+00,-1.000000000000000000e+00,-1.000000000000000000e+00,-1.000000000000000000e+00,-1.000000000000000000e+00,-1.000000000000000000e+00,-1.000000000000000000e+00,-1.000000000000000000e+00,-1.000000000000000000e+00,-1.000000000000000000e+00,-1.000000000000000000e+00,-1.000000000000000000e+00,-1.000000000000000000e+00,-1.000000000000000000e+00,-1.000000000000000000e+00,-1.000000000000000000e+00,-1.000000000000000000e+00,-1.000000000000000000e+00,-1.000000000000000000e+00,-1.000000000000000000e+00,-1.000000000000000000e+00,-1.000000000000000000e+00,-1.000000000000000000e+00,-1.000000000000000000e+00,-1.000000000000000000e+00,-1.000000000000000000e+00,-1.000000000000000000e+00,-1.000000000000000000e+00,-1.000000000000000000e+00,-1.000000000000000000e+00,-1.000000000000000000e+00,-1.000000000000000000e+00,-1.000000000000000000e+00,-1.000000000000000000e+00,-1.000000000000000000e+00,-1.000000000000000000e+00,-1.000000000000000000e+00
-1.000000000000000000e+00,-1.000000000000000000e+00,-1.000000000000000000e+00,-1.000000000000000000e+00,-1.000000000000000000e+00,-1.000000000000000000e+00,-1.000000000000000000e+00,-1.000000000000000000e+00,-1.000000000000000000e+00,-1.000000000000000000e+00,-1.000000000000000000e+00,-1.000000000000000000e+00,-1.000000000000000000e+00,-1.000000000000000000e+00,-1.000000000000000000e+00,-1.000000000000000000e+00,-1.000000000000000000e+00,-1.000000000000000000e+00,-1.000000000000000000e+00,-1.000000000000000000e+00,-1.000000000000000000e+00,-1.000000000000000000e+00,-1.000000000000000000e+00,-1.000000000000000000e+00,-1.000000000000000000e+00,-1.000000000000000000e+00,-1.000000000000000000e+00,-1.000000000000000000e+00,-1.000000000000000000e+00,-1.000000000000000000e+00,-1.000000000000000000e+00,-1.000000000000000000e+00,-1.000000000000000000e+00,-1.000000000000000000e+00,-1.000000000000000000e+00,-1.000000000000000000e+00,-1.000000000000000000e+00,-1.000000000000000000e+00,-1.000000000000000000e+00,-1.000000000000000000e+00,-1.000000000000000000e+00,-1.000000000000000000e+00,-1.155771816249288264e+00,-1.155541900482034645e+00,-1.154831842572997758e+00,-1.153580063188073490e+00,-1.151681791367561436e+00,-1.148985930473119366e+00,-1.145290833275848907e+00,-1.140339185461880733e+00,-1.133812313963593832e+00,-1.125324412033872568e+00,-1.114417438919019565e+00,-1.100557854355880716e+00,-1.083136953525164481e+00,-1.061477469813518537e+00,-1.034850434704687849e+00,-1.002508176704200116e+00,-9.637419542132398265e-01,-9.179761161393442670e-01,-8.649146354471161091e-01,-8.047593281610649907e-01,-7.385190776477514873e-01,-6.684185306625707312e-01,-5.983758587189806910e-01,-5.344140840523186053e-01,-4.846163084407919541e-01,-4.576556184740687705e-01,-4.576556184869940980e-01,-4.846163084782441066e-01,-5.344140841073938830e-01,-5.983758587792449291e-01,-6.684185307166214951e-01,-7.385190776890235842e-01,-8.047593281910722096e-01,-8.649146354745471665e-01,-9.179761161723924978e-01,-9.637419542576615150e-01,-1.002508176757478831e+00,-1.034850434753480375e+00,-1.061477469845665489e+00,-1.083136953534040492e+00,-1.100557854339975883e+00,-1.114417438883083866e+00,-1.125324411986941886e+00,-1.133812313914187575e+00,-1.140339185417601930e+00,-1.145290833238509665e+00,-1.148985930431590585e+00,-1.151681791314064895e+00,-1.153580063123458066e+00,-1.154831842470817715e+00,-1.155541900325768534e+00,-1.155771816082422854e+00,-1.000000000000000000e+00,-1.000000000000000000e+00,-1.000000000000000000e+00,-1.000000000000000000e+00,-1.000000000000000000e+00,-1.000000000000000000e+00,-1.000000000000000000e+00,-1.000000000000000000e+00,-1.000000000000000000e+00,-1.000000000000000000e+00,-1.000000000000000000e+00,-1.000000000000000000e+00,-1.000000000000000000e+00,-1.000000000000000000e+00,-1.000000000000000000e+00,-1.000000000000000000e+00,-1.000000000000000000e+00,-1.000000000000000000e+00,-1.000000000000000000e+00,-1.000000000000000000e+00,-1.000000000000000000e+00,-1.000000000000000000e+00,-1.000000000000000000e+00,-1.000000000000000000e+00,-1.000000000000000000e+00,-1.000000000000000000e+00,-1.000000000000000000e+00,-1.000000000000000000e+00,-1.000000000000000000e+00,-1.000000000000000000e+00,-1.000000000000000000e+00,-1.000000000000000000e+00,-1.000000000000000000e+00,-1.000000000000000000e+00,-1.000000000000000000e+00,-1.000000000000000000e+00,-1.000000000000000000e+00,-1.000000000000000000e+00,-1.000000000000000000e+00,-1.000000000000000000e+00,-1.000000000000000000e+00,-1.000000000000000000e+00
-1.000000000000000000e+00,-1.000000000000000000e+00,-1.000000000000000000e+00,-1.000000000000000000e+00,-1.000000000000000000e+00,-1.000000000000000000e+00,-1.000000000000000000e+00,-1.000000000000000000e+00,-1.000000000000000000e+00,-1.000000000000000000e+00,-1.000000000000000000e+00,-1.000000000000000000e+00,-1.000000000000000000e+00,-1.000000000000000000e+00,-1.000000000000000000e+00,-1.000000000000000000e+00,-1.000000000000000000e+00,-1.000000000000000000e+00,-1.000000000000000000e+00,-1.000000000000000000e+00,-1.000000000000000000e+00,-1.000000000000000000e+00,-1.000000000000000000e+00,-1.000000000000000000e+00,-1.000000000000000000e+00,-1.000000000000000000e+00,-1.000000000000000000e+00,-1.000000000000000000e+00,-1.000000000000000000e+00,-1.000000000000000000e+00,-1.000000000000000000e+00,-1.000000000000000000e+00,-1.000000000000000000e+00,-1.000000000000000000e+00,-1.000000000000000000e+00,-1.000000000000000000e+00,-1.000000000000000000e+00,-1.000000000000000000e+00,-1.000000000000000000e+00,-1.000000000000000000e+00,-1.000000000000000000e+00,-1.000000000000000000e+00,-1.151388292299144744e+00,-1.151154612560341128e+00,-1.150433082541029162e+00,-1.149161575746793007e+00,-1.147234387639905373e+00,-1.144499070079038505e+00,-1.140752164388889156e+00,-1.135734034736657350e+00,-1.129123121934136220e+00,-1.120530115047513986e+00,-1.109492806792556463e+00,-1.095472804914661813e+00,-1.077855882857846170e+00,-1.055958663083950810e+00,-1.029045660401964879e+00,-9.963626222104360330e-01,-9.571947385633278182e-01,-9.109617230320378178e-01,-8.573657493362855098e-01,-7.966117215532450002e-01,-7.297193532418357886e-01,-6.589355642706522520e-01,-5.882164600683026379e-01,-5.236420964767101172e-01,-4.733707855206761295e-01,-4.461550034785561891e-01,-4.461550034912529217e-01,-4.733707855567623746e-01,-5.236420965285648599e-01,-5.882164601236864465e-01,-6.589355643182730482e-01,-7.297193532734658206e-01,-7.966117215676188357e-01,-8.573657493421785736e-01,-9.109617230409223776e-01,-9.571947385849105538e-01,-9.963626222463777271e-01,-1.029045660441818555e+00,-1.055958663115195817e+00,-1.077855882869198867e+00,-1.095472804897009711e+00,-1.109492806744266424e+00,-1.120530114974667590e+00,-1.129123121846312694e+00,-1.135734034645878410e+00,-1.140752164304413840e+00,-1.144499069996702589e+00,-1.147234387554698642e+00,-1.149161575659771950e+00,-1.150433082420395881e+00,-1.151154612382513154e+00,-1.151388292104071898e+00,-1.000000000000000000e+00,-1.000000000000000000e+00,-1.000000000000000000e+00,-1.000000000000000000e+00,-1.000000000000000000e+00,-1.000000000000000000e+00,-1.000000000000000000e+00,-1.000000000000000000e+00,-1.000000000000000000e+00,-1.000000000000000000e+00,-1.000000000000000000e+00,-1.000000000000000000e+00,-1.000000000000000000e+00,-1.000000000000000000e+00,-1.000000000000000000e+00,-1.000000000000000000e+00,-1.000000000000000000e+00,-1.000000000000000000e+00,-1.000000000000000000e+00,-1.000000000000000000e+00,-1.000000000000000000e+00,-1.000000000000000000e+00,-1.000000000000000000e+00,-1.000000000000000000e+00,-1.000000000000000000e+00,-1.000000000000000000e+00,-1.000000000000000000e+00,-1.000000000000000000e+00,-1.000000000000000000e+00,-1.000000000000000000e+00,-1.000000000000000000e+00,-1.000000000000000000e+00,-1.000000000000000000e+00,-1.000000000000000000e+00,-1.000000000000000000e+00,-1.000000000000000000e+00,-1.000000000000000000e+00,-1.000000000000000000e+00,-1.000000000000000000e+00,-1.000000000000000000e+00,-1.000000000000000000e+00,-1.000000000000000000e+00
-1.000000000000000000e+00,-1.000000000000000000e+00,-1.000000000000000000e+00,-1.000000000000000000e+00,-1.000000000000000000e+00,-1.000000000000000000e+00,-1.000000000000000000e+00,-1.000000000000000000e+00,-1.000000000000000000e+00,-1.000000000000000000e+00,-1.000000000000000000e+00,-1.000000000000000000e+00,-1.000000000000000000e+00,-1.000000000000000000e+00,-1.000000000000000000e+00,-1.000000000000000000e+00,-1.000000000000000000e+00,-1.000000000000000000e+00,-1.000000000000000000e+00,-1.000000000000000000e+00,-1.000000000000000000e+00,-1.000000000000000000e+00,-1.000000000000000000e+00,-1.000000000000000000e+00,-1.000000000000000000e+00,-1.000000000000000000e+00,-1.000000000000000000e+00,-1.000000000000000000e+00,-1.000000000000000000e+00,-1.000000000000000000e+00,-1.000000000000000000e+00,-1.000000000000000000e+00,-1.000000000000000000e+00,-1.000000000000000000e+00,-1.000000000000000000e+00,-1.000000000000000000e+00,-1.000000000000000000e+00,-1.000000000000000000e+00,-1.000000000000000000e+00,-1.000000000000000000e+00,-1.000000000000000000e+00,-1.000000000000000000e+00,-1.146816979988285246e+00,-1.146579178364919516e+00,-1.145845097311906313e+00,-1.144552047145621865e+00,-1.142593361475205294e+00,-1.139815197863691232e+00,-1.136012225847387924e+00,-1.130922406556147397e+00,-1.124221188021877538e+00,-1.115515619385825330e+00,-1.104339158621967965e+00,-1.090148358680971041e+00,-1.072323234047003915e+00,-1.050174028496238421e+00,-1.022958451433460203e+00,-9.899153774446565190e-01,-9.503236637138468001e-01,-9.035981984398340217e-01,-8.494393112729325956e-01,-7.880551960064424710e-01,-7.204769825234275116e-01,-6.489750092738959530e-01,-5.775452142925834309e-01,-5.123274885624217179e-01,-4.615589957539926180e-01,-4.340754071814982851e-01,-4.340754071913229817e-01,-4.615589957822167078e-01,-5.123274886046191856e-01,-5.775452143407848737e-01,-6.489750093186976709e-01,-7.204769825549388607e-01,-7.880551960177956117e-01,-8.494393112665229451e-01,-9.035981984258480981e-01,-9.503236637055716418e-01,-9.899153774495469404e-01,-1.022958451447949724e+00,-1.050174028513278124e+00,-1.072323234055936325e+00,-1.090148358666429340e+00,-1.104339158572566149e+00,-1.115515619299097150e+00,-1.124221187902984864e+00,-1.130922406418095827e+00,-1.136012225706596102e+00,-1.139815197725298379e+00,-1.142593361341164515e+00,-1.144552047023439600e+00,-1.145845097168471938e+00,-1.146579178169822688e+00,-1.146816979775221679e+00,-1.000000000000000000e+00,-1.000000000000000000e+00,-1.000000000000000000e+00,-1.000000000000000000e+00,-1.000000000000000000e+00,-1.000000000000000000e+00,-1.000000000000000000e+00,-1.000000000000000000e+00,-1.000000000000000000e+00,-1.000000000000000000e+00,-1.000000000000000000e+00,-1.000000000000000000e+00,-1.000000000000000000e+00,-1.000000000000000000e+00,-1.000000000000000000e+00,-1.000000000000000000e+00,-1.000000000000000000e+00,-1.000000000000000000e+00,-1.000000000000000000e+00,-1.000000000000000000e+00,-1.000000000000000000e+00,-1.000000000000000000e+00,-1.000000000000000000e+00,-1.000000000000000000e+00,-1.000000000000000000e+00,-1.000000000000000000e+00,-1.000000000000000000e+00,-1.000000000000000000e+00,-1.000000000000000000e+00,-1.000000000000000000e+00,-1.000000000000000000e+00,-1.000000000000000000e+00,-1.000000000000000000e+00,-1.000000000000000000e+00,-1.000000000000000000e+00,-1.000000000000000000e+00,-1.000000000000000000e+00,-1.000000000000000000e+00,-1.000000000000000000e+00,-1.000000000000000000e+00,-1.000000000000000000e+00,-1.000000000000000000e+00
-1.000000000000000000e+00,-1.000000000000000000e+00,-1.000000000000000000e+00,-1.000000000000000000e+00,-1.000000000000000000e+00,-1.000000000000000000e+00,-1.000000000000000000e+00,-1.000000000000000000e+00,-1.000000000000000000e+00,-1.000000000000000000e+00,-1.000000000000000000e+00,-1.000000000000000000e+00,-1.000000000000000000e+00,-1.000000000000000000e+00,-1.000000000000000000e+00,-1.000000000000000000e+00,-1.000000000000000000e+00,-1.000000000000000000e+00,-1.000000000000000000e+00,-1.000000000000000000e+00,-1.000000000000000000e+00,-1.000000000000000000e+00,-1.000000000000000000e+00,-1.000000000000000000e+00,-1.000000000000000000e+00,-1.000000000000000000e+00,-1.000000000000000000e+00,-1.000000000000000000e+00,-1.000000000000000000e+00,-1.000000000000000000e+00,-1.000000000000000000e+00,-1.000000000000000000e+00,-1.000000000000000000e+00,-1.000000000000000000e+00,-1.000000000000000000e+00,-1.000000000000000000e+00,-1.000000000000000000e+00,-1.000000000000000000e+00,-1.000000000000000000e+00,-1.000000000000000000e+00,-1.000000000000000000e+00,-1.000000000000000000e+00,-1.142055027583970928e+00,-1.141812693833718306e+00,-1.141064827225795941e+00,-1.139748162961641942e+00,-1.137755051132944617e+00,-1.134930220991607452e+00,-1.131066420412248918e+00,-1.125899137532919481e+00,-1.119100732903558049e+00,-1.110274491578910228e+00,-1.098949378972824187e+00,-1.084576698872708578e+00,-1.066530475385250698e+00,-1.044114308535625035e+00,-1.016578812989703540e+00,-9.831556951195615790e-01,-9.431172086622671147e-01,-8.958732193847486203e-01,-8.411221622432537570e-01,-7.790757209618310863e-01,-7.107770349307680480e-01,-6.385210272753585325e-01,-5.663454069861236784e-01,-5.004527646692915610e-01,-4.491628424558353760e-01,-4.213984053271121466e-01,-4.213984053311110589e-01,-4.491628424694367183e-01,-5.004527646955403419e-01,-5.663454070242335270e-01,-6.385210273181676222e-01,-7.107770349669506604e-01,-7.790757209792538163e-01,-8.411221622346845006e-01,-8.958732193540898114e-01,-9.431172086240975361e-01,-9.831556950872968326e-01,-1.016578812967573464e+00,-1.044114308524054069e+00,-1.066530475378590248e+00,-1.084576698853660703e+00,-1.098949378921766806e+00,-1.110274491483712822e+00,-1.119100732761945993e+00,-1.125899137355288460e+00,-1.131066420219120072e+00,-1.134930220795014710e+00,-1.137755050940682411e+00,-1.139748162790229946e+00,-1.141064827045544572e+00,-1.141812693611498064e+00,-1.142055027348901186e+00,-1.000000000000000000e+00,-1.000000000000000000e+00,-1.000000000000000000e+00,-1.000000000000000000e+00,-1.000000000000000000e+00,-1.000000000000000000e+00,-1.000000000000000000e+00,-1.000000000000000000e+00,-1.000000000000000000e+00,-1.000000000000000000e+00,-1.000000000000000000e+00,-1.000000000000000000e+00,-1.000000000000000000e+00,-1.000000000000000000e+00,-1.000000000000000000e+00,-1.000000000000000000e+00,-1.000000000000000000e+00,-1.000000000000000000e+00,-1.000000000000000000e+00,-1.000000000000000000e+00,-1.000000000000000000e+00,-1.000000000000000000e+00,-1.000000000000000000e+00,-1.000000000000000000e+00,-1.000000000000000000e+00,-1.000000000000000000e+00,-1.000000000000000000e+00,-1.000000000000000000e+00,-1.000000000000000000e+00,-1.000000000000000000e+00,-1.000000000000000000e+00,-1.000000000000000000e+00,-1.000000000000000000e+00,-1.000000000000000000e+00,-1.000000000000000000e+00,-1.000000000000000000e+00,-1.000000000000000000e+00,-1.000000000000000000e+00,-1.000000000000000000e+00,-1.000000000000000000e+00,-1.000000000000000000e+00,-1.000000000000000000e+00
-1.000000000000000000e+00,-1.000000000000000000e+00,-1.000000000000000000e+00,-1.000000000000000000e+00,-1.000000000000000000e+00,-1.000000000000000000e+00,-1.000000000000000000e+00,-1.000000000000000000e+00,-1.000000000000000000e+00,-1.000000000000000000e+00,-1.000000000000000000e+00,-1.000000000000000000e+00,-1.000000000000000000e+00,-1.000000000000000000e+00,-1.000000000000000000e+00,-1.000000000000000000e+00,-1.000000000000000000e+00,-1.000000000000000000e+00,-1.000000000000000000e+00,-1.000000000000000000e+00,-1.000000000000000000e+00,-1.000000000000000000e+00,-1.000000000000000000e+00,-1.000000000000000000e+00,-1.000000000000000000e+00,-1.000000000000000000e+00,-1.000000000000000000e+00,-1.000000000000000000e+00,-1.000000000000000000e+00,-1.000000000000000000e+00,-1.000000000000000000e+00,-1.000000000000000000e+00,-1.000000000000000000e+00,-1.000000000000000000e+00,-1.000000000000000000e+00,-1.000000000000000000e+00,-1.000000000000000000e+00,-1.000000000000000000e+00,-1.000000000000000000e+00,-1.000000000000000000e+00,-1.000000000000000000e+00,-1.000000000000000000e+00,-1.137098770362367617e+00,-1.136851428083435422e+00,-1.136088344900378910e+00,-1.134745674825962780e+00,-1.132714772226878885e+00,-1.129838916641228153e+00,-1.125908899546333553e+00,-1.120657682993456028e+00,-1.113754462970355741e+00,-1.104798653591978042e+00,-1.093314585751642642e+00,-1.078748132991136144e+00,-1.060467107326629632e+00,-1.037768205305214408e+00,-1.009894658058333228e+00,-9.760707041427262309e-01,-9.355617150321338116e-01,-8.877723262259138437e-01,-8.323990165250796380e-01,-7.696571525221781451e-01,-7.006024774629479035e-01,-6.275556809284816850e-01,-5.545982181467242755e-01,-4.879983076524495589e-01,-4.361620877775418403e-01,-4.081034186091380134e-01,-4.081034186076836212e-01,-4.361620877772507399e-01,-4.879983076627860683e-01,-5.545982181736015537e-01,-6.275556809672379055e-01,-7.006024775014451089e-01,-7.696571525455749851e-01,-8.323990165192032276e-01,-8.877723261870349436e-01,-9.355617149720262260e-01,-9.760707040776803733e-01,-1.009894657998139600e+00,-1.037768205255917175e+00,-1.060467107288665334e+00,-1.078748132949655325e+00,-1.093314585684556084e+00,-1.104798653482519821e+00,-1.113754462810533141e+00,-1.120657682788420484e+00,-1.125908899315063438e+00,-1.129838916396479931e+00,-1.132714771977428425e+00,-1.134745674595895260e+00,-1.136088344666287941e+00,-1.136851427814919546e+00,-1.137098770088169841e+00,-1.000000000000000000e+00,-1.000000000000000000e+00,-1.000000000000000000e+00,-1.000000000000000000e+00,-1.000000000000000000e+00,-1.000000000000000000e+00,-1.000000000000000000e+00,-1.000000000000000000e+00,-1.000000000000000000e+00,-1.000000000000000000e+00,-1.000000000000000000e+00,-1.000000000000000000e+00,-1.000000000000000000e+00,-1.000000000000000000e+00,-1.000000000000000000e+00,-1.000000000000000000e+00,-1.000000000000000000e+00,-1.000000000000000000e+00,-1.000000000000000000e+00,-1.000000000000000000e+00,-1.000000000000000000e+00,-1.000000000000000000e+00,-1.000000000000000000e+00,-1.000000000000000000e+00,-1.000000000000000000e+00,-1.000000000000000000e+00,-1.000000000000000000e+00,-1.000000000000000000e+00,-1.000000000000000000e+00,-1.000000000000000000e+00,-1.000000000000000000e+00,-1.000000000000000000e+00,-1.000000000000000000e+00,-1.000000000000000000e+00,-1.000000000000000000e+00,-1.000000000000000000e+00,-1.000000000000000000e+00,-1.000000000000000000e+00,-1.000000000000000000e+00,-1.000000000000000000e+00,-1.000000000000000000e+00,-1.000000000000000000e+00
-1.000000000000000000e+00,-1.000000000000000000e+00,-1.000000000000000000e+00,-1.000000000000000000e+00,-1.000000000000000000e+00,-1.000000000000000000e+00,-1.000000000000000000e+00,-1.000000000000000000e+00,-1.000000000000000000e+00,-1.000000000000000000e+00,-1.000000000000000000e+00,-1.000000000000000000e+00,-1.000000000000000000e+00,-1.000000000000000000e+00,-1.000000000000000000e+00,-1.000000000000000000e+00,-1.000000000000000000e+00,-1.000000000000000000e+00,-1.000000000000000000e+00,-1.000000000000000000e+00,-1.000000000000000000e+00,-1.000000000000000000e+00,-1.000000000000000000e+00,-1.000000000000000000e+00,-1.000000000000000000e+00,-1.000000000000000000e+00,-1.000000000000000000e+00,-1.000000000000000000e+00,-1.000000000000000000e+00,-1.000000000000000000e+00,-1.000000000000000000e+00,-1.000000000000000000e+00,-1.000000000000000000e+00,-1.000000000000000000e+00,-1.000000000000000000e+00,-1.000000000000000000e+00,-1.000000000000000000e+00,-1.000000000000000000e+00,-1.000000000000000000e+00,-1.000000000000000000e+00,-1.000000000000000000e+00,-1.000000000000000000e+00,-1.131943437541949260e+00,-1.131690525778932477e+00,-1.130910544121084715e+00,-1.129539067550734632e+00,-1.127466455837574433e+00,-1.124534535255928169e+00,-1.120532127684281898e+00,-1.115189640129332638e+00,-1.108173052369973544e+00,-1.099077825967288646e+00,-1.087423538777253285e+00,-1.072650473051108388e+00,-1.054120022142931434e+00,-1.031121728422592199e+00,-1.002891152827238841e+00,-9.686447615802913358e-01,-9.276407537516043744e-01,-8.792783106504123980e-01,-8.232518754655882010e-01,-7.597806749600376497e-01,-6.899336431560942895e-01,-6.160584260576987825e-01,-5.422822326093170719e-01,-4.749419012882267754e-01,-4.225338812388674814e-01,-3.941672432770298995e-01,-3.941672432735060516e-01,-4.225338812324219706e-01,-4.749419012890413461e-01,-5.422822326261274029e-01,-6.160584260888536390e-01,-6.899336431898648314e-01,-7.597806749810815941e-01,-8.232518754586937160e-01,-8.792783106083064126e-01,-9.276407536809762044e-01,-9.686447614949449392e-01,-1.002891152737060310e+00,-1.031121728334794874e+00,-1.054120022062527307e+00,-1.072650472968404989e+00,-1.087423538674004320e+00,-1.099077825829497757e+00,-1.108173052188976326e+00,-1.115189639904997421e+00,-1.120532127429016978e+00,-1.124534534976560751e+00,-1.127466455538345569e+00,-1.129539067259722085e+00,-1.130910543821461944e+00,-1.131690525447116125e+00,-1.131943437209873338e+00,-1.000000000000000000e+00,-1.000000000000000000e+00,-1.000000000000000000e+00,-1.000000000000000000e+00,-1.000000000000000000e+00,-1.000000000000000000e+00,-1.000000000000000000e+00,-1.000000000000000000e+00,-1.000000000000000000e+00,-1.000000000000000000e+00,-1.000000000000000000e+00,-1.000000000000000000e+00,-1.000000000000000000e+00,-1.000000000000000000e+00,-1.000000000000000000e+00,-1.000000000000000000e+00,-1.000000000000000000e+00,-1.000000000000000000e+00,-1.000000000000000000e+00,-1.000000000000000000e+00,-1.000000000000000000e+00,-1.000000000000000000e+00,-1.000000000000000000e+00,-1.000000000000000000e+00,-1.000000000000000000e+00,-1.000000000000000000e+00,-1.000000000000000000e+00,-1.000000000000000000e+00,-1.000000000000000000e+00,-1.000000000000000000e+00,-1.000000000000000000e+00,-1.000000000000000000e+00,-1.000000000000000000e+00,-1.000000000000000000e+00,-1.000000000000000000e+00,-1.000000000000000000e+00,-1.000000000000000000e+00,-1.000000000000000000e+00,-1.000000000000000000e+00,-1.000000000000000000e+00,-1.000000000000000000e+00,-1.000000000000000000e+00
-1.000000000000000000e+00,-1.000000000000000000e+00,-1.000000000000000000e+00,-1.000000000000000000e+00,-1.000000000000000000e+00,-1.000000000000000000e+00,-1.000000000000000000e+00,-1.000000000000000000e+00,-1.000000000000000000e+00,-1.000000000000000000e+00,-1.000000000000000000e+00,-1.000000000000000000e+00,-1.000000000000000000e+00,-1.000000000000000000e+00,-1.000000000000000000e+00,-1.000000000000000000e+00,-1.000000000000000000e+00,-1.000000000000000000e+00,-1.000000000000000000e+00,-1.000000000000000000e+00,-1.000000000000000000e+00,-1.000000000000000000e+00,-1.000000000000000000e+00,-1.000000000000000000e+00,-1.000000000000000000e+00,-1.000000000000000000e+00,-1.000000000000000000e+00,-1.000000000000000000e+00,-1.000000000000000000e+00,-1.000000000000000000e+00,-1.000000000000000000e+00,-1.000000000000000000e+00,-1.000000000000000000e+00,-1.000000000000000000e+00,-1.000000000000000000e+00,-1.000000000000000000e+00,-1.000000000000000000e+00,-1.000000000000000000e+00,-1.000000000000000000e+00,-1.000000000000000000e+00,-1.000000000000000000e+00,-1.000000000000000000e+00,-1.126582779324435624e+00,-1.126323628044036962e+00,-1.125524742642227016e+00,-1.124121132675633516e+00,-1.122002183028800726e+00,-1.119008288125629136e+00,-1.114926317289044233e+00,-1.109484127609229764e+00,-1.102344467163697050e+00,-1.093098799512410402e+00,-1.081261864892060220e+00,-1.066268222625574635e+00,-1.047472663544170013e+00,-1.024157339323309435e+00,-9.955498584274596885e-01,-9.608586043343866345e-01,-9.193342979571059725e-01,-8.703704189918438638e-01,-8.136592675252013462e-01,-7.494240803581293520e-01,-6.787475495010750759e-01,-6.040054645104651065e-01,-5.293728201618658202e-01,-4.612581289560676590e-01,-4.082521685777416032e-01,-3.795634638946864259e-01,-3.795634638928767624e-01,-4.082521685746890450e-01,-4.612581289568931098e-01,-5.293728201716121351e-01,-6.040054645292562974e-01,-6.787475495202722753e-01,-7.494240803646998739e-01,-8.136592675078758718e-01,-8.703704189454416484e-01,-9.193342978845193691e-01,-9.608586042427504914e-01,-9.955498583197893714e-01,-1.024157339202319994e+00,-1.047472663417072125e+00,-1.066268222489501039e+00,-1.081261864737336875e+00,-1.093098799332966164e+00,-1.102344466954138458e+00,-1.109484127365550243e+00,-1.114926317015228596e+00,-1.119008287819064362e+00,-1.122002182685933658e+00,-1.124121132325421657e+00,-1.125524742273380063e+00,-1.126323627640761327e+00,-1.126582778922439632e+00,-1.000000000000000000e+00,-1.000000000000000000e+00,-1.000000000000000000e+00,-1.000000000000000000e+00,-1.000000000000000000e+00,-1.000000000000000000e+00,-1.000000000000000000e+00,-1.000000000000000000e+00,-1.000000000000000000e+00,-1.000000000000000000e+00,-1.000000000000000000e+00,-1.000000000000000000e+00,-1.000000000000000000e+00,-1.000000000000000000e+00,-1.000000000000000000e+00,-1.000000000000000000e+00,-1.000000000000000000e+00,-1.000000000000000000e+00,-1.000000000000000000e+00,-1.000000000000000000e+00,-1.000000000000000000e+00,-1.000000000000000000e+00,-1.000000000000000000e+00,-1.000000000000000000e+00,-1.000000000000000000e+00,-1.000000000000000000e+00,-1.000000000000000000e+00,-1.000000000000000000e+00,-1.000000000000000000e+00,-1.000000000000000000e+00,-1.000000000000000000e+00,-1.000000000000000000e+00,-1.000000000000000000e+00,-1.000000000000000000e+00,-1.000000000000000000e+00,-1.000000000000000000e+00,-1.000000000000000000e+00,-1.000000000000000000e+00,-1.000000000000000000e+00,-1.000000000000000000e+00,-1.000000000000000000e+00,-1.000000000000000000e+00
-1.000000000000000000e+00,-1.000000000000000000e+00,-1.000000000000000000e+00,-1.000000000000000000e+00,-1.000000000000000000e+00,-1.000000000000000000e+00,-1.000000000000000000e+00,-1.000000000000000000e+00,-1.000000000000000000e+00,-1.000000000000000000e+00,-1.000000000000000000e+00,-1.000000000000000000e+00,-1.000000000000000000e+00,-1.000000000000000000e+00,-1.000000000000000000e+00,-1.000000000000000000e+00,-1.000000000000000000e+00,-1.000000000000000000e+00,-1.000000000000000000e+00,-1.000000000000000000e+00,-1.000000000000000000e+00,-1.000000000000000000e+00,-1.000000000000000000e+00,-1.000000000000000000e+00,-1.000000000000000000e+00,-1.000000000000000000e+00,-1.000000000000000000e+00,-1.000000000000000000e+00,-1.000000000000000000e+00,-1.000000000000000000e+00,-1.000000000000000000e+00,-1.000000000000000000e+00,-1.000000000000000000e+00,-1.000000000000000000e+00,-1.000000000000000000e+00,-1.000000000000000000e+00,-1.000000000000000000e+00,-1.000000000000000000e+00,-1.000000000000000000e+00,-1.000000000000000000e+00,-1.000000000000000000e+00,-1.000000000000000000e+00,-1.121008600134576927e+00,-1.120742397499798315e+00,-1.119922182985643611e+00,-1.118482430078820755e+00,-1.116311594119354877e+00,-1.113248693634724562e+00,-1.109078704463955622e+00,-1.103526986516104813e+00,-1.096253091469691965e+00,-1.086844490597038249e+00,-1.074811050329457895e+00,-1.059581517802510531e+00,-1.040503930700333646e+00,-1.016852834876353029e+00,-9.878476116138514840e-01,-9.526882440574764299e-01,-9.106176477192751140e-01,-8.610233195291226993e-01,-8.035952670383013086e-01,-7.385608430808113800e-01,-6.670170278767113548e-01,-5.913689229884508958e-01,-5.158413542562176879e-01,-4.469176203891693788e-01,-3.932869546972884711e-01,-3.642617230077562773e-01,-3.642617230096572012e-01,-3.932869547033862601e-01,-4.469176203972621275e-01,-5.158413542620939873e-01,-5.913689229903245081e-01,-6.670170278716118784e-01,-7.385608430624956977e-01,-8.035952670021813127e-01,-8.610233194741592211e-01,-9.106176476465535075e-01,-9.526882439668056257e-01,-9.878476114976681988e-01,-1.016852834729379262e+00,-1.040503930529549148e+00,-1.059581517611537738e+00,-1.074811050118698041e+00,-1.086844490369463179e+00,-1.096253091223833964e+00,-1.103526986245078723e+00,-1.109078704164770057e+00,-1.113248693296925662e+00,-1.116311593732687069e+00,-1.118482429672423395e+00,-1.119922182552366863e+00,-1.120742397028287485e+00,-1.121008599660661798e+00,-1.000000000000000000e+00,-1.000000000000000000e+00,-1.000000000000000000e+00,-1.000000000000000000e+00,-1.000000000000000000e+00,-1.000000000000000000e+00,-1.000000000000000000e+00,-1.000000000000000000e+00,-1.000000000000000000e+00,-1.000000000000000000e+00,-1.000000000000000000e+00,-1.000000000000000000e+00,-1.000000000000000000e+00,-1.000000000000000000e+00,-1.000000000000000000e+00,-1.000000000000000000e+00,-1.000000000000000000e+00,-1.000000000000000000e+00,-1.000000000000000000e+00,-1.000000000000000000e+00,-1.000000000000000000e+00,-1.000000000000000000e+00,-1.000000000000000000e+00,-1.000000000000000000e+00,-1.000000000000000000e+00,-1.000000000000000000e+00,-1.000000000000000000e+00,-1.000000000000000000e+00,-1.000000000000000000e+00,-1.000000000000000000e+00,-1.000000000000000000e+00,-1.000000000000000000e+00,-1.000000000000000000e+00,-1.000000000000000000e+00,-1.000000000000000000e+00,-1.000000000000000000e+00,-1.000000000000000000e+00,-1.000000000000000000e+00,-1.000000000000000000e+00,-1.000000000000000000e+00,-1.000000000000000000e+00,-1.000000000000000000e+00
-1.000000000000000000e+00,-1.000000000000000000e+00,-1.000000000000000000e+00,-1.000000000000000000e+00,-1.000000000000000000e+00,-1.000000000000000000e+00,-1.000000000000000000e+00,-1.000000000000000000e+00,-1.000000000000000000e+00,-1.000000000000000000e+00,-1.000000000000000000e+00,-1.000000000000000000e+00,-1.000000000000000000e+00,-1.000000000000000000e+00,-1.000000000000000000e+00,-1.000000000000000000e+00,-1.000000000000000000e+00,-1.000000000000000000e+00,-1.000000000000000000e+00,-1.000000000000000000e+00,-1.000000000000000000e+00,-1.000000000000000000e+00,-1.000000000000000000e+00,-1.000000000000000000e+00,-1.000000000000000000e+00,-1.000000000000000000e+00,-1.000000000000000000e+00,-1.000000000000000000e+00,-1.000000000000000000e+00,-1.000000000000000000e+00,-1.000000000000000000e+00,-1.000000000000000000e+00,-1.000000000000000000e+00,-1.000000000000000000e+00,-1.000000000000000000e+00,-1.000000000000000000e+00,-1.000000000000000000e+00,-1.000000000000000000e+00,-1.000000000000000000e+00,-1.000000000000000000e+00,-1.000000000000000000e+00,-1.000000000000000000e+00,-1.115210184726744158e+00,-1.114935933454388906e+00,-1.114091415347722380e+00,-1.112610618636673765e+00,-1.110381149457427608e+00,-1.107240753729308302e+00,-1.102972630730160608e+00,-1.097299761791542760e+00,-1.089878608179049468e+00,-1.080292726237499057e+00,-1.068047140669317496e+00,-1.052564757458300360e+00,-1.033186758374351033e+00,-1.009179899801184277e+00,-9.797550732670621265e-01,-9.441035352195019659e-01,-9.014600390789402340e-01,-8.512057701508654040e-01,-7.930282329905935512e-01,-7.271589359291132926e-01,-6.547096166221463287e-01,-5.781158160438182314e-01,-5.016542324499837502e-01,-4.318861136182540195e-01,-3.776033905979442329e-01,-3.482268190029927935e-01,-3.482268190081544423e-01,-3.776033906117473027e-01,-4.318861136326754835e-01,-5.016542324524861929e-01,-5.781158160279963321e-01,-6.547096165894725761e-01,-7.271589358823722371e-01,-7.930282329325373247e-01,-8.512057700828880025e-01,-9.014600390004999797e-01,-9.441035351252782259e-01,-9.797550731413920966e-01,-1.009179899632757893e+00,-1.033186758168850972e+00,-1.052564757222778979e+00,-1.068047140410769646e+00,-1.080292725964442369e+00,-1.089878607891695106e+00,-1.097299761480289293e+00,-1.102972630388702857e+00,-1.107240753345706485e+00,-1.110381149020381431e+00,-1.112610618177361177e+00,-1.114091414861222429e+00,-1.114935932927534790e+00,-1.115210184190043030e+00,-1.000000000000000000e+00,-1.000000000000000000e+00,-1.000000000000000000e+00,-1.000000000000000000e+00,-1.000000000000000000e+00,-1.000000000000000000e+00,-1.000000000000000000e+00,-1.000000000000000000e+00,-1.000000000000000000e+00,-1.000000000000000000e+00,-1.000000000000000000e+00,-1.000000000000000000e+00,-1.000000000000000000e+00,-1.000000000000000000e+00,-1.000000000000000000e+00,-1.000000000000000000e+00,-1.000000000000000000e+00,-1.000000000000000000e+00,-1.000000000000000000e+00,-1.000000000000000000e+00,-1.000000000000000000e+00,-1.000000000000000000e+00,-1.000000000000000000e+00,-1.000000000000000000e+00,-1.000000000000000000e+00,-1.000000000000000000e+00,-1.000000000000000000e+00,-1.000000000000000000e+00,-1.000000000000000000e+00,-1.000000000000000000e+00,-1.000000000000000000e+00,-1.000000000000000000e+00,-1.000000000000000000e+00,-1.000000000000000000e+00,-1.000000000000000000e+00,-1.000000000000000000e+00,-1.000000000000000000e+00,-1.000000000000000000e+00,-1.000000000000000000e+00,-1.000000000000000000e+00,-1.000000000000000000e+00,-1.000000000000000000e+00
-1.000000000000000000e+00,-1.000000000000000000e+00,-1.000000000000000000e+00,-1.000000000000000000e+00,-1.000000000000000000e+00,-1.000000000000000000e+00,-1.000000000000000000e+00,-1.000000000000000000e+00,-1.000000000000000000e+00,-1.000000000000000000e+00,-1.000000000000000000e+00,-1.000000000000000000e+00,-1.000000000000000000e+00,-1.000000000000000000e+00,-1.000000000000000000e+00,-1.000000000000000000e+00,-1.000000000000000000e+00,-1.000000000000000000e+00,-1.000000000000000000e+00,-1.000000000000000000e+00,-1.000000000000000000e+00,-1.000000000000000000e+00,-1.000000000000000000e+00,-1.000000000000000000e+00,-1.000000000000000000e+00,-1.000000000000000000e+00,-1.000000000000000000e+00,-1.000000000000000000e+00,-1.000000000000000000e+00,-1.000000000000000000e+00,-1.000000000000000000e+00,-1.000000000000000000e+00,-1.000000000000000000e+00,-1.000000000000000000e+00,-1.000000000000000000e+00,-1.000000000000000000e+00,-1.000000000000000000e+00,-1.000000000000000000e+00,-1.000000000000000000e+00,-1.000000000000000000e+00,-1.000000000000000000e+00,-1.000000000000000000e+00,-1.109173606178686766e+00,-1.108890065460039320e+00,-1.108017548433410049e+00,-1.106489637818656169e+00,-1.104193218221390493e+00,-1.100964930504964689e+00,-1.096586393232017231e+00,-1.090778418118249826e+00,-1.083194579549896064e+00,-1.073414695814900233e+00,-1.060939077427514698e+00,-1.045184845238897209e+00,-1.025486290480888796e+00,-1.001102242036595813e+00,-9.712348578155370893e-01,-9.350663305333305475e-01,-8.918228547474582601e-01,-8.408789086613972508e-01,-7.819191963881305663e-01,-7.151793237447415796e-01,-6.417861610567326958e-01,-5.642067438901446907e-01,-4.867716558362932266e-01,-4.161232947639605939e-01,-3.611606507553977163e-01,-3.314176005741361619e-01,-3.314176005807217829e-01,-3.611606507702710411e-01,-4.161232947757175227e-01,-4.867716558313198716e-01,-5.642067438594798867e-01,-6.417861610020276775e-01,-7.151793236741019744e-01,-7.819191963091729480e-01,-8.408789085753415327e-01,-8.918228546519828548e-01,-9.350663304217198268e-01,-9.712348576702956038e-01,-1.001102241845838847e+00,-1.025486290249996157e+00,-1.045184844975070693e+00,-1.060939077137761366e+00,-1.073414695506569094e+00,-1.083194579221151921e+00,-1.090778417756397944e+00,-1.096586392831236489e+00,-1.100964930059397329e+00,-1.104193217725488285e+00,-1.106489637308059271e+00,-1.108017547902737432e+00,-1.108890064888901517e+00,-1.109173605590585643e+00,-1.000000000000000000e+00,-1.000000000000000000e+00,-1.000000000000000000e+00,-1.000000000000000000e+00,-1.000000000000000000e+00,-1.000000000000000000e+00,-1.000000000000000000e+00,-1.000000000000000000e+00,-1.000000000000000000e+00,-1.000000000000000000e+00,-1.000000000000000000e+00,-1.000000000000000000e+00,-1.000000000000000000e+00,-1.000000000000000000e+00,-1.000000000000000000e+00,-1.000000000000000000e+00,-1.000000000000000000e+00,-1.000000000000000000e+00,-1.000000000000000000e+00,-1.000000000000000000e+00,-1.000000000000000000e+00,-1.000000000000000000e+00,-1.000000000000000000e+00,-1.000000000000000000e+00,-1.000000000000000000e+00,-1.000000000000000000e+00,-1.000000000000000000e+00,-1.000000000000000000e+00,-1.000000000000000000e+00,-1.000000000000000000e+00,-1.000000000000000000e+00,-1.000000000000000000e+00,-1.000000000000000000e+00,-1.000000000000000000e+00,-1.000000000000000000e+00,-1.000000000000000000e+00,-1.000000000000000000e+00,-1.000000000000000000e+00,-1.000000000000000000e+00,-1.000000000000000000e+00,-1.000000000000000000e+00,-1.000000000000000000e+00
-1.000000000000000000e+00,-1.000000000000000000e+00,-1.000000000000000000e+00,-1.000000000000000000e+00,-1.000000000000000000e+00,-1.000000000000000000e+00,-1.000000000000000000e+00,-1.000000000000000000e+00,-1.000000000000000000e+00,-1.000000000000000000e+00,-1.000000000000000000e+00,-1.000000000000000000e+00,-1.000000000000000000e+00,-1.000000000000000000e+00,-1.000000000000000000e+00,-1.000000000000000000e+00,-1.000000000000000000e+00,-1.000000000000000000e+00,-1.000000000000000000e+00,-1.000000000000000000e+00,-1.000000000000000000e+00,-1.000000000000000000e+00,-1.000000000000000000e+00,-1.000000000000000000e+00,-1.000000000000000000e+00,-1.000000000000000000e+00,-1.000000000000000000e+00,-1.000000000000000000e+00,-1.000000000000000000e+00,-1.000000000000000000e+00,-1.000000000000000000e+00,-1.000000000000000000e+00,-1.000000000000000000e+00,-1.000000000000000000e+00,-1.000000000000000000e+00,-1.000000000000000000e+00,-1.000000000000000000e+00,-1.000000000000000000e+00,-1.000000000000000000e+00,-1.000000000000000000e+00,-1.000000000000000000e+00,-1.000000000000000000e+00,-1.102880909770700635e+00,-1.102586518248056757e+00,-1.101681358283595813e+00,-1.100098725433322766e+00,-1.097724973804424575e+00,-1.094395893176233425e+00,-1.089891823966243400e+00,-1.083931740183526227e+00,-1.076166666476329414e+00,-1.066172997175234727e+00,-1.053446588727107613e+00,-1.037398951798154778e+00,-1.017357548719168170e+00,-9.925732082736952178e-01,-9.622391391064372135e-01,-9.255281204106868831e-01,-8.816573369707308983e-01,-8.299940723956361621e-01,-7.702198108867577275e-01,-7.025740583456940858e-01,-6.281990540728128458e-01,-5.495942682220271713e-01,-4.711461193624761901e-01,-3.995813747851600928e-01,-3.439105652036540395e-01,-3.137856247323089764e-01,-3.137856247370047758e-01,-3.439105652101883681e-01,-3.995813747821145290e-01,-4.711461193423888139e-01,-5.495942681787054918e-01,-6.281990540059088080e-01,-7.025740582614778962e-01,-7.702198107911717440e-01,-8.299940722866752107e-01,-8.816573368451208204e-01,-9.255281202649922045e-01,-9.622391389281040874e-01,-9.925732080551598058e-01,-1.017357548467000994e+00,-1.037398951518043066e+00,-1.053446588420316798e+00,-1.066172996841966647e+00,-1.076166666110079939e+00,-1.083931739768583480e+00,-1.089891823499518075e+00,-1.094395892662078484e+00,-1.097724973245818969e+00,-1.100098724871291456e+00,-1.101681357710073916e+00,-1.102586517632933694e+00,-1.102880909133583165e+00,-1.000000000000000000e+00,-1.000000000000000000e+00,-1.000000000000000000e+00,-1.000000000000000000e+00,-1.000000000000000000e+00,-1.000000000000000000e+00,-1.000000000000000000e+00,-1.000000000000000000e+00,-1.000000000000000000e+00,-1.000000000000000000e+00,-1.000000000000000000e+00,-1.000000000000000000e+00,-1.000000000000000000e+00,-1.000000000000000000e+00,-1.000000000000000000e+00,-1.000000000000000000e+00,-1.000000000000000000e+00,-1.000000000000000000e+00,-1.000000000000000000e+00,-1.000000000000000000e+00,-1.000000000000000000e+00,-1.000000000000000000e+00,-1.000000000000000000e+00,-1.000000000000000000e+00,-1.000000000000000000e+00,-1.000000000000000000e+00,-1.000000000000000000e+00,-1.000000000000000000e+00,-1.000000000000000000e+00,-1.000000000000000000e+00,-1.000000000000000000e+00,-1.000000000000000000e+00,-1.000000000000000000e+00,-1.000000000000000000e+00,-1.000000000000000000e+00,-1.000000000000000000e+00,-1.000000000000000000e+00,-1.000000000000000000e+00,-1.000000000000000000e+00,-1.000000000000000000e+00,-1.000000000000000000e+00,-1.000000000000000000e+00
-1.000000000000000000e+00,-1.000000000000000000e+00,-1.000000000000000000e+00,-1.000000000000000000e+00,-1.000000000000000000e+00,-1.000000000000000000e+00,-1.000000000000000000e+00,-1.000000000000000000e+00,-1.000000000000000000e+00,-1.000000000000000000e+00,-1.000000000000000000e+00,-1.000000000000000000e+00,-1.000000000000000000e+00,-1.000000000000000000e+00,-1.000000000000000000e+00,-1.000000000000000000e+00,-1.000000000000000000e+00,-1.000000000000000000e+00,-1.000000000000000000e+00,-1.000000000000000000e+00,-1.000000000000000000e+00,-1.000000000000000000e+00,-1.000000000000000000e+00,-1.000000000000000000e+00,-1.000000000000000000e+00,-1.000000000000000000e+00,-1.000000000000000000e+00,-1.000000000000000000e+00,-1.000000000000000000e+00,-1.000000000000000000e+00,-1.000000000000000000e+00,-1.000000000000000000e+00,-1.000000000000000000e+00,-1.000000000000000000e+00,-1.000000000000000000e+00,-1.000000000000000000e+00,-1.000000000000000000e+00,-1.000000000000000000e+00,-1.000000000000000000e+00,-1.000000000000000000e+00,-1.000000000000000000e+00,-1.000000000000000000e+00,-1.096309175431446903e+00,-1.096001949548137455e+00,-1.095058253082035638e+00,-1.093411263672581013e+00,-1.090947079842398582e+00,-1.087501009300799515e+00,-1.082852559895516764e+00,-1.076719365775712589e+00,-1.068750420677453405e+00,-1.058519197101677412e+00,-1.045517540591503591e+00,-1.029151692069518731e+00,-1.008742481791539358e+00,-9.835327590530796860e-01,-9.527066095780323263e-01,-9.154270344368113932e-01,-8.709016851836515194e-01,-8.184900374637978926e-01,-7.578697670958199906e-01,-6.892838869025135207e-01,-6.138900418423536287e-01,-5.342209028733564402e-01,-4.547205611510327650e-01,-3.822033607444549341e-01,-3.257959707281933293e-01,-2.952735463664750704e-01,-2.952735463634875712e-01,-3.257959707143712746e-01,-3.822033607153738632e-01,-4.547205611079888632e-01,-5.342209028162602236e-01,-6.138900417704675760e-01,-6.892838868150211740e-01,-7.578697669895637645e-01,-8.184900373301960963e-01,-8.709016850187714098e-01,-9.154270342439247976e-01,-9.527066093549639847e-01,-9.835327587998903276e-01,-1.008742481516648803e+00,-1.029151691776054145e+00,-1.045517540271965418e+00,-1.058519196747187419e+00,-1.068750420277216007e+00,-1.076719365312400312e+00,-1.082852559369246626e+00,-1.087501008724841345e+00,-1.090947079224331651e+00,-1.093411263056909055e+00,-1.095058252458433357e+00,-1.096001948878692511e+00,-1.096309174736468606e+00,-1.000000000000000000e+00,-1.000000000000000000e+00,-1.000000000000000000e+00,-1.000000000000000000e+00,-1.000000000000000000e+00,-1.000000000000000000e+00,-1.000000000000000000e+00,-1.000000000000000000e+00,-1.000000000000000000e+00,-1.000000000000000000e+00,-1.000000000000000000e+00,-1.000000000000000000e+00,-1.000000000000000000e+00,-1.000000000000000000e+00,-1.000000000000000000e+00,-1.000000000000000000e+00,-1.000000000000000000e+00,-1.000000000000000000e+00,-1.000000000000000000e+00,-1.000000000000000000e+00,-1.000000000000000000e+00,-1.000000000000000000e+00,-1.000000000000000000e+00,-1.000000000000000000e+00,-1.000000000000000000e+00,-1.000000000000000000e+00,-1.000000000000000000e+00,-1.000000000000000000e+00,-1.000000000000000000e+00,-1.000000000000000000e+00,-1.000000000000000000e+00,-1.000000000000000000e+00,-1.000000000000000000e+00,-1.000000000000000000e+00,-1.000000000000000000e+00,-1.000000000000000000e+00,-1.000000000000000000e+00,-1.000000000000000000e+00,-1.000000000000000000e+00,-1.000000000000000000e+00,-1.000000000000000000e+00,-1.000000000000000000e+00
-1.000000000000000000e+00,-1.000000000000000000e+00,-1.000000000000000000e+00,-1.000000000000000000e+00,-1.000000000000000000e+00,-1.000000000000000000e+00,-1.000000000000000000e+00,-1.000000000000000000e+00,-1.000000000000000000e+00,-1.000000000000000000e+00,-1.000000000000000000e+00,-1.000000000000000000e+00,-1.000000000000000000e+00,-1.000000000000000000e+00,-1.000000000000000000e+00,-1.000000000000000000e+00,-1.000000000000000000e+00,-1.000000000000000000e+00,-1.000000000000000000e+00,-1.000000000000000000e+00,-1.000000000000000000e+00,-1.000000000000000000e+00,-1.000000000000000000e+00,-1.000000000000000000e+00,-1.000000000000000000e+00,-1.000000000000000000e+00,-1.000000000000000000e+00,-1.000000000000000000e+00,-1.000000000000000000e+00,-1.000000000000000000e+00,-1.000000000000000000e+00,-1.000000000000000000e+00,-1.000000000000000000e+00,-1.000000000000000000e+00,-1.000000000000000000e+00,-1.000000000000000000e+00,-1.000000000000000000e+00,-1.000000000000000000e+00,-1.000000000000000000e+00,-1.000000000000000000e+00,-1.000000000000000000e+00,-1.000000000000000000e+00,-1.089429475081342913e+00,-1.089106875778145467e+00,-1.088117104875546692e+00,-1.086393457594086343e+00,-1.083822161486944546e+00,-1.080238562664619817e+00,-1.075421971741129301e+00,-1.069089402937070110e+00,-1.060888583203373203e+00,-1.050390821413629938e+00,-1.037084646770869867e+00,-1.020371600121531275e+00,-9.995662654945097758e-01,-9.739036654514865443e-01,-9.425586510802032025e-01,-9.046840642969031787e-01,-8.594774035102246135e-01,-8.062895522473796373e-01,-7.447935578260069800e-01,-6.752352757302779729e-01,-5.987875122817181150e-01,-5.180166525003206957e-01,-4.374261183621667159e-01,-3.639209812557259172e-01,-3.067487497124780083e-01,-2.758132126102005310e-01,-2.758132125951689995e-01,-3.067487496712321127e-01,-3.639209811968954211e-01,-4.374261182939381820e-01,-5.180166524278893014e-01,-5.987875122053600840e-01,-6.752352756404124134e-01,-7.447935577079701774e-01,-8.062895520864130638e-01,-8.594774033023284687e-01,-9.046840640523429178e-01,-9.425586508084017323e-01,-9.739036651603500960e-01,-9.995662651931255249e-01,-1.020371599809124730e+00,-1.037084646431712720e+00,-1.050390821033171607e+00,-1.060888582770094235e+00,-1.069089402434591829e+00,-1.075421971171698576e+00,-1.080238562045062300e+00,-1.083822160820267611e+00,-1.086393456921994183e+00,-1.088117104187232398e+00,-1.089106875035210198e+00,-1.089429474310322998e+00,-1.000000000000000000e+00,-1.000000000000000000e+00,-1.000000000000000000e+00,-1.000000000000000000e+00,-1.000000000000000000e+00,-1.000000000000000000e+00,-1.000000000000000000e+00,-1.000000000000000000e+00,-1.000000000000000000e+00,-1.000000000000000000e+00,-1.000000000000000000e+00,-1.000000000000000000e+00,-1.000000000000000000e+00,-1.000000000000000000e+00,-1.000000000000000000e+00,-1.000000000000000000e+00,-1.000000000000000000e+00,-1.000000000000000000e+00,-1.000000000000000000e+00,-1.000000000000000000e+00,-1.000000000000000000e+00,-1.000000000000000000e+00,-1.000000000000000000e+00,-1.000000000000000000e+00,-1.000000000000000000e+00,-1.000000000000000000e+00,-1.000000000000000000e+00,-1.000000000000000000e+00,-1.000000000000000000e+00,-1.000000000000000000e+00,-1.000000000000000000e+00,-1.000000000000000000e+00,-1.000000000000000000e+00,-1.000000000000000000e+00,-1.000000000000000000e+00,-1.000000000000000000e+00,-1.000000000000000000e+00,-1.000000000000000000e+00,-1.000000000000000000e+00,-1.000000000000000000e+00,-1.000000000000000000e+00,-1.000000000000000000e+00
-1.000000000000000000e+00,-1.000000000000000000e+00,-1.000000000000000000e+00,-1.000000000000000000e+00,-1.000000000000000000e+00,-1.000000000000000000e+00,-1.000000000000000000e+00,-1.000000000000000000e+00,-1.000000000000000000e+00,-1.000000000000000000e+00,-1.000000000000000000e+00,-1.000000000000000000e+00,-1.000000000000000000e+00,-1.000000000000000000e+00,-1.000000000000000000e+00,-1.000000000000000000e+00,-1.000000000000000000e+00,-1.000000000000000000e+00,-1.000000000000000000e+00,-1.000000000000000000e+00,-1.000000000000000000e+00,-1.000000000000000000e+00,-1.000000000000000000e+00,-1.000000000000000000e+00,-1.000000000000000000e+00,-1.000000000000000000e+00,-1.000000000000000000e+00,-1.000000000000000000e+00,-1.000000000000000000e+00,-1.000000000000000000e+00,-1.000000000000000000e+00,-1.000000000000000000e+00,-1.000000000000000000e+00,-1.000000000000000000e+00,-1.000000000000000000e+00,-1.000000000000000000e+00,-1.000000000000000000e+00,-1.000000000000000000e+00,-1.000000000000000000e+00,-1.000000000000000000e+00,-1.000000000000000000e+00,-1.000000000000000000e+00,-1.082205761243692832e+00,-1.081864520512692662e+00,-1.080818978678659947e+00,-1.079002868966630668e+00,-1.076303074046623509e+00,-1.072555695833937506e+00,-1.067540732168997142e+00,-1.060975591859028233e+00,-1.052507827978898192e+00,-1.041707690674918529e+00,-1.028061431023931549e+00,-1.010966775728297185e+00,-9.897327118219214626e-01,-9.635867745612970436e-01,-9.316945594715968504e-01,-8.931983513256304130e-01,-8.472847481335370468e-01,-7.932950270382455038e-01,-7.308964719129827925e-01,-6.603367454135995462e-01,-5.828031816522858399e-01,-5.008960339703929510e-01,-4.191794421540070426e-01,-3.446522338628428273e-01,-2.866875356089438887e-01,-2.553234469842280419e-01,-2.553234469598545386e-01,-2.866875355469015174e-01,-3.446522337812465420e-01,-4.191794420653262021e-01,-5.008960338835812820e-01,-5.828031815668763826e-01,-6.603367453119086683e-01,-7.308964717729347083e-01,-7.932950268438959673e-01,-8.472847478830920487e-01,-8.931983510345142818e-01,-9.316945591564596008e-01,-9.635867742333499297e-01,-9.897327114879940213e-01,-1.010966775383330907e+00,-1.028061430648373520e+00,-1.041707690255854191e+00,-1.052507827509490790e+00,-1.060975591326666079e+00,-1.067540731575281843e+00,-1.072555695192627612e+00,-1.076303073347143258e+00,-1.079002868239818502e+00,-1.080818977913250212e+00,-1.081864519677733671e+00,-1.082205760377082271e+00,-1.000000000000000000e+00,-1.000000000000000000e+00,-1.000000000000000000e+00,-1.000000000000000000e+00,-1.000000000000000000e+00,-1.000000000000000000e+00,-1.000000000000000000e+00,-1.000000000000000000e+00,-1.000000000000000000e+00,-1.000000000000000000e+00,-1.000000000000000000e+00,-1.000000000000000000e+00,-1.000000000000000000e+00,-1.000000000000000000e+00,-1.000000000000000000e+00,-1.000000000000000000e+00,-1.000000000000000000e+00,-1.000000000000000000e+00,-1.000000000000000000e+00,-1.000000000000000000e+00,-1.000000000000000000e+00,-1.000000000000000000e+00,-1.000000000000000000e+00,-1.000000000000000000e+00,-1.000000000000000000e+00,-1.000000000000000000e+00,-1.000000000000000000e+00,-1.000000000000000000e+00,-1.000000000000000000e+00,-1.000000000000000000e+00,-1.000000000000000000e+00,-1.000000000000000000e+00,-1.000000000000000000e+00,-1.000000000000000000e+00,-1.000000000000000000e+00,-1.000000000000000000e+00,-1.000000000000000000e+00,-1.000000000000000000e+00,-1.000000000000000000e+00,-1.000000000000000000e+00,-1.000000000000000000e+00,-1.000000000000000000e+00
-1.000000000000000000e+00,-1.000000000000000000e+00,-1.000000000000000000e+00,-1.000000000000000000e+00,-1.000000000000000000e+00,-1.000000000000000000e+00,-1.000000000000000000e+00,-1.000000000000000000e+00,-1.000000000000000000e+00,-1.000000000000000000e+00,-1.000000000000000000e+00,-1.000000000000000000e+00,-1.000000000000000000e+00,-1.000000000000000000e+00,-1.000000000000000000e+00,-1.000000000000000000e+00,-1.000000000000000000e+00,-1.000000000000000000e+00,-1.000000000000000000e+00,-1.000000000000000000e+00,-1.000000000000000000e+00,-1.000000000000000000e+00,-1.000000000000000000e+00,-1.000000000000000000e+00,-1.000000000000000000e+00,-1.000000000000000000e+00,-1.000000000000000000e+00,-1.000000000000000000e+00,-1.000000000000000000e+00,-1.000000000000000000e+00,-1.000000000000000000e+00,-1.000000000000000000e+00,-1.000000000000000000e+00,-1.000000000000000000e+00,-1.000000000000000000e+00,-1.000000000000000000e+00,-1.000000000000000000e+00,-1.000000000000000000e+00,-1.000000000000000000e+00,-1.000000000000000000e+00,-1.000000000000000000e+00,-1.000000000000000000e+00,-1.074593751198313685e+00,-1.074229648544090310e+00,-1.073115817282750184e+00,-1.071186855973599972e+00,-1.068331007946091038e+00,-1.064386100731552487e+00,-1.059134027002679890e+00,-1.052293991627781811e+00,-1.043514904023530976e+00,-1.032367527152865394e+00,-1.018337339855649448e+00,-1.000819575511571413e+00,-9.791186393983054570e-01,-9.524551818981998874e-01,-9.199856544228859345e-01,-8.808413712189926414e-01,-8.341971155523637549e-01,-7.793832355776582066e-01,-7.160596918346113782e-01,-6.444744149348173856e-01,-5.658281006995770079e-01,-4.827545252868645775e-01,-3.998795382286702838e-01,-3.242985392960640034e-01,-2.655150837104393036e-01,-2.337075293912687091e-01,-2.337075293660436648e-01,-2.655150836443143092e-01,-3.242985392051878080e-01,-3.998795381285261685e-01,-4.827545251885582145e-01,-5.658281005983372136e-01,-6.444744148091180458e-01,-7.160596916626900121e-01,-7.793832353464809071e-01,-8.341971152636066256e-01,-8.808413708908650053e-01,-9.199856540728614807e-01,-9.524551815347688244e-01,-9.791186390238785231e-01,-1.000819575118241822e+00,-1.018337339425255950e+00,-1.032367526680080472e+00,-1.043514903510265768e+00,-1.052293991067455803e+00,-1.059134026392827721e+00,-1.064386100077840513e+00,-1.068331007221212881e+00,-1.071186855195371379e+00,-1.073115816439748516e+00,-1.074229647614338479e+00,-1.074593750230173450e+00,-1.000000000000000000e+00,-1.000000000000000000e+00,-1.000000000000000000e+00,-1.000000000000000000e+00,-1.000000000000000000e+00,-1.000000000000000000e+00,-1.000000000000000000e+00,-1.000000000000000000e+00,-1.000000000000000000e+00,-1.000000000000000000e+00,-1.000000000000000000e+00,-1.000000000000000000e+00,-1.000000000000000000e+00,-1.000000000000000000e+00,-1.000000000000000000e+00,-1.000000000000000000e+00,-1.000000000000000000e+00,-1.000000000000000000e+00,-1.000000000000000000e+00,-1.000000000000000000e+00,-1.000000000000000000e+00,-1.000000000000000000e+00,-1.000000000000000000e+00,-1.000000000000000000e+00,-1.000000000000000000e+00,-1.000000000000000000e+00,-1.000000000000000000e+00,-1.000000000000000000e+00,-1.000000000000000000e+00,-1.000000000000000000e+00,-1.000000000000000000e+00,-1.000000000000000000e+00,-1.000000000000000000e+00,-1.000000000000000000e+00,-1.000000000000000000e+00,-1.000000000000000000e+00,-1.000000000000000000e+00,-1.000000000000000000e+00,-1.000000000000000000e+00,-1.000000000000000000e+00,-1.000000000000000000e+00,-1.000000000000000000e+00
-1.000000000000000000e+00,-1.000000000000000000e+00,-1.000000000000000000e+00,-1.000000000000000000e+00,-1.000000000000000000e+00,-1.000000000000000000e+00,-1.000000000000000000e+00,-1.000000000000000000e+00,-1.000000000000000000e+00,-1.000000000000000000e+00,-1.000000000000000000e+00,-1.000000000000000000e+00,-1.000000000000000000e+00,-1.000000000000000000e+00,-1.000000000000000000e+00,-1.000000000000000000e+00,-1.000000000000000000e+00,-1.000000000000000000e+00,-1.000000000000000000e+00,-1.000000000000000000e+00,-1.000000000000000000e+00,-1.000000000000000000e+00,-1.000000000000000000e+00,-1.000000000000000000e+00,-1.000000000000000000e+00,-1.000000000000000000e+00,-1.000000000000000000e+00,-1.000000000000000000e+00,-1.000000000000000000e+00,-1.000000000000000000e+00,-1.000000000000000000e+00,-1.000000000000000000e+00,-1.000000000000000000e+00,-1.000000000000000000e+00,-1.000000000000000000e+00,-1.000000000000000000e+00,-1.000000000000000000e+00,-1.000000000000000000e+00,-1.000000000000000000e+00,-1.000000000000000000e+00,-1.000000000000000000e+00,-1.000000000000000000e+00,-1.066539908023961480e+00,-1.066147485642980675e+00,-1.064949177951187709e+00,-1.062881007772260356e+00,-1.059833507774774697e+00,-1.055647518965840970e+00,-1.050108449838399682e+00,-1.042939205597392283e+00,-1.033792159117351783e+00,-1.022240782063275288e+00,-1.007771920714611413e+00,-9.897802322153849142e-01,-9.675670628542075713e-01,-9.403471503352847094e-01,-9.072681055059744759e-01,-8.674498484048781544e-01,-8.200542148934519826e-01,-7.643988900155951338e-01,-7.001343805506266005e-01,-6.275066674171996262e-01,-5.477279212649028839e-01,-4.634644106045797685e-01,-3.794041268543210110e-01,-3.027415180289403374e-01,-2.431153387054986181e-01,-2.108504121594173553e-01,-2.108504121410037513e-01,-2.431153386517187487e-01,-3.027415179457597638e-01,-3.794041267564803865e-01,-4.634644104985006230e-01,-5.477279211389246560e-01,-6.275066672545841495e-01,-7.001343803381259168e-01,-7.643988897450515463e-01,-8.200542145700430163e-01,-8.674498480472097039e-01,-9.072681051272324382e-01,-9.403471499373233788e-01,-9.675670624346734972e-01,-9.897802317653370263e-01,-1.007771920219945772e+00,-1.022240781527058440e+00,-1.033792158550183249e+00,-1.042939204999698388e+00,-1.050108449202352467e+00,-1.055647518288298281e+00,-1.059833507015371490e+00,-1.062881006941025497e+00,-1.064949177040003914e+00,-1.066147484634563991e+00,-1.066539906969392160e+00,-1.000000000000000000e+00,-1.000000000000000000e+00,-1.000000000000000000e+00,-1.000000000000000000e+00,-1.000000000000000000e+00,-1.000000000000000000e+00,-1.000000000000000000e+00,-1.000000000000000000e+00,-1.000000000000000000e+00,-1.000000000000000000e+00,-1.000000000000000000e+00,-1.000000000000000000e+00,-1.000000000000000000e+00,-1.000000000000000000e+00,-1.000000000000000000e+00,-1.000000000000000000e+00,-1.000000000000000000e+00,-1.000000000000000000e+00,-1.000000000000000000e+00,-1.000000000000000000e+00,-1.000000000000000000e+00,-1.000000000000000000e+00,-1.000000000000000000e+00,-1.000000000000000000e+00,-1.000000000000000000e+00,-1.000000000000000000e+00,-1.000000000000000000e+00,-1.000000000000000000e+00,-1.000000000000000000e+00,-1.000000000000000000e+00,-1.000000000000000000e+00,-1.000000000000000000e+00,-1.000000000000000000e+00,-1.000000000000000000e+00,-1.000000000000000000e+00,-1.000000000000000000e+00,-1.000000000000000000e+00,-1.000000000000000000e+00,-1.000000000000000000e+00,-1.000000000000000000e+00,-1.000000000000000000e+00,-1.000000000000000000e+00
-1.000000000000000000e+00,-1.000000000000000000e+00,-1.000000000000000000e+00,-1.000000000000000000e+00,-1.000000000000000000e+00,-1.000000000000000000e+00,-1.000000000000000000e+00,-1.000000000000000000e+00,-1.000000000000000000e+00,-1.000000000000000000e+00,-1.000000000000000000e+00,-1.000000000000000000e+00,-1.000000000000000000e+00,-1.000000000000000000e+00,-1.000000000000000000e+00,-1.000000000000000000e+00,-1.000000000000000000e+00,-1.000000000000000000e+00,-1.000000000000000000e+00,-1.000000000000000000e+00,-1.000000000000000000e+00,-1.000000000000000000e+00,-1.000000000000000000e+00,-1.000000000000000000e+00,-1.000000000000000000e+00,-1.000000000000000000e+00,-1.000000000000000000e+00,-1.000000000000000000e+00,-1.000000000000000000e+00,-1.000000000000000000e+00,-1.000000000000000000e+00,-1.000000000000000000e+00,-1.000000000000000000e+00,-1.000000000000000000e+00,-1.000000000000000000e+00,-1.000000000000000000e+00,-1.000000000000000000e+00,-1.000000000000000000e+00,-1.000000000000000000e+00,-1.000000000000000000e+00,-1.000000000000000000e+00,-1.000000000000000000e+00,-1.057980666935587566e+00,-1.057552871774145586e+00,-1.056249166452276178e+00,-1.054007714419924246e+00,-1.050722536949452612e+00,-1.046239168902954209e+00,-1.040348675781179066e+00,-1.032780212652901763e+00,-1.023192477189396543e+00,-1.011164675798569945e+00,-9.961880172946083745e-01,-9.776593151291310679e-01,-9.548790819765156090e-01,-9.270576340616717426e-01,-8.933343227258645491e-01,-8.528172504146320776e-01,-8.046538882756241184e-01,-7.481469761204813107e-01,-6.829346734591785761e-01,-6.092578856467503190e-01,-5.283374043588893176e-01,-4.428700336478968991e-01,-3.576055629275898262e-01,-2.798394534884159901e-01,-2.193502810747977039e-01,-1.866157638177068367e-01,-1.866157638076553216e-01,-2.193502810394111213e-01,-2.798394534236239295e-01,-3.576055628396574981e-01,-4.428700335309834202e-01,-5.283374041980761771e-01,-6.092578854372028285e-01,-6.829346731988508168e-01,-7.481469758082868182e-01,-8.046538879210274331e-01,-8.528172500329642691e-01,-8.933343223216773099e-01,-9.270576336287345010e-01,-9.548790815091157125e-01,-9.776593146195856621e-01,-9.961880167346537363e-01,-1.011164675197704144e+00,-1.023192476562555964e+00,-1.032780212005004694e+00,-1.040348675100004838e+00,-1.046239168181047674e+00,-1.050722536141721397e+00,-1.054007713534282242e+00,-1.056249165487253450e+00,-1.057552870712282100e+00,-1.057980665821907085e+00,-1.000000000000000000e+00,-1.000000000000000000e+00,-1.000000000000000000e+00,-1.000000000000000000e+00,-1.000000000000000000e+00,-1.000000000000000000e+00,-1.000000000000000000e+00,-1.000000000000000000e+00,-1.000000000000000000e+00,-1.000000000000000000e+00,-1.000000000000000000e+00,-1.000000000000000000e+00,-1.000000000000000000e+00,-1.000000000000000000e+00,-1.000000000000000000e+00,-1.000000000000000000e+00,-1.000000000000000000e+00,-1.000000000000000000e+00,-1.000000000000000000e+00,-1.000000000000000000e+00,-1.000000000000000000e+00,-1.000000000000000000e+00,-1.000000000000000000e+00,-1.000000000000000000e+00,-1.000000000000000000e+00,-1.000000000000000000e+00,-1.000000000000000000e+00,-1.000000000000000000e+00,-1.000000000000000000e+00,-1.000000000000000000e+00,-1.000000000000000000e+00,-1.000000000000000000e+00,-1.000000000000000000e+00,-1.000000000000000000e+00,-1.000000000000000000e+00,-1.000000000000000000e+00,-1.000000000000000000e+00,-1.000000000000000000e+00,-1.000000000000000000e+00,-1.000000000000000000e+00,-1.000000000000000000e+00,-1.000000000000000000e+00
-1.000000000000000000e+00,-1.000000000000000000e+00,-1.000000000000000000e+00,-1.000000000000000000e+00,-1.000000000000000000e+00,-1.000000000000000000e+00,-1.000000000000000000e+00,-1.000000000000000000e+00,-1.000000000000000000e+00,-1.000000000000000000e+00,-1.000000000000000000e+00,-1.000000000000000000e+00,-1.000000000000000000e+00,-1.000000000000000000e+00,-1.000000000000000000e+00,-1.000000000000000000e+00,-1.000000000000000000e+00,-1.000000000000000000e+00,-1.000000000000000000e+00,-1.000000000000000000e+00,-1.000000000000000000e+00,-1.000000000000000000e+00,-1.000000000000000000e+00,-1.000000000000000000e+00,-1.000000000000000000e+00,-1.000000000000000000e+00,-1.000000000000000000e+00,-1.000000000000000000e+00,-1.000000000000000000e+00,-1.000000000000000000e+00,-1.000000000000000000e+00,-1.000000000000000000e+00,-1.000000000000000000e+00,-1.000000000000000000e+00,-1.000000000000000000e+00,-1.000000000000000000e+00,-1.000000000000000000e+00,-1.000000000000000000e+00,-1.000000000000000000e+00,-1.000000000000000000e+00,-1.000000000000000000e+00,-1.000000000000000000e+00,-1.048842112248670855e+00,-1.048369853608459357e+00,-1.046933775245865839e+00,-1.044475078853908778e+00,-1.040892791117603577e+00,-1.036039292989368921e+00,-1.029714089801577970e+00,-1.021655952096936382e+00,-1.011533739825662304e+00,-9.989365167318956518e-01,-9.833639992243242700e-01,-9.642190024043660879e-01,-9.408044022166575093e-01,-9.123283121379848204e-01,-8.779228041540414473e-01,-8.366837586793253179e-01,-7.877424933847987365e-01,-7.303837912221010642e-01,-6.642295527212773720e-01,-5.895112718314290401e-01,-5.074542205784160487e-01,-4.207825438773954430e-01,-3.343064296586972795e-01,-2.554235796108033085e-01,-1.940567078266842715e-01,-1.608430057900076537e-01,-1.608430057864242979e-01,-1.940567078081121277e-01,-2.554235795643873264e-01,-3.343064295746084325e-01,-4.207825437396632839e-01,-5.074542203790921580e-01,-5.895112715761652300e-01,-6.642295524140706675e-01,-7.303837908707836446e-01,-7.877424930022917104e-01,-8.366837582731835310e-01,-8.779228037191988410e-01,-9.123283116632026069e-01,-9.408044016970950052e-01,-9.642190018360546899e-01,-9.833639986053249737e-01,-9.989365160746211947e-01,-1.011533739142618460e+00,-1.021655951391590156e+00,-1.029714089058607174e+00,-1.036039292204618434e+00,-1.040892790252911038e+00,-1.044475077918907369e+00,-1.046933774246703752e+00,-1.048369852521737533e+00,-1.048842111107231911e+00,-1.000000000000000000e+00,-1.000000000000000000e+00,-1.000000000000000000e+00,-1.000000000000000000e+00,-1.000000000000000000e+00,-1.000000000000000000e+00,-1.000000000000000000e+00,-1.000000000000000000e+00,-1.000000000000000000e+00,-1.000000000000000000e+00,-1.000000000000000000e+00,-1.000000000000000000e+00,-1.000000000000000000e+00,-1.000000000000000000e+00,-1.000000000000000000e+00,-1.000000000000000000e+00,-1.000000000000000000e+00,-1.000000000000000000e+00,-1.000000000000000000e+00,-1.000000000000000000e+00,-1.000000000000000000e+00,-1.000000000000000000e+00,-1.000000000000000000e+00,-1.000000000000000000e+00,-1.000000000000000000e+00,-1.000000000000000000e+00,-1.000000000000000000e+00,-1.000000000000000000e+00,-1.000000000000000000e+00,-1.000000000000000000e+00,-1.000000000000000000e+00,-1.000000000000000000e+00,-1.000000000000000000e+00,-1.000000000000000000e+00,-1.000000000000000000e+00,-1.000000000000000000e+00,-1.000000000000000000e+00,-1.000000000000000000e+00,-1.000000000000000000e+00,-1.000000000000000000e+00,-1.000000000000000000e+00,-1.000000000000000000e+00
-1.000000000000000000e+00,-1.000000000000000000e+00,-1.000000000000000000e+00,-1.000000000000000000e+00,-1.000000000000000000e+00,-1.000000000000000000e+00,-1.000000000000000000e+00,-1.000000000000000000e+00,-1.000000000000000000e+00,-1.000000000000000000e+00,-1.000000000000000000e+00,-1.000000000000000000e+00,-1.000000000000000000e+00,-1.000000000000000000e+00,-1.000000000000000000e+00,-1.000000000000000000e+00,-1.000000000000000000e+00,-1.000000000000000000e+00,-1.000000000000000000e+00,-1.000000000000000000e+00,-1.000000000000000000e+00,-1.000000000000000000e+00,-1.000000000000000000e+00,-1.000000000000000000e+00,-1.000000000000000000e+00,-1.000000000000000000e+00,-1.000000000000000000e+00,-1.000000000000000000e+00,-1.000000000000000000e+00,-1.000000000000000000e+00,-1.000000000000000000e+00,-1.000000000000000000e+00,-1.000000000000000000e+00,-1.000000000000000000e+00,-1.000000000000000000e+00,-1.000000000000000000e+00,-1.000000000000000000e+00,-1.000000000000000000e+00,-1.000000000000000000e+00,-1.000000000000000000e+00,-1.000000000000000000e+00,-1.000000000000000000e+00,-1.039040375352555001e+00,-1.038511989245358702e+00,-1.036908905502358147e+00,-1.034176459213221433e+00,-1.030220555431003771e+00,-1.024903121255529514e+00,-1.018035656308080128e+00,-1.009370926355438680e+00,-9.985930398473100711e-01,-9.853064784965389622e-01,-9.690251511201031231e-01,-9.491632355504009411e-01,-9.250305102147537983e-01,-8.958361234790698235e-01,-8.607064195241986848e-01,-8.187247010597447083e-01,-7.690038566777303020e-01,-7.108067280378196351e-01,-6.437336876098311844e-01,-5.680008762598914851e-01,-4.848322052334242960e-01,-3.969743301381895018e-01,-3.092950270932250945e-01,-2.292944347391768778e-01,-1.670432045621268458e-01,-1.333446071435758773e-01,-1.333446071445125725e-01,-1.670432045563373658e-01,-2.292944347053468279e-01,-3.092950270048233641e-01,-3.969743299771253398e-01,-4.848322050028640584e-01,-5.680008759682114716e-01,-6.437336872639543017e-01,-7.108067276545169122e-01,-7.690038562674872402e-01,-8.187247006209608102e-01,-8.607064190472850651e-01,-8.958361229537811221e-01,-9.250305096417429374e-01,-9.491632349296235116e-01,-9.690251504524702852e-01,-9.853064777914913863e-01,-9.985930391100483750e-01,-1.009370925584666123e+00,-1.018035655487443902e+00,-1.024903120390177280e+00,-1.030220554499706287e+00,-1.034176458230402496e+00,-1.036908904484042493e+00,-1.038511988153838494e+00,-1.039040374209147855e+00,-1.000000000000000000e+00,-1.000000000000000000e+00,-1.000000000000000000e+00,-1.000000000000000000e+00,-1.000000000000000000e+00,-1.000000000000000000e+00,-1.000000000000000000e+00,-1.000000000000000000e+00,-1.000000000000000000e+00,-1.000000000000000000e+00,-1.000000000000000000e+00,-1.000000000000000000e+00,-1.000000000000000000e+00,-1.000000000000000000e+00,-1.000000000000000000e+00,-1.000000000000000000e+00,-1.000000000000000000e+00,-1.000000000000000000e+00,-1.000000000000000000e+00,-1.000000000000000000e+00,-1.000000000000000000e+00,-1.000000000000000000e+00,-1.000000000000000000e+00,-1.000000000000000000e+00,-1.000000000000000000e+00,-1.000000000000000000e+00,-1.000000000000000000e+00,-1.000000000000000000e+00,-1.000000000000000000e+00,-1.000000000000000000e+00,-1.000000000000000000e+00,-1.000000000000000000e+00,-1.000000000000000000e+00,-1.000000000000000000e+00,-1.000000000000000000e+00,-1.000000000000000000e+00,-1.000000000000000000e+00,-1.000000000000000000e+00,-1.000000000000000000e+00,-1.000000000000000000e+00,-1.000000000000000000e+00,-1.000000000000000000e+00
-1.000000000000000000e+00,-1.000000000000000000e+00,-1.000000000000000000e+00,-1.000000000000000000e+00,-1.000000000000000000e+00,-1.000000000000000000e+00,-1.000000000000000000e+00,-1.000000000000000000e+00,-1.000000000000000000e+00,-1.000000000000000000e+00,-1.000000000000000000e+00,-1.000000000000000000e+00,-1.000000000000000000e+00,-1.000000000000000000e+00,-1.000000000000000000e+00,-1.000000000000000000e+00,-1.000000000000000000e+00,-1.000000000000000000e+00,-1.000000000000000000e+00,-1.000000000000000000e+00,-1.000000000000000000e+00,-1.000000000000000000e+00,-1.000000000000000000e+00,-1.000000000000000000e+00,-1.000000000000000000e+00,-1.000000000000000000e+00,-1.000000000000000000e+00,-1.000000000000000000e+00,-1.000000000000000000e+00,-1.000000000000000000e+00,-1.000000000000000000e+00,-1.000000000000000000e+00,-1.000000000000000000e+00,-1.000000000000000000e+00,-1.000000000000000000e+00,-1.000000000000000000e+00,-1.000000000000000000e+00,-1.000000000000000000e+00,-1.000000000000000000e+00,-1.000000000000000000e+00,-1.000000000000000000e+00,-1.000000000000000000e+00,-1.028483092956020695e+00,-1.027883710205250267e+00,-1.026069434213702003e+00,-1.022991025912352470e+00,-1.018563514852586449e+00,-1.012661679942220117e+00,-1.005113466951168322e+00,-9.956912494464686958e-01,-9.841010460895747158e-01,-9.699701878107835906e-01,-9.528345137222220540e-01,-9.321269867137099707e-01,-9.071706809960146112e-01,-8.771804436409983419e-01,-8.412792571125543573e-01,-7.985375839573353174e-01,-7.480469647348551021e-01,-6.890430132602489710e-01,-6.210974946305261035e-01,-5.444031301824272528e-01,-4.601743975920252749e-01,-3.711734964303819995e-01,-2.823211273861854220e-01,-2.012186651737476462e-01,-1.380876995924111839e-01,-1.039040320956955421e-01,-1.039040320965317621e-01,-1.380876995866834323e-01,-2.012186651380013513e-01,-2.823211272878672906e-01,-3.711734962537724947e-01,-4.601743973431675627e-01,-5.444031298675982011e-01,-6.210974942631092288e-01,-6.890430128594786652e-01,-7.480469642996661062e-01,-7.985375834814364415e-01,-8.412792565873449258e-01,-8.771804430589915658e-01,-9.071706803653993845e-01,-9.321269860389540529e-01,-9.528345130056082857e-01,-9.699701870551568073e-01,-9.841010452927815289e-01,-9.956912486040140342e-01,-1.005113466047407700e+00,-1.012661678991248815e+00,-1.018563513850754276e+00,-1.022991024875847810e+00,-1.026069433171923562e+00,-1.027883709099603804e+00,-1.028483091804505145e+00,-1.000000000000000000e+00,-1.000000000000000000e+00,-1.000000000000000000e+00,-1.000000000000000000e+00,-1.000000000000000000e+00,-1.000000000000000000e+00,-1.000000000000000000e+00,-1.000000000000000000e+00,-1.000000000000000000e+00,-1.000000000000000000e+00,-1.000000000000000000e+00,-1.000000000000000000e+00,-1.000000000000000000e+00,-1.000000000000000000e+00,-1.000000000000000000e+00,-1.000000000000000000e+00,-1.000000000000000000e+00,-1.000000000000000000e+00,-1.000000000000000000e+00,-1.000000000000000000e+00,-1.000000000000000000e+00,-1.000000000000000000e+00,-1.000000000000000000e+00,-1.000000000000000000e+00,-1.000000000000000000e+00,-1.000000000000000000e+00,-1.000000000000000000e+00,-1.000000000000000000e+00,-1.000000000000000000e+00,-1.000000000000000000e+00,-1.000000000000000000e+00,-1.000000000000000000e+00,-1.000000000000000000e+00,-1.000000000000000000e+00,-1.000000000000000000e+00,-1.000000000000000000e+00,-1.000000000000000000e+00,-1.000000000000000000e+00,-1.000000000000000000e+00,-1.000000000000000000e+00,-1.000000000000000000e+00,-1.000000000000000000e+00
-1.000000000000000000e+00,-1.000000000000000000e+00,-1.000000000000000000e+00,-1.000000000000000000e+00,-1.000000000000000000e+00,-1.000000000000000000e+00,-1.000000000000000000e+00,-1.000000000000000000e+00,-1.000000000000000000e+00,-1.000000000000000000e+00,-1.000000000000000000e+00,-1.000000000000000000e+00,-1.000000000000000000e+00,-1.000000000000000000e+00,-1.000000000000000000e+00,-1.000000000000000000e+00,-1.000000000000000000e+00,-1.000000000000000000e+00,-1.000000000000000000e+00,-1.000000000000000000e+00,-1.000000000000000000e+00,-1.000000000000000000e+00,-1.000000000000000000e+00,-1.000000000000000000e+00,-1.000000000000000000e+00,-1.000000000000000000e+00,-1.000000000000000000e+00,-1.000000000000000000e+00,-1.000000000000000000e+00,-1.000000000000000000e+00,-1.000000000000000000e+00,-1.000000000000000000e+00,-1.000000000000000000e+00,-1.000000000000000000e+00,-1.000000000000000000e+00,-1.000000000000000000e+00,-1.000000000000000000e+00,-1.000000000000000000e+00,-1.000000000000000000e+00,-1.000000000000000000e+00,-1.000000000000000000e+00,-1.000000000000000000e+00,-1.017072329609993053e+00,-1.016383155424753326e+00,-1.014301771745422132e+00,-1.010785824651141640e+00,-1.005762062232843812e+00,-9.991220416121792125e-01,-9.907156022142329377e-01,-9.803417941394199087e-01,-9.677371620297260391e-01,-9.525617275187641120e-01,-9.343837228944937845e-01,-9.126651173523194771e-01,-8.867512352992257263e-01,-8.558692821965038222e-01,-8.191424010520732546e-01,-7.756281073261594994e-01,-7.243928139298445590e-01,-6.646378676060347157e-01,-5.958969291466200691e-01,-5.183284297831751708e-01,-4.331264323079782042e-01,-3.430589554289027454e-01,-2.530925699253007144e-01,-1.709268439819535690e-01,-1.069361582488164153e-01,-7.227489421995125785e-02,-7.227489421682598003e-02,-1.069361582312290393e-01,-1.709268439305933196e-01,-2.530925698139366853e-01,-3.430589552455920455e-01,-4.331264320539613966e-01,-5.183284294638812462e-01,-5.958969287800501835e-01,-6.646378672001224119e-01,-7.243928134700854393e-01,-7.756281068110149057e-01,-8.191424004746286069e-01,-8.558692815513883057e-01,-8.867512346029851056e-01,-9.126651166141234173e-01,-9.343837221202445642e-01,-9.525617267057953086e-01,-9.677371611712126676e-01,-9.803417932299530735e-01,-9.907156012392984712e-01,-9.991220405907977886e-01,-1.005762061173633759e+00,-1.010785823562975638e+00,-1.014301770671523162e+00,-1.016383154286548463e+00,-1.017072328430525419e+00,-1.000000000000000000e+00,-1.000000000000000000e+00,-1.000000000000000000e+00,-1.000000000000000000e+00,-1.000000000000000000e+00,-1.000000000000000000e+00,-1.000000000000000000e+00,-1.000000000000000000e+00,-1.000000000000000000e+00,-1.000000000000000000e+00,-1.000000000000000000e+00,-1.000000000000000000e+00,-1.000000000000000000e+00,-1.000000000000000000e+00,-1.000000000000000000e+00,-1.000000000000000000e+00,-1.000000000000000000e+00,-1.000000000000000000e+00,-1.000000000000000000e+00,-1.000000000000000000e+00,-1.000000000000000000e+00,-1.000000000000000000e+00,-1.000000000000000000e+00,-1.000000000000000000e+00,-1.000000000000000000e+00,-1.000000000000000000e+00,-1.000000000000000000e+00,-1.000000000000000000e+00,-1.000000000000000000e+00,-1.000000000000000000e+00,-1.000000000000000000e+00,-1.000000000000000000e+00,-1.000000000000000000e+00,-1.000000000000000000e+00,-1.000000000000000000e+00,-1.000000000000000000e+00,-1.000000000000000000e+00,-1.000000000000000000e+00,-1.000000000000000000e+00,-1.000000000000000000e+00,-1.000000000000000000e+00,-1.000000000000000000e+00
-1.000000000000000000e+00,-1.000000000000000000e+00,-1.000000000000000000e+00,-1.000000000000000000e+00,-1.000000000000000000e+00,-1.000000000000000000e+00,-1.000000000000000000e+00,-1.000000000000000000e+00,-1.000000000000000000e+00,-1.000000000000000000e+00,-1.000000000000000000e+00,-1.000000000000000000e+00,-1.000000000000000000e+00,-1.000000000000000000e+00,-1.000000000000000000e+00,-1.000000000000000000e+00,-1.000000000000000000e+00,-1.000000000000000000e+00,-1.000000000000000000e+00,-1.000000000000000000e+00,-1.000000000000000000e+00,-1.000000000000000000e+00,-1.000000000000000000e+00,-1.000000000000000000e+00,-1.000000000000000000e+00,-1.000000000000000000e+00,-1.000000000000000000e+00,-1.000000000000000000e+00,-1.000000000000000000e+00,-1.000000000000000000e+00,-1.000000000000000000e+00,-1.000000000000000000e+00,-1.000000000000000000e+00,-1.000000000000000000e+00,-1.000000000000000000e+00,-1.000000000000000000e+00,-1.000000000000000000e+00,-1.000000000000000000e+00,-1.000000000000000000e+00,-1.000000000000000000e+00,-1.000000000000000000e+00,-1.000000000000000000e+00,-1.004709416128009236e+00,-1.003906946671503153e+00,-1.001488430712335287e+00,-9.974199455433134798e-01,-9.916428016669499579e-01,-9.840698162409251548e-01,-9.745791972816375548e-01,-9.630053929586295247e-01,-9.491264603768894137e-01,-9.326480227048751237e-01,-9.131847656818036230e-01,-8.902416808130998449e-01,-8.631988361726834480e-01,-8.313052488836449871e-01,-7.936893789941276145e-01,-7.493959254013495830e-01,-6.974612239346166254e-01,-6.370429393648993077e-01,-5.676238961051713883e-01,-4.893136739599142082e-01,-4.032711778301375505e-01,-3.122570072685367792e-01,-2.212735250942019505e-01,-1.381130934430477852e-01,-7.330317301557665033e-02,-3.818205498422788668e-02,-3.818205497641191659e-02,-7.330317298336741505e-02,-1.381130933729552979e-01,-2.212735249711217378e-01,-3.122570070856865998e-01,-4.032711775842292568e-01,-4.893136736553475030e-01,-5.676238957529209372e-01,-6.370429389548958321e-01,-6.974612234499351082e-01,-7.493959248493227143e-01,-7.936893783649007217e-01,-8.313052481782439163e-01,-8.631988354151591825e-01,-8.902416800097714411e-01,-9.131847648411662854e-01,-9.326480218230702723e-01,-9.491264594482671235e-01,-9.630053919804855145e-01,-9.745791962424901200e-01,-9.840698151603790578e-01,-9.916428005603664664e-01,-9.974199444049143271e-01,-1.001488429595568608e+00,-1.003906945485352642e+00,-1.004709414912448251e+00,-1.000000000000000000e+00,-1.000000000000000000e+00,-1.000000000000000000e+00,-1.000000000000000000e+00,-1.000000000000000000e+00,-1.000000000000000000e+00,-1.000000000000000000e+00,-1.000000000000000000e+00,-1.000000000000000000e+00,-1.000000000000000000e+00,-1.000000000000000000e+00,-1.000000000000000000e+00,-1.000000000000000000e+00,-1.000000000000000000e+00,-1.000000000000000000e+00,-1.000000000000000000e+00,-1.000000000000000000e+00,-1.000000000000000000e+00,-1.000000000000000000e+00,-1.000000000000000000e+00,-1.000000000000000000e+00,-1.000000000000000000e+00,-1.000000000000000000e+00,-1.000000000000000000e+00,-1.000000000000000000e+00,-1.000000000000000000e+00,-1.000000000000000000e+00,-1.000000000000000000e+00,-1.000000000000000000e+00,-1.000000000000000000e+00,-1.000000000000000000e+00,-1.000000000000000000e+00,-1.000000000000000000e+00,-1.000000000000000000e+00,-1.000000000000000000e+00,-1.000000000000000000e+00,-1.000000000000000000e+00,-1.000000000000000000e+00,-1.000000000000000000e+00,-1.000000000000000000e+00,-1.000000000000000000e+00,-1.000000000000000000e+00
-1.000000000000000000e+00,-1.000000000000000000e+00,-1.000000000000000000e+00,-1.000000000000000000e+00,-1.000000000000000000e+00,-1.000000000000000000e+00,-1.000000000000000000e+00,-1.000000000000000000e+00,-1.000000000000000000e+00,-1.000000000000000000e+00,-1.000000000000000000e+00,-1.000000000000000000e+00,-1.000000000000000000e+00,-1.000000000000000000e+00,-1.000000000000000000e+00,-1.000000000000000000e+00,-1.000000000000000000e+00,-1.000000000000000000e+00,-1.000000000000000000e+00,-1.000000000000000000e+00,-1.000000000000000000e+00,-1.000000000000000000e+00,-1.000000000000000000e+00,-1.000000000000000000e+00,-1.000000000000000000e+00,-1.000000000000000000e+00,-1.000000000000000000e+00,-1.000000000000000000e+00,-1.000000000000000000e+00,-1.000000000000000000e+00,-1.000000000000000000e+00,-1.000000000000000000e+00,-1.000000000000000000e+00,-1.000000000000000000e+00,-1.000000000000000000e+00,-1.000000000000000000e+00,-1.000000000000000000e+00,-1.000000000000000000e+00,-1.000000000000000000e+00,-1.000000000000000000e+00,-1.000000000000000000e+00,-1.000000000000000000e+00,-9.913021664920173004e-01,-9.903573953318346446e-01,-9.875151761499838532e-01,-9.827514945039259597e-01,-9.760251039247480609e-01,-9.672749179138406816e-01,-9.564149196955382681e-01,-9.433254444653595971e-01,-9.278398394705289487e-01,-9.097260901720727322e-01,-8.886641130379211440e-01,-8.642210731363844101e-01,-8.358291689061051466e-01,-8.027725945228635362e-01,-7.641925838928453896e-01,-7.191214863931052470e-01,-6.665589914735202681e-01,-6.056064219767525181e-01,-5.356786970397322545e-01,-4.568171434790011531e-01,-3.701259451580336535e-01,-2.783406380364698007e-01,-1.864855621286859444e-01,-1.024375536179780166e-01,-3.687542002461474677e-02,-1.325598083154466700e-03,-1.325598069070288432e-03,-3.687541997719168130e-02,-1.024375535343624577e-01,-1.864855620049034046e-01,-2.783406378696023920e-01,-3.701259449399949553e-01,-4.568171432074173977e-01,-5.356786967096551777e-01,-6.056064215681580265e-01,-6.665589909768352417e-01,-7.191214858155381418e-01,-7.641925832180468392e-01,-8.027725937653920063e-01,-8.358291680931104750e-01,-8.642210722635793596e-01,-8.886641121160598900e-01,-9.097260892027393409e-01,-9.278398384571886481e-01,-9.433254434127225085e-01,-9.564149185975214795e-01,-9.672749167831709016e-01,-9.760251027751222219e-01,-9.827514933110691464e-01,-9.875151749721907679e-01,-9.903573940684636812e-01,-9.913021652094858860e-01,-1.000000000000000000e+00,-1.000000000000000000e+00,-1.000000000000000000e+00,-1.000000000000000000e+00,-1.000000000000000000e+00,-1.000000000000000000e+00,-1.000000000000000000e+00,-1.000000000000000000e+00,-1.000000000000000000e+00,-1.000000000000000000e+00,-1.000000000000000000e+00,-1.000000000000000000e+00,-1.000000000000000000e+00,-1.000000000000000000e+00,-1.000000000000000000e+00,-1.000000000000000000e+00,-1.000000000000000000e+00,-1.000000000000000000e+00,-1.000000000000000000e+00,-1.000000000000000000e+00,-1.000000000000000000e+00,-1.000000000000000000e+00,-1.000000000000000000e+00,-1.000000000000000000e+00,-1.000000000000000000e+00,-1.000000000000000000e+00,-1.000000000000000000e+00,-1.000000000000000000e+00,-1.000000000000000000e+00,-1.000000000000000000e+00,-1.000000000000000000e+00,-1.000000000000000000e+00,-1.000000000000000000e+00,-1.000000000000000000e+00,-1.000000000000000000e+00,-1.000000000000000000e+00,-1.000000000000000000e+00,-1.000000000000000000e+00,-1.000000000000000000e+00,-1.000000000000000000e+00,-1.000000000000000000e+00,-1.000000000000000000e+00
-1.000000000000000000e+00,-1.000000000000000000e+00,-1.000000000000000000e+00,-1.000000000000000000e+00,-1.000000000000000000e+00,-1.000000000000000000e+00,-1.000000000000000000e+00,-1.000000000000000000e+00,-1.000000000000000000e+00,-1.000000000000000000e+00,-1.000000000000000000e+00,-1.000000000000000000e+00,-1.000000000000000000e+00,-1.000000000000000000e+00,-1.000000000000000000e+00,-1.000000000000000000e+00,-1.000000000000000000e+00,-1.000000000000000000e+00,-1.000000000000000000e+00,-1.000000000000000000e+00,-1.000000000000000000e+00,-1.000000000000000000e+00,-1.000000000000000000e+00,-1.000000000000000000e+00,-1.000000000000000000e+00,-1.000000000000000000e+00,-1.000000000000000000e+00,-1.000000000000000000e+00,-1.000000000000000000e+00,-1.000000000000000000e+00,-1.000000000000000000e+00,-1.000000000000000000e+00,-1.000000000000000000e+00,-1.000000000000000000e+00,-1.000000000000000000e+00,-1.000000000000000000e+00,-1.000000000000000000e+00,-1.000000000000000000e+00,-1.000000000000000000e+00,-1.000000000000000000e+00,-1.000000000000000000e+00,-1.000000000000000000e+00,-9.767748828923067395e-01,-9.756525895716031682e-01,-9.722813224142171640e-01,-9.666481201690572123e-01,-9.587317146872857965e-01,-9.485018947405269296e-01,-9.359164432842215220e-01,-9.209137801342479612e-01,-9.033994662238526985e-01,-8.832253403088633492e-01,-8.601614559199733945e-01,-8.338632340901146467e-01,-8.038391604271606372e-01,-7.694274547003080444e-01,-7.297928053462388043e-01,-6.839561199566723815e-01,-6.308715839660108404e-01,-5.695670521773787964e-01,-4.993666522302824262e-01,-4.202177442057881684e-01,-3.331441260781853320e-01,-2.408332068398514325e-01,-1.483129973420898029e-01,-6.353300226958680241e-02,2.680841301205161287e-03,3.861121260097455377e-02,3.861121262035882573e-02,2.680841357200813846e-03,-6.353300218689195145e-02,-1.483129972364017890e-01,-2.408332067089795636e-01,-3.331441259074044980e-01,-4.202177439812804227e-01,-4.993666519302103479e-01,-5.695670517791908694e-01,-6.308715834641174247e-01,-6.839561193536956019e-01,-7.297928046289887671e-01,-7.694274538949594788e-01,-8.038391595544363000e-01,-8.338632331389930208e-01,-8.601614549058365089e-01,-8.832253392395159608e-01,-9.033994651136272314e-01,-9.209137789970808230e-01,-9.359164421222815333e-01,-9.485018935569073939e-01,-9.587317134918110773e-01,-9.666481189210776037e-01,-9.722813211777365794e-01,-9.756525882326225751e-01,-9.767748815311104726e-01,-1.000000000000000000e+00,-1.000000000000000000e+00,-1.000000000000000000e+00,-1.000000000000000000e+00,-1.000000000000000000e+00,-1.000000000000000000e+00,-1.000000000000000000e+00,-1.000000000000000000e+00,-1.000000000000000000e+00,-1.000000000000000000e+00,-1.000000000000000000e+00,-1.000000000000000000e+00,-1.000000000000000000e+00,-1.000000000000000000e+00,-1.000000000000000000e+00,-1.000000000000000000e+00,-1.000000000000000000e+00,-1.000000000000000000e+00,-1.000000000000000000e+00,-1.000000000000000000e+00,-1.000000000000000000e+00,-1.000000000000000000e+00,-1.000000000000000000e+00,-1.000000000000000000e+00,-1.000000000000000000e+00,-1.000000000000000000e+00,-1.000000000000000000e+00,-1.000000000000000000e+00,-1.000000000000000000e+00,-1.000000000000000000e+00,-1.000000000000000000e+00,-1.000000000000000000e+00,-1.000000000000000000e+00,-1.000000000000000000e+00,-1.000000000000000000e+00,-1.000000000000000000e+00,-1.000000000000000000e+00,-1.000000000000000000e+00,-1.000000000000000000e+00,-1.000000000000000000e+00,-1.000000000000000000e+00,-1.000000000000000000e+00
-1.000000000000000000e+00,-1.000000000000000000e+00,-1.000000000000000000e+00,-1.000000000000000000e+00,-1.000000000000000000e+00,-1.000000000000000000e+00,-1.000000000000000000e+00,-1.000000000000000000e+00,-1.000000000000000000e+00,-1.000000000000000000e+00,-1.000000000000000000e+00,-1.000000000000000000e+00,-1.000000000000000000e+00,-1.000000000000000000e+00,-1.000000000000000000e+00,-1.000000000000000000e+00,-1.000000000000000000e+00,-1.000000000000000000e+00,-1.000000000000000000e+00,-1.000000000000000000e+00,-1.000000000000000000e+00,-1.000000000000000000e+00,-1.000000000000000000e+00,-1.000000000000000000e+00,-1.000000000000000000e+00,-1.000000000000000000e+00,-1.000000000000000000e+00,-1.000000000000000000e+00,-1.000000000000000000e+00,-1.000000000000000000e+00,-1.000000000000000000e+00,-1.000000000000000000e+00,-1.000000000000000000e+00,-1.000000000000000000e+00,-1.000000000000000000e+00,-1.000000000000000000e+00,-1.000000000000000000e+00,-1.000000000000000000e+00,-1.000000000000000000e+00,-1.000000000000000000e+00,-1.000000000000000000e+00,-1.000000000000000000e+00,-9.610814065085212521e-01,-9.597396723119989703e-01,-9.557136457121844231e-01,-9.490018275831882955e-01,-9.396045052518925411e-01,-9.275263466910377286e-01,-9.127769190825111290e-01,-8.953662581073102977e-01,-8.752923684927350623e-01,-8.525180738025347482e-01,-8.269363328621140985e-01,-7.983262239520544368e-01,-7.663060504508220072e-01,-7.302946016288700548e-01,-6.894951979879204718e-01,-6.429187302070837884e-01,-5.894617239418571408e-01,-5.280552541239702524e-01,-4.579019814014246847e-01,-3.788214286794117092e-01,-2.917237483630648054e-01,-1.992186624494315383e-01,-1.063143348867305882e-01,-2.101715912111279394e-02,4.570689612719935901e-02,8.194876993211375193e-02,8.194876995079214410e-02,4.570689617614487332e-02,-2.101715905801504469e-02,-1.063143348164448110e-01,-1.992186623695123560e-01,-2.917237482522033742e-01,-3.788214285119879676e-01,-4.579019811408615581e-01,-5.280552537440006411e-01,-5.894617234322347965e-01,-6.429187295755857123e-01,-6.894951972375602534e-01,-7.302946007806978557e-01,-7.663060495113496184e-01,-7.983262229153196277e-01,-8.269363317454059281e-01,-8.525180726153719357e-01,-8.752923672592507476e-01,-8.953662568514503262e-01,-9.127769178181341925e-01,-9.275263454171409627e-01,-9.396045039818889943e-01,-9.490018262632841095e-01,-9.557136444164268108e-01,-9.597396709151782002e-01,-9.610814050927336538e-01,-1.000000000000000000e+00,-1.000000000000000000e+00,-1.000000000000000000e+00,-1.000000000000000000e+00,-1.000000000000000000e+00,-1.000000000000000000e+00,-1.000000000000000000e+00,-1.000000000000000000e+00,-1.000000000000000000e+00,-1.000000000000000000e+00,-1.000000000000000000e+00,-1.000000000000000000e+00,-1.000000000000000000e+00,-1.000000000000000000e+00,-1.000000000000000000e+00,-1.000000000000000000e+00,-1.000000000000000000e+00,-1.000000000000000000e+00,-1.000000000000000000e+00,-1.000000000000000000e+00,-1.000000000000000000e+00,-1.000000000000000000e+00,-1.000000000000000000e+00,-1.000000000000000000e+00,-1.000000000000000000e+00,-1.000000000000000000e+00,-1.000000000000000000e+00,-1.000000000000000000e+00,-1.000000000000000000e+00,-1.000000000000000000e+00,-1.000000000000000000e+00,-1.000000000000000000e+00,-1.000000000000000000e+00,-1.000000000000000000e+00,-1.000000000000000000e+00,-1.000000000000000000e+00,-1.000000000000000000e+00,-1.000000000000000000e+00,-1.000000000000000000e+00,-1.000000000000000000e+00,-1.000000000000000000e+00,-1.000000000000000000e+00
-1.000000000000000000e+00,-1.000000000000000000e+00,-1.000000000000000000e+00,-1.000000000000000000e+00,-1.000000000000000000e+00,-1.000000000000000000e+00,-1.000000000000000000e+00,-1.000000000000000000e+00,-1.000000000000000000e+00,-1.000000000000000000e+00,-1.000000000000000000e+00,-1.000000000000000000e+00,-1.000000000000000000e+00,-1.000000000000000000e+00,-1.000000000000000000e+00,-1.000000000000000000e+00,-1.000000000000000000e+00,-1.000000000000000000e+00,-1.000000000000000000e+00,-1.000000000000000000e+00,-1.000000000000000000e+00,-1.000000000000000000e+00,-1.000000000000000000e+00,-1.000000000000000000e+00,-1.000000000000000000e+00,-1.000000000000000000e+00,-1.000000000000000000e+00,-1.000000000000000000e+00,-1.000000000000000000e+00,-1.000000000000000000e+00,-1.000000000000000000e+00,-1.000000000000000000e+00,-1.000000000000000000e+00,-1.000000000000000000e+00,-1.000000000000000000e+00,-1.000000000000000000e+00,-1.000000000000000000e+00,-1.000000000000000000e+00,-1.000000000000000000e+00,-1.000000000000000000e+00,-1.000000000000000000e+00,-1.000000000000000000e+00,-9.442211789318242232e-01,-9.426113402508624617e-01,-9.377841418710983756e-01,-9.297486492308726369e-01,-9.185264230081499059e-01,-9.041591106970114922e-01,-8.867148433507676675e-01,-8.662892347988939701e-01,-8.429960157588692882e-01,-8.169425457563643800e-01,-7.881873507082783892e-01,-7.566810231708793744e-01,-7.221982061054539326e-01,-6.842756270332486235e-01,-6.421766548642531269e-01,-5.949040773250187097e-01,-5.412797590369333722e-01,-4.801060814430886392e-01,-4.104231938843354577e-01,-3.318785271666720993e-01,-2.452261021285143672e-01,-1.529608727757961750e-01,-6.004187048089115741e-02,2.548767209769020603e-02,9.253197103566357384e-02,1.289915502320018170e-01,1.289915502445346807e-01,9.253197106386279458e-02,2.548767212337899046e-02,-6.004187046647424530e-02,-1.529608727671918356e-01,-2.452261020956812976e-01,-3.318785270725842507e-01,-4.104231936817870352e-01,-4.801060811022762609e-01,-5.412797585363638975e-01,-5.949040766796630519e-01,-6.421766540905420317e-01,-6.842756261366471637e-01,-7.221982050890558558e-01,-7.566810220417681254e-01,-7.881873494776505673e-01,-8.169425444387017343e-01,-8.429960143892730740e-01,-8.662892334090434021e-01,-8.867148419651210700e-01,-9.041591093144948355e-01,-9.185264216521475955e-01,-9.297486478346881356e-01,-9.377841405141257303e-01,-9.426113387953105605e-01,-9.442211774600631768e-01,-1.000000000000000000e+00,-1.000000000000000000e+00,-1.000000000000000000e+00,-1.000000000000000000e+00,-1.000000000000000000e+00,-1.000000000000000000e+00,-1.000000000000000000e+00,-1.000000000000000000e+00,-1.000000000000000000e+00,-1.000000000000000000e+00,-1.000000000000000000e+00,-1.000000000000000000e+00,-1.000000000000000000e+00,-1.000000000000000000e+00,-1.000000000000000000e+00,-1.000000000000000000e+00,-1.000000000000000000e+00,-1.000000000000000000e+00,-1.000000000000000000e+00,-1.000000000000000000e+00,-1.000000000000000000e+00,-1.000000000000000000e+00,-1.000000000000000000e+00,-1.000000000000000000e+00,-1.000000000000000000e+00,-1.000000000000000000e+00,-1.000000000000000000e+00,-1.000000000000000000e+00,-1.000000000000000000e+00,-1.000000000000000000e+00,-1.000000000000000000e+00,-1.000000000000000000e+00,-1.000000000000000000e+00,-1.000000000000000000e+00,-1.000000000000000000e+00,-1.000000000000000000e+00,-1.000000000000000000e+00,-1.000000000000000000e+00,-1.000000000000000000e+00,-1.000000000000000000e+00,-1.000000000000000000e+00,-1.000000000000000000e+00
-1.000000000000000000e+00,-1.000000000000000000e+00,-1.000000000000000000e+00,-1.000000000000000000e+00,-1.000000000000000000e+00,-1.000000000000000000e+00,-1.000000000000000000e+00,-1.000000000000000000e+00,-1.000000000000000000e+00,-1.000000000000000000e+00,-1.000000000000000000e+00,-1.000000000000000000e+00,-1.000000000000000000e+00,-1.000000000000000000e+00,-1.000000000000000000e+00,-1.000000000000000000e+00,-1.000000000000000000e+00,-1.000000000000000000e+00,-1.000000000000000000e+00,-1.000000000000000000e+00,-1.000000000000000000e+00,-1.000000000000000000e+00,-1.000000000000000000e+00,-1.000000000000000000e+00,-1.000000000000000000e+00,-1.000000000000000000e+00,-1.000000000000000000e+00,-1.000000000000000000e+00,-1.000000000000000000e+00,-1.000000000000000000e+00,-1.000000000000000000e+00,-1.000000000000000000e+00,-1.000000000000000000e+00,-1.000000000000000000e+00,-1.000000000000000000e+00,-1.000000000000000000e+00,-1.000000000000000000e+00,-1.000000000000000000e+00,-1.000000000000000000e+00,-1.000000000000000000e+00,-1.000000000000000000e+00,-1.000000000000000000e+00,-9.262578036667019621e-01,-9.243251249883032150e-01,-9.185314149208967383e-01,-9.088933616370901136e-01,-8.954504401013378967e-01,-8.782798438245567052e-01,-8.575119842601757192e-01,-8.333407227766865821e-01,-8.060208178280315883e-01,-7.758444561938684370e-01,-7.430904754265486023e-01,-7.079453398015076449e-01,-6.704045900260591218e-01,-6.301755550731515942e-01,-5.866116688399922730e-01,-5.387097158599180036e-01,-4.851926497790143289e-01,-4.246902759814715766e-01,-3.560255515198955667e-01,-2.786166516394279480e-01,-1.930081703119682635e-01,-1.015349346142881970e-01,-9.071589086347531250e-03,7.632606490818005796e-02,1.434457314763313285e-01,1.800011603875288912e-01,1.800011603890265821e-01,1.434457314701951258e-01,7.632606487664905792e-02,-9.071589149637793170e-03,-1.015349346953191567e-01,-1.930081703718116160e-01,-2.786166516312208463e-01,-3.560255513885126621e-01,-4.246902756974911819e-01,-4.851926493093055015e-01,-5.387097152185478244e-01,-5.866116680470894185e-01,-6.301755541279241424e-01,-6.704045889443774886e-01,-7.079453385936145260e-01,-7.430904740914086037e-01,-7.758444547602523222e-01,-8.060208163344066978e-01,-8.333407212546750653e-01,-8.575119827448783871e-01,-8.782798423214350780e-01,-8.954504386520382164e-01,-9.088933601737713142e-01,-9.185314135267252933e-01,-9.243251235055374160e-01,-9.262578021641183490e-01,-1.000000000000000000e+00,-1.000000000000000000e+00,-1.000000000000000000e+00,-1.000000000000000000e+00,-1.000000000000000000e+00,-1.000000000000000000e+00,-1.000000000000000000e+00,-1.000000000000000000e+00,-1.000000000000000000e+00,-1.000000000000000000e+00,-1.000000000000000000e+00,-1.000000000000000000e+00,-1.000000000000000000e+00,-1.000000000000000000e+00,-1.000000000000000000e+00,-1.000000000000000000e+00,-1.000000000000000000e+00,-1.000000000000000000e+00,-1.000000000000000000e+00,-1.000000000000000000e+00,-1.000000000000000000e+00,-1.000000000000000000e+00,-1.000000000000000000e+00,-1.000000000000000000e+00,-1.000000000000000000e+00,-1.000000000000000000e+00,-1.000000000000000000e+00,-1.000000000000000000e+00,-1.000000000000000000e+00,-1.000000000000000000e+00,-1.000000000000000000e+00,-1.000000000000000000e+00,-1.000000000000000000e+00,-1.000000000000000000e+00,-1.000000000000000000e+00,-1.000000000000000000e+00,-1.000000000000000000e+00,-1.000000000000000000e+00,-1.000000000000000000e+00,-1.000000000000000000e+00,-1.000000000000000000e+00,-1.000000000000000000e+00
-1.000000000000000000e+00,-1.000000000000000000e+00,-1.000000000000000000e+00,-1.000000000000000000e+00,-1.000000000000000000e+00,-1.000000000000000000e+00,-1.000000000000000000e+00,-1.000000000000000000e+00,-1.000000000000000000e+00,-1.000000000000000000e+00,-1.000000000000000000e+00,-1.000000000000000000e+00,-1.000000000000000000e+00,-1.000000000000000000e+00,-1.000000000000000000e+00,-1.000000000000000000e+00,-1.000000000000000000e+00,-1.000000000000000000e+00,-1.000000000000000000e+00,-1.000000000000000000e+00,-1.000000000000000000e+00,-1.000000000000000000e+00,-1.000000000000000000e+00,-1.000000000000000000e+00,-1.000000000000000000e+00,-1.000000000000000000e+00,-1.000000000000000000e+00,-1.000000000000000000e+00,-1.000000000000000000e+00,-1.000000000000000000e+00,-1.000000000000000000e+00,-1.000000000000000000e+00,-1.000000000000000000e+00,-1.000000000000000000e+00,-1.000000000000000000e+00,-1.000000000000000000e+00,-1.000000000000000000e+00,-1.000000000000000000e+00,-1.000000000000000000e+00,-1.000000000000000000e+00,-1.000000000000000000e+00,-1.000000000000000000e+00,-9.073389091594563638e-01,-9.050243206352813763e-01,-8.980847689543393075e-01,-8.865387269403031123e-01,-8.704356595140537722e-01,-8.498811834089206041e-01,-8.250659236151725029e-01,-7.962904479102155264e-01,-7.639754871722159724e-01,-7.286443272462145293e-01,-6.908648897181790538e-01,-6.511454260847548969e-01,-6.097920735186335151e-01,-5.667572367517769161e-01,-5.215261928224956822e-01,-4.730910514689395940e-01,-4.200405680359587945e-01,-3.607715007332327195e-01,-2.938173821838124811e-01,-2.182945279146576434e-01,-1.344728417352726302e-01,-4.447324023635779167e-02,4.695483042518477923e-02,1.317709312446277981e-01,1.986622404036817446e-01,2.351615957180344108e-01,2.351615957035890769e-01,1.986622403518154556e-01,1.317709311458263866e-01,4.695483028213121024e-02,-4.447324040096989339e-02,-1.344728418808557313e-01,-2.182945279888820478e-01,-2.938173821224937532e-01,-3.607715005066222114e-01,-4.200405676042467951e-01,-4.730910508418558758e-01,-5.215261920167966192e-01,-5.667572357678878348e-01,-6.097920723842953361e-01,-6.511454248012102930e-01,-6.908648882835380922e-01,-7.286443257099080029e-01,-7.639754855610829676e-01,-7.962904462537414574e-01,-8.250659219624060237e-01,-8.498811817740650199e-01,-8.704356579548380157e-01,-8.865387253950098856e-01,-8.980847675105902983e-01,-9.050243191245732621e-01,-9.073389076351063842e-01,-1.000000000000000000e+00,-1.000000000000000000e+00,-1.000000000000000000e+00,-1.000000000000000000e+00,-1.000000000000000000e+00,-1.000000000000000000e+00,-1.000000000000000000e+00,-1.000000000000000000e+00,-1.000000000000000000e+00,-1.000000000000000000e+00,-1.000000000000000000e+00,-1.000000000000000000e+00,-1.000000000000000000e+00,-1.000000000000000000e+00,-1.000000000000000000e+00,-1.000000000000000000e+00,-1.000000000000000000e+00,-1.000000000000000000e+00,-1.000000000000000000e+00,-1.000000000000000000e+00,-1.000000000000000000e+00,-1.000000000000000000e+00,-1.000000000000000000e+00,-1.000000000000000000e+00,-1.000000000000000000e+00,-1.000000000000000000e+00,-1.000000000000000000e+00,-1.000000000000000000e+00,-1.000000000000000000e+00,-1.000000000000000000e+00,-1.000000000000000000e+00,-1.000000000000000000e+00,-1.000000000000000000e+00,-1.000000000000000000e+00,-1.000000000000000000e+00,-1.000000000000000000e+00,-1.000000000000000000e+00,-1.000000000000000000e+00,-1.000000000000000000e+00,-1.000000000000000000e+00,-1.000000000000000000e+00,-1.000000000000000000e+00
-1.000000000000000000e+00,-1.000000000000000000e+00,-1.000000000000000000e+00,-1.000000000000000000e+00,-1.000000000000000000e+00,-1.000000000000000000e+00,-1.000000000000000000e+00,-1.000000000000000000e+00,-1.000000000000000000e+00,-1.000000000000000000e+00,-1.000000000000000000e+00,-1.000000000000000000e+00,-1.000000000000000000e+00,-1.000000000000000000e+00,-1.000000000000000000e+00,-1.000000000000000000e+00,-1.000000000000000000e+00,-1.000000000000000000e+00,-1.000000000000000000e+00,-1.000000000000000000e+00,-1.000000000000000000e+00,-1.000000000000000000e+00,-1.000000000000000000e+00,-1.000000000000000000e+00,-1.000000000000000000e+00,-1.000000000000000000e+00,-1.000000000000000000e+00,-1.000000000000000000e+00,-1.000000000000000000e+00,-1.000000000000000000e+00,-1.000000000000000000e+00,-1.000000000000000000e+00,-1.000000000000000000e+00,-1.000000000000000000e+00,-1.000000000000000000e+00,-1.000000000000000000e+00,-1.000000000000000000e+00,-1.000000000000000000e+00,-1.000000000000000000e+00,-1.000000000000000000e+00,-1.000000000000000000e+00,-1.000000000000000000e+00,-8.877152185067033185e-01,-8.849584894680566638e-01,-8.766890457444687090e-01,-8.629175898942192946e-01,-8.436895157493500275e-01,-8.191235061065137435e-01,-7.894589118596965216e-01,-7.551027438851178886e-01,-7.166617430752910689e-01,-6.749395810324945177e-01,-6.308768123330691369e-01,-5.854169237906627909e-01,-5.393017048982033934e-01,-4.928348421095648524e-01,-4.456911450500189442e-01,-3.968561323444838029e-01,-3.447319464371757514e-01,-2.873990676045327097e-01,-2.230075986662438670e-01,-1.502820671559594867e-01,-6.914037831216968133e-02,1.857171779689270608e-02,1.082750304741706415e-01,1.919748689867064595e-01,2.582757311655361487e-01,2.945372829749295374e-01,2.945372829414463212e-01,2.582757310617598279e-01,1.919748688178197771e-01,1.082750302548152188e-01,1.857171755812503378e-02,-6.914037852803256445e-02,-1.502820672956417525e-01,-2.230075986625785767e-01,-2.873990674236059917e-01,-3.447319460342488373e-01,-3.968561317249443832e-01,-4.456911442237749821e-01,-4.928348410788423450e-01,-5.393017036990610524e-01,-5.854169224218259693e-01,-6.308768108080192727e-01,-6.749395794121426650e-01,-7.166617413677046633e-01,-7.551027421270908313e-01,-7.894589101099503958e-01,-8.191235043788849257e-01,-8.436895141076986571e-01,-8.629175882796866759e-01,-8.766890442381051196e-01,-8.849584879084871902e-01,-8.877152169350691624e-01,-1.000000000000000000e+00,-1.000000000000000000e+00,-1.000000000000000000e+00,-1.000000000000000000e+00,-1.000000000000000000e+00,-1.000000000000000000e+00,-1.000000000000000000e+00,-1.000000000000000000e+00,-1.000000000000000000e+00,-1.000000000000000000e+00,-1.000000000000000000e+00,-1.000000000000000000e+00,-1.000000000000000000e+00,-1.000000000000000000e+00,-1.000000000000000000e+00,-1.000000000000000000e+00,-1.000000000000000000e+00,-1.000000000000000000e+00,-1.000000000000000000e+00,-1.000000000000000000e+00,-1.000000000000000000e+00,-1.000000000000000000e+00,-1.000000000000000000e+00,-1.000000000000000000e+00,-1.000000000000000000e+00,-1.000000000000000000e+00,-1.000000000000000000e+00,-1.000000000000000000e+00,-1.000000000000000000e+00,-1.000000000000000000e+00,-1.000000000000000000e+00,-1.000000000000000000e+00,-1.000000000000000000e+00,-1.000000000000000000e+00,-1.000000000000000000e+00,-1.000000000000000000e+00,-1.000000000000000000e+00,-1.000000000000000000e+00,-1.000000000000000000e+00,-1.000000000000000000e+00,-1.000000000000000000e+00,-1.000000000000000000e+00
-1.000000000000000000e+00,-1.000000000000000000e+00,-1.000000000000000000e+00,-1.000000000000000000e+00,-1.000000000000000000e+00,-1.000000000000000000e+00,-1.000000000000000000e+00,-1.000000000000000000e+00,-1.000000000000000000e+00,-1.000000000000000000e+00,-1.000000000000000000e+00,-1.000000000000000000e+00,-1.000000000000000000e+00,-1.000000000000000000e+00,-1.000000000000000000e+00,-1.000000000000000000e+00,-1.000000000000000000e+00,-1.000000000000000000e+00,-1.000000000000000000e+00,-1.000000000000000000e+00,-1.000000000000000000e+00,-1.000000000000000000e+00,-1.000000000000000000e+00,-1.000000000000000000e+00,-1.000000000000000000e+00,-1.000000000000000000e+00,-1.000000000000000000e+00,-1.000000000000000000e+00,-1.000000000000000000e+00,-1.000000000000000000e+00,-1.000000000000000000e+00,-1.000000000000000000e+00,-1.000000000000000000e+00,-1.000000000000000000e+00,-1.000000000000000000e+00,-1.000000000000000000e+00,-1.000000000000000000e+00,-1.000000000000000000e+00,-1.000000000000000000e+00,-1.000000000000000000e+00,-1.000000000000000000e+00,-1.000000000000000000e+00,-8.677556981585105023e-01,-8.645003642701369895e-01,-8.547269093155058783e-01,-8.384244842097229311e-01,-8.156129738860187217e-01,-7.863980370465419867e-01,-7.510425299494186691e-01,-7.100445449814796195e-01,-6.642041385716949131e-01,-6.146505392953843794e-01,-5.627926966190091029e-01,-5.101564846853305912e-01,-4.580950374964463112e-01,-4.074176793160497745e-01,-3.580675605005998463e-01,-3.090124022227375145e-01,-2.583881489766377548e-01,-2.038451411473772845e-01,-1.430307097097917035e-01,-7.417037576819007771e-02,3.257282554122165052e-03,8.774776099273107199e-02,1.749389789969009179e-01,2.569129711053619314e-01,3.222100950740984793e-01,3.580259474139182441e-01,3.580259473615148291e-01,3.222100949195385589e-01,2.569129708709971815e-01,1.749389787103836635e-01,8.774776069587697513e-02,3.257282298799513143e-03,-7.417037593245812133e-02,-1.430307097289741369e-01,-2.038451409844558304e-01,-2.583881485833766645e-01,-3.090124016008415353e-01,-3.580675596553275497e-01,-4.074176782513834194e-01,-4.580950362532132392e-01,-5.101564832632784485e-01,-5.627926950414727791e-01,-6.146505376179267621e-01,-6.642041367940798580e-01,-7.100445431549518016e-01,-7.510425281277963716e-01,-7.863980352385111505e-01,-8.156129721661133924e-01,-8.384244825322610950e-01,-8.547269077479874300e-01,-8.645003626753703374e-01,-8.677556965524737542e-01,-1.000000000000000000e+00,-1.000000000000000000e+00,-1.000000000000000000e+00,-1.000000000000000000e+00,-1.000000000000000000e+00,-1.000000000000000000e+00,-1.000000000000000000e+00,-1.000000000000000000e+00,-1.000000000000000000e+00,-1.000000000000000000e+00,-1.000000000000000000e+00,-1.000000000000000000e+00,-1.000000000000000000e+00,-1.000000000000000000e+00,-1.000000000000000000e+00,-1.000000000000000000e+00,-1.000000000000000000e+00,-1.000000000000000000e+00,-1.000000000000000000e+00,-1.000000000000000000e+00,-1.000000000000000000e+00,-1.000000000000000000e+00,-1.000000000000000000e+00,-1.000000000000000000e+00,-1.000000000000000000e+00,-1.000000000000000000e+00,-1.000000000000000000e+00,-1.000000000000000000e+00,-1.000000000000000000e+00,-1.000000000000000000e+00,-1.000000000000000000e+00,-1.000000000000000000e+00,-1.000000000000000000e+00,-1.000000000000000000e+00,-1.000000000000000000e+00,-1.000000000000000000e+00,-1.000000000000000000e+00,-1.000000000000000000e+00,-1.000000000000000000e+00,-1.000000000000000000e+00,-1.000000000000000000e+00,-1.000000000000000000e+00
-1.000000000000000000e+00,-1.000000000000000000e+00,-1.000000000000000000e+00,-1.000000000000000000e+00,-1.000000000000000000e+00,-1.000000000000000000e+00,-1.000000000000000000e+00,-1.000000000000000000e+00,-1.000000000000000000e+00,-1.000000000000000000e+00,-1.000000000000000000e+00,-1.000000000000000000e+00,-1.000000000000000000e+00,-1.000000000000000000e+00,-1.000000000000000000e+00,-1.000000000000000000e+00,-1.000000000000000000e+00,-1.000000000000000000e+00,-1.000000000000000000e+00,-1.000000000000000000e+00,-1.000000000000000000e+00,-1.000000000000000000e+00,-1.000000000000000000e+00,-1.000000000000000000e+00,-1.000000000000000000e+00,-1.000000000000000000e+00,-1.000000000000000000e+00,-1.000000000000000000e+00,-1.000000000000000000e+00,-1.000000000000000000e+00,-1.000000000000000000e+00,-1.000000000000000000e+00,-1.000000000000000000e+00,-1.000000000000000000e+00,-1.000000000000000000e+00,-1.000000000000000000e+00,-1.000000000000000000e+00,-1.000000000000000000e+00,-1.000000000000000000e+00,-1.000000000000000000e+00,-1.000000000000000000e+00,-1.000000000000000000e+00,-8.479546695055543148e-01,-8.441548410289210214e-01,-8.327337468688222888e-01,-8.136412142909559275e-01,-7.868426126680633237e-01,-7.523922156312244924e-01,-7.105332935146358997e-01,-6.618165554188863986e-01,-6.072176624203395878e-01,-5.482179307342462948e-01,-4.867922125681350964e-01,-4.252333386468071241e-01,-3.657563088848935218e-01,-3.099098630174864644e-01,-2.580109439114041114e-01,-2.089741876873748572e-01,-1.605455247630759308e-01,-1.097915070256206826e-01,-5.371129617865666450e-02,1.008897163877708891e-02,8.266188343803282379e-02,1.629101720194812142e-01,2.467339123469969309e-01,3.263211396854390767e-01,3.901660772663186894e-01,4.253102392105330143e-01,4.253102391444891772e-01,3.901660770757526819e-01,3.263211394102654150e-01,2.467339120286098364e-01,1.629101717050318587e-01,8.266188318624001496e-02,1.008897149658150028e-02,-5.371129617202397011e-02,-1.097915068319881282e-01,-1.605455243403134391e-01,-2.089741870355005249e-01,-2.580109430365737921e-01,-3.099098619245514996e-01,-3.657563076144543235e-01,-4.252333371990222322e-01,-4.867922109689911681e-01,-5.482179290320067233e-01,-6.072176606203945060e-01,-6.618165535772322361e-01,-7.105332916689117706e-01,-7.523922137863617854e-01,-7.868426109016578573e-01,-8.136412125657942473e-01,-8.327337452308819499e-01,-8.441548393823951058e-01,-8.479546678363091283e-01,-1.000000000000000000e+00,-1.000000000000000000e+00,-1.000000000000000000e+00,-1.000000000000000000e+00,-1.000000000000000000e+00,-1.000000000000000000e+00,-1.000000000000000000e+00,-1.000000000000000000e+00,-1.000000000000000000e+00,-1.000000000000000000e+00,-1.000000000000000000e+00,-1.000000000000000000e+00,-1.000000000000000000e+00,-1.000000000000000000e+00,-1.000000000000000000e+00,-1.000000000000000000e+00,-1.000000000000000000e+00,-1.000000000000000000e+00,-1.000000000000000000e+00,-1.000000000000000000e+00,-1.000000000000000000e+00,-1.000000000000000000e+00,-1.000000000000000000e+00,-1.000000000000000000e+00,-1.000000000000000000e+00,-1.000000000000000000e+00,-1.000000000000000000e+00,-1.000000000000000000e+00,-1.000000000000000000e+00,-1.000000000000000000e+00,-1.000000000000000000e+00,-1.000000000000000000e+00,-1.000000000000000000e+00,-1.000000000000000000e+00,-1.000000000000000000e+00,-1.000000000000000000e+00,-1.000000000000000000e+00,-1.000000000000000000e+00,-1.000000000000000000e+00,-1.000000000000000000e+00,-1.000000000000000000e+00,-1.000000000000000000e+00
-1.000000000000000000e+00,-1.000000000000000000e+00,-1.000000000000000000e+00,-1.000000000000000000e+00,-1.000000000000000000e+00,-1.000000000000000000e+00,-1.000000000000000000e+00,-1.000000000000000000e+00,-1.000000000000000000e+00,-1.000000000000000000e+00,-1.000000000000000000e+00,-1.000000000000000000e+00,-1.000000000000000000e+00,-1.000000000000000000e+00,-1.000000000000000000e+00,-1.000000000000000000e+00,-1.000000000000000000e+00,-1.000000000000000000e+00,-1.000000000000000000e+00,-1.000000000000000000e+00,-1.000000000000000000e+00,-1.000000000000000000e+00,-1.000000000000000000e+00,-1.000000000000000000e+00,-1.000000000000000000e+00,-1.000000000000000000e+00,-1.000000000000000000e+00,-1.000000000000000000e+00,-1.000000000000000000e+00,-1.000000000000000000e+00,-1.000000000000000000e+00,-1.000000000000000000e+00,-1.000000000000000000e+00,-1.000000000000000000e+00,-1.000000000000000000e+00,-1.000000000000000000e+00,-1.000000000000000000e+00,-1.000000000000000000e+00,-1.000000000000000000e+00,-1.000000000000000000e+00,-1.000000000000000000e+00,-1.000000000000000000e+00,-8.289261488974642988e-01,-8.245549452910311272e-01,-8.113989482259410524e-01,-7.893484258875406168e-01,-7.582795267926993876e-01,-7.181454708246575169e-01,-6.691069100918745072e-01,-6.116974812684305984e-01,-5.470084796916665493e-01,-4.768544951627519124e-01,-4.038473794593423483e-01,-3.312613137077909942e-01,-2.625387356184994969e-01,-2.003531253264728695e-01,-1.455279406731114777e-01,-9.682817174791769066e-02,-5.141209195888429839e-02,-5.560766135171313351e-03,4.453970676551755048e-02,1.020245501332930349e-01,1.685633383974591837e-01,2.435245503341689766e-01,3.231093011524421854e-01,3.996370622677114515e-01,4.615726098083117179e-01,4.958141527083517186e-01,4.958141526360342333e-01,4.615726096005980938e-01,3.996370619779872069e-01,3.231093008396388466e-01,2.435245500493683490e-01,1.685633381979780854e-01,1.020245500670224903e-01,4.453970686369168597e-02,-5.560765842830384109e-03,-5.141209145273062386e-02,-9.682817102723662028e-02,-1.455279397536696218e-01,-2.003531242154173997e-01,-2.625387343531851991e-01,-3.312613122845440294e-01,-4.038473778957760718e-01,-4.768544934928609091e-01,-5.470084779246144890e-01,-6.116974794566474305e-01,-6.691069082725933370e-01,-7.181454690069598579e-01,-7.582795250407537990e-01,-7.893484241660078116e-01,-8.113989465605315754e-01,-8.245549436341408356e-01,-8.289261471971828277e-01,-1.000000000000000000e+00,-1.000000000000000000e+00,-1.000000000000000000e+00,-1.000000000000000000e+00,-1.000000000000000000e+00,-1.000000000000000000e+00,-1.000000000000000000e+00,-1.000000000000000000e+00,-1.000000000000000000e+00,-1.000000000000000000e+00,-1.000000000000000000e+00,-1.000000000000000000e+00,-1.000000000000000000e+00,-1.000000000000000000e+00,-1.000000000000000000e+00,-1.000000000000000000e+00,-1.000000000000000000e+00,-1.000000000000000000e+00,-1.000000000000000000e+00,-1.000000000000000000e+00,-1.000000000000000000e+00,-1.000000000000000000e+00,-1.000000000000000000e+00,-1.000000000000000000e+00,-1.000000000000000000e+00,-1.000000000000000000e+00,-1.000000000000000000e+00,-1.000000000000000000e+00,-1.000000000000000000e+00,-1.000000000000000000e+00,-1.000000000000000000e+00,-1.000000000000000000e+00,-1.000000000000000000e+00,-1.000000000000000000e+00,-1.000000000000000000e+00,-1.000000000000000000e+00,-1.000000000000000000e+00,-1.000000000000000000e+00,-1.000000000000000000e+00,-1.000000000000000000e+00,-1.000000000000000000e+00,-1.000000000000000000e+00
-1.000000000000000000e+00,-1.000000000000000000e+00,-1.000000000000000000e+00,-1.000000000000000000e+00,-1.000000000000000000e+00,-1.000000000000000000e+00,-1.000000000000000000e+00,-1.000000000000000000e+00,-1.000000000000000000e+00,-1.000000000000000000e+00,-1.000000000000000000e+00,-1.000000000000000000e+00,-1.000000000000000000e+00,-1.000000000000000000e+00,-1.000000000000000000e+00,-1.000000000000000000e+00,-1.000000000000000000e+00,-1.000000000000000000e+00,-1.000000000000000000e+00,-1.000000000000000000e+00,-1.000000000000000000e+00,-1.000000000000000000e+00,-1.000000000000000000e+00,-1.000000000000000000e+00,-1.000000000000000000e+00,-1.000000000000000000e+00,-1.000000000000000000e+00,-1.000000000000000000e+00,-1.000000000000000000e+00,-1.000000000000000000e+00,-1.000000000000000000e+00,-1.000000000000000000e+00,-1.000000000000000000e+00,-1.000000000000000000e+00,-1.000000000000000000e+00,-1.000000000000000000e+00,-1.000000000000000000e+00,-1.000000000000000000e+00,-1.000000000000000000e+00,-1.000000000000000000e+00,-1.000000000000000000e+00,-1.000000000000000000e+00,-8.113809072233612030e-01,-8.064396673750172662e-01,-7.915466334148510974e-01,-7.665131184978423162e-01,-7.310906805310272150e-01,-6.850760747725130884e-01,-6.284677273508649797e-01,-5.616771937264656289e-01,-4.857893752531294851e-01,-4.028439229039586511e-01,-3.160687199086499310e-01,-2.299158119350467322e-01,-1.495989754577553565e-01,-7.965712382779421841e-02,-2.154707306605685435e-02,2.637002599792181989e-02,6.784521894794703911e-02,1.076325917396128151e-01,1.505212992266613536e-01,2.004881028621163797e-01,2.598828049586856537e-01,3.285813996419395533e-01,4.031147291065109162e-01,4.759542518326889127e-01,5.355509896317240948e-01,5.686720934491518165e-01,5.686720933831073133e-01,5.355509894404060223e-01,4.759542515679031638e-01,4.031147288384169247e-01,3.285813994306447938e-01,2.598828048558854409e-01,2.004881029117593361e-01,1.505212994505384927e-01,1.076325921518368478e-01,6.784521954558409007e-02,2.637002678608690864e-02,-2.154707212324480370e-02,-7.965712274122105363e-02,-1.495989742571075531e-01,-2.299158106016395697e-01,-3.160687184391731686e-01,-4.028439213134259456e-01,-4.857893735551467307e-01,-5.616771919687451042e-01,-6.284677255819838271e-01,-6.850760730002782850e-01,-7.310906787962052622e-01,-7.665131167783145738e-01,-7.915466317286113940e-01,-8.064396657169803362e-01,-8.113809055045900775e-01,-1.000000000000000000e+00,-1.000000000000000000e+00,-1.000000000000000000e+00,-1.000000000000000000e+00,-1.000000000000000000e+00,-1.000000000000000000e+00,-1.000000000000000000e+00,-1.000000000000000000e+00,-1.000000000000000000e+00,-1.000000000000000000e+00,-1.000000000000000000e+00,-1.000000000000000000e+00,-1.000000000000000000e+00,-1.000000000000000000e+00,-1.000000000000000000e+00,-1.000000000000000000e+00,-1.000000000000000000e+00,-1.000000000000000000e+00,-1.000000000000000000e+00,-1.000000000000000000e+00,-1.000000000000000000e+00,-1.000000000000000000e+00,-1.000000000000000000e+00,-1.000000000000000000e+00,-1.000000000000000000e+00,-1.000000000000000000e+00,-1.000000000000000000e+00,-1.000000000000000000e+00,-1.000000000000000000e+00,-1.000000000000000000e+00,-1.000000000000000000e+00,-1.000000000000000000e+00,-1.000000000000000000e+00,-1.000000000000000000e+00,-1.000000000000000000e+00,-1.000000000000000000e+00,-1.000000000000000000e+00,-1.000000000000000000e+00,-1.000000000000000000e+00,-1.000000000000000000e+00,-1.000000000000000000e+00,-1.000000000000000000e+00
-1.000000000000000000e+00,-1.000000000000000000e+00,-1.000000000000000000e+00,-1.000000000000000000e+00,-1.000000000000000000e+00,-1.000000000000000000e+00,-1.000000000000000000e+00,-1.000000000000000000e+00,-1.000000000000000000e+00,-1.000000000000000000e+00,-1.000000000000000000e+00,-1.000000000000000000e+00,-1.000000000000000000e+00,-1.000000000000000000e+00,-1.000000000000000000e+00,-1.000000000000000000e+00,-1.000000000000000000e+00,-1.000000000000000000e+00,-1.000000000000000000e+00,-1.000000000000000000e+00,-1.000000000000000000e+00,-1.000000000000000000e+00,-1.000000000000000000e+00,-1.000000000000000000e+00,-1.000000000000000000e+00,-1.000000000000000000e+00,-1.000000000000000000e+00,-1.000000000000000000e+00,-1.000000000000000000e+00,-1.000000000000000000e+00,-1.000000000000000000e+00,-1.000000000000000000e+00,-1.000000000000000000e+00,-1.000000000000000000e+00,-1.000000000000000000e+00,-1.000000000000000000e+00,-1.000000000000000000e+00,-1.000000000000000000e+00,-1.000000000000000000e+00,-1.000000000000000000e+00,-1.000000000000000000e+00,-1.000000000000000000e+00,-7.960833530114981293e-01,-7.906100277711428648e-01,-7.740898068757581241e-01,-7.462416339862039116e-01,-7.066652422731446448e-01,-6.549519587494367912e-01,-5.908553501651904183e-01,-5.145330284274218791e-01,-4.268675737296458994e-01,-3.298662993561254364e-01,-2.271231791291209445e-01,-1.242688426955335101e-01,-2.905745005253346225e-02,5.032495805897352348e-02,1.118865800212927031e-01,1.583322884241227246e-01,1.948398256250176708e-01,2.274648664330474190e-01,2.620789780229453303e-01,3.035394264080597537e-01,3.548951320162152534e-01,4.165455610062003267e-01,4.853677436928494071e-01,5.540018805162445492e-01,6.109018915413086948e-01,6.427192629179696581e-01,6.427192628673978891e-01,6.109018913985906352e-01,5.540018803215689402e-01,4.853677435092698111e-01,4.165455609020998207e-01,3.548951320403885834e-01,3.035394266000723817e-01,2.620789783972943265e-01,2.274648669905194875e-01,1.948398263438901878e-01,1.583322893022298672e-01,1.118865809936386846e-01,5.032495911117185194e-02,-2.905744894266681921e-02,-1.242688414877611836e-01,-2.271231777981872479e-01,-3.298662979017985553e-01,-4.268675721710488702e-01,-5.145330267967893612e-01,-5.908553485126792904e-01,-6.549519570854804851e-01,-7.066652406275222287e-01,-7.462416323494986958e-01,-7.740898052424628473e-01,-7.906100261583942634e-01,-7.960833513057165023e-01,-1.000000000000000000e+00,-1.000000000000000000e+00,-1.000000000000000000e+00,-1.000000000000000000e+00,-1.000000000000000000e+00,-1.000000000000000000e+00,-1.000000000000000000e+00,-1.000000000000000000e+00,-1.000000000000000000e+00,-1.000000000000000000e+00,-1.000000000000000000e+00,-1.000000000000000000e+00,-1.000000000000000000e+00,-1.000000000000000000e+00,-1.000000000000000000e+00,-1.000000000000000000e+00,-1.000000000000000000e+00,-1.000000000000000000e+00,-1.000000000000000000e+00,-1.000000000000000000e+00,-1.000000000000000000e+00,-1.000000000000000000e+00,-1.000000000000000000e+00,-1.000000000000000000e+00,-1.000000000000000000e+00,-1.000000000000000000e+00,-1.000000000000000000e+00,-1.000000000000000000e+00,-1.000000000000000000e+00,-1.000000000000000000e+00,-1.000000000000000000e+00,-1.000000000000000000e+00,-1.000000000000000000e+00,-1.000000000000000000e+00,-1.000000000000000000e+00,-1.000000000000000000e+00,-1.000000000000000000e+00,-1.000000000000000000e+00,-1.000000000000000000e+00,-1.000000000000000000e+00,-1.000000000000000000e+00,-1.000000000000000000e+00
-1.000000000000000000e+00,-1.000000000000000000e+00,-1.000000000000000000e+00,-1.000000000000000000e+00,-1.000000000000000000e+00,-1.000000000000000000e+00,-1.000000000000000000e+00,-1.000000000000000000e+00,-1.000000000000000000e+00,-1.000000000000000000e+00,-1.000000000000000000e+00,-1.000000000000000000e+00,-1.000000000000000000e+00,-1.000000000000000000e+00,-1.000000000000000000e+00,-1.000000000000000000e+00,-1.000000000000000000e+00,-1.000000000000000000e+00,-1.000000000000000000e+00,-1.000000000000000000e+00,-1.000000000000000000e+00,-1.000000000000000000e+00,-1.000000000000000000e+00,-1.000000000000000000e+00,-1.000000000000000000e+00,-1.000000000000000000e+00,-1.000000000000000000e+00,-1.000000000000000000e+00,-1.000000000000000000e+00,-1.000000000000000000e+00,-1.000000000000000000e+00,-1.000000000000000000e+00,-1.000000000000000000e+00,-1.000000000000000000e+00,-1.000000000000000000e+00,-1.000000000000000000e+00,-1.000000000000000000e+00,-1.000000000000000000e+00,-1.000000000000000000e+00,-1.000000000000000000e+00,-1.000000000000000000e+00,-1.000000000000000000e+00,-7.837887430662096033e-01,-7.778632050329421510e-01,-7.599554545012474627e-01,-7.296907469403599578e-01,-6.865095038280941697e-01,-6.297741272028863913e-01,-5.589356017597760795e-01,-4.737732089627272325e-01,-3.747211660949643086e-01,-2.633059278306613127e-01,-1.427752185380899430e-01,-1.918467142425062111e-02,9.655976784868802731e-02,1.871665654745999774e-01,2.516349887739917079e-01,2.954060350775156163e-01,3.258243122496109478e-01,3.504056557211807643e-01,3.760532737985542440e-01,4.084277484113927326e-01,4.512297898491390846e-01,5.053674399758458780e-01,5.680699700456977030e-01,6.321629971048416952e-01,6.861244152426753118e-01,7.165109891421939103e-01,7.165109891066183678e-01,6.861244151574881212e-01,6.321629970038309398e-01,5.680699699726137197e-01,5.053674399974112941e-01,4.512297900091410963e-01,4.084277487447220967e-01,3.760532743115869714e-01,3.504056564003530383e-01,3.258243130576654600e-01,2.954060360011030451e-01,2.516349897401435332e-01,1.871665664700914444e-01,9.655976885343431348e-02,-1.918467033922011122e-02,-1.427752173234223543e-01,-2.633059264768654595e-01,-3.747211646362333948e-01,-4.737732074297283935e-01,-5.589356001993129874e-01,-6.297741256277997746e-01,-6.865095022636535926e-01,-7.296907453884824424e-01,-7.599554529383015788e-01,-7.778632035014907409e-01,-7.837887414433890587e-01,-1.000000000000000000e+00,-1.000000000000000000e+00,-1.000000000000000000e+00,-1.000000000000000000e+00,-1.000000000000000000e+00,-1.000000000000000000e+00,-1.000000000000000000e+00,-1.000000000000000000e+00,-1.000000000000000000e+00,-1.000000000000000000e+00,-1.000000000000000000e+00,-1.000000000000000000e+00,-1.000000000000000000e+00,-1.000000000000000000e+00,-1.000000000000000000e+00,-1.000000000000000000e+00,-1.000000000000000000e+00,-1.000000000000000000e+00,-1.000000000000000000e+00,-1.000000000000000000e+00,-1.000000000000000000e+00,-1.000000000000000000e+00,-1.000000000000000000e+00,-1.000000000000000000e+00,-1.000000000000000000e+00,-1.000000000000000000e+00,-1.000000000000000000e+00,-1.000000000000000000e+00,-1.000000000000000000e+00,-1.000000000000000000e+00,-1.000000000000000000e+00,-1.000000000000000000e+00,-1.000000000000000000e+00,-1.000000000000000000e+00,-1.000000000000000000e+00,-1.000000000000000000e+00,-1.000000000000000000e+00,-1.000000000000000000e+00,-1.000000000000000000e+00,-1.000000000000000000e+00,-1.000000000000000000e+00,-1.000000000000000000e+00
-1.000000000000000000e+00,-1.000000000000000000e+00,-1.000000000000000000e+00,-1.000000000000000000e+00,-1.000000000000000000e+00,-1.000000000000000000e+00,-1.000000000000000000e+00,-1.000000000000000000e+00,-1.000000000000000000e+00,-1.000000000000000000e+00,-1.000000000000000000e+00,-1.000000000000000000e+00,-1.000000000000000000e+00,-1.000000000000000000e+00,-1.000000000000000000e+00,-1.000000000000000000e+00,-1.000000000000000000e+00,-1.000000000000000000e+00,-1.000000000000000000e+00,-1.000000000000000000e+00,-1.000000000000000000e+00,-1.000000000000000000e+00,-1.000000000000000000e+00,-1.000000000000000000e+00,-1.000000000000000000e+00,-1.000000000000000000e+00,-1.000000000000000000e+00,-1.000000000000000000e+00,-1.000000000000000000e+00,-1.000000000000000000e+00,-1.000000000000000000e+00,-1.000000000000000000e+00,-1.000000000000000000e+00,-1.000000000000000000e+00,-1.000000000000000000e+00,-1.000000000000000000e+00,-1.000000000000000000e+00,-1.000000000000000000e+00,-1.000000000000000000e+00,-1.000000000000000000e+00,-1.000000000000000000e+00,-1.000000000000000000e+00,-7.751663057604997187e-01,-7.689101024630451420e-01,-7.499849552262982666e-01,-7.179381146689798321e-01,-6.720736540599501208e-01,-6.115482392820710267e-01,-5.355175291226461631e-01,-4.433365282788838124e-01,-3.348038791623817456e-01,-2.104267993160402472e-01,-7.174855034911709062e-02,7.765810979865883645e-02,2.268595826494947953e-01,3.291362024050337176e-01,3.937970517035367379e-01,4.326512375541746724e-01,4.557758369793905029e-01,4.718447929814988395e-01,4.884224945630293302e-01,5.117266564742588564e-01,5.459870358735510187e-01,5.925786822606720072e-01,6.490851656000284908e-01,7.085394495779762103e-01,7.594725459631448405e-01,7.883750906887909693e-01,7.883750906711148865e-01,7.594725459399906953e-01,7.085394495748087440e-01,6.490851656421599003e-01,5.925786824055576663e-01,5.459870361548084805e-01,5.117266569220224603e-01,4.884224951764108980e-01,4.718447937386063273e-01,4.557758378395233567e-01,4.326512384947240886e-01,3.937970526612784017e-01,3.291362033495182082e-01,2.268595835462401400e-01,7.765811076411655023e-02,-7.174854923975604315e-02,-2.104267980714199515e-01,-3.348038778302221408e-01,-4.433365268963986860e-01,-5.355175277255583843e-01,-6.115482378686014631e-01,-6.720736526345907347e-01,-7.179381132359015094e-01,-7.499849537528353594e-01,-7.689101010054809615e-01,-7.751663042096235134e-01,-1.000000000000000000e+00,-1.000000000000000000e+00,-1.000000000000000000e+00,-1.000000000000000000e+00,-1.000000000000000000e+00,-1.000000000000000000e+00,-1.000000000000000000e+00,-1.000000000000000000e+00,-1.000000000000000000e+00,-1.000000000000000000e+00,-1.000000000000000000e+00,-1.000000000000000000e+00,-1.000000000000000000e+00,-1.000000000000000000e+00,-1.000000000000000000e+00,-1.000000000000000000e+00,-1.000000000000000000e+00,-1.000000000000000000e+00,-1.000000000000000000e+00,-1.000000000000000000e+00,-1.000000000000000000e+00,-1.000000000000000000e+00,-1.000000000000000000e+00,-1.000000000000000000e+00,-1.000000000000000000e+00,-1.000000000000000000e+00,-1.000000000000000000e+00,-1.000000000000000000e+00,-1.000000000000000000e+00,-1.000000000000000000e+00,-1.000000000000000000e+00,-1.000000000000000000e+00,-1.000000000000000000e+00,-1.000000000000000000e+00,-1.000000000000000000e+00,-1.000000000000000000e+00,-1.000000000000000000e+00,-1.000000000000000000e+00,-1.000000000000000000e+00,-1.000000000000000000e+00,-1.000000000000000000e+00,-1.000000000000000000e+00
-1.000000000000000000e+00,-1.000000000000000000e+00,-1.000000000000000000e+00,-1.000000000000000000e+00,-1.000000000000000000e+00,-1.000000000000000000e+00,-1.000000000000000000e+00,-1.000000000000000000e+00,-1.000000000000000000e+00,-1.000000000000000000e+00,-1.000000000000000000e+00,-1.000000000000000000e+00,-1.000000000000000000e+00,-1.000000000000000000e+00,-1.000000000000000000e+00,-1.000000000000000000e+00,-1.000000000000000000e+00,-1.000000000000000000e+00,-1.000000000000000000e+00,-1.000000000000000000e+00,-1.000000000000000000e+00,-1.000000000000000000e+00,-1.000000000000000000e+00,-1.000000000000000000e+00,-1.000000000000000000e+00,-1.000000000000000000e+00,-1.000000000000000000e+00,-1.000000000000000000e+00,-1.000000000000000000e+00,-1.000000000000000000e+00,-1.000000000000000000e+00,-1.000000000000000000e+00,-1.000000000000000000e+00,-1.000000000000000000e+00,-1.000000000000000000e+00,-1.000000000000000000e+00,-1.000000000000000000e+00,-1.000000000000000000e+00,-1.000000000000000000e+00,-1.000000000000000000e+00,-1.000000000000000000e+00,-1.000000000000000000e+00,-7.707195893662914798e-01,-7.642883823737144366e-01,-7.448237752929123268e-01,-7.118282679068788088e-01,-6.645262044532442847e-01,-6.019496975805191941e-01,-5.230644536087332153e-01,-4.269225099391900091e-01,-3.127817875008256365e-01,-1.800061380645039399e-01,-2.722077239915121627e-02,1.507857025909209447e-01,3.731329238498961587e-01,4.774065126846365192e-01,5.339382951204985073e-01,5.640438765089406115e-01,5.787795537546271962e-01,5.865295442977704887e-01,5.946985888797009512e-01,6.096548779964725551e-01,6.359843206350357381e-01,6.754779001192867671e-01,7.260802800587640160e-01,7.810626117541161761e-01,8.290473756469136646e-01,8.564953866125233350e-01,8.564953866171718389e-01,8.290473756839111807e-01,7.810626118335888268e-01,7.260802801984946875e-01,6.754779003642845669e-01,6.359843210048119477e-01,6.096548785154798367e-01,5.946985895389591548e-01,5.865295450721608184e-01,5.787795546055900520e-01,5.640438774061455884e-01,5.339382960292904379e-01,4.774065135632821200e-01,3.731329246595922466e-01,1.507857035114021915e-01,-2.722077126484001575e-02,-1.800061368313584653e-01,-3.127817862292273654e-01,-4.269225086567757232e-01,-5.230644523347662833e-01,-6.019496963111885535e-01,-6.645262031845324824e-01,-7.118282666378152879e-01,-7.448237739814129732e-01,-7.642883810475129547e-01,-7.707195879721355780e-01,-1.000000000000000000e+00,-1.000000000000000000e+00,-1.000000000000000000e+00,-1.000000000000000000e+00,-1.000000000000000000e+00,-1.000000000000000000e+00,-1.000000000000000000e+00,-1.000000000000000000e+00,-1.000000000000000000e+00,-1.000000000000000000e+00,-1.000000000000000000e+00,-1.000000000000000000e+00,-1.000000000000000000e+00,-1.000000000000000000e+00,-1.000000000000000000e+00,-1.000000000000000000e+00,-1.000000000000000000e+00,-1.000000000000000000e+00,-1.000000000000000000e+00,-1.000000000000000000e+00,-1.000000000000000000e+00,-1.000000000000000000e+00,-1.000000000000000000e+00,-1.000000000000000000e+00,-1.000000000000000000e+00,-1.000000000000000000e+00,-1.000000000000000000e+00,-1.000000000000000000e+00,-1.000000000000000000e+00,-1.000000000000000000e+00,-1.000000000000000000e+00,-1.000000000000000000e+00,-1.000000000000000000e+00,-1.000000000000000000e+00,-1.000000000000000000e+00,-1.000000000000000000e+00,-1.000000000000000000e+00,-1.000000000000000000e+00,-1.000000000000000000e+00,-1.000000000000000000e+00,-1.000000000000000000e+00,-1.000000000000000000e+00
-1.000000000000000000e+00,-1.000000000000000000e+00,-1.000000000000000000e+00,-1.000000000000000000e+00,-1.000000000000000000e+00,-1.000000000000000000e+00,-1.000000000000000000e+00,-1.000000000000000000e+00,-1.000000000000000000e+00,-1.000000000000000000e+00,-1.000000000000000000e+00,-1.000000000000000000e+00,-1.000000000000000000e+00,-1.000000000000000000e+00,-1.000000000000000000e+00,-1.000000000000000000e+00,-1.000000000000000000e+00,-1.000000000000000000e+00,-1.000000000000000000e+00,-1.000000000000000000e+00,-1.000000000000000000e+00,-1.000000000000000000e+00,-1.000000000000000000e+00,-1.000000000000000000e+00,-1.000000000000000000e+00,-1.000000000000000000e+00,-1.000000000000000000e+00,-1.000000000000000000e+00,-1.000000000000000000e+00,-1.000000000000000000e+00,-1.000000000000000000e+00,-1.000000000000000000e+00,-1.000000000000000000e+00,-1.000000000000000000e+00,-1.000000000000000000e+00,-1.000000000000000000e+00,-1.000000000000000000e+00,-1.000000000000000000e+00,-1.000000000000000000e+00,-1.000000000000000000e+00,-1.000000000000000000e+00,-1.000000000000000000e+00,-1.000000000000000000e+00,-1.000000000000000000e+00,-1.000000000000000000e+00,-1.000000000000000000e+00,-1.000000000000000000e+00,-1.000000000000000000e+00,-1.000000000000000000e+00,-1.000000000000000000e+00,-1.000000000000000000e+00,-1.000000000000000000e+00,-1.000000000000000000e+00,-1.000000000000000000e+00,5.966231618083563948e-01,6.342185644097886321e-01,6.653043352276604150e-01,6.825249416137866287e-01,6.887442401079006959e-01,6.893342290025255004e-01,6.905613478296721564e-01,6.985529723637946553e-01,7.181028625505387897e-01,7.513818373724674426e-01,7.967109775135232663e-01,8.476361902010138838e-01,8.929145056605900521e-01,9.190172954946065342e-01,9.190172955153019796e-01,8.929145057350951209e-01,8.476361903335452030e-01,7.967109777249861136e-01,7.513818376888234951e-01,7.181028629758063886e-01,6.985529729143842292e-01,6.905613484863475371e-01,6.893342297412350383e-01,6.887442408945851913e-01,6.825249424199149040e-01,6.653043360505490611e-01,6.342185651898446519e-01,5.966231624894391405e-01,-1.000000000000000000e+00,-1.000000000000000000e+00,-1.000000000000000000e+00,-1.000000000000000000e+00,-1.000000000000000000e+00,-1.000000000000000000e+00,-1.000000000000000000e+00,-1.000000000000000000e+00,-1.000000000000000000e+00,-1.000000000000000000e+00,-1.000000000000000000e+00,-1.000000000000000000e+00,-1.000000000000000000e+00,-1.000000000000000000e+00,-1.000000000000000000e+00,-1.000000000000000000e+00,-1.000000000000000000e+00,-1.000000000000000000e+00,-1.000000000000000000e+00,-1.000000000000000000e+00,-1.000000000000000000e+00,-1.000000000000000000e+00,-1.000000000000000000e+00,-1.000000000000000000e+00,-1.000000000000000000e+00,-1.000000000000000000e+00,-1.000000000000000000e+00,-1.000000000000000000e+00,-1.000000000000000000e+00,-1.000000000000000000e+00,-1.000000000000000000e+00,-1.000000000000000000e+00,-1.000000000000000000e+00,-1.000000000000000000e+00,-1.000000000000000000e+00,-1.000000000000000000e+00,-1.000000000000000000e+00,-1.000000000000000000e+00,-1.000000000000000000e+00,-1.000000000000000000e+00,-1.000000000000000000e+00,-1.000000000000000000e+00,-1.000000000000000000e+00,-1.000000000000000000e+00,-1.000000000000000000e+00,-1.000000000000000000e+00,-1.000000000000000000e+00,-1.000000000000000000e+00,-1.000000000000000000e+00,-1.000000000000000000e+00,-1.000000000000000000e+00,-1.000000000000000000e+00,-1.000000000000000000e+00,-1.000000000000000000e+00
-1.000000000000000000e+00,-1.000000000000000000e+00,-1.000000000000000000e+00,-1.000000000000000000e+00,-1.000000000000000000e+00,-1.000000000000000000e+00,-1.000000000000000000e+00,-1.000000000000000000e+00,-1.000000000000000000e+00,-1.000000000000000000e+00,-1.000000000000000000e+00,-1.000000000000000000e+00,-1.000000000000000000e+00,-1.000000000000000000e+00,-1.000000000000000000e+00,-1.000000000000000000e+00,-1.000000000000000000e+00,-1.000000000000000000e+00,-1.000000000000000000e+00,-1.000000000000000000e+00,-1.000000000000000000e+00,-1.000000000000000000e+00,-1.000000000000000000e+00,-1.000000000000000000e+00,-1.000000000000000000e+00,-1.000000000000000000e+00,-1.000000000000000000e+00,-1.000000000000000000e+00,-1.000000000000000000e+00,-1.000000000000000000e+00,-1.000000000000000000e+00,-1.000000000000000000e+00,-1.000000000000000000e+00,-1.000000000000000000e+00,-1.000000000000000000e+00,-1.000000000000000000e+00,-1.000000000000000000e+00,-1.000000000000000000e+00,-1.000000000000000000e+00,-1.000000000000000000e+00,-1.000000000000000000e+00,-1.000000000000000000e+00,-1.000000000000000000e+00,-1.000000000000000000e+00,-1.000000000000000000e+00,-1.000000000000000000e+00,-1.000000000000000000e+00,-1.000000000000000000e+00,-1.000000000000000000e+00,-1.000000000000000000e+00,-1.000000000000000000e+00,-1.000000000000000000e+00,-1.000000000000000000e+00,-1.000000000000000000e+00,7.423399649178776816e-01,7.573680437567389401e-01,7.726614660816859548e-01,7.805222581000355042e-01,7.806553666093405397e-01,7.762809784934412427e-01,7.725869705256993569e-01,7.753921104606291692e-01,7.896458346939738693e-01,8.178829628623258685e-01,8.588130878052588901e-01,9.062854684042249698e-01,9.492283457956935955e-01,9.741605511862097000e-01,9.741605512138207246e-01,9.492283458852734945e-01,9.062854685639381014e-01,8.588130880561166691e-01,8.178829632089958945e-01,7.896458351338642156e-01,7.753921110004116102e-01,7.725869711356354586e-01,7.762809791548566096e-01,7.806553672924663179e-01,7.805222587896107900e-01,7.726614667904319056e-01,7.573680444029153858e-01,7.423399653980213841e-01,-1.000000000000000000e+00,-1.000000000000000000e+00,-1.000000000000000000e+00,-1.000000000000000000e+00,-1.000000000000000000e+00,-1.000000000000000000e+00,-1.000000000000000000e+00,-1.000000000000000000e+00,-1.000000000000000000e+00,-1.000000000000000000e+00,-1.000000000000000000e+00,-1.000000000000000000e+00,-1.000000000000000000e+00,-1.000000000000000000e+00,-1.000000000000000000e+00,-1.000000000000000000e+00,-1.000000000000000000e+00,-1.000000000000000000e+00,-1.000000000000000000e+00,-1.000000000000000000e+00,-1.000000000000000000e+00,-1.000000000000000000e+00,-1.000000000000000000e+00,-1.000000000000000000e+00,-1.000000000000000000e+00,-1.000000000000000000e+00,-1.000000000000000000e+00,-1.000000000000000000e+00,-1.000000000000000000e+00,-1.000000000000000000e+00,-1.000000000000000000e+00,-1.000000000000000000e+00,-1.000000000000000000e+00,-1.000000000000000000e+00,-1.000000000000000000e+00,-1.000000000000000000e+00,-1.000000000000000000e+00,-1.000000000000000000e+00,-1.000000000000000000e+00,-1.000000000000000000e+00,-1.000000000000000000e+00,-1.000000000000000000e+00,-1.000000000000000000e+00,-1.000000000000000000e+00,-1.000000000000000000e+00,-1.000000000000000000e+00,-1.000000000000000000e+00,-1.000000000000000000e+00,-1.000000000000000000e+00,-1.000000000000000000e+00,-1.000000000000000000e+00,-1.000000000000000000e+00,-1.000000000000000000e+00,-1.000000000000000000e+00
-1.000000000000000000e+00,-1.000000000000000000e+00,-1.000000000000000000e+00,-1.000000000000000000e+00,-1.000000000000000000e+00,-1.000000000000000000e+00,-1.000000000000000000e+00,-1.000000000000000000e+00,-1.000000000000000000e+00,-1.000000000000000000e+00,-1.000000000000000000e+00,-1.000000000000000000e+00,-1.000000000000000000e+00,-1.000000000000000000e+00,-1.000000000000000000e+00,-1.000000000000000000e+00,-1.000000000000000000e+00,-1.000000000000000000e+00,-1.000000000000000000e+00,-1.000000000000000000e+00,-1.000000000000000000e+00,-1.000000000000000000e+00,-1.000000000000000000e+00,-1.000000000000000000e+00,-1.000000000000000000e+00,-1.000000000000000000e+00,-1.000000000000000000e+00,-1.000000000000000000e+00,-1.000000000000000000e+00,-1.000000000000000000e+00,-1.000000000000000000e+00,-1.000000000000000000e+00,-1.000000000000000000e+00,-1.000000000000000000e+00,-1.000000000000000000e+00,-1.000000000000000000e+00,-1.000000000000000000e+00,-1.000000000000000000e+00,-1.000000000000000000e+00,-1.000000000000000000e+00,-1.000000000000000000e+00,-1.000000000000000000e+00,-1.000000000000000000e+00,-1.000000000000000000e+00,-1.000000000000000000e+00,-1.000000000000000000e+00,-1.000000000000000000e+00,-1.000000000000000000e+00,-1.000000000000000000e+00,-1.000000000000000000e+00,-1.000000000000000000e+00,-1.000000000000000000e+00,-1.000000000000000000e+00,-1.000000000000000000e+00,8.390729395352554132e-01,8.458716328495932135e-01,8.533175674830459911e-01,8.559333743743653411e-01,8.526270230543739892e-01,8.454328606109440258e-01,8.387445974900529233e-01,8.381041150513197646e-01,8.485806571548948352e-01,8.730369908042654448e-01,9.105532386945425216e-01,9.552831385090239102e-01,9.963425375212067170e-01,1.020322221037847754e+00,1.020322221065235180e+00,9.963425376063181904e-01,9.552831386617741671e-01,9.105532389318569120e-01,8.730369911236308678e-01,8.485806575590610912e-01,8.381041155319262081e-01,8.387445980097893994e-01,8.454328611590928855e-01,8.526270236023199001e-01,8.559333749291326843e-01,8.533175680549618392e-01,8.458716333705491586e-01,8.390729399228975538e-01,-1.000000000000000000e+00,-1.000000000000000000e+00,-1.000000000000000000e+00,-1.000000000000000000e+00,-1.000000000000000000e+00,-1.000000000000000000e+00,-1.000000000000000000e+00,-1.000000000000000000e+00,-1.000000000000000000e+00,-1.000000000000000000e+00,-1.000000000000000000e+00,-1.000000000000000000e+00,-1.000000000000000000e+00,-1.000000000000000000e+00,-1.000000000000000000e+00,-1.000000000000000000e+00,-1.000000000000000000e+00,-1.000000000000000000e+00,-1.000000000000000000e+00,-1.000000000000000000e+00,-1.000000000000000000e+00,-1.000000000000000000e+00,-1.000000000000000000e+00,-1.000000000000000000e+00,-1.000000000000000000e+00,-1.000000000000000000e+00,-1.000000000000000000e+00,-1.000000000000000000e+00,-1.000000000000000000e+00,-1.000000000000000000e+00,-1.000000000000000000e+00,-1.000000000000000000e+00,-1.000000000000000000e+00,-1.000000000000000000e+00,-1.000000000000000000e+00,-1.000000000000000000e+00,-1.000000000000000000e+00,-1.000000000000000000e+00,-1.000000000000000000e+00,-1.000000000000000000e+00,-1.000000000000000000e+00,-1.000000000000000000e+00,-1.000000000000000000e+00,-1.000000000000000000e+00,-1.000000000000000000e+00,-1.000000000000000000e+00,-1.000000000000000000e+00,-1.000000000000000000e+00,-1.000000000000000000e+00,-1.000000000000000000e+00,-1.000000000000000000e+00,-1.000000000000000000e+00,-1.000000000000000000e+00,-1.000000000000000000e+00
-1.000000000000000000e+00,-1.000000000000000000e+00,-1.000000000000000000e+00,-1.000000000000000000e+00,-1.000000000000000000e+00,-1.000000000000000000e+00,-1.000000000000000000e+00,-1.000000000000000000e+00,-1.000000000000000000e+00,-1.000000000000000000e+00,-1.000000000000000000e+00,-1.000000000000000000e+00,-1.000000000000000000e+00,-1.000000000000000000e+00,-1.000000000000000000e+00,-1.000000000000000000e+00,-1.000000000000000000e+00,-1.000000000000000000e+00,-1.000000000000000000e+00,-1.000000000000000000e+00,-1.000000000000000000e+00,-1.000000000000000000e+00,-1.000000000000000000e+00,-1.000000000000000000e+00,-1.000000000000000000e+00,-1.000000000000000000e+00,-1.000000000000000000e+00,-1.000000000000000000e+00,-1.000000000000000000e+00,-1.000000000000000000e+00,-1.000000000000000000e+00,-1.000000000000000000e+00,-1.000000000000000000e+00,-1.000000000000000000e+00,-1.000000000000000000e+00,-1.000000000000000000e+00,-1.000000000000000000e+00,-1.000000000000000000e+00,-1.000000000000000000e+00,-1.000000000000000000e+00,-1.000000000000000000e+00,-1.000000000000000000e+00,-1.000000000000000000e+00,-1.000000000000000000e+00,-1.000000000000000000e+00,-1.000000000000000000e+00,-1.000000000000000000e+00,-1.000000000000000000e+00,-1.000000000000000000e+00,-1.000000000000000000e+00,-1.000000000000000000e+00,-1.000000000000000000e+00,-1.000000000000000000e+00,-1.000000000000000000e+00,9.023826918828035115e-01,9.060079917363681457e-01,9.098737325897587880e-01,9.099427749690534029e-01,9.050148638984936156e-01,8.964985671909913023e-01,8.882414388601589383e-01,8.855526853083157679e-01,8.935745748613332928e-01,9.154286482599900410e-01,9.505066712918350813e-01,9.932303929948442800e-01,1.032890893241596331e+00,1.056156935269346508e+00,1.056156935289757737e+00,1.032890893301956492e+00,9.932303931039898615e-01,9.505066714663827909e-01,9.154286485034568432e-01,8.935745751799435421e-01,8.855526856754853959e-01,8.882414392426298821e-01,8.964985675884464822e-01,9.050148642841466806e-01,9.099427753795672480e-01,9.098737330257282707e-01,9.060079921532890879e-01,9.023826922012558871e-01,-1.000000000000000000e+00,-1.000000000000000000e+00,-1.000000000000000000e+00,-1.000000000000000000e+00,-1.000000000000000000e+00,-1.000000000000000000e+00,-1.000000000000000000e+00,-1.000000000000000000e+00,-1.000000000000000000e+00,-1.000000000000000000e+00,-1.000000000000000000e+00,-1.000000000000000000e+00,-1.000000000000000000e+00,-1.000000000000000000e+00,-1.000000000000000000e+00,-1.000000000000000000e+00,-1.000000000000000000e+00,-1.000000000000000000e+00,-1.000000000000000000e+00,-1.000000000000000000e+00,-1.000000000000000000e+00,-1.000000000000000000e+00,-1.000000000000000000e+00,-1.000000000000000000e+00,-1.000000000000000000e+00,-1.000000000000000000e+00,-1.000000000000000000e+00,-1.000000000000000000e+00,-1.000000000000000000e+00,-1.000000000000000000e+00,-1.000000000000000000e+00,-1.000000000000000000e+00,-1.000000000000000000e+00,-1.000000000000000000e+00,-1.000000000000000000e+00,-1.000000000000000000e+00,-1.000000000000000000e+00,-1.000000000000000000e+00,-1.000000000000000000e+00,-1.000000000000000000e+00,-1.000000000000000000e+00,-1.000000000000000000e+00,-1.000000000000000000e+00,-1.000000000000000000e+00,-1.000000000000000000e+00,-1.000000000000000000e+00,-1.000000000000000000e+00,-1.000000000000000000e+00,-1.000000000000000000e+00,-1.000000000000000000e+00,-1.000000000000000000e+00,-1.000000000000000000e+00,-1.000000000000000000e+00,-1.000000000000000000e+00
-1.000000000000000000e+00,-1.000000000000000000e+00,-1.000000000000000000e+00,-1.000000000000000000e+00,-1.000000000000000000e+00,-1.000000000000000000e+00,-1.000000000000000000e+00,-1.000000000000000000e+00,-1.000000000000000000e+00,-1.000000000000000000e+00,-1.000000000000000000e+00,-1.000000000000000000e+00,-1.000000000000000000e+00,-1.000000000000000000e+00,-1.000000000000000000e+00,-1.000000000000000000e+00,-1.000000000000000000e+00,-1.000000000000000000e+00,-1.000000000000000000e+00,-1.000000000000000000e+00,-1.000000000000000000e+00,-1.000000000000000000e+00,-1.000000000000000000e+00,-1.000000000000000000e+00,-1.000000000000000000e+00,-1.000000000000000000e+00,-1.000000000000000000e+00,-1.000000000000000000e+00,-1.000000000000000000e+00,-1.000000000000000000e+00,-1.000000000000000000e+00,-1.000000000000000000e+00,-1.000000000000000000e+00,-1.000000000000000000e+00,-1.000000000000000000e+00,-1.000000000000000000e+00,-1.000000000000000000e+00,-1.000000000000000000e+00,-1.000000000000000000e+00,-1.000000000000000000e+00,-1.000000000000000000e+00,-1.000000000000000000e+00,-1.000000000000000000e+00,-1.000000000000000000e+00,-1.000000000000000000e+00,-1.000000000000000000e+00,-1.000000000000000000e+00,-1.000000000000000000e+00,-1.000000000000000000e+00,-1.000000000000000000e+00,-1.000000000000000000e+00,-1.000000000000000000e+00,-1.000000000000000000e+00,-1.000000000000000000e+00,9.408839470759062795e-01,9.432611880094550205e-01,9.455941566761876249e-01,9.445631234433111700e-01,9.389982691452838370e-01,9.299857711166914509e-01,9.210293055118976557e-01,9.172650474525345654e-01,9.238671619412719416e-01,9.441291513860479157e-01,9.776637387860456219e-01,1.019090204411032374e+00,1.057834156130625924e+00,1.080629145197767205e+00,1.080629145209326403e+00,1.057834156160463834e+00,1.019090204464512261e+00,9.776637388790383465e-01,9.441291515259673250e-01,9.238671621322254168e-01,9.172650476625126004e-01,9.210293057257574745e-01,9.299857713421837424e-01,9.389982693593661445e-01,9.445631236970670752e-01,9.455941569582073658e-01,9.432611883094703664e-01,9.408839472974266371e-01,-1.000000000000000000e+00,-1.000000000000000000e+00,-1.000000000000000000e+00,-1.000000000000000000e+00,-1.000000000000000000e+00,-1.000000000000000000e+00,-1.000000000000000000e+00,-1.000000000000000000e+00,-1.000000000000000000e+00,-1.000000000000000000e+00,-1.000000000000000000e+00,-1.000000000000000000e+00,-1.000000000000000000e+00,-1.000000000000000000e+00,-1.000000000000000000e+00,-1.000000000000000000e+00,-1.000000000000000000e+00,-1.000000000000000000e+00,-1.000000000000000000e+00,-1.000000000000000000e+00,-1.000000000000000000e+00,-1.000000000000000000e+00,-1.000000000000000000e+00,-1.000000000000000000e+00,-1.000000000000000000e+00,-1.000000000000000000e+00,-1.000000000000000000e+00,-1.000000000000000000e+00,-1.000000000000000000e+00,-1.000000000000000000e+00,-1.000000000000000000e+00,-1.000000000000000000e+00,-1.000000000000000000e+00,-1.000000000000000000e+00,-1.000000000000000000e+00,-1.000000000000000000e+00,-1.000000000000000000e+00,-1.000000000000000000e+00,-1.000000000000000000e+00,-1.000000000000000000e+00,-1.000000000000000000e+00,-1.000000000000000000e+00,-1.000000000000000000e+00,-1.000000000000000000e+00,-1.000000000000000000e+00,-1.000000000000000000e+00,-1.000000000000000000e+00,-1.000000000000000000e+00,-1.000000000000000000e+00,-1.000000000000000000e+00,-1.000000000000000000e+00,-1.000000000000000000e+00,-1.000000000000000000e+00,-1.000000000000000000e+00
-1.000000000000000000e+00,-1.000000000000000000e+00,-1.000000000000000000e+00,-1.000000000000000000e+00,-1.000000000000000000e+00,-1.000000000000000000e+00,-1.000000000000000000e+00,-1.000000000000000000e+00,-1.000000000000000000e+00,-1.000000000000000000e+00,-1.000000000000000000e+00,-1.000000000000000000e+00,-1.000000000000000000e+00,-1.000000000000000000e+00,-1.000000000000000000e+00,-1.000000000000000000e+00,-1.000000000000000000e+00,-1.000000000000000000e+00,-1.000000000000000000e+00,-1.000000000000000000e+00,-1.000000000000000000e+00,-1.000000000000000000e+00,-1.000000000000000000e+00,-1.000000000000000000e+00,-1.000000000000000000e+00,-1.000000000000000000e+00,-1.000000000000000000e+00,-1.000000000000000000e+00,-1.000000000000000000e+00,-1.000000000000000000e+00,-1.000000000000000000e+00,-1.000000000000000000e+00,-1.000000000000000000e+00,-1.000000000000000000e+00,-1.000000000000000000e+00,-1.000000000000000000e+00,-1.000000000000000000e+00,-1.000000000000000000e+00,-1.000000000000000000e+00,-1.000000000000000000e+00,-1.000000000000000000e+00,-1.000000000000000000e+00,-1.000000000000000000e+00,-1.000000000000000000e+00,-1.000000000000000000e+00,-1.000000000000000000e+00,-1.000000000000000000e+00,-1.000000000000000000e+00,-1.000000000000000000e+00,-1.000000000000000000e+00,-1.000000000000000000e+00,-1.000000000000000000e+00,-1.000000000000000000e+00,-1.000000000000000000e+00,9.591456115324605847e-01,9.610841913104846146e-01,9.628595363186156497e-01,9.614384455981224153e-01,9.556800715558619874e-01,9.465320334880904518e-01,9.373314390925699957e-01,9.331214650399100030e-01,9.390852041516410953e-01,9.586002076311435083e-01,9.913926692421750619e-01,1.032186041639138185e+00,1.070478645087645564e+00,1.093040498260239524e+00,1.093040498263679883e+00,1.070478645089405489e+00,1.032186041638707863e+00,9.913926692500647508e-01,9.586002076521280557e-01,9.390852041896555757e-01,9.331214650727535087e-01,9.373314391212916874e-01,9.465320335261366846e-01,9.556800715998134965e-01,9.614384456884272900e-01,9.628595364209673324e-01,9.610841914526340179e-01,9.591456116171139801e-01,-1.000000000000000000e+00,-1.000000000000000000e+00,-1.000000000000000000e+00,-1.000000000000000000e+00,-1.000000000000000000e+00,-1.000000000000000000e+00,-1.000000000000000000e+00,-1.000000000000000000e+00,-1.000000000000000000e+00,-1.000000000000000000e+00,-1.000000000000000000e+00,-1.000000000000000000e+00,-1.000000000000000000e+00,-1.000000000000000000e+00,-1.000000000000000000e+00,-1.000000000000000000e+00,-1.000000000000000000e+00,-1.000000000000000000e+00,-1.000000000000000000e+00,-1.000000000000000000e+00,-1.000000000000000000e+00,-1.000000000000000000e+00,-1.000000000000000000e+00,-1.000000000000000000e+00,-1.000000000000000000e+00,-1.000000000000000000e+00,-1.000000000000000000e+00,-1.000000000000000000e+00,-1.000000000000000000e+00,-1.000000000000000000e+00,-1.000000000000000000e+00,-1.000000000000000000e+00,-1.000000000000000000e+00,-1.000000000000000000e+00,-1.000000000000000000e+00,-1.000000000000000000e+00,-1.000000000000000000e+00,-1.000000000000000000e+00,-1.000000000000000000e+00,-1.000000000000000000e+00,-1.000000000000000000e+00,-1.000000000000000000e+00,-1.000000000000000000e+00,-1.000000000000000000e+00,-1.000000000000000000e+00,-1.000000000000000000e+00,-1.000000000000000000e+00,-1.000000000000000000e+00,-1.000000000000000000e+00,-1.000000000000000000e+00,-1.000000000000000000e+00,-1.000000000000000000e+00,-1.000000000000000000e+00,-1.000000000000000000e+00
-1.000000000000000000e+00,-1.000000000000000000e+00,-1.000000000000000000e+00,-1.000000000000000000e+00,-1.000000000000000000e+00,-1.000000000000000000e+00,-1.000000000000000000e+00,-1.000000000000000000e+00,-1.000000000000000000e+00,-1.000000000000000000e+00,-1.000000000000000000e+00,-1.000000000000000000e+00,-1.000000000000000000e+00,-1.000000000000000000e+00,-1.000000000000000000e+00,-1.000000000000000000e+00,-1.000000000000000000e+00,-1.000000000000000000e+00,-1.000000000000000000e+00,-1.000000000000000000e+00,-1.000000000000000000e+00,-1.000000000000000000e+00,-1.000000000000000000e+00,-1.000000000000000000e+00,-1.000000000000000000e+00,-1.000000000000000000e+00,-1.000000000000000000e+00,-1.000000000000000000e+00,-1.000000000000000000e+00,-1.000000000000000000e+00,-1.000000000000000000e+00,-1.000000000000000000e+00,-1.000000000000000000e+00,-1.000000000000000000e+00,-1.000000000000000000e+00,-1.000000000000000000e+00,-1.000000000000000000e+00,-1.000000000000000000e+00,-1.000000000000000000e+00,-1.000000000000000000e+00,-1.000000000000000000e+00,-1.000000000000000000e+00,-1.000000000000000000e+00,-1.000000000000000000e+00,-1.000000000000000000e+00,-1.000000000000000000e+00,-1.000000000000000000e+00,-1.000000000000000000e+00,-1.000000000000000000e+00,-1.000000000000000000e+00,-1.000000000000000000e+00,-1.000000000000000000e+00,-1.000000000000000000e+00,-1.000000000000000000e+00,9.591456116248473496e-01,9.610841914213921200e-01,9.628595364175414062e-01,9.614384456796094547e-01,9.556800716293836206e-01,9.465320335762787973e-01,9.373314391786795596e-01,9.331214651201902299e-01,9.390852042186708104e-01,9.586002076780253400e-01,9.913926692717411893e-01,1.032186041655789754e+00,1.070478645095293224e+00,1.093040498259376214e+00,1.093040498256416360e+00,1.070478645075183088e+00,1.032186041611001137e+00,9.913926692031822530e-01,9.586002075828496949e-01,9.390852041024593255e-01,9.331214649760677382e-01,9.373314390169953381e-01,9.465320334181022144e-01,9.556800714973143762e-01,9.614384455916202832e-01,9.628595363215277647e-01,9.610841913708954021e-01,9.591456115554570783e-01,-1.000000000000000000e+00,-1.000000000000000000e+00,-1.000000000000000000e+00,-1.000000000000000000e+00,-1.000000000000000000e+00,-1.000000000000000000e+00,-1.000000000000000000e+00,-1.000000000000000000e+00,-1.000000000000000000e+00,-1.000000000000000000e+00,-1.000000000000000000e+00,-1.000000000000000000e+00,-1.000000000000000000e+00,-1.000000000000000000e+00,-1.000000000000000000e+00,-1.000000000000000000e+00,-1.000000000000000000e+00,-1.000000000000000000e+00,-1.000000000000000000e+00,-1.000000000000000000e+00,-1.000000000000000000e+00,-1.000000000000000000e+00,-1.000000000000000000e+00,-1.000000000000000000e+00,-1.000000000000000000e+00,-1.000000000000000000e+00,-1.000000000000000000e+00,-1.000000000000000000e+00,-1.000000000000000000e+00,-1.000000000000000000e+00,-1.000000000000000000e+00,-1.000000000000000000e+00,-1.000000000000000000e+00,-1.000000000000000000e+00,-1.000000000000000000e+00,-1.000000000000000000e+00,-1.000000000000000000e+00,-1.000000000000000000e+00,-1.000000000000000000e+00,-1.000000000000000000e+00,-1.000000000000000000e+00,-1.000000000000000000e+00,-1.000000000000000000e+00,-1.000000000000000000e+00,-1.000000000000000000e+00,-1.000000000000000000e+00,-1.000000000000000000e+00,-1.000000000000000000e+00,-1.000000000000000000e+00,-1.000000000000000000e+00,-1.000000000000000000e+00,-1.000000000000000000e+00,-1.000000000000000000e+00,-1.000000000000000000e+00
-1.000000000000000000e+00,-1.000000000000000000e+00,-1.000000000000000000e+00,-1.000000000000000000e+00,-1.000000000000000000e+00,-1.000000000000000000e+00,-1.000000000000000000e+00,-1.000000000000000000e+00,-1.000000000000000000e+00,-1.000000000000000000e+00,-1.000000000000000000e+00,-1.000000000000000000e+00,-1.000000000000000000e+00,-1.000000000000000000e+00,-1.000000000000000000e+00,-1.000000000000000000e+00,-1.000000000000000000e+00,-1.000000000000000000e+00,-1.000000000000000000e+00,-1.000000000000000000e+00,-1.000000000000000000e+00,-1.000000000000000000e+00,-1.000000000000000000e+00,-1.000000000000000000e+00,-1.000000000000000000e+00,-1.000000000000000000e+00,-1.000000000000000000e+00,-1.000000000000000000e+00,-1.000000000000000000e+00,-1.000000000000000000e+00,-1.000000000000000000e+00,-1.000000000000000000e+00,-1.000000000000000000e+00,-1.000000000000000000e+00,-1.000000000000000000e+00,-1.000000000000000000e+00,-1.000000000000000000e+00,-1.000000000000000000e+00,-1.000000000000000000e+00,-1.000000000000000000e+00,-1.000000000000000000e+00,-1.000000000000000000e+00,-1.000000000000000000e+00,-1.000000000000000000e+00,-1.000000000000000000e+00,-1.000000000000000000e+00,-1.000000000000000000e+00,-1.000000000000000000e+00,-1.000000000000000000e+00,-1.000000000000000000e+00,-1.000000000000000000e+00,-1.000000000000000000e+00,-1.000000000000000000e+00,-1.000000000000000000e+00,9.408839473190837577e-01,9.432611883094232930e-01,9.455941569497188226e-01,9.445631236731175662e-01,9.389982693544538517e-01,9.299857713604406939e-01,9.210293057588276877e-01,9.172650476914057105e-01,9.238671621403644618e-01,9.441291515256942102e-01,9.776637388756084235e-01,1.019090204462261173e+00,1.057834156154784377e+00,1.080629145196181806e+00,1.080629145187987028e+00,1.057834156118369506e+00,1.019090204383869658e+00,9.776637387447069116e-01,9.441291513289136184e-01,9.238671618822964504e-01,9.172650473815697758e-01,9.210293054220746178e-01,9.299857710300019065e-01,9.389982690565037426e-01,9.445631234025815282e-01,9.455941566603847104e-01,9.432611880620822564e-01,9.408839471083014772e-01,-1.000000000000000000e+00,-1.000000000000000000e+00,-1.000000000000000000e+00,-1.000000000000000000e+00,-1.000000000000000000e+00,-1.000000000000000000e+00,-1.000000000000000000e+00,-1.000000000000000000e+00,-1.000000000000000000e+00,-1.000000000000000000e+00,-1.000000000000000000e+00,-1.000000000000000000e+00,-1.000000000000000000e+00,-1.000000000000000000e+00,-1.000000000000000000e+00,-1.000000000000000000e+00,-1.000000000000000000e+00,-1.000000000000000000e+00,-1.000000000000000000e+00,-1.000000000000000000e+00,-1.000000000000000000e+00,-1.000000000000000000e+00,-1.000000000000000000e+00,-1.000000000000000000e+00,-1.000000000000000000e+00,-1.000000000000000000e+00,-1.000000000000000000e+00,-1.000000000000000000e+00,-1.000000000000000000e+00,-1.000000000000000000e+00,-1.000000000000000000e+00,-1.000000000000000000e+00,-1.000000000000000000e+00,-1.000000000000000000e+00,-1.000000000000000000e+00,-1.000000000000000000e+00,-1.000000000000000000e+00,-1.000000000000000000e+00,-1.000000000000000000e+00,-1.000000000000000000e+00,-1.000000000000000000e+00,-1.000000000000000000e+00,-1.000000000000000000e+00,-1.000000000000000000e+00,-1.000000000000000000e+00,-1.000000000000000000e+00,-1.000000000000000000e+00,-1.000000000000000000e+00,-1.000000000000000000e+00,-1.000000000000000000e+00,-1.000000000000000000e+00,-1.000000000000000000e+00,-1.000000000000000000e+00,-1.000000000000000000e+00
-1.000000000000000000e+00,-1.000000000000000000e+00,-1.000000000000000000e+00,-1.000000000000000000e+00,-1.000000000000000000e+00,-1.000000000000000000e+00,-1.000000000000000000e+00,-1.000000000000000000e+00,-1.000000000000000000e+00,-1.000000000000000000e+00,-1.000000000000000000e+00,-1.000000000000000000e+00,-1.000000000000000000e+00,-1.000000000000000000e+00,-1.000000000000000000e+00,-1.000000000000000000e+00,-1.000000000000000000e+00,-1.000000000000000000e+00,-1.000000000000000000e+00,-1.000000000000000000e+00,-1.000000000000000000e+00,-1.000000000000000000e+00,-1.000000000000000000e+00,-1.000000000000000000e+00,-1.000000000000000000e+00,-1.000000000000000000e+00,-1.000000000000000000e+00,-1.000000000000000000e+00,-1.000000000000000000e+00,-1.000000000000000000e+00,-1.000000000000000000e+00,-1.000000000000000000e+00,-1.000000000000000000e+00,-1.000000000000000000e+00,-1.000000000000000000e+00,-1.000000000000000000e+00,-1.000000000000000000e+00,-1.000000000000000000e+00,-1.000000000000000000e+00,-1.000000000000000000e+00,-1.000000000000000000e+00,-1.000000000000000000e+00,-1.000000000000000000e+00,-1.000000000000000000e+00,-1.000000000000000000e+00,-1.000000000000000000e+00,-1.000000000000000000e+00,-1.000000000000000000e+00,-1.000000000000000000e+00,-1.000000000000000000e+00,-1.000000000000000000e+00,-1.000000000000000000e+00,-1.000000000000000000e+00,-1.000000000000000000e+00,9.023826922046860322e-01,9.060079921640362688e-01,9.098737330048682903e-01,9.099427753340318947e-01,9.050148642416666611e-01,8.964985675632584083e-01,8.882414392384638813e-01,8.855526856779476486e-01,8.935745751655062019e-01,9.154286484770721710e-01,9.505066714355603352e-01,9.932303930782488965e-01,1.032890893282072398e+00,1.056156935268550701e+00,1.056156935256173934e+00,1.032890893235248075e+00,9.932303929790122776e-01,9.505066712623324587e-01,9.154286482072102604e-01,8.935745748003727229e-01,8.855526852408732719e-01,8.882414387673827072e-01,8.964985670958649511e-01,9.050148637889179337e-01,9.099427748850628106e-01,9.098737325361618833e-01,9.060079917363965674e-01,9.023826918770099237e-01,-1.000000000000000000e+00,-1.000000000000000000e+00,-1.000000000000000000e+00,-1.000000000000000000e+00,-1.000000000000000000e+00,-1.000000000000000000e+00,-1.000000000000000000e+00,-1.000000000000000000e+00,-1.000000000000000000e+00,-1.000000000000000000e+00,-1.000000000000000000e+00,-1.000000000000000000e+00,-1.000000000000000000e+00,-1.000000000000000000e+00,-1.000000000000000000e+00,-1.000000000000000000e+00,-1.000000000000000000e+00,-1.000000000000000000e+00,-1.000000000000000000e+00,-1.000000000000000000e+00,-1.000000000000000000e+00,-1.000000000000000000e+00,-1.000000000000000000e+00,-1.000000000000000000e+00,-1.000000000000000000e+00,-1.000000000000000000e+00,-1.000000000000000000e+00,-1.000000000000000000e+00,-1.000000000000000000e+00,-1.000000000000000000e+00,-1.000000000000000000e+00,-1.000000000000000000e+00,-1.000000000000000000e+00,-1.000000000000000000e+00,-1.000000000000000000e+00,-1.000000000000000000e+00,-1.000000000000000000e+00,-1.000000000000000000e+00,-1.000000000000000000e+00,-1.000000000000000000e+00,-1.000000000000000000e+00,-1.000000000000000000e+00,-1.000000000000000000e+00,-1.000000000000000000e+00,-1.000000000000000000e+00,-1.000000000000000000e+00,-1.000000000000000000e+00,-1.000000000000000000e+00,-1.000000000000000000e+00,-1.000000000000000000e+00,-1.000000000000000000e+00,-1.000000000000000000e+00,-1.000000000000000000e+00,-1.000000000000000000e+00
-1.000000000000000000e+00,-1.000000000000000000e+00,-1.000000000000000000e+00,-1.000000000000000000e+00,-1.000000000000000000e+00,-1.000000000000000000e+00,-1.000000000000000000e+00,-1.000000000000000000e+00,-1.000000000000000000e+00,-1.000000000000000000e+00,-1.000000000000000000e+00,-1.000000000000000000e+00,-1.000000000000000000e+00,-1.000000000000000000e+00,-1.000000000000000000e+00,-1.000000000000000000e+00,-1.000000000000000000e+00,-1.000000000000000000e+00,-1.000000000000000000e+00,-1.000000000000000000e+00,-1.000000000000000000e+00,-1.000000000000000000e+00,-1.000000000000000000e+00,-1.000000000000000000e+00,-1.000000000000000000e+00,-1.000000000000000000e+00,-1.000000000000000000e+00,-1.000000000000000000e+00,-1.000000000000000000e+00,-1.000000000000000000e+00,-1.000000000000000000e+00,-1.000000000000000000e+00,-1.000000000000000000e+00,-1.000000000000000000e+00,-1.000000000000000000e+00,-1.000000000000000000e+00,-1.000000000000000000e+00,-1.000000000000000000e+00,-1.000000000000000000e+00,-1.000000000000000000e+00,-1.000000000000000000e+00,-1.000000000000000000e+00,-1.000000000000000000e+00,-1.000000000000000000e+00,-1.000000000000000000e+00,-1.000000000000000000e+00,-1.000000000000000000e+00,-1.000000000000000000e+00,-1.000000000000000000e+00,-1.000000000000000000e+00,-1.000000000000000000e+00,-1.000000000000000000e+00,-1.000000000000000000e+00,-1.000000000000000000e+00,8.390729398737946099e-01,8.458716333557341205e-01,8.533175680161890764e-01,8.559333748610828962e-01,8.526270235306632195e-01,8.454328610996941773e-01,8.387445979748284763e-01,8.381041155160395828e-01,8.485806575363328275e-01,8.730369910900408481e-01,9.105532388919805875e-01,9.552831386272935266e-01,9.963425375851007182e-01,1.020322221049867473e+00,1.020322221035040222e+00,9.963425375356005365e-01,9.552831385230591277e-01,9.105532387013797191e-01,8.730369907844228727e-01,8.485806571108904794e-01,8.381041149992058958e-01,8.387445974071952026e-01,8.454328605167578115e-01,8.526270229384109722e-01,8.559333742556070046e-01,8.533175673873707456e-01,8.458716327763040610e-01,8.390729394515410444e-01,-1.000000000000000000e+00,-1.000000000000000000e+00,-1.000000000000000000e+00,-1.000000000000000000e+00,-1.000000000000000000e+00,-1.000000000000000000e+00,-1.000000000000000000e+00,-1.000000000000000000e+00,-1.000000000000000000e+00,-1.000000000000000000e+00,-1.000000000000000000e+00,-1.000000000000000000e+00,-1.000000000000000000e+00,-1.000000000000000000e+00,-1.000000000000000000e+00,-1.000000000000000000e+00,-1.000000000000000000e+00,-1.000000000000000000e+00,-1.000000000000000000e+00,-1.000000000000000000e+00,-1.000000000000000000e+00,-1.000000000000000000e+00,-1.000000000000000000e+00,-1.000000000000000000e+00,-1.000000000000000000e+00,-1.000000000000000000e+00,-1.000000000000000000e+00,-1.000000000000000000e+00,-1.000000000000000000e+00,-1.000000000000000000e+00,-1.000000000000000000e+00,-1.000000000000000000e+00,-1.000000000000000000e+00,-1.000000000000000000e+00,-1.000000000000000000e+00,-1.000000000000000000e+00,-1.000000000000000000e+00,-1.000000000000000000e+00,-1.000000000000000000e+00,-1.000000000000000000e+00,-1.000000000000000000e+00,-1.000000000000000000e+00,-1.000000000000000000e+00,-1.000000000000000000e+00,-1.000000000000000000e+00,-1.000000000000000000e+00,-1.000000000000000000e+00,-1.000000000000000000e+00,-1.000000000000000000e+00,-1.000000000000000000e+00,-1.000000000000000000e+00,-1.000000000000000000e+00,-1.000000000000000000e+00,-1.000000000000000000e+00
-1.000000000000000000e+00,-1.000000000000000000e+00,-1.000000000000000000e+00,-1.000000000000000000e+00,-1.000000000000000000e+00,-1.000000000000000000e+00,-1.000000000000000000e+00,-1.000000000000000000e+00,-1.000000000000000000e+00,-1.000000000000000000e+00,-1.000000000000000000e+00,-1.000000000000000000e+00,-1.000000000000000000e+00,-1.000000000000000000e+00,-1.000000000000000000e+00,-1.000000000000000000e+00,-1.000000000000000000e+00,-1.000000000000000000e+00,-1.000000000000000000e+00,-1.000000000000000000e+00,-1.000000000000000000e+00,-1.000000000000000000e+00,-1.000000000000000000e+00,-1.000000000000000000e+00,-1.000000000000000000e+00,-1.000000000000000000e+00,-1.000000000000000000e+00,-1.000000000000000000e+00,-1.000000000000000000e+00,-1.000000000000000000e+00,-1.000000000000000000e+00,-1.000000000000000000e+00,-1.000000000000000000e+00,-1.000000000000000000e+00,-1.000000000000000000e+00,-1.000000000000000000e+00,-1.000000000000000000e+00,-1.000000000000000000e+00,-1.000000000000000000e+00,-1.000000000000000000e+00,-1.000000000000000000e+00,-1.000000000000000000e+00,-1.000000000000000000e+00,-1.000000000000000000e+00,-1.000000000000000000e+00,-1.000000000000000000e+00,-1.000000000000000000e+00,-1.000000000000000000e+00,-1.000000000000000000e+00,-1.000000000000000000e+00,-1.000000000000000000e+00,-1.000000000000000000e+00,-1.000000000000000000e+00,-1.000000000000000000e+00,7.423399652682711736e-01,7.573680443317918343e-01,7.726614667242051038e-01,7.805222586988569411e-01,7.806553671944616024e-01,7.762809790668907528e-01,7.725869710765094212e-01,7.753921109750576690e-01,7.896458351174275858e-01,8.178829631884720897e-01,8.588130880287012658e-01,9.062854685380923314e-01,9.492283458748791425e-01,9.741605512144837498e-01,9.741605512015190094e-01,9.492283458372337002e-01,9.062854684558860896e-01,8.588130878615258812e-01,8.178829629047683625e-01,7.896458347039911896e-01,7.753921104568497480e-01,7.725869704876324739e-01,7.762809784326918372e-01,7.806553665222433214e-01,7.805222579870805255e-01,7.726614659726240841e-01,7.573680436373810831e-01,7.423399647627229037e-01,-1.000000000000000000e+00,-1.000000000000000000e+00,-1.000000000000000000e+00,-1.000000000000000000e+00,-1.000000000000000000e+00,-1.000000000000000000e+00,-1.000000000000000000e+00,-1.000000000000000000e+00,-1.000000000000000000e+00,-1.000000000000000000e+00,-1.000000000000000000e+00,-1.000000000000000000e+00,-1.000000000000000000e+00,-1.000000000000000000e+00,-1.000000000000000000e+00,-1.000000000000000000e+00,-1.000000000000000000e+00,-1.000000000000000000e+00,-1.000000000000000000e+00,-1.000000000000000000e+00,-1.000000000000000000e+00,-1.000000000000000000e+00,-1.000000000000000000e+00,-1.000000000000000000e+00,-1.000000000000000000e+00,-1.000000000000000000e+00,-1.000000000000000000e+00,-1.000000000000000000e+00,-1.000000000000000000e+00,-1.000000000000000000e+00,-1.000000000000000000e+00,-1.000000000000000000e+00,-1.000000000000000000e+00,-1.000000000000000000e+00,-1.000000000000000000e+00,-1.000000000000000000e+00,-1.000000000000000000e+00,-1.000000000000000000e+00,-1.000000000000000000e+00,-1.000000000000000000e+00,-1.000000000000000000e+00,-1.000000000000000000e+00,-1.000000000000000000e+00,-1.000000000000000000e+00,-1.000000000000000000e+00,-1.000000000000000000e+00,-1.000000000000000000e+00,-1.000000000000000000e+00,-1.000000000000000000e+00,-1.000000000000000000e+00,-1.000000000000000000e+00,-1.000000000000000000e+00,-1.000000000000000000e+00,-1.000000000000000000e+00
-1.000000000000000000e+00,-1.000000000000000000e+00,-1.000000000000000000e+00,-1.000000000000000000e+00,-1.000000000000000000e+00,-1.000000000000000000e+00,-1.000000000000000000e+00,-1.000000000000000000e+00,-1.000000000000000000e+00,-1.000000000000000000e+00,-1.000000000000000000e+00,-1.000000000000000000e+00,-1.000000000000000000e+00,-1.000000000000000000e+00,-1.000000000000000000e+00,-1.000000000000000000e+00,-1.000000000000000000e+00,-1.000000000000000000e+00,-1.000000000000000000e+00,-1.000000000000000000e+00,-1.000000000000000000e+00,-1.000000000000000000e+00,-1.000000000000000000e+00,-1.000000000000000000e+00,-1.000000000000000000e+00,-1.000000000000000000e+00,-1.000000000000000000e+00,-1.000000000000000000e+00,-1.000000000000000000e+00,-1.000000000000000000e+00,-1.000000000000000000e+00,-1.000000000000000000e+00,-1.000000000000000000e+00,-1.000000000000000000e+00,-1.000000000000000000e+00,-1.000000000000000000e+00,-1.000000000000000000e+00,-1.000000000000000000e+00,-1.000000000000000000e+00,-1.000000000000000000e+00,-1.000000000000000000e+00,-1.000000000000000000e+00,-1.000000000000000000e+00,-1.000000000000000000e+00,-1.000000000000000000e+00,-1.000000000000000000e+00,-1.000000000000000000e+00,-1.000000000000000000e+00,-1.000000000000000000e+00,-1.000000000000000000e+00,-1.000000000000000000e+00,-1.000000000000000000e+00,-1.000000000000000000e+00,-1.000000000000000000e+00,5.966231622581519289e-01,6.342185650900977745e-01,6.653043359806842805e-01,6.825249423349033506e-01,6.887442407987780513e-01,6.893342296468050190e-01,6.905613484141170932e-01,6.985529728806618710e-01,7.181028629627279614e-01,7.513818376789291875e-01,7.967109777081435862e-01,8.476361903107452189e-01,8.929145057229583848e-01,9.190172955153632639e-01,9.190172955075894823e-01,8.929145057064293844e-01,8.476361902680982219e-01,7.967109775926968229e-01,7.513818374573371095e-01,7.181028626114180913e-01,6.985529724126995355e-01,6.905613478508927372e-01,6.893342289979746962e-01,6.887442400793550856e-01,6.825249415541880804e-01,6.653043351519207782e-01,6.342185643043545262e-01,5.966231616404809035e-01,-1.000000000000000000e+00,-1.000000000000000000e+00,-1.000000000000000000e+00,-1.000000000000000000e+00,-1.000000000000000000e+00,-1.000000000000000000e+00,-1.000000000000000000e+00,-1.000000000000000000e+00,-1.000000000000000000e+00,-1.000000000000000000e+00,-1.000000000000000000e+00,-1.000000000000000000e+00,-1.000000000000000000e+00,-1.000000000000000000e+00,-1.000000000000000000e+00,-1.000000000000000000e+00,-1.000000000000000000e+00,-1.000000000000000000e+00,-1.000000000000000000e+00,-1.000000000000000000e+00,-1.000000000000000000e+00,-1.000000000000000000e+00,-1.000000000000000000e+00,-1.000000000000000000e+00,-1.000000000000000000e+00,-1.000000000000000000e+00,-1.000000000000000000e+00,-1.000000000000000000e+00,-1.000000000000000000e+00,-1.000000000000000000e+00,-1.000000000000000000e+00,-1.000000000000000000e+00,-1.000000000000000000e+00,-1.000000000000000000e+00,-1.000000000000000000e+00,-1.000000000000000000e+00,-1.000000000000000000e+00,-1.000000000000000000e+00,-1.000000000000000000e+00,-1.000000000000000000e+00,-1.000000000000000000e+00,-1.000000000000000000e+00,-1.000000000000000000e+00,-1.000000000000000000e+00,-1.000000000000000000e+00,-1.000000000000000000e+00,-1.000000000000000000e+00,-1.000000000000000000e+00,-1.000000000000000000e+00,-1.000000000000000000e+00,-1.000000000000000000e+00,-1.000000000000000000e+00,-1.000000000000000000e+00,-1.000000000000000000e+00
-1.000000000000000000e+00,-1.000000000000000000e+00,-1.000000000000000000e+00,-1.000000000000000000e+00,-1.000000000000000000e+00,-1.000000000000000000e+00,-1.000000000000000000e+00,-1.000000000000000000e+00,-1.000000000000000000e+00,-1.000000000000000000e+00,-1.000000000000000000e+00,-1.000000000000000000e+00,-1.000000000000000000e+00,-1.000000000000000000e+00,-1.000000000000000000e+00,-1.000000000000000000e+00,-1.000000000000000000e+00,-1.000000000000000000e+00,-1.000000000000000000e+00,-1.000000000000000000e+00,-1.000000000000000000e+00,-1.000000000000000000e+00,-1.000000000000000000e+00,-1.000000000000000000e+00,-1.000000000000000000e+00,-1.000000000000000000e+00,-1.000000000000000000e+00,-1.000000000000000000e+00,-1.000000000000000000e+00,-1.000000000000000000e+00,-1.000000000000000000e+00,-1.000000000000000000e+00,-1.000000000000000000e+00,-1.000000000000000000e+00,-1.000000000000000000e+00,-1.000000000000000000e+00,-1.000000000000000000e+00,-1.000000000000000000e+00,-1.000000000000000000e+00,-1.000000000000000000e+00,-1.000000000000000000e+00,-1.000000000000000000e+00,-7.707195880202570848e-01,-7.642883810751148754e-01,-7.448237741195271600e-01,-7.118282667088903226e-01,-6.645262032982586220e-01,-6.019496964393824534e-01,-5.230644524986119981e-01,-4.269225088279288149e-01,-3.127817863873654236e-01,-1.800061369547401036e-01,-2.722077133523870263e-02,1.507857035389064126e-01,3.731329245731387356e-01,4.774065135017098171e-01,5.339382959880623059e-01,5.640438773492169044e-01,5.787795545300604694e-01,5.865295449844778464e-01,5.946985894581746646e-01,6.096548784682280786e-01,6.359843209850037926e-01,6.754779003555975159e-01,7.260802801862438205e-01,7.810626118086458902e-01,8.290473756595406751e-01,8.564953866009208383e-01,8.564953866003861549e-01,8.290473756659513249e-01,7.810626118085826075e-01,7.260802801322299160e-01,6.754779002121054088e-01,6.359843207173685453e-01,6.096548780710013826e-01,5.946985889369400535e-01,5.865295443328919500e-01,5.787795537712252525e-01,5.640438765048789715e-01,5.339382950868543087e-01,4.774065126131668002e-01,3.731329237043401470e-01,1.507857024925152167e-01,-2.722077240755993444e-02,-1.800061379997824895e-01,-3.127817873939550131e-01,-4.269225098513839134e-01,-5.230644535878674617e-01,-6.019496976480638306e-01,-6.645262046196187544e-01,-7.118282681136817169e-01,-7.448237755234963231e-01,-7.642883826088578969e-01,-7.707195895470730918e-01,-1.000000000000000000e+00,-1.000000000000000000e+00,-1.000000000000000000e+00,-1.000000000000000000e+00,-1.000000000000000000e+00,-1.000000000000000000e+00,-1.000000000000000000e+00,-1.000000000000000000e+00,-1.000000000000000000e+00,-1.000000000000000000e+00,-1.000000000000000000e+00,-1.000000000000000000e+00,-1.000000000000000000e+00,-1.000000000000000000e+00,-1.000000000000000000e+00,-1.000000000000000000e+00,-1.000000000000000000e+00,-1.000000000000000000e+00,-1.000000000000000000e+00,-1.000000000000000000e+00,-1.000000000000000000e+00,-1.000000000000000000e+00,-1.000000000000000000e+00,-1.000000000000000000e+00,-1.000000000000000000e+00,-1.000000000000000000e+00,-1.000000000000000000e+00,-1.000000000000000000e+00,-1.000000000000000000e+00,-1.000000000000000000e+00,-1.000000000000000000e+00,-1.000000000000000000e+00,-1.000000000000000000e+00,-1.000000000000000000e+00,-1.000000000000000000e+00,-1.000000000000000000e+00,-1.000000000000000000e+00,-1.000000000000000000e+00,-1.000000000000000000e+00,-1.000000000000000000e+00,-1.000000000000000000e+00,-1.000000000000000000e+00
-1.000000000000000000e+00,-1.000000000000000000e+00,-1.000000000000000000e+00,-1.000000000000000000e+00,-1.000000000000000000e+00,-1.000000000000000000e+00,-1.000000000000000000e+00,-1.000000000000000000e+00,-1.000000000000000000e+00,-1.000000000000000000e+00,-1.000000000000000000e+00,-1.000000000000000000e+00,-1.000000000000000000e+00,-1.000000000000000000e+00,-1.000000000000000000e+00,-1.000000000000000000e+00,-1.000000000000000000e+00,-1.000000000000000000e+00,-1.000000000000000000e+00,-1.000000000000000000e+00,-1.000000000000000000e+00,-1.000000000000000000e+00,-1.000000000000000000e+00,-1.000000000000000000e+00,-1.000000000000000000e+00,-1.000000000000000000e+00,-1.000000000000000000e+00,-1.000000000000000000e+00,-1.000000000000000000e+00,-1.000000000000000000e+00,-1.000000000000000000e+00,-1.000000000000000000e+00,-1.000000000000000000e+00,-1.000000000000000000e+00,-1.000000000000000000e+00,-1.000000000000000000e+00,-1.000000000000000000e+00,-1.000000000000000000e+00,-1.000000000000000000e+00,-1.000000000000000000e+00,-1.000000000000000000e+00,-1.000000000000000000e+00,-7.751663042854877173e-01,-7.689101009732267622e-01,-7.499849538669727256e-01,-7.179381132620090700e-01,-6.720736527100314994e-01,-6.115482379533794255e-01,-5.355175278598964805e-01,-4.433365270536709923e-01,-3.348038779928762532e-01,-2.104267982060722408e-01,-7.174854933287111436e-02,7.765811069373729225e-02,2.268595834825557489e-01,3.291362033160210032e-01,3.937970526510155000e-01,4.326512384709881864e-01,4.557758377919551851e-01,4.718447936673708654e-01,4.884224950945197374e-01,5.117266568619478484e-01,5.459870361239216319e-01,5.925786823936374237e-01,6.490851656349463372e-01,7.085394495543182458e-01,7.594725459101339116e-01,7.883750906448094842e-01,7.883750906554631843e-01,7.594725459433944170e-01,7.085394495986911956e-01,6.490851656500287170e-01,5.925786823420420291e-01,5.459870359609890755e-01,5.117266565595928185e-01,4.884224946393160849e-01,4.718447930390647915e-01,4.557758370187179331e-01,4.326512375828270862e-01,3.937970516936941667e-01,3.291362023437887085e-01,2.268595824716563847e-01,7.765810960693708687e-02,-7.174855048753858711e-02,-2.104267993958749416e-01,-3.348038791911291945e-01,-4.433365282994043977e-01,-5.355175291792662051e-01,-6.115482393970024244e-01,-6.720736542668210856e-01,-7.179381149247916483e-01,-7.499849555088693442e-01,-7.689101027791236387e-01,-7.751663060101404712e-01,-1.000000000000000000e+00,-1.000000000000000000e+00,-1.000000000000000000e+00,-1.000000000000000000e+00,-1.000000000000000000e+00,-1.000000000000000000e+00,-1.000000000000000000e+00,-1.000000000000000000e+00,-1.000000000000000000e+00,-1.000000000000000000e+00,-1.000000000000000000e+00,-1.000000000000000000e+00,-1.000000000000000000e+00,-1.000000000000000000e+00,-1.000000000000000000e+00,-1.000000000000000000e+00,-1.000000000000000000e+00,-1.000000000000000000e+00,-1.000000000000000000e+00,-1.000000000000000000e+00,-1.000000000000000000e+00,-1.000000000000000000e+00,-1.000000000000000000e+00,-1.000000000000000000e+00,-1.000000000000000000e+00,-1.000000000000000000e+00,-1.000000000000000000e+00,-1.000000000000000000e+00,-1.000000000000000000e+00,-1.000000000000000000e+00,-1.000000000000000000e+00,-1.000000000000000000e+00,-1.000000000000000000e+00,-1.000000000000000000e+00,-1.000000000000000000e+00,-1.000000000000000000e+00,-1.000000000000000000e+00,-1.000000000000000000e+00,-1.000000000000000000e+00,-1.000000000000000000e+00,-1.000000000000000000e+00,-1.000000000000000000e+00
-1.000000000000000000e+00,-1.000000000000000000e+00,-1.000000000000000000e+00,-1.000000000000000000e+00,-1.000000000000000000e+00,-1.000000000000000000e+00,-1.000000000000000000e+00,-1.000000000000000000e+00,-1.000000000000000000e+00,-1.000000000000000000e+00,-1.000000000000000000e+00,-1.000000000000000000e+00,-1.000000000000000000e+00,-1.000000000000000000e+00,-1.000000000000000000e+00,-1.000000000000000000e+00,-1.000000000000000000e+00,-1.000000000000000000e+00,-1.000000000000000000e+00,-1.000000000000000000e+00,-1.000000000000000000e+00,-1.000000000000000000e+00,-1.000000000000000000e+00,-1.000000000000000000e+00,-1.000000000000000000e+00,-1.000000000000000000e+00,-1.000000000000000000e+00,-1.000000000000000000e+00,-1.000000000000000000e+00,-1.000000000000000000e+00,-1.000000000000000000e+00,-1.000000000000000000e+00,-1.000000000000000000e+00,-1.000000000000000000e+00,-1.000000000000000000e+00,-1.000000000000000000e+00,-1.000000000000000000e+00,-1.000000000000000000e+00,-1.000000000000000000e+00,-1.000000000000000000e+00,-1.000000000000000000e+00,-1.000000000000000000e+00,-7.837887415858104667e-01,-7.778632035078911766e-01,-7.599554530890320070e-01,-7.296907454516425862e-01,-6.865095023702489918e-01,-6.297741257272386761e-01,-5.589356003370191672e-01,-4.737732075868003045e-01,-3.747211648072090728e-01,-2.633059266419572886e-01,-1.427752174666360174e-01,-1.918467047282113036e-02,9.655976875160976469e-02,1.871665664110744309e-01,2.516349897156315851e-01,2.954060359726569107e-01,3.258243130068276816e-01,3.504056563208088892e-01,3.760532742072471013e-01,4.084277486476721730e-01,4.512297899386543687e-01,5.053674399523493399e-01,5.680699699442601780e-01,6.321629969704283258e-01,6.861244151081338227e-01,7.165109890571006446e-01,7.165109890841840912e-01,6.861244151775374167e-01,6.321629970677022925e-01,5.680699700401392604e-01,5.053674400085221841e-01,4.512297899049904082e-01,4.084277484762921517e-01,3.760532738661002128e-01,3.504056557789452242e-01,3.258243122938935254e-01,2.954060351231426740e-01,2.516349887984694611e-01,1.871665654680223501e-01,9.655976775065222562e-02,-1.918467153171943274e-02,-1.427752185803085050e-01,-2.633059277946278032e-01,-3.747211659851520382e-01,-4.737732088269301922e-01,-5.589356016612776479e-01,-6.297741271702905763e-01,-6.865095039146795752e-01,-7.296907471211560026e-01,-7.599554547420857009e-01,-7.778632053470807550e-01,-7.837887433188545083e-01,-1.000000000000000000e+00,-1.000000000000000000e+00,-1.000000000000000000e+00,-1.000000000000000000e+00,-1.000000000000000000e+00,-1.000000000000000000e+00,-1.000000000000000000e+00,-1.000000000000000000e+00,-1.000000000000000000e+00,-1.000000000000000000e+00,-1.000000000000000000e+00,-1.000000000000000000e+00,-1.000000000000000000e+00,-1.000000000000000000e+00,-1.000000000000000000e+00,-1.000000000000000000e+00,-1.000000000000000000e+00,-1.000000000000000000e+00,-1.000000000000000000e+00,-1.000000000000000000e+00,-1.000000000000000000e+00,-1.000000000000000000e+00,-1.000000000000000000e+00,-1.000000000000000000e+00,-1.000000000000000000e+00,-1.000000000000000000e+00,-1.000000000000000000e+00,-1.000000000000000000e+00,-1.000000000000000000e+00,-1.000000000000000000e+00,-1.000000000000000000e+00,-1.000000000000000000e+00,-1.000000000000000000e+00,-1.000000000000000000e+00,-1.000000000000000000e+00,-1.000000000000000000e+00,-1.000000000000000000e+00,-1.000000000000000000e+00,-1.000000000000000000e+00,-1.000000000000000000e+00,-1.000000000000000000e+00,-1.000000000000000000e+00
-1.000000000000000000e+00,-1.000000000000000000e+00,-1.000000000000000000e+00,-1.000000000000000000e+00,-1.000000000000000000e+00,-1.000000000000000000e+00,-1.000000000000000000e+00,-1.000000000000000000e+00,-1.000000000000000000e+00,-1.000000000000000000e+00,-1.000000000000000000e+00,-1.000000000000000000e+00,-1.000000000000000000e+00,-1.000000000000000000e+00,-1.000000000000000000e+00,-1.000000000000000000e+00,-1.000000000000000000e+00,-1.000000000000000000e+00,-1.000000000000000000e+00,-1.000000000000000000e+00,-1.000000000000000000e+00,-1.000000000000000000e+00,-1.000000000000000000e+00,-1.000000000000000000e+00,-1.000000000000000000e+00,-1.000000000000000000e+00,-1.000000000000000000e+00,-1.000000000000000000e+00,-1.000000000000000000e+00,-1.000000000000000000e+00,-1.000000000000000000e+00,-1.000000000000000000e+00,-1.000000000000000000e+00,-1.000000000000000000e+00,-1.000000000000000000e+00,-1.000000000000000000e+00,-1.000000000000000000e+00,-1.000000000000000000e+00,-1.000000000000000000e+00,-1.000000000000000000e+00,-1.000000000000000000e+00,-1.000000000000000000e+00,-7.960833514525080812e-01,-7.906100261745118152e-01,-7.740898053701416037e-01,-7.462416323832801179e-01,-7.066652406834369460e-01,-6.549519571197479628e-01,-5.908553485800551730e-01,-5.145330268940140339e-01,-4.268675722950240337e-01,-3.298662980424861280e-01,-2.271231779406387430e-01,-1.242688416350585801e-01,-2.905744905837226444e-02,5.032495904081457638e-02,1.118865809649234322e-01,1.583322892785137270e-01,1.948398262996415831e-01,2.274648669136076773e-01,2.620789782818828684e-01,3.035394264721489321e-01,3.548951319274176175e-01,4.165455608130392839e-01,4.853677434449379380e-01,5.540018802666626385e-01,6.109018913270465312e-01,6.427192627850875084e-01,6.427192628273008523e-01,6.109018914316526327e-01,5.540018804155140142e-01,4.853677436160463987e-01,4.165455609652035651e-01,3.548951320086008998e-01,3.035394264215149907e-01,2.620789780545802472e-01,2.274648664721297120e-01,1.948398256684400476e-01,1.583322884825624222e-01,1.118865800844150993e-01,5.032495810071080378e-02,-2.905745008710614030e-02,-1.242688427580990185e-01,-2.271231791581099779e-01,-3.298662993323235870e-01,-4.268675736402957055e-01,-5.145330282909111874e-01,-5.908553500333065811e-01,-6.549519586401669757e-01,-7.066652422424136715e-01,-7.462416340489099742e-01,-7.740898070291126754e-01,-7.906100280543373326e-01,-7.960833532585669392e-01,-1.000000000000000000e+00,-1.000000000000000000e+00,-1.000000000000000000e+00,-1.000000000000000000e+00,-1.000000000000000000e+00,-1.000000000000000000e+00,-1.000000000000000000e+00,-1.000000000000000000e+00,-1.000000000000000000e+00,-1.000000000000000000e+00,-1.000000000000000000e+00,-1.000000000000000000e+00,-1.000000000000000000e+00,-1.000000000000000000e+00,-1.000000000000000000e+00,-1.000000000000000000e+00,-1.000000000000000000e+00,-1.000000000000000000e+00,-1.000000000000000000e+00,-1.000000000000000000e+00,-1.000000000000000000e+00,-1.000000000000000000e+00,-1.000000000000000000e+00,-1.000000000000000000e+00,-1.000000000000000000e+00,-1.000000000000000000e+00,-1.000000000000000000e+00,-1.000000000000000000e+00,-1.000000000000000000e+00,-1.000000000000000000e+00,-1.000000000000000000e+00,-1.000000000000000000e+00,-1.000000000000000000e+00,-1.000000000000000000e+00,-1.000000000000000000e+00,-1.000000000000000000e+00,-1.000000000000000000e+00,-1.000000000000000000e+00,-1.000000000000000000e+00,-1.000000000000000000e+00,-1.000000000000000000e+00,-1.000000000000000000e+00
-1.000000000000000000e+00,-1.000000000000000000e+00,-1.000000000000000000e+00,-1.000000000000000000e+00,-1.000000000000000000e+00,-1.000000000000000000e+00,-1.000000000000000000e+00,-1.000000000000000000e+00,-1.000000000000000000e+00,-1.000000000000000000e+00,-1.000000000000000000e+00,-1.000000000000000000e+00,-1.000000000000000000e+00,-1.000000000000000000e+00,-1.000000000000000000e+00,-1.000000000000000000e+00,-1.000000000000000000e+00,-1.000000000000000000e+00,-1.000000000000000000e+00,-1.000000000000000000e+00,-1.000000000000000000e+00,-1.000000000000000000e+00,-1.000000000000000000e+00,-1.000000000000000000e+00,-1.000000000000000000e+00,-1.000000000000000000e+00,-1.000000000000000000e+00,-1.000000000000000000e+00,-1.000000000000000000e+00,-1.000000000000000000e+00,-1.000000000000000000e+00,-1.000000000000000000e+00,-1.000000000000000000e+00,-1.000000000000000000e+00,-1.000000000000000000e+00,-1.000000000000000000e+00,-1.000000000000000000e+00,-1.000000000000000000e+00,-1.000000000000000000e+00,-1.000000000000000000e+00,-1.000000000000000000e+00,-1.000000000000000000e+00,-8.113809056166962907e-01,-8.064396657410830560e-01,-7.915466318648046729e-01,-7.665131168529953909e-01,-7.310906788850017879e-01,-6.850760730509096730e-01,-6.284677256385822197e-01,-5.616771920460736922e-01,-4.857893736562148845e-01,-4.028439214399085477e-01,-3.160687185827546486e-01,-2.299158107584070576e-01,-1.495989743835530739e-01,-7.965712281940018347e-02,-2.154707214968221152e-02,2.637002678021094226e-02,6.784521952883104667e-02,1.076325921056220380e-01,1.505212993589581938e-01,2.004881027891880496e-01,2.598828047316537049e-01,3.285813993216590845e-01,4.031147287532017565e-01,4.759542515073029723e-01,5.355509893781871256e-01,5.686720933043645232e-01,5.686720933565441172e-01,5.355509895117389618e-01,4.759542517021650987e-01,4.031147289870429251e-01,3.285813995505786345e-01,2.598828049038541810e-01,2.004881028358276307e-01,1.505212992290534402e-01,1.076325917588440984e-01,6.784521898174600274e-02,2.637002604210181289e-02,-2.154707300397562530e-02,-7.965712377384603915e-02,-1.495989754435456121e-01,-2.299158119271316192e-01,-3.160687198597902370e-01,-4.028439228025014751e-01,-4.857893750975056379e-01,-5.616771935302479202e-01,-6.284677271688342559e-01,-6.850760746211618235e-01,-7.310906804334393883e-01,-7.665131184497051553e-01,-7.915466334284392280e-01,-8.064396675567875317e-01,-8.113809073914363124e-01,-1.000000000000000000e+00,-1.000000000000000000e+00,-1.000000000000000000e+00,-1.000000000000000000e+00,-1.000000000000000000e+00,-1.000000000000000000e+00,-1.000000000000000000e+00,-1.000000000000000000e+00,-1.000000000000000000e+00,-1.000000000000000000e+00,-1.000000000000000000e+00,-1.000000000000000000e+00,-1.000000000000000000e+00,-1.000000000000000000e+00,-1.000000000000000000e+00,-1.000000000000000000e+00,-1.000000000000000000e+00,-1.000000000000000000e+00,-1.000000000000000000e+00,-1.000000000000000000e+00,-1.000000000000000000e+00,-1.000000000000000000e+00,-1.000000000000000000e+00,-1.000000000000000000e+00,-1.000000000000000000e+00,-1.000000000000000000e+00,-1.000000000000000000e+00,-1.000000000000000000e+00,-1.000000000000000000e+00,-1.000000000000000000e+00,-1.000000000000000000e+00,-1.000000000000000000e+00,-1.000000000000000000e+00,-1.000000000000000000e+00,-1.000000000000000000e+00,-1.000000000000000000e+00,-1.000000000000000000e+00,-1.000000000000000000e+00,-1.000000000000000000e+00,-1.000000000000000000e+00,-1.000000000000000000e+00,-1.000000000000000000e+00
-1.000000000000000000e+00,-1.000000000000000000e+00,-1.000000000000000000e+00,-1.000000000000000000e+00,-1.000000000000000000e+00,-1.000000000000000000e+00,-1.000000000000000000e+00,-1.000000000000000000e+00,-1.000000000000000000e+00,-1.000000000000000000e+00,-1.000000000000000000e+00,-1.000000000000000000e+00,-1.000000000000000000e+00,-1.000000000000000000e+00,-1.000000000000000000e+00,-1.000000000000000000e+00,-1.000000000000000000e+00,-1.000000000000000000e+00,-1.000000000000000000e+00,-1.000000000000000000e+00,-1.000000000000000000e+00,-1.000000000000000000e+00,-1.000000000000000000e+00,-1.000000000000000000e+00,-1.000000000000000000e+00,-1.000000000000000000e+00,-1.000000000000000000e+00,-1.000000000000000000e+00,-1.000000000000000000e+00,-1.000000000000000000e+00,-1.000000000000000000e+00,-1.000000000000000000e+00,-1.000000000000000000e+00,-1.000000000000000000e+00,-1.000000000000000000e+00,-1.000000000000000000e+00,-1.000000000000000000e+00,-1.000000000000000000e+00,-1.000000000000000000e+00,-1.000000000000000000e+00,-1.000000000000000000e+00,-1.000000000000000000e+00,-8.289261472600484293e-01,-8.245549436297625601e-01,-8.113989466447654175e-01,-7.893484242194436229e-01,-7.582795251091379862e-01,-7.181454690407119701e-01,-6.691069082965431791e-01,-6.116974794985506891e-01,-5.470084779924403451e-01,-4.768544935956431363e-01,-4.038473780349784992e-01,-3.312613124514325325e-01,-2.625387344989896787e-01,-2.003531243171080556e-01,-1.455279397979640787e-01,-9.682817103362661992e-02,-5.141209145321301577e-02,-5.560765860792571402e-03,4.453970680427610240e-02,1.020245499663128275e-01,1.685633380807829429e-01,2.435245499390921164e-01,3.231093007470189349e-01,3.996370619157387782e-01,4.615726095612657787e-01,4.958141525959389728e-01,4.958141526592281245e-01,4.615726097309755804e-01,3.996370621634788289e-01,3.231093010413996769e-01,2.435245502367924253e-01,1.685633383311229139e-01,1.020245500953818052e-01,4.453970676101381976e-02,-5.560766118133164682e-03,-5.141209191820306224e-02,-9.682817170286217578e-02,-1.455279406164741163e-01,-2.003531252828572029e-01,-2.625387355985530080e-01,-3.312613136856228380e-01,-4.038473793987229499e-01,-4.768544950507624947e-01,-5.470084795284465562e-01,-6.116974810496067505e-01,-6.691069098586747144e-01,-7.181454706151424450e-01,-7.582795266465814921e-01,-7.893484257801471893e-01,-8.113989481274765936e-01,-8.245549453472724721e-01,-8.289261489279727835e-01,-1.000000000000000000e+00,-1.000000000000000000e+00,-1.000000000000000000e+00,-1.000000000000000000e+00,-1.000000000000000000e+00,-1.000000000000000000e+00,-1.000000000000000000e+00,-1.000000000000000000e+00,-1.000000000000000000e+00,-1.000000000000000000e+00,-1.000000000000000000e+00,-1.000000000000000000e+00,-1.000000000000000000e+00,-1.000000000000000000e+00,-1.000000000000000000e+00,-1.000000000000000000e+00,-1.000000000000000000e+00,-1.000000000000000000e+00,-1.000000000000000000e+00,-1.000000000000000000e+00,-1.000000000000000000e+00,-1.000000000000000000e+00,-1.000000000000000000e+00,-1.000000000000000000e+00,-1.000000000000000000e+00,-1.000000000000000000e+00,-1.000000000000000000e+00,-1.000000000000000000e+00,-1.000000000000000000e+00,-1.000000000000000000e+00,-1.000000000000000000e+00,-1.000000000000000000e+00,-1.000000000000000000e+00,-1.000000000000000000e+00,-1.000000000000000000e+00,-1.000000000000000000e+00,-1.000000000000000000e+00,-1.000000000000000000e+00,-1.000000000000000000e+00,-1.000000000000000000e+00,-1.000000000000000000e+00,-1.000000000000000000e+00
-1.000000000000000000e+00,-1.000000000000000000e+00,-1.000000000000000000e+00,-1.000000000000000000e+00,-1.000000000000000000e+00,-1.000000000000000000e+00,-1.000000000000000000e+00,-1.000000000000000000e+00,-1.000000000000000000e+00,-1.000000000000000000e+00,-1.000000000000000000e+00,-1.000000000000000000e+00,-1.000000000000000000e+00,-1.000000000000000000e+00,-1.000000000000000000e+00,-1.000000000000000000e+00,-1.000000000000000000e+00,-1.000000000000000000e+00,-1.000000000000000000e+00,-1.000000000000000000e+00,-1.000000000000000000e+00,-1.000000000000000000e+00,-1.000000000000000000e+00,-1.000000000000000000e+00,-1.000000000000000000e+00,-1.000000000000000000e+00,-1.000000000000000000e+00,-1.000000000000000000e+00,-1.000000000000000000e+00,-1.000000000000000000e+00,-1.000000000000000000e+00,-1.000000000000000000e+00,-1.000000000000000000e+00,-1.000000000000000000e+00,-1.000000000000000000e+00,-1.000000000000000000e+00,-1.000000000000000000e+00,-1.000000000000000000e+00,-1.000000000000000000e+00,-1.000000000000000000e+00,-1.000000000000000000e+00,-1.000000000000000000e+00,-8.479546678869757104e-01,-8.441548393937211570e-01,-8.327337453154077807e-01,-8.136412126542766909e-01,-7.868426110045608768e-01,-7.523922138552031624e-01,-7.105332916972453283e-01,-6.618165535970383928e-01,-6.072176606494030793e-01,-5.482179290895464741e-01,-4.867922110708827743e-01,-4.252333373400294381e-01,-3.657563077465946222e-01,-3.099098620235050117e-01,-2.580109430817725258e-01,-2.089741870317537442e-01,-1.605455243139377597e-01,-1.097915068082619960e-01,-5.371129617998238182e-02,1.008897144289178094e-02,8.266188309925648348e-02,1.629101716131153843e-01,2.467339119470410846e-01,3.263211393513698599e-01,3.901660770499764119e-01,4.253102391386003323e-01,4.253102392116194785e-01,3.901660772504593755e-01,3.263211396367056150e-01,2.467339122742744362e-01,1.629101719408516669e-01,8.266188337725988156e-02,1.008897159894517337e-02,-5.371129618566516939e-02,-1.097915070089446887e-01,-1.605455247171150290e-01,-2.089741876329488379e-01,-2.580109438490187923e-01,-3.099098629709486907e-01,-3.657563088442330468e-01,-4.252333385841806646e-01,-4.867922124615343682e-01,-5.482179305807732828e-01,-6.072176622419176439e-01,-6.618165552166397347e-01,-7.105332932977501681e-01,-7.523922154095490367e-01,-7.868426124988054937e-01,-8.136412141773844420e-01,-8.327337467508050262e-01,-8.441548410548220804e-01,-8.479546694792692296e-01,-1.000000000000000000e+00,-1.000000000000000000e+00,-1.000000000000000000e+00,-1.000000000000000000e+00,-1.000000000000000000e+00,-1.000000000000000000e+00,-1.000000000000000000e+00,-1.000000000000000000e+00,-1.000000000000000000e+00,-1.000000000000000000e+00,-1.000000000000000000e+00,-1.000000000000000000e+00,-1.000000000000000000e+00,-1.000000000000000000e+00,-1.000000000000000000e+00,-1.000000000000000000e+00,-1.000000000000000000e+00,-1.000000000000000000e+00,-1.000000000000000000e+00,-1.000000000000000000e+00,-1.000000000000000000e+00,-1.000000000000000000e+00,-1.000000000000000000e+00,-1.000000000000000000e+00,-1.000000000000000000e+00,-1.000000000000000000e+00,-1.000000000000000000e+00,-1.000000000000000000e+00,-1.000000000000000000e+00,-1.000000000000000000e+00,-1.000000000000000000e+00,-1.000000000000000000e+00,-1.000000000000000000e+00,-1.000000000000000000e+00,-1.000000000000000000e+00,-1.000000000000000000e+00,-1.000000000000000000e+00,-1.000000000000000000e+00,-1.000000000000000000e+00,-1.000000000000000000e+00,-1.000000000000000000e+00,-1.000000000000000000e+00
-1.000000000000000000e+00,-1.000000000000000000e+00,-1.000000000000000000e+00,-1.000000000000000000e+00,-1.000000000000000000e+00,-1.000000000000000000e+00,-1.000000000000000000e+00,-1.000000000000000000e+00,-1.000000000000000000e+00,-1.000000000000000000e+00,-1.000000000000000000e+00,-1.000000000000000000e+00,-1.000000000000000000e+00,-1.000000000000000000e+00,-1.000000000000000000e+00,-1.000000000000000000e+00,-1.000000000000000000e+00,-1.000000000000000000e+00,-1.000000000000000000e+00,-1.000000000000000000e+00,-1.000000000000000000e+00,-1.000000000000000000e+00,-1.000000000000000000e+00,-1.000000000000000000e+00,-1.000000000000000000e+00,-1.000000000000000000e+00,-1.000000000000000000e+00,-1.000000000000000000e+00,-1.000000000000000000e+00,-1.000000000000000000e+00,-1.000000000000000000e+00,-1.000000000000000000e+00,-1.000000000000000000e+00,-1.000000000000000000e+00,-1.000000000000000000e+00,-1.000000000000000000e+00,-1.000000000000000000e+00,-1.000000000000000000e+00,-1.000000000000000000e+00,-1.000000000000000000e+00,-1.000000000000000000e+00,-1.000000000000000000e+00,-8.677556965526614929e-01,-8.645003626493964477e-01,-8.547269077687760230e-01,-8.384244825914433097e-01,-8.156129722569298579e-01,-7.863980353310517923e-01,-7.510425281845802825e-01,-7.100445431892782322e-01,-6.642041368204674168e-01,-6.146505376596220760e-01,-5.627926951242558928e-01,-5.101564833889433714e-01,-4.580950363786672197e-01,-4.074176783543135283e-01,-3.580675597124066689e-01,-3.090124016028600318e-01,-2.583881485452803606e-01,-2.038451409290765737e-01,-1.430307096865124361e-01,-7.417037592657527156e-02,3.257282260458183032e-03,8.774776063469680309e-02,1.749389786510131550e-01,2.569129708249568989e-01,3.222100949027939532e-01,3.580259473753464317e-01,3.580259474502114347e-01,3.222100951112765177e-01,2.569129711168445240e-01,1.749389789770849912e-01,8.774776095108682838e-02,3.257282516793580385e-03,-7.417037579398233493e-02,-1.430307097061627175e-01,-2.038451411159638571e-01,-2.583881489153142530e-01,-3.090124021527619336e-01,-3.580675604337691942e-01,-4.074176792843343664e-01,-4.580950374795363933e-01,-5.101564846411148491e-01,-5.627926965219833821e-01,-6.146505391317433897e-01,-6.642041383654462283e-01,-7.100445447630927553e-01,-7.510425297489674579e-01,-7.863980368441629842e-01,-8.156129737092934207e-01,-8.384244840836971857e-01,-8.547269091834530652e-01,-8.645003642743462891e-01,-8.677556980933542885e-01,-1.000000000000000000e+00,-1.000000000000000000e+00,-1.000000000000000000e+00,-1.000000000000000000e+00,-1.000000000000000000e+00,-1.000000000000000000e+00,-1.000000000000000000e+00,-1.000000000000000000e+00,-1.000000000000000000e+00,-1.000000000000000000e+00,-1.000000000000000000e+00,-1.000000000000000000e+00,-1.000000000000000000e+00,-1.000000000000000000e+00,-1.000000000000000000e+00,-1.000000000000000000e+00,-1.000000000000000000e+00,-1.000000000000000000e+00,-1.000000000000000000e+00,-1.000000000000000000e+00,-1.000000000000000000e+00,-1.000000000000000000e+00,-1.000000000000000000e+00,-1.000000000000000000e+00,-1.000000000000000000e+00,-1.000000000000000000e+00,-1.000000000000000000e+00,-1.000000000000000000e+00,-1.000000000000000000e+00,-1.000000000000000000e+00,-1.000000000000000000e+00,-1.000000000000000000e+00,-1.000000000000000000e+00,-1.000000000000000000e+00,-1.000000000000000000e+00,-1.000000000000000000e+00,-1.000000000000000000e+00,-1.000000000000000000e+00,-1.000000000000000000e+00,-1.000000000000000000e+00,-1.000000000000000000e+00,-1.000000000000000000e+00
-1.000000000000000000e+00,-1.000000000000000000e+00,-1.000000000000000000e+00,-1.000000000000000000e+00,-1.000000000000000000e+00,-1.000000000000000000e+00,-1.000000000000000000e+00,-1.000000000000000000e+00,-1.000000000000000000e+00,-1.000000000000000000e+00,-1.000000000000000000e+00,-1.000000000000000000e+00,-1.000000000000000000e+00,-1.000000000000000000e+00,-1.000000000000000000e+00,-1.000000000000000000e+00,-1.000000000000000000e+00,-1.000000000000000000e+00,-1.000000000000000000e+00,-1.000000000000000000e+00,-1.000000000000000000e+00,-1.000000000000000000e+00,-1.000000000000000000e+00,-1.000000000000000000e+00,-1.000000000000000000e+00,-1.000000000000000000e+00,-1.000000000000000000e+00,-1.000000000000000000e+00,-1.000000000000000000e+00,-1.000000000000000000e+00,-1.000000000000000000e+00,-1.000000000000000000e+00,-1.000000000000000000e+00,-1.000000000000000000e+00,-1.000000000000000000e+00,-1.000000000000000000e+00,-1.000000000000000000e+00,-1.000000000000000000e+00,-1.000000000000000000e+00,-1.000000000000000000e+00,-1.000000000000000000e+00,-1.000000000000000000e+00,-8.877152169441165919e-01,-8.849584878969373181e-01,-8.766890442369633663e-01,-8.629175883265537417e-01,-8.436895141754778837e-01,-8.191235044654592290e-01,-7.894589101743160198e-01,-7.551027421672417139e-01,-7.166617413897395927e-01,-6.749395794382516689e-01,-6.308768108685793852e-01,-5.854169225267817911e-01,-5.393017038134444441e-01,-4.928348411849889921e-01,-4.456911443004573092e-01,-3.968561317528781496e-01,-3.447319460130746638e-01,-2.873990673676243279e-01,-2.230075985990789267e-01,-1.502820672474762809e-01,-6.914037851695031822e-02,1.857171753178432638e-02,1.082750302157222677e-01,1.919748687821658528e-01,2.582757310468442036e-01,2.945372829599091080e-01,2.945372830276096199e-01,2.582757312379306835e-01,1.919748690492084631e-01,1.082750305078341579e-01,1.857171779689981150e-02,-6.914037832312691645e-02,-1.502820671687983278e-01,-2.230075986620912998e-01,-2.873990675710622611e-01,-3.447319463679390239e-01,-3.968561322574104544e-01,-4.456911449613172316e-01,-4.928348420609864888e-01,-5.393017048779646938e-01,-5.854169237549002869e-01,-6.308768122646706278e-01,-6.749395809191274243e-01,-7.166617429165056397e-01,-7.551027436901984746e-01,-7.894589116858227174e-01,-8.191235059532901985e-01,-8.436895156169873511e-01,-8.629175898037988457e-01,-8.766890456514593311e-01,-8.849584894781326039e-01,-8.877152184308433336e-01,-1.000000000000000000e+00,-1.000000000000000000e+00,-1.000000000000000000e+00,-1.000000000000000000e+00,-1.000000000000000000e+00,-1.000000000000000000e+00,-1.000000000000000000e+00,-1.000000000000000000e+00,-1.000000000000000000e+00,-1.000000000000000000e+00,-1.000000000000000000e+00,-1.000000000000000000e+00,-1.000000000000000000e+00,-1.000000000000000000e+00,-1.000000000000000000e+00,-1.000000000000000000e+00,-1.000000000000000000e+00,-1.000000000000000000e+00,-1.000000000000000000e+00,-1.000000000000000000e+00,-1.000000000000000000e+00,-1.000000000000000000e+00,-1.000000000000000000e+00,-1.000000000000000000e+00,-1.000000000000000000e+00,-1.000000000000000000e+00,-1.000000000000000000e+00,-1.000000000000000000e+00,-1.000000000000000000e+00,-1.000000000000000000e+00,-1.000000000000000000e+00,-1.000000000000000000e+00,-1.000000000000000000e+00,-1.000000000000000000e+00,-1.000000000000000000e+00,-1.000000000000000000e+00,-1.000000000000000000e+00,-1.000000000000000000e+00,-1.000000000000000000e+00,-1.000000000000000000e+00,-1.000000000000000000e+00,-1.000000000000000000e+00
-1.000000000000000000e+00,-1.000000000000000000e+00,-1.000000000000000000e+00,-1.000000000000000000e+00,-1.000000000000000000e+00,-1.000000000000000000e+00,-1.000000000000000000e+00,-1.000000000000000000e+00,-1.000000000000000000e+00,-1.000000000000000000e+00,-1.000000000000000000e+00,-1.000000000000000000e+00,-1.000000000000000000e+00,-1.000000000000000000e+00,-1.000000000000000000e+00,-1.000000000000000000e+00,-1.000000000000000000e+00,-1.000000000000000000e+00,-1.000000000000000000e+00,-1.000000000000000000e+00,-1.000000000000000000e+00,-1.000000000000000000e+00,-1.000000000000000000e+00,-1.000000000000000000e+00,-1.000000000000000000e+00,-1.000000000000000000e+00,-1.000000000000000000e+00,-1.000000000000000000e+00,-1.000000000000000000e+00,-1.000000000000000000e+00,-1.000000000000000000e+00,-1.000000000000000000e+00,-1.000000000000000000e+00,-1.000000000000000000e+00,-1.000000000000000000e+00,-1.000000000000000000e+00,-1.000000000000000000e+00,-1.000000000000000000e+00,-1.000000000000000000e+00,-1.000000000000000000e+00,-1.000000000000000000e+00,-1.000000000000000000e+00,-9.073389076401878750e-01,-9.050243191129759834e-01,-8.980847674781297085e-01,-8.865387254294034847e-01,-8.704356580138796762e-01,-8.498811818666653917e-01,-8.250659220481610934e-01,-7.962904463192186366e-01,-7.639754856011288231e-01,-7.286443257398877993e-01,-6.908648883316144129e-01,-6.511454248835465419e-01,-6.097920724763532530e-01,-5.667572358598290672e-01,-5.215261920955773789e-01,-4.730910508874486275e-01,-4.200405676040146474e-01,-3.607715004617887411e-01,-2.938173820568541483e-01,-2.182945279212323841e-01,-1.344728418310021656e-01,-4.447324038817646041e-02,4.695483026751468003e-02,1.317709311194634747e-01,1.986622403301794293e-01,2.351615957071004903e-01,2.351615957591857153e-01,1.986622404796285490e-01,1.317709313313977226e-01,4.695483049735860170e-02,-4.447324019913501125e-02,-1.344728417197648129e-01,-2.182945279103487568e-01,-2.938173821779297423e-01,-3.607715007075126268e-01,-4.200405679762158062e-01,-4.730910513890670410e-01,-5.215261927369048145e-01,-5.667572367022581936e-01,-6.097920735018598215e-01,-6.511454260493445556e-01,-6.908648896433231545e-01,-7.286443271439742020e-01,-7.639754870629360539e-01,-7.962904477706480577e-01,-8.250659234782872220e-01,-8.498811832945473155e-01,-8.704356594187913077e-01,-8.865387268821092182e-01,-8.980847689233693032e-01,-9.050243206801663609e-01,-9.073389091170604992e-01,-1.000000000000000000e+00,-1.000000000000000000e+00,-1.000000000000000000e+00,-1.000000000000000000e+00,-1.000000000000000000e+00,-1.000000000000000000e+00,-1.000000000000000000e+00,-1.000000000000000000e+00,-1.000000000000000000e+00,-1.000000000000000000e+00,-1.000000000000000000e+00,-1.000000000000000000e+00,-1.000000000000000000e+00,-1.000000000000000000e+00,-1.000000000000000000e+00,-1.000000000000000000e+00,-1.000000000000000000e+00,-1.000000000000000000e+00,-1.000000000000000000e+00,-1.000000000000000000e+00,-1.000000000000000000e+00,-1.000000000000000000e+00,-1.000000000000000000e+00,-1.000000000000000000e+00,-1.000000000000000000e+00,-1.000000000000000000e+00,-1.000000000000000000e+00,-1.000000000000000000e+00,-1.000000000000000000e+00,-1.000000000000000000e+00,-1.000000000000000000e+00,-1.000000000000000000e+00,-1.000000000000000000e+00,-1.000000000000000000e+00,-1.000000000000000000e+00,-1.000000000000000000e+00,-1.000000000000000000e+00,-1.000000000000000000e+00,-1.000000000000000000e+00,-1.000000000000000000e+00,-1.000000000000000000e+00,-1.000000000000000000e+00
-1.000000000000000000e+00,-1.000000000000000000e+00,-1.000000000000000000e+00,-1.000000000000000000e+00,-1.000000000000000000e+00,-1.000000000000000000e+00,-1.000000000000000000e+00,-1.000000000000000000e+00,-1.000000000000000000e+00,-1.000000000000000000e+00,-1.000000000000000000e+00,-1.000000000000000000e+00,-1.000000000000000000e+00,-1.000000000000000000e+00,-1.000000000000000000e+00,-1.000000000000000000e+00,-1.000000000000000000e+00,-1.000000000000000000e+00,-1.000000000000000000e+00,-1.000000000000000000e+00,-1.000000000000000000e+00,-1.000000000000000000e+00,-1.000000000000000000e+00,-1.000000000000000000e+00,-1.000000000000000000e+00,-1.000000000000000000e+00,-1.000000000000000000e+00,-1.000000000000000000e+00,-1.000000000000000000e+00,-1.000000000000000000e+00,-1.000000000000000000e+00,-1.000000000000000000e+00,-1.000000000000000000e+00,-1.000000000000000000e+00,-1.000000000000000000e+00,-1.000000000000000000e+00,-1.000000000000000000e+00,-1.000000000000000000e+00,-1.000000000000000000e+00,-1.000000000000000000e+00,-1.000000000000000000e+00,-1.000000000000000000e+00,-9.262578022050081961e-01,-9.243251235266850552e-01,-9.185314134731025204e-01,-9.088933601694124675e-01,-8.954504386658008741e-01,-8.782798423824232925e-01,-8.575119828213157991e-01,-8.333407213294763416e-01,-8.060208163932880421e-01,-7.758444548080122294e-01,-7.430904741460957474e-01,-7.079453386701517470e-01,-6.704045890250245332e-01,-6.301755542089874096e-01,-5.866116681243793707e-01,-5.387097152789566135e-01,-4.851926493367413329e-01,-4.246902756774318943e-01,-3.560255513362146074e-01,-2.786166515662644727e-01,-1.930081703065034127e-01,-1.015349346525430407e-01,-9.071589135931090730e-03,7.632606486862236750e-02,1.434457314500872105e-01,1.800011603768116863e-01,1.800011604044038371e-01,1.434457315324790816e-01,7.632606499169680703e-02,-9.071588997721868886e-03,-1.015349345524425573e-01,-1.930081702801732524e-01,-2.786166516270602855e-01,-3.560255515183488040e-01,-4.246902759726455256e-01,-4.851926497389739135e-01,-5.387097157951378223e-01,-5.866116687613591729e-01,-6.301755550206882273e-01,-6.704045900165986893e-01,-7.079453397944273085e-01,-7.430904753787546113e-01,-7.758444561006097029e-01,-8.060208177456045231e-01,-8.333407227003070128e-01,-8.575119841916584162e-01,-8.782798437763920107e-01,-8.954504400610117099e-01,-9.088933616073615607e-01,-9.185314149348895452e-01,-9.243251250414026288e-01,-9.262578036495371370e-01,-1.000000000000000000e+00,-1.000000000000000000e+00,-1.000000000000000000e+00,-1.000000000000000000e+00,-1.000000000000000000e+00,-1.000000000000000000e+00,-1.000000000000000000e+00,-1.000000000000000000e+00,-1.000000000000000000e+00,-1.000000000000000000e+00,-1.000000000000000000e+00,-1.000000000000000000e+00,-1.000000000000000000e+00,-1.000000000000000000e+00,-1.000000000000000000e+00,-1.000000000000000000e+00,-1.000000000000000000e+00,-1.000000000000000000e+00,-1.000000000000000000e+00,-1.000000000000000000e+00,-1.000000000000000000e+00,-1.000000000000000000e+00,-1.000000000000000000e+00,-1.000000000000000000e+00,-1.000000000000000000e+00,-1.000000000000000000e+00,-1.000000000000000000e+00,-1.000000000000000000e+00,-1.000000000000000000e+00,-1.000000000000000000e+00,-1.000000000000000000e+00,-1.000000000000000000e+00,-1.000000000000000000e+00,-1.000000000000000000e+00,-1.000000000000000000e+00,-1.000000000000000000e+00,-1.000000000000000000e+00,-1.000000000000000000e+00,-1.000000000000000000e+00,-1.000000000000000000e+00,-1.000000000000000000e+00,-1.000000000000000000e+00
-1.000000000000000000e+00,-1.000000000000000000e+00,-1.000000000000000000e+00,-1.000000000000000000e+00,-1.000000000000000000e+00,-1.000000000000000000e+00,-1.000000000000000000e+00,-1.000000000000000000e+00,-1.000000000000000000e+00,-1.000000000000000000e+00,-1.000000000000000000e+00,-1.000000000000000000e+00,-1.000000000000000000e+00,-1.000000000000000000e+00,-1.000000000000000000e+00,-1.000000000000000000e+00,-1.000000000000000000e+00,-1.000000000000000000e+00,-1.000000000000000000e+00,-1.000000000000000000e+00,-1.000000000000000000e+00,-1.000000000000000000e+00,-1.000000000000000000e+00,-1.000000000000000000e+00,-1.000000000000000000e+00,-1.000000000000000000e+00,-1.000000000000000000e+00,-1.000000000000000000e+00,-1.000000000000000000e+00,-1.000000000000000000e+00,-1.000000000000000000e+00,-1.000000000000000000e+00,-1.000000000000000000e+00,-1.000000000000000000e+00,-1.000000000000000000e+00,-1.000000000000000000e+00,-1.000000000000000000e+00,-1.000000000000000000e+00,-1.000000000000000000e+00,-1.000000000000000000e+00,-1.000000000000000000e+00,-1.000000000000000000e+00,-9.442211775402762353e-01,-9.426113388769051804e-01,-9.377841405001415831e-01,-9.297486478424388245e-01,-9.185264216498726375e-01,-9.041591093494861786e-01,-8.867148420209448600e-01,-8.662892334757404944e-01,-8.429960144523419574e-01,-8.169425444971375461e-01,-7.881873495393458828e-01,-7.566810221160802374e-01,-7.221982051612326758e-01,-6.842756262068427908e-01,-6.421766541605282708e-01,-5.949040767447513200e-01,-5.412797585885544827e-01,-4.801060811183660570e-01,-4.104231936597509955e-01,-3.318785270299230428e-01,-2.452261020418404769e-01,-1.529608727207575347e-01,-6.004187044223241454e-02,2.548767212464375653e-02,9.253197104355170843e-02,1.289915502153566873e-01,1.289915502169456385e-01,9.253197105458621508e-02,2.548767215218261661e-02,-6.004187040087538563e-02,-1.529608727018092473e-01,-2.452261020824405557e-01,-3.318785271462402209e-01,-4.104231938869036256e-01,-4.801060814585852432e-01,-5.412797590373437107e-01,-5.949040773054832254e-01,-6.421766548234759675e-01,-6.842756269907668276e-01,-7.221982060809339909e-01,-7.566810231579069734e-01,-7.881873506848972033e-01,-8.169425456869612301e-01,-8.429960156904404700e-01,-8.662892347604524979e-01,-8.867148433420386500e-01,-9.041591107244929537e-01,-9.185264230511839267e-01,-9.297486492658519897e-01,-9.377841419541746992e-01,-9.426113403176268335e-01,-9.442211789518115683e-01,-1.000000000000000000e+00,-1.000000000000000000e+00,-1.000000000000000000e+00,-1.000000000000000000e+00,-1.000000000000000000e+00,-1.000000000000000000e+00,-1.000000000000000000e+00,-1.000000000000000000e+00,-1.000000000000000000e+00,-1.000000000000000000e+00,-1.000000000000000000e+00,-1.000000000000000000e+00,-1.000000000000000000e+00,-1.000000000000000000e+00,-1.000000000000000000e+00,-1.000000000000000000e+00,-1.000000000000000000e+00,-1.000000000000000000e+00,-1.000000000000000000e+00,-1.000000000000000000e+00,-1.000000000000000000e+00,-1.000000000000000000e+00,-1.000000000000000000e+00,-1.000000000000000000e+00,-1.000000000000000000e+00,-1.000000000000000000e+00,-1.000000000000000000e+00,-1.000000000000000000e+00,-1.000000000000000000e+00,-1.000000000000000000e+00,-1.000000000000000000e+00,-1.000000000000000000e+00,-1.000000000000000000e+00,-1.000000000000000000e+00,-1.000000000000000000e+00,-1.000000000000000000e+00,-1.000000000000000000e+00,-1.000000000000000000e+00,-1.000000000000000000e+00,-1.000000000000000000e+00,-1.000000000000000000e+00,-1.000000000000000000e+00
-1.000000000000000000e+00,-1.000000000000000000e+00,-1.000000000000000000e+00,-1.000000000000000000e+00,-1.000000000000000000e+00,-1.000000000000000000e+00,-1.000000000000000000e+00,-1.000000000000000000e+00,-1.000000000000000000e+00,-1.000000000000000000e+00,-1.000000000000000000e+00,-1.000000000000000000e+00,-1.000000000000000000e+00,-1.000000000000000000e+00,-1.000000000000000000e+00,-1.000000000000000000e+00,-1.000000000000000000e+00,-1.000000000000000000e+00,-1.000000000000000000e+00,-1.000000000000000000e+00,-1.000000000000000000e+00,-1.000000000000000000e+00,-1.000000000000000000e+00,-1.000000000000000000e+00,-1.000000000000000000e+00,-1.000000000000000000e+00,-1.000000000000000000e+00,-1.000000000000000000e+00,-1.000000000000000000e+00,-1.000000000000000000e+00,-1.000000000000000000e+00,-1.000000000000000000e+00,-1.000000000000000000e+00,-1.000000000000000000e+00,-1.000000000000000000e+00,-1.000000000000000000e+00,-1.000000000000000000e+00,-1.000000000000000000e+00,-1.000000000000000000e+00,-1.000000000000000000e+00,-1.000000000000000000e+00,-1.000000000000000000e+00,-9.610814051619227527e-01,-9.597396709957395355e-01,-9.557136444032837685e-01,-9.490018262635273594e-01,-9.396045039562080925e-01,-9.275263454180753264e-01,-9.127769178394102845e-01,-8.953662568926546994e-01,-8.752923673101504765e-01,-8.525180726727575875e-01,-8.269363318091261794e-01,-7.983262229866181503e-01,-7.663060495738795996e-01,-7.302946008360270413e-01,-6.894951972909791893e-01,-6.429187296257734552e-01,-5.894617234833581243e-01,-5.280552537806874058e-01,-4.579019811479073665e-01,-3.788214284963116185e-01,-2.917237482196206599e-01,-1.992186623326112072e-01,-1.063143347923487525e-01,-2.101715905308954024e-02,4.570689615713341425e-02,8.194876991108168696e-02,8.194876989015331681e-02,4.570689610664779856e-02,-2.101715910992774106e-02,-1.063143348407681321e-01,-1.992186623865717099e-01,-2.917237483129163644e-01,-3.788214286499954619e-01,-4.579019813960109042e-01,-5.280552541447274262e-01,-5.894617239686629206e-01,-6.429187302319709918e-01,-6.894951980071897246e-01,-7.302946016458845557e-01,-7.663060504565362141e-01,-7.983262239326126553e-01,-8.269363328352516973e-01,-8.525180737475043236e-01,-8.752923684335081056e-01,-8.953662580862430387e-01,-9.127769191060317588e-01,-9.275263467655474603e-01,-9.396045053578729878e-01,-9.490018276790946894e-01,-9.557136458647252919e-01,-9.597396723951666653e-01,-9.610814065732257161e-01,-1.000000000000000000e+00,-1.000000000000000000e+00,-1.000000000000000000e+00,-1.000000000000000000e+00,-1.000000000000000000e+00,-1.000000000000000000e+00,-1.000000000000000000e+00,-1.000000000000000000e+00,-1.000000000000000000e+00,-1.000000000000000000e+00,-1.000000000000000000e+00,-1.000000000000000000e+00,-1.000000000000000000e+00,-1.000000000000000000e+00,-1.000000000000000000e+00,-1.000000000000000000e+00,-1.000000000000000000e+00,-1.000000000000000000e+00,-1.000000000000000000e+00,-1.000000000000000000e+00,-1.000000000000000000e+00,-1.000000000000000000e+00,-1.000000000000000000e+00,-1.000000000000000000e+00,-1.000000000000000000e+00,-1.000000000000000000e+00,-1.000000000000000000e+00,-1.000000000000000000e+00,-1.000000000000000000e+00,-1.000000000000000000e+00,-1.000000000000000000e+00,-1.000000000000000000e+00,-1.000000000000000000e+00,-1.000000000000000000e+00,-1.000000000000000000e+00,-1.000000000000000000e+00,-1.000000000000000000e+00,-1.000000000000000000e+00,-1.000000000000000000e+00,-1.000000000000000000e+00,-1.000000000000000000e+00,-1.000000000000000000e+00
-1.000000000000000000e+00,-1.000000000000000000e+00,-1.000000000000000000e+00,-1.000000000000000000e+00,-1.000000000000000000e+00,-1.000000000000000000e+00,-1.000000000000000000e+00,-1.000000000000000000e+00,-1.000000000000000000e+00,-1.000000000000000000e+00,-1.000000000000000000e+00,-1.000000000000000000e+00,-1.000000000000000000e+00,-1.000000000000000000e+00,-1.000000000000000000e+00,-1.000000000000000000e+00,-1.000000000000000000e+00,-1.000000000000000000e+00,-1.000000000000000000e+00,-1.000000000000000000e+00,-1.000000000000000000e+00,-1.000000000000000000e+00,-1.000000000000000000e+00,-1.000000000000000000e+00,-1.000000000000000000e+00,-1.000000000000000000e+00,-1.000000000000000000e+00,-1.000000000000000000e+00,-1.000000000000000000e+00,-1.000000000000000000e+00,-1.000000000000000000e+00,-1.000000000000000000e+00,-1.000000000000000000e+00,-1.000000000000000000e+00,-1.000000000000000000e+00,-1.000000000000000000e+00,-1.000000000000000000e+00,-1.000000000000000000e+00,-1.000000000000000000e+00,-1.000000000000000000e+00,-1.000000000000000000e+00,-1.000000000000000000e+00,-9.767748816011799784e-01,-9.756525883165259039e-01,-9.722813211717824533e-01,-9.666481189174680466e-01,-9.587317134475003000e-01,-9.485018935247607752e-01,-9.359164421016635815e-01,-9.209137789975695432e-01,-9.033994651341540338e-01,-8.832253392797093650e-01,-8.601614549626519501e-01,-8.338632332069824127e-01,-8.038391596117997473e-01,-7.694274539401501078e-01,-7.297928046700130622e-01,-6.839561193876884104e-01,-6.308715834981872828e-01,-5.695670518121948023e-01,-4.993666519487244271e-01,-4.202177439837221362e-01,-3.331441258934707550e-01,-2.408332066830993767e-01,-1.483129972131820296e-01,-6.353300217589463728e-02,2.680841347023843468e-03,3.861121258327937511e-02,3.861121254722443830e-02,2.680841254460775147e-03,-6.353300229397562671e-02,-1.483129973338838115e-01,-2.408332068005476501e-01,-3.331441260336682753e-01,-4.202177441718126794e-01,-4.993666522140151054e-01,-5.695670521898037464e-01,-6.308715839993477292e-01,-6.839561200000539021e-01,-7.297928053918929514e-01,-7.694274547585957524e-01,-8.038391604866644835e-01,-8.338632341005369764e-01,-8.601614558918772024e-01,-8.832253402505255702e-01,-9.033994661564500595e-01,-9.209137801089003483e-01,-9.359164433182528553e-01,-9.485018948427248464e-01,-9.587317148411500511e-01,-9.666481203196006788e-01,-9.722813226265858422e-01,-9.756525896671840448e-01,-9.767748829946198974e-01,-1.000000000000000000e+00,-1.000000000000000000e+00,-1.000000000000000000e+00,-1.000000000000000000e+00,-1.000000000000000000e+00,-1.000000000000000000e+00,-1.000000000000000000e+00,-1.000000000000000000e+00,-1.000000000000000000e+00,-1.000000000000000000e+00,-1.000000000000000000e+00,-1.000000000000000000e+00,-1.000000000000000000e+00,-1.000000000000000000e+00,-1.000000000000000000e+00,-1.000000000000000000e+00,-1.000000000000000000e+00,-1.000000000000000000e+00,-1.000000000000000000e+00,-1.000000000000000000e+00,-1.000000000000000000e+00,-1.000000000000000000e+00,-1.000000000000000000e+00,-1.000000000000000000e+00,-1.000000000000000000e+00,-1.000000000000000000e+00,-1.000000000000000000e+00,-1.000000000000000000e+00,-1.000000000000000000e+00,-1.000000000000000000e+00,-1.000000000000000000e+00,-1.000000000000000000e+00,-1.000000000000000000e+00,-1.000000000000000000e+00,-1.000000000000000000e+00,-1.000000000000000000e+00,-1.000000000000000000e+00,-1.000000000000000000e+00,-1.000000000000000000e+00,-1.000000000000000000e+00,-1.000000000000000000e+00,-1.000000000000000000e+00
-1.000000000000000000e+00,-1.000000000000000000e+00,-1.000000000000000000e+00,-1.000000000000000000e+00,-1.000000000000000000e+00,-1.000000000000000000e+00,-1.000000000000000000e+00,-1.000000000000000000e+00,-1.000000000000000000e+00,-1.000000000000000000e+00,-1.000000000000000000e+00,-1.000000000000000000e+00,-1.000000000000000000e+00,-1.000000000000000000e+00,-1.000000000000000000e+00,-1.000000000000000000e+00,-1.000000000000000000e+00,-1.000000000000000000e+00,-1.000000000000000000e+00,-1.000000000000000000e+00,-1.000000000000000000e+00,-1.000000000000000000e+00,-1.000000000000000000e+00,-1.000000000000000000e+00,-1.000000000000000000e+00,-1.000000000000000000e+00,-1.000000000000000000e+00,-1.000000000000000000e+00,-1.000000000000000000e+00,-1.000000000000000000e+00,-1.000000000000000000e+00,-1.000000000000000000e+00,-1.000000000000000000e+00,-1.000000000000000000e+00,-1.000000000000000000e+00,-1.000000000000000000e+00,-1.000000000000000000e+00,-1.000000000000000000e+00,-1.000000000000000000e+00,-1.000000000000000000e+00,-1.000000000000000000e+00,-1.000000000000000000e+00,-9.913021652549106610e-01,-9.903573941399157476e-01,-9.875151749822496106e-01,-9.827514933269089203e-01,-9.760251027458209938e-01,-9.672749167544549831e-01,-9.564149185675483444e-01,-9.433254433942770412e-01,-9.278398384577527525e-01,-9.097260892277477806e-01,-8.886641121654429432e-01,-8.642210723315659759e-01,-8.358291681545835239e-01,-8.027725938113686732e-01,-7.641925832576590416e-01,-7.191214858473595761e-01,-6.665589910037383881e-01,-6.056064215949129581e-01,-5.356786967309445924e-01,-4.568171432217529304e-01,-3.701259449445347682e-01,-2.783406378608058729e-01,-1.864855619898362349e-01,-1.024375535208494892e-01,-3.687541997488841261e-02,-1.325598090629376280e-03,-1.325598130249239226e-03,-3.687542007979593972e-02,-1.024375536639169360e-01,-1.864855621523716644e-01,-2.783406380254743739e-01,-3.701259451248836152e-01,-4.568171434408734299e-01,-5.356786970062985542e-01,-6.056064219647685487e-01,-6.665589914958525153e-01,-7.191214864494432923e-01,-7.641925839591382497e-01,-8.027725945950534570e-01,-8.358291689933625701e-01,-8.642210731853032790e-01,-8.886641130273668088e-01,-9.097260901133370492e-01,-9.278398393829367929e-01,-9.433254444050833687e-01,-9.564149196963999122e-01,-9.672749179972692790e-01,-9.760251040883555218e-01,-9.827514946900165471e-01,-9.875151764103273777e-01,-9.903573954513751332e-01,-9.913021666366875762e-01,-1.000000000000000000e+00,-1.000000000000000000e+00,-1.000000000000000000e+00,-1.000000000000000000e+00,-1.000000000000000000e+00,-1.000000000000000000e+00,-1.000000000000000000e+00,-1.000000000000000000e+00,-1.000000000000000000e+00,-1.000000000000000000e+00,-1.000000000000000000e+00,-1.000000000000000000e+00,-1.000000000000000000e+00,-1.000000000000000000e+00,-1.000000000000000000e+00,-1.000000000000000000e+00,-1.000000000000000000e+00,-1.000000000000000000e+00,-1.000000000000000000e+00,-1.000000000000000000e+00,-1.000000000000000000e+00,-1.000000000000000000e+00,-1.000000000000000000e+00,-1.000000000000000000e+00,-1.000000000000000000e+00,-1.000000000000000000e+00,-1.000000000000000000e+00,-1.000000000000000000e+00,-1.000000000000000000e+00,-1.000000000000000000e+00,-1.000000000000000000e+00,-1.000000000000000000e+00,-1.000000000000000000e+00,-1.000000000000000000e+00,-1.000000000000000000e+00,-1.000000000000000000e+00,-1.000000000000000000e+00,-1.000000000000000000e+00,-1.000000000000000000e+00,-1.000000000000000000e+00,-1.000000000000000000e+00,-1.000000000000000000e+00
-1.000000000000000000e+00,-1.000000000000000000e+00,-1.000000000000000000e+00,-1.000000000000000000e+00,-1.000000000000000000e+00,-1.000000000000000000e+00,-1.000000000000000000e+00,-1.000000000000000000e+00,-1.000000000000000000e+00,-1.000000000000000000e+00,-1.000000000000000000e+00,-1.000000000000000000e+00,-1.000000000000000000e+00,-1.000000000000000000e+00,-1.000000000000000000e+00,-1.000000000000000000e+00,-1.000000000000000000e+00,-1.000000000000000000e+00,-1.000000000000000000e+00,-1.000000000000000000e+00,-1.000000000000000000e+00,-1.000000000000000000e+00,-1.000000000000000000e+00,-1.000000000000000000e+00,-1.000000000000000000e+00,-1.000000000000000000e+00,-1.000000000000000000e+00,-1.000000000000000000e+00,-1.000000000000000000e+00,-1.000000000000000000e+00,-1.000000000000000000e+00,-1.000000000000000000e+00,-1.000000000000000000e+00,-1.000000000000000000e+00,-1.000000000000000000e+00,-1.000000000000000000e+00,-1.000000000000000000e+00,-1.000000000000000000e+00,-1.000000000000000000e+00,-1.000000000000000000e+00,-1.000000000000000000e+00,-1.000000000000000000e+00,-1.004709414922632771e+00,-1.003906945515167681e+00,-1.001488429590856821e+00,-9.974199444166896855e-01,-9.916428005359336773e-01,-9.840698151353608480e-01,-9.745791962126242325e-01,-9.630053919552498121e-01,-9.491264594380639519e-01,-9.326480218364004982e-01,-9.131847648812233542e-01,-8.902416800743453429e-01,-8.631988354823090237e-01,-8.313052482314834402e-01,-7.936893784078923320e-01,-7.493959248838037990e-01,-6.974612234777505249e-01,-6.370429389804981302e-01,-5.676238957752230974e-01,-4.893136736758861849e-01,-4.032711776028652384e-01,-3.122570070962170652e-01,-2.212735249732201703e-01,-1.381130933691827600e-01,-7.330317297929000997e-02,-3.818205498500837347e-02,-3.818205501637061960e-02,-7.330317306454992021e-02,-1.381130934945340449e-01,-2.212735251379168711e-01,-3.122570072867582036e-01,-4.032711778196492736e-01,-4.893136739310343097e-01,-5.676238960642765452e-01,-6.370429393206960000e-01,-6.974612239098602062e-01,-7.493959254290386562e-01,-7.936893790674530713e-01,-8.313052489709947812e-01,-8.631988362752960331e-01,-8.902416808938834469e-01,-9.131847657028023812e-01,-9.326480226676844287e-01,-9.491264602912941051e-01,-9.630053928724325862e-01,-9.745791972359488797e-01,-9.840698162687459005e-01,-9.916428017875326129e-01,-9.974199457159264037e-01,-1.001488430974805777e+00,-1.003906946803965861e+00,-1.004709416304961245e+00,-1.000000000000000000e+00,-1.000000000000000000e+00,-1.000000000000000000e+00,-1.000000000000000000e+00,-1.000000000000000000e+00,-1.000000000000000000e+00,-1.000000000000000000e+00,-1.000000000000000000e+00,-1.000000000000000000e+00,-1.000000000000000000e+00,-1.000000000000000000e+00,-1.000000000000000000e+00,-1.000000000000000000e+00,-1.000000000000000000e+00,-1.000000000000000000e+00,-1.000000000000000000e+00,-1.000000000000000000e+00,-1.000000000000000000e+00,-1.000000000000000000e+00,-1.000000000000000000e+00,-1.000000000000000000e+00,-1.000000000000000000e+00,-1.000000000000000000e+00,-1.000000000000000000e+00,-1.000000000000000000e+00,-1.000000000000000000e+00,-1.000000000000000000e+00,-1.000000000000000000e+00,-1.000000000000000000e+00,-1.000000000000000000e+00,-1.000000000000000000e+00,-1.000000000000000000e+00,-1.000000000000000000e+00,-1.000000000000000000e+00,-1.000000000000000000e+00,-1.000000000000000000e+00,-1.000000000000000000e+00,-1.000000000000000000e+00,-1.000000000000000000e+00,-1.000000000000000000e+00,-1.000000000000000000e+00,-1.000000000000000000e+00
-1.000000000000000000e+00,-1.000000000000000000e+00,-1.000000000000000000e+00,-1.000000000000000000e+00,-1.000000000000000000e+00,-1.000000000000000000e+00,-1.000000000000000000e+00,-1.000000000000000000e+00,-1.000000000000000000e+00,-1.000000000000000000e+00,-1.000000000000000000e+00,-1.000000000000000000e+00,-1.000000000000000000e+00,-1.000000000000000000e+00,-1.000000000000000000e+00,-1.000000000000000000e+00,-1.000000000000000000e+00,-1.000000000000000000e+00,-1.000000000000000000e+00,-1.000000000000000000e+00,-1.000000000000000000e+00,-1.000000000000000000e+00,-1.000000000000000000e+00,-1.000000000000000000e+00,-1.000000000000000000e+00,-1.000000000000000000e+00,-1.000000000000000000e+00,-1.000000000000000000e+00,-1.000000000000000000e+00,-1.000000000000000000e+00,-1.000000000000000000e+00,-1.000000000000000000e+00,-1.000000000000000000e+00,-1.000000000000000000e+00,-1.000000000000000000e+00,-1.000000000000000000e+00,-1.000000000000000000e+00,-1.000000000000000000e+00,-1.000000000000000000e+00,-1.000000000000000000e+00,-1.000000000000000000e+00,-1.000000000000000000e+00,-1.017072328433042072e+00,-1.016383154293349245e+00,-1.014301770658690316e+00,-1.010785823568374431e+00,-1.005762061152631892e+00,-9.991220405686078720e-01,-9.907156012114363142e-01,-9.803417932019294900e-01,-9.677371611536528251e-01,-9.525617267079761197e-01,-9.343837221469704080e-01,-9.126651166656714054e-01,-8.867512346657531186e-01,-8.558692816093768085e-01,-8.191424005228058469e-01,-7.756281068479699004e-01,-7.243928134982375866e-01,-6.646378672243820063e-01,-5.958969288008255649e-01,-5.183284294840206918e-01,-4.331264320771125442e-01,-3.430589552676983622e-01,-2.530925698308251759e-01,-1.709268439397932937e-01,-1.069361582329649840e-01,-7.227489421953980919e-02,-7.227489423725064199e-02,-1.069361582837003999e-01,-1.709268440253344234e-01,-2.530925699718042932e-01,-3.430589554644613015e-01,-4.331264323195622712e-01,-5.183284297723698142e-01,-5.958969291205460372e-01,-6.646378675640838285e-01,-7.243928138738189304e-01,-7.756281072936187515e-01,-8.191424010805667955e-01,-8.558692822690661117e-01,-8.867512354013077358e-01,-9.126651174534720079e-01,-9.343837229489968532e-01,-9.525617275165344511e-01,-9.677371619698800220e-01,-9.803417940546830245e-01,-9.907156021420737702e-01,-9.991220415875176064e-01,-1.005762062288001024e+00,-1.010785824773020813e+00,-1.014301771959731591e+00,-1.016383155541406680e+00,-1.017072329795239982e+00,-1.000000000000000000e+00,-1.000000000000000000e+00,-1.000000000000000000e+00,-1.000000000000000000e+00,-1.000000000000000000e+00,-1.000000000000000000e+00,-1.000000000000000000e+00,-1.000000000000000000e+00,-1.000000000000000000e+00,-1.000000000000000000e+00,-1.000000000000000000e+00,-1.000000000000000000e+00,-1.000000000000000000e+00,-1.000000000000000000e+00,-1.000000000000000000e+00,-1.000000000000000000e+00,-1.000000000000000000e+00,-1.000000000000000000e+00,-1.000000000000000000e+00,-1.000000000000000000e+00,-1.000000000000000000e+00,-1.000000000000000000e+00,-1.000000000000000000e+00,-1.000000000000000000e+00,-1.000000000000000000e+00,-1.000000000000000000e+00,-1.000000000000000000e+00,-1.000000000000000000e+00,-1.000000000000000000e+00,-1.000000000000000000e+00,-1.000000000000000000e+00,-1.000000000000000000e+00,-1.000000000000000000e+00,-1.000000000000000000e+00,-1.000000000000000000e+00,-1.000000000000000000e+00,-1.000000000000000000e+00,-1.000000000000000000e+00,-1.000000000000000000e+00,-1.000000000000000000e+00,-1.000000000000000000e+00,-1.000000000000000000e+00
-1.000000000000000000e+00,-1.000000000000000000e+00,-1.000000000000000000e+00,-1.000000000000000000e+00,-1.000000000000000000e+00,-1.000000000000000000e+00,-1.000000000000000000e+00,-1.000000000000000000e+00,-1.000000000000000000e+00,-1.000000000000000000e+00,-1.000000000000000000e+00,-1.000000000000000000e+00,-1.000000000000000000e+00,-1.000000000000000000e+00,-1.000000000000000000e+00,-1.000000000000000000e+00,-1.000000000000000000e+00,-1.000000000000000000e+00,-1.000000000000000000e+00,-1.000000000000000000e+00,-1.000000000000000000e+00,-1.000000000000000000e+00,-1.000000000000000000e+00,-1.000000000000000000e+00,-1.000000000000000000e+00,-1.000000000000000000e+00,-1.000000000000000000e+00,-1.000000000000000000e+00,-1.000000000000000000e+00,-1.000000000000000000e+00,-1.000000000000000000e+00,-1.000000000000000000e+00,-1.000000000000000000e+00,-1.000000000000000000e+00,-1.000000000000000000e+00,-1.000000000000000000e+00,-1.000000000000000000e+00,-1.000000000000000000e+00,-1.000000000000000000e+00,-1.000000000000000000e+00,-1.000000000000000000e+00,-1.000000000000000000e+00,-1.028483091802297578e+00,-1.027883709087732411e+00,-1.026069433152690946e+00,-1.022991024871366950e+00,-1.018563513831470368e+00,-1.012661678974121626e+00,-1.005113466028481284e+00,-9.956912485838876892e-01,-9.841010452797843699e-01,-9.699701870568865347e-01,-9.528345130273143671e-01,-9.321269860797996021e-01,-9.071706804173448324e-01,-8.771804431142361524e-01,-8.412792566393730853e-01,-7.985375835225967389e-01,-7.480469643291004500e-01,-6.890430128822915279e-01,-6.210974942810953969e-01,-5.444031298836732313e-01,-4.601743973635699092e-01,-3.711734962791432002e-01,-2.823211273141935651e-01,-2.012186651592338116e-01,-1.380876995981149546e-01,-1.039040321005081369e-01,-1.039040321030280101e-01,-1.380876996119994038e-01,-2.012186652020458988e-01,-2.823211274219419309e-01,-3.711734964681973059e-01,-4.601743976169260231e-01,-5.444031301824385771e-01,-6.210974946104739214e-01,-6.890430132309903755e-01,-7.480469646892005109e-01,-7.985375838987808228e-01,-8.412792570847711371e-01,-8.771804436625784129e-01,-9.071706810627416795e-01,-9.321269868076426102e-01,-9.528345137994185254e-01,-9.699701878495695651e-01,-9.841010460754799904e-01,-9.956912493918097518e-01,-1.005113466879894224e+00,-1.012661679883636534e+00,-1.018563514838626949e+00,-1.022991025958198241e+00,-1.026069434336579267e+00,-1.027883710269802187e+00,-1.028483093116367098e+00,-1.000000000000000000e+00,-1.000000000000000000e+00,-1.000000000000000000e+00,-1.000000000000000000e+00,-1.000000000000000000e+00,-1.000000000000000000e+00,-1.000000000000000000e+00,-1.000000000000000000e+00,-1.000000000000000000e+00,-1.000000000000000000e+00,-1.000000000000000000e+00,-1.000000000000000000e+00,-1.000000000000000000e+00,-1.000000000000000000e+00,-1.000000000000000000e+00,-1.000000000000000000e+00,-1.000000000000000000e+00,-1.000000000000000000e+00,-1.000000000000000000e+00,-1.000000000000000000e+00,-1.000000000000000000e+00,-1.000000000000000000e+00,-1.000000000000000000e+00,-1.000000000000000000e+00,-1.000000000000000000e+00,-1.000000000000000000e+00,-1.000000000000000000e+00,-1.000000000000000000e+00,-1.000000000000000000e+00,-1.000000000000000000e+00,-1.000000000000000000e+00,-1.000000000000000000e+00,-1.000000000000000000e+00,-1.000000000000000000e+00,-1.000000000000000000e+00,-1.000000000000000000e+00,-1.000000000000000000e+00,-1.000000000000000000e+00,-1.000000000000000000e+00,-1.000000000000000000e+00,-1.000000000000000000e+00,-1.000000000000000000e+00
-1.000000000000000000e+00,-1.000000000000000000e+00,-1.000000000000000000e+00,-1.000000000000000000e+00,-1.000000000000000000e+00,-1.000000000000000000e+00,-1.000000000000000000e+00,-1.000000000000000000e+00,-1.000000000000000000e+00,-1.000000000000000000e+00,-1.000000000000000000e+00,-1.000000000000000000e+00,-1.000000000000000000e+00,-1.000000000000000000e+00,-1.000000000000000000e+00,-1.000000000000000000e+00,-1.000000000000000000e+00,-1.000000000000000000e+00,-1.000000000000000000e+00,-1.000000000000000000e+00,-1.000000000000000000e+00,-1.000000000000000000e+00,-1.000000000000000000e+00,-1.000000000000000000e+00,-1.000000000000000000e+00,-1.000000000000000000e+00,-1.000000000000000000e+00,-1.000000000000000000e+00,-1.000000000000000000e+00,-1.000000000000000000e+00,-1.000000000000000000e+00,-1.000000000000000000e+00,-1.000000000000000000e+00,-1.000000000000000000e+00,-1.000000000000000000e+00,-1.000000000000000000e+00,-1.000000000000000000e+00,-1.000000000000000000e+00,-1.000000000000000000e+00,-1.000000000000000000e+00,-1.000000000000000000e+00,-1.000000000000000000e+00,-1.039040374220456808e+00,-1.038511988136685105e+00,-1.036908904463671677e+00,-1.034176458212218153e+00,-1.030220554471201977e+00,-1.024903120365549425e+00,-1.018035655468404244e+00,-1.009370925569395228e+00,-9.985930391041695220e-01,-9.853064777982368794e-01,-9.690251504765103885e-01,-9.491632349683737369e-01,-9.250305096861930476e-01,-8.958361230019802335e-01,-8.607064190981542628e-01,-8.187247006652648151e-01,-7.690038562995974436e-01,-7.108067276774259202e-01,-6.437336872800465404e-01,-5.680008759795436291e-01,-4.848322050158767604e-01,-3.969743299974818340e-01,-3.092950270329909435e-01,-2.292944347349393786e-01,-1.670432045788942110e-01,-1.333446071564912128e-01,-1.333446071493529228e-01,-1.670432045713859948e-01,-2.292944347528985682e-01,-3.092950271116182703e-01,-3.969743301650223710e-01,-4.848322052657009218e-01,-5.680008762793087307e-01,-6.437336875994850161e-01,-7.108067280077294825e-01,-7.690038566411780963e-01,-8.187247010060387797e-01,-8.607064194692198855e-01,-8.958361234498704029e-01,-9.250305102220491849e-01,-9.491632355976376001e-01,-9.690251511833692932e-01,-9.853064785571717943e-01,-9.985930398841457167e-01,-1.009370926360184217e+00,-1.018035656279556500e+00,-1.024903121205944956e+00,-1.030220555374345981e+00,-1.034176459180933927e+00,-1.036908905506375378e+00,-1.038511989216295506e+00,-1.039040375442155550e+00,-1.000000000000000000e+00,-1.000000000000000000e+00,-1.000000000000000000e+00,-1.000000000000000000e+00,-1.000000000000000000e+00,-1.000000000000000000e+00,-1.000000000000000000e+00,-1.000000000000000000e+00,-1.000000000000000000e+00,-1.000000000000000000e+00,-1.000000000000000000e+00,-1.000000000000000000e+00,-1.000000000000000000e+00,-1.000000000000000000e+00,-1.000000000000000000e+00,-1.000000000000000000e+00,-1.000000000000000000e+00,-1.000000000000000000e+00,-1.000000000000000000e+00,-1.000000000000000000e+00,-1.000000000000000000e+00,-1.000000000000000000e+00,-1.000000000000000000e+00,-1.000000000000000000e+00,-1.000000000000000000e+00,-1.000000000000000000e+00,-1.000000000000000000e+00,-1.000000000000000000e+00,-1.000000000000000000e+00,-1.000000000000000000e+00,-1.000000000000000000e+00,-1.000000000000000000e+00,-1.000000000000000000e+00,-1.000000000000000000e+00,-1.000000000000000000e+00,-1.000000000000000000e+00,-1.000000000000000000e+00,-1.000000000000000000e+00,-1.000000000000000000e+00,-1.000000000000000000e+00,-1.000000000000000000e+00,-1.000000000000000000e+00
-1.000000000000000000e+00,-1.000000000000000000e+00,-1.000000000000000000e+00,-1.000000000000000000e+00,-1.000000000000000000e+00,-1.000000000000000000e+00,-1.000000000000000000e+00,-1.000000000000000000e+00,-1.000000000000000000e+00,-1.000000000000000000e+00,-1.000000000000000000e+00,-1.000000000000000000e+00,-1.000000000000000000e+00,-1.000000000000000000e+00,-1.000000000000000000e+00,-1.000000000000000000e+00,-1.000000000000000000e+00,-1.000000000000000000e+00,-1.000000000000000000e+00,-1.000000000000000000e+00,-1.000000000000000000e+00,-1.000000000000000000e+00,-1.000000000000000000e+00,-1.000000000000000000e+00,-1.000000000000000000e+00,-1.000000000000000000e+00,-1.000000000000000000e+00,-1.000000000000000000e+00,-1.000000000000000000e+00,-1.000000000000000000e+00,-1.000000000000000000e+00,-1.000000000000000000e+00,-1.000000000000000000e+00,-1.000000000000000000e+00,-1.000000000000000000e+00,-1.000000000000000000e+00,-1.000000000000000000e+00,-1.000000000000000000e+00,-1.000000000000000000e+00,-1.000000000000000000e+00,-1.000000000000000000e+00,-1.000000000000000000e+00,-1.048842111151392587e+00,-1.048369852524430268e+00,-1.046933774247464255e+00,-1.044475077905619553e+00,-1.040892790224947850e+00,-1.036039292172545423e+00,-1.029714089033084257e+00,-1.021655951373408255e+00,-1.011533739138893884e+00,-9.989365160847726299e-01,-9.833639986314617332e-01,-9.642190018757513803e-01,-9.408044017392951375e-01,-9.123283117059418634e-01,-8.779228037659108086e-01,-8.366837583172932469e-01,-7.877424930357279642e-01,-7.303837908937476087e-01,-6.642295524290660058e-01,-5.895112715843602302e-01,-5.074542203842764554e-01,-4.207825437492399567e-01,-3.343064295953095399e-01,-2.554235795941078857e-01,-1.940567078380051047e-01,-1.608430058095644544e-01,-1.608430058034664434e-01,-1.940567078353772068e-01,-2.554235796179671336e-01,-3.343064296629681964e-01,-4.207825438814969399e-01,-5.074542205935987926e-01,-5.895112718602213420e-01,-6.642295527393511367e-01,-7.303837912108668284e-01,-7.877424933594019407e-01,-8.366837586398353510e-01,-8.779228040990115778e-01,-9.123283120834904114e-01,-9.408044021735002538e-01,-9.642190023873604687e-01,-9.833639992340390545e-01,-9.989365167682920932e-01,-1.011533739878944571e+00,-1.021655952154730373e+00,-1.029714089840380264e+00,-1.036039292997560146e+00,-1.040892791074937707e+00,-1.044475078784115496e+00,-1.046933775150038493e+00,-1.048369853473611668e+00,-1.048842112237668989e+00,-1.000000000000000000e+00,-1.000000000000000000e+00,-1.000000000000000000e+00,-1.000000000000000000e+00,-1.000000000000000000e+00,-1.000000000000000000e+00,-1.000000000000000000e+00,-1.000000000000000000e+00,-1.000000000000000000e+00,-1.000000000000000000e+00,-1.000000000000000000e+00,-1.000000000000000000e+00,-1.000000000000000000e+00,-1.000000000000000000e+00,-1.000000000000000000e+00,-1.000000000000000000e+00,-1.000000000000000000e+00,-1.000000000000000000e+00,-1.000000000000000000e+00,-1.000000000000000000e+00,-1.000000000000000000e+00,-1.000000000000000000e+00,-1.000000000000000000e+00,-1.000000000000000000e+00,-1.000000000000000000e+00,-1.000000000000000000e+00,-1.000000000000000000e+00,-1.000000000000000000e+00,-1.000000000000000000e+00,-1.000000000000000000e+00,-1.000000000000000000e+00,-1.000000000000000000e+00,-1.000000000000000000e+00,-1.000000000000000000e+00,-1.000000000000000000e+00,-1.000000000000000000e+00,-1.000000000000000000e+00,-1.000000000000000000e+00,-1.000000000000000000e+00,-1.000000000000000000e+00,-1.000000000000000000e+00,-1.000000000000000000e+00
-1.000000000000000000e+00,-1.000000000000000000e+00,-1.000000000000000000e+00,-1.000000000000000000e+00,-1.000000000000000000e+00,-1.000000000000000000e+00,-1.000000000000000000e+00,-1.000000000000000000e+00,-1.000000000000000000e+00,-1.000000000000000000e+00,-1.000000000000000000e+00,-1.000000000000000000e+00,-1.000000000000000000e+00,-1.000000000000000000e+00,-1.000000000000000000e+00,-1.000000000000000000e+00,-1.000000000000000000e+00,-1.000000000000000000e+00,-1.000000000000000000e+00,-1.000000000000000000e+00,-1.000000000000000000e+00,-1.000000000000000000e+00,-1.000000000000000000e+00,-1.000000000000000000e+00,-1.000000000000000000e+00,-1.000000000000000000e+00,-1.000000000000000000e+00,-1.000000000000000000e+00,-1.000000000000000000e+00,-1.000000000000000000e+00,-1.000000000000000000e+00,-1.000000000000000000e+00,-1.000000000000000000e+00,-1.000000000000000000e+00,-1.000000000000000000e+00,-1.000000000000000000e+00,-1.000000000000000000e+00,-1.000000000000000000e+00,-1.000000000000000000e+00,-1.000000000000000000e+00,-1.000000000000000000e+00,-1.000000000000000000e+00,-1.057980665893656136e+00,-1.057552870738731832e+00,-1.056249165515281030e+00,-1.054007713536111668e+00,-1.050722536125049622e+00,-1.046239168149146748e+00,-1.040348675069437290e+00,-1.032780211979905660e+00,-1.023192476555240704e+00,-1.011164675208325647e+00,-9.961880167614242110e-01,-9.776593146592893468e-01,-9.548790815505963092e-01,-9.270576336686517926e-01,-8.933343223650406228e-01,-8.528172500764786834e-01,-8.046538879563619462e-01,-7.481469758329124531e-01,-6.829346732148064980e-01,-6.092578854459644866e-01,-5.283374042002334514e-01,-4.428700335311326342e-01,-3.576055628480560022e-01,-2.798394534446299042e-01,-2.193502810673810810e-01,-1.866157638367385019e-01,-1.866157638417261788e-01,-2.193502810910800127e-01,-2.798394534993571270e-01,-3.576055629336792885e-01,-4.428700336443455177e-01,-5.283374043486726013e-01,-6.092578856508227281e-01,-6.829346734818650955e-01,-7.481469761351877690e-01,-8.046538882772421575e-01,-8.528172504033556534e-01,-8.933343226932768388e-01,-9.270576340119396352e-01,-9.548790819127687124e-01,-9.776593150640797703e-01,-9.961880172425052749e-01,-1.011164675778744027e+00,-1.023192477213276774e+00,-1.032780212723476421e+00,-1.040348675870866213e+00,-1.046239168984866019e+00,-1.050722536967874987e+00,-1.054007714370441162e+00,-1.056249166315163635e+00,-1.057552871567226438e+00,-1.057980666833473915e+00,-1.000000000000000000e+00,-1.000000000000000000e+00,-1.000000000000000000e+00,-1.000000000000000000e+00,-1.000000000000000000e+00,-1.000000000000000000e+00,-1.000000000000000000e+00,-1.000000000000000000e+00,-1.000000000000000000e+00,-1.000000000000000000e+00,-1.000000000000000000e+00,-1.000000000000000000e+00,-1.000000000000000000e+00,-1.000000000000000000e+00,-1.000000000000000000e+00,-1.000000000000000000e+00,-1.000000000000000000e+00,-1.000000000000000000e+00,-1.000000000000000000e+00,-1.000000000000000000e+00,-1.000000000000000000e+00,-1.000000000000000000e+00,-1.000000000000000000e+00,-1.000000000000000000e+00,-1.000000000000000000e+00,-1.000000000000000000e+00,-1.000000000000000000e+00,-1.000000000000000000e+00,-1.000000000000000000e+00,-1.000000000000000000e+00,-1.000000000000000000e+00,-1.000000000000000000e+00,-1.000000000000000000e+00,-1.000000000000000000e+00,-1.000000000000000000e+00,-1.000000000000000000e+00,-1.000000000000000000e+00,-1.000000000000000000e+00,-1.000000000000000000e+00,-1.000000000000000000e+00,-1.000000000000000000e+00,-1.000000000000000000e+00
-1.000000000000000000e+00,-1.000000000000000000e+00,-1.000000000000000000e+00,-1.000000000000000000e+00,-1.000000000000000000e+00,-1.000000000000000000e+00,-1.000000000000000000e+00,-1.000000000000000000e+00,-1.000000000000000000e+00,-1.000000000000000000e+00,-1.000000000000000000e+00,-1.000000000000000000e+00,-1.000000000000000000e+00,-1.000000000000000000e+00,-1.000000000000000000e+00,-1.000000000000000000e+00,-1.000000000000000000e+00,-1.000000000000000000e+00,-1.000000000000000000e+00,-1.000000000000000000e+00,-1.000000000000000000e+00,-1.000000000000000000e+00,-1.000000000000000000e+00,-1.000000000000000000e+00,-1.000000000000000000e+00,-1.000000000000000000e+00,-1.000000000000000000e+00,-1.000000000000000000e+00,-1.000000000000000000e+00,-1.000000000000000000e+00,-1.000000000000000000e+00,-1.000000000000000000e+00,-1.000000000000000000e+00,-1.000000000000000000e+00,-1.000000000000000000e+00,-1.000000000000000000e+00,-1.000000000000000000e+00,-1.000000000000000000e+00,-1.000000000000000000e+00,-1.000000000000000000e+00,-1.000000000000000000e+00,-1.000000000000000000e+00,-1.066539907060483738e+00,-1.066147484681396085e+00,-1.064949177094252075e+00,-1.062881006961252428e+00,-1.059833507015136123e+00,-1.055647518263198359e+00,-1.050108449171341718e+00,-1.042939204967851863e+00,-1.033792158534173167e+00,-1.022240781532913312e+00,-1.007771920245246422e+00,-9.897802318045512138e-01,-9.675670624759452609e-01,-9.403471499758400132e-01,-9.072681051677903286e-01,-8.674498480891281726e-01,-8.200542146065938898e-01,-7.643988897721669673e-01,-7.001343803566968393e-01,-6.275066672673144108e-01,-5.477279211451618890e-01,-4.634644104976731738e-01,-3.794041267573996512e-01,-3.027415179577669369e-01,-2.431153386732916033e-01,-2.108504121692961197e-01,-2.108504121910480533e-01,-2.431153387323216064e-01,-3.027415180456377586e-01,-3.794041268643105758e-01,-4.634644106092270510e-01,-5.477279212543233466e-01,-6.275066673990099542e-01,-7.001343805499933293e-01,-7.643988900294211852e-01,-8.200542149130760627e-01,-8.674498484249673069e-01,-9.072681055107244541e-01,-9.403471503159738232e-01,-9.675670628022937647e-01,-9.897802321333464270e-01,-1.007771920617531514e+00,-1.022240781982330704e+00,-1.033792159083528617e+00,-1.042939205637559930e+00,-1.050108449939514133e+00,-1.055647519102590914e+00,-1.059833507870765912e+00,-1.062881007789262755e+00,-1.064949177841651773e+00,-1.066147485427166197e+00,-1.066539907877447124e+00,-1.000000000000000000e+00,-1.000000000000000000e+00,-1.000000000000000000e+00,-1.000000000000000000e+00,-1.000000000000000000e+00,-1.000000000000000000e+00,-1.000000000000000000e+00,-1.000000000000000000e+00,-1.000000000000000000e+00,-1.000000000000000000e+00,-1.000000000000000000e+00,-1.000000000000000000e+00,-1.000000000000000000e+00,-1.000000000000000000e+00,-1.000000000000000000e+00,-1.000000000000000000e+00,-1.000000000000000000e+00,-1.000000000000000000e+00,-1.000000000000000000e+00,-1.000000000000000000e+00,-1.000000000000000000e+00,-1.000000000000000000e+00,-1.000000000000000000e+00,-1.000000000000000000e+00,-1.000000000000000000e+00,-1.000000000000000000e+00,-1.000000000000000000e+00,-1.000000000000000000e+00,-1.000000000000000000e+00,-1.000000000000000000e+00,-1.000000000000000000e+00,-1.000000000000000000e+00,-1.000000000000000000e+00,-1.000000000000000000e+00,-1.000000000000000000e+00,-1.000000000000000000e+00,-1.000000000000000000e+00,-1.000000000000000000e+00,-1.000000000000000000e+00,-1.000000000000000000e+00,-1.000000000000000000e+00,-1.000000000000000000e+00
-1.000000000000000000e+00,-1.000000000000000000e+00,-1.000000000000000000e+00,-1.000000000000000000e+00,-1.000000000000000000e+00,-1.000000000000000000e+00,-1.000000000000000000e+00,-1.000000000000000000e+00,-1.000000000000000000e+00,-1.000000000000000000e+00,-1.000000000000000000e+00,-1.000000000000000000e+00,-1.000000000000000000e+00,-1.000000000000000000e+00,-1.000000000000000000e+00,-1.000000000000000000e+00,-1.000000000000000000e+00,-1.000000000000000000e+00,-1.000000000000000000e+00,-1.000000000000000000e+00,-1.000000000000000000e+00,-1.000000000000000000e+00,-1.000000000000000000e+00,-1.000000000000000000e+00,-1.000000000000000000e+00,-1.000000000000000000e+00,-1.000000000000000000e+00,-1.000000000000000000e+00,-1.000000000000000000e+00,-1.000000000000000000e+00,-1.000000000000000000e+00,-1.000000000000000000e+00,-1.000000000000000000e+00,-1.000000000000000000e+00,-1.000000000000000000e+00,-1.000000000000000000e+00,-1.000000000000000000e+00,-1.000000000000000000e+00,-1.000000000000000000e+00,-1.000000000000000000e+00,-1.000000000000000000e+00,-1.000000000000000000e+00,-1.074593750329225994e+00,-1.074229647673285326e+00,-1.073115816515538778e+00,-1.071186855237544977e+00,-1.068331007244734510e+00,-1.064386100069795615e+00,-1.059134026371677528e+00,-1.052293991037392074e+00,-1.043514903488140577e+00,-1.032367526678088288e+00,-1.018337339445238632e+00,-1.000819575154921370e+00,-9.791186390649105897e-01,-9.524551815737181126e-01,-9.199856541128431653e-01,-8.808413709318999585e-01,-8.341971153008538309e-01,-7.793832353758977094e-01,-7.160596916837509429e-01,-6.444744148255485694e-01,-5.658281006111087752e-01,-4.827545251932751080e-01,-3.998795381288524631e-01,-3.242985392124692057e-01,-2.655150836610579157e-01,-2.337075293910612084e-01,-2.337075294273333048e-01,-2.655150837535000807e-01,-3.242985393310410247e-01,-3.998795382462865255e-01,-4.827545252948851617e-01,-5.658281006969365645e-01,-6.444744149148290413e-01,-7.160596918149770840e-01,-7.793832355727532413e-01,-8.341971155667842197e-01,-8.808413712530854811e-01,-9.199856544607478703e-01,-9.524551819219050364e-01,-9.791186393856354808e-01,-1.000819575448991250e+00,-1.018337339746177017e+00,-1.032367527027800325e+00,-1.043514903925412796e+00,-1.052293991605532497e+00,-1.059134027069188466e+00,-1.064386100878889518e+00,-1.068331008100213531e+00,-1.071186856074041405e+00,-1.073115817254846949e+00,-1.074229648387792668e+00,-1.074593751075313186e+00,-1.000000000000000000e+00,-1.000000000000000000e+00,-1.000000000000000000e+00,-1.000000000000000000e+00,-1.000000000000000000e+00,-1.000000000000000000e+00,-1.000000000000000000e+00,-1.000000000000000000e+00,-1.000000000000000000e+00,-1.000000000000000000e+00,-1.000000000000000000e+00,-1.000000000000000000e+00,-1.000000000000000000e+00,-1.000000000000000000e+00,-1.000000000000000000e+00,-1.000000000000000000e+00,-1.000000000000000000e+00,-1.000000000000000000e+00,-1.000000000000000000e+00,-1.000000000000000000e+00,-1.000000000000000000e+00,-1.000000000000000000e+00,-1.000000000000000000e+00,-1.000000000000000000e+00,-1.000000000000000000e+00,-1.000000000000000000e+00,-1.000000000000000000e+00,-1.000000000000000000e+00,-1.000000000000000000e+00,-1.000000000000000000e+00,-1.000000000000000000e+00,-1.000000000000000000e+00,-1.000000000000000000e+00,-1.000000000000000000e+00,-1.000000000000000000e+00,-1.000000000000000000e+00,-1.000000000000000000e+00,-1.000000000000000000e+00,-1.000000000000000000e+00,-1.000000000000000000e+00,-1.000000000000000000e+00,-1.000000000000000000e+00
-1.000000000000000000e+00,-1.000000000000000000e+00,-1.000000000000000000e+00,-1.000000000000000000e+00,-1.000000000000000000e+00,-1.000000000000000000e+00,-1.000000000000000000e+00,-1.000000000000000000e+00,-1.000000000000000000e+00,-1.000000000000000000e+00,-1.000000000000000000e+00,-1.000000000000000000e+00,-1.000000000000000000e+00,-1.000000000000000000e+00,-1.000000000000000000e+00,-1.000000000000000000e+00,-1.000000000000000000e+00,-1.000000000000000000e+00,-1.000000000000000000e+00,-1.000000000000000000e+00,-1.000000000000000000e+00,-1.000000000000000000e+00,-1.000000000000000000e+00,-1.000000000000000000e+00,-1.000000000000000000e+00,-1.000000000000000000e+00,-1.000000000000000000e+00,-1.000000000000000000e+00,-1.000000000000000000e+00,-1.000000000000000000e+00,-1.000000000000000000e+00,-1.000000000000000000e+00,-1.000000000000000000e+00,-1.000000000000000000e+00,-1.000000000000000000e+00,-1.000000000000000000e+00,-1.000000000000000000e+00,-1.000000000000000000e+00,-1.000000000000000000e+00,-1.000000000000000000e+00,-1.000000000000000000e+00,-1.000000000000000000e+00,-1.082205760471734335e+00,-1.081864519734742736e+00,-1.080818977994424168e+00,-1.079002868295541706e+00,-1.076303073393606313e+00,-1.072555695208165627e+00,-1.067540731573845658e+00,-1.060975591310182820e+00,-1.052507827491524273e+00,-1.041707690250711194e+00,-1.028061430662644327e+00,-1.010966775414843477e+00,-9.897327115262032349e-01,-9.635867742717697526e-01,-9.316945591966609985e-01,-8.931983510755092670e-01,-8.472847479206406796e-01,-7.932950268749417999e-01,-7.308964717961340396e-01,-6.603367453308457424e-01,-5.828031815854857189e-01,-5.008960338969217219e-01,-4.191794420703764956e-01,-3.446522337871719133e-01,-2.866875355601194997e-01,-2.553234469789782413e-01,-2.553234470135529177e-01,-2.866875356566945809e-01,-3.446522339222692910e-01,-4.191794422011163590e-01,-5.008960339958015151e-01,-5.828031816600480752e-01,-6.603367453999158254e-01,-7.308964718857782206e-01,-7.932950270139785820e-01,-8.472847481274162762e-01,-8.931983513499061056e-01,-9.316945595202783537e-01,-9.635867746182954496e-01,-9.897327118576755289e-01,-1.010966775714458921e+00,-1.028061430943099985e+00,-1.041707690544139808e+00,-1.052507827838343069e+00,-1.060975591768051229e+00,-1.067540732166902151e+00,-1.072555695938501641e+00,-1.076303074207386912e+00,-1.079002869125052388e+00,-1.080818978746296732e+00,-1.081864520459612011e+00,-1.082205761203988592e+00,-1.000000000000000000e+00,-1.000000000000000000e+00,-1.000000000000000000e+00,-1.000000000000000000e+00,-1.000000000000000000e+00,-1.000000000000000000e+00,-1.000000000000000000e+00,-1.000000000000000000e+00,-1.000000000000000000e+00,-1.000000000000000000e+00,-1.000000000000000000e+00,-1.000000000000000000e+00,-1.000000000000000000e+00,-1.000000000000000000e+00,-1.000000000000000000e+00,-1.000000000000000000e+00,-1.000000000000000000e+00,-1.000000000000000000e+00,-1.000000000000000000e+00,-1.000000000000000000e+00,-1.000000000000000000e+00,-1.000000000000000000e+00,-1.000000000000000000e+00,-1.000000000000000000e+00,-1.000000000000000000e+00,-1.000000000000000000e+00,-1.000000000000000000e+00,-1.000000000000000000e+00,-1.000000000000000000e+00,-1.000000000000000000e+00,-1.000000000000000000e+00,-1.000000000000000000e+00,-1.000000000000000000e+00,-1.000000000000000000e+00,-1.000000000000000000e+00,-1.000000000000000000e+00,-1.000000000000000000e+00,-1.000000000000000000e+00,-1.000000000000000000e+00,-1.000000000000000000e+00,-1.000000000000000000e+00,-1.000000000000000000e+00
-1.000000000000000000e+00,-1.000000000000000000e+00,-1.000000000000000000e+00,-1.000000000000000000e+00,-1.000000000000000000e+00,-1.000000000000000000e+00,-1.000000000000000000e+00,-1.000000000000000000e+00,-1.000000000000000000e+00,-1.000000000000000000e+00,-1.000000000000000000e+00,-1.000000000000000000e+00,-1.000000000000000000e+00,-1.000000000000000000e+00,-1.000000000000000000e+00,-1.000000000000000000e+00,-1.000000000000000000e+00,-1.000000000000000000e+00,-1.000000000000000000e+00,-1.000000000000000000e+00,-1.000000000000000000e+00,-1.000000000000000000e+00,-1.000000000000000000e+00,-1.000000000000000000e+00,-1.000000000000000000e+00,-1.000000000000000000e+00,-1.000000000000000000e+00,-1.000000000000000000e+00,-1.000000000000000000e+00,-1.000000000000000000e+00,-1.000000000000000000e+00,-1.000000000000000000e+00,-1.000000000000000000e+00,-1.000000000000000000e+00,-1.000000000000000000e+00,-1.000000000000000000e+00,-1.000000000000000000e+00,-1.000000000000000000e+00,-1.000000000000000000e+00,-1.000000000000000000e+00,-1.000000000000000000e+00,-1.000000000000000000e+00,-1.089429474397336728e+00,-1.089106875083619697e+00,-1.088117104257872336e+00,-1.086393456973567595e+00,-1.083822160874606366e+00,-1.080238562077433517e+00,-1.075421971190059889e+00,-1.069089402436971703e+00,-1.060888582765091570e+00,-1.050390821033435174e+00,-1.037084646445652014e+00,-1.020371599837063270e+00,-9.995662652272748749e-01,-9.739036651961467950e-01,-9.425586508478345227e-01,-9.046840640935948086e-01,-8.594774033401230140e-01,-8.062895521180335479e-01,-7.447935577320188294e-01,-6.752352756593749117e-01,-5.987875122257808602e-01,-5.180166524484339785e-01,-4.374261183071467274e-01,-3.639209812052139892e-01,-3.067487496831901028e-01,-2.758132126118738592e-01,-2.758132126303874943e-01,-3.067487497451348855e-01,-3.639209813132142646e-01,-4.374261184324612639e-01,-5.180166525588629778e-01,-5.987875123177931469e-01,-6.752352757376323122e-01,-7.447935578062363504e-01,-8.062895522133767257e-01,-8.594774034809127272e-01,-9.046840642945559452e-01,-9.425586511128384304e-01,-9.739036655147765842e-01,-9.995662655628460014e-01,-1.020371600161050329e+00,-1.037084646746678995e+00,-1.050390821320065893e+00,-1.060888583064208079e+00,-1.069089402804191291e+00,-1.075421971668589105e+00,-1.080238562692420246e+00,-1.083822161597803202e+00,-1.086393457754700087e+00,-1.088117105005771412e+00,-1.089106875826723053e+00,-1.089429475149778392e+00,-1.000000000000000000e+00,-1.000000000000000000e+00,-1.000000000000000000e+00,-1.000000000000000000e+00,-1.000000000000000000e+00,-1.000000000000000000e+00,-1.000000000000000000e+00,-1.000000000000000000e+00,-1.000000000000000000e+00,-1.000000000000000000e+00,-1.000000000000000000e+00,-1.000000000000000000e+00,-1.000000000000000000e+00,-1.000000000000000000e+00,-1.000000000000000000e+00,-1.000000000000000000e+00,-1.000000000000000000e+00,-1.000000000000000000e+00,-1.000000000000000000e+00,-1.000000000000000000e+00,-1.000000000000000000e+00,-1.000000000000000000e+00,-1.000000000000000000e+00,-1.000000000000000000e+00,-1.000000000000000000e+00,-1.000000000000000000e+00,-1.000000000000000000e+00,-1.000000000000000000e+00,-1.000000000000000000e+00,-1.000000000000000000e+00,-1.000000000000000000e+00,-1.000000000000000000e+00,-1.000000000000000000e+00,-1.000000000000000000e+00,-1.000000000000000000e+00,-1.000000000000000000e+00,-1.000000000000000000e+00,-1.000000000000000000e+00,-1.000000000000000000e+00,-1.000000000000000000e+00,-1.000000000000000000e+00,-1.000000000000000000e+00
-1.000000000000000000e+00,-1.000000000000000000e+00,-1.000000000000000000e+00,-1.000000000000000000e+00,-1.000000000000000000e+00,-1.000000000000000000e+00,-1.000000000000000000e+00,-1.000000000000000000e+00,-1.000000000000000000e+00,-1.000000000000000000e+00,-1.000000000000000000e+00,-1.000000000000000000e+00,-1.000000000000000000e+00,-1.000000000000000000e+00,-1.000000000000000000e+00,-1.000000000000000000e+00,-1.000000000000000000e+00,-1.000000000000000000e+00,-1.000000000000000000e+00,-1.000000000000000000e+00,-1.000000000000000000e+00,-1.000000000000000000e+00,-1.000000000000000000e+00,-1.000000000000000000e+00,-1.000000000000000000e+00,-1.000000000000000000e+00,-1.000000000000000000e+00,-1.000000000000000000e+00,-1.000000000000000000e+00,-1.000000000000000000e+00,-1.000000000000000000e+00,-1.000000000000000000e+00,-1.000000000000000000e+00,-1.000000000000000000e+00,-1.000000000000000000e+00,-1.000000000000000000e+00,-1.000000000000000000e+00,-1.000000000000000000e+00,-1.000000000000000000e+00,-1.000000000000000000e+00,-1.000000000000000000e+00,-1.000000000000000000e+00,-1.096309174819070309e+00,-1.096001948922690428e+00,-1.095058252515373809e+00,-1.093411263094019592e+00,-1.090947079269404041e+00,-1.087501008758047005e+00,-1.082852559396651815e+00,-1.076719365328745903e+00,-1.068750420285741631e+00,-1.058519196757064185e+00,-1.045517540290977765e+00,-1.029151691804768731e+00,-1.008742481548480230e+00,-9.835327588321016723e-01,-9.527066093914815514e-01,-9.154270342840116204e-01,-8.709016850562990575e-01,-8.184900373618658742e-01,-7.578697670144048937e-01,-6.892838868338355685e-01,-6.138900417894250783e-01,-5.342209028390292325e-01,-4.547205611285528581e-01,-3.822033607282900869e-01,-3.257959707235931202e-01,-2.952735463762530266e-01,-2.952735463840427954e-01,-3.257959707497953827e-01,-3.822033607828185797e-01,-4.547205612146384412e-01,-5.342209029476736593e-01,-6.138900419080239867e-01,-6.892838869436517246e-01,-7.578697671031028316e-01,-8.184900374403797363e-01,-8.709016851439751461e-01,-9.154270344065291720e-01,-9.527066095771536958e-01,-9.835327590935071251e-01,-1.008742481861720997e+00,-1.029151692141677454e+00,-1.045517540625205077e+00,-1.058519197070892925e+00,-1.068750420583484795e+00,-1.076719365647731408e+00,-1.082852559784063695e+00,-1.087501009254260076e+00,-1.090947079871756653e+00,-1.093411263780577070e+00,-1.095058253215293931e+00,-1.096001949655846630e+00,-1.096309175589926577e+00,-1.000000000000000000e+00,-1.000000000000000000e+00,-1.000000000000000000e+00,-1.000000000000000000e+00,-1.000000000000000000e+00,-1.000000000000000000e+00,-1.000000000000000000e+00,-1.000000000000000000e+00,-1.000000000000000000e+00,-1.000000000000000000e+00,-1.000000000000000000e+00,-1.000000000000000000e+00,-1.000000000000000000e+00,-1.000000000000000000e+00,-1.000000000000000000e+00,-1.000000000000000000e+00,-1.000000000000000000e+00,-1.000000000000000000e+00,-1.000000000000000000e+00,-1.000000000000000000e+00,-1.000000000000000000e+00,-1.000000000000000000e+00,-1.000000000000000000e+00,-1.000000000000000000e+00,-1.000000000000000000e+00,-1.000000000000000000e+00,-1.000000000000000000e+00,-1.000000000000000000e+00,-1.000000000000000000e+00,-1.000000000000000000e+00,-1.000000000000000000e+00,-1.000000000000000000e+00,-1.000000000000000000e+00,-1.000000000000000000e+00,-1.000000000000000000e+00,-1.000000000000000000e+00,-1.000000000000000000e+00,-1.000000000000000000e+00,-1.000000000000000000e+00,-1.000000000000000000e+00,-1.000000000000000000e+00,-1.000000000000000000e+00
-1.000000000000000000e+00,-1.000000000000000000e+00,-1.000000000000000000e+00,-1.000000000000000000e+00,-1.000000000000000000e+00,-1.000000000000000000e+00,-1.000000000000000000e+00,-1.000000000000000000e+00,-1.000000000000000000e+00,-1.000000000000000000e+00,-1.000000000000000000e+00,-1.000000000000000000e+00,-1.000000000000000000e+00,-1.000000000000000000e+00,-1.000000000000000000e+00,-1.000000000000000000e+00,-1.000000000000000000e+00,-1.000000000000000000e+00,-1.000000000000000000e+00,-1.000000000000000000e+00,-1.000000000000000000e+00,-1.000000000000000000e+00,-1.000000000000000000e+00,-1.000000000000000000e+00,-1.000000000000000000e+00,-1.000000000000000000e+00,-1.000000000000000000e+00,-1.000000000000000000e+00,-1.000000000000000000e+00,-1.000000000000000000e+00,-1.000000000000000000e+00,-1.000000000000000000e+00,-1.000000000000000000e+00,-1.000000000000000000e+00,-1.000000000000000000e+00,-1.000000000000000000e+00,-1.000000000000000000e+00,-1.000000000000000000e+00,-1.000000000000000000e+00,-1.000000000000000000e+00,-1.000000000000000000e+00,-1.000000000000000000e+00,-1.102880909213496352e+00,-1.102586517678911360e+00,-1.101681357759286994e+00,-1.100098724897188296e+00,-1.097724973276063887e+00,-1.094395892684042249e+00,-1.089891823522620262e+00,-1.083931739788162485e+00,-1.076166666125748073e+00,-1.066172996859197530e+00,-1.053446588445418941e+00,-1.037398951550535076e+00,-1.017357548499489894e+00,-9.925732080849311023e-01,-9.622391389604966205e-01,-9.255281203015125469e-01,-8.816573368799516253e-01,-8.299940723154064504e-01,-7.702198108137975341e-01,-7.025740582791148992e-01,-6.281990540223292285e-01,-5.495942681992379564e-01,-4.711461193670968273e-01,-3.995813748040160096e-01,-3.439105652217313569e-01,-3.137856247404690047e-01,-3.137856247386560105e-01,-3.439105652164499149e-01,-3.995813748084965367e-01,-4.711461194078596648e-01,-5.495942682893202313e-01,-6.281990541490856117e-01,-7.025740584135197198e-01,-7.702198109284452698e-01,-8.299940724017931259e-01,-8.816573369434427265e-01,-9.255281203686289704e-01,-9.622391390729918559e-01,-9.925732082738009110e-01,-1.017357548760368324e+00,-1.037398951868103714e+00,-1.053446588794648253e+00,-1.066172997205056427e+00,-1.076166666451693787e+00,-1.083931740105441133e+00,-1.089891823865553722e+00,-1.094395893091292926e+00,-1.097724973758303024e+00,-1.100098725460452176e+00,-1.101681358363169272e+00,-1.102586518352631550e+00,-1.102880909967348444e+00,-1.000000000000000000e+00,-1.000000000000000000e+00,-1.000000000000000000e+00,-1.000000000000000000e+00,-1.000000000000000000e+00,-1.000000000000000000e+00,-1.000000000000000000e+00,-1.000000000000000000e+00,-1.000000000000000000e+00,-1.000000000000000000e+00,-1.000000000000000000e+00,-1.000000000000000000e+00,-1.000000000000000000e+00,-1.000000000000000000e+00,-1.000000000000000000e+00,-1.000000000000000000e+00,-1.000000000000000000e+00,-1.000000000000000000e+00,-1.000000000000000000e+00,-1.000000000000000000e+00,-1.000000000000000000e+00,-1.000000000000000000e+00,-1.000000000000000000e+00,-1.000000000000000000e+00,-1.000000000000000000e+00,-1.000000000000000000e+00,-1.000000000000000000e+00,-1.000000000000000000e+00,-1.000000000000000000e+00,-1.000000000000000000e+00,-1.000000000000000000e+00,-1.000000000000000000e+00,-1.000000000000000000e+00,-1.000000000000000000e+00,-1.000000000000000000e+00,-1.000000000000000000e+00,-1.000000000000000000e+00,-1.000000000000000000e+00,-1.000000000000000000e+00,-1.000000000000000000e+00,-1.000000000000000000e+00,-1.000000000000000000e+00
-1.000000000000000000e+00,-1.000000000000000000e+00,-1.000000000000000000e+00,-1.000000000000000000e+00,-1.000000000000000000e+00,-1.000000000000000000e+00,-1.000000000000000000e+00,-1.000000000000000000e+00,-1.000000000000000000e+00,-1.000000000000000000e+00,-1.000000000000000000e+00,-1.000000000000000000e+00,-1.000000000000000000e+00,-1.000000000000000000e+00,-1.000000000000000000e+00,-1.000000000000000000e+00,-1.000000000000000000e+00,-1.000000000000000000e+00,-1.000000000000000000e+00,-1.000000000000000000e+00,-1.000000000000000000e+00,-1.000000000000000000e+00,-1.000000000000000000e+00,-1.000000000000000000e+00,-1.000000000000000000e+00,-1.000000000000000000e+00,-1.000000000000000000e+00,-1.000000000000000000e+00,-1.000000000000000000e+00,-1.000000000000000000e+00,-1.000000000000000000e+00,-1.000000000000000000e+00,-1.000000000000000000e+00,-1.000000000000000000e+00,-1.000000000000000000e+00,-1.000000000000000000e+00,-1.000000000000000000e+00,-1.000000000000000000e+00,-1.000000000000000000e+00,-1.000000000000000000e+00,-1.000000000000000000e+00,-1.000000000000000000e+00,-1.109173605663032580e+00,-1.108890064937433362e+00,-1.108017547948503934e+00,-1.106489637329965081e+00,-1.104193217744692035e+00,-1.100964930066969050e+00,-1.096586392841038649e+00,-1.090778417768308195e+00,-1.083194579234805000e+00,-1.073414695525121809e+00,-1.060939077166278999e+00,-1.045184845012054664e+00,-1.025486290286123037e+00,-1.001102241876393739e+00,-9.712348577002430927e-01,-9.350663304546881216e-01,-8.918228546838393722e-01,-8.408789086002028679e-01,-7.819191963263585343e-01,-7.151793236869200543e-01,-6.417861610138821948e-01,-5.642067438731819262e-01,-4.867716558506172131e-01,-4.161232948021079681e-01,-3.611606507940742228e-01,-3.314176005879280185e-01,-3.314176005682418769e-01,-3.611606507496832874e-01,-4.161232947673191296e-01,-4.867716558593256915e-01,-5.642067439388310790e-01,-6.417861611261261867e-01,-7.151793238226207272e-01,-7.819191964562948183e-01,-8.408789087030343889e-01,-8.918228547515503202e-01,-9.350663305043372953e-01,-9.712348577690569362e-01,-1.001102241999835440e+00,-1.025486290476780971e+00,-1.045184845273378293e+00,-1.060939077490070881e+00,-1.073414695875724911e+00,-1.083194579586888917e+00,-1.090778418111106873e+00,-1.096586393185571051e+00,-1.100964930432989153e+00,-1.104193218138210364e+00,-1.106489637773832468e+00,-1.108017548430454635e+00,-1.108890065507465161e+00,-1.109173606350509989e+00,-1.000000000000000000e+00,-1.000000000000000000e+00,-1.000000000000000000e+00,-1.000000000000000000e+00,-1.000000000000000000e+00,-1.000000000000000000e+00,-1.000000000000000000e+00,-1.000000000000000000e+00,-1.000000000000000000e+00,-1.000000000000000000e+00,-1.000000000000000000e+00,-1.000000000000000000e+00,-1.000000000000000000e+00,-1.000000000000000000e+00,-1.000000000000000000e+00,-1.000000000000000000e+00,-1.000000000000000000e+00,-1.000000000000000000e+00,-1.000000000000000000e+00,-1.000000000000000000e+00,-1.000000000000000000e+00,-1.000000000000000000e+00,-1.000000000000000000e+00,-1.000000000000000000e+00,-1.000000000000000000e+00,-1.000000000000000000e+00,-1.000000000000000000e+00,-1.000000000000000000e+00,-1.000000000000000000e+00,-1.000000000000000000e+00,-1.000000000000000000e+00,-1.000000000000000000e+00,-1.000000000000000000e+00,-1.000000000000000000e+00,-1.000000000000000000e+00,-1.000000000000000000e+00,-1.000000000000000000e+00,-1.000000000000000000e+00,-1.000000000000000000e+00,-1.000000000000000000e+00,-1.000000000000000000e+00,-1.000000000000000000e+00
-1.000000000000000000e+00,-1.000000000000000000e+00,-1.000000000000000000e+00,-1.000000000000000000e+00,-1.000000000000000000e+00,-1.000000000000000000e+00,-1.000000000000000000e+00,-1.000000000000000000e+00,-1.000000000000000000e+00,-1.000000000000000000e+00,-1.000000000000000000e+00,-1.000000000000000000e+00,-1.000000000000000000e+00,-1.000000000000000000e+00,-1.000000000000000000e+00,-1.000000000000000000e+00,-1.000000000000000000e+00,-1.000000000000000000e+00,-1.000000000000000000e+00,-1.000000000000000000e+00,-1.000000000000000000e+00,-1.000000000000000000e+00,-1.000000000000000000e+00,-1.000000000000000000e+00,-1.000000000000000000e+00,-1.000000000000000000e+00,-1.000000000000000000e+00,-1.000000000000000000e+00,-1.000000000000000000e+00,-1.000000000000000000e+00,-1.000000000000000000e+00,-1.000000000000000000e+00,-1.000000000000000000e+00,-1.000000000000000000e+00,-1.000000000000000000e+00,-1.000000000000000000e+00,-1.000000000000000000e+00,-1.000000000000000000e+00,-1.000000000000000000e+00,-1.000000000000000000e+00,-1.000000000000000000e+00,-1.000000000000000000e+00,-1.115210184243591751e+00,-1.114935932972175525e+00,-1.114091414903157773e+00,-1.112610618200454926e+00,-1.110381149035461590e+00,-1.107240753342490835e+00,-1.102972630382112573e+00,-1.097299761475584390e+00,-1.089878607892205586e+00,-1.080292725974071555e+00,-1.068047140434885245e+00,-1.052564757260292083e+00,-1.033186758208912481e+00,-1.009179899667262514e+00,-9.797550731723623230e-01,-9.441035351565437717e-01,-9.014600390305318456e-01,-8.512057701059203563e-01,-7.930282329452811307e-01,-7.271589358888894683e-01,-6.547096165964758629e-01,-5.781158160366786092e-01,-5.016542324617956350e-01,-4.318861136486832342e-01,-3.776033906376546900e-01,-3.482268190285416898e-01,-3.482268190030450850e-01,-3.776033905822441250e-01,-4.318861135998302014e-01,-5.016542324441650713e-01,-5.781158160632009491e-01,-6.547096166695103303e-01,-7.271589359991145196e-01,-7.930282330692306481e-01,-8.512057702205797494e-01,-9.014600391206836205e-01,-9.441035352234473654e-01,-9.797550732345930991e-01,-1.009179899749833353e+00,-1.033186758331473110e+00,-1.052564757442259635e+00,-1.068047140692310659e+00,-1.080292726286547822e+00,-1.089878608241258373e+00,-1.097299761841020072e+00,-1.102972630752117933e+00,-1.107240753710153403e+00,-1.110381149387444477e+00,-1.112610618559150222e+00,-1.114091415272696839e+00,-1.114935933423551351e+00,-1.115210184828631990e+00,-1.000000000000000000e+00,-1.000000000000000000e+00,-1.000000000000000000e+00,-1.000000000000000000e+00,-1.000000000000000000e+00,-1.000000000000000000e+00,-1.000000000000000000e+00,-1.000000000000000000e+00,-1.000000000000000000e+00,-1.000000000000000000e+00,-1.000000000000000000e+00,-1.000000000000000000e+00,-1.000000000000000000e+00,-1.000000000000000000e+00,-1.000000000000000000e+00,-1.000000000000000000e+00,-1.000000000000000000e+00,-1.000000000000000000e+00,-1.000000000000000000e+00,-1.000000000000000000e+00,-1.000000000000000000e+00,-1.000000000000000000e+00,-1.000000000000000000e+00,-1.000000000000000000e+00,-1.000000000000000000e+00,-1.000000000000000000e+00,-1.000000000000000000e+00,-1.000000000000000000e+00,-1.000000000000000000e+00,-1.000000000000000000e+00,-1.000000000000000000e+00,-1.000000000000000000e+00,-1.000000000000000000e+00,-1.000000000000000000e+00,-1.000000000000000000e+00,-1.000000000000000000e+00,-1.000000000000000000e+00,-1.000000000000000000e+00,-1.000000000000000000e+00,-1.000000000000000000e+00,-1.000000000000000000e+00,-1.000000000000000000e+00
-1.000000000000000000e+00,-1.000000000000000000e+00,-1.000000000000000000e+00,-1.000000000000000000e+00,-1.000000000000000000e+00,-1.000000000000000000e+00,-1.000000000000000000e+00,-1.000000000000000000e+00,-1.000000000000000000e+00,-1.000000000000000000e+00,-1.000000000000000000e+00,-1.000000000000000000e+00,-1.000000000000000000e+00,-1.000000000000000000e+00,-1.000000000000000000e+00,-1.000000000000000000e+00,-1.000000000000000000e+00,-1.000000000000000000e+00,-1.000000000000000000e+00,-1.000000000000000000e+00,-1.000000000000000000e+00,-1.000000000000000000e+00,-1.000000000000000000e+00,-1.000000000000000000e+00,-1.000000000000000000e+00,-1.000000000000000000e+00,-1.000000000000000000e+00,-1.000000000000000000e+00,-1.000000000000000000e+00,-1.000000000000000000e+00,-1.000000000000000000e+00,-1.000000000000000000e+00,-1.000000000000000000e+00,-1.000000000000000000e+00,-1.000000000000000000e+00,-1.000000000000000000e+00,-1.000000000000000000e+00,-1.000000000000000000e+00,-1.000000000000000000e+00,-1.000000000000000000e+00,-1.000000000000000000e+00,-1.000000000000000000e+00,-1.121008599680083595e+00,-1.120742397055109585e+00,-1.119922182583343861e+00,-1.118482429697270408e+00,-1.116311593750945574e+00,-1.113248693293021674e+00,-1.109078704148848349e+00,-1.103526986224057094e+00,-1.096253091205128261e+00,-1.086844490360421966e+00,-1.074811050127250311e+00,-1.059581517639624382e+00,-1.040503930567442170e+00,-1.016852834766612590e+00,-9.878476115319658746e-01,-9.526882439990754792e-01,-9.106176476761861371e-01,-8.610233194974070692e-01,-8.035952670135838583e-01,-7.385608430629778676e-01,-6.670170278709866007e-01,-5.913689229955783055e-01,-5.158413542690017950e-01,-4.469176204032150324e-01,-3.932869547165648294e-01,-3.642617230293031527e-01,-3.642617230174783893e-01,-3.932869546872287403e-01,-4.469176203631839428e-01,-5.158413542278539321e-01,-5.913689229752667753e-01,-6.670170278903491123e-01,-7.385608431251136086e-01,-8.035952671069077624e-01,-8.610233196092339503e-01,-9.106176477904849298e-01,-9.526882441002723079e-01,-9.878476116156861275e-01,-1.016852834838368969e+00,-1.040503930642649566e+00,-1.059581517744979884e+00,-1.074811050299077753e+00,-1.086844490600241908e+00,-1.096253091511789846e+00,-1.103526986582088476e+00,-1.109078704533842163e+00,-1.113248693677225898e+00,-1.116311594098876148e+00,-1.118482430016621620e+00,-1.119922182879420358e+00,-1.120742397409390412e+00,-1.121008600158116320e+00,-1.000000000000000000e+00,-1.000000000000000000e+00,-1.000000000000000000e+00,-1.000000000000000000e+00,-1.000000000000000000e+00,-1.000000000000000000e+00,-1.000000000000000000e+00,-1.000000000000000000e+00,-1.000000000000000000e+00,-1.000000000000000000e+00,-1.000000000000000000e+00,-1.000000000000000000e+00,-1.000000000000000000e+00,-1.000000000000000000e+00,-1.000000000000000000e+00,-1.000000000000000000e+00,-1.000000000000000000e+00,-1.000000000000000000e+00,-1.000000000000000000e+00,-1.000000000000000000e+00,-1.000000000000000000e+00,-1.000000000000000000e+00,-1.000000000000000000e+00,-1.000000000000000000e+00,-1.000000000000000000e+00,-1.000000000000000000e+00,-1.000000000000000000e+00,-1.000000000000000000e+00,-1.000000000000000000e+00,-1.000000000000000000e+00,-1.000000000000000000e+00,-1.000000000000000000e+00,-1.000000000000000000e+00,-1.000000000000000000e+00,-1.000000000000000000e+00,-1.000000000000000000e+00,-1.000000000000000000e+00,-1.000000000000000000e+00,-1.000000000000000000e+00,-1.000000000000000000e+00,-1.000000000000000000e+00,-1.000000000000000000e+00
-1.000000000000000000e+00,-1.000000000000000000e+00,-1.000000000000000000e+00,-1.000000000000000000e+00,-1.000000000000000000e+00,-1.000000000000000000e+00,-1.000000000000000000e+00,-1.000000000000000000e+00,-1.000000000000000000e+00,-1.000000000000000000e+00,-1.000000000000000000e+00,-1.000000000000000000e+00,-1.000000000000000000e+00,-1.000000000000000000e+00,-1.000000000000000000e+00,-1.000000000000000000e+00,-1.000000000000000000e+00,-1.000000000000000000e+00,-1.000000000000000000e+00,-1.000000000000000000e+00,-1.000000000000000000e+00,-1.000000000000000000e+00,-1.000000000000000000e+00,-1.000000000000000000e+00,-1.000000000000000000e+00,-1.000000000000000000e+00,-1.000000000000000000e+00,-1.000000000000000000e+00,-1.000000000000000000e+00,-1.000000000000000000e+00,-1.000000000000000000e+00,-1.000000000000000000e+00,-1.000000000000000000e+00,-1.000000000000000000e+00,-1.000000000000000000e+00,-1.000000000000000000e+00,-1.000000000000000000e+00,-1.000000000000000000e+00,-1.000000000000000000e+00,-1.000000000000000000e+00,-1.000000000000000000e+00,-1.000000000000000000e+00,-1.126582778898723047e+00,-1.126323627634971958e+00,-1.125524742279863766e+00,-1.124121132343586904e+00,-1.122002182707597662e+00,-1.119008287823169079e+00,-1.114926317002810974e+00,-1.109484127339226189e+00,-1.102344466921435728e+00,-1.093098799304401014e+00,-1.081261864724343047e+00,-1.066268222498896190e+00,-1.047472663443401286e+00,-1.024157339235844288e+00,-9.955498583554346359e-01,-9.608586042772327973e-01,-9.193342979150492811e-01,-8.703704189702214933e-01,-8.136592675224738613e-01,-7.494240803654073080e-01,-6.787475495126025216e-01,-6.040054645255639176e-01,-5.293728201762191166e-01,-4.612581289629730241e-01,-4.082521685807889433e-01,-3.795634639033165225e-01,-3.795634639032905433e-01,-4.082521685731709260e-01,-4.612581289332410295e-01,-5.293728201253204979e-01,-6.040054644743614309e-01,-6.787475494810488730e-01,-7.494240803664260486e-01,-8.136592675651318496e-01,-8.703704190597401080e-01,-9.193342980382661622e-01,-9.608586044064979514e-01,-9.955498584690919417e-01,-1.024157339319241133e+00,-1.047472663500046863e+00,-1.066268222552594569e+00,-1.081261864818912066e+00,-1.093098799458868786e+00,-1.102344467153119734e+00,-1.109484127647444751e+00,-1.114926317365516395e+00,-1.119008288207086199e+00,-1.122002183064672920e+00,-1.124121132662078137e+00,-1.125524742553526636e+00,-1.126323627938861760e+00,-1.126582779296876113e+00,-1.000000000000000000e+00,-1.000000000000000000e+00,-1.000000000000000000e+00,-1.000000000000000000e+00,-1.000000000000000000e+00,-1.000000000000000000e+00,-1.000000000000000000e+00,-1.000000000000000000e+00,-1.000000000000000000e+00,-1.000000000000000000e+00,-1.000000000000000000e+00,-1.000000000000000000e+00,-1.000000000000000000e+00,-1.000000000000000000e+00,-1.000000000000000000e+00,-1.000000000000000000e+00,-1.000000000000000000e+00,-1.000000000000000000e+00,-1.000000000000000000e+00,-1.000000000000000000e+00,-1.000000000000000000e+00,-1.000000000000000000e+00,-1.000000000000000000e+00,-1.000000000000000000e+00,-1.000000000000000000e+00,-1.000000000000000000e+00,-1.000000000000000000e+00,-1.000000000000000000e+00,-1.000000000000000000e+00,-1.000000000000000000e+00,-1.000000000000000000e+00,-1.000000000000000000e+00,-1.000000000000000000e+00,-1.000000000000000000e+00,-1.000000000000000000e+00,-1.000000000000000000e+00,-1.000000000000000000e+00,-1.000000000000000000e+00,-1.000000000000000000e+00,-1.000000000000000000e+00,-1.000000000000000000e+00,-1.000000000000000000e+00
-1.000000000000000000e+00,-1.000000000000000000e+00,-1.000000000000000000e+00,-1.000000000000000000e+00,-1.000000000000000000e+00,-1.000000000000000000e+00,-1.000000000000000000e+00,-1.000000000000000000e+00,-1.000000000000000000e+00,-1.000000000000000000e+00,-1.000000000000000000e+00,-1.000000000000000000e+00,-1.000000000000000000e+00,-1.000000000000000000e+00,-1.000000000000000000e+00,-1.000000000000000000e+00,-1.000000000000000000e+00,-1.000000000000000000e+00,-1.000000000000000000e+00,-1.000000000000000000e+00,-1.000000000000000000e+00,-1.000000000000000000e+00,-1.000000000000000000e+00,-1.000000000000000000e+00,-1.000000000000000000e+00,-1.000000000000000000e+00,-1.000000000000000000e+00,-1.000000000000000000e+00,-1.000000000000000000e+00,-1.000000000000000000e+00,-1.000000000000000000e+00,-1.000000000000000000e+00,-1.000000000000000000e+00,-1.000000000000000000e+00,-1.000000000000000000e+00,-1.000000000000000000e+00,-1.000000000000000000e+00,-1.000000000000000000e+00,-1.000000000000000000e+00,-1.000000000000000000e+00,-1.000000000000000000e+00,-1.000000000000000000e+00,-1.131943437147965081e+00,-1.131690525404210890e+00,-1.130910543792687184e+00,-1.129539067257764984e+00,-1.127466455554351876e+00,-1.124534534988294032e+00,-1.120532127428644609e+00,-1.115189639886974282e+00,-1.108173052155121852e+00,-1.099077825789868790e+00,-1.087423538642159127e+00,-1.072650472956109935e+00,-1.054120022070621054e+00,-1.031121728357402345e+00,-1.002891152769199046e+00,-9.686447615305239234e-01,-9.276407537129511827e-01,-8.792783106336186094e-01,-8.232518754761046775e-01,-7.597806749882127786e-01,-6.899336431860647600e-01,-6.160584260805370693e-01,-5.422822326235405832e-01,-4.749419012940689910e-01,-4.225338812398502508e-01,-3.941672432817954208e-01,-3.941672432833318584e-01,-4.225338812358834240e-01,-4.749419012699065412e-01,-5.422822325741876170e-01,-6.160584260124604139e-01,-6.899336431132618852e-01,-7.597806749346144306e-01,-8.232518754682387474e-01,-8.792783106873688359e-01,-9.276407538191723257e-01,-9.686447616608822031e-01,-1.002891152898315097e+00,-1.031121728458293640e+00,-1.054120022133398171e+00,-1.072650472993400328e+00,-1.087423538689393343e+00,-1.099077825871454195e+00,-1.108173052299272099e+00,-1.115189640110612723e+00,-1.120532127725353488e+00,-1.124534535335959040e+00,-1.127466455907913945e+00,-1.129539067591351698e+00,-1.130910544084252178e+00,-1.131690525706858796e+00,-1.131943437510336770e+00,-1.000000000000000000e+00,-1.000000000000000000e+00,-1.000000000000000000e+00,-1.000000000000000000e+00,-1.000000000000000000e+00,-1.000000000000000000e+00,-1.000000000000000000e+00,-1.000000000000000000e+00,-1.000000000000000000e+00,-1.000000000000000000e+00,-1.000000000000000000e+00,-1.000000000000000000e+00,-1.000000000000000000e+00,-1.000000000000000000e+00,-1.000000000000000000e+00,-1.000000000000000000e+00,-1.000000000000000000e+00,-1.000000000000000000e+00,-1.000000000000000000e+00,-1.000000000000000000e+00,-1.000000000000000000e+00,-1.000000000000000000e+00,-1.000000000000000000e+00,-1.000000000000000000e+00,-1.000000000000000000e+00,-1.000000000000000000e+00,-1.000000000000000000e+00,-1.000000000000000000e+00,-1.000000000000000000e+00,-1.000000000000000000e+00,-1.000000000000000000e+00,-1.000000000000000000e+00,-1.000000000000000000e+00,-1.000000000000000000e+00,-1.000000000000000000e+00,-1.000000000000000000e+00,-1.000000000000000000e+00,-1.000000000000000000e+00,-1.000000000000000000e+00,-1.000000000000000000e+00,-1.000000000000000000e+00,-1.000000000000000000e+00
-1.000000000000000000e+00,-1.000000000000000000e+00,-1.000000000000000000e+00,-1.000000000000000000e+00,-1.000000000000000000e+00,-1.000000000000000000e+00,-1.000000000000000000e+00,-1.000000000000000000e+00,-1.000000000000000000e+00,-1.000000000000000000e+00,-1.000000000000000000e+00,-1.000000000000000000e+00,-1.000000000000000000e+00,-1.000000000000000000e+00,-1.000000000000000000e+00,-1.000000000000000000e+00,-1.000000000000000000e+00,-1.000000000000000000e+00,-1.000000000000000000e+00,-1.000000000000000000e+00,-1.000000000000000000e+00,-1.000000000000000000e+00,-1.000000000000000000e+00,-1.000000000000000000e+00,-1.000000000000000000e+00,-1.000000000000000000e+00,-1.000000000000000000e+00,-1.000000000000000000e+00,-1.000000000000000000e+00,-1.000000000000000000e+00,-1.000000000000000000e+00,-1.000000000000000000e+00,-1.000000000000000000e+00,-1.000000000000000000e+00,-1.000000000000000000e+00,-1.000000000000000000e+00,-1.000000000000000000e+00,-1.000000000000000000e+00,-1.000000000000000000e+00,-1.000000000000000000e+00,-1.000000000000000000e+00,-1.000000000000000000e+00,-1.137098770005225079e+00,-1.136851427743724052e+00,-1.136088344601287270e+00,-1.134745674563209850e+00,-1.132714771974453694e+00,-1.129838916406322280e+00,-1.125908899325480661e+00,-1.120657682786535103e+00,-1.113754462788770105e+00,-1.104798653445428602e+00,-1.093314585643889281e+00,-1.078748132919647995e+00,-1.060467107276494181e+00,-1.037768205261913712e+00,-1.009894658020396241e+00,-9.760707041104352832e-01,-9.355617150055006714e-01,-8.877723262135646110e-01,-8.323990165359305138e-01,-7.696571525543649539e-01,-7.006024775049597419e-01,-6.275556809659039725e-01,-5.545982181710469305e-01,-4.879983076653001683e-01,-4.361620877852435685e-01,-4.081034186181448087e-01,-4.081034186178884582e-01,-4.361620877779498473e-01,-4.879983076391953833e-01,-5.545982181174311521e-01,-6.275556808849931389e-01,-7.006024774119192777e-01,-7.696571524754978189e-01,-8.323990164952522752e-01,-8.877723262251273617e-01,-9.355617150682271621e-01,-9.760707042080094542e-01,-1.009894658136886392e+00,-1.037768205369819619e+00,-1.060467107356971139e+00,-1.078748132971035778e+00,-1.093314585681563145e+00,-1.104798653485832061e+00,-1.113754462858637995e+00,-1.120657682915104036e+00,-1.125908899527438223e+00,-1.129838916681058292e+00,-1.132714772294177719e+00,-1.134745674899361623e+00,-1.136088344922214333e+00,-1.136851428073740511e+00,-1.137098770370745138e+00,-1.000000000000000000e+00,-1.000000000000000000e+00,-1.000000000000000000e+00,-1.000000000000000000e+00,-1.000000000000000000e+00,-1.000000000000000000e+00,-1.000000000000000000e+00,-1.000000000000000000e+00,-1.000000000000000000e+00,-1.000000000000000000e+00,-1.000000000000000000e+00,-1.000000000000000000e+00,-1.000000000000000000e+00,-1.000000000000000000e+00,-1.000000000000000000e+00,-1.000000000000000000e+00,-1.000000000000000000e+00,-1.000000000000000000e+00,-1.000000000000000000e+00,-1.000000000000000000e+00,-1.000000000000000000e+00,-1.000000000000000000e+00,-1.000000000000000000e+00,-1.000000000000000000e+00,-1.000000000000000000e+00,-1.000000000000000000e+00,-1.000000000000000000e+00,-1.000000000000000000e+00,-1.000000000000000000e+00,-1.000000000000000000e+00,-1.000000000000000000e+00,-1.000000000000000000e+00,-1.000000000000000000e+00,-1.000000000000000000e+00,-1.000000000000000000e+00,-1.000000000000000000e+00,-1.000000000000000000e+00,-1.000000000000000000e+00,-1.000000000000000000e+00,-1.000000000000000000e+00,-1.000000000000000000e+00,-1.000000000000000000e+00
-1.000000000000000000e+00,-1.000000000000000000e+00,-1.000000000000000000e+00,-1.000000000000000000e+00,-1.000000000000000000e+00,-1.000000000000000000e+00,-1.000000000000000000e+00,-1.000000000000000000e+00,-1.000000000000000000e+00,-1.000000000000000000e+00,-1.000000000000000000e+00,-1.000000000000000000e+00,-1.000000000000000000e+00,-1.000000000000000000e+00,-1.000000000000000000e+00,-1.000000000000000000e+00,-1.000000000000000000e+00,-1.000000000000000000e+00,-1.000000000000000000e+00,-1.000000000000000000e+00,-1.000000000000000000e+00,-1.000000000000000000e+00,-1.000000000000000000e+00,-1.000000000000000000e+00,-1.000000000000000000e+00,-1.000000000000000000e+00,-1.000000000000000000e+00,-1.000000000000000000e+00,-1.000000000000000000e+00,-1.000000000000000000e+00,-1.000000000000000000e+00,-1.000000000000000000e+00,-1.000000000000000000e+00,-1.000000000000000000e+00,-1.000000000000000000e+00,-1.000000000000000000e+00,-1.000000000000000000e+00,-1.000000000000000000e+00,-1.000000000000000000e+00,-1.000000000000000000e+00,-1.000000000000000000e+00,-1.000000000000000000e+00,-1.142055027270259426e+00,-1.141812693532490375e+00,-1.141064826955621170e+00,-1.139748162724871339e+00,-1.137755050907505838e+00,-1.134930220788679334e+00,-1.131066420229433600e+00,-1.125899137366794145e+00,-1.119100732758449235e+00,-1.110274491461318291e+00,-1.098949378886182826e+00,-1.084576698817017792e+00,-1.066530475351388896e+00,-1.044114308512961831e+00,-1.016578812975496682e+00,-9.831556951109068354e-01,-9.431172086546667499e-01,-8.958732193824995305e-01,-8.411221622529947428e-01,-7.790757209860219579e-01,-7.107770349698848689e-01,-6.385210273228081324e-01,-5.663454070294533516e-01,-5.004527647023784276e-01,-4.491628424799539721e-01,-4.213984053444462807e-01,-4.213984053400219310e-01,-4.491628424618049342e-01,-5.004527646621419468e-01,-5.663454069638489408e-01,-6.385210272388617270e-01,-7.107770348828190698e-01,-7.790757209090847235e-01,-8.411221621952646998e-01,-8.958732193535150490e-01,-9.431172086624899364e-01,-9.831556951535990185e-01,-1.016578813052157138e+00,-1.044114308606750807e+00,-1.066530475443003168e+00,-1.084576698894439861e+00,-1.098949378942503774e+00,-1.110274491496658245e+00,-1.119100732786706187e+00,-1.125899137419009710e+00,-1.131066420337068390e+00,-1.134930220972308224e+00,-1.137755051163545028e+00,-1.139748163032874517e+00,-1.141064827285982908e+00,-1.141812693885235319e+00,-1.142055027653218646e+00,-1.000000000000000000e+00,-1.000000000000000000e+00,-1.000000000000000000e+00,-1.000000000000000000e+00,-1.000000000000000000e+00,-1.000000000000000000e+00,-1.000000000000000000e+00,-1.000000000000000000e+00,-1.000000000000000000e+00,-1.000000000000000000e+00,-1.000000000000000000e+00,-1.000000000000000000e+00,-1.000000000000000000e+00,-1.000000000000000000e+00,-1.000000000000000000e+00,-1.000000000000000000e+00,-1.000000000000000000e+00,-1.000000000000000000e+00,-1.000000000000000000e+00,-1.000000000000000000e+00,-1.000000000000000000e+00,-1.000000000000000000e+00,-1.000000000000000000e+00,-1.000000000000000000e+00,-1.000000000000000000e+00,-1.000000000000000000e+00,-1.000000000000000000e+00,-1.000000000000000000e+00,-1.000000000000000000e+00,-1.000000000000000000e+00,-1.000000000000000000e+00,-1.000000000000000000e+00,-1.000000000000000000e+00,-1.000000000000000000e+00,-1.000000000000000000e+00,-1.000000000000000000e+00,-1.000000000000000000e+00,-1.000000000000000000e+00,-1.000000000000000000e+00,-1.000000000000000000e+00,-1.000000000000000000e+00,-1.000000000000000000e+00
-1.000000000000000000e+00,-1.000000000000000000e+00,-1.000000000000000000e+00,-1.000000000000000000e+00,-1.000000000000000000e+00,-1.000000000000000000e+00,-1.000000000000000000e+00,-1.000000000000000000e+00,-1.000000000000000000e+00,-1.000000000000000000e+00,-1.000000000000000000e+00,-1.000000000000000000e+00,-1.000000000000000000e+00,-1.000000000000000000e+00,-1.000000000000000000e+00,-1.000000000000000000e+00,-1.000000000000000000e+00,-1.000000000000000000e+00,-1.000000000000000000e+00,-1.000000000000000000e+00,-1.000000000000000000e+00,-1.000000000000000000e+00,-1.000000000000000000e+00,-1.000000000000000000e+00,-1.000000000000000000e+00,-1.000000000000000000e+00,-1.000000000000000000e+00,-1.000000000000000000e+00,-1.000000000000000000e+00,-1.000000000000000000e+00,-1.000000000000000000e+00,-1.000000000000000000e+00,-1.000000000000000000e+00,-1.000000000000000000e+00,-1.000000000000000000e+00,-1.000000000000000000e+00,-1.000000000000000000e+00,-1.000000000000000000e+00,-1.000000000000000000e+00,-1.000000000000000000e+00,-1.000000000000000000e+00,-1.000000000000000000e+00,-1.146816979725608032e+00,-1.146579178109614849e+00,-1.145845097077598407e+00,-1.144552046938059453e+00,-1.142593361277215447e+00,-1.139815197692022331e+00,-1.136012225702234479e+00,-1.130922406431360994e+00,-1.124221187913612141e+00,-1.115515619295403216e+00,-1.104339158552383848e+00,-1.090148358635970149e+00,-1.072323234024382899e+00,-1.050174028491275058e+00,-1.022958451443891859e+00,-9.899153774627821312e-01,-9.503236637280262356e-01,-9.035981984504856124e-01,-8.494393112862271833e-01,-7.880551960256273469e-01,-7.204769825548247297e-01,-6.489750093218187299e-01,-5.775452143506121239e-01,-5.123274886191895305e-01,-4.615589958004093774e-01,-4.340754072112329442e-01,-4.340754072004728847e-01,-4.615589957670348520e-01,-5.123274885626221131e-01,-5.775452142773693787e-01,-6.489750092449819707e-01,-7.204769824830963287e-01,-7.880551959579689125e-01,-8.494393112217737407e-01,-9.035981983935875705e-01,-9.503236636874641263e-01,-9.899153774462535749e-01,-1.022958451466294383e+00,-1.050174028552002481e+00,-1.072323234109623158e+00,-1.090148358730430367e+00,-1.104339158633578677e+00,-1.115515619347714260e+00,-1.124221187934517641e+00,-1.130922406444542228e+00,-1.136012225745022253e+00,-1.139815197795028157e+00,-1.142593361456569090e+00,-1.144552047185873445e+00,-1.145845097377116151e+00,-1.146579178450181091e+00,-1.146816980109321538e+00,-1.000000000000000000e+00,-1.000000000000000000e+00,-1.000000000000000000e+00,-1.000000000000000000e+00,-1.000000000000000000e+00,-1.000000000000000000e+00,-1.000000000000000000e+00,-1.000000000000000000e+00,-1.000000000000000000e+00,-1.000000000000000000e+00,-1.000000000000000000e+00,-1.000000000000000000e+00,-1.000000000000000000e+00,-1.000000000000000000e+00,-1.000000000000000000e+00,-1.000000000000000000e+00,-1.000000000000000000e+00,-1.000000000000000000e+00,-1.000000000000000000e+00,-1.000000000000000000e+00,-1.000000000000000000e+00,-1.000000000000000000e+00,-1.000000000000000000e+00,-1.000000000000000000e+00,-1.000000000000000000e+00,-1.000000000000000000e+00,-1.000000000000000000e+00,-1.000000000000000000e+00,-1.000000000000000000e+00,-1.000000000000000000e+00,-1.000000000000000000e+00,-1.000000000000000000e+00,-1.000000000000000000e+00,-1.000000000000000000e+00,-1.000000000000000000e+00,-1.000000000000000000e+00,-1.000000000000000000e+00,-1.000000000000000000e+00,-1.000000000000000000e+00,-1.000000000000000000e+00,-1.000000000000000000e+00,-1.000000000000000000e+00
-1.000000000000000000e+00,-1.000000000000000000e+00,-1.000000000000000000e+00,-1.000000000000000000e+00,-1.000000000000000000e+00,-1.000000000000000000e+00,-1.000000000000000000e+00,-1.000000000000000000e+00,-1.000000000000000000e+00,-1.000000000000000000e+00,-1.000000000000000000e+00,-1.000000000000000000e+00,-1.000000000000000000e+00,-1.000000000000000000e+00,-1.000000000000000000e+00,-1.000000000000000000e+00,-1.000000000000000000e+00,-1.000000000000000000e+00,-1.000000000000000000e+00,-1.000000000000000000e+00,-1.000000000000000000e+00,-1.000000000000000000e+00,-1.000000000000000000e+00,-1.000000000000000000e+00,-1.000000000000000000e+00,-1.000000000000000000e+00,-1.000000000000000000e+00,-1.000000000000000000e+00,-1.000000000000000000e+00,-1.000000000000000000e+00,-1.000000000000000000e+00,-1.000000000000000000e+00,-1.000000000000000000e+00,-1.000000000000000000e+00,-1.000000000000000000e+00,-1.000000000000000000e+00,-1.000000000000000000e+00,-1.000000000000000000e+00,-1.000000000000000000e+00,-1.000000000000000000e+00,-1.000000000000000000e+00,-1.000000000000000000e+00,-1.151388292093626031e+00,-1.151154612359753138e+00,-1.150433082355082792e+00,-1.149161575578881989e+00,-1.147234387474445505e+00,-1.144499069937457980e+00,-1.140752164275717906e+00,-1.135734034646972646e+00,-1.129123121859670675e+00,-1.120530114984577441e+00,-1.109492806741756654e+00,-1.095472804881192808e+00,-1.077855882844026336e+00,-1.055958663090657668e+00,-1.029045660431107789e+00,-9.963626222540070687e-01,-9.571947386026347093e-01,-9.109617230597074622e-01,-8.573657493577790945e-01,-7.966117215747288149e-01,-7.297193532712858977e-01,-6.589355643168246512e-01,-5.882164601318675690e-01,-5.236420965471917377e-01,-4.733707855835965761e-01,-4.461550035217748400e-01,-4.461550035076031762e-01,-4.733707855436153356e-01,-5.236420964867378736e-01,-5.882164600615105154e-01,-6.589355642491382392e-01,-7.297193532093031454e-01,-7.966117215126518047e-01,-8.573657492910454758e-01,-9.109617229852245979e-01,-9.571947385257256746e-01,-9.963626221908192804e-01,-1.029045660406703755e+00,-1.055958663113972795e+00,-1.077855882905684792e+00,-1.095472804969314762e+00,-1.109492806830621126e+00,-1.120530115052244424e+00,-1.129123121893358395e+00,-1.135734034659135583e+00,-1.140752164297266891e+00,-1.144499069992665596e+00,-1.147234387585845727e+00,-1.149161575748376851e+00,-1.150433082584241484e+00,-1.151154612642440789e+00,-1.151388292441154260e+00,-1.000000000000000000e+00,-1.000000000000000000e+00,-1.000000000000000000e+00,-1.000000000000000000e+00,-1.000000000000000000e+00,-1.000000000000000000e+00,-1.000000000000000000e+00,-1.000000000000000000e+00,-1.000000000000000000e+00,-1.000000000000000000e+00,-1.000000000000000000e+00,-1.000000000000000000e+00,-1.000000000000000000e+00,-1.000000000000000000e+00,-1.000000000000000000e+00,-1.000000000000000000e+00,-1.000000000000000000e+00,-1.000000000000000000e+00,-1.000000000000000000e+00,-1.000000000000000000e+00,-1.000000000000000000e+00,-1.000000000000000000e+00,-1.000000000000000000e+00,-1.000000000000000000e+00,-1.000000000000000000e+00,-1.000000000000000000e+00,-1.000000000000000000e+00,-1.000000000000000000e+00,-1.000000000000000000e+00,-1.000000000000000000e+00,-1.000000000000000000e+00,-1.000000000000000000e+00,-1.000000000000000000e+00,-1.000000000000000000e+00,-1.000000000000000000e+00,-1.000000000000000000e+00,-1.000000000000000000e+00,-1.000000000000000000e+00,-1.000000000000000000e+00,-1.000000000000000000e+00,-1.000000000000000000e+00,-1.000000000000000000e+00
-1.000000000000000000e+00,-1.000000000000000000e+00,-1.000000000000000000e+00,-1.000000000000000000e+00,-1.000000000000000000e+00,-1.000000000000000000e+00,-1.000000000000000000e+00,-1.000000000000000000e+00,-1.000000000000000000e+00,-1.000000000000000000e+00,-1.000000000000000000e+00,-1.000000000000000000e+00,-1.000000000000000000e+00,-1.000000000000000000e+00,-1.000000000000000000e+00,-1.000000000000000000e+00,-1.000000000000000000e+00,-1.000000000000000000e+00,-1.000000000000000000e+00,-1.000000000000000000e+00,-1.000000000000000000e+00,-1.000000000000000000e+00,-1.000000000000000000e+00,-1.000000000000000000e+00,-1.000000000000000000e+00,-1.000000000000000000e+00,-1.000000000000000000e+00,-1.000000000000000000e+00,-1.000000000000000000e+00,-1.000000000000000000e+00,-1.000000000000000000e+00,-1.000000000000000000e+00,-1.000000000000000000e+00,-1.000000000000000000e+00,-1.000000000000000000e+00,-1.000000000000000000e+00,-1.000000000000000000e+00,-1.000000000000000000e+00,-1.000000000000000000e+00,-1.000000000000000000e+00,-1.000000000000000000e+00,-1.000000000000000000e+00,-1.155771816102683536e+00,-1.155541900341239492e+00,-1.154831842446125245e+00,-1.153580063071008244e+00,-1.151681791241235153e+00,-1.148985930360906904e+00,-1.145290833187320167e+00,-1.140339185397876598e+00,-1.133812313917512693e+00,-1.125324411999206298e+00,-1.114417438891829315e+00,-1.100557854339057506e+00,-1.083136953521900647e+00,-1.061477469827103004e+00,-1.034850434741101610e+00,-1.002508176761809811e+00,-9.637419542756582302e-01,-9.179761161922078694e-01,-8.649146354883442411e-01,-8.047593281952516442e-01,-7.385190776828751691e-01,-6.684185307081432770e-01,-5.983758587799941076e-01,-5.344140841226532324e-01,-4.846163085082501043e-01,-4.576556185273162880e-01,-4.576556185162793389e-01,-4.846163084776377028e-01,-5.344140840762012790e-01,-5.983758587240095572e-01,-6.684185306498821033e-01,-7.385190776224845877e-01,-8.047593281277899413e-01,-8.649146354099662704e-01,-9.179761160996688929e-01,-9.637419541770141374e-01,-1.002508176678126972e+00,-1.034850434693251220e+00,-1.061477469821316078e+00,-1.083136953550653425e+00,-1.100557854397628876e+00,-1.114417438961715634e+00,-1.125324412063575030e+00,-1.133812313964249752e+00,-1.140339185430064184e+00,-1.145290833222140092e+00,-1.148985930404679445e+00,-1.151681791309171032e+00,-1.153580063167379821e+00,-1.154831842588269764e+00,-1.155541900536077193e+00,-1.155771816379550732e+00,-1.000000000000000000e+00,-1.000000000000000000e+00,-1.000000000000000000e+00,-1.000000000000000000e+00,-1.000000000000000000e+00,-1.000000000000000000e+00,-1.000000000000000000e+00,-1.000000000000000000e+00,-1.000000000000000000e+00,-1.000000000000000000e+00,-1.000000000000000000e+00,-1.000000000000000000e+00,-1.000000000000000000e+00,-1.000000000000000000e+00,-1.000000000000000000e+00,-1.000000000000000000e+00,-1.000000000000000000e+00,-1.000000000000000000e+00,-1.000000000000000000e+00,-1.000000000000000000e+00,-1.000000000000000000e+00,-1.000000000000000000e+00,-1.000000000000000000e+00,-1.000000000000000000e+00,-1.000000000000000000e+00,-1.000000000000000000e+00,-1.000000000000000000e+00,-1.000000000000000000e+00,-1.000000000000000000e+00,-1.000000000000000000e+00,-1.000000000000000000e+00,-1.000000000000000000e+00,-1.000000000000000000e+00,-1.000000000000000000e+00,-1.000000000000000000e+00,-1.000000000000000000e+00,-1.000000000000000000e+00,-1.000000000000000000e+00,-1.000000000000000000e+00,-1.000000000000000000e+00,-1.000000000000000000e+00,-1.000000000000000000e+00
-1.000000000000000000e+00,-1.000000000000000000e+00,-1.000000000000000000e+00,-1.000000000000000000e+00,-1.000000000000000000e+00,-1.000000000000000000e+00,-1.000000000000000000e+00,-1.000000000000000000e+00,-1.000000000000000000e+00,-1.000000000000000000e+00,-1.000000000000000000e+00,-1.000000000000000000e+00,-1.000000000000000000e+00,-1.000000000000000000e+00,-1.000000000000000000e+00,-1.000000000000000000e+00,-1.000000000000000000e+00,-1.000000000000000000e+00,-1.000000000000000000e+00,-1.000000000000000000e+00,-1.000000000000000000e+00,-1.000000000000000000e+00,-1.000000000000000000e+00,-1.000000000000000000e+00,-1.000000000000000000e+00,-1.000000000000000000e+00,-1.000000000000000000e+00,-1.000000000000000000e+00,-1.000000000000000000e+00,-1.000000000000000000e+00,-1.000000000000000000e+00,-1.000000000000000000e+00,-1.000000000000000000e+00,-1.000000000000000000e+00,-1.000000000000000000e+00,-1.000000000000000000e+00,-1.000000000000000000e+00,-1.000000000000000000e+00,-1.000000000000000000e+00,-1.000000000000000000e+00,-1.000000000000000000e+00,-1.000000000000000000e+00,-1.159969817021310856e+00,-1.159743349209594321e+00,-1.159043809209620468e+00,-1.157810145968760418e+00,-1.155938489282136050e+00,-1.153279045284712812e+00,-1.149631910763631470e+00,-1.144742003668615782e+00,-1.138293422513644293e+00,-1.129903721540538752e+00,-1.119118851841214735e+00,-1.105409917388033847e+00,-1.088173494864741686e+00,-1.066738160020902715e+00,-1.040381173719037378e+00,-1.008361157217389614e+00,-9.699751772630101909e-01,-9.246520324675431279e-01,-8.720974525350675410e-01,-8.125103645762937754e-01,-7.468893969374486019e-01,-6.774380450197832193e-01,-6.080384041458777311e-01,-5.446592030269274964e-01,-4.953118942095926514e-01,-4.685938946219859735e-01,-4.685938946196174237e-01,-4.953118942013352566e-01,-5.446592030084755898e-01,-6.080384041129456296e-01,-6.774380449699269890e-01,-7.468893968683463225e-01,-8.125103644877211817e-01,-8.720974524321051247e-01,-9.246520323577690492e-01,-9.699751771591009764e-01,-1.008361157136027586e+00,-1.040381173667697334e+00,-1.066738159999044422e+00,-1.088173494864135504e+00,-1.105409917407093712e+00,-1.119118851871619302e+00,-1.129903721578182196e+00,-1.138293422556538204e+00,-1.144742003716078260e+00,-1.149631910819878478e+00,-1.153279045337162412e+00,-1.155938489331661101e+00,-1.157810146014759400e+00,-1.159043809276788739e+00,-1.159743349317393424e+00,-1.159969817215589671e+00,-1.000000000000000000e+00,-1.000000000000000000e+00,-1.000000000000000000e+00,-1.000000000000000000e+00,-1.000000000000000000e+00,-1.000000000000000000e+00,-1.000000000000000000e+00,-1.000000000000000000e+00,-1.000000000000000000e+00,-1.000000000000000000e+00,-1.000000000000000000e+00,-1.000000000000000000e+00,-1.000000000000000000e+00,-1.000000000000000000e+00,-1.000000000000000000e+00,-1.000000000000000000e+00,-1.000000000000000000e+00,-1.000000000000000000e+00,-1.000000000000000000e+00,-1.000000000000000000e+00,-1.000000000000000000e+00,-1.000000000000000000e+00,-1.000000000000000000e+00,-1.000000000000000000e+00,-1.000000000000000000e+00,-1.000000000000000000e+00,-1.000000000000000000e+00,-1.000000000000000000e+00,-1.000000000000000000e+00,-1.000000000000000000e+00,-1.000000000000000000e+00,-1.000000000000000000e+00,-1.000000000000000000e+00,-1.000000000000000000e+00,-1.000000000000000000e+00,-1.000000000000000000e+00,-1.000000000000000000e+00,-1.000000000000000000e+00,-1.000000000000000000e+00,-1.000000000000000000e+00,-1.000000000000000000e+00,-1.000000000000000000e+00
-1.000000000000000000e+00,-1.000000000000000000e+00,-1.000000000000000000e+00,-1.000000000000000000e+00,-1.000000000000000000e+00,-1.000000000000000000e+00,-1.000000000000000000e+00,-1.000000000000000000e+00,-1.000000000000000000e+00,-1.000000000000000000e+00,-1.000000000000000000e+00,-1.000000000000000000e+00,-1.000000000000000000e+00,-1.000000000000000000e+00,-1.000000000000000000e+00,-1.000000000000000000e+00,-1.000000000000000000e+00,-1.000000000000000000e+00,-1.000000000000000000e+00,-1.000000000000000000e+00,-1.000000000000000000e+00,-1.000000000000000000e+00,-1.000000000000000000e+00,-1.000000000000000000e+00,-1.000000000000000000e+00,-1.000000000000000000e+00,-1.000000000000000000e+00,-1.000000000000000000e+00,-1.000000000000000000e+00,-1.000000000000000000e+00,-1.000000000000000000e+00,-1.000000000000000000e+00,-1.000000000000000000e+00,-1.000000000000000000e+00,-1.000000000000000000e+00,-1.000000000000000000e+00,-1.000000000000000000e+00,-1.000000000000000000e+00,-1.000000000000000000e+00,-1.000000000000000000e+00,-1.000000000000000000e+00,-1.000000000000000000e+00,-1.163984145831392425e+00,-1.163760843904306119e+00,-1.163070968814016615e+00,-1.161853977044660313e+00,-1.160006863315800940e+00,-1.157381083746435557e+00,-1.153778407097398429e+00,-1.148945889367762430e+00,-1.142570281195926407e+00,-1.134272350121999562e+00,-1.123601860730383484e+00,-1.110034350974762329e+00,-1.092971437774027388e+00,-1.071747271225136355e+00,-1.045645056297403119e+00,-1.013929421787792551e+00,-9.759029863029140550e-01,-9.309988151611515717e-01,-8.789243522499654571e-01,-8.198758297225380298e-01,-7.548421826074878105e-01,-6.860068512272186059e-01,-6.172176711594381526e-01,-5.543917581397691530e-01,-5.054724007163982069e-01,-4.789849875593992223e-01,-4.789849875669595081e-01,-5.054724007329671753e-01,-5.543917581508814862e-01,-6.172176711480554800e-01,-6.860068511799213287e-01,-7.548421825215179126e-01,-8.198758296066548379e-01,-8.789243521222358524e-01,-9.309988150404155949e-01,-9.759029862017787327e-01,-1.013929421715714208e+00,-1.045645056252584304e+00,-1.071747271200599760e+00,-1.092971437754636232e+00,-1.110034350955162452e+00,-1.123601860712596601e+00,-1.134272350116461991e+00,-1.142570281212736738e+00,-1.148945889407226195e+00,-1.153778407157185715e+00,-1.157381083803484367e+00,-1.160006863358813201e+00,-1.161853977065842924e+00,-1.163070968836375840e+00,-1.163760843952308388e+00,-1.163984145956979077e+00,-1.000000000000000000e+00,-1.000000000000000000e+00,-1.000000000000000000e+00,-1.000000000000000000e+00,-1.000000000000000000e+00,-1.000000000000000000e+00,-1.000000000000000000e+00,-1.000000000000000000e+00,-1.000000000000000000e+00,-1.000000000000000000e+00,-1.000000000000000000e+00,-1.000000000000000000e+00,-1.000000000000000000e+00,-1.000000000000000000e+00,-1.000000000000000000e+00,-1.000000000000000000e+00,-1.000000000000000000e+00,-1.000000000000000000e+00,-1.000000000000000000e+00,-1.000000000000000000e+00,-1.000000000000000000e+00,-1.000000000000000000e+00,-1.000000000000000000e+00,-1.000000000000000000e+00,-1.000000000000000000e+00,-1.000000000000000000e+00,-1.000000000000000000e+00,-1.000000000000000000e+00,-1.000000000000000000e+00,-1.000000000000000000e+00,-1.000000000000000000e+00,-1.000000000000000000e+00,-1.000000000000000000e+00,-1.000000000000000000e+00,-1.000000000000000000e+00,-1.000000000000000000e+00,-1.000000000000000000e+00,-1.000000000000000000e+00,-1.000000000000000000e+00,-1.000000000000000000e+00,-1.000000000000000000e+00,-1.000000000000000000e+00
-1.000000000000000000e+00,-1.000000000000000000e+00,-1.000000000000000000e+00,-1.000000000000000000e+00,-1.000000000000000000e+00,-1.000000000000000000e+00,-1.000000000000000000e+00,-1.000000000000000000e+00,-1.000000000000000000e+00,-1.000000000000000000e+00,-1.000000000000000000e+00,-1.000000000000000000e+00,-1.000000000000000000e+00,-1.000000000000000000e+00,-1.000000000000000000e+00,-1.000000000000000000e+00,-1.000000000000000000e+00,-1.000000000000000000e+00,-1.000000000000000000e+00,-1.000000000000000000e+00,-1.000000000000000000e+00,-1.000000000000000000e+00,-1.000000000000000000e+00,-1.000000000000000000e+00,-1.000000000000000000e+00,-1.000000000000000000e+00,-1.000000000000000000e+00,-1.000000000000000000e+00,-1.000000000000000000e+00,-1.000000000000000000e+00,-1.000000000000000000e+00,-1.000000000000000000e+00,-1.000000000000000000e+00,-1.000000000000000000e+00,-1.000000000000000000e+00,-1.000000000000000000e+00,-1.000000000000000000e+00,-1.000000000000000000e+00,-1.000000000000000000e+00,-1.000000000000000000e+00,-1.000000000000000000e+00,-1.000000000000000000e+00,-1.167816367723964799e+00,-1.167595977508069760e+00,-1.166914997599540982e+00,-1.165713370035626362e+00,-1.163888916665801299e+00,-1.161294288327422208e+00,-1.157732850815820447e+00,-1.152953700954487459e+00,-1.146646119197073155e+00,-1.138433936295504711e+00,-1.127870550305257513e+00,-1.114435722193091394e+00,-1.097535868218240562e+00,-1.076510446303731161e+00,-1.050648322716777106e+00,-1.019219851573494928e+00,-9.815329496259612707e-01,-9.370247673288983892e-01,-8.854044186290710439e-01,-8.268656278592088071e-01,-7.623881835211897551e-01,-6.941365408412103477e-01,-6.259260511811237659e-01,-5.636248404001049650e-01,-5.151114466603788911e-01,-4.888427988373167388e-01,-4.888427988499919330e-01,-5.151114466890425181e-01,-5.636248404243063836e-01,-6.259260511767574808e-01,-6.941365407893751449e-01,-7.623881834211518882e-01,-8.268656277264445631e-01,-8.854044184880507373e-01,-9.370247672029498043e-01,-9.815329495269791149e-01,-1.019219851508935237e+00,-1.050648322681089208e+00,-1.076510446281301103e+00,-1.097535868185008701e+00,-1.114435722140841634e+00,-1.127870550245005044e+00,-1.138433936244902744e+00,-1.146646119171320866e+00,-1.152953700957395800e+00,-1.157732850847014827e+00,-1.161294288366132577e+00,-1.163888916698018416e+00,-1.165713370050324160e+00,-1.166914997612102489e+00,-1.167595977537040586e+00,-1.167816367813484080e+00,-1.000000000000000000e+00,-1.000000000000000000e+00,-1.000000000000000000e+00,-1.000000000000000000e+00,-1.000000000000000000e+00,-1.000000000000000000e+00,-1.000000000000000000e+00,-1.000000000000000000e+00,-1.000000000000000000e+00,-1.000000000000000000e+00,-1.000000000000000000e+00,-1.000000000000000000e+00,-1.000000000000000000e+00,-1.000000000000000000e+00,-1.000000000000000000e+00,-1.000000000000000000e+00,-1.000000000000000000e+00,-1.000000000000000000e+00,-1.000000000000000000e+00,-1.000000000000000000e+00,-1.000000000000000000e+00,-1.000000000000000000e+00,-1.000000000000000000e+00,-1.000000000000000000e+00,-1.000000000000000000e+00,-1.000000000000000000e+00,-1.000000000000000000e+00,-1.000000000000000000e+00,-1.000000000000000000e+00,-1.000000000000000000e+00,-1.000000000000000000e+00,-1.000000000000000000e+00,-1.000000000000000000e+00,-1.000000000000000000e+00,-1.000000000000000000e+00,-1.000000000000000000e+00,-1.000000000000000000e+00,-1.000000000000000000e+00,-1.000000000000000000e+00,-1.000000000000000000e+00,-1.000000000000000000e+00,-1.000000000000000000e+00
-1.000000000000000000e+00,-1.000000000000000000e+00,-1.000000000000000000e+00,-1.000000000000000000e+00,-1.000000000000000000e+00,-1.000000000000000000e+00,-1.000000000000000000e+00,-1.000000000000000000e+00,-1.000000000000000000e+00,-1.000000000000000000e+00,-1.000000000000000000e+00,-1.000000000000000000e+00,-1.000000000000000000e+00,-1.000000000000000000e+00,-1.000000000000000000e+00,-1.000000000000000000e+00,-1.000000000000000000e+00,-1.000000000000000000e+00,-1.000000000000000000e+00,-1.000000000000000000e+00,-1.000000000000000000e+00,-1.000000000000000000e+00,-1.000000000000000000e+00,-1.000000000000000000e+00,-1.000000000000000000e+00,-1.000000000000000000e+00,-1.000000000000000000e+00,-1.000000000000000000e+00,-1.000000000000000000e+00,-1.000000000000000000e+00,-1.000000000000000000e+00,-1.000000000000000000e+00,-1.000000000000000000e+00,-1.000000000000000000e+00,-1.000000000000000000e+00,-1.000000000000000000e+00,-1.000000000000000000e+00,-1.000000000000000000e+00,-1.000000000000000000e+00,-1.000000000000000000e+00,-1.000000000000000000e+00,-1.000000000000000000e+00,-1.171467856021517040e+00,-1.171250146553164173e+00,-1.170577361470829914e+00,-1.169389905633081872e+00,-1.167586389052401419e+00,-1.165020600536808892e+00,-1.161497426343266470e+00,-1.156767905296475885e+00,-1.150523723996108583e+00,-1.142391625405594358e+00,-1.131928460758026223e+00,-1.118618003582590781e+00,-1.101871229950405429e+00,-1.081032641248210746e+00,-1.055396484981357075e+00,-1.024238561280684134e+00,-9.868718336725676998e-01,-9.427373568393684344e-01,-8.915458681066183999e-01,-8.334887633066114798e-01,-7.695372155564405015e-01,-7.018377385366150190e-01,-6.341749348687917287e-01,-5.723705084519883357e-01,-5.242415929008353848e-01,-4.981801577024230765e-01,-4.981801577102917822e-01,-5.242415929162812516e-01,-5.723705084588358583e-01,-6.341749348486380722e-01,-7.018377384749745485e-01,-7.695372154544585230e-01,-8.334887631778931105e-01,-8.915458679711272261e-01,-9.427373567179146985e-01,-9.868718335766619720e-01,-1.024238561217517551e+00,-1.055396484943577295e+00,-1.081032641215830647e+00,-1.101871229900393434e+00,-1.118618003508762726e+00,-1.131928460672070091e+00,-1.142391625319433501e+00,-1.150523723921467845e+00,-1.156767905241673278e+00,-1.161497426315411641e+00,-1.165020600527949313e+00,-1.167586389057597041e+00,-1.169389905645729089e+00,-1.170577361497334490e+00,-1.171250146597665243e+00,-1.171467856110266936e+00,-1.000000000000000000e+00,-1.000000000000000000e+00,-1.000000000000000000e+00,-1.000000000000000000e+00,-1.000000000000000000e+00,-1.000000000000000000e+00,-1.000000000000000000e+00,-1.000000000000000000e+00,-1.000000000000000000e+00,-1.000000000000000000e+00,-1.000000000000000000e+00,-1.000000000000000000e+00,-1.000000000000000000e+00,-1.000000000000000000e+00,-1.000000000000000000e+00,-1.000000000000000000e+00,-1.000000000000000000e+00,-1.000000000000000000e+00,-1.000000000000000000e+00,-1.000000000000000000e+00,-1.000000000000000000e+00,-1.000000000000000000e+00,-1.000000000000000000e+00,-1.000000000000000000e+00,-1.000000000000000000e+00,-1.000000000000000000e+00,-1.000000000000000000e+00,-1.000000000000000000e+00,-1.000000000000000000e+00,-1.000000000000000000e+00,-1.000000000000000000e+00,-1.000000000000000000e+00,-1.000000000000000000e+00,-1.000000000000000000e+00,-1.000000000000000000e+00,-1.000000000000000000e+00,-1.000000000000000000e+00,-1.000000000000000000e+00,-1.000000000000000000e+00,-1.000000000000000000e+00,-1.000000000000000000e+00,-1.000000000000000000e+00
-1.000000000000000000e+00,-1.000000000000000000e+00,-1.000000000000000000e+00,-1.000000000000000000e+00,-1.000000000000000000e+00,-1.000000000000000000e+00,-1.000000000000000000e+00,-1.000000000000000000e+00,-1.000000000000000000e+00,-1.000000000000000000e+00,-1.000000000000000000e+00,-1.000000000000000000e+00,-1.000000000000000000e+00,-1.000000000000000000e+00,-1.000000000000000000e+00,-1.000000000000000000e+00,-1.000000000000000000e+00,-1.000000000000000000e+00,-1.000000000000000000e+00,-1.000000000000000000e+00,-1.000000000000000000e+00,-1.000000000000000000e+00,-1.000000000000000000e+00,-1.000000000000000000e+00,-1.000000000000000000e+00,-1.000000000000000000e+00,-1.000000000000000000e+00,-1.000000000000000000e+00,-1.000000000000000000e+00,-1.000000000000000000e+00,-1.000000000000000000e+00,-1.000000000000000000e+00,-1.000000000000000000e+00,-1.000000000000000000e+00,-1.000000000000000000e+00,-1.000000000000000000e+00,-1.000000000000000000e+00,-1.000000000000000000e+00,-1.000000000000000000e+00,-1.000000000000000000e+00,-1.000000000000000000e+00,-1.000000000000000000e+00,-1.174939859110903928e+00,-1.174724618984720248e+00,-1.174059386902887692e+00,-1.172885007402909574e+00,-1.171100839072775734e+00,-1.168561751197894738e+00,-1.165074073173695046e+00,-1.160390686393245607e+00,-1.154205559617795585e+00,-1.146148197148288750e+00,-1.135778723799656165e+00,-1.122584716576989772e+00,-1.105981473883595134e+00,-1.085318278835464501e+00,-1.059894483070505489e+00,-1.028991056277882787e+00,-9.919257594323745986e-01,-9.481433707297329816e-01,-8.973562010830551383e-01,-8.397534888272832898e-01,-7.762983069599180830e-01,-7.091202450582410055e-01,-6.419748536156111296e-01,-5.806399296421664857e-01,-5.328744838388776994e-01,-5.070089629251639529e-01,-5.070089629193346159e-01,-5.328744838189962696e-01,-5.806399296060413828e-01,-6.419748535613887253e-01,-7.091202449834861365e-01,-7.762983068669326858e-01,-8.397534887221658195e-01,-8.973562009742540591e-01,-9.481433706277804241e-01,-9.919257593426330510e-01,-1.028991056204226151e+00,-1.059894483008860577e+00,-1.085318278774064948e+00,-1.105981473811650684e+00,-1.122584716490332424e+00,-1.135778723701684756e+00,-1.146148197039137173e+00,-1.154205559501167100e+00,-1.160390686278631955e+00,-1.165074073074220840e+00,-1.168561751122457748e+00,-1.171100839033707208e+00,-1.172885007404181446e+00,-1.174059386943852923e+00,-1.174724619053615360e+00,-1.174939859215135884e+00,-1.000000000000000000e+00,-1.000000000000000000e+00,-1.000000000000000000e+00,-1.000000000000000000e+00,-1.000000000000000000e+00,-1.000000000000000000e+00,-1.000000000000000000e+00,-1.000000000000000000e+00,-1.000000000000000000e+00,-1.000000000000000000e+00,-1.000000000000000000e+00,-1.000000000000000000e+00,-1.000000000000000000e+00,-1.000000000000000000e+00,-1.000000000000000000e+00,-1.000000000000000000e+00,-1.000000000000000000e+00,-1.000000000000000000e+00,-1.000000000000000000e+00,-1.000000000000000000e+00,-1.000000000000000000e+00,-1.000000000000000000e+00,-1.000000000000000000e+00,-1.000000000000000000e+00,-1.000000000000000000e+00,-1.000000000000000000e+00,-1.000000000000000000e+00,-1.000000000000000000e+00,-1.000000000000000000e+00,-1.000000000000000000e+00,-1.000000000000000000e+00,-1.000000000000000000e+00,-1.000000000000000000e+00,-1.000000000000000000e+00,-1.000000000000000000e+00,-1.000000000000000000e+00,-1.000000000000000000e+00,-1.000000000000000000e+00,-1.000000000000000000e+00,-1.000000000000000000e+00,-1.000000000000000000e+00,-1.000000000000000000e+00
-1.000000000000000000e+00,-1.000000000000000000e+00,-1.000000000000000000e+00,-1.000000000000000000e+00,-1.000000000000000000e+00,-1.000000000000000000e+00,-1.000000000000000000e+00,-1.000000000000000000e+00,-1.000000000000000000e+00,-1.000000000000000000e+00,-1.000000000000000000e+00,-1.000000000000000000e+00,-1.000000000000000000e+00,-1.000000000000000000e+00,-1.000000000000000000e+00,-1.000000000000000000e+00,-1.000000000000000000e+00,-1.000000000000000000e+00,-1.000000000000000000e+00,-1.000000000000000000e+00,-1.000000000000000000e+00,-1.000000000000000000e+00,-1.000000000000000000e+00,-1.000000000000000000e+00,-1.000000000000000000e+00,-1.000000000000000000e+00,-1.000000000000000000e+00,-1.000000000000000000e+00,-1.000000000000000000e+00,-1.000000000000000000e+00,-1.000000000000000000e+00,-1.000000000000000000e+00,-1.000000000000000000e+00,-1.000000000000000000e+00,-1.000000000000000000e+00,-1.000000000000000000e+00,-1.000000000000000000e+00,-1.000000000000000000e+00,-1.000000000000000000e+00,-1.000000000000000000e+00,-1.000000000000000000e+00,-1.000000000000000000e+00,-1.178233546591423764e+00,-1.178020581077294793e+00,-1.177362310129751233e+00,-1.176199994648039704e+00,-1.174433701974000543e+00,-1.171919324149641284e+00,-1.168464556254827702e+00,-1.163824022895808774e+00,-1.157693851417285646e+00,-1.149706157429889242e+00,-1.139424161102473132e+00,-1.126339035763813001e+00,-1.109870167159794585e+00,-1.089371361331455734e+00,-1.064146800041190666e+00,-1.033482348892585279e+00,-9.967003188355503251e-01,-9.532490307782757188e-01,-9.028423160438818762e-01,-8.456674180049034151e-01,-7.826798090660518348e-01,-7.159931466832223368e-01,-6.493355883766576131e-01,-5.884434888703579114e-01,-5.410209567394782537e-01,-5.153402925829646541e-01,-5.153402925612529106e-01,-5.410209566792889557e-01,-5.884434887856639929e-01,-6.493355882838800497e-01,-7.159931465938959017e-01,-7.826798089849166251e-01,-8.456674179316765461e-01,-9.028423159738931947e-01,-9.532490307052717826e-01,-9.967003187527282426e-01,-1.033482348799474870e+00,-1.064146799942376376e+00,-1.089371361229912072e+00,-1.109870167058231605e+00,-1.126339035659712273e+00,-1.139424160993056656e+00,-1.149706157307500698e+00,-1.157693851274840258e+00,-1.163824022737036445e+00,-1.168464556093724349e+00,-1.171919324009464081e+00,-1.174433701884409764e+00,-1.176199994623966738e+00,-1.177362310166701898e+00,-1.178020581153431001e+00,-1.178233546703426837e+00,-1.000000000000000000e+00,-1.000000000000000000e+00,-1.000000000000000000e+00,-1.000000000000000000e+00,-1.000000000000000000e+00,-1.000000000000000000e+00,-1.000000000000000000e+00,-1.000000000000000000e+00,-1.000000000000000000e+00,-1.000000000000000000e+00,-1.000000000000000000e+00,-1.000000000000000000e+00,-1.000000000000000000e+00,-1.000000000000000000e+00,-1.000000000000000000e+00,-1.000000000000000000e+00,-1.000000000000000000e+00,-1.000000000000000000e+00,-1.000000000000000000e+00,-1.000000000000000000e+00,-1.000000000000000000e+00,-1.000000000000000000e+00,-1.000000000000000000e+00,-1.000000000000000000e+00,-1.000000000000000000e+00,-1.000000000000000000e+00,-1.000000000000000000e+00,-1.000000000000000000e+00,-1.000000000000000000e+00,-1.000000000000000000e+00,-1.000000000000000000e+00,-1.000000000000000000e+00,-1.000000000000000000e+00,-1.000000000000000000e+00,-1.000000000000000000e+00,-1.000000000000000000e+00,-1.000000000000000000e+00,-1.000000000000000000e+00,-1.000000000000000000e+00,-1.000000000000000000e+00,-1.000000000000000000e+00,-1.000000000000000000e+00
-1.000000000000000000e+00,-1.000000000000000000e+00,-1.000000000000000000e+00,-1.000000000000000000e+00,-1.000000000000000000e+00,-1.000000000000000000e+00,-1.000000000000000000e+00,-1.000000000000000000e+00,-1.000000000000000000e+00,-1.000000000000000000e+00,-1.000000000000000000e+00,-1.000000000000000000e+00,-1.000000000000000000e+00,-1.000000000000000000e+00,-1.000000000000000000e+00,-1.000000000000000000e+00,-1.000000000000000000e+00,-1.000000000000000000e+00,-1.000000000000000000e+00,-1.000000000000000000e+00,-1.000000000000000000e+00,-1.000000000000000000e+00,-1.000000000000000000e+00,-1.000000000000000000e+00,-1.000000000000000000e+00,-1.000000000000000000e+00,-1.000000000000000000e+00,-1.000000000000000000e+00,-1.000000000000000000e+00,-1.000000000000000000e+00,-1.000000000000000000e+00,-1.000000000000000000e+00,-1.000000000000000000e+00,-1.000000000000000000e+00,-1.000000000000000000e+00,-1.000000000000000000e+00,-1.000000000000000000e+00,-1.000000000000000000e+00,-1.000000000000000000e+00,-1.000000000000000000e+00,-1.000000000000000000e+00,-1.000000000000000000e+00,-1.181350039638054739e+00,-1.181139168372646209e+00,-1.180487309783928129e+00,-1.179336117805792616e+00,-1.177586328743704058e+00,-1.175094799805681323e+00,-1.171670514600066326e+00,-1.167069742141855659e+00,-1.160990645674788491e+00,-1.153067803415992909e+00,-1.142867354475902708e+00,-1.129883863671176769e+00,-1.113540571870480722e+00,-1.093195552334580212e+00,-1.068157546109559597e+00,-1.037717043858241261e+00,-1.001200660777842533e+00,-9.580600794564708700e-01,-9.080105949698481504e-01,-8.512376098723823947e-01,-7.886894801569630520e-01,-7.224648985588325578e-01,-6.562662528813267837e-01,-5.957908720865534580e-01,-5.486911257565225686e-01,-5.231844885138174917e-01,-5.231844884802263618e-01,-5.486911256663162817e-01,-5.957908719652048601e-01,-6.562662527584472993e-01,-7.224648984574902899e-01,-7.886894800853979648e-01,-8.512376098263834123e-01,-9.080105949333553417e-01,-9.580600794073106385e-01,-1.001200660699172351e+00,-1.037717043747069745e+00,-1.068157545976962775e+00,-1.093195552192858688e+00,-1.113540571731111761e+00,-1.129883863537506583e+00,-1.142867354347778974e+00,-1.153067803283661652e+00,-1.160990645520273645e+00,-1.167069741960713669e+00,-1.171670514403585273e+00,-1.175094799622962372e+00,-1.177586328612339805e+00,-1.179336117745654944e+00,-1.180487309789922445e+00,-1.181139168422939756e+00,-1.181350039731772661e+00,-1.000000000000000000e+00,-1.000000000000000000e+00,-1.000000000000000000e+00,-1.000000000000000000e+00,-1.000000000000000000e+00,-1.000000000000000000e+00,-1.000000000000000000e+00,-1.000000000000000000e+00,-1.000000000000000000e+00,-1.000000000000000000e+00,-1.000000000000000000e+00,-1.000000000000000000e+00,-1.000000000000000000e+00,-1.000000000000000000e+00,-1.000000000000000000e+00,-1.000000000000000000e+00,-1.000000000000000000e+00,-1.000000000000000000e+00,-1.000000000000000000e+00,-1.000000000000000000e+00,-1.000000000000000000e+00,-1.000000000000000000e+00,-1.000000000000000000e+00,-1.000000000000000000e+00,-1.000000000000000000e+00,-1.000000000000000000e+00,-1.000000000000000000e+00,-1.000000000000000000e+00,-1.000000000000000000e+00,-1.000000000000000000e+00,-1.000000000000000000e+00,-1.000000000000000000e+00,-1.000000000000000000e+00,-1.000000000000000000e+00,-1.000000000000000000e+00,-1.000000000000000000e+00,-1.000000000000000000e+00,-1.000000000000000000e+00,-1.000000000000000000e+00,-1.000000000000000000e+00,-1.000000000000000000e+00,-1.000000000000000000e+00
-1.000000000000000000e+00,-1.000000000000000000e+00,-1.000000000000000000e+00,-1.000000000000000000e+00,-1.000000000000000000e+00,-1.000000000000000000e+00,-1.000000000000000000e+00,-1.000000000000000000e+00,-1.000000000000000000e+00,-1.000000000000000000e+00,-1.000000000000000000e+00,-1.000000000000000000e+00,-1.000000000000000000e+00,-1.000000000000000000e+00,-1.000000000000000000e+00,-1.000000000000000000e+00,-1.000000000000000000e+00,-1.000000000000000000e+00,-1.000000000000000000e+00,-1.000000000000000000e+00,-1.000000000000000000e+00,-1.000000000000000000e+00,-1.000000000000000000e+00,-1.000000000000000000e+00,-1.000000000000000000e+00,-1.000000000000000000e+00,-1.000000000000000000e+00,-1.000000000000000000e+00,-1.000000000000000000e+00,-1.000000000000000000e+00,-1.000000000000000000e+00,-1.000000000000000000e+00,-1.000000000000000000e+00,-1.000000000000000000e+00,-1.000000000000000000e+00,-1.000000000000000000e+00,-1.000000000000000000e+00,-1.000000000000000000e+00,-1.000000000000000000e+00,-1.000000000000000000e+00,-1.000000000000000000e+00,-1.000000000000000000e+00,-1.184290429549462953e+00,-1.184081484660084671e+00,-1.183435527157712164e+00,-1.182294580789493121e+00,-1.180560011245727736e+00,-1.178089583679825303e+00,-1.174693493658674592e+00,-1.170129556670978843e+00,-1.164097850394012923e+00,-1.156235268578969855e+00,-1.146110694954975084e+00,-1.133221883540872277e+00,-1.116995701049010137e+00,-1.096794235439830567e+00,-1.071930519378854640e+00,-1.041699400481064020e+00,-1.005431554147011131e+00,-9.625818433354066395e-01,-9.128669667753085415e-01,-8.564706321848928328e-01,-7.943345485367429015e-01,-7.285433877019049653e-01,-6.627753567905074750e-01,-6.026911298485861934e-01,-5.558944460088054429e-01,-5.305512207760909593e-01,-5.305512207386711143e-01,-5.558944459090606749e-01,-6.026911297154324831e-01,-6.627753566581346956e-01,-7.285433875981398577e-01,-7.943345484705826021e-01,-8.564706321490065388e-01,-9.128669667483483297e-01,-9.625818432899808652e-01,-1.005431554065395972e+00,-1.041699400359208383e+00,-1.071930519226525158e+00,-1.096794235269164641e+00,-1.116995700874465314e+00,-1.133221883373446426e+00,-1.146110694801135921e+00,-1.156235268431345942e+00,-1.164097850231427866e+00,-1.170129556486432465e+00,-1.174693493459058269e+00,-1.178089583488635794e+00,-1.180560011094672568e+00,-1.182294580693981745e+00,-1.183435527112964625e+00,-1.184081484652023120e+00,-1.184290429591834615e+00,-1.000000000000000000e+00,-1.000000000000000000e+00,-1.000000000000000000e+00,-1.000000000000000000e+00,-1.000000000000000000e+00,-1.000000000000000000e+00,-1.000000000000000000e+00,-1.000000000000000000e+00,-1.000000000000000000e+00,-1.000000000000000000e+00,-1.000000000000000000e+00,-1.000000000000000000e+00,-1.000000000000000000e+00,-1.000000000000000000e+00,-1.000000000000000000e+00,-1.000000000000000000e+00,-1.000000000000000000e+00,-1.000000000000000000e+00,-1.000000000000000000e+00,-1.000000000000000000e+00,-1.000000000000000000e+00,-1.000000000000000000e+00,-1.000000000000000000e+00,-1.000000000000000000e+00,-1.000000000000000000e+00,-1.000000000000000000e+00,-1.000000000000000000e+00,-1.000000000000000000e+00,-1.000000000000000000e+00,-1.000000000000000000e+00,-1.000000000000000000e+00,-1.000000000000000000e+00,-1.000000000000000000e+00,-1.000000000000000000e+00,-1.000000000000000000e+00,-1.000000000000000000e+00,-1.000000000000000000e+00,-1.000000000000000000e+00,-1.000000000000000000e+00,-1.000000000000000000e+00,-1.000000000000000000e+00,-1.000000000000000000e+00
-1.000000000000000000e+00,-1.000000000000000000e+00,-1.000000000000000000e+00,-1.000000000000000000e+00,-1.000000000000000000e+00,-1.000000000000000000e+00,-1.000000000000000000e+00,-1.000000000000000000e+00,-1.000000000000000000e+00,-1.000000000000000000e+00,-1.000000000000000000e+00,-1.000000000000000000e+00,-1.000000000000000000e+00,-1.000000000000000000e+00,-1.000000000000000000e+00,-1.000000000000000000e+00,-1.000000000000000000e+00,-1.000000000000000000e+00,-1.000000000000000000e+00,-1.000000000000000000e+00,-1.000000000000000000e+00,-1.000000000000000000e+00,-1.000000000000000000e+00,-1.000000000000000000e+00,-1.000000000000000000e+00,-1.000000000000000000e+00,-1.000000000000000000e+00,-1.000000000000000000e+00,-1.000000000000000000e+00,-1.000000000000000000e+00,-1.000000000000000000e+00,-1.000000000000000000e+00,-1.000000000000000000e+00,-1.000000000000000000e+00,-1.000000000000000000e+00,-1.000000000000000000e+00,-1.000000000000000000e+00,-1.000000000000000000e+00,-1.000000000000000000e+00,-1.000000000000000000e+00,-1.000000000000000000e+00,-1.000000000000000000e+00,-1.187055787588642275e+00,-1.186848612145676052e+00,-1.186208077344447887e+00,-1.185076553708365399e+00,-1.183355997066475318e+00,-1.180905023822913069e+00,-1.177534965703487702e+00,-1.173005087806318070e+00,-1.167017262202145744e+00,-1.159210552925505455e+00,-1.149156416244773604e+00,-1.136355595759004578e+00,-1.120238357761475623e+00,-1.100170555605374689e+00,-1.075469249063821575e+00,-1.045433377288726540e+00,-1.009397433476063588e+00,-9.668192793802476981e-01,-9.174169539734775558e-01,-8.613726082938839568e-01,-7.996217595594375949e-01,-7.342359802227778065e-01,-6.688708532275953189e-01,-6.091527252800674752e-01,-5.626397620014438328e-01,-5.374495363931541814e-01,-5.374495363612477039e-01,-5.626397619160443675e-01,-6.091527251646591257e-01,-6.688708531105462818e-01,-7.342359801270623709e-01,-7.996217594907223392e-01,-8.613726082442469956e-01,-9.174169539260724759e-01,-9.668192793153435050e-01,-1.009397433382585252e+00,-1.045433377161917088e+00,-1.075469248906911091e+00,-1.100170555424227370e+00,-1.120238357566831322e+00,-1.136355595564513710e+00,-1.149156416061813291e+00,-1.159210552753879853e+00,-1.167017262028734459e+00,-1.173005087628143261e+00,-1.177534965522580634e+00,-1.180905023650229868e+00,-1.183355996918484809e+00,-1.185076553588890746e+00,-1.186208077247211223e+00,-1.186848612065526609e+00,-1.187055787559926134e+00,-1.000000000000000000e+00,-1.000000000000000000e+00,-1.000000000000000000e+00,-1.000000000000000000e+00,-1.000000000000000000e+00,-1.000000000000000000e+00,-1.000000000000000000e+00,-1.000000000000000000e+00,-1.000000000000000000e+00,-1.000000000000000000e+00,-1.000000000000000000e+00,-1.000000000000000000e+00,-1.000000000000000000e+00,-1.000000000000000000e+00,-1.000000000000000000e+00,-1.000000000000000000e+00,-1.000000000000000000e+00,-1.000000000000000000e+00,-1.000000000000000000e+00,-1.000000000000000000e+00,-1.000000000000000000e+00,-1.000000000000000000e+00,-1.000000000000000000e+00,-1.000000000000000000e+00,-1.000000000000000000e+00,-1.000000000000000000e+00,-1.000000000000000000e+00,-1.000000000000000000e+00,-1.000000000000000000e+00,-1.000000000000000000e+00,-1.000000000000000000e+00,-1.000000000000000000e+00,-1.000000000000000000e+00,-1.000000000000000000e+00,-1.000000000000000000e+00,-1.000000000000000000e+00,-1.000000000000000000e+00,-1.000000000000000000e+00,-1.000000000000000000e+00,-1.000000000000000000e+00,-1.000000000000000000e+00,-1.000000000000000000e+00
-1.000000000000000000e+00,-1.000000000000000000e+00,-1.000000000000000000e+00,-1.000000000000000000e+00,-1.000000000000000000e+00,-1.000000000000000000e+00,-1.000000000000000000e+00,-1.000000000000000000e+00,-1.000000000000000000e+00,-1.000000000000000000e+00,-1.000000000000000000e+00,-1.000000000000000000e+00,-1.000000000000000000e+00,-1.000000000000000000e+00,-1.000000000000000000e+00,-1.000000000000000000e+00,-1.000000000000000000e+00,-1.000000000000000000e+00,-1.000000000000000000e+00,-1.000000000000000000e+00,-1.000000000000000000e+00,-1.000000000000000000e+00,-1.000000000000000000e+00,-1.000000000000000000e+00,-1.000000000000000000e+00,-1.000000000000000000e+00,-1.000000000000000000e+00,-1.000000000000000000e+00,-1.000000000000000000e+00,-1.000000000000000000e+00,-1.000000000000000000e+00,-1.000000000000000000e+00,-1.000000000000000000e+00,-1.000000000000000000e+00,-1.000000000000000000e+00,-1.000000000000000000e+00,-1.000000000000000000e+00,-1.000000000000000000e+00,-1.000000000000000000e+00,-1.000000000000000000e+00,-1.000000000000000000e+00,-1.000000000000000000e+00,-1.189647168528627619e+00,-1.189441615249350326e+00,-1.188806053779945859e+00,-1.187683178616881108e+00,-1.185975496893434400e+00,-1.183542420193524070e+00,-1.180196341484167188e+00,-1.175697879795150502e+00,-1.169750583088437601e+00,-1.161995542355884758e+00,-1.152006616645509407e+00,-1.139287342213285648e+00,-1.123271161685160946e+00,-1.103327447683365659e+00,-1.078777025676374457e+00,-1.048922663566267399e+00,-1.013102431530677805e+00,-9.707770083147231333e-01,-9.216657065959841244e-01,-8.659492514754211223e-01,-8.045574102992569809e-01,-7.395495563354024249e-01,-6.745601741663449502e-01,-6.151835698748092662e-01,-5.689353438296294030e-01,-5.438878958208637204e-01,-5.438878958004276232e-01,-5.689353437736732744e-01,-6.151835697953681459e-01,-6.745601740782944944e-01,-7.395495562500538078e-01,-8.045574102179461340e-01,-8.659492513939166525e-01,-9.216657065086805156e-01,-9.707770082152946678e-01,-1.013102431416741611e+00,-1.048922663434212366e+00,-1.078777025523995237e+00,-1.103327447508535952e+00,-1.123271161489133529e+00,-1.139287342005654180e+00,-1.152006616439336550e+00,-1.161995542159959927e+00,-1.169750582902582048e+00,-1.175697879622330078e+00,-1.180196341323602294e+00,-1.183542420044685795e+00,-1.185975496756500824e+00,-1.187683178482902724e+00,-1.188806053639115623e+00,-1.189441615102195815e+00,-1.189647168427985680e+00,-1.000000000000000000e+00,-1.000000000000000000e+00,-1.000000000000000000e+00,-1.000000000000000000e+00,-1.000000000000000000e+00,-1.000000000000000000e+00,-1.000000000000000000e+00,-1.000000000000000000e+00,-1.000000000000000000e+00,-1.000000000000000000e+00,-1.000000000000000000e+00,-1.000000000000000000e+00,-1.000000000000000000e+00,-1.000000000000000000e+00,-1.000000000000000000e+00,-1.000000000000000000e+00,-1.000000000000000000e+00,-1.000000000000000000e+00,-1.000000000000000000e+00,-1.000000000000000000e+00,-1.000000000000000000e+00,-1.000000000000000000e+00,-1.000000000000000000e+00,-1.000000000000000000e+00,-1.000000000000000000e+00,-1.000000000000000000e+00,-1.000000000000000000e+00,-1.000000000000000000e+00,-1.000000000000000000e+00,-1.000000000000000000e+00,-1.000000000000000000e+00,-1.000000000000000000e+00,-1.000000000000000000e+00,-1.000000000000000000e+00,-1.000000000000000000e+00,-1.000000000000000000e+00,-1.000000000000000000e+00,-1.000000000000000000e+00,-1.000000000000000000e+00,-1.000000000000000000e+00,-1.000000000000000000e+00,-1.000000000000000000e+00
-1.000000000000000000e+00,-1.000000000000000000e+00,-1.000000000000000000e+00,-1.000000000000000000e+00,-1.000000000000000000e+00,-1.000000000000000000e+00,-1.000000000000000000e+00,-1.000000000000000000e+00,-1.000000000000000000e+00,-1.000000000000000000e+00,-1.000000000000000000e+00,-1.000000000000000000e+00,-1.000000000000000000e+00,-1.000000000000000000e+00,-1.000000000000000000e+00,-1.000000000000000000e+00,-1.000000000000000000e+00,-1.000000000000000000e+00,-1.000000000000000000e+00,-1.000000000000000000e+00,-1.000000000000000000e+00,-1.000000000000000000e+00,-1.000000000000000000e+00,-1.000000000000000000e+00,-1.000000000000000000e+00,-1.000000000000000000e+00,-1.000000000000000000e+00,-1.000000000000000000e+00,-1.000000000000000000e+00,-1.000000000000000000e+00,-1.000000000000000000e+00,-1.000000000000000000e+00,-1.000000000000000000e+00,-1.000000000000000000e+00,-1.000000000000000000e+00,-1.000000000000000000e+00,-1.000000000000000000e+00,-1.000000000000000000e+00,-1.000000000000000000e+00,-1.000000000000000000e+00,-1.000000000000000000e+00,-1.000000000000000000e+00,-1.192065609762840150e+00,-1.191861539908024126e+00,-1.191230528118524257e+00,-1.190115570322880956e+00,-1.188419686581878798e+00,-1.186003028267908821e+00,-1.182678975612969197e+00,-1.178209407145280441e+00,-1.172299429798894232e+00,-1.164592020151363316e+00,-1.154663272603122737e+00,-1.142019321825480160e+00,-1.126096566492015949e+00,-1.106267655477320089e+00,-1.081856921547551531e+00,-1.052170701122954188e+00,-1.016550402107416096e+00,-9.744593382501161027e-01,-9.256180264740565544e-01,-8.702058897239639546e-01,-8.091473747701239949e-01,-7.444905359658973154e-01,-6.798502564223345423e-01,-6.207910498655623277e-01,-5.747889138813379040e-01,-5.498741998634238959e-01,-5.498741998538165809e-01,-5.747889138530553055e-01,-6.207910498197487525e-01,-6.798502563602082382e-01,-7.444905358866966694e-01,-8.091473746717742221e-01,-8.702058896067056404e-01,-9.256180263426120325e-01,-9.744593381105138841e-01,-1.016550401966257899e+00,-1.052170700981501339e+00,-1.081856921401701088e+00,-1.106267655317383358e+00,-1.126096566308170566e+00,-1.142019321620064254e+00,-1.154663272387614903e+00,-1.164592019939992840e+00,-1.172299429601432408e+00,-1.178209406969718431e+00,-1.182678975459713566e+00,-1.186003028130760306e+00,-1.188419686450498336e+00,-1.190115570179812288e+00,-1.191230527949657558e+00,-1.191861539715106000e+00,-1.192065609608096155e+00,-1.000000000000000000e+00,-1.000000000000000000e+00,-1.000000000000000000e+00,-1.000000000000000000e+00,-1.000000000000000000e+00,-1.000000000000000000e+00,-1.000000000000000000e+00,-1.000000000000000000e+00,-1.000000000000000000e+00,-1.000000000000000000e+00,-1.000000000000000000e+00,-1.000000000000000000e+00,-1.000000000000000000e+00,-1.000000000000000000e+00,-1.000000000000000000e+00,-1.000000000000000000e+00,-1.000000000000000000e+00,-1.000000000000000000e+00,-1.000000000000000000e+00,-1.000000000000000000e+00,-1.000000000000000000e+00,-1.000000000000000000e+00,-1.000000000000000000e+00,-1.000000000000000000e+00,-1.000000000000000000e+00,-1.000000000000000000e+00,-1.000000000000000000e+00,-1.000000000000000000e+00,-1.000000000000000000e+00,-1.000000000000000000e+00,-1.000000000000000000e+00,-1.000000000000000000e+00,-1.000000000000000000e+00,-1.000000000000000000e+00,-1.000000000000000000e+00,-1.000000000000000000e+00,-1.000000000000000000e+00,-1.000000000000000000e+00,-1.000000000000000000e+00,-1.000000000000000000e+00,-1.000000000000000000e+00,-1.000000000000000000e+00
-1.000000000000000000e+00,-1.000000000000000000e+00,-1.000000000000000000e+00,-1.000000000000000000e+00,-1.000000000000000000e+00,-1.000000000000000000e+00,-1.000000000000000000e+00,-1.000000000000000000e+00,-1.000000000000000000e+00,-1.000000000000000000e+00,-1.000000000000000000e+00,-1.000000000000000000e+00,-1.000000000000000000e+00,-1.000000000000000000e+00,-1.000000000000000000e+00,-1.000000000000000000e+00,-1.000000000000000000e+00,-1.000000000000000000e+00,-1.000000000000000000e+00,-1.000000000000000000e+00,-1.000000000000000000e+00,-1.000000000000000000e+00,-1.000000000000000000e+00,-1.000000000000000000e+00,-1.000000000000000000e+00,-1.000000000000000000e+00,-1.000000000000000000e+00,-1.000000000000000000e+00,-1.000000000000000000e+00,-1.000000000000000000e+00,-1.000000000000000000e+00,-1.000000000000000000e+00,-1.000000000000000000e+00,-1.000000000000000000e+00,-1.000000000000000000e+00,-1.000000000000000000e+00,-1.000000000000000000e+00,-1.000000000000000000e+00,-1.000000000000000000e+00,-1.000000000000000000e+00,-1.000000000000000000e+00,-1.000000000000000000e+00,-1.194312127398887702e+00,-1.194109409818433276e+00,-1.193482546919160781e+00,-1.192374813798105171e+00,-1.190689705545525001e+00,-1.188288058636122635e+00,-1.184984167552830314e+00,-1.180541077148229201e+00,-1.174665337994707404e+00,-1.167001672817838953e+00,-1.157128246234489177e+00,-1.144553599709126734e+00,-1.128716870554228535e+00,-1.108993743879874927e+00,-1.084711804253873701e+00,-1.055180698845828324e+00,-1.019744935552593601e+00,-9.778702810193330430e-01,-9.292783842515398574e-01,-8.741474833237590225e-01,-8.133971219585065526e-01,-7.490648971801463496e-01,-6.847475604339547939e-01,-6.259820453242663785e-01,-5.802076662035519083e-01,-5.554158092055658802e-01,-5.554158091997247748e-01,-5.802076661847730410e-01,-6.259820452900770604e-01,-6.847475603799659805e-01,-7.490648970994573386e-01,-8.133971218467359598e-01,-8.741474831816739011e-01,-9.292783840875192825e-01,-9.778702808469400543e-01,-1.019744935385724638e+00,-1.055180698691596364e+00,-1.084711804108411615e+00,-1.108993743729281167e+00,-1.128716870382656001e+00,-1.144553599513451037e+00,-1.157128246022228968e+00,-1.167001672602324236e+00,-1.174665337788433295e+00,-1.180541076961074465e+00,-1.184984167388335674e+00,-1.188288058489184174e+00,-1.190689705405316490e+00,-1.192374813646399634e+00,-1.193482546739482064e+00,-1.194109409610582873e+00,-1.194312127222916020e+00,-1.000000000000000000e+00,-1.000000000000000000e+00,-1.000000000000000000e+00,-1.000000000000000000e+00,-1.000000000000000000e+00,-1.000000000000000000e+00,-1.000000000000000000e+00,-1.000000000000000000e+00,-1.000000000000000000e+00,-1.000000000000000000e+00,-1.000000000000000000e+00,-1.000000000000000000e+00,-1.000000000000000000e+00,-1.000000000000000000e+00,-1.000000000000000000e+00,-1.000000000000000000e+00,-1.000000000000000000e+00,-1.000000000000000000e+00,-1.000000000000000000e+00,-1.000000000000000000e+00,-1.000000000000000000e+00,-1.000000000000000000e+00,-1.000000000000000000e+00,-1.000000000000000000e+00,-1.000000000000000000e+00,-1.000000000000000000e+00,-1.000000000000000000e+00,-1.000000000000000000e+00,-1.000000000000000000e+00,-1.000000000000000000e+00,-1.000000000000000000e+00,-1.000000000000000000e+00,-1.000000000000000000e+00,-1.000000000000000000e+00,-1.000000000000000000e+00,-1.000000000000000000e+00,-1.000000000000000000e+00,-1.000000000000000000e+00,-1.000000000000000000e+00,-1.000000000000000000e+00,-1.000000000000000000e+00,-1.000000000000000000e+00
-1.000000000000000000e+00,-1.000000000000000000e+00,-1.000000000000000000e+00,-1.000000000000000000e+00,-1.000000000000000000e+00,-1.000000000000000000e+00,-1.000000000000000000e+00,-1.000000000000000000e+00,-1.000000000000000000e+00,-1.000000000000000000e+00,-1.000000000000000000e+00,-1.000000000000000000e+00,-1.000000000000000000e+00,-1.000000000000000000e+00,-1.000000000000000000e+00,-1.000000000000000000e+00,-1.000000000000000000e+00,-1.000000000000000000e+00,-1.000000000000000000e+00,-1.000000000000000000e+00,-1.000000000000000000e+00,-1.000000000000000000e+00,-1.000000000000000000e+00,-1.000000000000000000e+00,-1.000000000000000000e+00,-1.000000000000000000e+00,-1.000000000000000000e+00,-1.000000000000000000e+00,-1.000000000000000000e+00,-1.000000000000000000e+00,-1.000000000000000000e+00,-1.000000000000000000e+00,-1.000000000000000000e+00,-1.000000000000000000e+00,-1.000000000000000000e+00,-1.000000000000000000e+00,-1.000000000000000000e+00,-1.000000000000000000e+00,-1.000000000000000000e+00,-1.000000000000000000e+00,-1.000000000000000000e+00,-1.000000000000000000e+00,-1.196387710394247295e+00,-1.196186220690875990e+00,-1.195563126247315200e+00,-1.194461959348827929e+00,-1.192786652698538452e+00,-1.190398673894744519e+00,-1.187113159613930602e+00,-1.182694229097840388e+00,-1.176849762776341235e+00,-1.169226091966676817e+00,-1.159403288580117319e+00,-1.146892111772789047e+00,-1.131134222845982862e+00,-1.111508105997871976e+00,-1.087344344871450819e+00,-1.057955641969790195e+00,-1.022689368923131559e+00,-9.810135631048256810e-01,-9.326509309670973913e-01,-8.777786369836824143e-01,-8.173117284186615095e-01,-7.532781891591100454e-01,-6.892580835520762950e-01,-6.307629437108783765e-01,-5.851982802525508287e-01,-5.605195582858217840e-01,-5.605195582752862116e-01,-5.851982802209834134e-01,-6.307629436597599337e-01,-6.892580834810726476e-01,-7.532781890636843780e-01,-8.173117282949254880e-01,-8.777786368302087361e-01,-9.326509307896705403e-01,-9.810135629174293603e-01,-1.022689368740640203e+00,-1.057955641801346713e+00,-1.087344344714776145e+00,-1.111508105841308991e+00,-1.131134222676198453e+00,-1.146892111585424034e+00,-1.159403288378211050e+00,-1.169226091757403552e+00,-1.176849762567213187e+00,-1.182694228895559085e+00,-1.187113159423754505e+00,-1.190398673717815159e+00,-1.192786652531962810e+00,-1.194461959180741051e+00,-1.195563126063359682e+00,-1.196186220487874152e+00,-1.196387710221980205e+00,-1.000000000000000000e+00,-1.000000000000000000e+00,-1.000000000000000000e+00,-1.000000000000000000e+00,-1.000000000000000000e+00,-1.000000000000000000e+00,-1.000000000000000000e+00,-1.000000000000000000e+00,-1.000000000000000000e+00,-1.000000000000000000e+00,-1.000000000000000000e+00,-1.000000000000000000e+00,-1.000000000000000000e+00,-1.000000000000000000e+00,-1.000000000000000000e+00,-1.000000000000000000e+00,-1.000000000000000000e+00,-1.000000000000000000e+00,-1.000000000000000000e+00,-1.000000000000000000e+00,-1.000000000000000000e+00,-1.000000000000000000e+00,-1.000000000000000000e+00,-1.000000000000000000e+00,-1.000000000000000000e+00,-1.000000000000000000e+00,-1.000000000000000000e+00,-1.000000000000000000e+00,-1.000000000000000000e+00,-1.000000000000000000e+00,-1.000000000000000000e+00,-1.000000000000000000e+00,-1.000000000000000000e+00,-1.000000000000000000e+00,-1.000000000000000000e+00,-1.000000000000000000e+00,-1.000000000000000000e+00,-1.000000000000000000e+00,-1.000000000000000000e+00,-1.000000000000000000e+00,-1.000000000000000000e+00,-1.000000000000000000e+00
-1.000000000000000000e+00,-1.000000000000000000e+00,-1.000000000000000000e+00,-1.000000000000000000e+00,-1.000000000000000000e+00,-1.000000000000000000e+00,-1.000000000000000000e+00,-1.000000000000000000e+00,-1.000000000000000000e+00,-1.000000000000000000e+00,-1.000000000000000000e+00,-1.000000000000000000e+00,-1.000000000000000000e+00,-1.000000000000000000e+00,-1.000000000000000000e+00,-1.000000000000000000e+00,-1.000000000000000000e+00,-1.000000000000000000e+00,-1.000000000000000000e+00,-1.000000000000000000e+00,-1.000000000000000000e+00,-1.000000000000000000e+00,-1.000000000000000000e+00,-1.000000000000000000e+00,-1.000000000000000000e+00,-1.000000000000000000e+00,-1.000000000000000000e+00,-1.000000000000000000e+00,-1.000000000000000000e+00,-1.000000000000000000e+00,-1.000000000000000000e+00,-1.000000000000000000e+00,-1.000000000000000000e+00,-1.000000000000000000e+00,-1.000000000000000000e+00,-1.000000000000000000e+00,-1.000000000000000000e+00,-1.000000000000000000e+00,-1.000000000000000000e+00,-1.000000000000000000e+00,-1.000000000000000000e+00,-1.000000000000000000e+00,-1.198293313521026082e+00,-1.198092933308803953e+00,-1.197473245011410281e+00,-1.196378016402365851e+00,-1.194711580854618038e+00,-1.192335983801694255e+00,-1.189067132989419795e+00,-1.184670131310513019e+00,-1.178854076762700487e+00,-1.171266773499759051e+00,-1.161490039916087458e+00,-1.149036666153404829e+00,-1.133350625467257400e+00,-1.113812966714857966e+00,-1.089757022512140017e+00,-1.060498297511436094e+00,-1.025386792228889510e+00,-9.838926325901848902e-01,-9.357395056155388691e-01,-8.811036079157890111e-01,-8.208958867828832773e-01,-7.571355410600307811e-01,-6.933873691771070824e-01,-6.351396492189740339e-01,-5.897669303867492108e-01,-5.651917648730282462e-01,-5.651917648527096105e-01,-5.897669303284733822e-01,-6.351396491314555970e-01,-6.933873690693933556e-01,-7.571355409363060840e-01,-8.208958866439839408e-01,-8.811036077597027560e-01,-9.357395054429706871e-01,-9.838926324082607477e-01,-1.025386792045075435e+00,-1.060498297331594397e+00,-1.089757022336306447e+00,-1.113812966538167526e+00,-1.133350625284205382e+00,-1.149036665962364090e+00,-1.161490039718319212e+00,-1.171266773295706276e+00,-1.178854076551463903e+00,-1.184670131092672163e+00,-1.189067132769712432e+00,-1.192335983588456383e+00,-1.194711580654020722e+00,-1.196378016211487649e+00,-1.197473244820888905e+00,-1.198092933111858827e+00,-1.198293313356541212e+00,-1.000000000000000000e+00,-1.000000000000000000e+00,-1.000000000000000000e+00,-1.000000000000000000e+00,-1.000000000000000000e+00,-1.000000000000000000e+00,-1.000000000000000000e+00,-1.000000000000000000e+00,-1.000000000000000000e+00,-1.000000000000000000e+00,-1.000000000000000000e+00,-1.000000000000000000e+00,-1.000000000000000000e+00,-1.000000000000000000e+00,-1.000000000000000000e+00,-1.000000000000000000e+00,-1.000000000000000000e+00,-1.000000000000000000e+00,-1.000000000000000000e+00,-1.000000000000000000e+00,-1.000000000000000000e+00,-1.000000000000000000e+00,-1.000000000000000000e+00,-1.000000000000000000e+00,-1.000000000000000000e+00,-1.000000000000000000e+00,-1.000000000000000000e+00,-1.000000000000000000e+00,-1.000000000000000000e+00,-1.000000000000000000e+00,-1.000000000000000000e+00,-1.000000000000000000e+00,-1.000000000000000000e+00,-1.000000000000000000e+00,-1.000000000000000000e+00,-1.000000000000000000e+00,-1.000000000000000000e+00,-1.000000000000000000e+00,-1.000000000000000000e+00,-1.000000000000000000e+00,-1.000000000000000000e+00,-1.000000000000000000e+00
-1.000000000000000000e+00,-1.000000000000000000e+00,-1.000000000000000000e+00,-1.000000000000000000e+00,-1.000000000000000000e+00,-1.000000000000000000e+00,-1.000000000000000000e+00,-1.000000000000000000e+00,-1.000000000000000000e+00,-1.000000000000000000e+00,-1.000000000000000000e+00,-1.000000000000000000e+00,-1.000000000000000000e+00,-1.000000000000000000e+00,-1.000000000000000000e+00,-1.000000000000000000e+00,-1.000000000000000000e+00,-1.000000000000000000e+00,-1.000000000000000000e+00,-1.000000000000000000e+00,-1.000000000000000000e+00,-1.000000000000000000e+00,-1.000000000000000000e+00,-1.000000000000000000e+00,-1.000000000000000000e+00,-1.000000000000000000e+00,-1.000000000000000000e+00,-1.000000000000000000e+00,-1.000000000000000000e+00,-1.000000000000000000e+00,-1.000000000000000000e+00,-1.000000000000000000e+00,-1.000000000000000000e+00,-1.000000000000000000e+00,-1.000000000000000000e+00,-1.000000000000000000e+00,-1.000000000000000000e+00,-1.000000000000000000e+00,-1.000000000000000000e+00,-1.000000000000000000e+00,-1.000000000000000000e+00,-1.000000000000000000e+00,-1.200029849755006595e+00,-1.199830465992890893e+00,-1.199213837649299785e+00,-1.198123946553342645e+00,-1.196465490263335596e+00,-1.194101039419416921e+00,-1.190847202603965149e+00,-1.186469976764444212e+00,-1.180679566589330820e+00,-1.173125115013743169e+00,-1.163390028090759865e+00,-1.150988942491786515e+00,-1.135367933844430910e+00,-1.115910383782704907e+00,-1.091952126256320321e+00,-1.062811216984927087e+00,-1.027840051866607540e+00,-9.865106632366155148e-01,-9.385476397814103144e-01,-8.841263109377708318e-01,-8.241539112482707541e-01,-7.606416678081554528e-01,-6.971405127817308367e-01,-6.391175889632045859e-01,-5.939192921624179000e-01,-5.694382364203725011e-01,-5.694382363908658817e-01,-5.939192920788920471e-01,-6.391175888403074490e-01,-6.971405126368148686e-01,-7.606416676544305311e-01,-8.241539110929633205e-01,-8.841263107812931121e-01,-9.385476396209226913e-01,-9.865106630700987145e-01,-1.027840051691057299e+00,-1.062811216800399805e+00,-1.091952126063387318e+00,-1.115910383581419252e+00,-1.135367933636521220e+00,-1.150988942281173655e+00,-1.163390027881836541e+00,-1.173125114803944768e+00,-1.180679566371256373e+00,-1.186469976533221615e+00,-1.190847202361748458e+00,-1.194101039178209422e+00,-1.196465490034252621e+00,-1.198123946340846180e+00,-1.199213837447648867e+00,-1.199830465792219858e+00,-1.200029849589424602e+00,-1.000000000000000000e+00,-1.000000000000000000e+00,-1.000000000000000000e+00,-1.000000000000000000e+00,-1.000000000000000000e+00,-1.000000000000000000e+00,-1.000000000000000000e+00,-1.000000000000000000e+00,-1.000000000000000000e+00,-1.000000000000000000e+00,-1.000000000000000000e+00,-1.000000000000000000e+00,-1.000000000000000000e+00,-1.000000000000000000e+00,-1.000000000000000000e+00,-1.000000000000000000e+00,-1.000000000000000000e+00,-1.000000000000000000e+00,-1.000000000000000000e+00,-1.000000000000000000e+00,-1.000000000000000000e+00,-1.000000000000000000e+00,-1.000000000000000000e+00,-1.000000000000000000e+00,-1.000000000000000000e+00,-1.000000000000000000e+00,-1.000000000000000000e+00,-1.000000000000000000e+00,-1.000000000000000000e+00,-1.000000000000000000e+00,-1.000000000000000000e+00,-1.000000000000000000e+00,-1.000000000000000000e+00,-1.000000000000000000e+00,-1.000000000000000000e+00,-1.000000000000000000e+00,-1.000000000000000000e+00,-1.000000000000000000e+00,-1.000000000000000000e+00,-1.000000000000000000e+00,-1.000000000000000000e+00,-1.000000000000000000e+00
-1.000000000000000000e+00,-1.000000000000000000e+00,-1.000000000000000000e+00,-1.000000000000000000e+00,-1.000000000000000000e+00,-1.000000000000000000e+00,-1.000000000000000000e+00,-1.000000000000000000e+00,-1.000000000000000000e+00,-1.000000000000000000e+00,-1.000000000000000000e+00,-1.000000000000000000e+00,-1.000000000000000000e+00,-1.000000000000000000e+00,-1.000000000000000000e+00,-1.000000000000000000e+00,-1.000000000000000000e+00,-1.000000000000000000e+00,-1.000000000000000000e+00,-1.000000000000000000e+00,-1.000000000000000000e+00,-1.000000000000000000e+00,-1.000000000000000000e+00,-1.000000000000000000e+00,-1.000000000000000000e+00,-1.000000000000000000e+00,-1.000000000000000000e+00,-1.000000000000000000e+00,-1.000000000000000000e+00,-1.000000000000000000e+00,-1.000000000000000000e+00,-1.000000000000000000e+00,-1.000000000000000000e+00,-1.000000000000000000e+00,-1.000000000000000000e+00,-1.000000000000000000e+00,-1.000000000000000000e+00,-1.000000000000000000e+00,-1.000000000000000000e+00,-1.000000000000000000e+00,-1.000000000000000000e+00,-1.000000000000000000e+00,-1.201598182522536362e+00,-1.201399686905612496e+00,-1.200785786610479633e+00,-1.199700656336904592e+00,-1.198049321778240195e+00,-1.195694826776500630e+00,-1.192454411352257049e+00,-1.188094877982477149e+00,-1.182327428491120269e+00,-1.174802412124270390e+00,-1.165104665616847557e+00,-1.152750489804079681e+00,-1.137187855379393930e+00,-1.117802247231830970e+00,-1.093931755290561636e+00,-1.064896737220579981e+00,-1.030051752067164816e+00,-9.888705565017815724e-01,-9.410785601630207164e-01,-8.868503214249956468e-01,-8.270897408737547529e-01,-7.638008736561945344e-01,-7.005221656556459564e-01,-6.427017168430856353e-01,-5.976605462668476143e-01,-5.732642740341307164e-01,-5.732642740022815264e-01,-5.976605461762902749e-01,-6.427017167079275284e-01,-7.005221654934354891e-01,-7.638008734827393953e-01,-8.270897407006468915e-01,-8.868503212581184680e-01,-9.410785600020168395e-01,-9.888705563414726951e-01,-1.030051751898916956e+00,-1.064896737038779628e+00,-1.093931755091318125e+00,-1.117802247013297112e+00,-1.137187855145799897e+00,-1.152750489564730918e+00,-1.165104665382333593e+00,-1.174802411894530829e+00,-1.182327428258736601e+00,-1.188094877741239896e+00,-1.192454411100891010e+00,-1.195694826525598886e+00,-1.198049321537458800e+00,-1.199700656111268193e+00,-1.200785786392816856e+00,-1.201399686686536850e+00,-1.201598182339817189e+00,-1.000000000000000000e+00,-1.000000000000000000e+00,-1.000000000000000000e+00,-1.000000000000000000e+00,-1.000000000000000000e+00,-1.000000000000000000e+00,-1.000000000000000000e+00,-1.000000000000000000e+00,-1.000000000000000000e+00,-1.000000000000000000e+00,-1.000000000000000000e+00,-1.000000000000000000e+00,-1.000000000000000000e+00,-1.000000000000000000e+00,-1.000000000000000000e+00,-1.000000000000000000e+00,-1.000000000000000000e+00,-1.000000000000000000e+00,-1.000000000000000000e+00,-1.000000000000000000e+00,-1.000000000000000000e+00,-1.000000000000000000e+00,-1.000000000000000000e+00,-1.000000000000000000e+00,-1.000000000000000000e+00,-1.000000000000000000e+00,-1.000000000000000000e+00,-1.000000000000000000e+00,-1.000000000000000000e+00,-1.000000000000000000e+00,-1.000000000000000000e+00,-1.000000000000000000e+00,-1.000000000000000000e+00,-1.000000000000000000e+00,-1.000000000000000000e+00,-1.000000000000000000e+00,-1.000000000000000000e+00,-1.000000000000000000e+00,-1.000000000000000000e+00,-1.000000000000000000e+00,-1.000000000000000000e+00,-1.000000000000000000e+00
-1.000000000000000000e+00,-1.000000000000000000e+00,-1.000000000000000000e+00,-1.000000000000000000e+00,-1.000000000000000000e+00,-1.000000000000000000e+00,-1.000000000000000000e+00,-1.000000000000000000e+00,-1.000000000000000000e+00,-1.000000000000000000e+00,-1.000000000000000000e+00,-1.000000000000000000e+00,-1.000000000000000000e+00,-1.000000000000000000e+00,-1.000000000000000000e+00,-1.000000000000000000e+00,-1.000000000000000000e+00,-1.000000000000000000e+00,-1.000000000000000000e+00,-1.000000000000000000e+00,-1.000000000000000000e+00,-1.000000000000000000e+00,-1.000000000000000000e+00,-1.000000000000000000e+00,-1.000000000000000000e+00,-1.000000000000000000e+00,-1.000000000000000000e+00,-1.000000000000000000e+00,-1.000000000000000000e+00,-1.000000000000000000e+00,-1.000000000000000000e+00,-1.000000000000000000e+00,-1.000000000000000000e+00,-1.000000000000000000e+00,-1.000000000000000000e+00,-1.000000000000000000e+00,-1.000000000000000000e+00,-1.000000000000000000e+00,-1.000000000000000000e+00,-1.000000000000000000e+00,-1.000000000000000000e+00,-1.000000000000000000e+00,-1.202999118113909693e+00,-1.202801406510902948e+00,-1.202189914956634409e+00,-1.201108990064382542e+00,-1.199463950010778435e+00,-1.197118260417949775e+00,-1.193889724119643114e+00,-1.189545861584020647e+00,-1.183798763433889345e+00,-1.176299854214571283e+00,-1.166635246062142084e+00,-1.154322723526133965e+00,-1.138811947147841286e+00,-1.119490277715277315e+00,-1.095697817877685720e+00,-1.066756979925320925e+00,-1.032024254998290536e+00,-9.909749421315917628e-01,-9.433351895976297419e-01,-8.892788767077490775e-01,-8.297069412807654976e-01,-7.666170541153828344e-01,-7.035365369946946501e-01,-6.458965157255753819e-01,-6.009953807464024633e-01,-5.766746747201663137e-01,-5.766746746949332758e-01,-6.009953806726284764e-01,-6.458965156087732584e-01,-7.035365368427862753e-01,-7.666170539388249550e-01,-8.297069410922081056e-01,-8.892788765201592449e-01,-9.433351894190262765e-01,-9.909749419617789323e-01,-1.032024254830259835e+00,-1.066756979749896583e+00,-1.095697817683606967e+00,-1.119490277493487840e+00,-1.138811946898395044e+00,-1.154322723258152772e+00,-1.166635245790628383e+00,-1.176299853947107898e+00,-1.183798763172229318e+00,-1.189545861327739429e+00,-1.193889723866999653e+00,-1.197118260175890958e+00,-1.199463949779994598e+00,-1.201108989838578722e+00,-1.202189914720668718e+00,-1.202801406257919981e+00,-1.202999117892056935e+00,-1.000000000000000000e+00,-1.000000000000000000e+00,-1.000000000000000000e+00,-1.000000000000000000e+00,-1.000000000000000000e+00,-1.000000000000000000e+00,-1.000000000000000000e+00,-1.000000000000000000e+00,-1.000000000000000000e+00,-1.000000000000000000e+00,-1.000000000000000000e+00,-1.000000000000000000e+00,-1.000000000000000000e+00,-1.000000000000000000e+00,-1.000000000000000000e+00,-1.000000000000000000e+00,-1.000000000000000000e+00,-1.000000000000000000e+00,-1.000000000000000000e+00,-1.000000000000000000e+00,-1.000000000000000000e+00,-1.000000000000000000e+00,-1.000000000000000000e+00,-1.000000000000000000e+00,-1.000000000000000000e+00,-1.000000000000000000e+00,-1.000000000000000000e+00,-1.000000000000000000e+00,-1.000000000000000000e+00,-1.000000000000000000e+00,-1.000000000000000000e+00,-1.000000000000000000e+00,-1.000000000000000000e+00,-1.000000000000000000e+00,-1.000000000000000000e+00,-1.000000000000000000e+00,-1.000000000000000000e+00,-1.000000000000000000e+00,-1.000000000000000000e+00,-1.000000000000000000e+00,-1.000000000000000000e+00,-1.000000000000000000e+00
-1.000000000000000000e+00,-1.000000000000000000e+00,-1.000000000000000000e+00,-1.000000000000000000e+00,-1.000000000000000000e+00,-1.000000000000000000e+00,-1.000000000000000000e+00,-1.000000000000000000e+00,-1.000000000000000000e+00,-1.000000000000000000e+00,-1.000000000000000000e+00,-1.000000000000000000e+00,-1.000000000000000000e+00,-1.000000000000000000e+00,-1.000000000000000000e+00,-1.000000000000000000e+00,-1.000000000000000000e+00,-1.000000000000000000e+00,-1.000000000000000000e+00,-1.000000000000000000e+00,-1.000000000000000000e+00,-1.000000000000000000e+00,-1.000000000000000000e+00,-1.000000000000000000e+00,-1.000000000000000000e+00,-1.000000000000000000e+00,-1.000000000000000000e+00,-1.000000000000000000e+00,-1.000000000000000000e+00,-1.000000000000000000e+00,-1.000000000000000000e+00,-1.000000000000000000e+00,-1.000000000000000000e+00,-1.000000000000000000e+00,-1.000000000000000000e+00,-1.000000000000000000e+00,-1.000000000000000000e+00,-1.000000000000000000e+00,-1.000000000000000000e+00,-1.000000000000000000e+00,-1.000000000000000000e+00,-1.000000000000000000e+00,-1.204233398482937423e+00,-1.204036370413463342e+00,-1.203426979315244338e+00,-1.202349722968287127e+00,-1.200710176739155699e+00,-1.198372177137380090e+00,-1.195154021893857443e+00,-1.190823862827947277e+00,-1.185094572130802160e+00,-1.177618519959421794e+00,-1.167982940107480383e+00,-1.155706922121142455e+00,-1.140241613059121750e+00,-1.120976024214597189e+00,-1.097252029598217105e+00,-1.068393850440974902e+00,-1.033759680005718273e+00,-9.928261778349846134e-01,-9.453201471116043919e-01,-8.914148764339451247e-01,-8.320087052625556590e-01,-7.690936967449847339e-01,-7.061873948081879293e-01,-6.487059984175820304e-01,-6.039279920080751207e-01,-5.796737323986038692e-01,-5.796737323885268189e-01,-6.039279919742187586e-01,-6.487059983503926652e-01,-7.061873946976551242e-01,-7.690936965883883314e-01,-8.320087050682489771e-01,-8.914148762197839915e-01,-9.453201468963794429e-01,-9.928261776304849739e-01,-1.033759679815484001e+00,-1.068393850259828914e+00,-1.097252029411455165e+00,-1.120976024004125993e+00,-1.140241612812788130e+00,-1.155706921838986823e+00,-1.167982939803962505e+00,-1.177618519650873941e+00,-1.185094571832342680e+00,-1.190823862549288181e+00,-1.195154021637702790e+00,-1.198372176909302977e+00,-1.200710176528437589e+00,-1.202349722752104499e+00,-1.203426979069137648e+00,-1.204036370130307620e+00,-1.204233398219983098e+00,-1.000000000000000000e+00,-1.000000000000000000e+00,-1.000000000000000000e+00,-1.000000000000000000e+00,-1.000000000000000000e+00,-1.000000000000000000e+00,-1.000000000000000000e+00,-1.000000000000000000e+00,-1.000000000000000000e+00,-1.000000000000000000e+00,-1.000000000000000000e+00,-1.000000000000000000e+00,-1.000000000000000000e+00,-1.000000000000000000e+00,-1.000000000000000000e+00,-1.000000000000000000e+00,-1.000000000000000000e+00,-1.000000000000000000e+00,-1.000000000000000000e+00,-1.000000000000000000e+00,-1.000000000000000000e+00,-1.000000000000000000e+00,-1.000000000000000000e+00,-1.000000000000000000e+00,-1.000000000000000000e+00,-1.000000000000000000e+00,-1.000000000000000000e+00,-1.000000000000000000e+00,-1.000000000000000000e+00,-1.000000000000000000e+00,-1.000000000000000000e+00,-1.000000000000000000e+00,-1.000000000000000000e+00,-1.000000000000000000e+00,-1.000000000000000000e+00,-1.000000000000000000e+00,-1.000000000000000000e+00,-1.000000000000000000e+00,-1.000000000000000000e+00,-1.000000000000000000e+00,-1.000000000000000000e+00,-1.000000000000000000e+00
-1.000000000000000000e+00,-1.000000000000000000e+00,-1.000000000000000000e+00,-1.000000000000000000e+00,-1.000000000000000000e+00,-1.000000000000000000e+00,-1.000000000000000000e+00,-1.000000000000000000e+00,-1.000000000000000000e+00,-1.000000000000000000e+00,-1.000000000000000000e+00,-1.000000000000000000e+00,-1.000000000000000000e+00,-1.000000000000000000e+00,-1.000000000000000000e+00,-1.000000000000000000e+00,-1.000000000000000000e+00,-1.000000000000000000e+00,-1.000000000000000000e+00,-1.000000000000000000e+00,-1.000000000000000000e+00,-1.000000000000000000e+00,-1.000000000000000000e+00,-1.000000000000000000e+00,-1.000000000000000000e+00,-1.000000000000000000e+00,-1.000000000000000000e+00,-1.000000000000000000e+00,-1.000000000000000000e+00,-1.000000000000000000e+00,-1.000000000000000000e+00,-1.000000000000000000e+00,-1.000000000000000000e+00,-1.000000000000000000e+00,-1.000000000000000000e+00,-1.000000000000000000e+00,-1.000000000000000000e+00,-1.000000000000000000e+00,-1.000000000000000000e+00,-1.000000000000000000e+00,-1.000000000000000000e+00,-1.000000000000000000e+00,-1.205301694587571859e+00,-1.205105252730535703e+00,-1.204497663342503300e+00,-1.203423554815680863e+00,-1.201788724736863045e+00,-1.199457330077120520e+00,-1.196248096181916409e+00,-1.191929720387237435e+00,-1.186215750209222763e+00,-1.178759372910418879e+00,-1.169148791571934298e+00,-1.156904223562682743e+00,-1.141478100805034313e+00,-1.122260861447513802e+00,-1.098595911200695552e+00,-1.069809036019887305e+00,-1.035259902294818568e+00,-9.944263483429316430e-01,-9.470357473150313732e-01,-8.932608822460526010e-01,-8.339978526815414739e-01,-7.712338812038513902e-01,-7.084780660611703640e-01,-6.511337078467350770e-01,-6.064620850063826563e-01,-5.822652380881343515e-01,-5.822652380952504370e-01,-6.064620850183378709e-01,-6.511337078384009658e-01,-7.084780660032455879e-01,-7.712338810776470099e-01,-8.339978524873318255e-01,-8.932608820028302699e-01,-9.470357470511980846e-01,-9.944263480850704662e-01,-1.035259902062192872e+00,-1.069809035817291143e+00,-1.098595911014292437e+00,-1.122260861250689690e+00,-1.141478100571055476e+00,-1.156904223280118771e+00,-1.169148791251437114e+00,-1.178759372572376840e+00,-1.186215749877657766e+00,-1.191929720081046806e+00,-1.196248095911284448e+00,-1.199457329848655274e+00,-1.201788724532005137e+00,-1.203423554600934864e+00,-1.204497663088813564e+00,-1.205105252429413243e+00,-1.205301694298165582e+00,-1.000000000000000000e+00,-1.000000000000000000e+00,-1.000000000000000000e+00,-1.000000000000000000e+00,-1.000000000000000000e+00,-1.000000000000000000e+00,-1.000000000000000000e+00,-1.000000000000000000e+00,-1.000000000000000000e+00,-1.000000000000000000e+00,-1.000000000000000000e+00,-1.000000000000000000e+00,-1.000000000000000000e+00,-1.000000000000000000e+00,-1.000000000000000000e+00,-1.000000000000000000e+00,-1.000000000000000000e+00,-1.000000000000000000e+00,-1.000000000000000000e+00,-1.000000000000000000e+00,-1.000000000000000000e+00,-1.000000000000000000e+00,-1.000000000000000000e+00,-1.000000000000000000e+00,-1.000000000000000000e+00,-1.000000000000000000e+00,-1.000000000000000000e+00,-1.000000000000000000e+00,-1.000000000000000000e+00,-1.000000000000000000e+00,-1.000000000000000000e+00,-1.000000000000000000e+00,-1.000000000000000000e+00,-1.000000000000000000e+00,-1.000000000000000000e+00,-1.000000000000000000e+00,-1.000000000000000000e+00,-1.000000000000000000e+00,-1.000000000000000000e+00,-1.000000000000000000e+00,-1.000000000000000000e+00,-1.000000000000000000e+00
-1.000000000000000000e+00,-1.000000000000000000e+00,-1.000000000000000000e+00,-1.000000000000000000e+00,-1.000000000000000000e+00,-1.000000000000000000e+00,-1.000000000000000000e+00,-1.000000000000000000e+00,-1.000000000000000000e+00,-1.000000000000000000e+00,-1.000000000000000000e+00,-1.000000000000000000e+00,-1.000000000000000000e+00,-1.000000000000000000e+00,-1.000000000000000000e+00,-1.000000000000000000e+00,-1.000000000000000000e+00,-1.000000000000000000e+00,-1.000000000000000000e+00,-1.000000000000000000e+00,-1.000000000000000000e+00,-1.000000000000000000e+00,-1.000000000000000000e+00,-1.000000000000000000e+00,-1.000000000000000000e+00,-1.000000000000000000e+00,-1.000000000000000000e+00,-1.000000000000000000e+00,-1.000000000000000000e+00,-1.000000000000000000e+00,-1.000000000000000000e+00,-1.000000000000000000e+00,-1.000000000000000000e+00,-1.000000000000000000e+00,-1.000000000000000000e+00,-1.000000000000000000e+00,-1.000000000000000000e+00,-1.000000000000000000e+00,-1.000000000000000000e+00,-1.000000000000000000e+00,-1.000000000000000000e+00,-1.000000000000000000e+00,-1.206204600383893322e+00,-1.206008650110210745e+00,-1.205402571817731250e+00,-1.204331104123052665e+00,-1.202700232153177007e+00,-1.200374383324467775e+00,-1.197172643864655495e+00,-1.192864171497765913e+00,-1.187163083685810916e+00,-1.179723257320814955e+00,-1.170133713601404946e+00,-1.157915621899611391e+00,-1.142522498816104015e+00,-1.123345987224190878e+00,-1.099730786348871892e+00,-1.071004003937504168e+00,-1.036526551376457217e+00,-9.957772641543835013e-01,-9.484839994120777273e-01,-8.948191170152554053e-01,-8.356768298809613693e-01,-7.730402787890465754e-01,-7.104114362898996671e-01,-6.531827167113872790e-01,-6.086008729014297236e-01,-5.844524795660005489e-01,-5.844524795823082819e-01,-6.086008729386309657e-01,-6.531827167377853849e-01,-7.104114362668343396e-01,-7.730402786878104449e-01,-8.356768296938208440e-01,-8.948191167573160687e-01,-9.484839991140087134e-01,-9.957772638508273211e-01,-1.036526551097671778e+00,-1.071004003698269091e+00,-1.099730786141848160e+00,-1.123345987023508297e+00,-1.142522498589505275e+00,-1.157915621627458425e+00,-1.170133713284756460e+00,-1.179723256973892243e+00,-1.187163083333518498e+00,-1.192864171165638920e+00,-1.197172643571506212e+00,-1.200374383079496399e+00,-1.202700231936214781e+00,-1.204331103897481103e+00,-1.205402571551919877e+00,-1.206008649795309084e+00,-1.206204600075802214e+00,-1.000000000000000000e+00,-1.000000000000000000e+00,-1.000000000000000000e+00,-1.000000000000000000e+00,-1.000000000000000000e+00,-1.000000000000000000e+00,-1.000000000000000000e+00,-1.000000000000000000e+00,-1.000000000000000000e+00,-1.000000000000000000e+00,-1.000000000000000000e+00,-1.000000000000000000e+00,-1.000000000000000000e+00,-1.000000000000000000e+00,-1.000000000000000000e+00,-1.000000000000000000e+00,-1.000000000000000000e+00,-1.000000000000000000e+00,-1.000000000000000000e+00,-1.000000000000000000e+00,-1.000000000000000000e+00,-1.000000000000000000e+00,-1.000000000000000000e+00,-1.000000000000000000e+00,-1.000000000000000000e+00,-1.000000000000000000e+00,-1.000000000000000000e+00,-1.000000000000000000e+00,-1.000000000000000000e+00,-1.000000000000000000e+00,-1.000000000000000000e+00,-1.000000000000000000e+00,-1.000000000000000000e+00,-1.000000000000000000e+00,-1.000000000000000000e+00,-1.000000000000000000e+00,-1.000000000000000000e+00,-1.000000000000000000e+00,-1.000000000000000000e+00,-1.000000000000000000e+00,-1.000000000000000000e+00,-1.000000000000000000e+00
-1.000000000000000000e+00,-1.000000000000000000e+00,-1.000000000000000000e+00,-1.000000000000000000e+00,-1.000000000000000000e+00,-1.000000000000000000e+00,-1.000000000000000000e+00,-1.000000000000000000e+00,-1.000000000000000000e+00,-1.000000000000000000e+00,-1.000000000000000000e+00,-1.000000000000000000e+00,-1.000000000000000000e+00,-1.000000000000000000e+00,-1.000000000000000000e+00,-1.000000000000000000e+00,-1.000000000000000000e+00,-1.000000000000000000e+00,-1.000000000000000000e+00,-1.000000000000000000e+00,-1.000000000000000000e+00,-1.000000000000000000e+00,-1.000000000000000000e+00,-1.000000000000000000e+00,-1.000000000000000000e+00,-1.000000000000000000e+00,-1.000000000000000000e+00,-1.000000000000000000e+00,-1.000000000000000000e+00,-1.000000000000000000e+00,-1.000000000000000000e+00,-1.000000000000000000e+00,-1.000000000000000000e+00,-1.000000000000000000e+00,-1.000000000000000000e+00,-1.000000000000000000e+00,-1.000000000000000000e+00,-1.000000000000000000e+00,-1.000000000000000000e+00,-1.000000000000000000e+00,-1.000000000000000000e+00,-1.000000000000000000e+00,-1.206942627542795021e+00,-1.206747076467411750e+00,-1.206142225441740212e+00,-1.205072903059505762e+00,-1.203445247553444730e+00,-1.201123907123574641e+00,-1.197928262615143291e+00,-1.193627847612260595e+00,-1.187937244883723986e+00,-1.180510894352514883e+00,-1.170938485180803346e+00,-1.158741964073454200e+00,-1.143375733380695314e+00,-1.124232419874509059e+00,-1.100657779369800027e+00,-1.071979999564199204e+00,-1.037561009446259952e+00,-9.968804601899787787e-01,-9.496666060865133208e-01,-8.960914639118636726e-01,-8.370477088914426433e-01,-7.745151517295907340e-01,-7.119899489374694745e-01,-6.548556268238199252e-01,-6.103470763940563870e-01,-5.862382407003605689e-01,-5.862382407125578121e-01,-6.103470764213096977e-01,-6.548556268405265612e-01,-7.119899489108993951e-01,-7.745151516325298191e-01,-8.370477087118441961e-01,-8.960914636560100011e-01,-9.496666057761594670e-01,-9.968804598558879126e-01,-1.037561009121984013e+00,-1.071979999274763617e+00,-1.100657779121720692e+00,-1.124232419652335002e+00,-1.143375733153791485e+00,-1.158741963815537179e+00,-1.170938484880607477e+00,-1.180510894014131118e+00,-1.187937244526963587e+00,-1.193627847261436781e+00,-1.197928262292595303e+00,-1.201123906843317712e+00,-1.203445247304789412e+00,-1.205072902813837388e+00,-1.206142225171138005e+00,-1.206747076166785559e+00,-1.206942627255381151e+00,-1.000000000000000000e+00,-1.000000000000000000e+00,-1.000000000000000000e+00,-1.000000000000000000e+00,-1.000000000000000000e+00,-1.000000000000000000e+00,-1.000000000000000000e+00,-1.000000000000000000e+00,-1.000000000000000000e+00,-1.000000000000000000e+00,-1.000000000000000000e+00,-1.000000000000000000e+00,-1.000000000000000000e+00,-1.000000000000000000e+00,-1.000000000000000000e+00,-1.000000000000000000e+00,-1.000000000000000000e+00,-1.000000000000000000e+00,-1.000000000000000000e+00,-1.000000000000000000e+00,-1.000000000000000000e+00,-1.000000000000000000e+00,-1.000000000000000000e+00,-1.000000000000000000e+00,-1.000000000000000000e+00,-1.000000000000000000e+00,-1.000000000000000000e+00,-1.000000000000000000e+00,-1.000000000000000000e+00,-1.000000000000000000e+00,-1.000000000000000000e+00,-1.000000000000000000e+00,-1.000000000000000000e+00,-1.000000000000000000e+00,-1.000000000000000000e+00,-1.000000000000000000e+00,-1.000000000000000000e+00,-1.000000000000000000e+00,-1.000000000000000000e+00,-1.000000000000000000e+00,-1.000000000000000000e+00,-1.000000000000000000e+00
-1.000000000000000000e+00,-1.000000000000000000e+00,-1.000000000000000000e+00,-1.000000000000000000e+00,-1.000000000000000000e+00,-1.000000000000000000e+00,-1.000000000000000000e+00,-1.000000000000000000e+00,-1.000000000000000000e+00,-1.000000000000000000e+00,-1.000000000000000000e+00,-1.000000000000000000e+00,-1.000000000000000000e+00,-1.000000000000000000e+00,-1.000000000000000000e+00,-1.000000000000000000e+00,-1.000000000000000000e+00,-1.000000000000000000e+00,-1.000000000000000000e+00,-1.000000000000000000e+00,-1.000000000000000000e+00,-1.000000000000000000e+00,-1.000000000000000000e+00,-1.000000000000000000e+00,-1.000000000000000000e+00,-1.000000000000000000e+00,-1.000000000000000000e+00,-1.000000000000000000e+00,-1.000000000000000000e+00,-1.000000000000000000e+00,-1.000000000000000000e+00,-1.000000000000000000e+00,-1.000000000000000000e+00,-1.000000000000000000e+00,-1.000000000000000000e+00,-1.000000000000000000e+00,-1.000000000000000000e+00,-1.000000000000000000e+00,-1.000000000000000000e+00,-1.000000000000000000e+00,-1.000000000000000000e+00,-1.000000000000000000e+00,-1.207516200933045569e+00,-1.207320958483973250e+00,-1.206717056382635489e+00,-1.205649393074024855e+00,-1.204024225659844571e+00,-1.201706373755795587e+00,-1.198515446945693563e+00,-1.194221270636026233e+00,-1.188538788872682606e+00,-1.181122878740883619e+00,-1.171563748053054077e+00,-1.159383947114622782e+00,-1.144038566116805322e+00,-1.124920995972886306e+00,-1.101377813209701184e+00,-1.072738044544518488e+00,-1.038364409788392173e+00,-9.977371944158168748e-01,-9.505849623256894532e-01,-8.970794653949628605e-01,-8.381121865436600427e-01,-7.756603523776012254e-01,-7.132156045811133271e-01,-6.561545683390377359e-01,-6.117029229376382826e-01,-5.876248006487694298e-01,-5.876248006443098859e-01,-6.117029229212429531e-01,-6.561545683020293396e-01,-7.132156045107833631e-01,-7.756603522605168832e-01,-8.381121863696533447e-01,-8.970794651601045056e-01,-9.505849620351506379e-01,-9.977371940862344024e-01,-1.038364409446793202e+00,-1.072738044218306763e+00,-1.101377812914348553e+00,-1.124920995704148385e+00,-1.144038565854529566e+00,-1.159383946839804391e+00,-1.171563747754418960e+00,-1.181122878415625577e+00,-1.188538788526869450e+00,-1.194221270278309266e+00,-1.198515446590837641e+00,-1.201706373419677343e+00,-1.204024225345663224e+00,-1.205649392768264994e+00,-1.206717056071187510e+00,-1.207320958171934411e+00,-1.207516200644114690e+00,-1.000000000000000000e+00,-1.000000000000000000e+00,-1.000000000000000000e+00,-1.000000000000000000e+00,-1.000000000000000000e+00,-1.000000000000000000e+00,-1.000000000000000000e+00,-1.000000000000000000e+00,-1.000000000000000000e+00,-1.000000000000000000e+00,-1.000000000000000000e+00,-1.000000000000000000e+00,-1.000000000000000000e+00,-1.000000000000000000e+00,-1.000000000000000000e+00,-1.000000000000000000e+00,-1.000000000000000000e+00,-1.000000000000000000e+00,-1.000000000000000000e+00,-1.000000000000000000e+00,-1.000000000000000000e+00,-1.000000000000000000e+00,-1.000000000000000000e+00,-1.000000000000000000e+00,-1.000000000000000000e+00,-1.000000000000000000e+00,-1.000000000000000000e+00,-1.000000000000000000e+00,-1.000000000000000000e+00,-1.000000000000000000e+00,-1.000000000000000000e+00,-1.000000000000000000e+00,-1.000000000000000000e+00,-1.000000000000000000e+00,-1.000000000000000000e+00,-1.000000000000000000e+00,-1.000000000000000000e+00,-1.000000000000000000e+00,-1.000000000000000000e+00,-1.000000000000000000e+00,-1.000000000000000000e+00,-1.000000000000000000e+00
-1.000000000000000000e+00,-1.000000000000000000e+00,-1.000000000000000000e+00,-1.000000000000000000e+00,-1.000000000000000000e+00,-1.000000000000000000e+00,-1.000000000000000000e+00,-1.000000000000000000e+00,-1.000000000000000000e+00,-1.000000000000000000e+00,-1.000000000000000000e+00,-1.000000000000000000e+00,-1.000000000000000000e+00,-1.000000000000000000e+00,-1.000000000000000000e+00,-1.000000000000000000e+00,-1.000000000000000000e+00,-1.000000000000000000e+00,-1.000000000000000000e+00,-1.000000000000000000e+00,-1.000000000000000000e+00,-1.000000000000000000e+00,-1.000000000000000000e+00,-1.000000000000000000e+00,-1.000000000000000000e+00,-1.000000000000000000e+00,-1.000000000000000000e+00,-1.000000000000000000e+00,-1.000000000000000000e+00,-1.000000000000000000e+00,-1.000000000000000000e+00,-1.000000000000000000e+00,-1.000000000000000000e+00,-1.000000000000000000e+00,-1.000000000000000000e+00,-1.000000000000000000e+00,-1.000000000000000000e+00,-1.000000000000000000e+00,-1.000000000000000000e+00,-1.000000000000000000e+00,-1.000000000000000000e+00,-1.000000000000000000e+00,-1.207925654894075773e+00,-1.207730631898593199e+00,-1.207127404605320864e+00,-1.206060921284901166e+00,-1.204437523827094125e+00,-1.202122154124616760e+00,-1.198934584926296454e+00,-1.194644849804322950e+00,-1.188968150518316724e+00,-1.181559676010581983e+00,-1.172010004095049629e+00,-1.159842115694938336e+00,-1.144511591738432310e+00,-1.125412368347908476e+00,-1.101891607685145047e+00,-1.073278935261155809e+00,-1.038937635418116123e+00,-9.983484466405259106e-01,-9.512401543567871043e-01,-8.977843222700832015e-01,-8.388715836200177911e-01,-7.764773224197591972e-01,-7.140899601704266964e-01,-6.570811989942242359e-01,-6.126701459645781389e-01,-5.886139330710471462e-01,-5.886139330364783540e-01,-6.126701458682886070e-01,-6.570811988546699789e-01,-7.140899600067847075e-01,-7.764773222427364674e-01,-8.388715834290340068e-01,-8.977843220557761850e-01,-9.512401541075115041e-01,-9.983484463509700868e-01,-1.038937635094671297e+00,-1.073278934919308369e+00,-1.101891607342229351e+00,-1.125412368015427989e+00,-1.144511591419049568e+00,-1.159842115386291006e+00,-1.172010003787250509e+00,-1.181559675690589284e+00,-1.188968150176990202e+00,-1.194644849438001311e+00,-1.198934584545388260e+00,-1.202122153745475597e+00,-1.204437523461949988e+00,-1.206060920931015579e+00,-1.207127404262787307e+00,-1.207730631580892444e+00,-1.207925654603895893e+00,-1.000000000000000000e+00,-1.000000000000000000e+00,-1.000000000000000000e+00,-1.000000000000000000e+00,-1.000000000000000000e+00,-1.000000000000000000e+00,-1.000000000000000000e+00,-1.000000000000000000e+00,-1.000000000000000000e+00,-1.000000000000000000e+00,-1.000000000000000000e+00,-1.000000000000000000e+00,-1.000000000000000000e+00,-1.000000000000000000e+00,-1.000000000000000000e+00,-1.000000000000000000e+00,-1.000000000000000000e+00,-1.000000000000000000e+00,-1.000000000000000000e+00,-1.000000000000000000e+00,-1.000000000000000000e+00,-1.000000000000000000e+00,-1.000000000000000000e+00,-1.000000000000000000e+00,-1.000000000000000000e+00,-1.000000000000000000e+00,-1.000000000000000000e+00,-1.000000000000000000e+00,-1.000000000000000000e+00,-1.000000000000000000e+00,-1.000000000000000000e+00,-1.000000000000000000e+00,-1.000000000000000000e+00,-1.000000000000000000e+00,-1.000000000000000000e+00,-1.000000000000000000e+00,-1.000000000000000000e+00,-1.000000000000000000e+00,-1.000000000000000000e+00,-1.000000000000000000e+00,-1.000000000000000000e+00,-1.000000000000000000e+00
-1.000000000000000000e+00,-1.000000000000000000e+00,-1.000000000000000000e+00,-1.000000000000000000e+00,-1.000000000000000000e+00,-1.000000000000000000e+00,-1.000000000000000000e+00,-1.000000000000000000e+00,-1.000000000000000000e+00,-1.000000000000000000e+00,-1.000000000000000000e+00,-1.000000000000000000e+00,-1.000000000000000000e+00,-1.000000000000000000e+00,-1.000000000000000000e+00,-1.000000000000000000e+00,-1.000000000000000000e+00,-1.000000000000000000e+00,-1.000000000000000000e+00,-1.000000000000000000e+00,-1.000000000000000000e+00,-1.000000000000000000e+00,-1.000000000000000000e+00,-1.000000000000000000e+00,-1.000000000000000000e+00,-1.000000000000000000e+00,-1.000000000000000000e+00,-1.000000000000000000e+00,-1.000000000000000000e+00,-1.000000000000000000e+00,-1.000000000000000000e+00,-1.000000000000000000e+00,-1.000000000000000000e+00,-1.000000000000000000e+00,-1.000000000000000000e+00,-1.000000000000000000e+00,-1.000000000000000000e+00,-1.000000000000000000e+00,-1.000000000000000000e+00,-1.000000000000000000e+00,-1.000000000000000000e+00,-1.000000000000000000e+00,-1.208171230322810485e+00,-1.207976338603014232e+00,-1.207373515000068620e+00,-1.206307737655007983e+00,-1.204685399279281866e+00,-1.202371515065929319e+00,-1.199185955578113694e+00,-1.194898879180904983e+00,-1.189225642125074645e+00,-1.181821620299404296e+00,-1.172277613325558354e+00,-1.160116860285829166e+00,-1.144795236326811905e+00,-1.125707004460990035e+00,-1.102199677995463256e+00,-1.073603241509546669e+00,-1.039281317922392089e+00,-9.987149174993522616e-01,-9.516329587418670410e-01,-8.982068928669481034e-01,-8.393268440919217088e-01,-7.769670921498306182e-01,-7.146141283096705266e-01,-6.576367033830569087e-01,-6.132499841518259664e-01,-5.892069054023286734e-01,-5.892069053477124729e-01,-6.132499840019964843e-01,-6.576367031737665458e-01,-7.146141280810387464e-01,-7.769670919302297252e-01,-8.393268438900850503e-01,-8.982068926715729429e-01,-9.516329585281466663e-01,-9.987149172419605980e-01,-1.039281317608442778e+00,-1.073603241144504006e+00,-1.102199677599252192e+00,-1.125707004058269067e+00,-1.144795235938330435e+00,-1.160116859923715271e+00,-1.172277612987661755e+00,-1.181821619974502635e+00,-1.189225641796627375e+00,-1.194898878830557454e+00,-1.199185955200988918e+00,-1.202371514667849972e+00,-1.204685398877214597e+00,-1.206307737259560087e+00,-1.207373514631800759e+00,-1.207976338295237761e+00,-1.208171230050738787e+00,-1.000000000000000000e+00,-1.000000000000000000e+00,-1.000000000000000000e+00,-1.000000000000000000e+00,-1.000000000000000000e+00,-1.000000000000000000e+00,-1.000000000000000000e+00,-1.000000000000000000e+00,-1.000000000000000000e+00,-1.000000000000000000e+00,-1.000000000000000000e+00,-1.000000000000000000e+00,-1.000000000000000000e+00,-1.000000000000000000e+00,-1.000000000000000000e+00,-1.000000000000000000e+00,-1.000000000000000000e+00,-1.000000000000000000e+00,-1.000000000000000000e+00,-1.000000000000000000e+00,-1.000000000000000000e+00,-1.000000000000000000e+00,-1.000000000000000000e+00,-1.000000000000000000e+00,-1.000000000000000000e+00,-1.000000000000000000e+00,-1.000000000000000000e+00,-1.000000000000000000e+00,-1.000000000000000000e+00,-1.000000000000000000e+00,-1.000000000000000000e+00,-1.000000000000000000e+00,-1.000000000000000000e+00,-1.000000000000000000e+00,-1.000000000000000000e+00,-1.000000000000000000e+00,-1.000000000000000000e+00,-1.000000000000000000e+00,-1.000000000000000000e+00,-1.000000000000000000e+00,-1.000000000000000000e+00,-1.000000000000000000e+00
-1.000000000000000000e+00,-1.000000000000000000e+00,-1.000000000000000000e+00,-1.000000000000000000e+00,-1.000000000000000000e+00,-1.000000000000000000e+00,-1.000000000000000000e+00,-1.000000000000000000e+00,-1.000000000000000000e+00,-1.000000000000000000e+00,-1.000000000000000000e+00,-1.000000000000000000e+00,-1.000000000000000000e+00,-1.000000000000000000e+00,-1.000000000000000000e+00,-1.000000000000000000e+00,-1.000000000000000000e+00,-1.000000000000000000e+00,-1.000000000000000000e+00,-1.000000000000000000e+00,-1.000000000000000000e+00,-1.000000000000000000e+00,-1.000000000000000000e+00,-1.000000000000000000e+00,-1.000000000000000000e+00,-1.000000000000000000e+00,-1.000000000000000000e+00,-1.000000000000000000e+00,-1.000000000000000000e+00,-1.000000000000000000e+00,-1.000000000000000000e+00,-1.000000000000000000e+00,-1.000000000000000000e+00,-1.000000000000000000e+00,-1.000000000000000000e+00,-1.000000000000000000e+00,-1.000000000000000000e+00,-1.000000000000000000e+00,-1.000000000000000000e+00,-1.000000000000000000e+00,-1.000000000000000000e+00,-1.000000000000000000e+00,-1.208253072596225053e+00,-1.208058224566730621e+00,-1.207455535328015639e+00,-1.206389992978214254e+00,-1.204768007157378529e+00,-1.202454617476244270e+00,-1.199269727082743264e+00,-1.194983535922188311e+00,-1.189311451724782032e+00,-1.181908912674507039e+00,-1.172366792299187166e+00,-1.160208415692403072e+00,-1.144889756030351702e+00,-1.125805185249119544e+00,-1.102302333668496725e+00,-1.073711305526773296e+00,-1.039395836579169341e+00,-9.988370276784820367e-01,-9.517638417085594327e-01,-8.983476924618210013e-01,-8.394785346137331183e-01,-7.771302800147941170e-01,-7.147887768323355484e-01,-6.578217925260192445e-01,-6.134431809526113000e-01,-5.894044783261515041e-01,-5.894044782514330505e-01,-6.134431807469370446e-01,-6.578217922381890403e-01,-7.147887765220020118e-01,-7.771302797317364286e-01,-8.394785343828506941e-01,-8.983476922766425732e-01,-9.517638415370296423e-01,-9.988370274800741910e-01,-1.039395836322194899e+00,-1.073711305198788990e+00,-1.102302333276814039e+00,-1.125805184815251492e+00,-1.144889755584671542e+00,-1.160208415265516990e+00,-1.172366791908968642e+00,-1.181908912322068517e+00,-1.189311451390989927e+00,-1.194983535577923472e+00,-1.199269726713336315e+00,-1.202454617080402688e+00,-1.204768006749580067e+00,-1.206389992565514380e+00,-1.207455534926217267e+00,-1.208058224231372879e+00,-1.208253072301726849e+00,-1.000000000000000000e+00,-1.000000000000000000e+00,-1.000000000000000000e+00,-1.000000000000000000e+00,-1.000000000000000000e+00,-1.000000000000000000e+00,-1.000000000000000000e+00,-1.000000000000000000e+00,-1.000000000000000000e+00,-1.000000000000000000e+00,-1.000000000000000000e+00,-1.000000000000000000e+00,-1.000000000000000000e+00,-1.000000000000000000e+00,-1.000000000000000000e+00,-1.000000000000000000e+00,-1.000000000000000000e+00,-1.000000000000000000e+00,-1.000000000000000000e+00,-1.000000000000000000e+00,-1.000000000000000000e+00,-1.000000000000000000e+00,-1.000000000000000000e+00,-1.000000000000000000e+00,-1.000000000000000000e+00,-1.000000000000000000e+00,-1.000000000000000000e+00,-1.000000000000000000e+00,-1.000000000000000000e+00,-1.000000000000000000e+00,-1.000000000000000000e+00,-1.000000000000000000e+00,-1.000000000000000000e+00,-1.000000000000000000e+00,-1.000000000000000000e+00,-1.000000000000000000e+00,-1.000000000000000000e+00,-1.000000000000000000e+00,-1.000000000000000000e+00,-1.000000000000000000e+00,-1.000000000000000000e+00,-1.000000000000000000e+00
